ring_id,ring_type,cycle_accounts,entity_count,composite_score,cluster_volume,description
RING-MERCH-0101,MERCHANT_SETTLEMENT_COLLUSION,MCH3037 -> MCH3037 -> MCH9049 -> MCH1118,4,1.0,109620.29,"Shared bank settlement account XXXX1304 across 4 merchants: Gokhale Plc, Gokhale Plc, Badami, Pathak And Murty"
RING-MERCH-0130,MERCHANT_SETTLEMENT_COLLUSION,MCH1098 -> MCH2016,2,0.9,31544.54,"Shared bank settlement account XXXX3614 across 2 merchants: Raval, Yadav And Yogi, Amble, Yadav And Dube"
RING-MERCH-0049,MERCHANT_SETTLEMENT_COLLUSION,MCH7932 -> MCH7932,2,0.9,84058.99,"Shared bank settlement account AUYT1495828220876 across 2 merchants: Sethi Ltd, Sethi Ltd"
RING-MERCH-0089,MERCHANT_SETTLEMENT_COLLUSION,MCH2696 -> MCH2696 -> MCH1664,3,0.85,70737.82,"Shared bank settlement account XXXX0248 across 3 merchants: Dave, Chaudhari And Bhatti, Dave, Chaudhari And Bhatti, Karan Ltd"
RING-MERCH-0157,MERCHANT_SETTLEMENT_COLLUSION,MCH4230 -> MCH3180 -> MCH3945,3,0.85,47669.61,"Shared bank settlement account XXXX6774 across 3 merchants: Jha Group, Sanghvi And S0Ns, Mukhopadhyay Raghavan"
RING-MERCH-0167,MERCHANT_SETTLEMENT_COLLUSION,MCH3454 -> MCH5736 -> MCH5736,3,0.85,64359.39,"Shared bank settlement account XXXX7731 across 3 merchants: Rajagopal Wason, Agate Llc, Agate Llc"
RING-MERCH-0132,MERCHANT_SETTLEMENT_COLLUSION,MCH4637 -> MCH1032 -> MCH1032,3,0.85,52904.51,"Shared bank settlement account XXXX4099 across 3 merchants: Mitter Pandya, Manda Hayer, Manda Hayer"
RING-MERCH-0177,MERCHANT_SETTLEMENT_COLLUSION,MCH8537 -> MCH8537 -> MCH7580,3,0.85,4146.34,"Shared bank settlement account XXXX8286 across 3 merchants: Mital And Sons, Mital And Sons, Dhaliwal Shankar"
RING-MERCH-0169,MERCHANT_SETTLEMENT_COLLUSION,MCH8053 -> MCH8053 -> MCH8614,3,0.85,96348.17,"Shared bank settlement account XXXX7777 across 3 merchants: Chhabra Inc, Chhabra Inc, Basu Gola"
RING-DISPUTE-1551,COORDINATED_DISPUTE_NETWORK,USR71235 -> USR22336 -> USR34262 -> MCH6678,4,0.75,48587.39,Dense dispute cluster of 4 interconnected accounts across chargebacks.
RING-DISPUTE-1544,COORDINATED_DISPUTE_NETWORK,USR19007 -> MCH5177 -> USR84407 -> USR16058,4,0.75,48676.14,Dense dispute cluster of 4 interconnected accounts across chargebacks.
RING-DISPUTE-1545,COORDINATED_DISPUTE_NETWORK,USR23730 -> USR14312 -> MCH6973 -> USR69178,4,0.75,31178.43,Dense dispute cluster of 4 interconnected accounts across chargebacks.
RING-DISPUTE-1546,COORDINATED_DISPUTE_NETWORK,USR45648 -> MCH1744 -> USR22920 -> USR30959,4,0.75,29529.19,Dense dispute cluster of 4 interconnected accounts across chargebacks.
RING-DISPUTE-1547,COORDINATED_DISPUTE_NETWORK,USR65839 -> MCH4067 -> USR36986 -> USR83092,4,0.75,19823.92,Dense dispute cluster of 4 interconnected accounts across chargebacks.
RING-DISPUTE-1548,COORDINATED_DISPUTE_NETWORK,USR59418 -> MCH3587 -> USR30469 -> USR66939,4,0.75,19639.72,Dense dispute cluster of 4 interconnected accounts across chargebacks.
RING-DISPUTE-1550,COORDINATED_DISPUTE_NETWORK,MCH1080 -> MCH7481 -> USR23949 -> USR56298,4,0.75,42318.34,Dense dispute cluster of 4 interconnected accounts across chargebacks.
RING-DISPUTE-1567,COORDINATED_DISPUTE_NETWORK,MCH4426 -> MCH4059 -> USR25501 -> USR94218,4,0.75,37558.35,Dense dispute cluster of 4 interconnected accounts across chargebacks.
RING-DISPUTE-1552,COORDINATED_DISPUTE_NETWORK,USR36829 -> USR48829 -> USR56428 -> MCH1508,4,0.75,47494.01,Dense dispute cluster of 4 interconnected accounts across chargebacks.
RING-DISPUTE-1560,COORDINATED_DISPUTE_NETWORK,MCH3549 -> USR52604 -> USR93864 -> USR30005,4,0.75,47166.97,Dense dispute cluster of 4 interconnected accounts across chargebacks.
RING-DISPUTE-1566,COORDINATED_DISPUTE_NETWORK,MCH2497 -> USR32125 -> USR37202 -> USR29739,4,0.75,31185.47,Dense dispute cluster of 4 interconnected accounts across chargebacks.
RING-DISPUTE-1565,COORDINATED_DISPUTE_NETWORK,USR10365 -> USR62989 -> USR93454 -> MCH1195,4,0.75,33144.76,Dense dispute cluster of 4 interconnected accounts across chargebacks.
RING-DISPUTE-1564,COORDINATED_DISPUTE_NETWORK,MCH3285 -> USR48012 -> USR39980 -> USR26389,4,0.75,34773.21,Dense dispute cluster of 4 interconnected accounts across chargebacks.
RING-DISPUTE-1563,COORDINATED_DISPUTE_NETWORK,MCH4669 -> USR54294 -> MCH1089 -> USR20097,4,0.75,38186.1,Dense dispute cluster of 4 interconnected accounts across chargebacks.
RING-DISPUTE-1562,COORDINATED_DISPUTE_NETWORK,USR89800 -> USR68914 -> USR97571 -> MCH3520,4,0.75,50843.64,Dense dispute cluster of 4 interconnected accounts across chargebacks.
RING-DISPUTE-1553,COORDINATED_DISPUTE_NETWORK,MCH5530 -> USR52174 -> USR84915 -> USR84883,4,0.75,39055.03,Dense dispute cluster of 4 interconnected accounts across chargebacks.
RING-DISPUTE-1561,COORDINATED_DISPUTE_NETWORK,USR18716 -> USR33647 -> MCH9506 -> MCH5134,4,0.75,22570.37,Dense dispute cluster of 4 interconnected accounts across chargebacks.
RING-DISPUTE-1559,COORDINATED_DISPUTE_NETWORK,USR52672 -> USR49397 -> USR83281 -> MCH2179,4,0.75,21531.1,Dense dispute cluster of 4 interconnected accounts across chargebacks.
RING-DISPUTE-1558,COORDINATED_DISPUTE_NETWORK,USR60393 -> MCH6796 -> USR52158 -> MCH4981,4,0.75,35408.76,Dense dispute cluster of 4 interconnected accounts across chargebacks.
RING-DISPUTE-1557,COORDINATED_DISPUTE_NETWORK,USR36102 -> MCH5278 -> USR17860 -> USR23485,4,0.75,45200.09,Dense dispute cluster of 4 interconnected accounts across chargebacks.
RING-DISPUTE-1556,COORDINATED_DISPUTE_NETWORK,MCH6365 -> USR60002 -> USR30438 -> MCH3232,4,0.75,61274.48,Dense dispute cluster of 4 interconnected accounts across chargebacks.
RING-DISPUTE-1555,COORDINATED_DISPUTE_NETWORK,MCH3208 -> MCH7269 -> USR99049 -> USR37899,4,0.75,19677.94,Dense dispute cluster of 4 interconnected accounts across chargebacks.
RING-DISPUTE-1554,COORDINATED_DISPUTE_NETWORK,USR61021 -> MCH4302 -> MCH2942 -> USR63885,4,0.75,27869.5,Dense dispute cluster of 4 interconnected accounts across chargebacks.
RING-DISPUTE-1549,COORDINATED_DISPUTE_NETWORK,USR20637 -> MCH4243 -> USR42648 -> USR65826,4,0.75,48177.37,Dense dispute cluster of 4 interconnected accounts across chargebacks.
RING-SYNTH-1043,SYNTHETIC_IDENTITY_MULE_RING,USR87882 -> USR87882,2,0.7,0.0,"Duplicate PAN document shared across 2 customer profiles: Ekaja Dey, Ekaja Dey"
RING-SYNTH-1042,SYNTHETIC_IDENTITY_MULE_RING,USR68718 -> USR68718,2,0.7,-17351.8,"Duplicate PAN document shared across 2 customer profiles: Eshana Kannan, Eshana Kannan"
RING-SYNTH-1041,SYNTHETIC_IDENTITY_MULE_RING,USR68998 -> USR68998,2,0.7,0.0,"Duplicate PAN document shared across 2 customer profiles: Daksha Agarwal, Daksha Agarwal"
RING-SYNTH-1040,SYNTHETIC_IDENTITY_MULE_RING,USR85174 -> USR85174,2,0.7,0.0,"Duplicate PAN document shared across 2 customer profiles: Charles Goswami, Charles Goswami"
RING-SYNTH-1038,SYNTHETIC_IDENTITY_MULE_RING,USR95322 -> USR95322,2,0.7,20193.41,"Duplicate PAN document shared across 2 customer profiles: Advik Sahota, Advik Sahota"
RING-SYNTH-1039,SYNTHETIC_IDENTITY_MULE_RING,USR42498 -> USR42498,2,0.7,1886.59,"Duplicate PAN document shared across 2 customer profiles: Jackson Bajaj, Jackson Bajaj"
RING-SYNTH-1029,SYNTHETIC_IDENTITY_MULE_RING,USR64763 -> USR64763,2,0.7,0.0,"Duplicate PAN document shared across 2 customer profiles: Watika Sani, Watika Sani"
RING-SYNTH-1037,SYNTHETIC_IDENTITY_MULE_RING,USR54005 -> USR54005,2,0.7,0.0,"Duplicate PAN document shared across 2 customer profiles: Amrita Mukhopadhyay, Amrita Mukhopadhyay"
RING-SYNTH-1036,SYNTHETIC_IDENTITY_MULE_RING,USR56508 -> USR56508,2,0.7,0.0,"Duplicate PAN document shared across 2 customer profiles: Gaurang Golla, Gaurang Golla"
RING-SYNTH-1035,SYNTHETIC_IDENTITY_MULE_RING,USR99390 -> USR99390,2,0.7,2128.31,"Duplicate PAN document shared across 2 customer profiles: Utkarsh Walla, Utkarsh Walla"
RING-SYNTH-1034,SYNTHETIC_IDENTITY_MULE_RING,USR36426 -> USR36426,2,0.7,0.0,"Duplicate PAN document shared across 2 customer profiles: Odika Gaba, Odika Gaba"
RING-SYNTH-1033,SYNTHETIC_IDENTITY_MULE_RING,USR23907 -> USR23907,2,0.7,0.0,"Duplicate PAN document shared across 2 customer profiles: Chaman Issac, Chaman Issac"
RING-SYNTH-1032,SYNTHETIC_IDENTITY_MULE_RING,USR18361 -> USR18361,2,0.7,0.0,"Duplicate PAN document shared across 2 customer profiles: Daksha Sachar, Daksha Sachar"
RING-SYNTH-1031,SYNTHETIC_IDENTITY_MULE_RING,USR39820 -> USR39820,2,0.7,0.0,"Duplicate PAN document shared across 2 customer profiles: Nandini Dugar, Nandini Dugar"
RING-SYNTH-1030,SYNTHETIC_IDENTITY_MULE_RING,USR88249 -> USR88249,2,0.7,0.0,"Duplicate PAN document shared across 2 customer profiles: Vedhika Ramaswamy, Vedhika Ramaswamy"
RING-SYNTH-1045,SYNTHETIC_IDENTITY_MULE_RING,USR69845 -> USR69845,2,0.7,0.0,"Duplicate PAN document shared across 2 customer profiles: Chandresh Kalla, Chandresh Kalla"
RING-SYNTH-1044,SYNTHETIC_IDENTITY_MULE_RING,USR23715 -> USR23715,2,0.7,5436.43,"Duplicate PAN document shared across 2 customer profiles: Tanmayi Shanker, Tanmayi Shanker"
RING-SYNTH-1057,SYNTHETIC_IDENTITY_MULE_RING,USR77426 -> USR77426,2,0.7,0.0,"Duplicate PAN document shared across 2 customer profiles: Samar Bassi, Samar Bassi"
RING-SYNTH-1046,SYNTHETIC_IDENTITY_MULE_RING,USR78757 -> USR78757,2,0.7,0.0,"Duplicate PAN document shared across 2 customer profiles: Triya Krishna, Triya Krishna"
RING-SYNTH-1058,SYNTHETIC_IDENTITY_MULE_RING,USR81058 -> USR81058,2,0.7,0.0,"Duplicate PAN document shared across 2 customer profiles: Avi Chhabra, Avi Chhabra"
RING-SYNTH-1067,SYNTHETIC_IDENTITY_MULE_RING,USR61057 -> USR61057,2,0.7,0.0,"Duplicate PAN document shared across 2 customer profiles: Samarth Buch, Samarth Buch"
RING-SYNTH-1066,SYNTHETIC_IDENTITY_MULE_RING,USR67424 -> USR67424,2,0.7,0.0,"Duplicate PAN document shared across 2 customer profiles: Bhanumati Narain, Bhanumati Narain"
RING-SYNTH-1065,SYNTHETIC_IDENTITY_MULE_RING,USR96205 -> USR96205,2,0.7,17865.26,"Duplicate PAN document shared across 2 customer profiles: Amara Bajwa, Amara Bajwa"
RING-SYNTH-1064,SYNTHETIC_IDENTITY_MULE_RING,USR66154 -> USR66154,2,0.7,0.0,"Duplicate PAN document shared across 2 customer profiles: Damyanti Bath, Damyanti Bath"
RING-SYNTH-1063,SYNTHETIC_IDENTITY_MULE_RING,USR75835 -> USR75835,2,0.7,17339.74,"Duplicate PAN document shared across 2 customer profiles: Ronithvenkatesh, Ronithvenkatesh"
RING-SYNTH-1062,SYNTHETIC_IDENTITY_MULE_RING,USR23369 -> USR23369,2,0.7,0.0,"Duplicate PAN document shared across 2 customer profiles: Garima Mammen, Garima Mammen"
RING-SYNTH-1061,SYNTHETIC_IDENTITY_MULE_RING,USR87969 -> USR87969,2,0.7,34935.69,"Duplicate PAN document shared across 2 customer profiles: Adweta Jayaraman, Adweta Jayaraman"
RING-SYNTH-1060,SYNTHETIC_IDENTITY_MULE_RING,USR11479 -> USR11479,2,0.7,0.0,"Duplicate PAN document shared across 2 customer profiles: Nidhi Chatterjee, Nidhi Chatterjee"
RING-SYNTH-1059,SYNTHETIC_IDENTITY_MULE_RING,USR15771 -> USR15771,2,0.7,13838.75,"Duplicate PAN document shared across 2 customer profiles: Bhavna Lata, Bhavna Lata"
RING-SYNTH-1027,SYNTHETIC_IDENTITY_MULE_RING,USR86229 -> USR86229,2,0.7,9946.0,"Duplicate PAN document shared across 2 customer profiles: Odikadin, Odikadin"
RING-SYNTH-1047,SYNTHETIC_IDENTITY_MULE_RING,USR77609 -> USR77609,2,0.7,0.0,"Duplicate PAN document shared across 2 customer profiles: Wriddhish Maharaj, Wriddhish Maharaj"
RING-SYNTH-1056,SYNTHETIC_IDENTITY_MULE_RING,USR70352 -> USR70352,2,0.7,0.0,"Duplicate PAN document shared across 2 customer profiles: Manthan Singhal, Manthan Singhal"
RING-SYNTH-1055,SYNTHETIC_IDENTITY_MULE_RING,USR25788 -> USR25788,2,0.7,0.0,"Duplicate PAN document shared across 2 customer profiles: Urvi Chaudhuri, Urvi Chaudhuri"
RING-SYNTH-1054,SYNTHETIC_IDENTITY_MULE_RING,USR82534 -> USR82534,2,0.7,0.0,"Duplicate PAN document shared across 2 customer profiles: Ekalinga Deep, Ekalinga Deep"
RING-SYNTH-1053,SYNTHETIC_IDENTITY_MULE_RING,USR31057 -> USR31057,2,0.7,0.0,"Duplicate PAN document shared across 2 customer profiles: Chakradhar Roy, Chakradhar Roy"
RING-SYNTH-1052,SYNTHETIC_IDENTITY_MULE_RING,USR78415 -> USR78415,2,0.7,0.0,"Duplicate PAN document shared across 2 customer profiles: Nihal Das, Nihal Das"
RING-SYNTH-1051,SYNTHETIC_IDENTITY_MULE_RING,USR49927 -> USR49927,2,0.7,0.0,"Duplicate PAN document shared across 2 customer profiles: Frado Kothari, Frado Kothari"
RING-SYNTH-1050,SYNTHETIC_IDENTITY_MULE_RING,USR70544 -> USR70544,2,0.7,0.0,"Duplicate PAN document shared across 2 customer profiles: Jai Wali, Jai Wali"
RING-SYNTH-1049,SYNTHETIC_IDENTITY_MULE_RING,USR93280 -> USR93280,2,0.7,0.0,"Duplicate PAN document shared across 2 customer profiles: Madhavi Pal, Madhavi Pal"
RING-SYNTH-1048,SYNTHETIC_IDENTITY_MULE_RING,USR12494 -> USR12494,2,0.7,0.0,"Duplicate PAN document shared across 2 customer profiles: Nidhi Subramanian, Nidhi Subramanian"
RING-SYNTH-1028,SYNTHETIC_IDENTITY_MULE_RING,USR98750 -> USR98750,2,0.7,0.0,"Duplicate PAN document shared across 2 customer profiles: Gaurangi Saran, Gaurangi Saran"
RING-SYNTH-1015,SYNTHETIC_IDENTITY_MULE_RING,USR23623 -> USR23623,2,0.7,0.0,"Duplicate PAN document shared across 2 customer profiles: Zansi Varghese, Zansi Varghese"
RING-SYNTH-1026,SYNTHETIC_IDENTITY_MULE_RING,USR70939 -> USR70939,2,0.7,0.0,"Duplicate PAN document shared across 2 customer profiles: Forum Vora, Forum Vora"
RING-SYNTH-1025,SYNTHETIC_IDENTITY_MULE_RING,USR18184 -> USR18184,2,0.7,0.0,"Duplicate PAN document shared across 2 customer profiles: Zehaan Bhardwaj, Zehaan Bhardwaj"
RING-SYNTH-1000,SYNTHETIC_IDENTITY_MULE_RING,USR40670 -> USR40670,2,0.7,0.0,"Duplicate PAN document shared across 2 customer profiles: Bhanumati Sridhar, Bhanumati Sridhar"
RING-SYNTH-0999,SYNTHETIC_IDENTITY_MULE_RING,USR27112 -> USR27112,2,0.7,15077.54,"Duplicate PAN document shared across 2 customer profiles: Dayita Venkatesh, Dayita Venkatesh"
RING-SYNTH-0998,SYNTHETIC_IDENTITY_MULE_RING,USR34181 -> USR34181,2,0.7,0.0,"Duplicate PAN document shared across 2 customer profiles: Chatresh Bajaj, Chatresh Bajaj"
RING-SYNTH-0997,SYNTHETIC_IDENTITY_MULE_RING,USR10900 -> USR10900,2,0.7,0.0,"Duplicate PAN document shared across 2 customer profiles: Gautam Deep, Gautam Deep"
RING-SYNTH-0996,SYNTHETIC_IDENTITY_MULE_RING,USR10593 -> USR10593,2,0.7,958.38,"Duplicate PAN document shared across 2 customer profiles: Rishi Kashyap, Rishi Kashyap"
RING-SYNTH-0995,SYNTHETIC_IDENTITY_MULE_RING,USR84363 -> USR84363,2,0.7,0.0,"Duplicate PAN document shared across 2 customer profiles: Ojasvi Lad, Ojasvi Lad"
RING-SYNTH-0994,SYNTHETIC_IDENTITY_MULE_RING,USR57231 -> USR57231,2,0.7,0.0,"Duplicate PAN document shared across 2 customer profiles: Xavier Mann, Xavier Mann"
RING-SYNTH-0993,SYNTHETIC_IDENTITY_MULE_RING,USR37276 -> USR37276,2,0.7,1670.43,"Duplicate PAN document shared across 2 customer profiles: Zayan Goel, Zayan Goel"
RING-SYNTH-0992,SYNTHETIC_IDENTITY_MULE_RING,USR94754 -> USR94754,2,0.7,0.0,"Duplicate PAN document shared across 2 customer profiles: Charita Anne, Charita Anne"
RING-SYNTH-0991,SYNTHETIC_IDENTITY_MULE_RING,USR47471 -> USR47471,2,0.7,0.0,"Duplicate PAN document shared across 2 customer profiles: William Datta, William Datta"
RING-SYNTH-0990,SYNTHETIC_IDENTITY_MULE_RING,USR55883 -> USR55883,2,0.7,0.0,"Duplicate PAN document shared across 2 customer profiles: Janaki Gour, Janaki Gour"
RING-SYNTH-0989,SYNTHETIC_IDENTITY_MULE_RING,USR47677 -> USR47677,2,0.7,0.0,"Duplicate PAN document shared across 2 customer profiles: Karan Minhas, Karan Minhas"
RING-SYNTH-0988,SYNTHETIC_IDENTITY_MULE_RING,USR99535 -> USR99535,2,0.7,0.0,"Duplicate PAN document shared across 2 customer profiles: Baghyawati Thaker, Baghyawati Thaker"
RING-SYNTH-0987,SYNTHETIC_IDENTITY_MULE_RING,USR16969 -> USR16969,2,0.7,0.0,"Duplicate PAN document shared across 2 customer profiles: Michael Sant, Michael Sant"
RING-SYNTH-0986,SYNTHETIC_IDENTITY_MULE_RING,USR97910 -> USR97910,2,0.7,0.0,"Duplicate PAN document shared across 2 customer profiles: Vanya Char, Vanya Char"
RING-SYNTH-0985,SYNTHETIC_IDENTITY_MULE_RING,USR42576 -> USR42576,2,0.7,0.0,"Duplicate PAN document shared across 2 customer profiles: Arunima Chacko, Arunima Chacko"
RING-SYNTH-0984,SYNTHETIC_IDENTITY_MULE_RING,USR55462 -> USR55462,2,0.7,9702.25,"Duplicate PAN document shared across 2 customer profiles: Balvan Arya, Balvan Arya"
RING-SYNTH-0983,SYNTHETIC_IDENTITY_MULE_RING,USR16339 -> USR16339,2,0.7,0.0,"Duplicate PAN document shared across 2 customer profiles: Aradhana Gole, Aradhana Gole"
RING-SYNTH-0982,SYNTHETIC_IDENTITY_MULE_RING,USR79007 -> USR79007,2,0.7,0.0,"Duplicate PAN document shared across 2 customer profiles: Gayathri Sant, Gayathri Sant"
RING-SYNTH-0981,SYNTHETIC_IDENTITY_MULE_RING,USR39737 -> USR39737,2,0.7,0.0,"Duplicate PAN document shared across 2 customer profiles: Dhriti Samra, Dhriti Samra"
RING-SYNTH-0980,SYNTHETIC_IDENTITY_MULE_RING,USR52208 -> USR52208,2,0.7,0.0,"Duplicate PAN document shared across 2 customer profiles: Tripti Bakshi, Tripti Bakshi"
RING-SYNTH-1001,SYNTHETIC_IDENTITY_MULE_RING,USR20804 -> USR20804,2,0.7,0.0,"Duplicate PAN document shared across 2 customer profiles: Ronith Verma, Ronith Verma"
RING-SYNTH-1002,SYNTHETIC_IDENTITY_MULE_RING,USR70894 -> USR70894,2,0.7,0.0,"Duplicate PAN document shared across 2 customer profiles: Chaitanya Mahajan, Chaitanya Mahajan"
RING-SYNTH-1003,SYNTHETIC_IDENTITY_MULE_RING,USR47148 -> USR47148,2,0.7,0.0,"Duplicate PAN document shared across 2 customer profiles: Luke Tella, Luke Tella"
RING-SYNTH-1069,SYNTHETIC_IDENTITY_MULE_RING,USR63723 -> USR63723,2,0.7,21952.06,"Duplicate PAN document shared across 2 customer profiles: Bakhshi Murty, Bakhshi Murty"
RING-SYNTH-1024,SYNTHETIC_IDENTITY_MULE_RING,USR47664 -> USR47664,2,0.7,0.0,"Duplicate PAN document shared across 2 customer profiles: Urmi Bumb, Urmi Bumb"
RING-SYNTH-1023,SYNTHETIC_IDENTITY_MULE_RING,USR36522 -> USR36522,2,0.7,0.0,"Duplicate PAN document shared across 2 customer profiles: Ekani Baral, Ekani Baral"
RING-SYNTH-1022,SYNTHETIC_IDENTITY_MULE_RING,USR79506 -> USR79506,2,0.7,0.0,"Duplicate PAN document shared across 2 customer profiles: Hitesh Narula, Hitesh Narula"
RING-SYNTH-1021,SYNTHETIC_IDENTITY_MULE_RING,USR78571 -> USR78571,2,0.7,0.0,"Duplicate PAN document shared across 2 customer profiles: Gautamisanghvi, Gautamisanghvi"
RING-SYNTH-1020,SYNTHETIC_IDENTITY_MULE_RING,USR32780 -> USR32780,2,0.7,12861.21,"Duplicate PAN document shared across 2 customer profiles: Madhavi Mistry, Madhavi Mistry"
RING-SYNTH-1019,SYNTHETIC_IDENTITY_MULE_RING,USR64021 -> USR64021,2,0.7,0.0,"Duplicate PAN document shared across 2 customer profiles: Gautam Sarkar, Gautam Sarkar"
RING-SYNTH-1018,SYNTHETIC_IDENTITY_MULE_RING,USR57423 -> USR57423,2,0.7,9619.75,"Duplicate PAN document shared across 2 customer profiles: Joshua Dube, Joshua Dube"
RING-SYNTH-1017,SYNTHETIC_IDENTITY_MULE_RING,USR21307 -> USR21307,2,0.7,0.0,"Duplicate PAN document shared across 2 customer profiles: Peter Baral, Peter Baral"
RING-SYNTH-1016,SYNTHETIC_IDENTITY_MULE_RING,USR81365 -> USR81365,2,0.7,0.0,"Duplicate PAN document shared across 2 customer profiles: Bakhshi Master, Bakhshi Master"
RING-SYNTH-1014,SYNTHETIC_IDENTITY_MULE_RING,USR40061 -> USR40061,2,0.7,0.0,"Duplicate PAN document shared across 2 customer profiles: Sai Rao, Sai Rao"
RING-SYNTH-1004,SYNTHETIC_IDENTITY_MULE_RING,USR27863 -> USR27863,2,0.7,0.0,"Duplicate PAN document shared across 2 customer profiles: Nidra Hans, Nidra Hans"
RING-SYNTH-1013,SYNTHETIC_IDENTITY_MULE_RING,USR46872 -> USR46872,2,0.7,0.0,"Duplicate PAN document shared across 2 customer profiles: Jagvivarghese, Jagvivarghese"
RING-SYNTH-1012,SYNTHETIC_IDENTITY_MULE_RING,USR53365 -> USR53365,2,0.7,0.0,"Duplicate PAN document shared across 2 customer profiles: Vihaan Palla, Vihaan Palla"
RING-SYNTH-1011,SYNTHETIC_IDENTITY_MULE_RING,USR79101 -> USR79101,2,0.7,0.0,"Duplicate PAN document shared across 2 customer profiles: Ikshita Dutt, Ikshita Dutt"
RING-SYNTH-1010,SYNTHETIC_IDENTITY_MULE_RING,USR20401 -> USR20401,2,0.7,0.0,"Duplicate PAN document shared across 2 customer profiles: Yagnesh Sarma, Yagnesh Sarma"
RING-SYNTH-1009,SYNTHETIC_IDENTITY_MULE_RING,USR67599 -> USR67599,2,0.7,0.0,"Duplicate PAN document shared across 2 customer profiles: Gautam Sunder, Gautam Sunder"
RING-SYNTH-1008,SYNTHETIC_IDENTITY_MULE_RING,USR44353 -> USR44353,2,0.7,0.0,"Duplicate PAN document shared across 2 customer profiles: Damyanti Kaul, Damyanti Kaul"
RING-SYNTH-1007,SYNTHETIC_IDENTITY_MULE_RING,USR73413 -> USR73413,2,0.7,9465.06,"Duplicate PAN document shared across 2 customer profiles: Andrew Tara, Andrew Tara"
RING-SYNTH-1006,SYNTHETIC_IDENTITY_MULE_RING,USR87690 -> USR87690,2,0.7,0.0,"Duplicate PAN document shared across 2 customer profiles: Amara Warrior, Amara Warrior"
RING-SYNTH-1005,SYNTHETIC_IDENTITY_MULE_RING,USR29201 -> USR29201,2,0.7,0.0,"Duplicate PAN document shared across 2 customer profiles: Jairaj Mukhopadhyay, Jairaj Mukhopadhyay"
RING-SYNTH-1068,SYNTHETIC_IDENTITY_MULE_RING,USR13096 -> USR13096,2,0.7,0.0,"Duplicate PAN document shared across 2 customer profiles: Gaurangi Das, Gaurangi Das"
RING-SYNTH-1083,SYNTHETIC_IDENTITY_MULE_RING,USR60411 -> USR60411,2,0.7,0.0,"Duplicate PAN document shared across 2 customer profiles: Anirudh Mukhopadhyay, Anirudh Mukhopadhyay"
RING-SYNTH-1070,SYNTHETIC_IDENTITY_MULE_RING,USR66395 -> USR66395,2,0.7,0.0,"Duplicate PAN document shared across 2 customer profiles: Arunima Lalla, Arunima Lalla"
RING-SYNTH-1119,SYNTHETIC_IDENTITY_MULE_RING,USR97611 -> USR97611,2,0.7,0.0,"Duplicate PAN document shared across 2 customer profiles: Divya Patel, Divya Patel"
RING-SYNTH-1141,SYNTHETIC_IDENTITY_MULE_RING,USR89681 -> USR89681,2,0.7,15277.55,"Duplicate PAN document shared across 2 customer profiles: Yoshita Mane, Yoshita Mane"
RING-SYNTH-1140,SYNTHETIC_IDENTITY_MULE_RING,USR95566 -> USR95566,2,0.7,12602.18,"Duplicate PAN document shared across 2 customer profiles: Ekta Goswami, Ekta Goswami"
RING-SYNTH-1139,SYNTHETIC_IDENTITY_MULE_RING,USR97130 -> USR97130,2,0.7,0.0,"Duplicate PAN document shared across 2 customer profiles: Chatreshjohal, Chatreshjohal"
RING-SYNTH-1138,SYNTHETIC_IDENTITY_MULE_RING,USR44629 -> USR44629,2,0.7,33822.26,"Duplicate PAN document shared across 2 customer profiles: Aishani Sur, Aishani Sur"
RING-SYNTH-1137,SYNTHETIC_IDENTITY_MULE_RING,USR49989 -> USR49989,2,0.7,0.0,"Duplicate PAN document shared across 2 customer profiles: Balvan Bandi, Balvan Bandi"
RING-SYNTH-1136,SYNTHETIC_IDENTITY_MULE_RING,USR33718 -> USR33718,2,0.7,0.0,"Duplicate PAN document shared across 2 customer profiles: Jack Khosla, Jack Khosla"
RING-SYNTH-1135,SYNTHETIC_IDENTITY_MULE_RING,USR65879 -> USR65879,2,0.7,0.0,"Duplicate PAN document shared across 2 customer profiles: Vedhika Munshi, Vedhika Munshi"
RING-SYNTH-1134,SYNTHETIC_IDENTITY_MULE_RING,USR86573 -> USR86573,2,0.7,0.0,"Duplicate PAN document shared across 2 customer profiles: Finn Wali, Finn Wali"
RING-SYNTH-1133,SYNTHETIC_IDENTITY_MULE_RING,USR85806 -> USR85806,2,0.7,0.0,"Duplicate PAN document shared across 2 customer profiles: Parth Kothari, Parth Kothari"
RING-SYNTH-1132,SYNTHETIC_IDENTITY_MULE_RING,USR99213 -> USR99213,2,0.7,0.0,"Duplicate PAN document shared across 2 customer profiles: Kabir Soman, Kabir Soman"
RING-SYNTH-1131,SYNTHETIC_IDENTITY_MULE_RING,USR93592 -> USR93592,2,0.7,2449.27,"Duplicate PAN document shared across 2 customer profiles: Triya De, Triya De"
RING-SYNTH-1130,SYNTHETIC_IDENTITY_MULE_RING,USR57479 -> USR57479,2,0.7,0.0,"Duplicate PAN document shared across 2 customer profiles: Mahika Karpe, Mahika Karpe"
RING-SYNTH-1129,SYNTHETIC_IDENTITY_MULE_RING,USR21376 -> USR21376,2,0.7,0.0,"Duplicate PAN document shared across 2 customer profiles: Yatin Behl, Yatin Behl"
RING-SYNTH-1128,SYNTHETIC_IDENTITY_MULE_RING,USR30314 -> USR30314,2,0.7,3940.26,"Duplicate PAN document shared across 2 customer profiles: Irya Palan, Irya Palan"
RING-SYNTH-1127,SYNTHETIC_IDENTITY_MULE_RING,USR43466 -> USR43466,2,0.7,0.0,"Duplicate PAN document shared across 2 customer profiles: Abhimanyu Kar, Abhimanyu Kar"
RING-SYNTH-1126,SYNTHETIC_IDENTITY_MULE_RING,USR92608 -> USR92608,2,0.7,0.0,"Duplicate PAN document shared across 2 customer profiles: Krish Sodhi, Krish Sodhi"
RING-SYNTH-1125,SYNTHETIC_IDENTITY_MULE_RING,USR95700 -> USR95700,2,0.7,0.0,"Duplicate PAN document shared across 2 customer profiles: Deepa Bhalla, Deepa Bhalla"
RING-SYNTH-1124,SYNTHETIC_IDENTITY_MULE_RING,USR17662 -> USR17662,2,0.7,0.0,"Duplicate PAN document shared across 2 customer profiles: Falak Mukhopadhyay, Falak Mukhopadhyay"
RING-SYNTH-1123,SYNTHETIC_IDENTITY_MULE_RING,USR22988 -> USR22988,2,0.7,0.0,"Duplicate PAN document shared across 2 customer profiles: Chavvi Mall, Chavvi Mall"
RING-SYNTH-1122,SYNTHETIC_IDENTITY_MULE_RING,USR26596 -> USR26596,2,0.7,0.0,"Duplicate PAN document shared across 2 customer profiles: Faqid Datta, Faqid Datta"
RING-SYNTH-1121,SYNTHETIC_IDENTITY_MULE_RING,USR96403 -> USR96403,2,0.7,4198.8,"Duplicate PAN document shared across 2 customer profiles: Faras Yogi, Faras Yogi"
RING-SYNTH-1142,SYNTHETIC_IDENTITY_MULE_RING,USR84362 -> USR84362,2,0.7,0.0,"Duplicate PAN document shared across 2 customer profiles: Aayush Rattan, Aayush Rattan"
RING-SYNTH-1143,SYNTHETIC_IDENTITY_MULE_RING,USR41433 -> USR41433,2,0.7,0.0,"Duplicate PAN document shared across 2 customer profiles: Qarin Toor, Qarin Toor"
RING-SYNTH-1144,SYNTHETIC_IDENTITY_MULE_RING,USR30355 -> USR30355,2,0.7,-1222.66,"Duplicate PAN document shared across 2 customer profiles: Aadhya Dugar, Aadhya Dugar"
RING-SYNTH-1156,SYNTHETIC_IDENTITY_MULE_RING,USR61306 -> USR61306,2,0.7,0.0,"Duplicate PAN document shared across 2 customer profiles: Jalsa Mammen, Jalsa Mammen"
RING-SYNTH-1165,SYNTHETIC_IDENTITY_MULE_RING,USR85992 -> USR85992,2,0.7,22043.0,"Duplicate PAN document shared across 2 customer profiles: Upasna Krishnamurthy, Upasna Krishnamurthy"
RING-SYNTH-1164,SYNTHETIC_IDENTITY_MULE_RING,USR70981 -> USR70981,2,0.7,0.0,"Duplicate PAN document shared across 2 customer profiles: Devshere, Devshere"
RING-SYNTH-1163,SYNTHETIC_IDENTITY_MULE_RING,USR21968 -> USR21968,2,0.7,0.0,"Duplicate PAN document shared across 2 customer profiles: Gautam Dixit, Gautam Dixit"
RING-SYNTH-1162,SYNTHETIC_IDENTITY_MULE_RING,USR77462 -> USR77462,2,0.7,0.0,"Duplicate PAN document shared across 2 customer profiles: Ijaya Panchal, Ijaya Panchal"
RING-SYNTH-1161,SYNTHETIC_IDENTITY_MULE_RING,USR95497 -> USR95497,2,0.7,0.0,"Duplicate PAN document shared across 2 customer profiles: Aarna Rao, Aarna Rao"
RING-SYNTH-1160,SYNTHETIC_IDENTITY_MULE_RING,USR95134 -> USR95134,2,0.7,0.0,"Duplicate PAN document shared across 2 customer profiles: Madhav Chandra, Madhav Chandra"
RING-SYNTH-1159,SYNTHETIC_IDENTITY_MULE_RING,USR18276 -> USR18276,2,0.7,0.0,"Duplicate PAN document shared across 2 customer profiles: Baljiwan Gulati, Baljiwan Gulati"
RING-SYNTH-1158,SYNTHETIC_IDENTITY_MULE_RING,USR38723 -> USR38723,2,0.7,0.0,"Duplicate PAN document shared across 2 customer profiles: Kevin Zachariah, Kevin Zachariah"
RING-SYNTH-1157,SYNTHETIC_IDENTITY_MULE_RING,USR72400 -> USR72400,2,0.7,0.0,"Duplicate PAN document shared across 2 customer profiles: Jagdish Murthy, Jagdish Murthy"
RING-SYNTH-1155,SYNTHETIC_IDENTITY_MULE_RING,USR69385 -> USR69385,2,0.7,0.0,"Duplicate PAN document shared across 2 customer profiles: Ikshita Wason, Ikshita Wason"
RING-SYNTH-1145,SYNTHETIC_IDENTITY_MULE_RING,USR10157 -> USR10157,2,0.7,0.0,"Duplicate PAN document shared across 2 customer profiles: Jonathan Sood, Jonathan Sood"
RING-SYNTH-1154,SYNTHETIC_IDENTITY_MULE_RING,USR18598 -> USR18598,2,0.7,0.0,"Duplicate PAN document shared across 2 customer profiles: Baghyawati Bala, Baghyawati Bala"
RING-SYNTH-1153,SYNTHETIC_IDENTITY_MULE_RING,USR29104 -> USR29104,2,0.7,0.0,"Duplicate PAN document shared across 2 customer profiles: Vivaan Tank, Vivaan Tank"
RING-SYNTH-1152,SYNTHETIC_IDENTITY_MULE_RING,USR95623 -> USR95623,2,0.7,0.0,"Duplicate PAN document shared across 2 customer profiles: Krishna Mahajan, Krishna Mahajan"
RING-SYNTH-1151,SYNTHETIC_IDENTITY_MULE_RING,USR56231 -> USR56231,2,0.7,0.0,"Duplicate PAN document shared across 2 customer profiles: Arjun Viswanathan, Arjun Viswanathan"
RING-SYNTH-1150,SYNTHETIC_IDENTITY_MULE_RING,USR85646 -> USR85646,2,0.7,0.0,"Duplicate PAN document shared across 2 customer profiles: Zarna Ramanathan, Zarna Ramanathan"
RING-SYNTH-1149,SYNTHETIC_IDENTITY_MULE_RING,USR50077 -> USR50077,2,0.7,0.0,"Duplicate PAN document shared across 2 customer profiles: Fiyaz Sunder, Fiyaz Sunder"
RING-SYNTH-1148,SYNTHETIC_IDENTITY_MULE_RING,USR12065 -> USR12065,2,0.7,0.0,"Duplicate PAN document shared across 2 customer profiles: Vyanjana Date, Vyanjana Date"
RING-SYNTH-1147,SYNTHETIC_IDENTITY_MULE_RING,USR58608 -> USR58608,2,0.7,17351.77,"Duplicate PAN document shared across 2 customer profiles: Brijesh Balakrishnan, Brijesh Balakrishnan"
RING-SYNTH-1146,SYNTHETIC_IDENTITY_MULE_RING,USR79469 -> USR79469,2,0.7,0.0,"Duplicate PAN document shared across 2 customer profiles: Anika Dugar, Anika Dugar"
RING-SYNTH-1120,SYNTHETIC_IDENTITY_MULE_RING,USR51369 -> USR51369,2,0.7,5127.99,"Duplicate PAN document shared across 2 customer profiles: Harrison Bose, Harrison Bose"
RING-SYNTH-1118,SYNTHETIC_IDENTITY_MULE_RING,USR70489 -> USR70489,2,0.7,0.0,"Duplicate PAN document shared across 2 customer profiles: Idika Bhatnagar, Idika Bhatnagar"
RING-SYNTH-1071,SYNTHETIC_IDENTITY_MULE_RING,USR60445 -> USR60445,2,0.7,0.0,"Duplicate PAN document shared across 2 customer profiles: Yashoda Sethi, Yashoda Sethi"
RING-SYNTH-1117,SYNTHETIC_IDENTITY_MULE_RING,USR71802 -> USR71802,2,0.7,0.0,"Duplicate PAN document shared across 2 customer profiles: Nathan Ray, Nathan Ray"
RING-SYNTH-1092,SYNTHETIC_IDENTITY_MULE_RING,USR62518 -> USR62518,2,0.7,0.0,"Duplicate PAN document shared across 2 customer profiles: Manya Patla, Manya Patla"
RING-SYNTH-1091,SYNTHETIC_IDENTITY_MULE_RING,USR54326 -> USR54326,2,0.7,0.0,"Duplicate PAN document shared across 2 customer profiles: Anusha Pal, Anusha Pal"
RING-SYNTH-1090,SYNTHETIC_IDENTITY_MULE_RING,USR21577 -> USR21577,2,0.7,0.0,"Duplicate PAN document shared across 2 customer profiles: Barkha Gara, Barkha Gara"
RING-SYNTH-1089,SYNTHETIC_IDENTITY_MULE_RING,USR52422 -> USR52422,2,0.7,0.0,"Duplicate PAN document shared across 2 customer profiles: Chameli Srivastava, Chameli Srivastava"
RING-SYNTH-1088,SYNTHETIC_IDENTITY_MULE_RING,USR77935 -> USR77935,2,0.7,0.0,"Duplicate PAN document shared across 2 customer profiles: Ojasvi Mohan, Ojasvi Mohan"
RING-SYNTH-1087,SYNTHETIC_IDENTITY_MULE_RING,USR69883 -> USR69883,2,0.7,0.0,"Duplicate PAN document shared across 2 customer profiles: Jatin Balasubramanian, Jatin Balasubramanian"
RING-SYNTH-1086,SYNTHETIC_IDENTITY_MULE_RING,USR33206 -> USR33206,2,0.7,0.0,"Duplicate PAN document shared across 2 customer profiles: Warinder Chaudhuri, Warinder Chaudhuri"
RING-SYNTH-1085,SYNTHETIC_IDENTITY_MULE_RING,USR95232 -> USR95232,2,0.7,0.0,"Duplicate PAN document shared across 2 customer profiles: Ansh Narain, Ansh Narain"
RING-SYNTH-1084,SYNTHETIC_IDENTITY_MULE_RING,USR22883 -> USR22883,2,0.7,23683.59,"Duplicate PAN document shared across 2 customer profiles: Nirja Bhandari, Nirja Bhandari"
RING-SYNTH-0978,SYNTHETIC_IDENTITY_MULE_RING,USR79176 -> USR79176,2,0.7,0.0,"Duplicate PAN document shared across 2 customer profiles: Mayavohra, Mayavohra"
RING-SYNTH-1082,SYNTHETIC_IDENTITY_MULE_RING,USR58884 -> USR58884,2,0.7,8873.11,"Duplicate PAN document shared across 2 customer profiles: Aarnav Shankar, Aarnav Shankar"
RING-SYNTH-1081,SYNTHETIC_IDENTITY_MULE_RING,USR80893 -> USR80893,2,0.7,0.0,"Duplicate PAN document shared across 2 customer profiles: Yashasvi Dutt, Yashasvi Dutt"
RING-SYNTH-1080,SYNTHETIC_IDENTITY_MULE_RING,USR48202 -> USR48202,2,0.7,16700.02,"Duplicate PAN document shared across 2 customer profiles: Laksh Bajaj, Laksh Bajaj"
RING-SYNTH-1079,SYNTHETIC_IDENTITY_MULE_RING,USR58391 -> USR58391,2,0.7,0.0,"Duplicate PAN document shared across 2 customer profiles: Mahika Batra, Mahika Batra"
RING-SYNTH-1078,SYNTHETIC_IDENTITY_MULE_RING,USR18977 -> USR18977,2,0.7,0.0,"Duplicate PAN document shared across 2 customer profiles: Nihal Rama, Nihal Rama"
RING-SYNTH-1077,SYNTHETIC_IDENTITY_MULE_RING,USR27294 -> USR27294,2,0.7,0.0,"Duplicate PAN document shared across 2 customer profiles: Mitali Srinivas, Mitali Srinivas"
RING-SYNTH-1076,SYNTHETIC_IDENTITY_MULE_RING,USR10098 -> USR10098,2,0.7,0.0,"Duplicate PAN document shared across 2 customer profiles: Xiti Ben, Xiti Ben"
RING-SYNTH-1075,SYNTHETIC_IDENTITY_MULE_RING,USR89875 -> USR89875,2,0.7,22657.58,"Duplicate PAN document shared across 2 customer profiles: Gagan Bava, Gagan Bava"
RING-SYNTH-1074,SYNTHETIC_IDENTITY_MULE_RING,USR21789 -> USR21789,2,0.7,6490.78,"Duplicate PAN document shared across 2 customer profiles: Krishna Dey, Krishna Dey"
RING-SYNTH-1073,SYNTHETIC_IDENTITY_MULE_RING,USR46288 -> USR46288,2,0.7,0.0,"Duplicate PAN document shared across 2 customer profiles: Unnati Om, Unnati Om"
RING-SYNTH-1072,SYNTHETIC_IDENTITY_MULE_RING,USR96968 -> USR96968,2,0.7,0.0,"Duplicate PAN document shared across 2 customer profiles: Zayan Gaba, Zayan Gaba"
RING-SYNTH-1093,SYNTHETIC_IDENTITY_MULE_RING,USR12997 -> USR12997,2,0.7,0.0,"Duplicate PAN document shared across 2 customer profiles: Samaksh Mital, Samaksh Mital"
RING-SYNTH-1094,SYNTHETIC_IDENTITY_MULE_RING,USR55706 -> USR55706,2,0.7,0.0,"Duplicate PAN document shared across 2 customer profiles: Ranveer Gade, Ranveer Gade"
RING-SYNTH-1095,SYNTHETIC_IDENTITY_MULE_RING,USR37058 -> USR37058,2,0.7,0.0,"Duplicate PAN document shared across 2 customer profiles: Jason Majumdar, Jason Majumdar"
RING-SYNTH-1107,SYNTHETIC_IDENTITY_MULE_RING,USR62336 -> USR62336,2,0.7,14411.79,"Duplicate PAN document shared across 2 customer profiles: Keya Tella, Keya Tella"
RING-SYNTH-1116,SYNTHETIC_IDENTITY_MULE_RING,USR96373 -> USR96373,2,0.7,0.0,"Duplicate PAN document shared across 2 customer profiles: Balendra Talwar, Balendra Talwar"
RING-SYNTH-1115,SYNTHETIC_IDENTITY_MULE_RING,USR29892 -> USR29892,2,0.7,17955.9,"Duplicate PAN document shared across 2 customer profiles: Warinder Bera, Warinder Bera"
RING-SYNTH-1114,SYNTHETIC_IDENTITY_MULE_RING,USR60649 -> USR60649,2,0.7,0.0,"Duplicate PAN document shared across 2 customer profiles: Orinder Shenoy, Orinder Shenoy"
RING-SYNTH-1113,SYNTHETIC_IDENTITY_MULE_RING,USR56874 -> USR56874,2,0.7,0.0,"Duplicate PAN document shared across 2 customer profiles: Amara Shankar, Amara Shankar"
RING-SYNTH-1112,SYNTHETIC_IDENTITY_MULE_RING,USR19650 -> USR19650,2,0.7,0.0,"Duplicate PAN document shared across 2 customer profiles: Zaitra Nadkarni, Zaitra Nadkarni"
RING-SYNTH-1111,SYNTHETIC_IDENTITY_MULE_RING,USR76923 -> USR76923,2,0.7,0.0,"Duplicate PAN document shared across 2 customer profiles: Samarth Mander, Samarth Mander"
RING-SYNTH-1110,SYNTHETIC_IDENTITY_MULE_RING,USR47692 -> USR47692,2,0.7,9037.63,"Duplicate PAN document shared across 2 customer profiles: Harshil De, Harshil De"
RING-SYNTH-1109,SYNTHETIC_IDENTITY_MULE_RING,USR81572 -> USR81572,2,0.7,0.0,"Duplicate PAN document shared across 2 customer profiles: Logan Wable, Logan Wable"
RING-SYNTH-1108,SYNTHETIC_IDENTITY_MULE_RING,USR76495 -> USR76495,2,0.7,0.0,"Duplicate PAN document shared across 2 customer profiles: Farhan Pingle, Farhan Pingle"
RING-SYNTH-1106,SYNTHETIC_IDENTITY_MULE_RING,USR27462 -> USR27462,2,0.7,0.0,"Duplicate PAN document shared across 2 customer profiles: Aryan Hora, Aryan Hora"
RING-SYNTH-1096,SYNTHETIC_IDENTITY_MULE_RING,USR88666 -> USR88666,2,0.7,0.0,"Duplicate PAN document shared across 2 customer profiles: Wahab Shanker, Wahab Shanker"
RING-SYNTH-1105,SYNTHETIC_IDENTITY_MULE_RING,USR56142 -> USR56142,2,0.7,0.0,"Duplicate PAN document shared across 2 customer profiles: Anika Munshi, Anika Munshi"
RING-SYNTH-1104,SYNTHETIC_IDENTITY_MULE_RING,USR16292 -> USR16292,2,0.7,0.0,"Duplicate PAN document shared across 2 customer profiles: Praneel D'Alia, Praneel D'Alia"
RING-SYNTH-1103,SYNTHETIC_IDENTITY_MULE_RING,USR75399 -> USR75399,2,0.7,0.0,"Duplicate PAN document shared across 2 customer profiles: Prisha Aurora, Prisha Aurora"
RING-SYNTH-1102,SYNTHETIC_IDENTITY_MULE_RING,USR66926 -> USR66926,2,0.7,0.0,"Duplicate PAN document shared across 2 customer profiles: Faqid Bhakta, Faqid Bhakta"
RING-SYNTH-1101,SYNTHETIC_IDENTITY_MULE_RING,USR36967 -> USR36967,2,0.7,0.0,"Duplicate PAN document shared across 2 customer profiles: Falak Prakash, Falak Prakash"
RING-SYNTH-1100,SYNTHETIC_IDENTITY_MULE_RING,USR64538 -> USR64538,2,0.7,17121.22,"Duplicate PAN document shared across 2 customer profiles: Krisha Deo, Krisha Deo"
RING-SYNTH-1099,SYNTHETIC_IDENTITY_MULE_RING,USR96751 -> USR96751,2,0.7,0.0,"Duplicate PAN document shared across 2 customer profiles: Kamala Dayal, Kamala Dayal"
RING-SYNTH-1098,SYNTHETIC_IDENTITY_MULE_RING,USR18636 -> USR18636,2,0.7,0.0,"Duplicate PAN document shared across 2 customer profiles: Chaitaly Bava, Chaitaly Bava"
RING-SYNTH-1097,SYNTHETIC_IDENTITY_MULE_RING,USR12690 -> USR12690,2,0.7,0.0,"Duplicate PAN document shared across 2 customer profiles: Rachana Tank, Rachana Tank"
RING-SYNTH-0979,SYNTHETIC_IDENTITY_MULE_RING,USR40091 -> USR40091,2,0.7,0.0,"Duplicate PAN document shared across 2 customer profiles: Yutika Varughese, Yutika Varughese"
RING-SYNTH-0962,SYNTHETIC_IDENTITY_MULE_RING,USR65298 -> USR65298,2,0.7,0.0,"Duplicate PAN document shared across 2 customer profiles: Chaman Purohit, Chaman Purohit"
RING-SYNTH-0977,SYNTHETIC_IDENTITY_MULE_RING,USR36538 -> USR36538,2,0.7,0.0,"Duplicate PAN document shared across 2 customer profiles: Chandreshwable, Chandreshwable"
RING-SYNTH-0848,SYNTHETIC_IDENTITY_MULE_RING,USR98781 -> USR98781,2,0.7,0.0,"Duplicate PAN document shared across 2 customer profiles: Jackson Ramesh, Jackson Ramesh"
RING-SYNTH-0857,SYNTHETIC_IDENTITY_MULE_RING,USR35009 -> USR35009,2,0.7,0.0,"Duplicate PAN document shared across 2 customer profiles: Vinaya Borra, Vinaya Borra"
RING-SYNTH-0856,SYNTHETIC_IDENTITY_MULE_RING,USR18287 -> USR18287,2,0.7,0.0,"Duplicate PAN document shared across 2 customer profiles: Prisha Bhakta, Prisha Bhakta"
RING-SYNTH-0855,SYNTHETIC_IDENTITY_MULE_RING,USR46072 -> USR46072,2,0.7,0.0,"Duplicate PAN document shared across 2 customer profiles: Jhalak Dutta, Jhalak Dutta"
RING-SYNTH-0854,SYNTHETIC_IDENTITY_MULE_RING,USR51998 -> USR51998,2,0.7,0.0,"Duplicate PAN document shared across 2 customer profiles: Azaan Kothari, Azaan Kothari"
RING-SYNTH-0853,SYNTHETIC_IDENTITY_MULE_RING,USR30359 -> USR30359,2,0.7,0.0,"Duplicate PAN document shared across 2 customer profiles: Vidhi Chaudhuri, Vidhi Chaudhuri"
RING-SYNTH-0852,SYNTHETIC_IDENTITY_MULE_RING,USR55566 -> USR55566,2,0.7,0.0,"Duplicate PAN document shared across 2 customer profiles: Gautami Sha, Gautami Sha"
RING-SYNTH-0851,SYNTHETIC_IDENTITY_MULE_RING,USR39193 -> USR39193,2,0.7,0.0,"Duplicate PAN document shared across 2 customer profiles: Yagnesh Chaudhari, Yagnesh Chaudhari"
RING-SYNTH-0850,SYNTHETIC_IDENTITY_MULE_RING,USR18645 -> USR18645,2,0.7,22589.44,"Duplicate PAN document shared across 2 customer profiles: Jason Lad, Jason Lad"
RING-SYNTH-0849,SYNTHETIC_IDENTITY_MULE_RING,USR73614 -> USR73614,2,0.7,0.0,"Duplicate PAN document shared across 2 customer profiles: Arya Chatterjee, Arya Chatterjee"
RING-SYNTH-0847,SYNTHETIC_IDENTITY_MULE_RING,USR13193 -> USR13193,2,0.7,0.0,"Duplicate PAN document shared across 2 customer profiles: Alka Jain, Alka Jain"
RING-SYNTH-0859,SYNTHETIC_IDENTITY_MULE_RING,USR28308 -> USR28308,2,0.7,0.0,"Duplicate PAN document shared across 2 customer profiles: Anthony Om, Anthony Om"
RING-SYNTH-0846,SYNTHETIC_IDENTITY_MULE_RING,USR77711 -> USR77711,2,0.7,0.0,"Duplicate PAN document shared across 2 customer profiles: Warinder Solanki, Warinder Solanki"
RING-SYNTH-0845,SYNTHETIC_IDENTITY_MULE_RING,USR91787 -> USR91787,2,0.7,0.0,"Duplicate PAN document shared across 2 customer profiles: Aditya Nori, Aditya Nori"
RING-SYNTH-0844,SYNTHETIC_IDENTITY_MULE_RING,USR86082 -> USR86082,2,0.7,0.0,"Duplicate PAN document shared across 2 customer profiles: Yadavi Dhar, Yadavi Dhar"
RING-SYNTH-0843,SYNTHETIC_IDENTITY_MULE_RING,USR14442 -> USR14442,2,0.7,0.0,"Duplicate PAN document shared across 2 customer profiles: Mahika Dada, Mahika Dada"
RING-SYNTH-0842,SYNTHETIC_IDENTITY_MULE_RING,USR29409 -> USR29409,2,0.7,7915.18,"Duplicate PAN document shared across 2 customer profiles: Omya Shetty, Omya Shetty"
RING-SYNTH-0841,SYNTHETIC_IDENTITY_MULE_RING,USR67456 -> USR67456,2,0.7,13598.62,"Duplicate PAN document shared across 2 customer profiles: Alka Lanka, Alka Lanka"
RING-SYNTH-0840,SYNTHETIC_IDENTITY_MULE_RING,USR74432 -> USR74432,2,0.7,0.0,"Duplicate PAN document shared across 2 customer profiles: Chakrika Munshi, Chakrika Munshi"
RING-SYNTH-0839,SYNTHETIC_IDENTITY_MULE_RING,USR78994 -> USR78994,2,0.7,0.0,"Duplicate PAN document shared across 2 customer profiles: Harish Shanker, Harish Shanker"
RING-SYNTH-0838,SYNTHETIC_IDENTITY_MULE_RING,USR52815 -> USR52815,2,0.7,0.0,"Duplicate PAN document shared across 2 customer profiles: Gagan Morar, Gagan Morar"
RING-SYNTH-0858,SYNTHETIC_IDENTITY_MULE_RING,USR14886 -> USR14886,2,0.7,8431.21,"Duplicate PAN document shared across 2 customer profiles: Sai Shan, Sai Shan"
RING-SYNTH-0860,SYNTHETIC_IDENTITY_MULE_RING,USR50137 -> USR50137,2,0.7,0.0,"Duplicate PAN document shared across 2 customer profiles: Chakradev Gulati, Chakradev Gulati"
RING-SYNTH-0976,SYNTHETIC_IDENTITY_MULE_RING,USR50678 -> USR50678,2,0.7,0.0,"Duplicate PAN document shared across 2 customer profiles: Kai Thakkar, Kai Thakkar"
RING-SYNTH-0872,SYNTHETIC_IDENTITY_MULE_RING,USR44699 -> USR44699,2,0.7,0.0,"Duplicate PAN document shared across 2 customer profiles: Orinder Merchant, Orinder Merchant"
RING-SYNTH-0881,SYNTHETIC_IDENTITY_MULE_RING,USR90117 -> USR90117,2,0.7,0.0,"Duplicate PAN document shared across 2 customer profiles: Theodore Prabhakar, Theodore Prabhakar"
RING-SYNTH-0880,SYNTHETIC_IDENTITY_MULE_RING,USR62331 -> USR62331,2,0.7,0.0,"Duplicate PAN document shared across 2 customer profiles: Ijaya Acharya, Ijaya Acharya"
RING-SYNTH-0879,SYNTHETIC_IDENTITY_MULE_RING,USR71653 -> USR71653,2,0.7,0.0,"Duplicate PAN document shared across 2 customer profiles: Upadhriti Chaudhuri, Upadhriti Chaudhuri"
RING-SYNTH-0878,SYNTHETIC_IDENTITY_MULE_RING,USR39116 -> USR39116,2,0.7,0.0,"Duplicate PAN document shared across 2 customer profiles: Gauri Mukherjee, Gauri Mukherjee"
RING-SYNTH-0877,SYNTHETIC_IDENTITY_MULE_RING,USR19765 -> USR19765,2,0.7,0.0,"Duplicate PAN document shared across 2 customer profiles: Yochana Reddy, Yochana Reddy"
RING-SYNTH-0876,SYNTHETIC_IDENTITY_MULE_RING,USR73925 -> USR73925,2,0.7,0.0,"Duplicate PAN document shared across 2 customer profiles: Yashica Mangat, Yashica Mangat"
RING-SYNTH-0875,SYNTHETIC_IDENTITY_MULE_RING,USR73618 -> USR73618,2,0.7,12362.91,"Duplicate PAN document shared across 2 customer profiles: Vansha Hans, Vansha Hans"
RING-SYNTH-0874,SYNTHETIC_IDENTITY_MULE_RING,USR94665 -> USR94665,2,0.7,0.0,"Duplicate PAN document shared across 2 customer profiles: Avi Vasa, Avi Vasa"
RING-SYNTH-0873,SYNTHETIC_IDENTITY_MULE_RING,USR12022 -> USR12022,2,0.7,0.0,"Duplicate PAN document shared across 2 customer profiles: Yashodhara Shan, Yashodhara Shan"
RING-SYNTH-0871,SYNTHETIC_IDENTITY_MULE_RING,USR45967 -> USR45967,2,0.7,0.0,"Duplicate PAN document shared across 2 customer profiles: Hredhaan Zachariah, Hredhaan Zachariah"
RING-SYNTH-0861,SYNTHETIC_IDENTITY_MULE_RING,USR83431 -> USR83431,2,0.7,0.0,"Duplicate PAN document shared across 2 customer profiles: Pushti Anand, Pushti Anand"
RING-SYNTH-0870,SYNTHETIC_IDENTITY_MULE_RING,USR79817 -> USR79817,2,0.7,2688.23,"Duplicate PAN document shared across 2 customer profiles: Adweta Om, Adweta Om"
RING-SYNTH-0869,SYNTHETIC_IDENTITY_MULE_RING,USR62842 -> USR62842,2,0.7,0.0,"Duplicate PAN document shared across 2 customer profiles: Yahvi Bhattacharyya, Yahvi Bhattacharyya"
RING-SYNTH-0868,SYNTHETIC_IDENTITY_MULE_RING,USR50969 -> USR50969,2,0.7,0.0,"Duplicate PAN document shared across 2 customer profiles: Harinakshi Parsa, Harinakshi Parsa"
RING-SYNTH-0867,SYNTHETIC_IDENTITY_MULE_RING,USR23470 -> USR23470,2,0.7,0.0,"Duplicate PAN document shared across 2 customer profiles: Frado Gade, Frado Gade"
RING-SYNTH-0866,SYNTHETIC_IDENTITY_MULE_RING,USR32519 -> USR32519,2,0.7,0.0,"Duplicate PAN document shared across 2 customer profiles: Tristan Sane, Tristan Sane"
RING-SYNTH-0865,SYNTHETIC_IDENTITY_MULE_RING,USR21203 -> USR21203,2,0.7,0.0,"Duplicate PAN document shared across 2 customer profiles: Niharika Madan, Niharika Madan"
RING-SYNTH-0864,SYNTHETIC_IDENTITY_MULE_RING,USR65158 -> USR65158,2,0.7,0.0,"Duplicate PAN document shared across 2 customer profiles: Ladli Kata, Ladli Kata"
RING-SYNTH-0863,SYNTHETIC_IDENTITY_MULE_RING,USR58565 -> USR58565,2,0.7,0.0,"Duplicate PAN document shared across 2 customer profiles: Advay Naidu, Advay Naidu"
RING-SYNTH-0862,SYNTHETIC_IDENTITY_MULE_RING,USR52463 -> USR52463,2,0.7,0.0,"Duplicate PAN document shared across 2 customer profiles: Dayamai Nigam, Dayamai Nigam"
RING-SYNTH-0837,SYNTHETIC_IDENTITY_MULE_RING,USR57358 -> USR57358,2,0.7,15768.41,"Duplicate PAN document shared across 2 customer profiles: Abeer Bawa, Abeer Bawa"
RING-SYNTH-0836,SYNTHETIC_IDENTITY_MULE_RING,USR80838 -> USR80838,2,0.7,0.0,"Duplicate PAN document shared across 2 customer profiles: Yadavi Krishna, Yadavi Krishna"
RING-SYNTH-0835,SYNTHETIC_IDENTITY_MULE_RING,USR35378 -> USR35378,2,0.7,0.0,"Duplicate PAN document shared across 2 customer profiles: Ishita Mane, Ishita Mane"
RING-SYNTH-0801,SYNTHETIC_IDENTITY_MULE_RING,USR50118 -> USR50118,2,0.7,0.0,"Duplicate PAN document shared across 2 customer profiles: Kai Edwin, Kai Edwin"
RING-SYNTH-0810,SYNTHETIC_IDENTITY_MULE_RING,USR97997 -> USR97997,2,0.7,0.0,"Duplicate PAN document shared across 2 customer profiles: Elijahdube, Elijahdube"
RING-SYNTH-0809,SYNTHETIC_IDENTITY_MULE_RING,USR57728 -> USR57728,2,0.7,0.0,"Duplicate PAN document shared across 2 customer profiles: Zilmil Shetty, Zilmil Shetty"
RING-SYNTH-0808,SYNTHETIC_IDENTITY_MULE_RING,USR19214 -> USR19214,2,0.7,0.0,"Duplicate PAN document shared across 2 customer profiles: Ijaya Sawhney, Ijaya Sawhney"
RING-SYNTH-0807,SYNTHETIC_IDENTITY_MULE_RING,USR37550 -> USR37550,2,0.7,0.0,"Duplicate PAN document shared across 2 customer profiles: Chakrika Chauhan, Chakrika Chauhan"
RING-SYNTH-0806,SYNTHETIC_IDENTITY_MULE_RING,USR89975 -> USR89975,2,0.7,0.0,"Duplicate PAN document shared across 2 customer profiles: Ekani Shankar, Ekani Shankar"
RING-SYNTH-0805,SYNTHETIC_IDENTITY_MULE_RING,USR38152 -> USR38152,2,0.7,0.0,"Duplicate PAN document shared across 2 customer profiles: Aditya Raghavan, Aditya Raghavan"
RING-SYNTH-0804,SYNTHETIC_IDENTITY_MULE_RING,USR43620 -> USR43620,2,0.7,0.0,"Duplicate PAN document shared across 2 customer profiles: Chasmum Anne, Chasmum Anne"
RING-SYNTH-0803,SYNTHETIC_IDENTITY_MULE_RING,USR26965 -> USR26965,2,0.7,0.0,"Duplicate PAN document shared across 2 customer profiles: Hema Ramakrishnan, Hema Ramakrishnan"
RING-SYNTH-0802,SYNTHETIC_IDENTITY_MULE_RING,USR68206 -> USR68206,2,0.7,0.0,"Duplicate PAN document shared across 2 customer profiles: Neha Chaudhary, Neha Chaudhary"
RING-SYNTH-0800,SYNTHETIC_IDENTITY_MULE_RING,USR18322 -> USR18322,2,0.7,0.0,"Duplicate PAN document shared across 2 customer profiles: Mahikakunda, Mahikakunda"
RING-SYNTH-0834,SYNTHETIC_IDENTITY_MULE_RING,USR28972 -> USR28972,2,0.7,11694.0,"Duplicate PAN document shared across 2 customer profiles: Vedhika Sharaf, Vedhika Sharaf"
RING-SYNTH-0799,SYNTHETIC_IDENTITY_MULE_RING,USR99859 -> USR99859,2,0.7,0.0,"Duplicate PAN document shared across 2 customer profiles: Arya Ganesh, Arya Ganesh"
RING-SYNTH-0798,SYNTHETIC_IDENTITY_MULE_RING,USR86663 -> USR86663,2,0.7,0.0,"Duplicate PAN document shared across 2 customer profiles: Dhruv Amble, Dhruv Amble"
RING-SYNTH-0797,SYNTHETIC_IDENTITY_MULE_RING,USR48914 -> USR48914,2,0.7,0.0,"Duplicate PAN document shared across 2 customer profiles: Yuvrajbobal, Yuvrajbobal"
RING-SYNTH-0796,SYNTHETIC_IDENTITY_MULE_RING,USR85520 -> USR85520,2,0.7,0.0,"Duplicate PAN document shared across 2 customer profiles: Ranveer Mukhopadhyay, Ranveer Mukhopadhyay"
RING-SYNTH-0795,SYNTHETIC_IDENTITY_MULE_RING,USR66764 -> USR66764,2,0.7,0.0,"Duplicate PAN document shared across 2 customer profiles: Advik Sinha, Advik Sinha"
RING-SYNTH-0794,SYNTHETIC_IDENTITY_MULE_RING,USR65856 -> USR65856,2,0.7,22771.55,"Duplicate PAN document shared across 2 customer profiles: Vrinda Dara, Vrinda Dara"
RING-SYNTH-0793,SYNTHETIC_IDENTITY_MULE_RING,USR56799 -> USR56799,2,0.7,0.0,"Duplicate PAN document shared across 2 customer profiles: Urvi Arya, Urvi Arya"
RING-SYNTH-0792,SYNTHETIC_IDENTITY_MULE_RING,USR52181 -> USR52181,2,0.7,0.0,"Duplicate PAN document shared across 2 customer profiles: Mohini Chaudhary, Mohini Chaudhary"
RING-SYNTH-0791,SYNTHETIC_IDENTITY_MULE_RING,USR46291 -> USR46291,2,0.7,0.0,"Duplicate PAN document shared across 2 customer profiles: Anvi Barad, Anvi Barad"
RING-SYNTH-0811,SYNTHETIC_IDENTITY_MULE_RING,USR26602 -> USR26602,2,0.7,0.0,"Duplicate PAN document shared across 2 customer profiles: Krishna De, Krishna De"
RING-SYNTH-0812,SYNTHETIC_IDENTITY_MULE_RING,USR36740 -> USR36740,2,0.7,0.0,"Duplicate PAN document shared across 2 customer profiles: Ekani De, Ekani De"
RING-SYNTH-0813,SYNTHETIC_IDENTITY_MULE_RING,USR63236 -> USR63236,2,0.7,0.0,"Duplicate PAN document shared across 2 customer profiles: Abeer Ramesh, Abeer Ramesh"
RING-SYNTH-0814,SYNTHETIC_IDENTITY_MULE_RING,USR46674 -> USR46674,2,0.7,17644.09,"Duplicate PAN document shared across 2 customer profiles: Kai Chaudhry, Kai Chaudhry"
RING-SYNTH-0833,SYNTHETIC_IDENTITY_MULE_RING,USR91244 -> USR91244,2,0.7,19325.31,"Duplicate PAN document shared across 2 customer profiles: Warda Biswas, Warda Biswas"
RING-SYNTH-0832,SYNTHETIC_IDENTITY_MULE_RING,USR76510 -> USR76510,2,0.7,0.0,"Duplicate PAN document shared across 2 customer profiles: Aadhya Bajaj, Aadhya Bajaj"
RING-SYNTH-0831,SYNTHETIC_IDENTITY_MULE_RING,USR90212 -> USR90212,2,0.7,0.0,"Duplicate PAN document shared across 2 customer profiles: Chandran Joshi, Chandran Joshi"
RING-SYNTH-0830,SYNTHETIC_IDENTITY_MULE_RING,USR49616 -> USR49616,2,0.7,0.0,"Duplicate PAN document shared across 2 customer profiles: Victor Dyal, Victor Dyal"
RING-SYNTH-0829,SYNTHETIC_IDENTITY_MULE_RING,USR39426 -> USR39426,2,0.7,0.0,"Duplicate PAN document shared across 2 customer profiles: Tristan Bhatia, Tristan Bhatia"
RING-SYNTH-0828,SYNTHETIC_IDENTITY_MULE_RING,USR36516 -> USR36516,2,0.7,17406.55,"Duplicate PAN document shared across 2 customer profiles: Luke Rau, Luke Rau"
RING-SYNTH-0827,SYNTHETIC_IDENTITY_MULE_RING,USR70106 -> USR70106,2,0.7,0.0,"Duplicate PAN document shared across 2 customer profiles: Alexander Borde, Alexander Borde"
RING-SYNTH-0826,SYNTHETIC_IDENTITY_MULE_RING,USR25993 -> USR25993,2,0.7,0.0,"Duplicate PAN document shared across 2 customer profiles: Aishani Muni, Aishani Muni"
RING-SYNTH-0825,SYNTHETIC_IDENTITY_MULE_RING,USR21058 -> USR21058,2,0.7,0.0,"Duplicate PAN document shared across 2 customer profiles: Charita Khare, Charita Khare"
RING-SYNTH-0824,SYNTHETIC_IDENTITY_MULE_RING,USR13515 -> USR13515,2,0.7,0.0,"Duplicate PAN document shared across 2 customer profiles: Chasmum Warrior, Chasmum Warrior"
RING-SYNTH-0823,SYNTHETIC_IDENTITY_MULE_RING,USR59967 -> USR59967,2,0.7,0.0,"Duplicate PAN document shared across 2 customer profiles: Advik Prasad, Advik Prasad"
RING-SYNTH-0822,SYNTHETIC_IDENTITY_MULE_RING,USR21726 -> USR21726,2,0.7,7786.7,"Duplicate PAN document shared across 2 customer profiles: Balendra Bhalla, Balendra Bhalla"
RING-SYNTH-0821,SYNTHETIC_IDENTITY_MULE_RING,USR93321 -> USR93321,2,0.7,0.0,"Duplicate PAN document shared across 2 customer profiles: Timothy Baral, Timothy Baral"
RING-SYNTH-0820,SYNTHETIC_IDENTITY_MULE_RING,USR58365 -> USR58365,2,0.7,0.0,"Duplicate PAN document shared across 2 customer profiles: Advaith Kunda, Advaith Kunda"
RING-SYNTH-0819,SYNTHETIC_IDENTITY_MULE_RING,USR39678 -> USR39678,2,0.7,-23228.62,"Duplicate PAN document shared across 2 customer profiles: Faris Kala, Faris Kala"
RING-SYNTH-0818,SYNTHETIC_IDENTITY_MULE_RING,USR22966 -> USR22966,2,0.7,0.0,"Duplicate PAN document shared across 2 customer profiles: Arjun Gopal, Arjun Gopal"
RING-SYNTH-0817,SYNTHETIC_IDENTITY_MULE_RING,USR60377 -> USR60377,2,0.7,0.0,"Duplicate PAN document shared across 2 customer profiles: Hitesh Pal, Hitesh Pal"
RING-SYNTH-0816,SYNTHETIC_IDENTITY_MULE_RING,USR45796 -> USR45796,2,0.7,0.0,"Duplicate PAN document shared across 2 customer profiles: Jeremiah Kala, Jeremiah Kala"
RING-SYNTH-0815,SYNTHETIC_IDENTITY_MULE_RING,USR65717 -> USR65717,2,0.7,0.0,"Duplicate PAN document shared across 2 customer profiles: Jonathan Talwar, Jonathan Talwar"
RING-SYNTH-0882,SYNTHETIC_IDENTITY_MULE_RING,USR30015 -> USR30015,2,0.7,0.0,"Duplicate PAN document shared across 2 customer profiles: Max Andra, Max Andra"
RING-SYNTH-0883,SYNTHETIC_IDENTITY_MULE_RING,USR34528 -> USR34528,2,0.7,0.0,"Duplicate PAN document shared across 2 customer profiles: Wishi Contractor, Wishi Contractor"
RING-SYNTH-0884,SYNTHETIC_IDENTITY_MULE_RING,USR97282 -> USR97282,2,0.7,5270.57,"Duplicate PAN document shared across 2 customer profiles: Pranav Gopal, Pranav Gopal"
RING-SYNTH-0943,SYNTHETIC_IDENTITY_MULE_RING,USR78580 -> USR78580,2,0.7,0.0,"Duplicate PAN document shared across 2 customer profiles: Pallavi Butala, Pallavi Butala"
RING-SYNTH-0952,SYNTHETIC_IDENTITY_MULE_RING,USR11227 -> USR11227,2,0.7,0.0,"Duplicate PAN document shared across 2 customer profiles: Bahadurjit Lall, Bahadurjit Lall"
RING-SYNTH-0951,SYNTHETIC_IDENTITY_MULE_RING,USR27501 -> USR27501,2,0.7,943.33,"Duplicate PAN document shared across 2 customer profiles: Maya Mander, Maya Mander"
RING-SYNTH-0950,SYNTHETIC_IDENTITY_MULE_RING,USR92998 -> USR92998,2,0.7,0.0,"Duplicate PAN document shared across 2 customer profiles: Dhruv Lall, Dhruv Lall"
RING-SYNTH-0949,SYNTHETIC_IDENTITY_MULE_RING,USR58238 -> USR58238,2,0.7,0.0,"Duplicate PAN document shared across 2 customer profiles: Ijaya Nagar, Ijaya Nagar"
RING-SYNTH-0948,SYNTHETIC_IDENTITY_MULE_RING,USR58642 -> USR58642,2,0.7,0.0,"Duplicate PAN document shared across 2 customer profiles: Charvi Narang, Charvi Narang"
RING-SYNTH-0947,SYNTHETIC_IDENTITY_MULE_RING,USR79339 -> USR79339,2,0.7,14071.59,"Duplicate PAN document shared across 2 customer profiles: Timothy Dhar, Timothy Dhar"
RING-SYNTH-0946,SYNTHETIC_IDENTITY_MULE_RING,USR23542 -> USR23542,2,0.7,0.0,"Duplicate PAN document shared across 2 customer profiles: Tanmayi Grover, Tanmayi Grover"
RING-SYNTH-0945,SYNTHETIC_IDENTITY_MULE_RING,USR99100 -> USR99100,2,0.7,0.0,"Duplicate PAN document shared across 2 customer profiles: Logan Iyer, Logan Iyer"
RING-SYNTH-0944,SYNTHETIC_IDENTITY_MULE_RING,USR38208 -> USR38208,2,0.7,0.0,"Duplicate PAN document shared across 2 customer profiles: Widisha Bose, Widisha Bose"
RING-SYNTH-0942,SYNTHETIC_IDENTITY_MULE_RING,USR92233 -> USR92233,2,0.7,0.0,"Duplicate PAN document shared across 2 customer profiles: Darika Radhakrishnan, Darika Radhakrishnan"
RING-SYNTH-0931,SYNTHETIC_IDENTITY_MULE_RING,USR64237 -> USR64237,2,0.7,0.0,"Duplicate PAN document shared across 2 customer profiles: Janani Keer, Janani Keer"
RING-SYNTH-0941,SYNTHETIC_IDENTITY_MULE_RING,USR88029 -> USR88029,2,0.7,0.0,"Duplicate PAN document shared across 2 customer profiles: Jananisingh, Jananisingh"
RING-SYNTH-0940,SYNTHETIC_IDENTITY_MULE_RING,USR51004 -> USR51004,2,0.7,0.0,"Duplicate PAN document shared across 2 customer profiles: Faris Raju, Faris Raju"
RING-SYNTH-0939,SYNTHETIC_IDENTITY_MULE_RING,USR47708 -> USR47708,2,0.7,0.0,"Duplicate PAN document shared across 2 customer profiles: Nathaniel Bahri, Nathaniel Bahri"
RING-SYNTH-0938,SYNTHETIC_IDENTITY_MULE_RING,USR54658 -> USR54658,2,0.7,0.0,"Duplicate PAN document shared across 2 customer profiles: Henry Sani, Henry Sani"
RING-SYNTH-0937,SYNTHETIC_IDENTITY_MULE_RING,USR57981 -> USR57981,2,0.7,0.0,"Duplicate PAN document shared across 2 customer profiles: Pahal Ganesh, Pahal Ganesh"
RING-SYNTH-0936,SYNTHETIC_IDENTITY_MULE_RING,USR67329 -> USR67329,2,0.7,0.0,"Duplicate PAN document shared across 2 customer profiles: Vasatika Sundaram, Vasatika Sundaram"
RING-SYNTH-0935,SYNTHETIC_IDENTITY_MULE_RING,USR91018 -> USR91018,2,0.7,6770.67,"Duplicate PAN document shared across 2 customer profiles: Yashvi Gandhi, Yashvi Gandhi"
RING-SYNTH-0934,SYNTHETIC_IDENTITY_MULE_RING,USR57110 -> USR57110,2,0.7,0.0,"Duplicate PAN document shared across 2 customer profiles: Advika Natarajan, Advika Natarajan"
RING-SYNTH-0933,SYNTHETIC_IDENTITY_MULE_RING,USR49479 -> USR49479,2,0.7,1230.55,"Duplicate PAN document shared across 2 customer profiles: Victor Tara, Victor Tara"
RING-SYNTH-0953,SYNTHETIC_IDENTITY_MULE_RING,USR55674 -> USR55674,2,0.7,0.0,"Duplicate PAN document shared across 2 customer profiles: Januja Venkataraman, Januja Venkataraman"
RING-SYNTH-0954,SYNTHETIC_IDENTITY_MULE_RING,USR92730 -> USR92730,2,0.7,0.0,"Duplicate PAN document shared across 2 customer profiles: Faqid Mutti, Faqid Mutti"
RING-SYNTH-0955,SYNTHETIC_IDENTITY_MULE_RING,USR85092 -> USR85092,2,0.7,11152.71,"Duplicate PAN document shared across 2 customer profiles: Vrinda Patel, Vrinda Patel"
RING-SYNTH-0956,SYNTHETIC_IDENTITY_MULE_RING,USR34175 -> USR34175,2,0.7,0.0,"Duplicate PAN document shared across 2 customer profiles: Samesh Sengupta, Samesh Sengupta"
RING-SYNTH-0975,SYNTHETIC_IDENTITY_MULE_RING,USR89811 -> USR89811,2,0.7,0.0,"Duplicate PAN document shared across 2 customer profiles: Bachittar Singh, Bachittar Singh"
RING-SYNTH-0974,SYNTHETIC_IDENTITY_MULE_RING,USR42001 -> USR42001,2,0.7,0.0,"Duplicate PAN document shared across 2 customer profiles: Falakbail, Falakbail"
RING-SYNTH-0973,SYNTHETIC_IDENTITY_MULE_RING,USR20761 -> USR20761,2,0.7,0.0,"Duplicate PAN document shared across 2 customer profiles: Bakhshi Chawla, Bakhshi Chawla"
RING-SYNTH-0972,SYNTHETIC_IDENTITY_MULE_RING,USR46454 -> USR46454,2,0.7,0.0,"Duplicate PAN document shared across 2 customer profiles: Ekantika Toor, Ekantika Toor"
RING-SYNTH-0971,SYNTHETIC_IDENTITY_MULE_RING,USR69248 -> USR69248,2,0.7,0.0,"Duplicate PAN document shared across 2 customer profiles: Ladli Gade, Ladli Gade"
RING-SYNTH-0970,SYNTHETIC_IDENTITY_MULE_RING,USR11649 -> USR11649,2,0.7,0.0,"Duplicate PAN document shared across 2 customer profiles: Chavvi Chokshi, Chavvi Chokshi"
RING-SYNTH-0969,SYNTHETIC_IDENTITY_MULE_RING,USR57944 -> USR57944,2,0.7,0.0,"Duplicate PAN document shared across 2 customer profiles: Azad Datta, Azad Datta"
RING-SYNTH-0968,SYNTHETIC_IDENTITY_MULE_RING,USR51575 -> USR51575,2,0.7,0.0,"Duplicate PAN document shared across 2 customer profiles: Veda Badami, Veda Badami"
RING-SYNTH-0967,SYNTHETIC_IDENTITY_MULE_RING,USR78758 -> USR78758,2,0.7,0.0,"Duplicate PAN document shared across 2 customer profiles: Upadhriti Singhal, Upadhriti Singhal"
RING-SYNTH-0966,SYNTHETIC_IDENTITY_MULE_RING,USR61370 -> USR61370,2,0.7,0.0,"Duplicate PAN document shared across 2 customer profiles: Parth Atwal, Parth Atwal"
RING-SYNTH-0965,SYNTHETIC_IDENTITY_MULE_RING,USR40804 -> USR40804,2,0.7,11397.53,"Duplicate PAN document shared across 2 customer profiles: Thomas Bhatt, Thomas Bhatt"
RING-SYNTH-0964,SYNTHETIC_IDENTITY_MULE_RING,USR68295 -> USR68295,2,0.7,0.0,"Duplicate PAN document shared across 2 customer profiles: Laban Bhatti, Laban Bhatti"
RING-SYNTH-0963,SYNTHETIC_IDENTITY_MULE_RING,USR71883 -> USR71883,2,0.7,0.0,"Duplicate PAN document shared across 2 customer profiles: Amara Oak, Amara Oak"
RING-SYNTH-1167,SYNTHETIC_IDENTITY_MULE_RING,USR88292 -> USR88292,2,0.7,0.0,"Duplicate PAN document shared across 2 customer profiles: Laksh Narayan, Laksh Narayan"
RING-SYNTH-0961,SYNTHETIC_IDENTITY_MULE_RING,USR98638 -> USR98638,2,0.7,0.0,"Duplicate PAN document shared across 2 customer profiles: Kalpit Jaggi, Kalpit Jaggi"
RING-SYNTH-0960,SYNTHETIC_IDENTITY_MULE_RING,USR18463 -> USR18463,2,0.7,0.0,"Duplicate PAN document shared across 2 customer profiles: Balveer Virk, Balveer Virk"
RING-SYNTH-0959,SYNTHETIC_IDENTITY_MULE_RING,USR37364 -> USR37364,2,0.7,0.0,"Duplicate PAN document shared across 2 customer profiles: Krish Parekh, Krish Parekh"
RING-SYNTH-0958,SYNTHETIC_IDENTITY_MULE_RING,USR80612 -> USR80612,2,0.7,0.0,"Duplicate PAN document shared across 2 customer profiles: Tanvi Dube, Tanvi Dube"
RING-SYNTH-0957,SYNTHETIC_IDENTITY_MULE_RING,USR53776 -> USR53776,2,0.7,0.0,"Duplicate PAN document shared across 2 customer profiles: Advaith Sur, Advaith Sur"
RING-SYNTH-0932,SYNTHETIC_IDENTITY_MULE_RING,USR43038 -> USR43038,2,0.7,17347.01,"Duplicate PAN document shared across 2 customer profiles: Hemal Mammen, Hemal Mammen"
RING-SYNTH-0930,SYNTHETIC_IDENTITY_MULE_RING,USR20434 -> USR20434,2,0.7,8761.16,"Duplicate PAN document shared across 2 customer profiles: Radha Bose, Radha Bose"
RING-SYNTH-0885,SYNTHETIC_IDENTITY_MULE_RING,USR17287 -> USR17287,2,0.7,0.0,"Duplicate PAN document shared across 2 customer profiles: Shivani Natarajan, Shivani Natarajan"
RING-SYNTH-0896,SYNTHETIC_IDENTITY_MULE_RING,USR14056 -> USR14056,2,0.7,0.0,"Duplicate PAN document shared across 2 customer profiles: Alexander Sinha, Alexander Sinha"
RING-SYNTH-0905,SYNTHETIC_IDENTITY_MULE_RING,USR68692 -> USR68692,2,0.7,0.0,"Duplicate PAN document shared across 2 customer profiles: Abeer Agarwal, Abeer Agarwal"
RING-SYNTH-0904,SYNTHETIC_IDENTITY_MULE_RING,USR94134 -> USR94134,2,0.7,0.0,"Duplicate PAN document shared across 2 customer profiles: Jalsa Mittal, Jalsa Mittal"
RING-SYNTH-0903,SYNTHETIC_IDENTITY_MULE_RING,USR22942 -> USR22942,2,0.7,0.0,"Duplicate PAN document shared across 2 customer profiles: Unni Venkatesh, Unni Venkatesh"
RING-SYNTH-0902,SYNTHETIC_IDENTITY_MULE_RING,USR35755 -> USR35755,2,0.7,1570.23,"Duplicate PAN document shared across 2 customer profiles: Bhanumati Jha, Bhanumati Jha"
RING-SYNTH-0901,SYNTHETIC_IDENTITY_MULE_RING,USR43067 -> USR43067,2,0.7,0.0,"Duplicate PAN document shared across 2 customer profiles: Pranit Handa, Pranit Handa"
RING-SYNTH-0900,SYNTHETIC_IDENTITY_MULE_RING,USR77248 -> USR77248,2,0.7,0.0,"Duplicate PAN document shared across 2 customer profiles: Suhani Bhavsar, Suhani Bhavsar"
RING-SYNTH-0899,SYNTHETIC_IDENTITY_MULE_RING,USR77819 -> USR77819,2,0.7,1882.85,"Duplicate PAN document shared across 2 customer profiles: Reyansh Pal, Reyansh Pal"
RING-SYNTH-0898,SYNTHETIC_IDENTITY_MULE_RING,USR80314 -> USR80314,2,0.7,38283.34,"Duplicate PAN document shared across 2 customer profiles: Eta Khatri, Eta Khatri"
RING-SYNTH-0897,SYNTHETIC_IDENTITY_MULE_RING,USR75937 -> USR75937,2,0.7,1183.68,"Duplicate PAN document shared across 2 customer profiles: Aishani Seshadri, Aishani Seshadri"
RING-SYNTH-0895,SYNTHETIC_IDENTITY_MULE_RING,USR61110 -> USR61110,2,0.7,0.0,"Duplicate PAN document shared across 2 customer profiles: Dayita Oak, Dayita Oak"
RING-SYNTH-0929,SYNTHETIC_IDENTITY_MULE_RING,USR51226 -> USR51226,2,0.7,0.0,"Duplicate PAN document shared across 2 customer profiles: Sai Khare, Sai Khare"
RING-SYNTH-0894,SYNTHETIC_IDENTITY_MULE_RING,USR71876 -> USR71876,2,0.7,0.0,"Duplicate PAN document shared across 2 customer profiles: Pranit De, Pranit De"
RING-SYNTH-0893,SYNTHETIC_IDENTITY_MULE_RING,USR63671 -> USR63671,2,0.7,0.0,"Duplicate PAN document shared across 2 customer profiles: Priya Narayanan, Priya Narayanan"
RING-SYNTH-0892,SYNTHETIC_IDENTITY_MULE_RING,USR65213 -> USR65213,2,0.7,3711.04,"Duplicate PAN document shared across 2 customer profiles: Charvi Gupta, Charvi Gupta"
RING-SYNTH-0891,SYNTHETIC_IDENTITY_MULE_RING,USR24641 -> USR24641,2,0.7,0.0,"Duplicate PAN document shared across 2 customer profiles: Neel Tailor, Neel Tailor"
RING-SYNTH-0890,SYNTHETIC_IDENTITY_MULE_RING,USR13513 -> USR13513,2,0.7,0.0,"Duplicate PAN document shared across 2 customer profiles: Unnimurty, Unnimurty"
RING-SYNTH-0889,SYNTHETIC_IDENTITY_MULE_RING,USR86615 -> USR86615,2,0.7,9809.28,"Duplicate PAN document shared across 2 customer profiles: Benjamin Dugar, Benjamin Dugar"
RING-SYNTH-0888,SYNTHETIC_IDENTITY_MULE_RING,USR47266 -> USR47266,2,0.7,6338.6,"Duplicate PAN document shared across 2 customer profiles: Chakradhar Bera, Chakradhar Bera"
RING-SYNTH-0887,SYNTHETIC_IDENTITY_MULE_RING,USR37496 -> USR37496,2,0.7,0.0,"Duplicate PAN document shared across 2 customer profiles: Isaiah Sem, Isaiah Sem"
RING-SYNTH-0886,SYNTHETIC_IDENTITY_MULE_RING,USR74381 -> USR74381,2,0.7,0.0,"Duplicate PAN document shared across 2 customer profiles: Charita Badal, Charita Badal"
RING-SYNTH-0906,SYNTHETIC_IDENTITY_MULE_RING,USR71413 -> USR71413,2,0.7,0.0,"Duplicate PAN document shared across 2 customer profiles: Anjali Thakur, Anjali Thakur"
RING-SYNTH-0907,SYNTHETIC_IDENTITY_MULE_RING,USR32064 -> USR32064,2,0.7,0.0,"Duplicate PAN document shared across 2 customer profiles: Tripti Khare, Tripti Khare"
RING-SYNTH-0908,SYNTHETIC_IDENTITY_MULE_RING,USR72429 -> USR72429,2,0.7,0.0,"Duplicate PAN document shared across 2 customer profiles: Leela Pandit, Leela Pandit"
RING-SYNTH-0909,SYNTHETIC_IDENTITY_MULE_RING,USR24524 -> USR24524,2,0.7,0.0,"Duplicate PAN document shared across 2 customer profiles: William Sha, William Sha"
RING-SYNTH-0928,SYNTHETIC_IDENTITY_MULE_RING,USR60279 -> USR60279,2,0.7,0.0,"Duplicate PAN document shared across 2 customer profiles: Amrita Bora, Amrita Bora"
RING-SYNTH-0927,SYNTHETIC_IDENTITY_MULE_RING,USR38988 -> USR38988,2,0.7,0.0,"Duplicate PAN document shared across 2 customer profiles: Urvashi Dora, Urvashi Dora"
RING-SYNTH-0926,SYNTHETIC_IDENTITY_MULE_RING,USR48551 -> USR48551,2,0.7,0.0,"Duplicate PAN document shared across 2 customer profiles: Anya Thaman, Anya Thaman"
RING-SYNTH-0925,SYNTHETIC_IDENTITY_MULE_RING,USR62352 -> USR62352,2,0.7,9710.26,"Duplicate PAN document shared across 2 customer profiles: Jagat Bora, Jagat Bora"
RING-SYNTH-0924,SYNTHETIC_IDENTITY_MULE_RING,USR44216 -> USR44216,2,0.7,0.0,"Duplicate PAN document shared across 2 customer profiles: Sathvik Shere, Sathvik Shere"
RING-SYNTH-0923,SYNTHETIC_IDENTITY_MULE_RING,USR46818 -> USR46818,2,0.7,0.0,"Duplicate PAN document shared across 2 customer profiles: Ganga Ben, Ganga Ben"
RING-SYNTH-0922,SYNTHETIC_IDENTITY_MULE_RING,USR66470 -> USR66470,2,0.7,0.0,"Duplicate PAN document shared across 2 customer profiles: Elijah Kulkarni, Elijah Kulkarni"
RING-SYNTH-0921,SYNTHETIC_IDENTITY_MULE_RING,USR41452 -> USR41452,2,0.7,0.0,"Duplicate PAN document shared across 2 customer profiles: Bhanumati Manne, Bhanumati Manne"
RING-SYNTH-0920,SYNTHETIC_IDENTITY_MULE_RING,USR47186 -> USR47186,2,0.7,0.0,"Duplicate PAN document shared across 2 customer profiles: Upma Ramesh, Upma Ramesh"
RING-SYNTH-0919,SYNTHETIC_IDENTITY_MULE_RING,USR72688 -> USR72688,2,0.7,3610.53,"Duplicate PAN document shared across 2 customer profiles: Veer Murthy, Veer Murthy"
RING-SYNTH-0918,SYNTHETIC_IDENTITY_MULE_RING,USR73167 -> USR73167,2,0.7,24905.65,"Duplicate PAN document shared across 2 customer profiles: Guneet Modi, Guneet Modi"
RING-SYNTH-0917,SYNTHETIC_IDENTITY_MULE_RING,USR36841 -> USR36841,2,0.7,0.0,"Duplicate PAN document shared across 2 customer profiles: Naksh Master, Naksh Master"
RING-SYNTH-0916,SYNTHETIC_IDENTITY_MULE_RING,USR30921 -> USR30921,2,0.7,0.0,"Duplicate PAN document shared across 2 customer profiles: Chaman Sule, Chaman Sule"
RING-SYNTH-0915,SYNTHETIC_IDENTITY_MULE_RING,USR76695 -> USR76695,2,0.7,0.0,"Duplicate PAN document shared across 2 customer profiles: Diya Halder, Diya Halder"
RING-SYNTH-0914,SYNTHETIC_IDENTITY_MULE_RING,USR80702 -> USR80702,2,0.7,0.0,"Duplicate PAN document shared across 2 customer profiles: Balvan Bumb, Balvan Bumb"
RING-SYNTH-0913,SYNTHETIC_IDENTITY_MULE_RING,USR99944 -> USR99944,2,0.7,24095.59,"Duplicate PAN document shared across 2 customer profiles: Girindra Varma, Girindra Varma"
RING-SYNTH-0912,SYNTHETIC_IDENTITY_MULE_RING,USR23008 -> USR23008,2,0.7,0.0,"Duplicate PAN document shared across 2 customer profiles: Falguni Baria, Falguni Baria"
RING-SYNTH-0911,SYNTHETIC_IDENTITY_MULE_RING,USR85791 -> USR85791,2,0.7,0.0,"Duplicate PAN document shared across 2 customer profiles: Champak Krishnan, Champak Krishnan"
RING-SYNTH-0910,SYNTHETIC_IDENTITY_MULE_RING,USR50606 -> USR50606,2,0.7,0.0,"Duplicate PAN document shared across 2 customer profiles: Tejas Peri, Tejas Peri"
RING-SYNTH-1166,SYNTHETIC_IDENTITY_MULE_RING,USR70623 -> USR70623,2,0.7,0.0,"Duplicate PAN document shared across 2 customer profiles: Akshay Sengupta, Akshay Sengupta"
RING-SYNTH-1183,SYNTHETIC_IDENTITY_MULE_RING,USR84641 -> USR84641,2,0.7,0.0,"Duplicate PAN document shared across 2 customer profiles: Bimala Gopal, Bimala Gopal"
RING-SYNTH-1168,SYNTHETIC_IDENTITY_MULE_RING,USR22398 -> USR22398,2,0.7,0.0,"Duplicate PAN document shared across 2 customer profiles: Aarna Yogi, Aarna Yogi"
RING-SYNTH-1416,SYNTHETIC_IDENTITY_MULE_RING,USR82740 -> USR82740,2,0.7,0.0,"Duplicate PAN document shared across 2 customer profiles: Yadavi Swaminathan, Yadavi Swaminathan"
RING-SYNTH-1425,SYNTHETIC_IDENTITY_MULE_RING,USR80078 -> USR80078,2,0.7,0.0,"Duplicate PAN document shared across 2 customer profiles: Hitesh Baria, Hitesh Baria"
RING-SYNTH-1424,SYNTHETIC_IDENTITY_MULE_RING,USR25064 -> USR25064,2,0.7,0.0,"Duplicate PAN document shared across 2 customer profiles: Maanas Reddy, Maanas Reddy"
RING-SYNTH-1423,SYNTHETIC_IDENTITY_MULE_RING,USR53637 -> USR53637,2,0.7,0.0,"Duplicate PAN document shared across 2 customer profiles: Abeer Mand, Abeer Mand"
RING-SYNTH-1422,SYNTHETIC_IDENTITY_MULE_RING,USR38338 -> USR38338,2,0.7,0.0,"Duplicate PAN document shared across 2 customer profiles: Aarush Hans, Aarush Hans"
RING-SYNTH-1421,SYNTHETIC_IDENTITY_MULE_RING,USR38801 -> USR38801,2,0.7,0.0,"Duplicate PAN document shared across 2 customer profiles: Atharv Solanki, Atharv Solanki"
RING-SYNTH-1420,SYNTHETIC_IDENTITY_MULE_RING,USR94104 -> USR94104,2,0.7,0.0,"Duplicate PAN document shared across 2 customer profiles: Naveen Kanda, Naveen Kanda"
RING-SYNTH-1419,SYNTHETIC_IDENTITY_MULE_RING,USR27796 -> USR27796,2,0.7,0.0,"Duplicate PAN document shared across 2 customer profiles: Chaayasinha, Chaayasinha"
RING-SYNTH-1418,SYNTHETIC_IDENTITY_MULE_RING,USR56177 -> USR56177,2,0.7,0.0,"Duplicate PAN document shared across 2 customer profiles: Raksha Bera, Raksha Bera"
RING-SYNTH-1417,SYNTHETIC_IDENTITY_MULE_RING,USR79971 -> USR79971,2,0.7,0.0,"Duplicate PAN document shared across 2 customer profiles: Chakrika Chana, Chakrika Chana"
RING-SYNTH-1415,SYNTHETIC_IDENTITY_MULE_RING,USR35590 -> USR35590,2,0.7,20065.68,"Duplicate PAN document shared across 2 customer profiles: Varshakala, Varshakala"
RING-SYNTH-1427,SYNTHETIC_IDENTITY_MULE_RING,USR27892 -> USR27892,2,0.7,0.0,"Duplicate PAN document shared across 2 customer profiles: Upadhriti Thaker, Upadhriti Thaker"
RING-SYNTH-1414,SYNTHETIC_IDENTITY_MULE_RING,USR98096 -> USR98096,2,0.7,0.0,"Duplicate PAN document shared across 2 customer profiles: Radharam, Radharam"
RING-SYNTH-1413,SYNTHETIC_IDENTITY_MULE_RING,USR22003 -> USR22003,2,0.7,0.0,"Duplicate PAN document shared across 2 customer profiles: Pahal Bobal, Pahal Bobal"
RING-SYNTH-1412,SYNTHETIC_IDENTITY_MULE_RING,USR18916 -> USR18916,2,0.7,0.0,"Duplicate PAN document shared across 2 customer profiles: Azaan Sundaram, Azaan Sundaram"
RING-SYNTH-1411,SYNTHETIC_IDENTITY_MULE_RING,USR98605 -> USR98605,2,0.7,0.0,"Duplicate PAN document shared across 2 customer profiles: Ati Buch, Ati Buch"
RING-SYNTH-1410,SYNTHETIC_IDENTITY_MULE_RING,USR29718 -> USR29718,2,0.7,23723.42,"Duplicate PAN document shared across 2 customer profiles: Ekansh Butala, Ekansh Butala"
RING-SYNTH-1409,SYNTHETIC_IDENTITY_MULE_RING,USR93878 -> USR93878,2,0.7,0.0,"Duplicate PAN document shared across 2 customer profiles: Wahab Nayar, Wahab Nayar"
RING-SYNTH-1408,SYNTHETIC_IDENTITY_MULE_RING,USR89116 -> USR89116,2,0.7,25529.06,"Duplicate PAN document shared across 2 customer profiles: Widisha Sule, Widisha Sule"
RING-SYNTH-1407,SYNTHETIC_IDENTITY_MULE_RING,USR51714 -> USR51714,2,0.7,22784.43,"Duplicate PAN document shared across 2 customer profiles: Anamika Chaudhry, Anamika Chaudhry"
RING-SYNTH-1406,SYNTHETIC_IDENTITY_MULE_RING,USR46411 -> USR46411,2,0.7,432.16,"Duplicate PAN document shared across 2 customer profiles: Eshana Arora, Eshana Arora"
RING-SYNTH-1426,SYNTHETIC_IDENTITY_MULE_RING,USR13453 -> USR13453,2,0.7,0.0,"Duplicate PAN document shared across 2 customer profiles: Omya Srinivasan, Omya Srinivasan"
RING-SYNTH-1428,SYNTHETIC_IDENTITY_MULE_RING,USR83207 -> USR83207,2,0.7,0.0,"Duplicate PAN document shared across 2 customer profiles: Divya Murty, Divya Murty"
RING-SYNTH-1357,SYNTHETIC_IDENTITY_MULE_RING,USR21297 -> USR21297,2,0.7,0.0,"Duplicate PAN document shared across 2 customer profiles: Amaira Kaur, Amaira Kaur"
RING-SYNTH-1440,SYNTHETIC_IDENTITY_MULE_RING,USR73933 -> USR73933,2,0.7,0.0,"Duplicate PAN document shared across 2 customer profiles: Vinaya Handa, Vinaya Handa"
RING-SYNTH-1449,SYNTHETIC_IDENTITY_MULE_RING,USR52606 -> USR52606,2,0.7,0.0,"Duplicate PAN document shared across 2 customer profiles: Wakeetamahajan, Wakeetamahajan"
RING-SYNTH-1448,SYNTHETIC_IDENTITY_MULE_RING,USR47231 -> USR47231,2,0.7,0.0,"Duplicate PAN document shared across 2 customer profiles: Quincy Chacko, Quincy Chacko"
RING-SYNTH-1447,SYNTHETIC_IDENTITY_MULE_RING,USR81857 -> USR81857,2,0.7,0.0,"Duplicate PAN document shared across 2 customer profiles: Ojas Raghavan, Ojas Raghavan"
RING-SYNTH-1446,SYNTHETIC_IDENTITY_MULE_RING,USR49920 -> USR49920,2,0.7,0.0,"Duplicate PAN document shared across 2 customer profiles: Ekavir Sheth, Ekavir Sheth"
RING-SYNTH-1445,SYNTHETIC_IDENTITY_MULE_RING,USR80761 -> USR80761,2,0.7,0.0,"Duplicate PAN document shared across 2 customer profiles: Lavanya Shah, Lavanya Shah"
RING-SYNTH-1444,SYNTHETIC_IDENTITY_MULE_RING,USR38016 -> USR38016,2,0.7,3433.0,"Duplicate PAN document shared across 2 customer profiles: Chakradev Wason, Chakradev Wason"
RING-SYNTH-1443,SYNTHETIC_IDENTITY_MULE_RING,USR65065 -> USR65065,2,0.7,0.0,"Duplicate PAN document shared across 2 customer profiles: Kevin Krishnamurthy, Kevin Krishnamurthy"
RING-SYNTH-1442,SYNTHETIC_IDENTITY_MULE_RING,USR23507 -> USR23507,2,0.7,0.0,"Duplicate PAN document shared across 2 customer profiles: Anjali Sachdev, Anjali Sachdev"
RING-SYNTH-1441,SYNTHETIC_IDENTITY_MULE_RING,USR24887 -> USR24887,2,0.7,0.0,"Duplicate PAN document shared across 2 customer profiles: Samesh Dara, Samesh Dara"
RING-SYNTH-1439,SYNTHETIC_IDENTITY_MULE_RING,USR19632 -> USR19632,2,0.7,0.0,"Duplicate PAN document shared across 2 customer profiles: Gautami Vala, Gautami Vala"
RING-SYNTH-1429,SYNTHETIC_IDENTITY_MULE_RING,USR96820 -> USR96820,2,0.7,14115.4,"Duplicate PAN document shared across 2 customer profiles: Dalaja Kala, Dalaja Kala"
RING-SYNTH-1438,SYNTHETIC_IDENTITY_MULE_RING,USR22232 -> USR22232,2,0.7,0.0,"Duplicate PAN document shared across 2 customer profiles: Girindra Dar, Girindra Dar"
RING-SYNTH-1437,SYNTHETIC_IDENTITY_MULE_RING,USR73326 -> USR73326,2,0.7,0.0,"Duplicate PAN document shared across 2 customer profiles: Theodore Hora, Theodore Hora"
RING-SYNTH-1436,SYNTHETIC_IDENTITY_MULE_RING,USR51989 -> USR51989,2,0.7,0.0,"Duplicate PAN document shared across 2 customer profiles: Alexander Grewal, Alexander Grewal"
RING-SYNTH-1435,SYNTHETIC_IDENTITY_MULE_RING,USR28715 -> USR28715,2,0.7,1631.19,"Duplicate PAN document shared across 2 customer profiles: Yoshita Hayre, Yoshita Hayre"
RING-SYNTH-1434,SYNTHETIC_IDENTITY_MULE_RING,USR14918 -> USR14918,2,0.7,0.0,"Duplicate PAN document shared across 2 customer profiles: Kala Saraf, Kala Saraf"
RING-SYNTH-1433,SYNTHETIC_IDENTITY_MULE_RING,USR47665 -> USR47665,2,0.7,0.0,"Duplicate PAN document shared across 2 customer profiles: Alka Bhargava, Alka Bhargava"
RING-SYNTH-1432,SYNTHETIC_IDENTITY_MULE_RING,USR93965 -> USR93965,2,0.7,0.0,"Duplicate PAN document shared across 2 customer profiles: Devansh Atwal, Devansh Atwal"
RING-SYNTH-1431,SYNTHETIC_IDENTITY_MULE_RING,USR80634 -> USR80634,2,0.7,21365.67,"Duplicate PAN document shared across 2 customer profiles: Nidhi Doctor, Nidhi Doctor"
RING-SYNTH-1430,SYNTHETIC_IDENTITY_MULE_RING,USR85416 -> USR85416,2,0.7,0.0,"Duplicate PAN document shared across 2 customer profiles: Divya Sehgal, Divya Sehgal"
RING-SYNTH-1405,SYNTHETIC_IDENTITY_MULE_RING,USR56005 -> USR56005,2,0.7,0.0,"Duplicate PAN document shared across 2 customer profiles: Dakshesh Mittal, Dakshesh Mittal"
RING-SYNTH-1404,SYNTHETIC_IDENTITY_MULE_RING,USR56835 -> USR56835,2,0.7,17058.0,"Duplicate PAN document shared across 2 customer profiles: Anjali Malhotra, Anjali Malhotra"
RING-SYNTH-1403,SYNTHETIC_IDENTITY_MULE_RING,USR35600 -> USR35600,2,0.7,0.0,"Duplicate PAN document shared across 2 customer profiles: Quincy Arya, Quincy Arya"
RING-SYNTH-1369,SYNTHETIC_IDENTITY_MULE_RING,USR73006 -> USR73006,2,0.7,0.0,"Duplicate PAN document shared across 2 customer profiles: Girish Pingle, Girish Pingle"
RING-SYNTH-1378,SYNTHETIC_IDENTITY_MULE_RING,USR69940 -> USR69940,2,0.7,0.0,"Duplicate PAN document shared across 2 customer profiles: Nirjaupadhyay, Nirjaupadhyay"
RING-SYNTH-1377,SYNTHETIC_IDENTITY_MULE_RING,USR53742 -> USR53742,2,0.7,0.0,"Duplicate PAN document shared across 2 customer profiles: Aashi Kapoor, Aashi Kapoor"
RING-SYNTH-1376,SYNTHETIC_IDENTITY_MULE_RING,USR60067 -> USR60067,2,0.7,0.0,"Duplicate PAN document shared across 2 customer profiles: Sai Kibe, Sai Kibe"
RING-SYNTH-1375,SYNTHETIC_IDENTITY_MULE_RING,USR46128 -> USR46128,2,0.7,0.0,"Duplicate PAN document shared across 2 customer profiles: Faris Ganesh, Faris Ganesh"
RING-SYNTH-1374,SYNTHETIC_IDENTITY_MULE_RING,USR39978 -> USR39978,2,0.7,0.0,"Duplicate PAN document shared across 2 customer profiles: George Sahni, George Sahni"
RING-SYNTH-1373,SYNTHETIC_IDENTITY_MULE_RING,USR57441 -> USR57441,2,0.7,0.0,"Duplicate PAN document shared across 2 customer profiles: Ranveer Majumdar, Ranveer Majumdar"
RING-SYNTH-1372,SYNTHETIC_IDENTITY_MULE_RING,USR15257 -> USR15257,2,0.7,0.0,"Duplicate PAN document shared across 2 customer profiles: Mason Chanda, Mason Chanda"
RING-SYNTH-1371,SYNTHETIC_IDENTITY_MULE_RING,USR17255 -> USR17255,2,0.7,0.0,"Duplicate PAN document shared across 2 customer profiles: Anusha Pant, Anusha Pant"
RING-SYNTH-1370,SYNTHETIC_IDENTITY_MULE_RING,USR75673 -> USR75673,2,0.7,0.0,"Duplicate PAN document shared across 2 customer profiles: Reyansh Bawa, Reyansh Bawa"
RING-SYNTH-1368,SYNTHETIC_IDENTITY_MULE_RING,USR33204 -> USR33204,2,0.7,21012.84,"Duplicate PAN document shared across 2 customer profiles: Veer Shenoy, Veer Shenoy"
RING-SYNTH-1402,SYNTHETIC_IDENTITY_MULE_RING,USR17634 -> USR17634,2,0.7,0.0,"Duplicate PAN document shared across 2 customer profiles: Xiti Raman, Xiti Raman"
RING-SYNTH-1367,SYNTHETIC_IDENTITY_MULE_RING,USR77402 -> USR77402,2,0.7,0.0,"Duplicate PAN document shared across 2 customer profiles: Keya Kanda, Keya Kanda"
RING-SYNTH-1366,SYNTHETIC_IDENTITY_MULE_RING,USR21657 -> USR21657,2,0.7,0.0,"Duplicate PAN document shared across 2 customer profiles: Jatin Kant, Jatin Kant"
RING-SYNTH-1365,SYNTHETIC_IDENTITY_MULE_RING,USR64110 -> USR64110,2,0.7,0.0,"Duplicate PAN document shared across 2 customer profiles: Shaurya Sen, Shaurya Sen"
RING-SYNTH-1364,SYNTHETIC_IDENTITY_MULE_RING,USR26012 -> USR26012,2,0.7,0.0,"Duplicate PAN document shared across 2 customer profiles: Samuel Bora, Samuel Bora"
RING-SYNTH-1363,SYNTHETIC_IDENTITY_MULE_RING,USR76807 -> USR76807,2,0.7,18600.19,"Duplicate PAN document shared across 2 customer profiles: Praneel Buch, Praneel Buch"
RING-SYNTH-1362,SYNTHETIC_IDENTITY_MULE_RING,USR14915 -> USR14915,2,0.7,0.0,"Duplicate PAN document shared across 2 customer profiles: Vedika D'Alia, Vedika D'Alia"
RING-SYNTH-1361,SYNTHETIC_IDENTITY_MULE_RING,USR57329 -> USR57329,2,0.7,0.0,"Duplicate PAN document shared across 2 customer profiles: Aachal Tank, Aachal Tank"
RING-SYNTH-1360,SYNTHETIC_IDENTITY_MULE_RING,USR34268 -> USR34268,2,0.7,0.0,"Duplicate PAN document shared across 2 customer profiles: Ijaya Sathe, Ijaya Sathe"
RING-SYNTH-1359,SYNTHETIC_IDENTITY_MULE_RING,USR41926 -> USR41926,2,0.7,0.0,"Duplicate PAN document shared across 2 customer profiles: Michael Kant, Michael Kant"
RING-SYNTH-1379,SYNTHETIC_IDENTITY_MULE_RING,USR76546 -> USR76546,2,0.7,0.0,"Duplicate PAN document shared across 2 customer profiles: Anita Bahri, Anita Bahri"
RING-SYNTH-1380,SYNTHETIC_IDENTITY_MULE_RING,USR35527 -> USR35527,2,0.7,0.0,"Duplicate PAN document shared across 2 customer profiles: Aahana Bhatt, Aahana Bhatt"
RING-SYNTH-1381,SYNTHETIC_IDENTITY_MULE_RING,USR63107 -> USR63107,2,0.7,0.0,"Duplicate PAN document shared across 2 customer profiles: Lipika Shenoy, Lipika Shenoy"
RING-SYNTH-1382,SYNTHETIC_IDENTITY_MULE_RING,USR55372 -> USR55372,2,0.7,0.0,"Duplicate PAN document shared across 2 customer profiles: Charan Bali, Charan Bali"
RING-SYNTH-1401,SYNTHETIC_IDENTITY_MULE_RING,USR95939 -> USR95939,2,0.7,21260.57,"Duplicate PAN document shared across 2 customer profiles: Nathan Halder, Nathan Halder"
RING-SYNTH-1400,SYNTHETIC_IDENTITY_MULE_RING,USR27428 -> USR27428,2,0.7,0.0,"Duplicate PAN document shared across 2 customer profiles: Bishakha Dhingra, Bishakha Dhingra"
RING-SYNTH-1399,SYNTHETIC_IDENTITY_MULE_RING,USR47945 -> USR47945,2,0.7,0.0,"Duplicate PAN document shared across 2 customer profiles: Hemani Bhattacharyya, Hemani Bhattacharyya"
RING-SYNTH-1398,SYNTHETIC_IDENTITY_MULE_RING,USR93400 -> USR93400,2,0.7,0.0,"Duplicate PAN document shared across 2 customer profiles: Chakradhar Kade, Chakradhar Kade"
RING-SYNTH-1397,SYNTHETIC_IDENTITY_MULE_RING,USR80626 -> USR80626,2,0.7,0.0,"Duplicate PAN document shared across 2 customer profiles: Brijesh Patla, Brijesh Patla"
RING-SYNTH-1396,SYNTHETIC_IDENTITY_MULE_RING,USR59316 -> USR59316,2,0.7,0.0,"Duplicate PAN document shared across 2 customer profiles: Prisha Chander, Prisha Chander"
RING-SYNTH-1395,SYNTHETIC_IDENTITY_MULE_RING,USR71504 -> USR71504,2,0.7,0.0,"Duplicate PAN document shared across 2 customer profiles: Yug Hora, Yug Hora"
RING-SYNTH-1394,SYNTHETIC_IDENTITY_MULE_RING,USR54909 -> USR54909,2,0.7,3923.75,"Duplicate PAN document shared across 2 customer profiles: Chatresh Mahal, Chatresh Mahal"
RING-SYNTH-1393,SYNTHETIC_IDENTITY_MULE_RING,USR52451 -> USR52451,2,0.7,0.0,"Duplicate PAN document shared across 2 customer profiles: Ekta Parikh, Ekta Parikh"
RING-SYNTH-1392,SYNTHETIC_IDENTITY_MULE_RING,USR29199 -> USR29199,2,0.7,0.0,"Duplicate PAN document shared across 2 customer profiles: Mahika Chokshi, Mahika Chokshi"
RING-SYNTH-1391,SYNTHETIC_IDENTITY_MULE_RING,USR92307 -> USR92307,2,0.7,0.0,"Duplicate PAN document shared across 2 customer profiles: Jagvi Naik, Jagvi Naik"
RING-SYNTH-1390,SYNTHETIC_IDENTITY_MULE_RING,USR55529 -> USR55529,2,0.7,0.0,"Duplicate PAN document shared across 2 customer profiles: Hema Thakur, Hema Thakur"
RING-SYNTH-1389,SYNTHETIC_IDENTITY_MULE_RING,USR62367 -> USR62367,2,0.7,0.0,"Duplicate PAN document shared across 2 customer profiles: Nilima Hora, Nilima Hora"
RING-SYNTH-1388,SYNTHETIC_IDENTITY_MULE_RING,USR18558 -> USR18558,2,0.7,7698.9,"Duplicate PAN document shared across 2 customer profiles: Zehaan D'Alia, Zehaan D'Alia"
RING-SYNTH-1387,SYNTHETIC_IDENTITY_MULE_RING,USR18596 -> USR18596,2,0.7,18428.28,"Duplicate PAN document shared across 2 customer profiles: Ekapad Dar, Ekapad Dar"
RING-SYNTH-1386,SYNTHETIC_IDENTITY_MULE_RING,USR22024 -> USR22024,2,0.7,0.0,"Duplicate PAN document shared across 2 customer profiles: Aryan Chatterjee, Aryan Chatterjee"
RING-SYNTH-1385,SYNTHETIC_IDENTITY_MULE_RING,USR62068 -> USR62068,2,0.7,0.0,"Duplicate PAN document shared across 2 customer profiles: Ishaan Parikh, Ishaan Parikh"
RING-SYNTH-1384,SYNTHETIC_IDENTITY_MULE_RING,USR65454 -> USR65454,2,0.7,0.0,"Duplicate PAN document shared across 2 customer profiles: Sachi Jha, Sachi Jha"
RING-SYNTH-1383,SYNTHETIC_IDENTITY_MULE_RING,USR64431 -> USR64431,2,0.7,24117.49,"Duplicate PAN document shared across 2 customer profiles: Vinaya Thaman, Vinaya Thaman"
RING-SYNTH-1450,SYNTHETIC_IDENTITY_MULE_RING,USR79824 -> USR79824,2,0.7,0.0,"Duplicate PAN document shared across 2 customer profiles: Patrick Saini, Patrick Saini"
RING-SYNTH-1451,SYNTHETIC_IDENTITY_MULE_RING,USR16142 -> USR16142,2,0.7,0.0,"Duplicate PAN document shared across 2 customer profiles: Nitarabutala, Nitarabutala"
RING-SYNTH-1452,SYNTHETIC_IDENTITY_MULE_RING,USR53697 -> USR53697,2,0.7,0.0,"Duplicate PAN document shared across 2 customer profiles: Krisha Dar, Krisha Dar"
RING-SYNTH-1511,SYNTHETIC_IDENTITY_MULE_RING,USR14425 -> USR14425,2,0.7,0.0,"Duplicate PAN document shared across 2 customer profiles: Rajata Arora, Rajata Arora"
RING-SYNTH-1520,SYNTHETIC_IDENTITY_MULE_RING,USR51966 -> USR51966,2,0.7,0.0,"Duplicate PAN document shared across 2 customer profiles: Pushti Sawhney, Pushti Sawhney"
RING-SYNTH-1519,SYNTHETIC_IDENTITY_MULE_RING,USR15615 -> USR15615,2,0.7,0.0,"Duplicate PAN document shared across 2 customer profiles: Rajeshri Thaman, Rajeshri Thaman"
RING-SYNTH-1518,SYNTHETIC_IDENTITY_MULE_RING,USR19803 -> USR19803,2,0.7,0.0,"Duplicate PAN document shared across 2 customer profiles: Warinder Magar, Warinder Magar"
RING-SYNTH-1517,SYNTHETIC_IDENTITY_MULE_RING,USR66281 -> USR66281,2,0.7,0.0,"Duplicate PAN document shared across 2 customer profiles: Aahana Shetty, Aahana Shetty"
RING-SYNTH-1516,SYNTHETIC_IDENTITY_MULE_RING,USR94803 -> USR94803,2,0.7,0.0,"Duplicate PAN document shared across 2 customer profiles: Libni Bahl, Libni Bahl"
RING-SYNTH-1515,SYNTHETIC_IDENTITY_MULE_RING,USR69903 -> USR69903,2,0.7,0.0,"Duplicate PAN document shared across 2 customer profiles: Tanish Prakash, Tanish Prakash"
RING-SYNTH-1514,SYNTHETIC_IDENTITY_MULE_RING,USR94422 -> USR94422,2,0.7,0.0,"Duplicate PAN document shared across 2 customer profiles: Umang Sarin, Umang Sarin"
RING-SYNTH-1513,SYNTHETIC_IDENTITY_MULE_RING,USR62691 -> USR62691,2,0.7,0.0,"Duplicate PAN document shared across 2 customer profiles: Advaithchad, Advaithchad"
RING-SYNTH-1512,SYNTHETIC_IDENTITY_MULE_RING,USR84996 -> USR84996,2,0.7,7613.0,"Duplicate PAN document shared across 2 customer profiles: Chanchal Loke, Chanchal Loke"
RING-SYNTH-1510,SYNTHETIC_IDENTITY_MULE_RING,USR49956 -> USR49956,2,0.7,0.0,"Duplicate PAN document shared across 2 customer profiles: Harrison Palla, Harrison Palla"
RING-SYNTH-1499,SYNTHETIC_IDENTITY_MULE_RING,USR90111 -> USR90111,2,0.7,0.0,"Duplicate PAN document shared across 2 customer profiles: Petertrivedi, Petertrivedi"
RING-SYNTH-1509,SYNTHETIC_IDENTITY_MULE_RING,USR82975 -> USR82975,2,0.7,0.0,"Duplicate PAN document shared across 2 customer profiles: Teerth Keer, Teerth Keer"
RING-SYNTH-1508,SYNTHETIC_IDENTITY_MULE_RING,USR79590 -> USR79590,2,0.7,18666.68,"Duplicate PAN document shared across 2 customer profiles: Charan Jaggi, Charan Jaggi"
RING-SYNTH-1507,SYNTHETIC_IDENTITY_MULE_RING,USR86256 -> USR86256,2,0.7,0.0,"Duplicate PAN document shared across 2 customer profiles: Aarini Kadakia, Aarini Kadakia"
RING-SYNTH-1506,SYNTHETIC_IDENTITY_MULE_RING,USR63026 -> USR63026,2,0.7,0.0,"Duplicate PAN document shared across 2 customer profiles: Victor Mane, Victor Mane"
RING-SYNTH-1505,SYNTHETIC_IDENTITY_MULE_RING,USR26551 -> USR26551,2,0.7,0.0,"Duplicate PAN document shared across 2 customer profiles: Max Varughese, Max Varughese"
RING-SYNTH-1504,SYNTHETIC_IDENTITY_MULE_RING,USR10500 -> USR10500,2,0.7,0.0,"Duplicate PAN document shared across 2 customer profiles: Aradhana Gill, Aradhana Gill"
RING-SYNTH-1503,SYNTHETIC_IDENTITY_MULE_RING,USR35377 -> USR35377,2,0.7,0.0,"Duplicate PAN document shared across 2 customer profiles: Jatin Ahuja, Jatin Ahuja"
RING-SYNTH-1502,SYNTHETIC_IDENTITY_MULE_RING,USR51933 -> USR51933,2,0.7,0.0,"Duplicate PAN document shared across 2 customer profiles: Zayyan Savant, Zayyan Savant"
RING-SYNTH-1501,SYNTHETIC_IDENTITY_MULE_RING,USR79491 -> USR79491,2,0.7,0.0,"Duplicate PAN document shared across 2 customer profiles: Matthew Issac, Matthew Issac"
RING-SYNTH-1521,SYNTHETIC_IDENTITY_MULE_RING,USR30732 -> USR30732,2,0.7,0.0,"Duplicate PAN document shared across 2 customer profiles: Zayan Grover, Zayan Grover"
RING-SYNTH-1522,SYNTHETIC_IDENTITY_MULE_RING,USR68155 -> USR68155,2,0.7,0.0,"Duplicate PAN document shared across 2 customer profiles: Mahika Dixit, Mahika Dixit"
RING-SYNTH-1523,SYNTHETIC_IDENTITY_MULE_RING,USR57834 -> USR57834,2,0.7,0.0,"Duplicate PAN document shared across 2 customer profiles: Damyanti Gole, Damyanti Gole"
RING-SYNTH-1524,SYNTHETIC_IDENTITY_MULE_RING,USR36612 -> USR36612,2,0.7,0.0,"Duplicate PAN document shared across 2 customer profiles: Nihal Sarraf, Nihal Sarraf"
RING-SYNTH-1543,SYNTHETIC_IDENTITY_MULE_RING,USR49881 -> USR49881,2,0.7,0.0,"Duplicate PAN document shared across 2 customer profiles: Neha Lanka, Neha Lanka"
RING-SYNTH-1542,SYNTHETIC_IDENTITY_MULE_RING,USR32488 -> USR32488,2,0.7,0.0,"Duplicate PAN document shared across 2 customer profiles: Parth Acharya, Parth Acharya"
RING-SYNTH-1541,SYNTHETIC_IDENTITY_MULE_RING,USR94726 -> USR94726,2,0.7,0.0,"Duplicate PAN document shared across 2 customer profiles: Dhriti Dhingra, Dhriti Dhingra"
RING-SYNTH-1540,SYNTHETIC_IDENTITY_MULE_RING,USR82695 -> USR82695,2,0.7,0.0,"Duplicate PAN document shared across 2 customer profiles: Pahal Behl, Pahal Behl"
RING-SYNTH-1539,SYNTHETIC_IDENTITY_MULE_RING,USR71493 -> USR71493,2,0.7,18989.57,"Duplicate PAN document shared across 2 customer profiles: Eta Shukla, Eta Shukla"
RING-SYNTH-1538,SYNTHETIC_IDENTITY_MULE_RING,USR13993 -> USR13993,2,0.7,0.0,"Duplicate PAN document shared across 2 customer profiles: Aachal Baral, Aachal Baral"
RING-SYNTH-1537,SYNTHETIC_IDENTITY_MULE_RING,USR25057 -> USR25057,2,0.7,0.0,"Duplicate PAN document shared across 2 customer profiles: Triya Randhawa, Triya Randhawa"
RING-SYNTH-1536,SYNTHETIC_IDENTITY_MULE_RING,USR12146 -> USR12146,2,0.7,7358.75,"Duplicate PAN document shared across 2 customer profiles: Arya Bali, Arya Bali"
RING-SYNTH-1535,SYNTHETIC_IDENTITY_MULE_RING,USR73459 -> USR73459,2,0.7,0.0,"Duplicate PAN document shared across 2 customer profiles: Chaaya Menon, Chaaya Menon"
RING-SYNTH-1534,SYNTHETIC_IDENTITY_MULE_RING,USR52997 -> USR52997,2,0.7,0.0,"Duplicate PAN document shared across 2 customer profiles: Bhavna Korpal, Bhavna Korpal"
RING-SYNTH-1533,SYNTHETIC_IDENTITY_MULE_RING,USR45300 -> USR45300,2,0.7,18705.0,"Duplicate PAN document shared across 2 customer profiles: Ishita Kashyap, Ishita Kashyap"
RING-SYNTH-1532,SYNTHETIC_IDENTITY_MULE_RING,USR17990 -> USR17990,2,0.7,18421.0,"Duplicate PAN document shared across 2 customer profiles: Liam Minhas, Liam Minhas"
RING-SYNTH-1531,SYNTHETIC_IDENTITY_MULE_RING,USR10561 -> USR10561,2,0.7,12847.56,"Duplicate PAN document shared across 2 customer profiles: Anusha Bhatnagar, Anusha Bhatnagar"
RING-SYNTH-1530,SYNTHETIC_IDENTITY_MULE_RING,USR93564 -> USR93564,2,0.7,0.0,"Duplicate PAN document shared across 2 customer profiles: Wridesh Narain, Wridesh Narain"
RING-SYNTH-1529,SYNTHETIC_IDENTITY_MULE_RING,USR84581 -> USR84581,2,0.7,8646.03,"Duplicate PAN document shared across 2 customer profiles: Zarna Mandal, Zarna Mandal"
RING-SYNTH-1528,SYNTHETIC_IDENTITY_MULE_RING,USR41216 -> USR41216,2,0.7,0.0,"Duplicate PAN document shared across 2 customer profiles: Inaya Merchant, Inaya Merchant"
RING-SYNTH-1527,SYNTHETIC_IDENTITY_MULE_RING,USR12530 -> USR12530,2,0.7,0.0,"Duplicate PAN document shared across 2 customer profiles: Omaja Pai, Omaja Pai"
RING-SYNTH-1526,SYNTHETIC_IDENTITY_MULE_RING,USR68539 -> USR68539,2,0.7,0.0,"Duplicate PAN document shared across 2 customer profiles: Arjun Hegde, Arjun Hegde"
RING-SYNTH-1525,SYNTHETIC_IDENTITY_MULE_RING,USR34003 -> USR34003,2,0.7,0.0,"Duplicate PAN document shared across 2 customer profiles: Chaitaly Bath, Chaitaly Bath"
RING-SYNTH-1500,SYNTHETIC_IDENTITY_MULE_RING,USR32614 -> USR32614,2,0.7,0.0,"Duplicate PAN document shared across 2 customer profiles: Jagvi Bahl, Jagvi Bahl"
RING-SYNTH-1498,SYNTHETIC_IDENTITY_MULE_RING,USR49986 -> USR49986,2,0.7,13149.46,"Duplicate PAN document shared across 2 customer profiles: Mekhalabalasubramanian, Mekhalabalasubramanian"
RING-SYNTH-1453,SYNTHETIC_IDENTITY_MULE_RING,USR80501 -> USR80501,2,0.7,0.0,"Duplicate PAN document shared across 2 customer profiles: Yashawini Upadhyay, Yashawini Upadhyay"
RING-SYNTH-1464,SYNTHETIC_IDENTITY_MULE_RING,USR14142 -> USR14142,2,0.7,0.0,"Duplicate PAN document shared across 2 customer profiles: Ria Bala, Ria Bala"
RING-SYNTH-1473,SYNTHETIC_IDENTITY_MULE_RING,USR68665 -> USR68665,2,0.7,16073.74,"Duplicate PAN document shared across 2 customer profiles: Yashvi Bains, Yashvi Bains"
RING-SYNTH-1472,SYNTHETIC_IDENTITY_MULE_RING,USR34473 -> USR34473,2,0.7,0.0,"Duplicate PAN document shared across 2 customer profiles: Chameli Desai, Chameli Desai"
RING-SYNTH-1471,SYNTHETIC_IDENTITY_MULE_RING,USR70670 -> USR70670,2,0.7,0.0,"Duplicate PAN document shared across 2 customer profiles: Prishasehgal, Prishasehgal"
RING-SYNTH-1470,SYNTHETIC_IDENTITY_MULE_RING,USR83431 -> USR83431,2,0.7,0.0,"Duplicate PAN document shared across 2 customer profiles: Manya Deep, Manya Deep"
RING-SYNTH-1469,SYNTHETIC_IDENTITY_MULE_RING,USR95954 -> USR95954,2,0.7,6094.0,"Duplicate PAN document shared across 2 customer profiles: Abha Dass, Abha Dass"
RING-SYNTH-1468,SYNTHETIC_IDENTITY_MULE_RING,USR37682 -> USR37682,2,0.7,0.0,"Duplicate PAN document shared across 2 customer profiles: Avni Dugar, Avni Dugar"
RING-SYNTH-1467,SYNTHETIC_IDENTITY_MULE_RING,USR62251 -> USR62251,2,0.7,0.0,"Duplicate PAN document shared across 2 customer profiles: Darpan Balakrishnan, Darpan Balakrishnan"
RING-SYNTH-1466,SYNTHETIC_IDENTITY_MULE_RING,USR20233 -> USR20233,2,0.7,0.0,"Duplicate PAN document shared across 2 customer profiles: Yashodhara Om, Yashodhara Om"
RING-SYNTH-1465,SYNTHETIC_IDENTITY_MULE_RING,USR50127 -> USR50127,2,0.7,0.0,"Duplicate PAN document shared across 2 customer profiles: Manbir Bandi, Manbir Bandi"
RING-SYNTH-1463,SYNTHETIC_IDENTITY_MULE_RING,USR65550 -> USR65550,2,0.7,0.0,"Duplicate PAN document shared across 2 customer profiles: Ishanvirajan, Ishanvirajan"
RING-SYNTH-1497,SYNTHETIC_IDENTITY_MULE_RING,USR52242 -> USR52242,2,0.7,0.0,"Duplicate PAN document shared across 2 customer profiles: Tanvi Iyer, Tanvi Iyer"
RING-SYNTH-1462,SYNTHETIC_IDENTITY_MULE_RING,USR14366 -> USR14366,2,0.7,0.0,"Duplicate PAN document shared across 2 customer profiles: Aradhana Iyer, Aradhana Iyer"
RING-SYNTH-1461,SYNTHETIC_IDENTITY_MULE_RING,USR83279 -> USR83279,2,0.7,0.0,"Duplicate PAN document shared across 2 customer profiles: Frado Ahluwalia, Frado Ahluwalia"
RING-SYNTH-1460,SYNTHETIC_IDENTITY_MULE_RING,USR84026 -> USR84026,2,0.7,0.0,"Duplicate PAN document shared across 2 customer profiles: Vedhika Choudhury, Vedhika Choudhury"
RING-SYNTH-1459,SYNTHETIC_IDENTITY_MULE_RING,USR59962 -> USR59962,2,0.7,0.0,"Duplicate PAN document shared across 2 customer profiles: Logan Roy, Logan Roy"
RING-SYNTH-1458,SYNTHETIC_IDENTITY_MULE_RING,USR80737 -> USR80737,2,0.7,0.0,"Duplicate PAN document shared across 2 customer profiles: Abeer Majumdar, Abeer Majumdar"
RING-SYNTH-1457,SYNTHETIC_IDENTITY_MULE_RING,USR69819 -> USR69819,2,0.7,0.0,"Duplicate PAN document shared across 2 customer profiles: Zayyan Yadav, Zayyan Yadav"
RING-SYNTH-1456,SYNTHETIC_IDENTITY_MULE_RING,USR80202 -> USR80202,2,0.7,0.0,"Duplicate PAN document shared across 2 customer profiles: Aadi Aurora, Aadi Aurora"
RING-SYNTH-1455,SYNTHETIC_IDENTITY_MULE_RING,USR92720 -> USR92720,2,0.7,15029.64,"Duplicate PAN document shared across 2 customer profiles: Ayush Balasubramanian, Ayush Balasubramanian"
RING-SYNTH-1454,SYNTHETIC_IDENTITY_MULE_RING,USR48177 -> USR48177,2,0.7,0.0,"Duplicate PAN document shared across 2 customer profiles: Devansh Sarraf, Devansh Sarraf"
RING-SYNTH-1474,SYNTHETIC_IDENTITY_MULE_RING,USR12033 -> USR12033,2,0.7,0.0,"Duplicate PAN document shared across 2 customer profiles: Raagini Bhatti, Raagini Bhatti"
RING-SYNTH-1475,SYNTHETIC_IDENTITY_MULE_RING,USR20624 -> USR20624,2,0.7,0.0,"Duplicate PAN document shared across 2 customer profiles: Madhav Sane, Madhav Sane"
RING-SYNTH-1476,SYNTHETIC_IDENTITY_MULE_RING,USR39762 -> USR39762,2,0.7,28263.43,"Duplicate PAN document shared across 2 customer profiles: Ryan Balakrishnan, Ryan Balakrishnan"
RING-SYNTH-1477,SYNTHETIC_IDENTITY_MULE_RING,USR36921 -> USR36921,2,0.7,0.0,"Duplicate PAN document shared across 2 customer profiles: Libni Padmanabhan, Libni Padmanabhan"
RING-SYNTH-1496,SYNTHETIC_IDENTITY_MULE_RING,USR17596 -> USR17596,2,0.7,0.0,"Duplicate PAN document shared across 2 customer profiles: Chasmum Dugar, Chasmum Dugar"
RING-SYNTH-1495,SYNTHETIC_IDENTITY_MULE_RING,USR35631 -> USR35631,2,0.7,0.0,"Duplicate PAN document shared across 2 customer profiles: Lucky Bahri, Lucky Bahri"
RING-SYNTH-1494,SYNTHETIC_IDENTITY_MULE_RING,USR93079 -> USR93079,2,0.7,2884.12,"Duplicate PAN document shared across 2 customer profiles: Eiravati Mall, Eiravati Mall"
RING-SYNTH-1493,SYNTHETIC_IDENTITY_MULE_RING,USR71234 -> USR71234,2,0.7,0.0,"Duplicate PAN document shared across 2 customer profiles: Ganga Badal, Ganga Badal"
RING-SYNTH-1492,SYNTHETIC_IDENTITY_MULE_RING,USR21292 -> USR21292,2,0.7,0.0,"Duplicate PAN document shared across 2 customer profiles: Manbir Vaidya, Manbir Vaidya"
RING-SYNTH-1491,SYNTHETIC_IDENTITY_MULE_RING,USR21568 -> USR21568,2,0.7,0.0,"Duplicate PAN document shared across 2 customer profiles: Sanaya Srinivas, Sanaya Srinivas"
RING-SYNTH-1490,SYNTHETIC_IDENTITY_MULE_RING,USR92446 -> USR92446,2,0.7,0.0,"Duplicate PAN document shared across 2 customer profiles: Nathaniel Kumar, Nathaniel Kumar"
RING-SYNTH-1489,SYNTHETIC_IDENTITY_MULE_RING,USR47325 -> USR47325,2,0.7,0.0,"Duplicate PAN document shared across 2 customer profiles: Raksha Gala, Raksha Gala"
RING-SYNTH-1488,SYNTHETIC_IDENTITY_MULE_RING,USR63880 -> USR63880,2,0.7,22050.24,"Duplicate PAN document shared across 2 customer profiles: Zinal Kurian, Zinal Kurian"
RING-SYNTH-1487,SYNTHETIC_IDENTITY_MULE_RING,USR70274 -> USR70274,2,0.7,0.0,"Duplicate PAN document shared across 2 customer profiles: Baghyawati Sawhney, Baghyawati Sawhney"
RING-SYNTH-1486,SYNTHETIC_IDENTITY_MULE_RING,USR35934 -> USR35934,2,0.7,0.0,"Duplicate PAN document shared across 2 customer profiles: Upma Manda, Upma Manda"
RING-SYNTH-1485,SYNTHETIC_IDENTITY_MULE_RING,USR35202 -> USR35202,2,0.7,0.0,"Duplicate PAN document shared across 2 customer profiles: Tanveer Purohit, Tanveer Purohit"
RING-SYNTH-1484,SYNTHETIC_IDENTITY_MULE_RING,USR94396 -> USR94396,2,0.7,0.0,"Duplicate PAN document shared across 2 customer profiles: Onkar Jha, Onkar Jha"
RING-SYNTH-1483,SYNTHETIC_IDENTITY_MULE_RING,USR90351 -> USR90351,2,0.7,0.0,"Duplicate PAN document shared across 2 customer profiles: Matthew Hari, Matthew Hari"
RING-SYNTH-1482,SYNTHETIC_IDENTITY_MULE_RING,USR43634 -> USR43634,2,0.7,0.0,"Duplicate PAN document shared across 2 customer profiles: Dipta Manne, Dipta Manne"
RING-SYNTH-1481,SYNTHETIC_IDENTITY_MULE_RING,USR34917 -> USR34917,2,0.7,2212.0,"Duplicate PAN document shared across 2 customer profiles: Thomas Sharaf, Thomas Sharaf"
RING-SYNTH-1480,SYNTHETIC_IDENTITY_MULE_RING,USR85442 -> USR85442,2,0.7,24561.36,"Duplicate PAN document shared across 2 customer profiles: Damyanti Karpe, Damyanti Karpe"
RING-SYNTH-1479,SYNTHETIC_IDENTITY_MULE_RING,USR17662 -> USR17662,2,0.7,0.0,"Duplicate PAN document shared across 2 customer profiles: Hritik Dugar, Hritik Dugar"
RING-SYNTH-1478,SYNTHETIC_IDENTITY_MULE_RING,USR56066 -> USR56066,2,0.7,0.0,"Duplicate PAN document shared across 2 customer profiles: Krish Bhagat, Krish Bhagat"
RING-SYNTH-1358,SYNTHETIC_IDENTITY_MULE_RING,USR79878 -> USR79878,2,0.7,298.79,"Duplicate PAN document shared across 2 customer profiles: Noah Bali, Noah Bali"
RING-SYNTH-1356,SYNTHETIC_IDENTITY_MULE_RING,USR92492 -> USR92492,2,0.7,0.0,"Duplicate PAN document shared across 2 customer profiles: Gopal Boase, Gopal Boase"
RING-SYNTH-1169,SYNTHETIC_IDENTITY_MULE_RING,USR33224 -> USR33224,2,0.7,8391.82,"Duplicate PAN document shared across 2 customer profiles: Aadhya Dash, Aadhya Dash"
RING-SYNTH-1227,SYNTHETIC_IDENTITY_MULE_RING,USR97500 -> USR97500,2,0.7,0.0,"Duplicate PAN document shared across 2 customer profiles: Janani Badami, Janani Badami"
RING-SYNTH-1236,SYNTHETIC_IDENTITY_MULE_RING,USR37437 -> USR37437,2,0.7,0.0,"Duplicate PAN document shared across 2 customer profiles: Ishaan Nair, Ishaan Nair"
RING-SYNTH-1235,SYNTHETIC_IDENTITY_MULE_RING,USR23887 -> USR23887,2,0.7,0.0,"Duplicate PAN document shared across 2 customer profiles: Nicholas Tak, Nicholas Tak"
RING-SYNTH-1234,SYNTHETIC_IDENTITY_MULE_RING,USR97705 -> USR97705,2,0.7,0.0,"Duplicate PAN document shared across 2 customer profiles: Pavani Rajan, Pavani Rajan"
RING-SYNTH-1233,SYNTHETIC_IDENTITY_MULE_RING,USR14036 -> USR14036,2,0.7,0.0,"Duplicate PAN document shared across 2 customer profiles: Janani Ben, Janani Ben"
RING-SYNTH-1232,SYNTHETIC_IDENTITY_MULE_RING,USR41559 -> USR41559,2,0.7,0.0,"Duplicate PAN document shared across 2 customer profiles: Patrick Raval, Patrick Raval"
RING-SYNTH-1231,SYNTHETIC_IDENTITY_MULE_RING,USR73261 -> USR73261,2,0.7,0.0,"Duplicate PAN document shared across 2 customer profiles: Omaja Parsa, Omaja Parsa"
RING-SYNTH-1230,SYNTHETIC_IDENTITY_MULE_RING,USR32572 -> USR32572,2,0.7,24316.0,"Duplicate PAN document shared across 2 customer profiles: Chandani Mutti, Chandani Mutti"
RING-SYNTH-1229,SYNTHETIC_IDENTITY_MULE_RING,USR19933 -> USR19933,2,0.7,0.0,"Duplicate PAN document shared across 2 customer profiles: Bhavani Mallick, Bhavani Mallick"
RING-SYNTH-1228,SYNTHETIC_IDENTITY_MULE_RING,USR12173 -> USR12173,2,0.7,0.0,"Duplicate PAN document shared across 2 customer profiles: Ranbir Vasa, Ranbir Vasa"
RING-SYNTH-1226,SYNTHETIC_IDENTITY_MULE_RING,USR68490 -> USR68490,2,0.7,0.0,"Duplicate PAN document shared across 2 customer profiles: Yamini Rattan, Yamini Rattan"
RING-SYNTH-1238,SYNTHETIC_IDENTITY_MULE_RING,USR82279 -> USR82279,2,0.7,0.0,"Duplicate PAN document shared across 2 customer profiles: Oeshi Khanna, Oeshi Khanna"
RING-SYNTH-1225,SYNTHETIC_IDENTITY_MULE_RING,USR83882 -> USR83882,2,0.7,10662.76,"Duplicate PAN document shared across 2 customer profiles: Udant Dash, Udant Dash"
RING-SYNTH-1224,SYNTHETIC_IDENTITY_MULE_RING,USR20302 -> USR20302,2,0.7,0.0,"Duplicate PAN document shared across 2 customer profiles: Jeet Pal, Jeet Pal"
RING-SYNTH-1223,SYNTHETIC_IDENTITY_MULE_RING,USR86994 -> USR86994,2,0.7,0.0,"Duplicate PAN document shared across 2 customer profiles: Devika Modi, Devika Modi"
RING-SYNTH-1222,SYNTHETIC_IDENTITY_MULE_RING,USR61323 -> USR61323,2,0.7,0.0,"Duplicate PAN document shared across 2 customer profiles: Veersalvi, Veersalvi"
RING-SYNTH-1221,SYNTHETIC_IDENTITY_MULE_RING,USR23682 -> USR23682,2,0.7,0.0,"Duplicate PAN document shared across 2 customer profiles: Deepa Chaudhry, Deepa Chaudhry"
RING-SYNTH-1220,SYNTHETIC_IDENTITY_MULE_RING,USR30829 -> USR30829,2,0.7,19707.25,"Duplicate PAN document shared across 2 customer profiles: Reva Tella, Reva Tella"
RING-SYNTH-1219,SYNTHETIC_IDENTITY_MULE_RING,USR22043 -> USR22043,2,0.7,0.0,"Duplicate PAN document shared across 2 customer profiles: Rishi Mitter, Rishi Mitter"
RING-SYNTH-1218,SYNTHETIC_IDENTITY_MULE_RING,USR98541 -> USR98541,2,0.7,0.0,"Duplicate PAN document shared across 2 customer profiles: Advika Sabharwal, Advika Sabharwal"
RING-SYNTH-1217,SYNTHETIC_IDENTITY_MULE_RING,USR69091 -> USR69091,2,0.7,0.0,"Duplicate PAN document shared across 2 customer profiles: Kiaan Pant, Kiaan Pant"
RING-SYNTH-1237,SYNTHETIC_IDENTITY_MULE_RING,USR69415 -> USR69415,2,0.7,0.0,"Duplicate PAN document shared across 2 customer profiles: Omisha Vala, Omisha Vala"
RING-SYNTH-1239,SYNTHETIC_IDENTITY_MULE_RING,USR38295 -> USR38295,2,0.7,0.0,"Duplicate PAN document shared across 2 customer profiles: Advik Ahluwalia, Advik Ahluwalia"
RING-SYNTH-1355,SYNTHETIC_IDENTITY_MULE_RING,USR40801 -> USR40801,2,0.7,0.0,"Duplicate PAN document shared across 2 customer profiles: Timothy Chaudhry, Timothy Chaudhry"
RING-SYNTH-1251,SYNTHETIC_IDENTITY_MULE_RING,USR85961 -> USR85961,2,0.7,0.0,"Duplicate PAN document shared across 2 customer profiles: Daniel Pant, Daniel Pant"
RING-SYNTH-1260,SYNTHETIC_IDENTITY_MULE_RING,USR81587 -> USR81587,2,0.7,0.0,"Duplicate PAN document shared across 2 customer profiles: Aashi Das, Aashi Das"
RING-SYNTH-1259,SYNTHETIC_IDENTITY_MULE_RING,USR71200 -> USR71200,2,0.7,0.0,"Duplicate PAN document shared across 2 customer profiles: Jacksonjaggi, Jacksonjaggi"
RING-SYNTH-1258,SYNTHETIC_IDENTITY_MULE_RING,USR18770 -> USR18770,2,0.7,0.0,"Duplicate PAN document shared across 2 customer profiles: Lekha Khalsa, Lekha Khalsa"
RING-SYNTH-1257,SYNTHETIC_IDENTITY_MULE_RING,USR64977 -> USR64977,2,0.7,0.0,"Duplicate PAN document shared across 2 customer profiles: Netra Batra, Netra Batra"
RING-SYNTH-1256,SYNTHETIC_IDENTITY_MULE_RING,USR25574 -> USR25574,2,0.7,0.0,"Duplicate PAN document shared across 2 customer profiles: Baghyawati Varughese, Baghyawati Varughese"
RING-SYNTH-1255,SYNTHETIC_IDENTITY_MULE_RING,USR49173 -> USR49173,2,0.7,0.0,"Duplicate PAN document shared across 2 customer profiles: Vrinda Sandhu, Vrinda Sandhu"
RING-SYNTH-1254,SYNTHETIC_IDENTITY_MULE_RING,USR53544 -> USR53544,2,0.7,0.0,"Duplicate PAN document shared across 2 customer profiles: Daniel Gokhale, Daniel Gokhale"
RING-SYNTH-1253,SYNTHETIC_IDENTITY_MULE_RING,USR91949 -> USR91949,2,0.7,0.0,"Duplicate PAN document shared across 2 customer profiles: Raksha Talwar, Raksha Talwar"
RING-SYNTH-1252,SYNTHETIC_IDENTITY_MULE_RING,USR90963 -> USR90963,2,0.7,8516.22,"Duplicate PAN document shared across 2 customer profiles: Rajeshri Agarwal, Rajeshri Agarwal"
RING-SYNTH-1250,SYNTHETIC_IDENTITY_MULE_RING,USR48403 -> USR48403,2,0.7,0.0,"Duplicate PAN document shared across 2 customer profiles: Vanshatata, Vanshatata"
RING-SYNTH-1240,SYNTHETIC_IDENTITY_MULE_RING,USR10765 -> USR10765,2,0.7,0.0,"Duplicate PAN document shared across 2 customer profiles: Harshil Mangal, Harshil Mangal"
RING-SYNTH-1249,SYNTHETIC_IDENTITY_MULE_RING,USR83570 -> USR83570,2,0.7,0.0,"Duplicate PAN document shared across 2 customer profiles: Dalbir Dixit, Dalbir Dixit"
RING-SYNTH-1248,SYNTHETIC_IDENTITY_MULE_RING,USR11870 -> USR11870,2,0.7,0.0,"Duplicate PAN document shared across 2 customer profiles: Charita Bhattacharyya, Charita Bhattacharyya"
RING-SYNTH-1247,SYNTHETIC_IDENTITY_MULE_RING,USR52417 -> USR52417,2,0.7,0.0,"Duplicate PAN document shared across 2 customer profiles: Anvi Sidhu, Anvi Sidhu"
RING-SYNTH-1246,SYNTHETIC_IDENTITY_MULE_RING,USR22963 -> USR22963,2,0.7,324.69,"Duplicate PAN document shared across 2 customer profiles: Pushti Konda, Pushti Konda"
RING-SYNTH-1245,SYNTHETIC_IDENTITY_MULE_RING,USR27787 -> USR27787,2,0.7,0.0,"Duplicate PAN document shared across 2 customer profiles: Harsh Bhatti, Harsh Bhatti"
RING-SYNTH-1244,SYNTHETIC_IDENTITY_MULE_RING,USR10052 -> USR10052,2,0.7,0.0,"Duplicate PAN document shared across 2 customer profiles: Rohan Kothari, Rohan Kothari"
RING-SYNTH-1243,SYNTHETIC_IDENTITY_MULE_RING,USR73020 -> USR73020,2,0.7,5049.0,"Duplicate PAN document shared across 2 customer profiles: Chanchal Om, Chanchal Om"
RING-SYNTH-1242,SYNTHETIC_IDENTITY_MULE_RING,USR44810 -> USR44810,2,0.7,0.0,"Duplicate PAN document shared across 2 customer profiles: Abhiram Lad, Abhiram Lad"
RING-SYNTH-1241,SYNTHETIC_IDENTITY_MULE_RING,USR34015 -> USR34015,2,0.7,0.0,"Duplicate PAN document shared across 2 customer profiles: Ishaan Walia, Ishaan Walia"
RING-SYNTH-1216,SYNTHETIC_IDENTITY_MULE_RING,USR85692 -> USR85692,2,0.7,19872.33,"Duplicate PAN document shared across 2 customer profiles: Neha Jaggi, Neha Jaggi"
RING-SYNTH-1215,SYNTHETIC_IDENTITY_MULE_RING,USR40163 -> USR40163,2,0.7,0.0,"Duplicate PAN document shared across 2 customer profiles: Abhimanyu Edwin, Abhimanyu Edwin"
RING-SYNTH-1214,SYNTHETIC_IDENTITY_MULE_RING,USR58885 -> USR58885,2,0.7,0.0,"Duplicate PAN document shared across 2 customer profiles: Dominic Sibal, Dominic Sibal"
RING-SYNTH-1180,SYNTHETIC_IDENTITY_MULE_RING,USR52969 -> USR52969,2,0.7,0.0,"Duplicate PAN document shared across 2 customer profiles: Rajeshri Lad, Rajeshri Lad"
RING-SYNTH-1189,SYNTHETIC_IDENTITY_MULE_RING,USR16878 -> USR16878,2,0.7,0.0,"Duplicate PAN document shared across 2 customer profiles: Harshil Chawla, Harshil Chawla"
RING-SYNTH-1188,SYNTHETIC_IDENTITY_MULE_RING,USR11309 -> USR11309,2,0.7,0.0,"Duplicate PAN document shared across 2 customer profiles: Ekapad Dora, Ekapad Dora"
RING-SYNTH-1187,SYNTHETIC_IDENTITY_MULE_RING,USR75009 -> USR75009,2,0.7,0.0,"Duplicate PAN document shared across 2 customer profiles: Nathaniel Bose, Nathaniel Bose"
RING-SYNTH-1186,SYNTHETIC_IDENTITY_MULE_RING,USR43372 -> USR43372,2,0.7,0.0,"Duplicate PAN document shared across 2 customer profiles: Robert Dhar, Robert Dhar"
RING-SYNTH-1185,SYNTHETIC_IDENTITY_MULE_RING,USR68337 -> USR68337,2,0.7,20947.26,"Duplicate PAN document shared across 2 customer profiles: Urvashi Patel, Urvashi Patel"
RING-SYNTH-1184,SYNTHETIC_IDENTITY_MULE_RING,USR64376 -> USR64376,2,0.7,0.0,"Duplicate PAN document shared across 2 customer profiles: Zayan Prabhu, Zayan Prabhu"
RING-SYNTH-0789,SYNTHETIC_IDENTITY_MULE_RING,USR12958 -> USR12958,2,0.7,10924.0,"Duplicate PAN document shared across 2 customer profiles: Jagat Khatri, Jagat Khatri"
RING-SYNTH-1182,SYNTHETIC_IDENTITY_MULE_RING,USR27986 -> USR27986,2,0.7,0.0,"Duplicate PAN document shared across 2 customer profiles: Ekiya Chauhan, Ekiya Chauhan"
RING-SYNTH-1181,SYNTHETIC_IDENTITY_MULE_RING,USR68260 -> USR68260,2,0.7,0.0,"Duplicate PAN document shared across 2 customer profiles: Chaman Sur, Chaman Sur"
RING-SYNTH-1179,SYNTHETIC_IDENTITY_MULE_RING,USR18540 -> USR18540,2,0.7,8851.19,"Duplicate PAN document shared across 2 customer profiles: Ekavir Aggarwal, Ekavir Aggarwal"
RING-SYNTH-1213,SYNTHETIC_IDENTITY_MULE_RING,USR36317 -> USR36317,2,0.7,15251.46,"Duplicate PAN document shared across 2 customer profiles: Neelima Virk, Neelima Virk"
RING-SYNTH-1178,SYNTHETIC_IDENTITY_MULE_RING,USR71593 -> USR71593,2,0.7,0.0,"Duplicate PAN document shared across 2 customer profiles: Aadhya Edwin, Aadhya Edwin"
RING-SYNTH-1177,SYNTHETIC_IDENTITY_MULE_RING,USR80313 -> USR80313,2,0.7,0.0,"Duplicate PAN document shared across 2 customer profiles: Daniel Upadhyay, Daniel Upadhyay"
RING-SYNTH-1176,SYNTHETIC_IDENTITY_MULE_RING,USR10209 -> USR10209,2,0.7,0.0,"Duplicate PAN document shared across 2 customer profiles: Samarth Dey, Samarth Dey"
RING-SYNTH-1175,SYNTHETIC_IDENTITY_MULE_RING,USR38498 -> USR38498,2,0.7,0.0,"Duplicate PAN document shared across 2 customer profiles: Eta Narang, Eta Narang"
RING-SYNTH-1174,SYNTHETIC_IDENTITY_MULE_RING,USR27737 -> USR27737,2,0.7,0.0,"Duplicate PAN document shared across 2 customer profiles: Nidra Gade, Nidra Gade"
RING-SYNTH-1173,SYNTHETIC_IDENTITY_MULE_RING,USR59027 -> USR59027,2,0.7,0.0,"Duplicate PAN document shared across 2 customer profiles: Ira Lata, Ira Lata"
RING-SYNTH-1172,SYNTHETIC_IDENTITY_MULE_RING,USR21611 -> USR21611,2,0.7,0.0,"Duplicate PAN document shared across 2 customer profiles: Harinakshi Sharaf, Harinakshi Sharaf"
RING-SYNTH-1171,SYNTHETIC_IDENTITY_MULE_RING,USR15880 -> USR15880,2,0.7,0.0,"Duplicate PAN document shared across 2 customer profiles: Ojasvi Ram, Ojasvi Ram"
RING-SYNTH-1170,SYNTHETIC_IDENTITY_MULE_RING,USR14398 -> USR14398,2,0.7,4424.0,"Duplicate PAN document shared across 2 customer profiles: Lipika Kari, Lipika Kari"
RING-SYNTH-1190,SYNTHETIC_IDENTITY_MULE_RING,USR32618 -> USR32618,2,0.7,0.0,"Duplicate PAN document shared across 2 customer profiles: Chandani Banerjee, Chandani Banerjee"
RING-SYNTH-1191,SYNTHETIC_IDENTITY_MULE_RING,USR55701 -> USR55701,2,0.7,0.0,"Duplicate PAN document shared across 2 customer profiles: Damini Goda, Damini Goda"
RING-SYNTH-1192,SYNTHETIC_IDENTITY_MULE_RING,USR41317 -> USR41317,2,0.7,0.0,"Duplicate PAN document shared across 2 customer profiles: Radha Issac, Radha Issac"
RING-SYNTH-1193,SYNTHETIC_IDENTITY_MULE_RING,USR29116 -> USR29116,2,0.7,0.0,"Duplicate PAN document shared across 2 customer profiles: Rishi Patla, Rishi Patla"
RING-SYNTH-1212,SYNTHETIC_IDENTITY_MULE_RING,USR43825 -> USR43825,2,0.7,0.0,"Duplicate PAN document shared across 2 customer profiles: Varsha Ravel, Varsha Ravel"
RING-SYNTH-1211,SYNTHETIC_IDENTITY_MULE_RING,USR97508 -> USR97508,2,0.7,24966.21,"Duplicate PAN document shared across 2 customer profiles: Bhavini Sem, Bhavini Sem"
RING-SYNTH-1210,SYNTHETIC_IDENTITY_MULE_RING,USR57907 -> USR57907,2,0.7,0.0,"Duplicate PAN document shared across 2 customer profiles: Balhaar Memon, Balhaar Memon"
RING-SYNTH-1209,SYNTHETIC_IDENTITY_MULE_RING,USR40185 -> USR40185,2,0.7,0.0,"Duplicate PAN document shared across 2 customer profiles: Varsha Wali, Varsha Wali"
RING-SYNTH-1208,SYNTHETIC_IDENTITY_MULE_RING,USR47885 -> USR47885,2,0.7,0.0,"Duplicate PAN document shared across 2 customer profiles: Lopa Arora, Lopa Arora"
RING-SYNTH-1207,SYNTHETIC_IDENTITY_MULE_RING,USR28825 -> USR28825,2,0.7,4963.0,"Duplicate PAN document shared across 2 customer profiles: Krisha Gokhale, Krisha Gokhale"
RING-SYNTH-1206,SYNTHETIC_IDENTITY_MULE_RING,USR99145 -> USR99145,2,0.7,0.0,"Duplicate PAN document shared across 2 customer profiles: Laban Sani, Laban Sani"
RING-SYNTH-1205,SYNTHETIC_IDENTITY_MULE_RING,USR53104 -> USR53104,2,0.7,0.0,"Duplicate PAN document shared across 2 customer profiles: Ekavir Mand, Ekavir Mand"
RING-SYNTH-1204,SYNTHETIC_IDENTITY_MULE_RING,USR81545 -> USR81545,2,0.7,0.0,"Duplicate PAN document shared across 2 customer profiles: Sachi Gaba, Sachi Gaba"
RING-SYNTH-1203,SYNTHETIC_IDENTITY_MULE_RING,USR58954 -> USR58954,2,0.7,0.0,"Duplicate PAN document shared across 2 customer profiles: Krish Uppal, Krish Uppal"
RING-SYNTH-1202,SYNTHETIC_IDENTITY_MULE_RING,USR22146 -> USR22146,2,0.7,0.0,"Duplicate PAN document shared across 2 customer profiles: Pavani Narain, Pavani Narain"
RING-SYNTH-1201,SYNTHETIC_IDENTITY_MULE_RING,USR71530 -> USR71530,2,0.7,0.0,"Duplicate PAN document shared across 2 customer profiles: Elijah Chhabra, Elijah Chhabra"
RING-SYNTH-1200,SYNTHETIC_IDENTITY_MULE_RING,USR20158 -> USR20158,2,0.7,0.0,"Duplicate PAN document shared across 2 customer profiles: Kritika Chokshi, Kritika Chokshi"
RING-SYNTH-1199,SYNTHETIC_IDENTITY_MULE_RING,USR68111 -> USR68111,2,0.7,0.0,"Duplicate PAN document shared across 2 customer profiles: Wriddhish Seth, Wriddhish Seth"
RING-SYNTH-1198,SYNTHETIC_IDENTITY_MULE_RING,USR66657 -> USR66657,2,0.7,0.0,"Duplicate PAN document shared across 2 customer profiles: Shivansh Goda, Shivansh Goda"
RING-SYNTH-1197,SYNTHETIC_IDENTITY_MULE_RING,USR66869 -> USR66869,2,0.7,7945.78,"Duplicate PAN document shared across 2 customer profiles: Bakhshi Magar, Bakhshi Magar"
RING-SYNTH-1196,SYNTHETIC_IDENTITY_MULE_RING,USR59359 -> USR59359,2,0.7,0.0,"Duplicate PAN document shared across 2 customer profiles: Vasatika Bhardwaj, Vasatika Bhardwaj"
RING-SYNTH-1195,SYNTHETIC_IDENTITY_MULE_RING,USR70056 -> USR70056,2,0.7,0.0,"Duplicate PAN document shared across 2 customer profiles: Patrick Parikh, Patrick Parikh"
RING-SYNTH-1194,SYNTHETIC_IDENTITY_MULE_RING,USR41373 -> USR41373,2,0.7,3288.32,"Duplicate PAN document shared across 2 customer profiles: Leela Madan, Leela Madan"
RING-SYNTH-1261,SYNTHETIC_IDENTITY_MULE_RING,USR75484 -> USR75484,2,0.7,0.0,"Duplicate PAN document shared across 2 customer profiles: Wridesh Kaul, Wridesh Kaul"
RING-SYNTH-1262,SYNTHETIC_IDENTITY_MULE_RING,USR21292 -> USR21292,2,0.7,0.0,"Duplicate PAN document shared across 2 customer profiles: Nilimapillai, Nilimapillai"
RING-SYNTH-1263,SYNTHETIC_IDENTITY_MULE_RING,USR50982 -> USR50982,2,0.7,3722.14,"Duplicate PAN document shared across 2 customer profiles: Forum Sagar, Forum Sagar"
RING-SYNTH-1322,SYNTHETIC_IDENTITY_MULE_RING,USR37162 -> USR37162,2,0.7,0.0,"Duplicate PAN document shared across 2 customer profiles: Avni Raj, Avni Raj"
RING-SYNTH-1331,SYNTHETIC_IDENTITY_MULE_RING,USR26915 -> USR26915,2,0.7,0.0,"Duplicate PAN document shared across 2 customer profiles: Aarna Deshmukh, Aarna Deshmukh"
RING-SYNTH-1330,SYNTHETIC_IDENTITY_MULE_RING,USR99076 -> USR99076,2,0.7,0.0,"Duplicate PAN document shared across 2 customer profiles: Lucky Batra, Lucky Batra"
RING-SYNTH-1329,SYNTHETIC_IDENTITY_MULE_RING,USR78665 -> USR78665,2,0.7,0.0,"Duplicate PAN document shared across 2 customer profiles: Indira Shenoy, Indira Shenoy"
RING-SYNTH-1328,SYNTHETIC_IDENTITY_MULE_RING,USR24460 -> USR24460,2,0.7,0.0,"Duplicate PAN document shared across 2 customer profiles: Mitesh Taneja, Mitesh Taneja"
RING-SYNTH-1327,SYNTHETIC_IDENTITY_MULE_RING,USR26926 -> USR26926,2,0.7,17458.51,"Duplicate PAN document shared across 2 customer profiles: Jack Swaminathan, Jack Swaminathan"
RING-SYNTH-1326,SYNTHETIC_IDENTITY_MULE_RING,USR32130 -> USR32130,2,0.7,0.0,"Duplicate PAN document shared across 2 customer profiles: Oscar Bal, Oscar Bal"
RING-SYNTH-1325,SYNTHETIC_IDENTITY_MULE_RING,USR41238 -> USR41238,2,0.7,0.0,"Duplicate PAN document shared across 2 customer profiles: Sai Mutti, Sai Mutti"
RING-SYNTH-1324,SYNTHETIC_IDENTITY_MULE_RING,USR97128 -> USR97128,2,0.7,0.0,"Duplicate PAN document shared across 2 customer profiles: Mugdha Dani, Mugdha Dani"
RING-SYNTH-1323,SYNTHETIC_IDENTITY_MULE_RING,USR23053 -> USR23053,2,0.7,0.0,"Duplicate PAN document shared across 2 customer profiles: Falak Swaminathan, Falak Swaminathan"
RING-SYNTH-1321,SYNTHETIC_IDENTITY_MULE_RING,USR77943 -> USR77943,2,0.7,0.0,"Duplicate PAN document shared across 2 customer profiles: Sameshpurohit, Sameshpurohit"
RING-SYNTH-1310,SYNTHETIC_IDENTITY_MULE_RING,USR79656 -> USR79656,2,0.7,0.0,"Duplicate PAN document shared across 2 customer profiles: Mugdha Sunder, Mugdha Sunder"
RING-SYNTH-1320,SYNTHETIC_IDENTITY_MULE_RING,USR48642 -> USR48642,2,0.7,0.0,"Duplicate PAN document shared across 2 customer profiles: Charvi De, Charvi De"
RING-SYNTH-1319,SYNTHETIC_IDENTITY_MULE_RING,USR99801 -> USR99801,2,0.7,0.0,"Duplicate PAN document shared across 2 customer profiles: Lucky Bahl, Lucky Bahl"
RING-SYNTH-1318,SYNTHETIC_IDENTITY_MULE_RING,USR52848 -> USR52848,2,0.7,10275.61,"Duplicate PAN document shared across 2 customer profiles: Michael Rama, Michael Rama"
RING-SYNTH-1317,SYNTHETIC_IDENTITY_MULE_RING,USR21312 -> USR21312,2,0.7,0.0,"Duplicate PAN document shared across 2 customer profiles: Rachit Hayre, Rachit Hayre"
RING-SYNTH-1316,SYNTHETIC_IDENTITY_MULE_RING,USR42556 -> USR42556,2,0.7,0.0,"Duplicate PAN document shared across 2 customer profiles: Mitali Dhawan, Mitali Dhawan"
RING-SYNTH-1315,SYNTHETIC_IDENTITY_MULE_RING,USR24592 -> USR24592,2,0.7,0.0,"Duplicate PAN document shared across 2 customer profiles: Udant Dubey, Udant Dubey"
RING-SYNTH-1314,SYNTHETIC_IDENTITY_MULE_RING,USR84162 -> USR84162,2,0.7,0.0,"Duplicate PAN document shared across 2 customer profiles: Peter Sethi, Peter Sethi"
RING-SYNTH-1313,SYNTHETIC_IDENTITY_MULE_RING,USR81800 -> USR81800,2,0.7,0.0,"Duplicate PAN document shared across 2 customer profiles: Udarsh Deshmukh, Udarsh Deshmukh"
RING-SYNTH-1312,SYNTHETIC_IDENTITY_MULE_RING,USR11702 -> USR11702,2,0.7,0.0,"Duplicate PAN document shared across 2 customer profiles: Edhitha Wable, Edhitha Wable"
RING-SYNTH-1332,SYNTHETIC_IDENTITY_MULE_RING,USR84255 -> USR84255,2,0.7,0.0,"Duplicate PAN document shared across 2 customer profiles: Divya Tella, Divya Tella"
RING-SYNTH-1333,SYNTHETIC_IDENTITY_MULE_RING,USR18224 -> USR18224,2,0.7,0.0,"Duplicate PAN document shared across 2 customer profiles: Abhimanyu Prabhakar, Abhimanyu Prabhakar"
RING-SYNTH-1334,SYNTHETIC_IDENTITY_MULE_RING,USR47394 -> USR47394,2,0.7,0.0,"Duplicate PAN document shared across 2 customer profiles: Chandani Shetty, Chandani Shetty"
RING-SYNTH-1335,SYNTHETIC_IDENTITY_MULE_RING,USR55171 -> USR55171,2,0.7,13481.86,"Duplicate PAN document shared across 2 customer profiles: Ekantika Banerjee, Ekantika Banerjee"
RING-SYNTH-1354,SYNTHETIC_IDENTITY_MULE_RING,USR48299 -> USR48299,2,0.7,0.0,"Duplicate PAN document shared across 2 customer profiles: Vedika Shetty, Vedika Shetty"
RING-SYNTH-1353,SYNTHETIC_IDENTITY_MULE_RING,USR58256 -> USR58256,2,0.7,0.0,"Duplicate PAN document shared across 2 customer profiles: Wazir Dube, Wazir Dube"
RING-SYNTH-1352,SYNTHETIC_IDENTITY_MULE_RING,USR41825 -> USR41825,2,0.7,0.0,"Duplicate PAN document shared across 2 customer profiles: Damini Nagar, Damini Nagar"
RING-SYNTH-1351,SYNTHETIC_IDENTITY_MULE_RING,USR25284 -> USR25284,2,0.7,0.0,"Duplicate PAN document shared across 2 customer profiles: Ranbir Batra, Ranbir Batra"
RING-SYNTH-1350,SYNTHETIC_IDENTITY_MULE_RING,USR85075 -> USR85075,2,0.7,0.0,"Duplicate PAN document shared across 2 customer profiles: Chandani Balasubramanian, Chandani Balasubramanian"
RING-SYNTH-1349,SYNTHETIC_IDENTITY_MULE_RING,USR82999 -> USR82999,2,0.7,0.0,"Duplicate PAN document shared across 2 customer profiles: Gopal Dhillon, Gopal Dhillon"
RING-SYNTH-1348,SYNTHETIC_IDENTITY_MULE_RING,USR24005 -> USR24005,2,0.7,0.0,"Duplicate PAN document shared across 2 customer profiles: Jai Deep, Jai Deep"
RING-SYNTH-1347,SYNTHETIC_IDENTITY_MULE_RING,USR20846 -> USR20846,2,0.7,0.0,"Duplicate PAN document shared across 2 customer profiles: Mitesh Patel, Mitesh Patel"
RING-SYNTH-1346,SYNTHETIC_IDENTITY_MULE_RING,USR76743 -> USR76743,2,0.7,0.0,"Duplicate PAN document shared across 2 customer profiles: Quincy Kunda, Quincy Kunda"
RING-SYNTH-1345,SYNTHETIC_IDENTITY_MULE_RING,USR38767 -> USR38767,2,0.7,0.0,"Duplicate PAN document shared across 2 customer profiles: Ojasvi Mutti, Ojasvi Mutti"
RING-SYNTH-1344,SYNTHETIC_IDENTITY_MULE_RING,USR78987 -> USR78987,2,0.7,0.0,"Duplicate PAN document shared across 2 customer profiles: Manya Hayre, Manya Hayre"
RING-SYNTH-1343,SYNTHETIC_IDENTITY_MULE_RING,USR81034 -> USR81034,2,0.7,0.0,"Duplicate PAN document shared across 2 customer profiles: Amaira Yohannan, Amaira Yohannan"
RING-SYNTH-1342,SYNTHETIC_IDENTITY_MULE_RING,USR26004 -> USR26004,2,0.7,0.0,"Duplicate PAN document shared across 2 customer profiles: Azaan Solanki, Azaan Solanki"
RING-SYNTH-1341,SYNTHETIC_IDENTITY_MULE_RING,USR15105 -> USR15105,2,0.7,0.0,"Duplicate PAN document shared across 2 customer profiles: Nilima Balay, Nilima Balay"
RING-SYNTH-1340,SYNTHETIC_IDENTITY_MULE_RING,USR80867 -> USR80867,2,0.7,0.0,"Duplicate PAN document shared across 2 customer profiles: Owen Agarwal, Owen Agarwal"
RING-SYNTH-1339,SYNTHETIC_IDENTITY_MULE_RING,USR52668 -> USR52668,2,0.7,3481.8,"Duplicate PAN document shared across 2 customer profiles: Zaid Rege, Zaid Rege"
RING-SYNTH-1338,SYNTHETIC_IDENTITY_MULE_RING,USR25497 -> USR25497,2,0.7,0.0,"Duplicate PAN document shared across 2 customer profiles: Anjali Dora, Anjali Dora"
RING-SYNTH-1337,SYNTHETIC_IDENTITY_MULE_RING,USR41648 -> USR41648,2,0.7,0.0,"Duplicate PAN document shared across 2 customer profiles: Girik Ray, Girik Ray"
RING-SYNTH-1336,SYNTHETIC_IDENTITY_MULE_RING,USR15221 -> USR15221,2,0.7,11234.21,"Duplicate PAN document shared across 2 customer profiles: Tara Sami, Tara Sami"
RING-SYNTH-1311,SYNTHETIC_IDENTITY_MULE_RING,USR59566 -> USR59566,2,0.7,0.0,"Duplicate PAN document shared across 2 customer profiles: Eiravati Khalsa, Eiravati Khalsa"
RING-SYNTH-1309,SYNTHETIC_IDENTITY_MULE_RING,USR13381 -> USR13381,2,0.7,0.0,"Duplicate PAN document shared across 2 customer profiles: Yauvani Garde, Yauvani Garde"
RING-SYNTH-1264,SYNTHETIC_IDENTITY_MULE_RING,USR83848 -> USR83848,2,0.7,0.0,"Duplicate PAN document shared across 2 customer profiles: Kamala Bera, Kamala Bera"
RING-SYNTH-1275,SYNTHETIC_IDENTITY_MULE_RING,USR53436 -> USR53436,2,0.7,0.0,"Duplicate PAN document shared across 2 customer profiles: Owen Misra, Owen Misra"
RING-SYNTH-1284,SYNTHETIC_IDENTITY_MULE_RING,USR60243 -> USR60243,2,0.7,-14900.69,"Duplicate PAN document shared across 2 customer profiles: Urviuppal, Urviuppal"
RING-SYNTH-1283,SYNTHETIC_IDENTITY_MULE_RING,USR59318 -> USR59318,2,0.7,0.0,"Duplicate PAN document shared across 2 customer profiles: Bishakha Gade, Bishakha Gade"
RING-SYNTH-1282,SYNTHETIC_IDENTITY_MULE_RING,USR82464 -> USR82464,2,0.7,0.0,"Duplicate PAN document shared across 2 customer profiles: Oviya Jhaveri, Oviya Jhaveri"
RING-SYNTH-1281,SYNTHETIC_IDENTITY_MULE_RING,USR88483 -> USR88483,2,0.7,0.0,"Duplicate PAN document shared across 2 customer profiles: Barkha Nagarajan, Barkha Nagarajan"
RING-SYNTH-1280,SYNTHETIC_IDENTITY_MULE_RING,USR66207 -> USR66207,2,0.7,0.0,"Duplicate PAN document shared across 2 customer profiles: Kabir Bakshi, Kabir Bakshi"
RING-SYNTH-1279,SYNTHETIC_IDENTITY_MULE_RING,USR19933 -> USR19933,2,0.7,0.0,"Duplicate PAN document shared across 2 customer profiles: Luke Konda, Luke Konda"
RING-SYNTH-1278,SYNTHETIC_IDENTITY_MULE_RING,USR23296 -> USR23296,2,0.7,0.0,"Duplicate PAN document shared across 2 customer profiles: Harsh Ganguly, Harsh Ganguly"
RING-SYNTH-1277,SYNTHETIC_IDENTITY_MULE_RING,USR41929 -> USR41929,2,0.7,0.0,"Duplicate PAN document shared across 2 customer profiles: Nilima Kibe, Nilima Kibe"
RING-SYNTH-1276,SYNTHETIC_IDENTITY_MULE_RING,USR69735 -> USR69735,2,0.7,0.0,"Duplicate PAN document shared across 2 customer profiles: Ekapad Vig, Ekapad Vig"
RING-SYNTH-1274,SYNTHETIC_IDENTITY_MULE_RING,USR82794 -> USR82794,2,0.7,23259.0,"Duplicate PAN document shared across 2 customer profiles: Bimala Narain, Bimala Narain"
RING-SYNTH-1308,SYNTHETIC_IDENTITY_MULE_RING,USR25905 -> USR25905,2,0.7,0.0,"Duplicate PAN document shared across 2 customer profiles: Akshay Sachar, Akshay Sachar"
RING-SYNTH-1273,SYNTHETIC_IDENTITY_MULE_RING,USR62976 -> USR62976,2,0.7,0.0,"Duplicate PAN document shared across 2 customer profiles: Hredhaan Iyengar, Hredhaan Iyengar"
RING-SYNTH-1272,SYNTHETIC_IDENTITY_MULE_RING,USR48146 -> USR48146,2,0.7,0.0,"Duplicate PAN document shared across 2 customer profiles: Calebparsa, Calebparsa"
RING-SYNTH-1271,SYNTHETIC_IDENTITY_MULE_RING,USR80908 -> USR80908,2,0.7,0.0,"Duplicate PAN document shared across 2 customer profiles: Ladli Mittal, Ladli Mittal"
RING-SYNTH-1270,SYNTHETIC_IDENTITY_MULE_RING,USR18403 -> USR18403,2,0.7,0.0,"Duplicate PAN document shared across 2 customer profiles: Rajata Bava, Rajata Bava"
RING-SYNTH-1269,SYNTHETIC_IDENTITY_MULE_RING,USR52379 -> USR52379,2,0.7,7507.76,"Duplicate PAN document shared across 2 customer profiles: Wridesh Dhaliwal, Wridesh Dhaliwal"
RING-SYNTH-1268,SYNTHETIC_IDENTITY_MULE_RING,USR47239 -> USR47239,2,0.7,17669.0,"Duplicate PAN document shared across 2 customer profiles: Luke Nori, Luke Nori"
RING-SYNTH-1267,SYNTHETIC_IDENTITY_MULE_RING,USR76607 -> USR76607,2,0.7,0.0,"Duplicate PAN document shared across 2 customer profiles: Aarnav Dada, Aarnav Dada"
RING-SYNTH-1266,SYNTHETIC_IDENTITY_MULE_RING,USR99508 -> USR99508,2,0.7,0.0,"Duplicate PAN document shared across 2 customer profiles: Hardik Dhar, Hardik Dhar"
RING-SYNTH-1265,SYNTHETIC_IDENTITY_MULE_RING,USR59309 -> USR59309,2,0.7,14906.0,"Duplicate PAN document shared across 2 customer profiles: Sudiksha Raghavan, Sudiksha Raghavan"
RING-SYNTH-1285,SYNTHETIC_IDENTITY_MULE_RING,USR55232 -> USR55232,2,0.7,0.0,"Duplicate PAN document shared across 2 customer profiles: Ronith Walia, Ronith Walia"
RING-SYNTH-1286,SYNTHETIC_IDENTITY_MULE_RING,USR10399 -> USR10399,2,0.7,0.0,"Duplicate PAN document shared across 2 customer profiles: Keya Gola, Keya Gola"
RING-SYNTH-1287,SYNTHETIC_IDENTITY_MULE_RING,USR45072 -> USR45072,2,0.7,0.0,"Duplicate PAN document shared across 2 customer profiles: Anamika Som, Anamika Som"
RING-SYNTH-1288,SYNTHETIC_IDENTITY_MULE_RING,USR25503 -> USR25503,2,0.7,0.0,"Duplicate PAN document shared across 2 customer profiles: Barkha Kamdar, Barkha Kamdar"
RING-SYNTH-1307,SYNTHETIC_IDENTITY_MULE_RING,USR97459 -> USR97459,2,0.7,11211.49,"Duplicate PAN document shared across 2 customer profiles: Charles Pillay, Charles Pillay"
RING-SYNTH-1306,SYNTHETIC_IDENTITY_MULE_RING,USR38015 -> USR38015,2,0.7,0.0,"Duplicate PAN document shared across 2 customer profiles: Jacob Vala, Jacob Vala"
RING-SYNTH-1305,SYNTHETIC_IDENTITY_MULE_RING,USR28756 -> USR28756,2,0.7,0.0,"Duplicate PAN document shared across 2 customer profiles: Wazir Rajagopal, Wazir Rajagopal"
RING-SYNTH-1304,SYNTHETIC_IDENTITY_MULE_RING,USR35159 -> USR35159,2,0.7,0.0,"Duplicate PAN document shared across 2 customer profiles: Lekha Nayak, Lekha Nayak"
RING-SYNTH-1303,SYNTHETIC_IDENTITY_MULE_RING,USR59498 -> USR59498,2,0.7,19398.78,"Duplicate PAN document shared across 2 customer profiles: Rachit Sha, Rachit Sha"
RING-SYNTH-1302,SYNTHETIC_IDENTITY_MULE_RING,USR89606 -> USR89606,2,0.7,0.0,"Duplicate PAN document shared across 2 customer profiles: Zansi Wason, Zansi Wason"
RING-SYNTH-1301,SYNTHETIC_IDENTITY_MULE_RING,USR80980 -> USR80980,2,0.7,0.0,"Duplicate PAN document shared across 2 customer profiles: Daksh Vaidya, Daksh Vaidya"
RING-SYNTH-1300,SYNTHETIC_IDENTITY_MULE_RING,USR77368 -> USR77368,2,0.7,0.0,"Duplicate PAN document shared across 2 customer profiles: Faris Kapur, Faris Kapur"
RING-SYNTH-1299,SYNTHETIC_IDENTITY_MULE_RING,USR51809 -> USR51809,2,0.7,0.0,"Duplicate PAN document shared across 2 customer profiles: Jhalak Tata, Jhalak Tata"
RING-SYNTH-1298,SYNTHETIC_IDENTITY_MULE_RING,USR10943 -> USR10943,2,0.7,0.0,"Duplicate PAN document shared across 2 customer profiles: Ishita Taneja, Ishita Taneja"
RING-SYNTH-1297,SYNTHETIC_IDENTITY_MULE_RING,USR85842 -> USR85842,2,0.7,0.0,"Duplicate PAN document shared across 2 customer profiles: Aarnachahal, Aarnachahal"
RING-SYNTH-1296,SYNTHETIC_IDENTITY_MULE_RING,USR52163 -> USR52163,2,0.7,1310.79,"Duplicate PAN document shared across 2 customer profiles: Dalbir Wali, Dalbir Wali"
RING-SYNTH-1295,SYNTHETIC_IDENTITY_MULE_RING,USR44811 -> USR44811,2,0.7,0.0,"Duplicate PAN document shared across 2 customer profiles: Andrew Thaker, Andrew Thaker"
RING-SYNTH-1294,SYNTHETIC_IDENTITY_MULE_RING,USR89351 -> USR89351,2,0.7,0.0,"Duplicate PAN document shared across 2 customer profiles: Laksh Datta, Laksh Datta"
RING-SYNTH-1293,SYNTHETIC_IDENTITY_MULE_RING,USR84265 -> USR84265,2,0.7,0.0,"Duplicate PAN document shared across 2 customer profiles: Chanchal Thaman, Chanchal Thaman"
RING-SYNTH-1292,SYNTHETIC_IDENTITY_MULE_RING,USR36225 -> USR36225,2,0.7,11710.98,"Duplicate PAN document shared across 2 customer profiles: Eesha Toor, Eesha Toor"
RING-SYNTH-1291,SYNTHETIC_IDENTITY_MULE_RING,USR81898 -> USR81898,2,0.7,12702.28,"Duplicate PAN document shared across 2 customer profiles: Ranveer Bhardwaj, Ranveer Bhardwaj"
RING-SYNTH-1290,SYNTHETIC_IDENTITY_MULE_RING,USR35134 -> USR35134,2,0.7,0.0,"Duplicate PAN document shared across 2 customer profiles: Chandani Sen, Chandani Sen"
RING-SYNTH-1289,SYNTHETIC_IDENTITY_MULE_RING,USR91650 -> USR91650,2,0.7,0.0,"Duplicate PAN document shared across 2 customer profiles: Ekta Sodhi, Ekta Sodhi"
RING-SYNTH-0790,SYNTHETIC_IDENTITY_MULE_RING,USR69483 -> USR69483,2,0.7,0.0,"Duplicate PAN document shared across 2 customer profiles: Samuel Soman, Samuel Soman"
RING-MERCH-0001,MERCHANT_SETTLEMENT_COLLUSION,MCH3567 -> MCH3567,2,0.7,42086.05,"Shared bank settlement account 0120134197 across 2 merchants: Kala Ltd, Kala Ltd"
RING-SYNTH-0788,SYNTHETIC_IDENTITY_MULE_RING,USR33632 -> USR33632,2,0.7,13674.58,"Duplicate PAN document shared across 2 customer profiles: Champak Devi, Champak Devi"
RING-SYNTH-0254,SYNTHETIC_IDENTITY_MULE_RING,USR16810 -> USR16810,2,0.7,0.0,"Duplicate PAN document shared across 2 customer profiles: Samesh De, Samesh De"
RING-SYNTH-0276,SYNTHETIC_IDENTITY_MULE_RING,USR79695 -> USR79695,2,0.7,4850.99,"Duplicate PAN document shared across 2 customer profiles: Harini Gill, Harini Gill"
RING-SYNTH-0275,SYNTHETIC_IDENTITY_MULE_RING,USR90036 -> USR90036,2,0.7,0.0,"Duplicate PAN document shared across 2 customer profiles: Warhi Sami, Warhi Sami"
RING-SYNTH-0274,SYNTHETIC_IDENTITY_MULE_RING,USR66782 -> USR66782,2,0.7,0.0,"Duplicate PAN document shared across 2 customer profiles: Bhanumati Pau, Bhanumati Pau"
RING-SYNTH-0273,SYNTHETIC_IDENTITY_MULE_RING,USR49077 -> USR49077,2,0.7,12228.88,"Duplicate PAN document shared across 2 customer profiles: Praneel Suri, Praneel Suri"
RING-SYNTH-0272,SYNTHETIC_IDENTITY_MULE_RING,USR81007 -> USR81007,2,0.7,0.0,"Duplicate PAN document shared across 2 customer profiles: Matthew Parsa, Matthew Parsa"
RING-SYNTH-0271,SYNTHETIC_IDENTITY_MULE_RING,USR23570 -> USR23570,2,0.7,0.0,"Duplicate PAN document shared across 2 customer profiles: Krish Boase, Krish Boase"
RING-SYNTH-0270,SYNTHETIC_IDENTITY_MULE_RING,USR37829 -> USR37829,2,0.7,0.0,"Duplicate PAN document shared across 2 customer profiles: Meghana Divan, Meghana Divan"
RING-SYNTH-0269,SYNTHETIC_IDENTITY_MULE_RING,USR67567 -> USR67567,2,0.7,0.0,"Duplicate PAN document shared across 2 customer profiles: Akshay Loyal, Akshay Loyal"
RING-SYNTH-0268,SYNTHETIC_IDENTITY_MULE_RING,USR78245 -> USR78245,2,0.7,0.0,"Duplicate PAN document shared across 2 customer profiles: Kevin Sur, Kevin Sur"
RING-SYNTH-0267,SYNTHETIC_IDENTITY_MULE_RING,USR71782 -> USR71782,2,0.7,23405.94,"Duplicate PAN document shared across 2 customer profiles: Ansh Patla, Ansh Patla"
RING-SYNTH-0266,SYNTHETIC_IDENTITY_MULE_RING,USR60229 -> USR60229,2,0.7,0.0,"Duplicate PAN document shared across 2 customer profiles: Kamala Singh, Kamala Singh"
RING-SYNTH-0265,SYNTHETIC_IDENTITY_MULE_RING,USR24183 -> USR24183,2,0.7,0.0,"Duplicate PAN document shared across 2 customer profiles: Faqid Balan, Faqid Balan"
RING-SYNTH-0264,SYNTHETIC_IDENTITY_MULE_RING,USR83987 -> USR83987,2,0.7,0.0,"Duplicate PAN document shared across 2 customer profiles: Manan Char, Manan Char"
RING-SYNTH-0263,SYNTHETIC_IDENTITY_MULE_RING,USR48817 -> USR48817,2,0.7,0.0,"Duplicate PAN document shared across 2 customer profiles: Lajita Chanda, Lajita Chanda"
RING-SYNTH-0262,SYNTHETIC_IDENTITY_MULE_RING,USR54832 -> USR54832,2,0.7,0.0,"Duplicate PAN document shared across 2 customer profiles: Ekalinga Sampath, Ekalinga Sampath"
RING-SYNTH-0261,SYNTHETIC_IDENTITY_MULE_RING,USR31199 -> USR31199,2,0.7,0.0,"Duplicate PAN document shared across 2 customer profiles: Krisha Bedi, Krisha Bedi"
RING-SYNTH-0260,SYNTHETIC_IDENTITY_MULE_RING,USR97062 -> USR97062,2,0.7,23022.6,"Duplicate PAN document shared across 2 customer profiles: Zaitra Keer, Zaitra Keer"
RING-SYNTH-0259,SYNTHETIC_IDENTITY_MULE_RING,USR81009 -> USR81009,2,0.7,4883.81,"Duplicate PAN document shared across 2 customer profiles: Gabriel Pall, Gabriel Pall"
RING-SYNTH-0258,SYNTHETIC_IDENTITY_MULE_RING,USR33744 -> USR33744,2,0.7,13492.68,"Duplicate PAN document shared across 2 customer profiles: Mahika Gandhi, Mahika Gandhi"
RING-SYNTH-0257,SYNTHETIC_IDENTITY_MULE_RING,USR82498 -> USR82498,2,0.7,0.0,"Duplicate PAN document shared across 2 customer profiles: Shivansh Goswami, Shivansh Goswami"
RING-SYNTH-0256,SYNTHETIC_IDENTITY_MULE_RING,USR60897 -> USR60897,2,0.7,0.0,"Duplicate PAN document shared across 2 customer profiles: Keya Issac, Keya Issac"
RING-SYNTH-0277,SYNTHETIC_IDENTITY_MULE_RING,USR52989 -> USR52989,2,0.7,0.0,"Duplicate PAN document shared across 2 customer profiles: Gautam Jani, Gautam Jani"
RING-SYNTH-0278,SYNTHETIC_IDENTITY_MULE_RING,USR99675 -> USR99675,2,0.7,0.0,"Duplicate PAN document shared across 2 customer profiles: Gaurang Pant, Gaurang Pant"
RING-SYNTH-0279,SYNTHETIC_IDENTITY_MULE_RING,USR87831 -> USR87831,2,0.7,0.0,"Duplicate PAN document shared across 2 customer profiles: Raksha Seshadri, Raksha Seshadri"
RING-SYNTH-0291,SYNTHETIC_IDENTITY_MULE_RING,USR12496 -> USR12496,2,0.7,0.0,"Duplicate PAN document shared across 2 customer profiles: Dalbir Sridhar, Dalbir Sridhar"
RING-SYNTH-0300,SYNTHETIC_IDENTITY_MULE_RING,USR12281 -> USR12281,2,0.7,0.0,"Duplicate PAN document shared across 2 customer profiles: Lekha Chanda, Lekha Chanda"
RING-SYNTH-0299,SYNTHETIC_IDENTITY_MULE_RING,USR35325 -> USR35325,2,0.7,0.0,"Duplicate PAN document shared across 2 customer profiles: Neelima Chawla, Neelima Chawla"
RING-SYNTH-0298,SYNTHETIC_IDENTITY_MULE_RING,USR74951 -> USR74951,2,0.7,0.0,"Duplicate PAN document shared across 2 customer profiles: Naveen Shere, Naveen Shere"
RING-SYNTH-0297,SYNTHETIC_IDENTITY_MULE_RING,USR28217 -> USR28217,2,0.7,0.0,"Duplicate PAN document shared across 2 customer profiles: Hemani Sodhi, Hemani Sodhi"
RING-SYNTH-0296,SYNTHETIC_IDENTITY_MULE_RING,USR71736 -> USR71736,2,0.7,0.0,"Duplicate PAN document shared across 2 customer profiles: Sudiksha Gour, Sudiksha Gour"
RING-SYNTH-0295,SYNTHETIC_IDENTITY_MULE_RING,USR64270 -> USR64270,2,0.7,0.0,"Duplicate PAN document shared across 2 customer profiles: Saumya Iyer, Saumya Iyer"
RING-SYNTH-0294,SYNTHETIC_IDENTITY_MULE_RING,USR81998 -> USR81998,2,0.7,0.0,"Duplicate PAN document shared across 2 customer profiles: Chandani Tandon, Chandani Tandon"
RING-SYNTH-0293,SYNTHETIC_IDENTITY_MULE_RING,USR85673 -> USR85673,2,0.7,0.0,"Duplicate PAN document shared across 2 customer profiles: Lopamajumdar, Lopamajumdar"
RING-SYNTH-0292,SYNTHETIC_IDENTITY_MULE_RING,USR42893 -> USR42893,2,0.7,0.0,"Duplicate PAN document shared across 2 customer profiles: Bhavini Ramaswamy, Bhavini Ramaswamy"
RING-SYNTH-0290,SYNTHETIC_IDENTITY_MULE_RING,USR53382 -> USR53382,2,0.7,0.0,"Duplicate PAN document shared across 2 customer profiles: Mekhala Golla, Mekhala Golla"
RING-SYNTH-0280,SYNTHETIC_IDENTITY_MULE_RING,USR89180 -> USR89180,2,0.7,0.0,"Duplicate PAN document shared across 2 customer profiles: Brijesh Gala, Brijesh Gala"
RING-SYNTH-0289,SYNTHETIC_IDENTITY_MULE_RING,USR69316 -> USR69316,2,0.7,0.0,"Duplicate PAN document shared across 2 customer profiles: Avi Atwal, Avi Atwal"
RING-SYNTH-0288,SYNTHETIC_IDENTITY_MULE_RING,USR13795 -> USR13795,2,0.7,0.0,"Duplicate PAN document shared across 2 customer profiles: Jalsa Lall, Jalsa Lall"
RING-SYNTH-0287,SYNTHETIC_IDENTITY_MULE_RING,USR46501 -> USR46501,2,0.7,0.0,"Duplicate PAN document shared across 2 customer profiles: Jason Sundaram, Jason Sundaram"
RING-SYNTH-0286,SYNTHETIC_IDENTITY_MULE_RING,USR84215 -> USR84215,2,0.7,0.0,"Duplicate PAN document shared across 2 customer profiles: Christopher Raj, Christopher Raj"
RING-SYNTH-0285,SYNTHETIC_IDENTITY_MULE_RING,USR48803 -> USR48803,2,0.7,0.0,"Duplicate PAN document shared across 2 customer profiles: Jasmit Krishnan, Jasmit Krishnan"
RING-SYNTH-0284,SYNTHETIC_IDENTITY_MULE_RING,USR56113 -> USR56113,2,0.7,0.0,"Duplicate PAN document shared across 2 customer profiles: Darika Mander, Darika Mander"
RING-SYNTH-0283,SYNTHETIC_IDENTITY_MULE_RING,USR60240 -> USR60240,2,0.7,5443.25,"Duplicate PAN document shared across 2 customer profiles: Nihal Radhakrishnan, Nihal Radhakrishnan"
RING-SYNTH-0282,SYNTHETIC_IDENTITY_MULE_RING,USR81044 -> USR81044,2,0.7,0.0,"Duplicate PAN document shared across 2 customer profiles: Tristan Viswanathan, Tristan Viswanathan"
RING-SYNTH-0281,SYNTHETIC_IDENTITY_MULE_RING,USR41049 -> USR41049,2,0.7,0.0,"Duplicate PAN document shared across 2 customer profiles: Charvi Datta, Charvi Datta"
RING-SYNTH-0255,SYNTHETIC_IDENTITY_MULE_RING,USR90756 -> USR90756,2,0.7,10371.36,"Duplicate PAN document shared across 2 customer profiles: Devika Mann, Devika Mann"
RING-SYNTH-0253,SYNTHETIC_IDENTITY_MULE_RING,USR33361 -> USR33361,2,0.7,0.0,"Duplicate PAN document shared across 2 customer profiles: Urvi Khosla, Urvi Khosla"
RING-SYNTH-0205,SYNTHETIC_IDENTITY_MULE_RING,USR70709 -> USR70709,2,0.7,15491.96,"Duplicate PAN document shared across 2 customer profiles: Priya Dalal, Priya Dalal"
RING-SYNTH-0252,SYNTHETIC_IDENTITY_MULE_RING,USR34759 -> USR34759,2,0.7,4776.8,"Duplicate PAN document shared across 2 customer profiles: Anay Ravi, Anay Ravi"
RING-SYNTH-0227,SYNTHETIC_IDENTITY_MULE_RING,USR35395 -> USR35395,2,0.7,0.0,"Duplicate PAN document shared across 2 customer profiles: Jatinratta, Jatinratta"
RING-SYNTH-0226,SYNTHETIC_IDENTITY_MULE_RING,USR41325 -> USR41325,2,0.7,0.0,"Duplicate PAN document shared across 2 customer profiles: Anika Sane, Anika Sane"
RING-SYNTH-0225,SYNTHETIC_IDENTITY_MULE_RING,USR30476 -> USR30476,2,0.7,0.0,"Duplicate PAN document shared across 2 customer profiles: Xiti Korpal, Xiti Korpal"
RING-SYNTH-0224,SYNTHETIC_IDENTITY_MULE_RING,USR89059 -> USR89059,2,0.7,0.0,"Duplicate PAN document shared across 2 customer profiles: Yashica Dada, Yashica Dada"
RING-SYNTH-0223,SYNTHETIC_IDENTITY_MULE_RING,USR22090 -> USR22090,2,0.7,0.0,"Duplicate PAN document shared across 2 customer profiles: Rudra Dora, Rudra Dora"
RING-SYNTH-0222,SYNTHETIC_IDENTITY_MULE_RING,USR11363 -> USR11363,2,0.7,0.0,"Duplicate PAN document shared across 2 customer profiles: Yashvi Agrawal, Yashvi Agrawal"
RING-SYNTH-0221,SYNTHETIC_IDENTITY_MULE_RING,USR25766 -> USR25766,2,0.7,0.0,"Duplicate PAN document shared across 2 customer profiles: Daniel Rau, Daniel Rau"
RING-SYNTH-0220,SYNTHETIC_IDENTITY_MULE_RING,USR88232 -> USR88232,2,0.7,17210.44,"Duplicate PAN document shared across 2 customer profiles: Champak Lala, Champak Lala"
RING-SYNTH-0219,SYNTHETIC_IDENTITY_MULE_RING,USR13777 -> USR13777,2,0.7,28050.64,"Duplicate PAN document shared across 2 customer profiles: Samesh Vig, Samesh Vig"
RING-SYNTH-0218,SYNTHETIC_IDENTITY_MULE_RING,USR63668 -> USR63668,2,0.7,0.0,"Duplicate PAN document shared across 2 customer profiles: Zayyan Devi, Zayyan Devi"
RING-SYNTH-0217,SYNTHETIC_IDENTITY_MULE_RING,USR30125 -> USR30125,2,0.7,0.0,"Duplicate PAN document shared across 2 customer profiles: Dakshesh Dhaliwal, Dakshesh Dhaliwal"
RING-SYNTH-0216,SYNTHETIC_IDENTITY_MULE_RING,USR41322 -> USR41322,2,0.7,0.0,"Duplicate PAN document shared across 2 customer profiles: Saumya Nagar, Saumya Nagar"
RING-SYNTH-0215,SYNTHETIC_IDENTITY_MULE_RING,USR97655 -> USR97655,2,0.7,18941.0,"Duplicate PAN document shared across 2 customer profiles: Bakhshi Narula, Bakhshi Narula"
RING-SYNTH-0214,SYNTHETIC_IDENTITY_MULE_RING,USR53384 -> USR53384,2,0.7,19066.0,"Duplicate PAN document shared across 2 customer profiles: Eiravati Nanda, Eiravati Nanda"
RING-SYNTH-0213,SYNTHETIC_IDENTITY_MULE_RING,USR98995 -> USR98995,2,0.7,0.0,"Duplicate PAN document shared across 2 customer profiles: Indrajit Hans, Indrajit Hans"
RING-SYNTH-0212,SYNTHETIC_IDENTITY_MULE_RING,USR88490 -> USR88490,2,0.7,16663.52,"Duplicate PAN document shared across 2 customer profiles: Mohini Bains, Mohini Bains"
RING-SYNTH-0211,SYNTHETIC_IDENTITY_MULE_RING,USR27433 -> USR27433,2,0.7,0.0,"Duplicate PAN document shared across 2 customer profiles: Chandran Prabhu, Chandran Prabhu"
RING-SYNTH-0210,SYNTHETIC_IDENTITY_MULE_RING,USR36451 -> USR36451,2,0.7,0.0,"Duplicate PAN document shared across 2 customer profiles: Aahana Gara, Aahana Gara"
RING-SYNTH-0209,SYNTHETIC_IDENTITY_MULE_RING,USR86129 -> USR86129,2,0.7,0.0,"Duplicate PAN document shared across 2 customer profiles: Pranav Narang, Pranav Narang"
RING-SYNTH-0208,SYNTHETIC_IDENTITY_MULE_RING,USR47891 -> USR47891,2,0.7,0.0,"Duplicate PAN document shared across 2 customer profiles: Girish Bala, Girish Bala"
RING-SYNTH-0207,SYNTHETIC_IDENTITY_MULE_RING,USR32252 -> USR32252,2,0.7,0.0,"Duplicate PAN document shared across 2 customer profiles: Guneet Edwin, Guneet Edwin"
RING-SYNTH-0228,SYNTHETIC_IDENTITY_MULE_RING,USR35762 -> USR35762,2,0.7,16930.57,"Duplicate PAN document shared across 2 customer profiles: Lopa Sant, Lopa Sant"
RING-SYNTH-0229,SYNTHETIC_IDENTITY_MULE_RING,USR16903 -> USR16903,2,0.7,0.0,"Duplicate PAN document shared across 2 customer profiles: Bhavya Kari, Bhavya Kari"
RING-SYNTH-0230,SYNTHETIC_IDENTITY_MULE_RING,USR93091 -> USR93091,2,0.7,0.0,"Duplicate PAN document shared across 2 customer profiles: Abdul Mohan, Abdul Mohan"
RING-SYNTH-0242,SYNTHETIC_IDENTITY_MULE_RING,USR82357 -> USR82357,2,0.7,0.0,"Duplicate PAN document shared across 2 customer profiles: Samarth Jhaveri, Samarth Jhaveri"
RING-SYNTH-0251,SYNTHETIC_IDENTITY_MULE_RING,USR31228 -> USR31228,2,0.7,0.0,"Duplicate PAN document shared across 2 customer profiles: Vinaya Pandya, Vinaya Pandya"
RING-SYNTH-0250,SYNTHETIC_IDENTITY_MULE_RING,USR91750 -> USR91750,2,0.7,0.0,"Duplicate PAN document shared across 2 customer profiles: Baljiwan Sane, Baljiwan Sane"
RING-SYNTH-0249,SYNTHETIC_IDENTITY_MULE_RING,USR45078 -> USR45078,2,0.7,0.0,"Duplicate PAN document shared across 2 customer profiles: Rudra Korpal, Rudra Korpal"
RING-SYNTH-0248,SYNTHETIC_IDENTITY_MULE_RING,USR11301 -> USR11301,2,0.7,8437.02,"Duplicate PAN document shared across 2 customer profiles: Baljiwan Singh, Baljiwan Singh"
RING-SYNTH-0247,SYNTHETIC_IDENTITY_MULE_RING,USR45654 -> USR45654,2,0.7,0.0,"Duplicate PAN document shared across 2 customer profiles: Shivani Sant, Shivani Sant"
RING-SYNTH-0246,SYNTHETIC_IDENTITY_MULE_RING,USR79667 -> USR79667,2,0.7,1508.88,"Duplicate PAN document shared across 2 customer profiles: Ucchal Devi, Ucchal Devi"
RING-SYNTH-0245,SYNTHETIC_IDENTITY_MULE_RING,USR35238 -> USR35238,2,0.7,0.0,"Duplicate PAN document shared across 2 customer profiles: Reva Shah, Reva Shah"
RING-SYNTH-0244,SYNTHETIC_IDENTITY_MULE_RING,USR42333 -> USR42333,2,0.7,0.0,"Duplicate PAN document shared across 2 customer profiles: Panini Thaman, Panini Thaman"
RING-SYNTH-0243,SYNTHETIC_IDENTITY_MULE_RING,USR74101 -> USR74101,2,0.7,0.0,"Duplicate PAN document shared across 2 customer profiles: Jatin Devan, Jatin Devan"
RING-SYNTH-0241,SYNTHETIC_IDENTITY_MULE_RING,USR25446 -> USR25446,2,0.7,0.0,"Duplicate PAN document shared across 2 customer profiles: Nicholas Barman, Nicholas Barman"
RING-SYNTH-0231,SYNTHETIC_IDENTITY_MULE_RING,USR51676 -> USR51676,2,0.7,0.0,"Duplicate PAN document shared across 2 customer profiles: Champak Mitra, Champak Mitra"
RING-SYNTH-0240,SYNTHETIC_IDENTITY_MULE_RING,USR29471 -> USR29471,2,0.7,0.0,"Duplicate PAN document shared across 2 customer profiles: Dev Sanghvi, Dev Sanghvi"
RING-SYNTH-0239,SYNTHETIC_IDENTITY_MULE_RING,USR29028 -> USR29028,2,0.7,0.0,"Duplicate PAN document shared across 2 customer profiles: Kritika Deep, Kritika Deep"
RING-SYNTH-0238,SYNTHETIC_IDENTITY_MULE_RING,USR60204 -> USR60204,2,0.7,0.0,"Duplicate PAN document shared across 2 customer profiles: Manthan Gola, Manthan Gola"
RING-SYNTH-0237,SYNTHETIC_IDENTITY_MULE_RING,USR19975 -> USR19975,2,0.7,2294.64,"Duplicate PAN document shared across 2 customer profiles: Jagvi Patel, Jagvi Patel"
RING-SYNTH-0236,SYNTHETIC_IDENTITY_MULE_RING,USR79093 -> USR79093,2,0.7,0.0,"Duplicate PAN document shared across 2 customer profiles: Gavin Chand, Gavin Chand"
RING-SYNTH-0235,SYNTHETIC_IDENTITY_MULE_RING,USR62473 -> USR62473,2,0.7,0.0,"Duplicate PAN document shared across 2 customer profiles: Bimala Sanghvi, Bimala Sanghvi"
RING-SYNTH-0234,SYNTHETIC_IDENTITY_MULE_RING,USR90235 -> USR90235,2,0.7,0.0,"Duplicate PAN document shared across 2 customer profiles: Urmi Mohanty, Urmi Mohanty"
RING-SYNTH-0233,SYNTHETIC_IDENTITY_MULE_RING,USR79458 -> USR79458,2,0.7,0.0,"Duplicate PAN document shared across 2 customer profiles: Anusha Garg, Anusha Garg"
RING-SYNTH-0232,SYNTHETIC_IDENTITY_MULE_RING,USR65685 -> USR65685,2,0.7,17684.9,"Duplicate PAN document shared across 2 customer profiles: Giriksrinivas, Giriksrinivas"
RING-SYNTH-0301,SYNTHETIC_IDENTITY_MULE_RING,USR83412 -> USR83412,2,0.7,0.0,"Duplicate PAN document shared across 2 customer profiles: Tejas Viswanathan, Tejas Viswanathan"
RING-SYNTH-0302,SYNTHETIC_IDENTITY_MULE_RING,USR65096 -> USR65096,2,0.7,26888.97,"Duplicate PAN document shared across 2 customer profiles: Gaurang Garg, Gaurang Garg"
RING-SYNTH-0303,SYNTHETIC_IDENTITY_MULE_RING,USR10818 -> USR10818,2,0.7,2149.13,"Duplicate PAN document shared across 2 customer profiles: Dalbir Viswanathan, Dalbir Viswanathan"
RING-SYNTH-0304,SYNTHETIC_IDENTITY_MULE_RING,USR13154 -> USR13154,2,0.7,212.44,"Duplicate PAN document shared across 2 customer profiles: Ayush Jaggi, Ayush Jaggi"
RING-SYNTH-0373,SYNTHETIC_IDENTITY_MULE_RING,USR64768 -> USR64768,2,0.7,0.0,"Duplicate PAN document shared across 2 customer profiles: Warda Bhasin, Warda Bhasin"
RING-SYNTH-0372,SYNTHETIC_IDENTITY_MULE_RING,USR98823 -> USR98823,2,0.7,2183.8,"Duplicate PAN document shared across 2 customer profiles: Chaitanya Comar, Chaitanya Comar"
RING-SYNTH-0371,SYNTHETIC_IDENTITY_MULE_RING,USR69867 -> USR69867,2,0.7,16716.14,"Duplicate PAN document shared across 2 customer profiles: Amol Sinha, Amol Sinha"
RING-SYNTH-0370,SYNTHETIC_IDENTITY_MULE_RING,USR28273 -> USR28273,2,0.7,0.0,"Duplicate PAN document shared across 2 customer profiles: Nandinipalla, Nandinipalla"
RING-SYNTH-0369,SYNTHETIC_IDENTITY_MULE_RING,USR27115 -> USR27115,2,0.7,23005.72,"Duplicate PAN document shared across 2 customer profiles: Jatin Kurian, Jatin Kurian"
RING-SYNTH-0368,SYNTHETIC_IDENTITY_MULE_RING,USR21103 -> USR21103,2,0.7,0.0,"Duplicate PAN document shared across 2 customer profiles: Kamya Bala, Kamya Bala"
RING-SYNTH-0367,SYNTHETIC_IDENTITY_MULE_RING,USR86789 -> USR86789,2,0.7,0.0,"Duplicate PAN document shared across 2 customer profiles: Yashica Kalita, Yashica Kalita"
RING-SYNTH-0366,SYNTHETIC_IDENTITY_MULE_RING,USR64570 -> USR64570,2,0.7,0.0,"Duplicate PAN document shared across 2 customer profiles: Ryan Ratta, Ryan Ratta"
RING-SYNTH-0365,SYNTHETIC_IDENTITY_MULE_RING,USR30510 -> USR30510,2,0.7,0.0,"Duplicate PAN document shared across 2 customer profiles: Rayaan Choudhary, Rayaan Choudhary"
RING-SYNTH-0364,SYNTHETIC_IDENTITY_MULE_RING,USR62481 -> USR62481,2,0.7,0.0,"Duplicate PAN document shared across 2 customer profiles: Patrick Ravi, Patrick Ravi"
RING-SYNTH-0363,SYNTHETIC_IDENTITY_MULE_RING,USR99545 -> USR99545,2,0.7,6550.03,"Duplicate PAN document shared across 2 customer profiles: Balendra Sharma, Balendra Sharma"
RING-SYNTH-0362,SYNTHETIC_IDENTITY_MULE_RING,USR92734 -> USR92734,2,0.7,0.0,"Duplicate PAN document shared across 2 customer profiles: Jack Jha, Jack Jha"
RING-SYNTH-0361,SYNTHETIC_IDENTITY_MULE_RING,USR78388 -> USR78388,2,0.7,0.0,"Duplicate PAN document shared across 2 customer profiles: Manan Zacharia, Manan Zacharia"
RING-SYNTH-0360,SYNTHETIC_IDENTITY_MULE_RING,USR36322 -> USR36322,2,0.7,0.0,"Duplicate PAN document shared across 2 customer profiles: Chaman Raja, Chaman Raja"
RING-SYNTH-0359,SYNTHETIC_IDENTITY_MULE_RING,USR89494 -> USR89494,2,0.7,11802.84,"Duplicate PAN document shared across 2 customer profiles: Oni Deo, Oni Deo"
RING-SYNTH-0358,SYNTHETIC_IDENTITY_MULE_RING,USR80371 -> USR80371,2,0.7,15065.7,"Duplicate PAN document shared across 2 customer profiles: Banjeet Lalla, Banjeet Lalla"
RING-SYNTH-0357,SYNTHETIC_IDENTITY_MULE_RING,USR82854 -> USR82854,2,0.7,0.0,"Duplicate PAN document shared across 2 customer profiles: Jeet Dhingra, Jeet Dhingra"
RING-SYNTH-0356,SYNTHETIC_IDENTITY_MULE_RING,USR24884 -> USR24884,2,0.7,0.0,"Duplicate PAN document shared across 2 customer profiles: Lila Ghosh, Lila Ghosh"
RING-SYNTH-0355,SYNTHETIC_IDENTITY_MULE_RING,USR89713 -> USR89713,2,0.7,0.0,"Duplicate PAN document shared across 2 customer profiles: Yashodhara Bhandari, Yashodhara Bhandari"
RING-SYNTH-0354,SYNTHETIC_IDENTITY_MULE_RING,USR60435 -> USR60435,2,0.7,0.0,"Duplicate PAN document shared across 2 customer profiles: Manan Desai, Manan Desai"
RING-SYNTH-0353,SYNTHETIC_IDENTITY_MULE_RING,USR99848 -> USR99848,2,0.7,11846.03,"Duplicate PAN document shared across 2 customer profiles: Mahika Bains, Mahika Bains"
RING-SYNTH-0374,SYNTHETIC_IDENTITY_MULE_RING,USR63615 -> USR63615,2,0.7,0.0,"Duplicate PAN document shared across 2 customer profiles: Orinder Malhotra, Orinder Malhotra"
RING-SYNTH-0375,SYNTHETIC_IDENTITY_MULE_RING,USR34671 -> USR34671,2,0.7,0.0,"Duplicate PAN document shared across 2 customer profiles: Nitara Bhagat, Nitara Bhagat"
RING-SYNTH-0376,SYNTHETIC_IDENTITY_MULE_RING,USR39217 -> USR39217,2,0.7,0.0,"Duplicate PAN document shared across 2 customer profiles: Chakrika Guha, Chakrika Guha"
RING-SYNTH-0388,SYNTHETIC_IDENTITY_MULE_RING,USR66938 -> USR66938,2,0.7,0.0,"Duplicate PAN document shared across 2 customer profiles: Girik Loyal, Girik Loyal"
RING-SYNTH-0397,SYNTHETIC_IDENTITY_MULE_RING,USR26922 -> USR26922,2,0.7,0.0,"Duplicate PAN document shared across 2 customer profiles: Neelima Sem, Neelima Sem"
RING-SYNTH-0396,SYNTHETIC_IDENTITY_MULE_RING,USR47256 -> USR47256,2,0.7,4631.78,"Duplicate PAN document shared across 2 customer profiles: Tanmayi Kuruvilla, Tanmayi Kuruvilla"
RING-SYNTH-0395,SYNTHETIC_IDENTITY_MULE_RING,USR91167 -> USR91167,2,0.7,6805.93,"Duplicate PAN document shared across 2 customer profiles: Shivani Parmer, Shivani Parmer"
RING-SYNTH-0394,SYNTHETIC_IDENTITY_MULE_RING,USR93209 -> USR93209,2,0.7,0.0,"Duplicate PAN document shared across 2 customer profiles: Ansh Soni, Ansh Soni"
RING-SYNTH-0393,SYNTHETIC_IDENTITY_MULE_RING,USR40047 -> USR40047,2,0.7,0.0,"Duplicate PAN document shared across 2 customer profiles: Krishnasarma, Krishnasarma"
RING-SYNTH-0392,SYNTHETIC_IDENTITY_MULE_RING,USR72503 -> USR72503,2,0.7,0.0,"Duplicate PAN document shared across 2 customer profiles: Tristan Bahri, Tristan Bahri"
RING-SYNTH-0391,SYNTHETIC_IDENTITY_MULE_RING,USR70508 -> USR70508,2,0.7,23569.0,"Duplicate PAN document shared across 2 customer profiles: William Badal, William Badal"
RING-SYNTH-0390,SYNTHETIC_IDENTITY_MULE_RING,USR45363 -> USR45363,2,0.7,0.0,"Duplicate PAN document shared across 2 customer profiles: Watika Chopra, Watika Chopra"
RING-SYNTH-0389,SYNTHETIC_IDENTITY_MULE_RING,USR18933 -> USR18933,2,0.7,0.0,"Duplicate PAN document shared across 2 customer profiles: Anya Sarna, Anya Sarna"
RING-SYNTH-0387,SYNTHETIC_IDENTITY_MULE_RING,USR16510 -> USR16510,2,0.7,14509.67,"Duplicate PAN document shared across 2 customer profiles: Radhika Kara, Radhika Kara"
RING-SYNTH-0377,SYNTHETIC_IDENTITY_MULE_RING,USR17599 -> USR17599,2,0.7,0.0,"Duplicate PAN document shared across 2 customer profiles: Kashvi Barad, Kashvi Barad"
RING-SYNTH-0386,SYNTHETIC_IDENTITY_MULE_RING,USR15757 -> USR15757,2,0.7,0.0,"Duplicate PAN document shared across 2 customer profiles: Harita Kadakia, Harita Kadakia"
RING-SYNTH-0385,SYNTHETIC_IDENTITY_MULE_RING,USR28288 -> USR28288,2,0.7,0.0,"Duplicate PAN document shared across 2 customer profiles: Ishwar Wali, Ishwar Wali"
RING-SYNTH-0384,SYNTHETIC_IDENTITY_MULE_RING,USR25509 -> USR25509,2,0.7,0.0,"Duplicate PAN document shared across 2 customer profiles: Jeevika Mukherjee, Jeevika Mukherjee"
RING-SYNTH-0383,SYNTHETIC_IDENTITY_MULE_RING,USR10384 -> USR10384,2,0.7,0.0,"Duplicate PAN document shared across 2 customer profiles: Chaitanya Barad, Chaitanya Barad"
RING-SYNTH-0382,SYNTHETIC_IDENTITY_MULE_RING,USR90858 -> USR90858,2,0.7,0.0,"Duplicate PAN document shared across 2 customer profiles: Vivaan Deep, Vivaan Deep"
RING-SYNTH-0381,SYNTHETIC_IDENTITY_MULE_RING,USR46412 -> USR46412,2,0.7,0.0,"Duplicate PAN document shared across 2 customer profiles: Amara Nath, Amara Nath"
RING-SYNTH-0380,SYNTHETIC_IDENTITY_MULE_RING,USR35696 -> USR35696,2,0.7,0.0,"Duplicate PAN document shared across 2 customer profiles: Geetika Datta, Geetika Datta"
RING-SYNTH-0379,SYNTHETIC_IDENTITY_MULE_RING,USR99048 -> USR99048,2,0.7,7738.63,"Duplicate PAN document shared across 2 customer profiles: Mason Nayak, Mason Nayak"
RING-SYNTH-0378,SYNTHETIC_IDENTITY_MULE_RING,USR68188 -> USR68188,2,0.7,4755.06,"Duplicate PAN document shared across 2 customer profiles: Ekta Bail, Ekta Bail"
RING-SYNTH-0352,SYNTHETIC_IDENTITY_MULE_RING,USR66560 -> USR66560,2,0.7,0.0,"Duplicate PAN document shared across 2 customer profiles: Omkaar Acharya, Omkaar Acharya"
RING-SYNTH-0351,SYNTHETIC_IDENTITY_MULE_RING,USR62165 -> USR62165,2,0.7,1691.44,"Duplicate PAN document shared across 2 customer profiles: Rachit Dube, Rachit Dube"
RING-SYNTH-0350,SYNTHETIC_IDENTITY_MULE_RING,USR76271 -> USR76271,2,0.7,0.0,"Duplicate PAN document shared across 2 customer profiles: Dakshesh Pandit, Dakshesh Pandit"
RING-SYNTH-0315,SYNTHETIC_IDENTITY_MULE_RING,USR95268 -> USR95268,2,0.7,0.0,"Duplicate PAN document shared across 2 customer profiles: Wyatt Bhargava, Wyatt Bhargava"
RING-SYNTH-0324,SYNTHETIC_IDENTITY_MULE_RING,USR90433 -> USR90433,2,0.7,0.0,"Duplicate PAN document shared across 2 customer profiles: Hredhaan Sidhu, Hredhaan Sidhu"
RING-SYNTH-0323,SYNTHETIC_IDENTITY_MULE_RING,USR28277 -> USR28277,2,0.7,0.0,"Duplicate PAN document shared across 2 customer profiles: Thomasroy, Thomasroy"
RING-SYNTH-0322,SYNTHETIC_IDENTITY_MULE_RING,USR25008 -> USR25008,2,0.7,0.0,"Duplicate PAN document shared across 2 customer profiles: Jairaj Ahuja, Jairaj Ahuja"
RING-SYNTH-0321,SYNTHETIC_IDENTITY_MULE_RING,USR79206 -> USR79206,2,0.7,0.0,"Duplicate PAN document shared across 2 customer profiles: Reva Pall, Reva Pall"
RING-SYNTH-0320,SYNTHETIC_IDENTITY_MULE_RING,USR56927 -> USR56927,2,0.7,0.0,"Duplicate PAN document shared across 2 customer profiles: Krisha Nadig, Krisha Nadig"
RING-SYNTH-0319,SYNTHETIC_IDENTITY_MULE_RING,USR93693 -> USR93693,2,0.7,0.0,"Duplicate PAN document shared across 2 customer profiles: Yatin Pau, Yatin Pau"
RING-SYNTH-0318,SYNTHETIC_IDENTITY_MULE_RING,USR63762 -> USR63762,2,0.7,0.0,"Duplicate PAN document shared across 2 customer profiles: Isaac Desai, Isaac Desai"
RING-SYNTH-0317,SYNTHETIC_IDENTITY_MULE_RING,USR42608 -> USR42608,2,0.7,7764.61,"Duplicate PAN document shared across 2 customer profiles: Vedant Cherian, Vedant Cherian"
RING-SYNTH-0316,SYNTHETIC_IDENTITY_MULE_RING,USR74315 -> USR74315,2,0.7,0.0,"Duplicate PAN document shared across 2 customer profiles: Manthan Sarna, Manthan Sarna"
RING-SYNTH-0314,SYNTHETIC_IDENTITY_MULE_RING,USR52454 -> USR52454,2,0.7,0.0,"Duplicate PAN document shared across 2 customer profiles: Gaurang Sharma, Gaurang Sharma"
RING-SYNTH-0326,SYNTHETIC_IDENTITY_MULE_RING,USR64715 -> USR64715,2,0.7,0.0,"Duplicate PAN document shared across 2 customer profiles: Mitesh Sandal, Mitesh Sandal"
RING-SYNTH-0313,SYNTHETIC_IDENTITY_MULE_RING,USR38766 -> USR38766,2,0.7,0.0,"Duplicate PAN document shared across 2 customer profiles: Upkaar Chana, Upkaar Chana"
RING-SYNTH-0312,SYNTHETIC_IDENTITY_MULE_RING,USR83342 -> USR83342,2,0.7,29864.02,"Duplicate PAN document shared across 2 customer profiles: Ayush Thaker, Ayush Thaker"
RING-SYNTH-0311,SYNTHETIC_IDENTITY_MULE_RING,USR72733 -> USR72733,2,0.7,0.0,"Duplicate PAN document shared across 2 customer profiles: Yashvi Doctor, Yashvi Doctor"
RING-SYNTH-0310,SYNTHETIC_IDENTITY_MULE_RING,USR28712 -> USR28712,2,0.7,0.0,"Duplicate PAN document shared across 2 customer profiles: Sai Keer, Sai Keer"
RING-SYNTH-0309,SYNTHETIC_IDENTITY_MULE_RING,USR16625 -> USR16625,2,0.7,0.0,"Duplicate PAN document shared across 2 customer profiles: Anika Vora, Anika Vora"
RING-SYNTH-0308,SYNTHETIC_IDENTITY_MULE_RING,USR25952 -> USR25952,2,0.7,0.0,"Duplicate PAN document shared across 2 customer profiles: Ishaan Om, Ishaan Om"
RING-SYNTH-0307,SYNTHETIC_IDENTITY_MULE_RING,USR15071 -> USR15071,2,0.7,0.0,"Duplicate PAN document shared across 2 customer profiles: Chakrika Vasa, Chakrika Vasa"
RING-SYNTH-0306,SYNTHETIC_IDENTITY_MULE_RING,USR35093 -> USR35093,2,0.7,0.0,"Duplicate PAN document shared across 2 customer profiles: Yauvani Varkey, Yauvani Varkey"
RING-SYNTH-0305,SYNTHETIC_IDENTITY_MULE_RING,USR70747 -> USR70747,2,0.7,12606.83,"Duplicate PAN document shared across 2 customer profiles: Ekani Natarajan, Ekani Natarajan"
RING-SYNTH-0325,SYNTHETIC_IDENTITY_MULE_RING,USR88192 -> USR88192,2,0.7,0.0,"Duplicate PAN document shared across 2 customer profiles: Dev Toor, Dev Toor"
RING-SYNTH-0327,SYNTHETIC_IDENTITY_MULE_RING,USR12057 -> USR12057,2,0.7,0.0,"Duplicate PAN document shared across 2 customer profiles: Jasmit Das, Jasmit Das"
RING-SYNTH-0349,SYNTHETIC_IDENTITY_MULE_RING,USR81709 -> USR81709,2,0.7,0.0,"Duplicate PAN document shared across 2 customer profiles: Chandran Narula, Chandran Narula"
RING-SYNTH-0339,SYNTHETIC_IDENTITY_MULE_RING,USR73535 -> USR73535,2,0.7,0.0,"Duplicate PAN document shared across 2 customer profiles: Naveen Bahri, Naveen Bahri"
RING-SYNTH-0348,SYNTHETIC_IDENTITY_MULE_RING,USR51716 -> USR51716,2,0.7,0.0,"Duplicate PAN document shared across 2 customer profiles: Leena Tripathi, Leena Tripathi"
RING-SYNTH-0347,SYNTHETIC_IDENTITY_MULE_RING,USR32252 -> USR32252,2,0.7,0.0,"Duplicate PAN document shared across 2 customer profiles: Yadavi Varty, Yadavi Varty"
RING-SYNTH-0346,SYNTHETIC_IDENTITY_MULE_RING,USR37248 -> USR37248,2,0.7,0.0,"Duplicate PAN document shared across 2 customer profiles: Ishwar Dutt, Ishwar Dutt"
RING-SYNTH-0345,SYNTHETIC_IDENTITY_MULE_RING,USR67037 -> USR67037,2,0.7,0.0,"Duplicate PAN document shared across 2 customer profiles: Lucky Konda, Lucky Konda"
RING-SYNTH-0344,SYNTHETIC_IDENTITY_MULE_RING,USR13682 -> USR13682,2,0.7,0.0,"Duplicate PAN document shared across 2 customer profiles: Daniel Tara, Daniel Tara"
RING-SYNTH-0343,SYNTHETIC_IDENTITY_MULE_RING,USR34604 -> USR34604,2,0.7,0.0,"Duplicate PAN document shared across 2 customer profiles: Kashish Issac, Kashish Issac"
RING-SYNTH-0342,SYNTHETIC_IDENTITY_MULE_RING,USR28316 -> USR28316,2,0.7,0.0,"Duplicate PAN document shared across 2 customer profiles: Lakshit Mital, Lakshit Mital"
RING-SYNTH-0341,SYNTHETIC_IDENTITY_MULE_RING,USR72127 -> USR72127,2,0.7,0.0,"Duplicate PAN document shared across 2 customer profiles: Turvi Grover, Turvi Grover"
RING-SYNTH-0340,SYNTHETIC_IDENTITY_MULE_RING,USR92628 -> USR92628,2,0.7,0.0,"Duplicate PAN document shared across 2 customer profiles: Faqid Krishnan, Faqid Krishnan"
RING-SYNTH-0338,SYNTHETIC_IDENTITY_MULE_RING,USR65533 -> USR65533,2,0.7,0.0,"Duplicate PAN document shared across 2 customer profiles: Aradhana Saxena, Aradhana Saxena"
RING-SYNTH-0328,SYNTHETIC_IDENTITY_MULE_RING,USR52679 -> USR52679,2,0.7,0.0,"Duplicate PAN document shared across 2 customer profiles: Rudra Dugar, Rudra Dugar"
RING-SYNTH-0337,SYNTHETIC_IDENTITY_MULE_RING,USR71302 -> USR71302,2,0.7,20676.15,"Duplicate PAN document shared across 2 customer profiles: Manan Amble, Manan Amble"
RING-SYNTH-0336,SYNTHETIC_IDENTITY_MULE_RING,USR73166 -> USR73166,2,0.7,0.0,"Duplicate PAN document shared across 2 customer profiles: Idika Goswami, Idika Goswami"
RING-SYNTH-0335,SYNTHETIC_IDENTITY_MULE_RING,USR53129 -> USR53129,2,0.7,0.0,"Duplicate PAN document shared across 2 customer profiles: Hamsini Walla, Hamsini Walla"
RING-SYNTH-0334,SYNTHETIC_IDENTITY_MULE_RING,USR84212 -> USR84212,2,0.7,0.0,"Duplicate PAN document shared across 2 customer profiles: Gautami Narasimhan, Gautami Narasimhan"
RING-SYNTH-0333,SYNTHETIC_IDENTITY_MULE_RING,USR16859 -> USR16859,2,0.7,-10009.74,"Duplicate PAN document shared across 2 customer profiles: Wahab Lata, Wahab Lata"
RING-SYNTH-0332,SYNTHETIC_IDENTITY_MULE_RING,USR83111 -> USR83111,2,0.7,0.0,"Duplicate PAN document shared across 2 customer profiles: Mohammed Pai, Mohammed Pai"
RING-SYNTH-0331,SYNTHETIC_IDENTITY_MULE_RING,USR90343 -> USR90343,2,0.7,0.0,"Duplicate PAN document shared across 2 customer profiles: Patrick Mani, Patrick Mani"
RING-SYNTH-0330,SYNTHETIC_IDENTITY_MULE_RING,USR12625 -> USR12625,2,0.7,16913.2,"Duplicate PAN document shared across 2 customer profiles: Lakshmi Nagi, Lakshmi Nagi"
RING-SYNTH-0329,SYNTHETIC_IDENTITY_MULE_RING,USR82137 -> USR82137,2,0.7,0.0,"Duplicate PAN document shared across 2 customer profiles: Saksham Saini, Saksham Saini"
RING-SYNTH-0206,SYNTHETIC_IDENTITY_MULE_RING,USR33494 -> USR33494,2,0.7,7190.39,"Duplicate PAN document shared across 2 customer profiles: Ekapad Brar, Ekapad Brar"
RING-SYNTH-0204,SYNTHETIC_IDENTITY_MULE_RING,USR95531 -> USR95531,2,0.7,0.0,"Duplicate PAN document shared across 2 customer profiles: Oviya Sha, Oviya Sha"
RING-SYNTH-0787,SYNTHETIC_IDENTITY_MULE_RING,USR97173 -> USR97173,2,0.7,0.0,"Duplicate PAN document shared across 2 customer profiles: Lajita Lad, Lajita Lad"
RING-MERCH-0051,MERCHANT_SETTLEMENT_COLLUSION,MCH6165 -> MCH6165,2,0.7,6611.76,"Shared bank settlement account CFEB4939576870397 across 2 merchants: Chandran, Dey And Dalal, Chandran, Dey And Dalal"
RING-MERCH-0073,MERCHANT_SETTLEMENT_COLLUSION,MCH4621 -> MCH4621,2,0.7,93950.46,"Shared bank settlement account RGWL4221508668071 across 2 merchants: Ravel Chaudhuri, Ravel Chaudhuri"
RING-MERCH-0072,MERCHANT_SETTLEMENT_COLLUSION,MCH1154 -> MCH1154,2,0.7,0.0,"Shared bank settlement account RBFJ6015227406897 across 2 merchants: Oommen, Tata And Randhawa, Oommen, Tata And Randhawa"
RING-MERCH-0071,MERCHANT_SETTLEMENT_COLLUSION,MCH4577 -> MCH4577,2,0.7,37443.11,"Shared bank settlement account PWDW0230553443063 across 2 merchants: Atwal, Sura And Bhatti, Atwal, Sura And Bhatti"
RING-MERCH-0070,MERCHANT_SETTLEMENT_COLLUSION,MCH1439 -> MCH1439,2,0.7,20578.68,"Shared bank settlement account OYZO1535504454366 across 2 merchants: Chawla Ltd, Chawla Ltd"
RING-MERCH-0069,MERCHANT_SETTLEMENT_COLLUSION,MCH5707 -> MCH5707,2,0.7,29843.28,"Shared bank settlement account NRWL7844875974966 across 2 merchants: De01 Gr0Up, De01 Gr0Up"
RING-MERCH-0068,MERCHANT_SETTLEMENT_COLLUSION,MCH9815 -> MCH9815,2,0.7,81617.26,"Shared bank settlement account MZNM1643262942719 across 2 merchants: Narasimhan, Vasa And Goswami, Narasimhan, Vasa And Goswami"
RING-MERCH-0067,MERCHANT_SETTLEMENT_COLLUSION,MCH3618 -> MCH3618,2,0.7,39711.12,"Shared bank settlement account LZII0053942814377 across 2 merchants: Narang, Atwal And Merchant, Narang, Atwal And Merchant"
RING-MERCH-0066,MERCHANT_SETTLEMENT_COLLUSION,MCH6326 -> MCH6326,2,0.7,371.62,"Shared bank settlement account LQXK9607455160094 across 2 merchants: Barad,Murtyandtella, Barad,Murtyandtella"
RING-MERCH-0065,MERCHANT_SETTLEMENT_COLLUSION,MCH7327 -> MCH7327,2,0.7,37030.77,"Shared bank settlement account KDMG5541225124685 across 2 merchants: Krish, Dhar And Choudhury, Krish, Dhar And Choudhury"
RING-MERCH-0064,MERCHANT_SETTLEMENT_COLLUSION,MCH3604 -> MCH3604,2,0.7,17763.44,"Shared bank settlement account IQHJ3383226507557 across 2 merchants: Shetty, Bali And Sama, Shetty, Bali And Sama"
RING-MERCH-0063,MERCHANT_SETTLEMENT_COLLUSION,MCH5712 -> MCH5712,2,0.7,13221.13,"Shared bank settlement account ILKC7960163227117 across 2 merchants: Goda Kashyap, Goda Kashyap"
RING-MERCH-0062,MERCHANT_SETTLEMENT_COLLUSION,MCH2264 -> MCH2264,2,0.7,47089.01,"Shared bank settlement account HGHS4575612385959 across 2 merchants: Sule, Sarma And Sur, Sule, Sarma And Sur"
RING-MERCH-0061,MERCHANT_SETTLEMENT_COLLUSION,MCH5100 -> MCH5100,2,0.7,37741.95,"Shared bank settlement account HBWM0411273165352 across 2 merchants: Garde Mody, Garde Mody"
RING-MERCH-0060,MERCHANT_SETTLEMENT_COLLUSION,MCH8537 -> MCH8537,2,0.7,4146.34,"Shared bank settlement account FNGX1491502830694 across 2 merchants: Sunder Llc, Sunder Llc"
RING-MERCH-0059,MERCHANT_SETTLEMENT_COLLUSION,MCH1261 -> MCH1261,2,0.7,16992.0,"Shared bank settlement account EXGQ1328686965867 across 2 merchants: Cheema, Savant And Bakshi, Cheema, Savant And Bakshi"
RING-MERCH-0058,MERCHANT_SETTLEMENT_COLLUSION,MCH4419 -> MCH4419,2,0.7,4395.35,"Shared bank settlement account ETZF4377515836271 across 2 merchants: Gill Ratta, Gill Ratta"
RING-MERCH-0057,MERCHANT_SETTLEMENT_COLLUSION,MCH7062 -> MCH7062,2,0.7,18950.86,"Shared bank settlement account ERAF1958847105569 across 2 merchants: Karpe, Sekhon And Memon, Karpe, Sekhon And Memon"
RING-MERCH-0056,MERCHANT_SETTLEMENT_COLLUSION,MCH1083 -> MCH1083,2,0.7,46991.28,"Shared bank settlement account DSMZ2555394666399 across 2 merchants: Chaudhry Bhat, Chaudhry Bhat"
RING-MERCH-0055,MERCHANT_SETTLEMENT_COLLUSION,MCH4739 -> MCH4739,2,0.7,39155.93,"Shared bank settlement account DQQT0527144866471 across 2 merchants: Karpe Doshi, Karpe Doshi"
RING-MERCH-0054,MERCHANT_SETTLEMENT_COLLUSION,MCH7470 -> MCH7470,2,0.7,18235.0,"Shared bank settlement account DLXM0557851330372 across 2 merchants: Venkatesh Ltd, Venkatesh Ltd"
RING-MERCH-0053,MERCHANT_SETTLEMENT_COLLUSION,MCH5923 -> MCH5923,2,0.7,31178.2,"Shared bank settlement account CKTY3945451387681 across 2 merchants: Banik, Yogi And Seth, Banik, Yogi And Seth"
RING-MERCH-0074,MERCHANT_SETTLEMENT_COLLUSION,MCH9185 -> MCH9185,2,0.7,35899.5,"Shared bank settlement account RKEJ2980134292377 across 2 merchants: Om Ltd, Om Ltd"
RING-MERCH-0075,MERCHANT_SETTLEMENT_COLLUSION,MCH2623 -> MCH2623,2,0.7,19253.06,"Shared bank settlement account SGLM9352062021997 across 2 merchants: Oak, Nadig And Doshi, Oak, Nadig And Doshi"
RING-MERCH-0076,MERCHANT_SETTLEMENT_COLLUSION,MCH6979 -> MCH6979,2,0.7,24690.68,"Shared bank settlement account SYHI9438066539953 across 2 merchants: Nadig Ltd, Nadig Ltd"
RING-MERCH-0088,MERCHANT_SETTLEMENT_COLLUSION,MCH4551 -> MCH4447,2,0.7,38029.02,"Shared bank settlement account XXXX0235 across 2 merchants: Sura Group, Sodhi, Dalal And Iyengar"
RING-MERCH-0098,MERCHANT_SETTLEMENT_COLLUSION,MCH3625 -> MCH1321,2,0.7,35038.21,"Shared bank settlement account XXXX0908 across 2 merchants: Singhal Ltd, Borah Dhaliwal"
RING-MERCH-0097,MERCHANT_SETTLEMENT_COLLUSION,MCH3641 -> MCH1058,2,0.7,54475.78,"Shared bank settlement account XXXX0826 across 2 merchants: Khurana, Barman And Suresh, Vyas,Virkanddatta"
RING-MERCH-0096,MERCHANT_SETTLEMENT_COLLUSION,MCH7495 -> MCH8058,2,0.7,48701.51,"Shared bank settlement account XXXX0797 across 2 merchants: Dhingra And Sons, Sem Kapoor"
RING-MERCH-0095,MERCHANT_SETTLEMENT_COLLUSION,MCH1713 -> MCH6851,2,0.7,57200.21,"Shared bank settlement account XXXX0557 across 2 merchants: Dubey Inc, Chaudhary And S0Ns"
RING-MERCH-0094,MERCHANT_SETTLEMENT_COLLUSION,MCH9410 -> MCH9410,2,0.7,23258.24,"Shared bank settlement account XXXX0534 across 2 merchants: Sagar Chawla, Sagar Chawla"
RING-MERCH-0093,MERCHANT_SETTLEMENT_COLLUSION,MCH1397 -> MCH5237,2,0.7,56251.59,"Shared bank settlement account XXXX0515 across 2 merchants: Memon Llc, Deep Raja"
RING-MERCH-0092,MERCHANT_SETTLEMENT_COLLUSION,MCH5438 -> MCH5758,2,0.7,61774.8,"Shared bank settlement account XXXX0401 across 2 merchants: Krishna, Vohra And Ghose, Aggarwal, Hayer And Nayar"
RING-MERCH-0091,MERCHANT_SETTLEMENT_COLLUSION,MCH6025 -> MCH6025,2,0.7,0.0,"Shared bank settlement account XXXX0320 across 2 merchants: Rege Bali, Rege Bali"
RING-MERCH-0090,MERCHANT_SETTLEMENT_COLLUSION,MCH2327 -> MCH2327,2,0.7,24722.0,"Shared bank settlement account XXXX0303 across 2 merchants: Kibe Char, Kibe Char"
RING-MERCH-0087,MERCHANT_SETTLEMENT_COLLUSION,MCH2978 -> MCH9690,2,0.7,28335.44,"Shared bank settlement account XXXX0228 across 2 merchants: Deshpande Llc, Bai1 Sarin"
RING-MERCH-0077,MERCHANT_SETTLEMENT_COLLUSION,MCH1956 -> MCH1956,2,0.7,0.0,"Shared bank settlement account TLKU2109519549509 across 2 merchants: Sodhi Plc, Sodhi Plc"
RING-MERCH-0086,MERCHANT_SETTLEMENT_COLLUSION,MCH7280 -> MCH7280,2,0.7,38455.31,"Shared bank settlement account XXXX0221 across 2 merchants: Sathe, Shan And Oommen, Sathe, Shan And Oommen"
RING-MERCH-0085,MERCHANT_SETTLEMENT_COLLUSION,MCH2875 -> MCH5378,2,0.7,35518.48,"Shared bank settlement account XXXX0207 across 2 merchants: Chander Parmer, Chaudhari Inc"
RING-MERCH-0084,MERCHANT_SETTLEMENT_COLLUSION,MCH2910 -> MCH2910,2,0.7,0.0,"Shared bank settlement account XXXX0107 across 2 merchants: Mall, Sankaran And Mittal, Mall, Sankaran And Mittal"
RING-MERCH-0083,MERCHANT_SETTLEMENT_COLLUSION,MCH9692 -> MCH5549,2,0.7,37891.72,"Shared bank settlement account XXXX0036 across 2 merchants: Parekh Kurian, Bahri Ltd"
RING-MERCH-0082,MERCHANT_SETTLEMENT_COLLUSION,MCH5683 -> MCH5683,2,0.7,19229.0,"Shared bank settlement account XUFZ9750077803623 across 2 merchants: Subramanian Group, Subramanian Group"
RING-MERCH-0081,MERCHANT_SETTLEMENT_COLLUSION,MCH7279 -> MCH7279,2,0.7,15166.74,"Shared bank settlement account WTVS1342257023005 across 2 merchants: Das Plc, Das Plc"
RING-MERCH-0080,MERCHANT_SETTLEMENT_COLLUSION,MCH5186 -> MCH5186,2,0.7,6556.77,"Shared bank settlement account WHOY9873117052427 across 2 merchants: Iyer, Sarma And Issac, Iyer, Sarma And Issac"
RING-MERCH-0079,MERCHANT_SETTLEMENT_COLLUSION,MCH4802 -> MCH4802,2,0.7,23373.95,"Shared bank settlement account WAKX1731194726020 across 2 merchants: Jain Inc, Jain Inc"
RING-MERCH-0078,MERCHANT_SETTLEMENT_COLLUSION,MCH2265 -> MCH2265,2,0.7,41674.94,"Shared bank settlement account VZCP3787385327453 across 2 merchants: Bail, Gopal And Khare, Bail, Gopal And Khare"
RING-MERCH-0052,MERCHANT_SETTLEMENT_COLLUSION,MCH3964 -> MCH3964,2,0.7,31593.74,"Shared bank settlement account CFOS0283411374388 across 2 merchants: Bala, Chanda And Loyal, Bala, Chanda And Loyal"
RING-MERCH-0050,MERCHANT_SETTLEMENT_COLLUSION,MCH7614 -> MCH7614,2,0.7,20467.44,"Shared bank settlement account BEBD9243619313229 across 2 merchants: Waliltd, Waliltd"
RING-MERCH-0203,MERCHANT_SETTLEMENT_COLLUSION,MCH8427 -> MCH8427,2,0.7,0.0,"Shared bank settlement account ZQGR3907039607264 across 2 merchants: Sankaran Rai, Sankaran Rai"
RING-MERCH-0048,MERCHANT_SETTLEMENT_COLLUSION,MCH3439 -> MCH3439,2,0.7,461.85,"Shared bank settlement account AHWJ3061043363701 across 2 merchants: Palan, Bora And Puri, Palan, Bora And Puri"
RING-MERCH-0023,MERCHANT_SETTLEMENT_COLLUSION,MCH4716 -> MCH4716,2,0.7,18480.55,"Shared bank settlement account 5226052062 across 2 merchants: Goda Agate, Goda Agate"
RING-MERCH-0022,MERCHANT_SETTLEMENT_COLLUSION,MCH8221 -> MCH8221,2,0.7,4081.27,"Shared bank settlement account 5133526509 across 2 merchants: Kala Bajaj, Kala Bajaj"
RING-MERCH-0021,MERCHANT_SETTLEMENT_COLLUSION,MCH6131 -> MCH6131,2,0.7,28818.11,"Shared bank settlement account 4600930161 across 2 merchants: Dhar, Dada And Bakshi, Dhar, Dada And Bakshi"
RING-MERCH-0020,MERCHANT_SETTLEMENT_COLLUSION,MCH2655 -> MCH2655,2,0.7,13039.21,"Shared bank settlement account 4532869649 across 2 merchants: Brahmbhatt, Desai And Sangha, Brahmbhatt, Desai And Sangha"
RING-MERCH-0019,MERCHANT_SETTLEMENT_COLLUSION,MCH4233 -> MCH4233,2,0.7,139776.75,"Shared bank settlement account 4132683121 across 2 merchants: Parmar And Sons, Parmar And Sons"
RING-MERCH-0018,MERCHANT_SETTLEMENT_COLLUSION,MCH2236 -> MCH2236,2,0.7,15440.4,"Shared bank settlement account 3926948531 across 2 merchants: Yohannan Chada, Yohannan Chada"
RING-MERCH-0017,MERCHANT_SETTLEMENT_COLLUSION,MCH5892 -> MCH5892,2,0.7,0.0,"Shared bank settlement account 3873887194 across 2 merchants: Mangat Dutta, Mangat Dutta"
RING-MERCH-0016,MERCHANT_SETTLEMENT_COLLUSION,MCH4685 -> MCH4685,2,0.7,10703.09,"Shared bank settlement account 3857368814 across 2 merchants: Mukhopadhyay Cheema, Mukhopadhyay Cheema"
RING-MERCH-0015,MERCHANT_SETTLEMENT_COLLUSION,MCH7314 -> MCH7314,2,0.7,43568.52,"Shared bank settlement account 3772469001 across 2 merchants: Mahajan B0Rde, Mahajan B0Rde"
RING-MERCH-0014,MERCHANT_SETTLEMENT_COLLUSION,MCH8306 -> MCH8306,2,0.7,46126.22,"Shared bank settlement account 2587742511 across 2 merchants: Wason, Saraf And Dube, Wason, Saraf And Dube"
RING-MERCH-0013,MERCHANT_SETTLEMENT_COLLUSION,MCH2676 -> MCH2676,2,0.7,18745.65,"Shared bank settlement account 2515678335 across 2 merchants: Subramanian Inc, Subramanian Inc"
RING-MERCH-0012,MERCHANT_SETTLEMENT_COLLUSION,MCH1213 -> MCH1213,2,0.7,27778.83,"Shared bank settlement account 1805958295 across 2 merchants: Ray Llc, Ray Llc"
RING-MERCH-0011,MERCHANT_SETTLEMENT_COLLUSION,MCH3147 -> MCH3147,2,0.7,0.0,"Shared bank settlement account 1420771239 across 2 merchants: Acharya Uppal, Acharya Uppal"
RING-MERCH-0010,MERCHANT_SETTLEMENT_COLLUSION,MCH3214 -> MCH3214,2,0.7,29726.25,"Shared bank settlement account 1238686450 across 2 merchants: Dubey Inc, Dubey Inc"
RING-MERCH-0009,MERCHANT_SETTLEMENT_COLLUSION,MCH9401 -> MCH9401,2,0.7,24443.31,"Shared bank settlement account 1215375647 across 2 merchants: Ravi Llc, Ravi Llc"
RING-MERCH-0008,MERCHANT_SETTLEMENT_COLLUSION,MCH9038 -> MCH9038,2,0.7,48392.98,"Shared bank settlement account 0739300438 across 2 merchants: Dara, Pai And Saxena, Dara, Pai And Saxena"
RING-MERCH-0007,MERCHANT_SETTLEMENT_COLLUSION,MCH6033 -> MCH6033,2,0.7,47718.09,"Shared bank settlement account 0665928024 across 2 merchants: Sama, Basak And Majumdar, Sama, Basak And Majumdar"
RING-MERCH-0006,MERCHANT_SETTLEMENT_COLLUSION,MCH1772 -> MCH1772,2,0.7,23851.74,"Shared bank settlement account 0665098924 across 2 merchants: Grover Group, Grover Group"
RING-MERCH-0005,MERCHANT_SETTLEMENT_COLLUSION,MCH4086 -> MCH4086,2,0.7,25979.55,"Shared bank settlement account 0493830742 across 2 merchants: Kannan, Varghese And Lalla, Kannan, Varghese And Lalla"
RING-MERCH-0004,MERCHANT_SETTLEMENT_COLLUSION,MCH4623 -> MCH4623,2,0.7,34991.8,"Shared bank settlement account 0347099856 across 2 merchants: Gokhale, Ranganathan And Shenoy, Gokhale, Ranganathan And Shenoy"
RING-MERCH-0003,MERCHANT_SETTLEMENT_COLLUSION,MCH8401 -> MCH8401,2,0.7,0.0,"Shared bank settlement account 0328253862 across 2 merchants: Pandey Plc, Pandey Plc"
RING-MERCH-0024,MERCHANT_SETTLEMENT_COLLUSION,MCH2813 -> MCH2813,2,0.7,37356.63,"Shared bank settlement account 5399147177 across 2 merchants: Sha, Bhatia And Vig, Sha, Bhatia And Vig"
RING-MERCH-0025,MERCHANT_SETTLEMENT_COLLUSION,MCH6206 -> MCH6206,2,0.7,0.0,"Shared bank settlement account 5473942096 across 2 merchants: Sanghvi, Dugar And Rajagopal, Sanghvi, Dugar And Rajagopal"
RING-MERCH-0026,MERCHANT_SETTLEMENT_COLLUSION,MCH7796 -> MCH7796,2,0.7,65108.43,"Shared bank settlement account 5623137802 across 2 merchants: Kari, Sridhar And J0Ha1, Kari, Sridhar And J0Ha1"
RING-MERCH-0038,MERCHANT_SETTLEMENT_COLLUSION,MCH2422 -> MCH2422,2,0.7,22934.55,"Shared bank settlement account 7967511719 across 2 merchants: Sampath Balasubramanian, Sampath Balasubramanian"
RING-MERCH-0047,MERCHANT_SETTLEMENT_COLLUSION,MCH8756 -> MCH8756,2,0.7,45337.74,"Shared bank settlement account 9910438985 across 2 merchants: Warrior Inc, Warrior Inc"
RING-MERCH-0046,MERCHANT_SETTLEMENT_COLLUSION,MCH8603 -> MCH8603,2,0.7,24609.7,"Shared bank settlement account 9861979521 across 2 merchants: Mane Ltd, Mane Ltd"
RING-MERCH-0045,MERCHANT_SETTLEMENT_COLLUSION,MCH4727 -> MCH4727,2,0.7,5108.18,"Shared bank settlement account 9730998246 across 2 merchants: Dua Mishra, Dua Mishra"
RING-MERCH-0044,MERCHANT_SETTLEMENT_COLLUSION,MCH2384 -> MCH2384,2,0.7,25974.41,"Shared bank settlement account 9586840707 across 2 merchants: Dugar Sathe, Dugar Sathe"
RING-MERCH-0043,MERCHANT_SETTLEMENT_COLLUSION,MCH8832 -> MCH8832,2,0.7,39916.24,"Shared bank settlement account 9524602047 across 2 merchants: Gour Ltd, Gour Ltd"
RING-MERCH-0042,MERCHANT_SETTLEMENT_COLLUSION,MCH1856 -> MCH1856,2,0.7,172.17,"Shared bank settlement account 9292167540 across 2 merchants: Sem, Dhawan And Bakshi, Sem, Dhawan And Bakshi"
RING-MERCH-0041,MERCHANT_SETTLEMENT_COLLUSION,MCH4413 -> MCH4413,2,0.7,11144.53,"Shared bank settlement account 9207485110 across 2 merchants: Parekh,Kadeandtalwar, Parekh,Kadeandtalwar"
RING-MERCH-0040,MERCHANT_SETTLEMENT_COLLUSION,MCH1100 -> MCH1100,2,0.7,24870.09,"Shared bank settlement account 9084083237 across 2 merchants: Swamy Inc, Swamy Inc"
RING-MERCH-0039,MERCHANT_SETTLEMENT_COLLUSION,MCH4104 -> MCH4104,2,0.7,24147.92,"Shared bank settlement account 8776394591 across 2 merchants: Sawhney Suri, Sawhney Suri"
RING-MERCH-0037,MERCHANT_SETTLEMENT_COLLUSION,MCH3955 -> MCH3955,2,0.7,37666.47,"Shared bank settlement account 7839475828 across 2 merchants: Dutta, Boase And Jha, Dutta, Boase And Jha"
RING-MERCH-0027,MERCHANT_SETTLEMENT_COLLUSION,MCH9992 -> MCH9992,2,0.7,32189.85,"Shared bank settlement account 5652803993 across 2 merchants: Rajagopalan Plc, Rajagopalan Plc"
RING-MERCH-0036,MERCHANT_SETTLEMENT_COLLUSION,MCH3259 -> MCH3259,2,0.7,0.0,"Shared bank settlement account 7747336061 across 2 merchants: Deep And Sons, Deep And Sons"
RING-MERCH-0035,MERCHANT_SETTLEMENT_COLLUSION,MCH3841 -> MCH3841,2,0.7,39285.68,"Shared bank settlement account 7616513593 across 2 merchants: Sandhu, Khosla And Guha, Sandhu, Khosla And Guha"
RING-MERCH-0034,MERCHANT_SETTLEMENT_COLLUSION,MCH6737 -> MCH6737,2,0.7,14310.69,"Shared bank settlement account 7394942754 across 2 merchants: Kohli Inc, Kohli Inc"
RING-MERCH-0033,MERCHANT_SETTLEMENT_COLLUSION,MCH5288 -> MCH5288,2,0.7,25713.02,"Shared bank settlement account 7391241084 across 2 merchants: Thaman, Muni And Om, Thaman, Muni And Om"
RING-MERCH-0032,MERCHANT_SETTLEMENT_COLLUSION,MCH4416 -> MCH4416,2,0.7,14354.48,"Shared bank settlement account 6909361511 across 2 merchants: Raju And S0Ns, Raju And S0Ns"
RING-MERCH-0031,MERCHANT_SETTLEMENT_COLLUSION,MCH4926 -> MCH4926,2,0.7,0.0,"Shared bank settlement account 6804229881 across 2 merchants: Shankar Ltd, Shankar Ltd"
RING-MERCH-0030,MERCHANT_SETTLEMENT_COLLUSION,MCH6837 -> MCH6837,2,0.7,10275.32,"Shared bank settlement account 6324216769 across 2 merchants: Oommen Thaker, Oommen Thaker"
RING-MERCH-0029,MERCHANT_SETTLEMENT_COLLUSION,MCH2133 -> MCH2133,2,0.7,75908.25,"Shared bank settlement account 6035698626 across 2 merchants: Bose Saraf, Bose Saraf"
RING-MERCH-0028,MERCHANT_SETTLEMENT_COLLUSION,MCH4909 -> MCH4909,2,0.7,89686.87,"Shared bank settlement account 5725440715 across 2 merchants: Sharaf, Lalla And Rattan, Sharaf, Lalla And Rattan"
RING-MERCH-0099,MERCHANT_SETTLEMENT_COLLUSION,MCH7746 -> MCH8326,2,0.7,55187.71,"Shared bank settlement account XXXX1031 across 2 merchants: Suresh Atwal, Bassi, Lalla And Sastry"
RING-MERCH-0100,MERCHANT_SETTLEMENT_COLLUSION,MCH7885 -> MCH7885,2,0.7,48071.31,"Shared bank settlement account XXXX1162 across 2 merchants: Atwal Jha, Atwal Jha"
RING-MERCH-0102,MERCHANT_SETTLEMENT_COLLUSION,MCH5009 -> MCH1516,2,0.7,32109.84,"Shared bank settlement account XXXX1307 across 2 merchants: Arora Wagle, Loyal And Sons"
RING-MERCH-0103,MERCHANT_SETTLEMENT_COLLUSION,MCH7804 -> MCH7804,2,0.7,27048.61,"Shared bank settlement account XXXX1482 across 2 merchants: Deo Pandya, Deo Pandya"
RING-MERCH-0178,MERCHANT_SETTLEMENT_COLLUSION,MCH3672 -> MCH8678,2,0.7,11973.43,"Shared bank settlement account XXXX8500 across 2 merchants: Ramaswamy Plc, Dani Talwar"
RING-MERCH-0176,MERCHANT_SETTLEMENT_COLLUSION,MCH5180 -> MCH2357,2,0.7,11254.09,"Shared bank settlement account XXXX8144 across 2 merchants: Gaba, Chacko And Khatri, Shan Ltd"
RING-MERCH-0175,MERCHANT_SETTLEMENT_COLLUSION,MCH6939 -> MCH6939,2,0.7,10895.88,"Shared bank settlement account XXXX8052 across 2 merchants: Sampath Ltd, Sampath Ltd"
RING-MERCH-0174,MERCHANT_SETTLEMENT_COLLUSION,MCH6890 -> MCH6890,2,0.7,14449.76,"Shared bank settlement account XXXX8046 across 2 merchants: Pandit Narasimhan, Pandit Narasimhan"
RING-MERCH-0173,MERCHANT_SETTLEMENT_COLLUSION,MCH9188 -> MCH4284,2,0.7,89907.26,"Shared bank settlement account XXXX7941 across 2 merchants: Randhawa Plc, Chawla Llc"
RING-MERCH-0172,MERCHANT_SETTLEMENT_COLLUSION,MCH9514 -> MCH9587,2,0.7,73555.88,"Shared bank settlement account XXXX7878 across 2 merchants: Prakash Gr0Up, Krishnamurthy Contractor"
RING-MERCH-0171,MERCHANT_SETTLEMENT_COLLUSION,MCH3837 -> MCH3837,2,0.7,23001.8,"Shared bank settlement account XXXX7816 across 2 merchants: Bhat Group, Bhat Group"
RING-MERCH-0170,MERCHANT_SETTLEMENT_COLLUSION,MCH8358 -> MCH8549,2,0.7,73529.85,"Shared bank settlement account XXXX7799 across 2 merchants: Sarna Singh, Amb1E, Sangha And C0Mar"
RING-MERCH-0168,MERCHANT_SETTLEMENT_COLLUSION,MCH9319 -> MCH9319,2,0.7,21206.6,"Shared bank settlement account XXXX7774 across 2 merchants: Ladinc, Ladinc"
RING-MERCH-0166,MERCHANT_SETTLEMENT_COLLUSION,MCH7540 -> MCH7540,2,0.7,9097.1,"Shared bank settlement account XXXX7550 across 2 merchants: Solanki Inc, Solanki Inc"
RING-MERCH-0165,MERCHANT_SETTLEMENT_COLLUSION,MCH9975 -> MCH9975,2,0.7,9870.36,"Shared bank settlement account XXXX7415 across 2 merchants: Nadkarni Sane, Nadkarni Sane"
RING-MERCH-0164,MERCHANT_SETTLEMENT_COLLUSION,MCH2120 -> MCH2120,2,0.7,26189.6,"Shared bank settlement account XXXX7380 across 2 merchants: Yohannan, Patla And Parmer, Yohannan, Patla And Parmer"
RING-MERCH-0163,MERCHANT_SETTLEMENT_COLLUSION,MCH7701 -> MCH2990,2,0.7,47365.27,"Shared bank settlement account XXXX7294 across 2 merchants: Ravel Lala, Rout And Sons"
RING-MERCH-0162,MERCHANT_SETTLEMENT_COLLUSION,MCH3075 -> MCH7074,2,0.7,76299.31,"Shared bank settlement account XXXX7029 across 2 merchants: Bedi Ramanathan, Yogi Group"
RING-MERCH-0161,MERCHANT_SETTLEMENT_COLLUSION,MCH1756 -> MCH3753,2,0.7,57333.3,"Shared bank settlement account XXXX7019 across 2 merchants: Vala Cheema, Kala Ltd"
RING-MERCH-0160,MERCHANT_SETTLEMENT_COLLUSION,MCH3541 -> MCH3541,2,0.7,20189.25,"Shared bank settlement account XXXX6960 across 2 merchants: Srivastava, Tella And Konda, Srivastava, Tella And Konda"
RING-MERCH-0159,MERCHANT_SETTLEMENT_COLLUSION,MCH2861 -> MCH3438,2,0.7,48116.03,"Shared bank settlement account XXXX6916 across 2 merchants: Hayer Inc, Kapur Mangat"
RING-MERCH-0158,MERCHANT_SETTLEMENT_COLLUSION,MCH8949 -> MCH3677,2,0.7,73867.71,"Shared bank settlement account XXXX6857 across 2 merchants: Srinivasan,Saxenaandkant, Toor And Sons"
RING-MERCH-0156,MERCHANT_SETTLEMENT_COLLUSION,MCH1585 -> MCH4864,2,0.7,72047.51,"Shared bank settlement account XXXX6587 across 2 merchants: Khalsa Kulkarni, Date Ltd"
RING-MERCH-0155,MERCHANT_SETTLEMENT_COLLUSION,MCH4332 -> MCH9957,2,0.7,22449.71,"Shared bank settlement account XXXX6546 across 2 merchants: Varma Plc, Chatterjee, Goda And Saraf"
RING-MERCH-0154,MERCHANT_SETTLEMENT_COLLUSION,MCH9551 -> MCH6405,2,0.7,74204.85,"Shared bank settlement account XXXX6470 across 2 merchants: Chaudhari Dugar, Jaggi Ltd"
RING-MERCH-0179,MERCHANT_SETTLEMENT_COLLUSION,MCH9249 -> MCH7978,2,0.7,65861.29,"Shared bank settlement account XXXX8648 across 2 merchants: Aggarwal, Agarwal And Naidu, Ganesan, Kohli And Savant"
RING-MERCH-0180,MERCHANT_SETTLEMENT_COLLUSION,MCH9593 -> MCH5881,2,0.7,46078.4,"Shared bank settlement account XXXX8685 across 2 merchants: Vora, Natt And Butala, Sengupta Bhat"
RING-MERCH-0181,MERCHANT_SETTLEMENT_COLLUSION,MCH9744 -> MCH9744,2,0.7,8086.62,"Shared bank settlement account XXXX8765 across 2 merchants: Walia Inc, Walia Inc"
RING-MERCH-0193,MERCHANT_SETTLEMENT_COLLUSION,MCH6325 -> MCH2390,2,0.7,49885.07,"Shared bank settlement account XXXX9688 across 2 merchants: Mannan Rattan, Bandi Sidhu"
RING-MERCH-0202,MERCHANT_SETTLEMENT_COLLUSION,MCH7912 -> MCH7912,2,0.7,38758.73,"Shared bank settlement account ZNNS3870382152945 across 2 merchants: Sarma Arya, Sarma Arya"
RING-MERCH-0201,MERCHANT_SETTLEMENT_COLLUSION,MCH2698 -> MCH2698,2,0.7,94507.75,"Shared bank settlement account YXNF3515433387898 across 2 merchants: Kalallc, Kalallc"
RING-MERCH-0200,MERCHANT_SETTLEMENT_COLLUSION,MCH3237 -> MCH3237,2,0.7,49968.78,"Shared bank settlement account YPVB7296650386869 across 2 merchants: Gaba Inc, Gaba Inc"
RING-MERCH-0199,MERCHANT_SETTLEMENT_COLLUSION,MCH1786 -> MCH1786,2,0.7,1930.78,"Shared bank settlement account YNDF5378176701295 across 2 merchants: Ganguly, Mammen And Babu, Ganguly, Mammen And Babu"
RING-MERCH-0198,MERCHANT_SETTLEMENT_COLLUSION,MCH5660 -> MCH1569,2,0.7,38584.95,"Shared bank settlement account XXXX9971 across 2 merchants: Goda Goda, Bal, Wali And Sheth"
RING-MERCH-0197,MERCHANT_SETTLEMENT_COLLUSION,MCH4322 -> MCH4322,2,0.7,4096.46,"Shared bank settlement account XXXX9948 across 2 merchants: Patla Plc, Patla Plc"
RING-MERCH-0196,MERCHANT_SETTLEMENT_COLLUSION,MCH9528 -> MCH8283,2,0.7,42186.84,"Shared bank settlement account XXXX9874 across 2 merchants: Kibe Memon, Nadkarni Llc"
RING-MERCH-0195,MERCHANT_SETTLEMENT_COLLUSION,MCH5489 -> MCH3371,2,0.7,41293.24,"Shared bank settlement account XXXX9871 across 2 merchants: Nath Ltd, Bath Plc"
RING-MERCH-0194,MERCHANT_SETTLEMENT_COLLUSION,MCH6260 -> MCH8950,2,0.7,63533.14,"Shared bank settlement account XXXX9807 across 2 merchants: Mittal Plc, Handa Inc"
RING-MERCH-0192,MERCHANT_SETTLEMENT_COLLUSION,MCH3281 -> MCH4486,2,0.7,32961.52,"Shared bank settlement account XXXX9655 across 2 merchants: Ranganathan And Sons, Bumb, Kibe And Saraf"
RING-MERCH-0182,MERCHANT_SETTLEMENT_COLLUSION,MCH1863 -> MCH2589,2,0.7,48929.55,"Shared bank settlement account XXXX8775 across 2 merchants: Sachar Gokhale, Dhawan Thaker"
RING-MERCH-0191,MERCHANT_SETTLEMENT_COLLUSION,MCH4859 -> MCH4859,2,0.7,17998.48,"Shared bank settlement account XXXX9523 across 2 merchants: Vasa Raju, Vasa Raju"
RING-MERCH-0190,MERCHANT_SETTLEMENT_COLLUSION,MCH6743 -> MCH6743,2,0.7,0.0,"Shared bank settlement account XXXX9521 across 2 merchants: Mistry, Acharya And Rau, Mistry, Acharya And Rau"
RING-MERCH-0189,MERCHANT_SETTLEMENT_COLLUSION,MCH1465 -> MCH7832,2,0.7,11072.43,"Shared bank settlement account XXXX9396 across 2 merchants: Shah, Solanki And Rajagopalan, Sodhi, Venkataraman And Kohli"
RING-MERCH-0188,MERCHANT_SETTLEMENT_COLLUSION,MCH1109 -> MCH3577,2,0.7,-7521.55,"Shared bank settlement account XXXX9384 across 2 merchants: Solanki Ltd, Ratta, Mane And Kapadia"
RING-MERCH-0187,MERCHANT_SETTLEMENT_COLLUSION,MCH1392 -> MCH4064,2,0.7,64074.13,"Shared bank settlement account XXXX9354 across 2 merchants: Johal Gaba, Sidhu, Kunda And Hayre"
RING-MERCH-0186,MERCHANT_SETTLEMENT_COLLUSION,MCH9276 -> MCH9276,2,0.7,9627.4,"Shared bank settlement account XXXX9182 across 2 merchants: Trivedi Kunda, Trivedi Kunda"
RING-MERCH-0185,MERCHANT_SETTLEMENT_COLLUSION,MCH1956 -> MCH9911,2,0.7,15284.82,"Shared bank settlement account XXXX9114 across 2 merchants: Magar, Ramakrishnan And Dhingra, Pal, Dash And Nagi"
RING-MERCH-0184,MERCHANT_SETTLEMENT_COLLUSION,MCH1320 -> MCH1320,2,0.7,16705.45,"Shared bank settlement account XXXX8923 across 2 merchants: Babu Khatri, Babu Khatri"
RING-MERCH-0183,MERCHANT_SETTLEMENT_COLLUSION,MCH7904 -> MCH2183,2,0.7,83821.01,"Shared bank settlement account XXXX8842 across 2 merchants: Kapadia Pandya, Savant Llc"
RING-MERCH-0153,MERCHANT_SETTLEMENT_COLLUSION,MCH1262 -> MCH7306,2,0.7,94863.98,"Shared bank settlement account XXXX6412 across 2 merchants: Lad And Sons, Devi Narang"
RING-MERCH-0152,MERCHANT_SETTLEMENT_COLLUSION,MCH2886 -> MCH2886,2,0.7,33637.0,"Shared bank settlement account XXXX6301 across 2 merchants: Kurian, Dash And Walla, Kurian, Dash And Walla"
RING-MERCH-0151,MERCHANT_SETTLEMENT_COLLUSION,MCH7577 -> MCH1255,2,0.7,96469.21,"Shared bank settlement account XXXX6249 across 2 merchants: Gandhi, Golla And Arora, Bose, Memon And Luthra"
RING-MERCH-0114,MERCHANT_SETTLEMENT_COLLUSION,MCH5762 -> MCH6662,2,0.7,46558.35,"Shared bank settlement account XXXX2767 across 2 merchants: Hayre And Sons, Din Gour"
RING-MERCH-0123,MERCHANT_SETTLEMENT_COLLUSION,MCH9424 -> MCH9424,2,0.7,0.0,"Shared bank settlement account XXXX3219 across 2 merchants: Sur Bajaj, Sur Bajaj"
RING-MERCH-0122,MERCHANT_SETTLEMENT_COLLUSION,MCH1936 -> MCH1936,2,0.7,1008.3,"Shared bank settlement account XXXX3173 across 2 merchants: Batra, Ramanathan And Din, Batra, Ramanathan And Din"
RING-MERCH-0121,MERCHANT_SETTLEMENT_COLLUSION,MCH7784 -> MCH4801,2,0.7,52145.94,"Shared bank settlement account XXXX3111 across 2 merchants: Dave Babu, Bhargava Basak"
RING-MERCH-0120,MERCHANT_SETTLEMENT_COLLUSION,MCH3780 -> MCH3780,2,0.7,4409.98,"Shared bank settlement account XXXX3079 across 2 merchants: Hegde Group, Hegde Group"
RING-MERCH-0119,MERCHANT_SETTLEMENT_COLLUSION,MCH5114 -> MCH5114,2,0.7,37782.7,"Shared bank settlement account XXXX3035 across 2 merchants: Lal Group, Lal Group"
RING-MERCH-0118,MERCHANT_SETTLEMENT_COLLUSION,MCH4982 -> MCH9784,2,0.7,24781.49,"Shared bank settlement account XXXX3001 across 2 merchants: Upadhyay Thaker, Lal Ltd"
RING-MERCH-0117,MERCHANT_SETTLEMENT_COLLUSION,MCH4699 -> MCH2028,2,0.7,45156.13,"Shared bank settlement account XXXX2833 across 2 merchants: Setty Inc, Viswanathan Llc"
RING-MERCH-0116,MERCHANT_SETTLEMENT_COLLUSION,MCH4417 -> MCH9098,2,0.7,-488.32,"Shared bank settlement account XXXX2826 across 2 merchants: Nair Bhavsar, Manda And Sons"
RING-MERCH-0115,MERCHANT_SETTLEMENT_COLLUSION,MCH7225 -> MCH2836,2,0.7,80701.54,"Shared bank settlement account XXXX2773 across 2 merchants: Apte Wadhwa, Rai And Sons"
RING-MERCH-0113,MERCHANT_SETTLEMENT_COLLUSION,MCH6598 -> MCH6598,2,0.7,41953.5,"Shared bank settlement account XXXX2729 across 2 merchants: Banik, Halder And Sabharwal, Banik, Halder And Sabharwal"
RING-MERCH-0125,MERCHANT_SETTLEMENT_COLLUSION,MCH9888 -> MCH9888,2,0.7,10222.36,"Shared bank settlement account XXXX3253 across 2 merchants: Contractor, Mohanty And Devi, Contractor, Mohanty And Devi"
RING-MERCH-0112,MERCHANT_SETTLEMENT_COLLUSION,MCH5567 -> MCH8890,2,0.7,70897.63,"Shared bank settlement account XXXX2596 across 2 merchants: D’Alia Ltd, Mane Sheth"
RING-MERCH-0111,MERCHANT_SETTLEMENT_COLLUSION,MCH9997 -> MCH9997,2,0.7,0.0,"Shared bank settlement account XXXX2557 across 2 merchants: Kalita, Dass And Balay, Kalita, Dass And Balay"
RING-MERCH-0110,MERCHANT_SETTLEMENT_COLLUSION,MCH3438 -> MCH3611,2,0.7,40828.51,"Shared bank settlement account XXXX2260 across 2 merchants: Sodhi Khosla, Ratti, Sunder And Kapoor"
RING-MERCH-0109,MERCHANT_SETTLEMENT_COLLUSION,MCH1491 -> MCH5524,2,0.7,58234.24,"Shared bank settlement account XXXX2255 across 2 merchants: Tripathi Ltd, Mangat, Sanghvi And Shah"
RING-MERCH-0108,MERCHANT_SETTLEMENT_COLLUSION,MCH8033 -> MCH8033,2,0.7,53210.72,"Shared bank settlement account XXXX2251 across 2 merchants: Kala, Mahal And Dash, Kala, Mahal And Dash"
RING-MERCH-0107,MERCHANT_SETTLEMENT_COLLUSION,MCH1750 -> MCH9846,2,0.7,54982.3,"Shared bank settlement account XXXX2201 across 2 merchants: Sastry Chaudhari, Mukherjee Ltd"
RING-MERCH-0106,MERCHANT_SETTLEMENT_COLLUSION,MCH3917 -> MCH3917,2,0.7,21774.64,"Shared bank settlement account XXXX2174 across 2 merchants: Chowdhury Pandit, Chowdhury Pandit"
RING-MERCH-0105,MERCHANT_SETTLEMENT_COLLUSION,MCH3325 -> MCH3325,2,0.7,16809.57,"Shared bank settlement account XXXX1753 across 2 merchants: Varty Vig, Varty Vig"
RING-MERCH-0104,MERCHANT_SETTLEMENT_COLLUSION,MCH4127 -> MCH4127,2,0.7,26897.96,"Shared bank settlement account XXXX1628 across 2 merchants: Subramaniam Jhaveri, Subramaniam Jhaveri"
RING-MERCH-0124,MERCHANT_SETTLEMENT_COLLUSION,MCH9234 -> MCH9234,2,0.7,25727.86,"Shared bank settlement account XXXX3221 across 2 merchants: Jhaveri, Chandran And Shukla, Jhaveri, Chandran And Shukla"
RING-MERCH-0126,MERCHANT_SETTLEMENT_COLLUSION,MCH6507 -> MCH6507,2,0.7,22532.47,"Shared bank settlement account XXXX3350 across 2 merchants: Kadakia Plc, Kadakia Plc"
RING-MERCH-0150,MERCHANT_SETTLEMENT_COLLUSION,MCH3907 -> MCH1474,2,0.7,96484.45,"Shared bank settlement account XXXX6224 across 2 merchants: Oza, Sachdev And Sarkar, Sami, Sur And Tank"
RING-MERCH-0140,MERCHANT_SETTLEMENT_COLLUSION,MCH8509 -> MCH8509,2,0.7,12504.59,"Shared bank settlement account XXXX5135 across 2 merchants: Majumdar, Deshpande And Solanki, Majumdar, Deshpande And Solanki"
RING-MERCH-0149,MERCHANT_SETTLEMENT_COLLUSION,MCH4876 -> MCH1709,2,0.7,5297.44,"Shared bank settlement account XXXX5946 across 2 merchants: Dugar, Prasad And Pal, Sachdeva Khanna"
RING-MERCH-0148,MERCHANT_SETTLEMENT_COLLUSION,MCH8928 -> MCH8928,2,0.7,26633.05,"Shared bank settlement account XXXX5889 across 2 merchants: Deo Plc, Deo Plc"
RING-MERCH-0147,MERCHANT_SETTLEMENT_COLLUSION,MCH6449 -> MCH6449,2,0.7,23404.71,"Shared bank settlement account XXXX5646 across 2 merchants: Chakraborty Hans, Chakraborty Hans"
RING-MERCH-0146,MERCHANT_SETTLEMENT_COLLUSION,MCH9006 -> MCH5797,2,0.7,14155.78,"Shared bank settlement account XXXX5629 across 2 merchants: Chopra Sandhu, Bhatt Ltd"
RING-MERCH-0145,MERCHANT_SETTLEMENT_COLLUSION,MCH1769 -> MCH9291,2,0.7,62035.87,"Shared bank settlement account XXXX5444 across 2 merchants: Jha, Samra And Jhaveri, Thakkar, Bath And Uppal"
RING-MERCH-0144,MERCHANT_SETTLEMENT_COLLUSION,MCH9546 -> MCH9546,2,0.7,0.0,"Shared bank settlement account XXXX5350 across 2 merchants: Mohan, Tak And Dhingra, Mohan, Tak And Dhingra"
RING-MERCH-0143,MERCHANT_SETTLEMENT_COLLUSION,MCH3559 -> MCH3559,2,0.7,57681.0,"Shared bank settlement account XXXX5330 across 2 merchants: Chokshi Inc, Chokshi Inc"
RING-MERCH-0142,MERCHANT_SETTLEMENT_COLLUSION,MCH7078 -> MCH7078,2,0.7,39115.51,"Shared bank settlement account XXXX5209 across 2 merchants: Vasa, Gade And Viswanathan, Vasa, Gade And Viswanathan"
RING-MERCH-0141,MERCHANT_SETTLEMENT_COLLUSION,MCH7281 -> MCH7281,2,0.7,0.0,"Shared bank settlement account XXXX5201 across 2 merchants: Kalita Mistry, Kalita Mistry"
RING-MERCH-0139,MERCHANT_SETTLEMENT_COLLUSION,MCH4475 -> MCH4475,2,0.7,41296.48,"Shared bank settlement account XXXX5127 across 2 merchants: Ray, Kulkarni And Suresh, Ray, Kulkarni And Suresh"
RING-MERCH-0127,MERCHANT_SETTLEMENT_COLLUSION,MCH5322 -> MCH4043,2,0.7,55297.13,"Shared bank settlement account XXXX3422 across 2 merchants: Parsa Llc, Choudhry And Sons"
RING-MERCH-0138,MERCHANT_SETTLEMENT_COLLUSION,MCH7618 -> MCH7618,2,0.7,13526.26,"Shared bank settlement account XXXX5035 across 2 merchants: Mutti Mohan, Mutti Mohan"
RING-MERCH-0137,MERCHANT_SETTLEMENT_COLLUSION,MCH8160 -> MCH5879,2,0.7,39874.56,"Shared bank settlement account XXXX4907 across 2 merchants: Amble And Sons, Sridhar, Sani And Ma11"
RING-MERCH-0136,MERCHANT_SETTLEMENT_COLLUSION,MCH1479 -> MCH9220,2,0.7,60288.82,"Shared bank settlement account XXXX4686 across 2 merchants: Mandal, Barad And Srinivasan, Agate,Boaseandkurian"
RING-MERCH-0135,MERCHANT_SETTLEMENT_COLLUSION,MCH7846 -> MCH1833,2,0.7,81712.44,"Shared bank settlement account XXXX4268 across 2 merchants: Chad Gole, Bhatnagar, Bhavsar And Iyengar"
RING-MERCH-0134,MERCHANT_SETTLEMENT_COLLUSION,MCH8638 -> MCH8638,2,0.7,34067.47,"Shared bank settlement account XXXX4259 across 2 merchants: Ramanathan Apte, Ramanathan Apte"
RING-MERCH-0133,MERCHANT_SETTLEMENT_COLLUSION,MCH7362 -> MCH5780,2,0.7,48685.02,"Shared bank settlement account XXXX4121 across 2 merchants: Kothari Plc, Oak Mody"
RING-MERCH-0131,MERCHANT_SETTLEMENT_COLLUSION,MCH8965 -> MCH7568,2,0.7,137987.56,"Shared bank settlement account XXXX4056 across 2 merchants: Bajaj Ltd, Chokshi, Lall And Subramaniam"
RING-MERCH-0129,MERCHANT_SETTLEMENT_COLLUSION,MCH7051 -> MCH4790,2,0.7,37444.66,"Shared bank settlement account XXXX3526 across 2 merchants: Ramachandran Rajan, Date Plc"
RING-MERCH-0128,MERCHANT_SETTLEMENT_COLLUSION,MCH1977 -> MCH4092,2,0.7,12914.08,"Shared bank settlement account XXXX3479 across 2 merchants: Chahal Kumer, Mukhopadhyay Group"
RING-SYNTH-0398,SYNTHETIC_IDENTITY_MULE_RING,USR65224 -> USR65224,2,0.7,0.0,"Duplicate PAN document shared across 2 customer profiles: Yashica Bath, Yashica Bath"
RING-SYNTH-0399,SYNTHETIC_IDENTITY_MULE_RING,USR87682 -> USR87682,2,0.7,0.0,"Duplicate PAN document shared across 2 customer profiles: Vinaya Subramaniam, Vinaya Subramaniam"
RING-SYNTH-0400,SYNTHETIC_IDENTITY_MULE_RING,USR28992 -> USR28992,2,0.7,0.0,"Duplicate PAN document shared across 2 customer profiles: Sachi Ranganathan, Sachi Ranganathan"
RING-SYNTH-0643,SYNTHETIC_IDENTITY_MULE_RING,USR77767 -> USR77767,2,0.7,26415.68,"Duplicate PAN document shared across 2 customer profiles: Karan Grewal, Karan Grewal"
RING-SYNTH-0665,SYNTHETIC_IDENTITY_MULE_RING,USR17436 -> USR17436,2,0.7,0.0,"Duplicate PAN document shared across 2 customer profiles: Bachittar Mital, Bachittar Mital"
RING-SYNTH-0664,SYNTHETIC_IDENTITY_MULE_RING,USR62151 -> USR62151,2,0.7,16230.52,"Duplicate PAN document shared across 2 customer profiles: Edhitha Bhalla, Edhitha Bhalla"
RING-SYNTH-0663,SYNTHETIC_IDENTITY_MULE_RING,USR87067 -> USR87067,2,0.7,0.0,"Duplicate PAN document shared across 2 customer profiles: Ayaan Bhatt, Ayaan Bhatt"
RING-SYNTH-0662,SYNTHETIC_IDENTITY_MULE_RING,USR61596 -> USR61596,2,0.7,13922.0,"Duplicate PAN document shared across 2 customer profiles: Krish Varma, Krish Varma"
RING-SYNTH-0661,SYNTHETIC_IDENTITY_MULE_RING,USR20533 -> USR20533,2,0.7,0.0,"Duplicate PAN document shared across 2 customer profiles: Nidra Samra, Nidra Samra"
RING-SYNTH-0660,SYNTHETIC_IDENTITY_MULE_RING,USR68190 -> USR68190,2,0.7,0.0,"Duplicate PAN document shared across 2 customer profiles: Bakhshi Tiwari, Bakhshi Tiwari"
RING-SYNTH-0659,SYNTHETIC_IDENTITY_MULE_RING,USR30470 -> USR30470,2,0.7,0.0,"Duplicate PAN document shared across 2 customer profiles: Gaurangi Zacharia, Gaurangi Zacharia"
RING-SYNTH-0658,SYNTHETIC_IDENTITY_MULE_RING,USR21975 -> USR21975,2,0.7,0.0,"Duplicate PAN document shared across 2 customer profiles: Ekta Deep, Ekta Deep"
RING-SYNTH-0657,SYNTHETIC_IDENTITY_MULE_RING,USR81266 -> USR81266,2,0.7,0.0,"Duplicate PAN document shared across 2 customer profiles: Meera Koshy, Meera Koshy"
RING-SYNTH-0656,SYNTHETIC_IDENTITY_MULE_RING,USR94808 -> USR94808,2,0.7,37218.55,"Duplicate PAN document shared across 2 customer profiles: Jason Majumdar, Jason Majumdar"
RING-SYNTH-0655,SYNTHETIC_IDENTITY_MULE_RING,USR41750 -> USR41750,2,0.7,0.0,"Duplicate PAN document shared across 2 customer profiles: Januja Dar, Januja Dar"
RING-SYNTH-0654,SYNTHETIC_IDENTITY_MULE_RING,USR42071 -> USR42071,2,0.7,0.0,"Duplicate PAN document shared across 2 customer profiles: Vivaan Konda, Vivaan Konda"
RING-SYNTH-0653,SYNTHETIC_IDENTITY_MULE_RING,USR64460 -> USR64460,2,0.7,24543.36,"Duplicate PAN document shared across 2 customer profiles: Ekapad Mutti, Ekapad Mutti"
RING-SYNTH-0652,SYNTHETIC_IDENTITY_MULE_RING,USR21814 -> USR21814,2,0.7,0.0,"Duplicate PAN document shared across 2 customer profiles: Gauri Dara, Gauri Dara"
RING-SYNTH-0651,SYNTHETIC_IDENTITY_MULE_RING,USR88650 -> USR88650,2,0.7,0.0,"Duplicate PAN document shared across 2 customer profiles: Udarsh Pingle, Udarsh Pingle"
RING-SYNTH-0650,SYNTHETIC_IDENTITY_MULE_RING,USR76157 -> USR76157,2,0.7,0.0,"Duplicate PAN document shared across 2 customer profiles: Kalpit Sodhi, Kalpit Sodhi"
RING-SYNTH-0649,SYNTHETIC_IDENTITY_MULE_RING,USR22619 -> USR22619,2,0.7,0.0,"Duplicate PAN document shared across 2 customer profiles: Viraj Bumb, Viraj Bumb"
RING-SYNTH-0648,SYNTHETIC_IDENTITY_MULE_RING,USR38760 -> USR38760,2,0.7,0.0,"Duplicate PAN document shared across 2 customer profiles: Lajita Dewan, Lajita Dewan"
RING-SYNTH-0647,SYNTHETIC_IDENTITY_MULE_RING,USR99545 -> USR99545,2,0.7,6550.03,"Duplicate PAN document shared across 2 customer profiles: Yadavi Patil, Yadavi Patil"
RING-SYNTH-0646,SYNTHETIC_IDENTITY_MULE_RING,USR51693 -> USR51693,2,0.7,0.0,"Duplicate PAN document shared across 2 customer profiles: Avi Dubey, Avi Dubey"
RING-SYNTH-0645,SYNTHETIC_IDENTITY_MULE_RING,USR83495 -> USR83495,2,0.7,0.0,"Duplicate PAN document shared across 2 customer profiles: Laksh Narain, Laksh Narain"
RING-SYNTH-0666,SYNTHETIC_IDENTITY_MULE_RING,USR24295 -> USR24295,2,0.7,0.0,"Duplicate PAN document shared across 2 customer profiles: Yashawini Mital, Yashawini Mital"
RING-SYNTH-0667,SYNTHETIC_IDENTITY_MULE_RING,USR91400 -> USR91400,2,0.7,0.0,"Duplicate PAN document shared across 2 customer profiles: Dakshesh Bains, Dakshesh Bains"
RING-SYNTH-0668,SYNTHETIC_IDENTITY_MULE_RING,USR98820 -> USR98820,2,0.7,0.0,"Duplicate PAN document shared across 2 customer profiles: Yauvani Gala, Yauvani Gala"
RING-SYNTH-0680,SYNTHETIC_IDENTITY_MULE_RING,USR88271 -> USR88271,2,0.7,0.0,"Duplicate PAN document shared across 2 customer profiles: Odika Mohanty, Odika Mohanty"
RING-SYNTH-0689,SYNTHETIC_IDENTITY_MULE_RING,USR98241 -> USR98241,2,0.7,9511.07,"Duplicate PAN document shared across 2 customer profiles: Jyoti Chauhan, Jyoti Chauhan"
RING-SYNTH-0688,SYNTHETIC_IDENTITY_MULE_RING,USR62328 -> USR62328,2,0.7,0.0,"Duplicate PAN document shared across 2 customer profiles: Darpan Bedi, Darpan Bedi"
RING-SYNTH-0687,SYNTHETIC_IDENTITY_MULE_RING,USR23474 -> USR23474,2,0.7,0.0,"Duplicate PAN document shared across 2 customer profiles: Ayush Chandran, Ayush Chandran"
RING-SYNTH-0686,SYNTHETIC_IDENTITY_MULE_RING,USR15150 -> USR15150,2,0.7,0.0,"Duplicate PAN document shared across 2 customer profiles: Maya Mukhopadhyay, Maya Mukhopadhyay"
RING-SYNTH-0685,SYNTHETIC_IDENTITY_MULE_RING,USR80641 -> USR80641,2,0.7,0.0,"Duplicate PAN document shared across 2 customer profiles: Gagan Mitter, Gagan Mitter"
RING-SYNTH-0684,SYNTHETIC_IDENTITY_MULE_RING,USR59653 -> USR59653,2,0.7,22628.05,"Duplicate PAN document shared across 2 customer profiles: Veer Anne, Veer Anne"
RING-SYNTH-0683,SYNTHETIC_IDENTITY_MULE_RING,USR67545 -> USR67545,2,0.7,0.0,"Duplicate PAN document shared across 2 customer profiles: Timothy Bora, Timothy Bora"
RING-SYNTH-0682,SYNTHETIC_IDENTITY_MULE_RING,USR62318 -> USR62318,2,0.7,0.0,"Duplicate PAN document shared across 2 customer profiles: Warhi Sahota, Warhi Sahota"
RING-SYNTH-0681,SYNTHETIC_IDENTITY_MULE_RING,USR44971 -> USR44971,2,0.7,0.0,"Duplicate PAN document shared across 2 customer profiles: Jai Vyas, Jai Vyas"
RING-SYNTH-0679,SYNTHETIC_IDENTITY_MULE_RING,USR49961 -> USR49961,2,0.7,0.0,"Duplicate PAN document shared across 2 customer profiles: Vrishti Aggarwal, Vrishti Aggarwal"
RING-SYNTH-0669,SYNTHETIC_IDENTITY_MULE_RING,USR20545 -> USR20545,2,0.7,0.0,"Duplicate PAN document shared across 2 customer profiles: Ishaan Buch, Ishaan Buch"
RING-SYNTH-0678,SYNTHETIC_IDENTITY_MULE_RING,USR50161 -> USR50161,2,0.7,0.0,"Duplicate PAN document shared across 2 customer profiles: Ethan Khatri, Ethan Khatri"
RING-SYNTH-0677,SYNTHETIC_IDENTITY_MULE_RING,USR18341 -> USR18341,2,0.7,13375.11,"Duplicate PAN document shared across 2 customer profiles: Kavya Oommen, Kavya Oommen"
RING-SYNTH-0676,SYNTHETIC_IDENTITY_MULE_RING,USR76886 -> USR76886,2,0.7,0.0,"Duplicate PAN document shared across 2 customer profiles: Simon Hegde, Simon Hegde"
RING-SYNTH-0675,SYNTHETIC_IDENTITY_MULE_RING,USR34978 -> USR34978,2,0.7,0.0,"Duplicate PAN document shared across 2 customer profiles: Yutika Handa, Yutika Handa"
RING-SYNTH-0674,SYNTHETIC_IDENTITY_MULE_RING,USR87347 -> USR87347,2,0.7,0.0,"Duplicate PAN document shared across 2 customer profiles: Megha Khatri, Megha Khatri"
RING-SYNTH-0673,SYNTHETIC_IDENTITY_MULE_RING,USR21399 -> USR21399,2,0.7,0.0,"Duplicate PAN document shared across 2 customer profiles: Pavani Dayal, Pavani Dayal"
RING-SYNTH-0672,SYNTHETIC_IDENTITY_MULE_RING,USR65939 -> USR65939,2,0.7,0.0,"Duplicate PAN document shared across 2 customer profiles: Tejas Menon, Tejas Menon"
RING-SYNTH-0671,SYNTHETIC_IDENTITY_MULE_RING,USR78907 -> USR78907,2,0.7,9168.28,"Duplicate PAN document shared across 2 customer profiles: Amrita Parekh, Amrita Parekh"
RING-SYNTH-0670,SYNTHETIC_IDENTITY_MULE_RING,USR14491 -> USR14491,2,0.7,0.0,"Duplicate PAN document shared across 2 customer profiles: Alexander Arora, Alexander Arora"
RING-SYNTH-0644,SYNTHETIC_IDENTITY_MULE_RING,USR19599 -> USR19599,2,0.7,0.0,"Duplicate PAN document shared across 2 customer profiles: Nathan Goel, Nathan Goel"
RING-SYNTH-0642,SYNTHETIC_IDENTITY_MULE_RING,USR67590 -> USR67590,2,0.7,0.0,"Duplicate PAN document shared across 2 customer profiles: Gaurang Chopra, Gaurang Chopra"
RING-SYNTH-0401,SYNTHETIC_IDENTITY_MULE_RING,USR33502 -> USR33502,2,0.7,0.0,"Duplicate PAN document shared across 2 customer profiles: Sara Dash, Sara Dash"
RING-SYNTH-0641,SYNTHETIC_IDENTITY_MULE_RING,USR53048 -> USR53048,2,0.7,0.0,"Duplicate PAN document shared across 2 customer profiles: Varenya Parmar, Varenya Parmar"
RING-SYNTH-0616,SYNTHETIC_IDENTITY_MULE_RING,USR17743 -> USR17743,2,0.7,0.0,"Duplicate PAN document shared across 2 customer profiles: Sneha Palan, Sneha Palan"
RING-SYNTH-0615,SYNTHETIC_IDENTITY_MULE_RING,USR63251 -> USR63251,2,0.7,0.0,"Duplicate PAN document shared across 2 customer profiles: Aadi Biswas, Aadi Biswas"
RING-SYNTH-0614,SYNTHETIC_IDENTITY_MULE_RING,USR91104 -> USR91104,2,0.7,0.0,"Duplicate PAN document shared across 2 customer profiles: Parth Gopal, Parth Gopal"
RING-SYNTH-0613,SYNTHETIC_IDENTITY_MULE_RING,USR97411 -> USR97411,2,0.7,0.0,"Duplicate PAN document shared across 2 customer profiles: Chandran Buch, Chandran Buch"
RING-SYNTH-0612,SYNTHETIC_IDENTITY_MULE_RING,USR61630 -> USR61630,2,0.7,6599.82,"Duplicate PAN document shared across 2 customer profiles: Pushti Sodhi, Pushti Sodhi"
RING-SYNTH-0611,SYNTHETIC_IDENTITY_MULE_RING,USR94333 -> USR94333,2,0.7,0.0,"Duplicate PAN document shared across 2 customer profiles: Ishwar Gara, Ishwar Gara"
RING-SYNTH-0610,SYNTHETIC_IDENTITY_MULE_RING,USR29908 -> USR29908,2,0.7,1991.21,"Duplicate PAN document shared across 2 customer profiles: Falak Lanka, Falak Lanka"
RING-SYNTH-0609,SYNTHETIC_IDENTITY_MULE_RING,USR33826 -> USR33826,2,0.7,12631.1,"Duplicate PAN document shared across 2 customer profiles: Varsha Kurian, Varsha Kurian"
RING-SYNTH-0608,SYNTHETIC_IDENTITY_MULE_RING,USR10257 -> USR10257,2,0.7,0.0,"Duplicate PAN document shared across 2 customer profiles: Tanish Issac, Tanish Issac"
RING-SYNTH-0607,SYNTHETIC_IDENTITY_MULE_RING,USR40270 -> USR40270,2,0.7,7242.24,"Duplicate PAN document shared across 2 customer profiles: Hemani Bir, Hemani Bir"
RING-SYNTH-0606,SYNTHETIC_IDENTITY_MULE_RING,USR74154 -> USR74154,2,0.7,0.0,"Duplicate PAN document shared across 2 customer profiles: Jasmit Kapoor, Jasmit Kapoor"
RING-SYNTH-0605,SYNTHETIC_IDENTITY_MULE_RING,USR18679 -> USR18679,2,0.7,15673.8,"Duplicate PAN document shared across 2 customer profiles: Ronith Chakrabarti, Ronith Chakrabarti"
RING-SYNTH-0604,SYNTHETIC_IDENTITY_MULE_RING,USR90196 -> USR90196,2,0.7,0.0,"Duplicate PAN document shared across 2 customer profiles: Saanvi Wadhwa, Saanvi Wadhwa"
RING-SYNTH-0603,SYNTHETIC_IDENTITY_MULE_RING,USR46304 -> USR46304,2,0.7,0.0,"Duplicate PAN document shared across 2 customer profiles: Karan Ahuja, Karan Ahuja"
RING-SYNTH-0602,SYNTHETIC_IDENTITY_MULE_RING,USR14806 -> USR14806,2,0.7,21274.15,"Duplicate PAN document shared across 2 customer profiles: Elijah Hayre, Elijah Hayre"
RING-SYNTH-0601,SYNTHETIC_IDENTITY_MULE_RING,USR71221 -> USR71221,2,0.7,24320.92,"Duplicate PAN document shared across 2 customer profiles: Yamini Cherian, Yamini Cherian"
RING-SYNTH-0600,SYNTHETIC_IDENTITY_MULE_RING,USR70313 -> USR70313,2,0.7,0.0,"Duplicate PAN document shared across 2 customer profiles: Yuvraj Vaidya, Yuvraj Vaidya"
RING-SYNTH-0599,SYNTHETIC_IDENTITY_MULE_RING,USR41974 -> USR41974,2,0.7,0.0,"Duplicate PAN document shared across 2 customer profiles: Vihaan Gandhi, Vihaan Gandhi"
RING-SYNTH-0598,SYNTHETIC_IDENTITY_MULE_RING,USR63072 -> USR63072,2,0.7,0.0,"Duplicate PAN document shared across 2 customer profiles: Chandreshrattan, Chandreshrattan"
RING-SYNTH-0597,SYNTHETIC_IDENTITY_MULE_RING,USR68920 -> USR68920,2,0.7,3056.01,"Duplicate PAN document shared across 2 customer profiles: Pavani Mody, Pavani Mody"
RING-SYNTH-0596,SYNTHETIC_IDENTITY_MULE_RING,USR66628 -> USR66628,2,0.7,0.0,"Duplicate PAN document shared across 2 customer profiles: Tanveer Wali, Tanveer Wali"
RING-SYNTH-0617,SYNTHETIC_IDENTITY_MULE_RING,USR70825 -> USR70825,2,0.7,0.0,"Duplicate PAN document shared across 2 customer profiles: Wazir Sankaran, Wazir Sankaran"
RING-SYNTH-0618,SYNTHETIC_IDENTITY_MULE_RING,USR29237 -> USR29237,2,0.7,0.0,"Duplicate PAN document shared across 2 customer profiles: Baghyawati Venkataraman, Baghyawati Venkataraman"
RING-SYNTH-0619,SYNTHETIC_IDENTITY_MULE_RING,USR20177 -> USR20177,2,0.7,0.0,"Duplicate PAN document shared across 2 customer profiles: Balhaar Sridhar, Balhaar Sridhar"
RING-SYNTH-0631,SYNTHETIC_IDENTITY_MULE_RING,USR32761 -> USR32761,2,0.7,0.0,"Duplicate PAN document shared across 2 customer profiles: Jairaj Mital, Jairaj Mital"
RING-SYNTH-0640,SYNTHETIC_IDENTITY_MULE_RING,USR53211 -> USR53211,2,0.7,0.0,"Duplicate PAN document shared across 2 customer profiles: Vanya Kala, Vanya Kala"
RING-SYNTH-0639,SYNTHETIC_IDENTITY_MULE_RING,USR44066 -> USR44066,2,0.7,9864.59,"Duplicate PAN document shared across 2 customer profiles: Ekalinga Sami, Ekalinga Sami"
RING-SYNTH-0638,SYNTHETIC_IDENTITY_MULE_RING,USR72716 -> USR72716,2,0.7,0.0,"Duplicate PAN document shared across 2 customer profiles: Azad Sethi, Azad Sethi"
RING-SYNTH-0637,SYNTHETIC_IDENTITY_MULE_RING,USR52680 -> USR52680,2,0.7,0.0,"Duplicate PAN document shared across 2 customer profiles: Hitesh Borah, Hitesh Borah"
RING-SYNTH-0636,SYNTHETIC_IDENTITY_MULE_RING,USR93966 -> USR93966,2,0.7,0.0,"Duplicate PAN document shared across 2 customer profiles: Hemal Kara, Hemal Kara"
RING-SYNTH-0635,SYNTHETIC_IDENTITY_MULE_RING,USR26806 -> USR26806,2,0.7,0.0,"Duplicate PAN document shared across 2 customer profiles: Janani Kale, Janani Kale"
RING-SYNTH-0634,SYNTHETIC_IDENTITY_MULE_RING,USR55238 -> USR55238,2,0.7,0.0,"Duplicate PAN document shared across 2 customer profiles: Ryan Dutt, Ryan Dutt"
RING-SYNTH-0633,SYNTHETIC_IDENTITY_MULE_RING,USR70175 -> USR70175,2,0.7,0.0,"Duplicate PAN document shared across 2 customer profiles: Lopa Shah, Lopa Shah"
RING-SYNTH-0632,SYNTHETIC_IDENTITY_MULE_RING,USR57146 -> USR57146,2,0.7,0.0,"Duplicate PAN document shared across 2 customer profiles: Vihaan Som, Vihaan Som"
RING-SYNTH-0630,SYNTHETIC_IDENTITY_MULE_RING,USR13112 -> USR13112,2,0.7,0.0,"Duplicate PAN document shared across 2 customer profiles: Sudiksha Bajwa, Sudiksha Bajwa"
RING-SYNTH-0620,SYNTHETIC_IDENTITY_MULE_RING,USR78863 -> USR78863,2,0.7,0.0,"Duplicate PAN document shared across 2 customer profiles: Oscar Dara, Oscar Dara"
RING-SYNTH-0629,SYNTHETIC_IDENTITY_MULE_RING,USR20964 -> USR20964,2,0.7,0.0,"Duplicate PAN document shared across 2 customer profiles: Adweta Mammen, Adweta Mammen"
RING-SYNTH-0628,SYNTHETIC_IDENTITY_MULE_RING,USR46791 -> USR46791,2,0.7,0.0,"Duplicate PAN document shared across 2 customer profiles: Kashish Chaudhry, Kashish Chaudhry"
RING-SYNTH-0627,SYNTHETIC_IDENTITY_MULE_RING,USR97902 -> USR97902,2,0.7,0.0,"Duplicate PAN document shared across 2 customer profiles: Parth Mand, Parth Mand"
RING-SYNTH-0626,SYNTHETIC_IDENTITY_MULE_RING,USR71443 -> USR71443,2,0.7,0.0,"Duplicate PAN document shared across 2 customer profiles: Naveen Hegde, Naveen Hegde"
RING-SYNTH-0625,SYNTHETIC_IDENTITY_MULE_RING,USR54734 -> USR54734,2,0.7,24182.0,"Duplicate PAN document shared across 2 customer profiles: Gunbir Deshpande, Gunbir Deshpande"
RING-SYNTH-0624,SYNTHETIC_IDENTITY_MULE_RING,USR94269 -> USR94269,2,0.7,0.0,"Duplicate PAN document shared across 2 customer profiles: Dalaja Dugar, Dalaja Dugar"
RING-SYNTH-0623,SYNTHETIC_IDENTITY_MULE_RING,USR85651 -> USR85651,2,0.7,0.0,"Duplicate PAN document shared across 2 customer profiles: Advik Upadhyay, Advik Upadhyay"
RING-SYNTH-0622,SYNTHETIC_IDENTITY_MULE_RING,USR42355 -> USR42355,2,0.7,0.0,"Duplicate PAN document shared across 2 customer profiles: Laksh Thaman, Laksh Thaman"
RING-SYNTH-0621,SYNTHETIC_IDENTITY_MULE_RING,USR21667 -> USR21667,2,0.7,0.0,"Duplicate PAN document shared across 2 customer profiles: Vinaya Thaman, Vinaya Thaman"
RING-SYNTH-0690,SYNTHETIC_IDENTITY_MULE_RING,USR97193 -> USR97193,2,0.7,0.0,"Duplicate PAN document shared across 2 customer profiles: Aarini Korpal, Aarini Korpal"
RING-SYNTH-0691,SYNTHETIC_IDENTITY_MULE_RING,USR21115 -> USR21115,2,0.7,0.0,"Duplicate PAN document shared across 2 customer profiles: Damyanti Sachdeva, Damyanti Sachdeva"
RING-SYNTH-0692,SYNTHETIC_IDENTITY_MULE_RING,USR47274 -> USR47274,2,0.7,0.0,"Duplicate PAN document shared across 2 customer profiles: Omkaar Sur, Omkaar Sur"
RING-SYNTH-0693,SYNTHETIC_IDENTITY_MULE_RING,USR92356 -> USR92356,2,0.7,0.0,"Duplicate PAN document shared across 2 customer profiles: Chandani Pall, Chandani Pall"
RING-SYNTH-0762,SYNTHETIC_IDENTITY_MULE_RING,USR89556 -> USR89556,2,0.7,0.0,"Duplicate PAN document shared across 2 customer profiles: Sachi Mukhopadhyay, Sachi Mukhopadhyay"
RING-SYNTH-0761,SYNTHETIC_IDENTITY_MULE_RING,USR16385 -> USR16385,2,0.7,24767.07,"Duplicate PAN document shared across 2 customer profiles: Vasudha Muni, Vasudha Muni"
RING-SYNTH-0760,SYNTHETIC_IDENTITY_MULE_RING,USR49511 -> USR49511,2,0.7,0.0,"Duplicate PAN document shared across 2 customer profiles: Bimala Khare, Bimala Khare"
RING-SYNTH-0759,SYNTHETIC_IDENTITY_MULE_RING,USR72813 -> USR72813,2,0.7,0.0,"Duplicate PAN document shared across 2 customer profiles: Balendra Kuruvilla, Balendra Kuruvilla"
RING-SYNTH-0758,SYNTHETIC_IDENTITY_MULE_RING,USR41261 -> USR41261,2,0.7,0.0,"Duplicate PAN document shared across 2 customer profiles: Kai Chokshi, Kai Chokshi"
RING-SYNTH-0757,SYNTHETIC_IDENTITY_MULE_RING,USR31953 -> USR31953,2,0.7,0.0,"Duplicate PAN document shared across 2 customer profiles: Ekani Kar, Ekani Kar"
RING-SYNTH-0756,SYNTHETIC_IDENTITY_MULE_RING,USR21190 -> USR21190,2,0.7,16828.47,"Duplicate PAN document shared across 2 customer profiles: Ucchal Garde, Ucchal Garde"
RING-SYNTH-0755,SYNTHETIC_IDENTITY_MULE_RING,USR72244 -> USR72244,2,0.7,9971.01,"Duplicate PAN document shared across 2 customer profiles: Indira Iyengar, Indira Iyengar"
RING-SYNTH-0754,SYNTHETIC_IDENTITY_MULE_RING,USR82921 -> USR82921,2,0.7,0.0,"Duplicate PAN document shared across 2 customer profiles: Farhan Madan, Farhan Madan"
RING-SYNTH-0753,SYNTHETIC_IDENTITY_MULE_RING,USR83140 -> USR83140,2,0.7,22628.15,"Duplicate PAN document shared across 2 customer profiles: Vivaan Parmar, Vivaan Parmar"
RING-SYNTH-0752,SYNTHETIC_IDENTITY_MULE_RING,USR53049 -> USR53049,2,0.7,0.0,"Duplicate PAN document shared across 2 customer profiles: Varshagour, Varshagour"
RING-SYNTH-0751,SYNTHETIC_IDENTITY_MULE_RING,USR80188 -> USR80188,2,0.7,0.0,"Duplicate PAN document shared across 2 customer profiles: Forum Balan, Forum Balan"
RING-SYNTH-0750,SYNTHETIC_IDENTITY_MULE_RING,USR68531 -> USR68531,2,0.7,0.0,"Duplicate PAN document shared across 2 customer profiles: Unni Bhargava, Unni Bhargava"
RING-SYNTH-0749,SYNTHETIC_IDENTITY_MULE_RING,USR20043 -> USR20043,2,0.7,0.0,"Duplicate PAN document shared across 2 customer profiles: Dhritisoni, Dhritisoni"
RING-SYNTH-0748,SYNTHETIC_IDENTITY_MULE_RING,USR42539 -> USR42539,2,0.7,0.0,"Duplicate PAN document shared across 2 customer profiles: Chakradev Bhatnagar, Chakradev Bhatnagar"
RING-SYNTH-0747,SYNTHETIC_IDENTITY_MULE_RING,USR40465 -> USR40465,2,0.7,0.0,"Duplicate PAN document shared across 2 customer profiles: Onveer Deol, Onveer Deol"
RING-SYNTH-0746,SYNTHETIC_IDENTITY_MULE_RING,USR72264 -> USR72264,2,0.7,0.0,"Duplicate PAN document shared across 2 customer profiles: Chaaya Mani, Chaaya Mani"
RING-SYNTH-0745,SYNTHETIC_IDENTITY_MULE_RING,USR69566 -> USR69566,2,0.7,0.0,"Duplicate PAN document shared across 2 customer profiles: Pooja Sanghvi, Pooja Sanghvi"
RING-SYNTH-0744,SYNTHETIC_IDENTITY_MULE_RING,USR16555 -> USR16555,2,0.7,0.0,"Duplicate PAN document shared across 2 customer profiles: Logan Seth, Logan Seth"
RING-SYNTH-0743,SYNTHETIC_IDENTITY_MULE_RING,USR36883 -> USR36883,2,0.7,0.0,"Duplicate PAN document shared across 2 customer profiles: Dalaja Dora, Dalaja Dora"
RING-SYNTH-0742,SYNTHETIC_IDENTITY_MULE_RING,USR29146 -> USR29146,2,0.7,0.0,"Duplicate PAN document shared across 2 customer profiles: Siddharth Sahni, Siddharth Sahni"
RING-SYNTH-0763,SYNTHETIC_IDENTITY_MULE_RING,USR45525 -> USR45525,2,0.7,0.0,"Duplicate PAN document shared across 2 customer profiles: Ladli Sandal, Ladli Sandal"
RING-SYNTH-0764,SYNTHETIC_IDENTITY_MULE_RING,USR65822 -> USR65822,2,0.7,22302.24,"Duplicate PAN document shared across 2 customer profiles: Azaan Chatterjee, Azaan Chatterjee"
RING-SYNTH-0765,SYNTHETIC_IDENTITY_MULE_RING,USR51792 -> USR51792,2,0.7,0.0,"Duplicate PAN document shared across 2 customer profiles: Veda D'Alia, Veda D'Alia"
RING-SYNTH-0777,SYNTHETIC_IDENTITY_MULE_RING,USR83812 -> USR83812,2,0.7,0.0,"Duplicate PAN document shared across 2 customer profiles: Tejas Dugar, Tejas Dugar"
RING-SYNTH-0786,SYNTHETIC_IDENTITY_MULE_RING,USR32236 -> USR32236,2,0.7,0.0,"Duplicate PAN document shared across 2 customer profiles: Krishna Chandra, Krishna Chandra"
RING-SYNTH-0785,SYNTHETIC_IDENTITY_MULE_RING,USR65431 -> USR65431,2,0.7,0.0,"Duplicate PAN document shared across 2 customer profiles: Radha Sheth, Radha Sheth"
RING-MERCH-0002,MERCHANT_SETTLEMENT_COLLUSION,MCH2885 -> MCH2885,2,0.7,0.0,"Shared bank settlement account 0317882844 across 2 merchants: Varkey, Goda And Bala, Varkey, Goda And Bala"
RING-SYNTH-0783,SYNTHETIC_IDENTITY_MULE_RING,USR69426 -> USR69426,2,0.7,0.0,"Duplicate PAN document shared across 2 customer profiles: David Yogi, David Yogi"
RING-SYNTH-0782,SYNTHETIC_IDENTITY_MULE_RING,USR47224 -> USR47224,2,0.7,0.0,"Duplicate PAN document shared across 2 customer profiles: Veer Murthy, Veer Murthy"
RING-SYNTH-0781,SYNTHETIC_IDENTITY_MULE_RING,USR64294 -> USR64294,2,0.7,0.0,"Duplicate PAN document shared across 2 customer profiles: Nicholas Dugar, Nicholas Dugar"
RING-SYNTH-0780,SYNTHETIC_IDENTITY_MULE_RING,USR36682 -> USR36682,2,0.7,9364.66,"Duplicate PAN document shared across 2 customer profiles: Janaki Savant, Janaki Savant"
RING-SYNTH-0779,SYNTHETIC_IDENTITY_MULE_RING,USR73889 -> USR73889,2,0.7,0.0,"Duplicate PAN document shared across 2 customer profiles: Priya Sani, Priya Sani"
RING-SYNTH-0778,SYNTHETIC_IDENTITY_MULE_RING,USR11134 -> USR11134,2,0.7,0.0,"Duplicate PAN document shared across 2 customer profiles: Baghyawati Om, Baghyawati Om"
RING-SYNTH-0776,SYNTHETIC_IDENTITY_MULE_RING,USR78954 -> USR78954,2,0.7,0.0,"Duplicate PAN document shared across 2 customer profiles: Anusha Bedi, Anusha Bedi"
RING-SYNTH-0766,SYNTHETIC_IDENTITY_MULE_RING,USR25428 -> USR25428,2,0.7,0.0,"Duplicate PAN document shared across 2 customer profiles: Hritik Devan, Hritik Devan"
RING-SYNTH-0775,SYNTHETIC_IDENTITY_MULE_RING,USR47652 -> USR47652,2,0.7,0.0,"Duplicate PAN document shared across 2 customer profiles: Rishi Narayan, Rishi Narayan"
RING-SYNTH-0774,SYNTHETIC_IDENTITY_MULE_RING,USR73141 -> USR73141,2,0.7,0.0,"Duplicate PAN document shared across 2 customer profiles: Yug Rai, Yug Rai"
RING-SYNTH-0773,SYNTHETIC_IDENTITY_MULE_RING,USR55475 -> USR55475,2,0.7,0.0,"Duplicate PAN document shared across 2 customer profiles: Lila Murty, Lila Murty"
RING-SYNTH-0772,SYNTHETIC_IDENTITY_MULE_RING,USR35035 -> USR35035,2,0.7,-914.7,"Duplicate PAN document shared across 2 customer profiles: Chaitanya Nair, Chaitanya Nair"
RING-SYNTH-0771,SYNTHETIC_IDENTITY_MULE_RING,USR13678 -> USR13678,2,0.7,0.0,"Duplicate PAN document shared across 2 customer profiles: Reva Jaggi, Reva Jaggi"
RING-SYNTH-0770,SYNTHETIC_IDENTITY_MULE_RING,USR14537 -> USR14537,2,0.7,0.0,"Duplicate PAN document shared across 2 customer profiles: Odika Sarkar, Odika Sarkar"
RING-SYNTH-0769,SYNTHETIC_IDENTITY_MULE_RING,USR31443 -> USR31443,2,0.7,19950.6,"Duplicate PAN document shared across 2 customer profiles: Ishani Venkatesh, Ishani Venkatesh"
RING-SYNTH-0768,SYNTHETIC_IDENTITY_MULE_RING,USR31889 -> USR31889,2,0.7,6087.18,"Duplicate PAN document shared across 2 customer profiles: Vasudha Mistry, Vasudha Mistry"
RING-SYNTH-0767,SYNTHETIC_IDENTITY_MULE_RING,USR13601 -> USR13601,2,0.7,0.0,"Duplicate PAN document shared across 2 customer profiles: Zansi Kumer, Zansi Kumer"
RING-SYNTH-0741,SYNTHETIC_IDENTITY_MULE_RING,USR31086 -> USR31086,2,0.7,0.0,"Duplicate PAN document shared across 2 customer profiles: Dipta Raj, Dipta Raj"
RING-SYNTH-0740,SYNTHETIC_IDENTITY_MULE_RING,USR62690 -> USR62690,2,0.7,0.0,"Duplicate PAN document shared across 2 customer profiles: Andrew Sha, Andrew Sha"
RING-SYNTH-0739,SYNTHETIC_IDENTITY_MULE_RING,USR74510 -> USR74510,2,0.7,0.0,"Duplicate PAN document shared across 2 customer profiles: Priya Sahota, Priya Sahota"
RING-SYNTH-0704,SYNTHETIC_IDENTITY_MULE_RING,USR39392 -> USR39392,2,0.7,118.95,"Duplicate PAN document shared across 2 customer profiles: Charan Deshmukh, Charan Deshmukh"
RING-SYNTH-0713,SYNTHETIC_IDENTITY_MULE_RING,USR96325 -> USR96325,2,0.7,23404.51,"Duplicate PAN document shared across 2 customer profiles: Pranav Date, Pranav Date"
RING-SYNTH-0712,SYNTHETIC_IDENTITY_MULE_RING,USR66890 -> USR66890,2,0.7,0.0,"Duplicate PAN document shared across 2 customer profiles: Lucky Lall, Lucky Lall"
RING-SYNTH-0711,SYNTHETIC_IDENTITY_MULE_RING,USR15514 -> USR15514,2,0.7,0.0,"Duplicate PAN document shared across 2 customer profiles: Gauri Tripathi, Gauri Tripathi"
RING-SYNTH-0710,SYNTHETIC_IDENTITY_MULE_RING,USR71662 -> USR71662,2,0.7,8195.88,"Duplicate PAN document shared across 2 customer profiles: Hemani Bala, Hemani Bala"
RING-SYNTH-0709,SYNTHETIC_IDENTITY_MULE_RING,USR74124 -> USR74124,2,0.7,0.0,"Duplicate PAN document shared across 2 customer profiles: Baljiwan Reddy, Baljiwan Reddy"
RING-SYNTH-0708,SYNTHETIC_IDENTITY_MULE_RING,USR44032 -> USR44032,2,0.7,0.0,"Duplicate PAN document shared across 2 customer profiles: Aarav Rege, Aarav Rege"
RING-SYNTH-0707,SYNTHETIC_IDENTITY_MULE_RING,USR27336 -> USR27336,2,0.7,2111.91,"Duplicate PAN document shared across 2 customer profiles: Lavanya Kaul, Lavanya Kaul"
RING-SYNTH-0706,SYNTHETIC_IDENTITY_MULE_RING,USR10088 -> USR10088,2,0.7,3809.97,"Duplicate PAN document shared across 2 customer profiles: Jyoti Soni, Jyoti Soni"
RING-SYNTH-0705,SYNTHETIC_IDENTITY_MULE_RING,USR28763 -> USR28763,2,0.7,0.0,"Duplicate PAN document shared across 2 customer profiles: Keya Nayar, Keya Nayar"
RING-SYNTH-0703,SYNTHETIC_IDENTITY_MULE_RING,USR10934 -> USR10934,2,0.7,0.0,"Duplicate PAN document shared across 2 customer profiles: Kamala Garde, Kamala Garde"
RING-SYNTH-0715,SYNTHETIC_IDENTITY_MULE_RING,USR22293 -> USR22293,2,0.7,16482.3,"Duplicate PAN document shared across 2 customer profiles: Faqid Pingle, Faqid Pingle"
RING-SYNTH-0702,SYNTHETIC_IDENTITY_MULE_RING,USR12865 -> USR12865,2,0.7,0.0,"Duplicate PAN document shared across 2 customer profiles: Bina Johal, Bina Johal"
RING-SYNTH-0701,SYNTHETIC_IDENTITY_MULE_RING,USR44731 -> USR44731,2,0.7,0.0,"Duplicate PAN document shared across 2 customer profiles: Anmol Korpal, Anmol Korpal"
RING-SYNTH-0700,SYNTHETIC_IDENTITY_MULE_RING,USR46926 -> USR46926,2,0.7,0.0,"Duplicate PAN document shared across 2 customer profiles: Ekaja Raj, Ekaja Raj"
RING-SYNTH-0699,SYNTHETIC_IDENTITY_MULE_RING,USR55489 -> USR55489,2,0.7,0.0,"Duplicate PAN document shared across 2 customer profiles: Neel Salvi, Neel Salvi"
RING-SYNTH-0698,SYNTHETIC_IDENTITY_MULE_RING,USR46006 -> USR46006,2,0.7,0.0,"Duplicate PAN document shared across 2 customer profiles: Victor Barad, Victor Barad"
RING-SYNTH-0697,SYNTHETIC_IDENTITY_MULE_RING,USR84569 -> USR84569,2,0.7,4033.0,"Duplicate PAN document shared across 2 customer profiles: Rachana Vora, Rachana Vora"
RING-SYNTH-0696,SYNTHETIC_IDENTITY_MULE_RING,USR37944 -> USR37944,2,0.7,0.0,"Duplicate PAN document shared across 2 customer profiles: Dominic Palan, Dominic Palan"
RING-SYNTH-0695,SYNTHETIC_IDENTITY_MULE_RING,USR48195 -> USR48195,2,0.7,0.0,"Duplicate PAN document shared across 2 customer profiles: Balendra Bhakta, Balendra Bhakta"
RING-SYNTH-0694,SYNTHETIC_IDENTITY_MULE_RING,USR69363 -> USR69363,2,0.7,7829.86,"Duplicate PAN document shared across 2 customer profiles: Vihaan Nayar, Vihaan Nayar"
RING-SYNTH-0714,SYNTHETIC_IDENTITY_MULE_RING,USR24020 -> USR24020,2,0.7,12820.0,"Duplicate PAN document shared across 2 customer profiles: Sanaya Buch, Sanaya Buch"
RING-SYNTH-0716,SYNTHETIC_IDENTITY_MULE_RING,USR54489 -> USR54489,2,0.7,0.0,"Duplicate PAN document shared across 2 customer profiles: Falan Sarkar, Falan Sarkar"
RING-SYNTH-0738,SYNTHETIC_IDENTITY_MULE_RING,USR74022 -> USR74022,2,0.7,4290.35,"Duplicate PAN document shared across 2 customer profiles: Vrinda Pandya, Vrinda Pandya"
RING-SYNTH-0728,SYNTHETIC_IDENTITY_MULE_RING,USR36492 -> USR36492,2,0.7,0.0,"Duplicate PAN document shared across 2 customer profiles: Kamala Bir, Kamala Bir"
RING-SYNTH-0737,SYNTHETIC_IDENTITY_MULE_RING,USR31903 -> USR31903,2,0.7,0.0,"Duplicate PAN document shared across 2 customer profiles: Eiravati Rattan, Eiravati Rattan"
RING-SYNTH-0736,SYNTHETIC_IDENTITY_MULE_RING,USR31110 -> USR31110,2,0.7,0.0,"Duplicate PAN document shared across 2 customer profiles: Riya Lata, Riya Lata"
RING-SYNTH-0735,SYNTHETIC_IDENTITY_MULE_RING,USR92488 -> USR92488,2,0.7,0.0,"Duplicate PAN document shared across 2 customer profiles: Chakradhar Sagar, Chakradhar Sagar"
RING-SYNTH-0734,SYNTHETIC_IDENTITY_MULE_RING,USR48973 -> USR48973,2,0.7,0.0,"Duplicate PAN document shared across 2 customer profiles: Gaurang Sodhi, Gaurang Sodhi"
RING-SYNTH-0733,SYNTHETIC_IDENTITY_MULE_RING,USR63379 -> USR63379,2,0.7,0.0,"Duplicate PAN document shared across 2 customer profiles: Dayita Rajagopalan, Dayita Rajagopalan"
RING-SYNTH-0732,SYNTHETIC_IDENTITY_MULE_RING,USR65493 -> USR65493,2,0.7,0.0,"Duplicate PAN document shared across 2 customer profiles: Diya Kapoor, Diya Kapoor"
RING-SYNTH-0731,SYNTHETIC_IDENTITY_MULE_RING,USR49829 -> USR49829,2,0.7,0.0,"Duplicate PAN document shared across 2 customer profiles: Nathan Dewan, Nathan Dewan"
RING-SYNTH-0730,SYNTHETIC_IDENTITY_MULE_RING,USR49178 -> USR49178,2,0.7,7458.0,"Duplicate PAN document shared across 2 customer profiles: Chandresh Keer, Chandresh Keer"
RING-SYNTH-0729,SYNTHETIC_IDENTITY_MULE_RING,USR53962 -> USR53962,2,0.7,0.0,"Duplicate PAN document shared across 2 customer profiles: Hitesh Nayak, Hitesh Nayak"
RING-SYNTH-0727,SYNTHETIC_IDENTITY_MULE_RING,USR44036 -> USR44036,2,0.7,0.0,"Duplicate PAN document shared across 2 customer profiles: Indalicomar, Indalicomar"
RING-SYNTH-0717,SYNTHETIC_IDENTITY_MULE_RING,USR26522 -> USR26522,2,0.7,38053.17,"Duplicate PAN document shared across 2 customer profiles: Shaurya Bava, Shaurya Bava"
RING-SYNTH-0726,SYNTHETIC_IDENTITY_MULE_RING,USR10939 -> USR10939,2,0.7,0.0,"Duplicate PAN document shared across 2 customer profiles: Onkar Munshi, Onkar Munshi"
RING-SYNTH-0725,SYNTHETIC_IDENTITY_MULE_RING,USR49270 -> USR49270,2,0.7,6140.31,"Duplicate PAN document shared across 2 customer profiles: Gaurangi Chanda, Gaurangi Chanda"
RING-SYNTH-0724,SYNTHETIC_IDENTITY_MULE_RING,USR33808 -> USR33808,2,0.7,0.0,"Duplicate PAN document shared across 2 customer profiles: Harinisahni, Harinisahni"
RING-SYNTH-0723,SYNTHETIC_IDENTITY_MULE_RING,USR40823 -> USR40823,2,0.7,0.0,"Duplicate PAN document shared across 2 customer profiles: Darika Lal, Darika Lal"
RING-SYNTH-0722,SYNTHETIC_IDENTITY_MULE_RING,USR96415 -> USR96415,2,0.7,0.0,"Duplicate PAN document shared across 2 customer profiles: Aadi Batta, Aadi Batta"
RING-SYNTH-0721,SYNTHETIC_IDENTITY_MULE_RING,USR29433 -> USR29433,2,0.7,0.0,"Duplicate PAN document shared across 2 customer profiles: Aadhya Jha, Aadhya Jha"
RING-SYNTH-0720,SYNTHETIC_IDENTITY_MULE_RING,USR26959 -> USR26959,2,0.7,0.0,"Duplicate PAN document shared across 2 customer profiles: Ganga Pai, Ganga Pai"
RING-SYNTH-0719,SYNTHETIC_IDENTITY_MULE_RING,USR34783 -> USR34783,2,0.7,0.0,"Duplicate PAN document shared across 2 customer profiles: Isaiah Kata, Isaiah Kata"
RING-SYNTH-0718,SYNTHETIC_IDENTITY_MULE_RING,USR71725 -> USR71725,2,0.7,-4079.83,"Duplicate PAN document shared across 2 customer profiles: Ekaraj Subramaniam, Ekaraj Subramaniam"
RING-SYNTH-0595,SYNTHETIC_IDENTITY_MULE_RING,USR40087 -> USR40087,2,0.7,0.0,"Duplicate PAN document shared across 2 customer profiles: Chasmum Barad, Chasmum Barad"
RING-SYNTH-0594,SYNTHETIC_IDENTITY_MULE_RING,USR56903 -> USR56903,2,0.7,0.0,"Duplicate PAN document shared across 2 customer profiles: Darsh Chawla, Darsh Chawla"
RING-SYNTH-0593,SYNTHETIC_IDENTITY_MULE_RING,USR24944 -> USR24944,2,0.7,31073.89,"Duplicate PAN document shared across 2 customer profiles: Nikita Joshi, Nikita Joshi"
RING-SYNTH-0496,SYNTHETIC_IDENTITY_MULE_RING,USR21842 -> USR21842,2,0.7,1108.85,"Duplicate PAN document shared across 2 customer profiles: Sarthak Rajan, Sarthak Rajan"
RING-SYNTH-0470,SYNTHETIC_IDENTITY_MULE_RING,USR95101 -> USR95101,2,0.7,0.0,"Duplicate PAN document shared across 2 customer profiles: Rachana Keer, Rachana Keer"
RING-SYNTH-0469,SYNTHETIC_IDENTITY_MULE_RING,USR23143 -> USR23143,2,0.7,0.0,"Duplicate PAN document shared across 2 customer profiles: Odika Balay, Odika Balay"
RING-SYNTH-0468,SYNTHETIC_IDENTITY_MULE_RING,USR30195 -> USR30195,2,0.7,0.0,"Duplicate PAN document shared across 2 customer profiles: Anjali Deshpande, Anjali Deshpande"
RING-SYNTH-0467,SYNTHETIC_IDENTITY_MULE_RING,USR48385 -> USR48385,2,0.7,0.0,"Duplicate PAN document shared across 2 customer profiles: Nakul Shah, Nakul Shah"
RING-SYNTH-0466,SYNTHETIC_IDENTITY_MULE_RING,USR78351 -> USR78351,2,0.7,0.0,"Duplicate PAN document shared across 2 customer profiles: Manthanchatterjee, Manthanchatterjee"
RING-SYNTH-0465,SYNTHETIC_IDENTITY_MULE_RING,USR61425 -> USR61425,2,0.7,0.0,"Duplicate PAN document shared across 2 customer profiles: Rajata Panchal, Rajata Panchal"
RING-SYNTH-0464,SYNTHETIC_IDENTITY_MULE_RING,USR30840 -> USR30840,2,0.7,0.0,"Duplicate PAN document shared across 2 customer profiles: Tristan Misra, Tristan Misra"
RING-SYNTH-0463,SYNTHETIC_IDENTITY_MULE_RING,USR64821 -> USR64821,2,0.7,24978.75,"Duplicate PAN document shared across 2 customer profiles: Rajeshri Bahl, Rajeshri Bahl"
RING-SYNTH-0462,SYNTHETIC_IDENTITY_MULE_RING,USR67282 -> USR67282,2,0.7,0.0,"Duplicate PAN document shared across 2 customer profiles: Neha Sura, Neha Sura"
RING-SYNTH-0461,SYNTHETIC_IDENTITY_MULE_RING,USR84869 -> USR84869,2,0.7,18769.22,"Duplicate PAN document shared across 2 customer profiles: Chaaya Vyas, Chaaya Vyas"
RING-SYNTH-0460,SYNTHETIC_IDENTITY_MULE_RING,USR94081 -> USR94081,2,0.7,0.0,"Duplicate PAN document shared across 2 customer profiles: Oni Apte, Oni Apte"
RING-SYNTH-0459,SYNTHETIC_IDENTITY_MULE_RING,USR86933 -> USR86933,2,0.7,0.0,"Duplicate PAN document shared across 2 customer profiles: Nicholas Saini, Nicholas Saini"
RING-SYNTH-0458,SYNTHETIC_IDENTITY_MULE_RING,USR76988 -> USR76988,2,0.7,17804.0,"Duplicate PAN document shared across 2 customer profiles: Nidhi Zacharia, Nidhi Zacharia"
RING-SYNTH-0457,SYNTHETIC_IDENTITY_MULE_RING,USR35150 -> USR35150,2,0.7,0.0,"Duplicate PAN document shared across 2 customer profiles: Saanvi Balasubramanian, Saanvi Balasubramanian"
RING-SYNTH-0456,SYNTHETIC_IDENTITY_MULE_RING,USR73964 -> USR73964,2,0.7,0.0,"Duplicate PAN document shared across 2 customer profiles: Harrison Seshadri, Harrison Seshadri"
RING-SYNTH-0455,SYNTHETIC_IDENTITY_MULE_RING,USR55421 -> USR55421,2,0.7,0.0,"Duplicate PAN document shared across 2 customer profiles: Charvi Varughese, Charvi Varughese"
RING-SYNTH-0454,SYNTHETIC_IDENTITY_MULE_RING,USR65881 -> USR65881,2,0.7,4717.94,"Duplicate PAN document shared across 2 customer profiles: Kavya Majumdar, Kavya Majumdar"
RING-SYNTH-0453,SYNTHETIC_IDENTITY_MULE_RING,USR43710 -> USR43710,2,0.7,0.0,"Duplicate PAN document shared across 2 customer profiles: Rajata Hans, Rajata Hans"
RING-SYNTH-0452,SYNTHETIC_IDENTITY_MULE_RING,USR35582 -> USR35582,2,0.7,0.0,"Duplicate PAN document shared across 2 customer profiles: Nimratben, Nimratben"
RING-SYNTH-0451,SYNTHETIC_IDENTITY_MULE_RING,USR14248 -> USR14248,2,0.7,0.0,"Duplicate PAN document shared across 2 customer profiles: Faqid Oak, Faqid Oak"
RING-SYNTH-0450,SYNTHETIC_IDENTITY_MULE_RING,USR35507 -> USR35507,2,0.7,0.0,"Duplicate PAN document shared across 2 customer profiles: Isaiah Dewan, Isaiah Dewan"
RING-SYNTH-0471,SYNTHETIC_IDENTITY_MULE_RING,USR74766 -> USR74766,2,0.7,0.0,"Duplicate PAN document shared across 2 customer profiles: Wyatt Kanda, Wyatt Kanda"
RING-SYNTH-0472,SYNTHETIC_IDENTITY_MULE_RING,USR70189 -> USR70189,2,0.7,0.0,"Duplicate PAN document shared across 2 customer profiles: Triveni Solanki, Triveni Solanki"
RING-SYNTH-0473,SYNTHETIC_IDENTITY_MULE_RING,USR60294 -> USR60294,2,0.7,25486.72,"Duplicate PAN document shared across 2 customer profiles: Upadhriti Keer, Upadhriti Keer"
RING-SYNTH-0485,SYNTHETIC_IDENTITY_MULE_RING,USR33269 -> USR33269,2,0.7,0.0,"Duplicate PAN document shared across 2 customer profiles: Nidhi Ghosh, Nidhi Ghosh"
RING-SYNTH-0494,SYNTHETIC_IDENTITY_MULE_RING,USR39100 -> USR39100,2,0.7,0.0,"Duplicate PAN document shared across 2 customer profiles: Sanya Madan, Sanya Madan"
RING-SYNTH-0493,SYNTHETIC_IDENTITY_MULE_RING,USR17886 -> USR17886,2,0.7,0.0,"Duplicate PAN document shared across 2 customer profiles: Januja Buch, Januja Buch"
RING-SYNTH-0492,SYNTHETIC_IDENTITY_MULE_RING,USR56360 -> USR56360,2,0.7,0.0,"Duplicate PAN document shared across 2 customer profiles: Chakradhar Sawhney, Chakradhar Sawhney"
RING-SYNTH-0491,SYNTHETIC_IDENTITY_MULE_RING,USR64025 -> USR64025,2,0.7,0.0,"Duplicate PAN document shared across 2 customer profiles: Oviya Sharaf, Oviya Sharaf"
RING-SYNTH-0490,SYNTHETIC_IDENTITY_MULE_RING,USR38778 -> USR38778,2,0.7,0.0,"Duplicate PAN document shared across 2 customer profiles: Nidhi Shenoy, Nidhi Shenoy"
RING-SYNTH-0489,SYNTHETIC_IDENTITY_MULE_RING,USR43558 -> USR43558,2,0.7,3323.77,"Duplicate PAN document shared across 2 customer profiles: Bhavya Kala, Bhavya Kala"
RING-SYNTH-0488,SYNTHETIC_IDENTITY_MULE_RING,USR86648 -> USR86648,2,0.7,32853.25,"Duplicate PAN document shared across 2 customer profiles: Ekani Sehgal, Ekani Sehgal"
RING-SYNTH-0487,SYNTHETIC_IDENTITY_MULE_RING,USR25377 -> USR25377,2,0.7,0.0,"Duplicate PAN document shared across 2 customer profiles: Dalajabutala, Dalajabutala"
RING-SYNTH-0486,SYNTHETIC_IDENTITY_MULE_RING,USR21925 -> USR21925,2,0.7,10755.33,"Duplicate PAN document shared across 2 customer profiles: Balhaar Brahmbhatt, Balhaar Brahmbhatt"
RING-SYNTH-0484,SYNTHETIC_IDENTITY_MULE_RING,USR96934 -> USR96934,2,0.7,14703.0,"Duplicate PAN document shared across 2 customer profiles: Darpan Kale, Darpan Kale"
RING-SYNTH-0474,SYNTHETIC_IDENTITY_MULE_RING,USR52476 -> USR52476,2,0.7,0.0,"Duplicate PAN document shared across 2 customer profiles: Dev Parikh, Dev Parikh"
RING-SYNTH-0483,SYNTHETIC_IDENTITY_MULE_RING,USR30144 -> USR30144,2,0.7,0.0,"Duplicate PAN document shared across 2 customer profiles: Dalbir Ray, Dalbir Ray"
RING-SYNTH-0482,SYNTHETIC_IDENTITY_MULE_RING,USR54529 -> USR54529,2,0.7,24652.6,"Duplicate PAN document shared across 2 customer profiles: Nisha Rau, Nisha Rau"
RING-SYNTH-0481,SYNTHETIC_IDENTITY_MULE_RING,USR78335 -> USR78335,2,0.7,0.0,"Duplicate PAN document shared across 2 customer profiles: Mahika Khalsa, Mahika Khalsa"
RING-SYNTH-0480,SYNTHETIC_IDENTITY_MULE_RING,USR46116 -> USR46116,2,0.7,3002.47,"Duplicate PAN document shared across 2 customer profiles: Reva Bir, Reva Bir"
RING-SYNTH-0479,SYNTHETIC_IDENTITY_MULE_RING,USR99531 -> USR99531,2,0.7,0.0,"Duplicate PAN document shared across 2 customer profiles: Hemal Lad, Hemal Lad"
RING-SYNTH-0478,SYNTHETIC_IDENTITY_MULE_RING,USR17615 -> USR17615,2,0.7,0.0,"Duplicate PAN document shared across 2 customer profiles: Urvi Chatterjee, Urvi Chatterjee"
RING-SYNTH-0477,SYNTHETIC_IDENTITY_MULE_RING,USR97708 -> USR97708,2,0.7,0.0,"Duplicate PAN document shared across 2 customer profiles: Riya Shetty, Riya Shetty"
RING-SYNTH-0476,SYNTHETIC_IDENTITY_MULE_RING,USR55854 -> USR55854,2,0.7,0.0,"Duplicate PAN document shared across 2 customer profiles: Pallavi Mohanty, Pallavi Mohanty"
RING-SYNTH-0475,SYNTHETIC_IDENTITY_MULE_RING,USR20353 -> USR20353,2,0.7,0.0,"Duplicate PAN document shared across 2 customer profiles: Vincent Krishnan, Vincent Krishnan"
RING-SYNTH-0449,SYNTHETIC_IDENTITY_MULE_RING,USR39438 -> USR39438,2,0.7,0.0,"Duplicate PAN document shared across 2 customer profiles: Daksh Ram, Daksh Ram"
RING-SYNTH-0448,SYNTHETIC_IDENTITY_MULE_RING,USR20466 -> USR20466,2,0.7,0.0,"Duplicate PAN document shared across 2 customer profiles: Qarin Kalla, Qarin Kalla"
RING-SYNTH-0447,SYNTHETIC_IDENTITY_MULE_RING,USR45753 -> USR45753,2,0.7,0.0,"Duplicate PAN document shared across 2 customer profiles: David Kaur, David Kaur"
RING-SYNTH-0412,SYNTHETIC_IDENTITY_MULE_RING,USR13888 -> USR13888,2,0.7,0.0,"Duplicate PAN document shared across 2 customer profiles: Ayush Chaudhuri, Ayush Chaudhuri"
RING-SYNTH-0421,SYNTHETIC_IDENTITY_MULE_RING,USR91036 -> USR91036,2,0.7,0.0,"Duplicate PAN document shared across 2 customer profiles: Unnati Roy, Unnati Roy"
RING-SYNTH-0420,SYNTHETIC_IDENTITY_MULE_RING,USR35594 -> USR35594,2,0.7,4000.06,"Duplicate PAN document shared across 2 customer profiles: Indira Ramachandran, Indira Ramachandran"
RING-SYNTH-0419,SYNTHETIC_IDENTITY_MULE_RING,USR32653 -> USR32653,2,0.7,0.0,"Duplicate PAN document shared across 2 customer profiles: Ekavir Ganguly, Ekavir Ganguly"
RING-SYNTH-0418,SYNTHETIC_IDENTITY_MULE_RING,USR66154 -> USR66154,2,0.7,0.0,"Duplicate PAN document shared across 2 customer profiles: Umang Kala, Umang Kala"
RING-SYNTH-0417,SYNTHETIC_IDENTITY_MULE_RING,USR17810 -> USR17810,2,0.7,17099.91,"Duplicate PAN document shared across 2 customer profiles: Nachiketnayak, Nachiketnayak"
RING-SYNTH-0416,SYNTHETIC_IDENTITY_MULE_RING,USR51128 -> USR51128,2,0.7,0.0,"Duplicate PAN document shared across 2 customer profiles: Upasna Ramaswamy, Upasna Ramaswamy"
RING-SYNTH-0415,SYNTHETIC_IDENTITY_MULE_RING,USR68912 -> USR68912,2,0.7,1138.33,"Duplicate PAN document shared across 2 customer profiles: Rachana Sagar, Rachana Sagar"
RING-SYNTH-0414,SYNTHETIC_IDENTITY_MULE_RING,USR54829 -> USR54829,2,0.7,5479.52,"Duplicate PAN document shared across 2 customer profiles: Oeshi Dugar, Oeshi Dugar"
RING-SYNTH-0413,SYNTHETIC_IDENTITY_MULE_RING,USR42852 -> USR42852,2,0.7,0.0,"Duplicate PAN document shared across 2 customer profiles: Ekantika Bhat, Ekantika Bhat"
RING-SYNTH-0411,SYNTHETIC_IDENTITY_MULE_RING,USR16104 -> USR16104,2,0.7,0.0,"Duplicate PAN document shared across 2 customer profiles: Watika Deol, Watika Deol"
RING-SYNTH-0423,SYNTHETIC_IDENTITY_MULE_RING,USR66609 -> USR66609,2,0.7,0.0,"Duplicate PAN document shared across 2 customer profiles: Champak Johal, Champak Johal"
RING-SYNTH-0410,SYNTHETIC_IDENTITY_MULE_RING,USR35467 -> USR35467,2,0.7,11090.46,"Duplicate PAN document shared across 2 customer profiles: Kiaan Arya, Kiaan Arya"
RING-SYNTH-0409,SYNTHETIC_IDENTITY_MULE_RING,USR66382 -> USR66382,2,0.7,0.0,"Duplicate PAN document shared across 2 customer profiles: Megha Sibal, Megha Sibal"
RING-SYNTH-0408,SYNTHETIC_IDENTITY_MULE_RING,USR55761 -> USR55761,2,0.7,0.0,"Duplicate PAN document shared across 2 customer profiles: Girish Bhargava, Girish Bhargava"
RING-SYNTH-0407,SYNTHETIC_IDENTITY_MULE_RING,USR53191 -> USR53191,2,0.7,0.0,"Duplicate PAN document shared across 2 customer profiles: Wakeeta Comar, Wakeeta Comar"
RING-SYNTH-0406,SYNTHETIC_IDENTITY_MULE_RING,USR14497 -> USR14497,2,0.7,0.0,"Duplicate PAN document shared across 2 customer profiles: Amara Din, Amara Din"
RING-SYNTH-0405,SYNTHETIC_IDENTITY_MULE_RING,USR53258 -> USR53258,2,0.7,0.0,"Duplicate PAN document shared across 2 customer profiles: Tamanna Kulkarni, Tamanna Kulkarni"
RING-SYNTH-0404,SYNTHETIC_IDENTITY_MULE_RING,USR44574 -> USR44574,2,0.7,4610.69,"Duplicate PAN document shared across 2 customer profiles: Tanay Sem, Tanay Sem"
RING-SYNTH-0403,SYNTHETIC_IDENTITY_MULE_RING,USR50106 -> USR50106,2,0.7,0.0,"Duplicate PAN document shared across 2 customer profiles: Janaki Mani, Janaki Mani"
RING-SYNTH-0402,SYNTHETIC_IDENTITY_MULE_RING,USR22616 -> USR22616,2,0.7,13492.19,"Duplicate PAN document shared across 2 customer profiles: Om Kar, Om Kar"
RING-SYNTH-0422,SYNTHETIC_IDENTITY_MULE_RING,USR74973 -> USR74973,2,0.7,4594.77,"Duplicate PAN document shared across 2 customer profiles: Ladli Venkatesh, Ladli Venkatesh"
RING-SYNTH-0424,SYNTHETIC_IDENTITY_MULE_RING,USR34906 -> USR34906,2,0.7,0.0,"Duplicate PAN document shared across 2 customer profiles: Isha Thakkar, Isha Thakkar"
RING-SYNTH-0446,SYNTHETIC_IDENTITY_MULE_RING,USR10677 -> USR10677,2,0.7,0.0,"Duplicate PAN document shared across 2 customer profiles: Urvi Khanna, Urvi Khanna"
RING-SYNTH-0436,SYNTHETIC_IDENTITY_MULE_RING,USR11130 -> USR11130,2,0.7,4254.29,"Duplicate PAN document shared across 2 customer profiles: Sai Pai, Sai Pai"
RING-SYNTH-0445,SYNTHETIC_IDENTITY_MULE_RING,USR42719 -> USR42719,2,0.7,0.0,"Duplicate PAN document shared across 2 customer profiles: Etachadha, Etachadha"
RING-SYNTH-0444,SYNTHETIC_IDENTITY_MULE_RING,USR66412 -> USR66412,2,0.7,0.0,"Duplicate PAN document shared across 2 customer profiles: Urvi Khanna, Urvi Khanna"
RING-SYNTH-0443,SYNTHETIC_IDENTITY_MULE_RING,USR82609 -> USR82609,2,0.7,0.0,"Duplicate PAN document shared across 2 customer profiles: Ishita Mahajan, Ishita Mahajan"
RING-SYNTH-0442,SYNTHETIC_IDENTITY_MULE_RING,USR25335 -> USR25335,2,0.7,0.0,"Duplicate PAN document shared across 2 customer profiles: Chasmum Sanghvi, Chasmum Sanghvi"
RING-SYNTH-0441,SYNTHETIC_IDENTITY_MULE_RING,USR53973 -> USR53973,2,0.7,0.0,"Duplicate PAN document shared across 2 customer profiles: Abeer Thakur, Abeer Thakur"
RING-SYNTH-0440,SYNTHETIC_IDENTITY_MULE_RING,USR94804 -> USR94804,2,0.7,0.0,"Duplicate PAN document shared across 2 customer profiles: Chakrika Pathak, Chakrika Pathak"
RING-SYNTH-0439,SYNTHETIC_IDENTITY_MULE_RING,USR64112 -> USR64112,2,0.7,0.0,"Duplicate PAN document shared across 2 customer profiles: Sneha Iyengar, Sneha Iyengar"
RING-SYNTH-0438,SYNTHETIC_IDENTITY_MULE_RING,USR48734 -> USR48734,2,0.7,9881.94,"Duplicate PAN document shared across 2 customer profiles: Oscar De, Oscar De"
RING-SYNTH-0437,SYNTHETIC_IDENTITY_MULE_RING,USR63024 -> USR63024,2,0.7,0.0,"Duplicate PAN document shared across 2 customer profiles: Lavanya Chander, Lavanya Chander"
RING-SYNTH-0435,SYNTHETIC_IDENTITY_MULE_RING,USR65110 -> USR65110,2,0.7,0.0,"Duplicate PAN document shared across 2 customer profiles: Anamika Loke, Anamika Loke"
RING-SYNTH-0425,SYNTHETIC_IDENTITY_MULE_RING,USR93886 -> USR93886,2,0.7,0.0,"Duplicate PAN document shared across 2 customer profiles: Jeevika Shukla, Jeevika Shukla"
RING-SYNTH-0434,SYNTHETIC_IDENTITY_MULE_RING,USR66994 -> USR66994,2,0.7,0.0,"Duplicate PAN document shared across 2 customer profiles: George Krishnan, George Krishnan"
RING-SYNTH-0433,SYNTHETIC_IDENTITY_MULE_RING,USR79591 -> USR79591,2,0.7,0.0,"Duplicate PAN document shared across 2 customer profiles: Veda Ravel, Veda Ravel"
RING-SYNTH-0432,SYNTHETIC_IDENTITY_MULE_RING,USR46465 -> USR46465,2,0.7,0.0,"Duplicate PAN document shared across 2 customer profiles: Ryangrover, Ryangrover"
RING-SYNTH-0431,SYNTHETIC_IDENTITY_MULE_RING,USR65316 -> USR65316,2,0.7,0.0,"Duplicate PAN document shared across 2 customer profiles: Dalaja Nanda, Dalaja Nanda"
RING-SYNTH-0430,SYNTHETIC_IDENTITY_MULE_RING,USR38574 -> USR38574,2,0.7,0.0,"Duplicate PAN document shared across 2 customer profiles: Manya Subramaniam, Manya Subramaniam"
RING-SYNTH-0429,SYNTHETIC_IDENTITY_MULE_RING,USR83297 -> USR83297,2,0.7,0.0,"Duplicate PAN document shared across 2 customer profiles: William Mander, William Mander"
RING-SYNTH-0428,SYNTHETIC_IDENTITY_MULE_RING,USR98635 -> USR98635,2,0.7,0.0,"Duplicate PAN document shared across 2 customer profiles: Sathvik Chandra, Sathvik Chandra"
RING-SYNTH-0427,SYNTHETIC_IDENTITY_MULE_RING,USR13511 -> USR13511,2,0.7,3251.36,"Duplicate PAN document shared across 2 customer profiles: Gautam Thaman, Gautam Thaman"
RING-SYNTH-0426,SYNTHETIC_IDENTITY_MULE_RING,USR68292 -> USR68292,2,0.7,0.0,"Duplicate PAN document shared across 2 customer profiles: Gopal Arora, Gopal Arora"
RING-SYNTH-0495,SYNTHETIC_IDENTITY_MULE_RING,USR80755 -> USR80755,2,0.7,0.0,"Duplicate PAN document shared across 2 customer profiles: Sanaya Gupta, Sanaya Gupta"
RING-SYNTH-0497,SYNTHETIC_IDENTITY_MULE_RING,USR85964 -> USR85964,2,0.7,3338.22,"Duplicate PAN document shared across 2 customer profiles: Amara Bala, Amara Bala"
RING-SYNTH-0592,SYNTHETIC_IDENTITY_MULE_RING,USR82555 -> USR82555,2,0.7,1656.65,"Duplicate PAN document shared across 2 customer profiles: Aishani Misra, Aishani Misra"
RING-SYNTH-0498,SYNTHETIC_IDENTITY_MULE_RING,USR47516 -> USR47516,2,0.7,0.0,"Duplicate PAN document shared across 2 customer profiles: Indrajit Singh, Indrajit Singh"
RING-SYNTH-0567,SYNTHETIC_IDENTITY_MULE_RING,USR23965 -> USR23965,2,0.7,17293.82,"Duplicate PAN document shared across 2 customer profiles: Upma Bava, Upma Bava"
RING-SYNTH-0566,SYNTHETIC_IDENTITY_MULE_RING,USR39993 -> USR39993,2,0.7,0.0,"Duplicate PAN document shared across 2 customer profiles: Omisha Walla, Omisha Walla"
RING-SYNTH-0565,SYNTHETIC_IDENTITY_MULE_RING,USR56236 -> USR56236,2,0.7,0.0,"Duplicate PAN document shared across 2 customer profiles: Mohini Parikh, Mohini Parikh"
RING-SYNTH-0564,SYNTHETIC_IDENTITY_MULE_RING,USR16196 -> USR16196,2,0.7,0.0,"Duplicate PAN document shared across 2 customer profiles: Radha Sethi, Radha Sethi"
RING-SYNTH-0563,SYNTHETIC_IDENTITY_MULE_RING,USR25938 -> USR25938,2,0.7,0.0,"Duplicate PAN document shared across 2 customer profiles: Nitara Salvi, Nitara Salvi"
RING-SYNTH-0562,SYNTHETIC_IDENTITY_MULE_RING,USR30448 -> USR30448,2,0.7,0.0,"Duplicate PAN document shared across 2 customer profiles: Yashica Barad, Yashica Barad"
RING-SYNTH-0561,SYNTHETIC_IDENTITY_MULE_RING,USR38986 -> USR38986,2,0.7,0.0,"Duplicate PAN document shared across 2 customer profiles: Ishanvi Tailor, Ishanvi Tailor"
RING-SYNTH-0560,SYNTHETIC_IDENTITY_MULE_RING,USR87538 -> USR87538,2,0.7,24956.31,"Duplicate PAN document shared across 2 customer profiles: Jalsa Mander, Jalsa Mander"
RING-SYNTH-0559,SYNTHETIC_IDENTITY_MULE_RING,USR58782 -> USR58782,2,0.7,0.0,"Duplicate PAN document shared across 2 customer profiles: Yamini Pillai, Yamini Pillai"
RING-SYNTH-0558,SYNTHETIC_IDENTITY_MULE_RING,USR80461 -> USR80461,2,0.7,0.0,"Duplicate PAN document shared across 2 customer profiles: Omya Sarna, Omya Sarna"
RING-SYNTH-0557,SYNTHETIC_IDENTITY_MULE_RING,USR41078 -> USR41078,2,0.7,0.0,"Duplicate PAN document shared across 2 customer profiles: Alka Khosla, Alka Khosla"
RING-SYNTH-0556,SYNTHETIC_IDENTITY_MULE_RING,USR63078 -> USR63078,2,0.7,0.0,"Duplicate PAN document shared across 2 customer profiles: Yuvraj Tata, Yuvraj Tata"
RING-SYNTH-0555,SYNTHETIC_IDENTITY_MULE_RING,USR25492 -> USR25492,2,0.7,0.0,"Duplicate PAN document shared across 2 customer profiles: Vaishnavi Warrior, Vaishnavi Warrior"
RING-SYNTH-0554,SYNTHETIC_IDENTITY_MULE_RING,USR55344 -> USR55344,2,0.7,2344.86,"Duplicate PAN document shared across 2 customer profiles: Nathan Modi, Nathan Modi"
RING-SYNTH-0553,SYNTHETIC_IDENTITY_MULE_RING,USR58069 -> USR58069,2,0.7,0.0,"Duplicate PAN document shared across 2 customer profiles: Vaishnavi Venkataraman, Vaishnavi Venkataraman"
RING-SYNTH-0552,SYNTHETIC_IDENTITY_MULE_RING,USR73583 -> USR73583,2,0.7,0.0,"Duplicate PAN document shared across 2 customer profiles: Aashi Borde, Aashi Borde"
RING-SYNTH-0551,SYNTHETIC_IDENTITY_MULE_RING,USR33501 -> USR33501,2,0.7,0.0,"Duplicate PAN document shared across 2 customer profiles: Rehaan Arora, Rehaan Arora"
RING-SYNTH-0550,SYNTHETIC_IDENTITY_MULE_RING,USR38535 -> USR38535,2,0.7,12944.04,"Duplicate PAN document shared across 2 customer profiles: Maanas Bera, Maanas Bera"
RING-SYNTH-0549,SYNTHETIC_IDENTITY_MULE_RING,USR79225 -> USR79225,2,0.7,0.0,"Duplicate PAN document shared across 2 customer profiles: Simon Sem, Simon Sem"
RING-SYNTH-0548,SYNTHETIC_IDENTITY_MULE_RING,USR55712 -> USR55712,2,0.7,0.0,"Duplicate PAN document shared across 2 customer profiles: Jeet Bumb, Jeet Bumb"
RING-SYNTH-0547,SYNTHETIC_IDENTITY_MULE_RING,USR60847 -> USR60847,2,0.7,1080.5,"Duplicate PAN document shared across 2 customer profiles: Kamala Johal, Kamala Johal"
RING-SYNTH-0568,SYNTHETIC_IDENTITY_MULE_RING,USR29831 -> USR29831,2,0.7,15939.76,"Duplicate PAN document shared across 2 customer profiles: Aadhya Vohra, Aadhya Vohra"
RING-SYNTH-0569,SYNTHETIC_IDENTITY_MULE_RING,USR92824 -> USR92824,2,0.7,0.0,"Duplicate PAN document shared across 2 customer profiles: Theodoresankar, Theodoresankar"
RING-SYNTH-0570,SYNTHETIC_IDENTITY_MULE_RING,USR69925 -> USR69925,2,0.7,0.0,"Duplicate PAN document shared across 2 customer profiles: Ishanvi Panchal, Ishanvi Panchal"
RING-SYNTH-0582,SYNTHETIC_IDENTITY_MULE_RING,USR31612 -> USR31612,2,0.7,0.0,"Duplicate PAN document shared across 2 customer profiles: Gunbir Kar, Gunbir Kar"
RING-SYNTH-0591,SYNTHETIC_IDENTITY_MULE_RING,USR36130 -> USR36130,2,0.7,0.0,"Duplicate PAN document shared across 2 customer profiles: Yashica Sidhu, Yashica Sidhu"
RING-SYNTH-0590,SYNTHETIC_IDENTITY_MULE_RING,USR29049 -> USR29049,2,0.7,0.0,"Duplicate PAN document shared across 2 customer profiles: Yatin Ganesan, Yatin Ganesan"
RING-SYNTH-0589,SYNTHETIC_IDENTITY_MULE_RING,USR69798 -> USR69798,2,0.7,0.0,"Duplicate PAN document shared across 2 customer profiles: Yatin Tara, Yatin Tara"
RING-SYNTH-0588,SYNTHETIC_IDENTITY_MULE_RING,USR50069 -> USR50069,2,0.7,0.0,"Duplicate PAN document shared across 2 customer profiles: Manthan Ratti, Manthan Ratti"
RING-SYNTH-0587,SYNTHETIC_IDENTITY_MULE_RING,USR58007 -> USR58007,2,0.7,5210.1,"Duplicate PAN document shared across 2 customer profiles: Girish Tank, Girish Tank"
RING-SYNTH-0586,SYNTHETIC_IDENTITY_MULE_RING,USR36216 -> USR36216,2,0.7,5420.1,"Duplicate PAN document shared across 2 customer profiles: Umang Pandit, Umang Pandit"
RING-SYNTH-0585,SYNTHETIC_IDENTITY_MULE_RING,USR13128 -> USR13128,2,0.7,0.0,"Duplicate PAN document shared across 2 customer profiles: Ekiya Tandon, Ekiya Tandon"
RING-SYNTH-0584,SYNTHETIC_IDENTITY_MULE_RING,USR99080 -> USR99080,2,0.7,17910.2,"Duplicate PAN document shared across 2 customer profiles: Arjun Bahl, Arjun Bahl"
RING-SYNTH-0583,SYNTHETIC_IDENTITY_MULE_RING,USR15674 -> USR15674,2,0.7,0.0,"Duplicate PAN document shared across 2 customer profiles: Chakradev Rout, Chakradev Rout"
RING-SYNTH-0581,SYNTHETIC_IDENTITY_MULE_RING,USR19927 -> USR19927,2,0.7,0.0,"Duplicate PAN document shared across 2 customer profiles: Azad Choudhry, Azad Choudhry"
RING-SYNTH-0571,SYNTHETIC_IDENTITY_MULE_RING,USR80143 -> USR80143,2,0.7,0.0,"Duplicate PAN document shared across 2 customer profiles: Vinaya Konda, Vinaya Konda"
RING-SYNTH-0580,SYNTHETIC_IDENTITY_MULE_RING,USR68392 -> USR68392,2,0.7,0.0,"Duplicate PAN document shared across 2 customer profiles: Udarsh Anne, Udarsh Anne"
RING-SYNTH-0579,SYNTHETIC_IDENTITY_MULE_RING,USR40979 -> USR40979,2,0.7,0.0,"Duplicate PAN document shared across 2 customer profiles: Akshay Kade, Akshay Kade"
RING-SYNTH-0578,SYNTHETIC_IDENTITY_MULE_RING,USR26252 -> USR26252,2,0.7,0.0,"Duplicate PAN document shared across 2 customer profiles: Ekansh Dasgupta, Ekansh Dasgupta"
RING-SYNTH-0577,SYNTHETIC_IDENTITY_MULE_RING,USR71756 -> USR71756,2,0.7,21656.06,"Duplicate PAN document shared across 2 customer profiles: Nandini Kari, Nandini Kari"
RING-SYNTH-0576,SYNTHETIC_IDENTITY_MULE_RING,USR49531 -> USR49531,2,0.7,0.0,"Duplicate PAN document shared across 2 customer profiles: Matthew Gour, Matthew Gour"
RING-SYNTH-0575,SYNTHETIC_IDENTITY_MULE_RING,USR16406 -> USR16406,2,0.7,0.0,"Duplicate PAN document shared across 2 customer profiles: Bishakha Walia, Bishakha Walia"
RING-SYNTH-0574,SYNTHETIC_IDENTITY_MULE_RING,USR23394 -> USR23394,2,0.7,0.0,"Duplicate PAN document shared across 2 customer profiles: Tamanna Singhal, Tamanna Singhal"
RING-SYNTH-0573,SYNTHETIC_IDENTITY_MULE_RING,USR71388 -> USR71388,2,0.7,0.0,"Duplicate PAN document shared across 2 customer profiles: Max Subramanian, Max Subramanian"
RING-SYNTH-0572,SYNTHETIC_IDENTITY_MULE_RING,USR92554 -> USR92554,2,0.7,0.0,"Duplicate PAN document shared across 2 customer profiles: Anvi Bora, Anvi Bora"
RING-SYNTH-0546,SYNTHETIC_IDENTITY_MULE_RING,USR88559 -> USR88559,2,0.7,0.0,"Duplicate PAN document shared across 2 customer profiles: Theodore Dhillon, Theodore Dhillon"
RING-SYNTH-0545,SYNTHETIC_IDENTITY_MULE_RING,USR39316 -> USR39316,2,0.7,0.0,"Duplicate PAN document shared across 2 customer profiles: Christopher Mammen, Christopher Mammen"
RING-SYNTH-0544,SYNTHETIC_IDENTITY_MULE_RING,USR85608 -> USR85608,2,0.7,0.0,"Duplicate PAN document shared across 2 customer profiles: Xalak Bava, Xalak Bava"
RING-SYNTH-0509,SYNTHETIC_IDENTITY_MULE_RING,USR39707 -> USR39707,2,0.7,0.0,"Duplicate PAN document shared across 2 customer profiles: Sachi Sethi, Sachi Sethi"
RING-SYNTH-0518,SYNTHETIC_IDENTITY_MULE_RING,USR76884 -> USR76884,2,0.7,0.0,"Duplicate PAN document shared across 2 customer profiles: Eesha Dutta, Eesha Dutta"
RING-SYNTH-0517,SYNTHETIC_IDENTITY_MULE_RING,USR14305 -> USR14305,2,0.7,0.0,"Duplicate PAN document shared across 2 customer profiles: Vaishnavi Baral, Vaishnavi Baral"
RING-SYNTH-0516,SYNTHETIC_IDENTITY_MULE_RING,USR31520 -> USR31520,2,0.7,0.0,"Duplicate PAN document shared across 2 customer profiles: Girindra Garde, Girindra Garde"
RING-SYNTH-0515,SYNTHETIC_IDENTITY_MULE_RING,USR10489 -> USR10489,2,0.7,0.0,"Duplicate PAN document shared across 2 customer profiles: Ishita Mallick, Ishita Mallick"
RING-SYNTH-0514,SYNTHETIC_IDENTITY_MULE_RING,USR54755 -> USR54755,2,0.7,954.2,"Duplicate PAN document shared across 2 customer profiles: Rajeshri Issac, Rajeshri Issac"
RING-SYNTH-0513,SYNTHETIC_IDENTITY_MULE_RING,USR99982 -> USR99982,2,0.7,0.0,"Duplicate PAN document shared across 2 customer profiles: Darpan Khare, Darpan Khare"
RING-SYNTH-0512,SYNTHETIC_IDENTITY_MULE_RING,USR55636 -> USR55636,2,0.7,0.0,"Duplicate PAN document shared across 2 customer profiles: Upadhriti Maharaj, Upadhriti Maharaj"
RING-SYNTH-0511,SYNTHETIC_IDENTITY_MULE_RING,USR91300 -> USR91300,2,0.7,0.0,"Duplicate PAN document shared across 2 customer profiles: Wriddhishmahajan, Wriddhishmahajan"
RING-SYNTH-0510,SYNTHETIC_IDENTITY_MULE_RING,USR17389 -> USR17389,2,0.7,0.0,"Duplicate PAN document shared across 2 customer profiles: Dhruv Mangat, Dhruv Mangat"
RING-SYNTH-0508,SYNTHETIC_IDENTITY_MULE_RING,USR18216 -> USR18216,2,0.7,0.0,"Duplicate PAN document shared across 2 customer profiles: Aarnav Pal, Aarnav Pal"
RING-SYNTH-0520,SYNTHETIC_IDENTITY_MULE_RING,USR70943 -> USR70943,2,0.7,0.0,"Duplicate PAN document shared across 2 customer profiles: Chakradhar Kalla, Chakradhar Kalla"
RING-SYNTH-0507,SYNTHETIC_IDENTITY_MULE_RING,USR84471 -> USR84471,2,0.7,22181.45,"Duplicate PAN document shared across 2 customer profiles: Karan Mital, Karan Mital"
RING-SYNTH-0506,SYNTHETIC_IDENTITY_MULE_RING,USR54300 -> USR54300,2,0.7,0.0,"Duplicate PAN document shared across 2 customer profiles: Gagan Shah, Gagan Shah"
RING-SYNTH-0505,SYNTHETIC_IDENTITY_MULE_RING,USR38641 -> USR38641,2,0.7,0.0,"Duplicate PAN document shared across 2 customer profiles: Lohit Chander, Lohit Chander"
RING-SYNTH-0504,SYNTHETIC_IDENTITY_MULE_RING,USR68105 -> USR68105,2,0.7,0.0,"Duplicate PAN document shared across 2 customer profiles: Priya Kalla, Priya Kalla"
RING-SYNTH-0503,SYNTHETIC_IDENTITY_MULE_RING,USR20304 -> USR20304,2,0.7,0.0,"Duplicate PAN document shared across 2 customer profiles: Udyati Chander, Udyati Chander"
RING-SYNTH-0502,SYNTHETIC_IDENTITY_MULE_RING,USR53423 -> USR53423,2,0.7,0.0,"Duplicate PAN document shared across 2 customer profiles: Arunima Master, Arunima Master"
RING-SYNTH-0501,SYNTHETIC_IDENTITY_MULE_RING,USR75466 -> USR75466,2,0.7,0.0,"Duplicate PAN document shared across 2 customer profiles: Yachanabora, Yachanabora"
RING-SYNTH-0500,SYNTHETIC_IDENTITY_MULE_RING,USR41696 -> USR41696,2,0.7,0.0,"Duplicate PAN document shared across 2 customer profiles: Charvi Parmer, Charvi Parmer"
RING-SYNTH-0499,SYNTHETIC_IDENTITY_MULE_RING,USR41398 -> USR41398,2,0.7,27405.54,"Duplicate PAN document shared across 2 customer profiles: Champak Datta, Champak Datta"
RING-SYNTH-0519,SYNTHETIC_IDENTITY_MULE_RING,USR77002 -> USR77002,2,0.7,0.0,"Duplicate PAN document shared across 2 customer profiles: Gopal Walia, Gopal Walia"
RING-SYNTH-0521,SYNTHETIC_IDENTITY_MULE_RING,USR40898 -> USR40898,2,0.7,0.0,"Duplicate PAN document shared across 2 customer profiles: Ati Nagi, Ati Nagi"
RING-SYNTH-0543,SYNTHETIC_IDENTITY_MULE_RING,USR40905 -> USR40905,2,0.7,0.0,"Duplicate PAN document shared across 2 customer profiles: Unnati Thakur, Unnati Thakur"
RING-SYNTH-0533,SYNTHETIC_IDENTITY_MULE_RING,USR16278 -> USR16278,2,0.7,0.0,"Duplicate PAN document shared across 2 customer profiles: Ishanvi Brar, Ishanvi Brar"
RING-SYNTH-0542,SYNTHETIC_IDENTITY_MULE_RING,USR39878 -> USR39878,2,0.7,3276.56,"Duplicate PAN document shared across 2 customer profiles: Ishanvi Kalla, Ishanvi Kalla"
RING-SYNTH-0541,SYNTHETIC_IDENTITY_MULE_RING,USR12046 -> USR12046,2,0.7,0.0,"Duplicate PAN document shared across 2 customer profiles: Indiramall, Indiramall"
RING-SYNTH-0540,SYNTHETIC_IDENTITY_MULE_RING,USR20820 -> USR20820,2,0.7,0.0,"Duplicate PAN document shared across 2 customer profiles: Zaitra Korpal, Zaitra Korpal"
RING-SYNTH-0539,SYNTHETIC_IDENTITY_MULE_RING,USR19002 -> USR19002,2,0.7,0.0,"Duplicate PAN document shared across 2 customer profiles: Diya Kar, Diya Kar"
RING-SYNTH-0538,SYNTHETIC_IDENTITY_MULE_RING,USR20180 -> USR20180,2,0.7,-20129.21,"Duplicate PAN document shared across 2 customer profiles: Barkha Bhakta, Barkha Bhakta"
RING-SYNTH-0537,SYNTHETIC_IDENTITY_MULE_RING,USR93155 -> USR93155,2,0.7,0.0,"Duplicate PAN document shared across 2 customer profiles: Aarnav Saha, Aarnav Saha"
RING-SYNTH-0536,SYNTHETIC_IDENTITY_MULE_RING,USR34637 -> USR34637,2,0.7,7005.55,"Duplicate PAN document shared across 2 customer profiles: Leena Pandit, Leena Pandit"
RING-SYNTH-0535,SYNTHETIC_IDENTITY_MULE_RING,USR36811 -> USR36811,2,0.7,0.0,"Duplicate PAN document shared across 2 customer profiles: Veer Thaman, Veer Thaman"
RING-SYNTH-0534,SYNTHETIC_IDENTITY_MULE_RING,USR61728 -> USR61728,2,0.7,0.0,"Duplicate PAN document shared across 2 customer profiles: Qadim Bandi, Qadim Bandi"
RING-SYNTH-0532,SYNTHETIC_IDENTITY_MULE_RING,USR10188 -> USR10188,2,0.7,0.0,"Duplicate PAN document shared across 2 customer profiles: Simon Parsa, Simon Parsa"
RING-SYNTH-0522,SYNTHETIC_IDENTITY_MULE_RING,USR48447 -> USR48447,2,0.7,0.0,"Duplicate PAN document shared across 2 customer profiles: Jagrati Garg, Jagrati Garg"
RING-SYNTH-0531,SYNTHETIC_IDENTITY_MULE_RING,USR12002 -> USR12002,2,0.7,0.0,"Duplicate PAN document shared across 2 customer profiles: Vasatika Krish, Vasatika Krish"
RING-SYNTH-0530,SYNTHETIC_IDENTITY_MULE_RING,USR57649 -> USR57649,2,0.7,0.0,"Duplicate PAN document shared across 2 customer profiles: Ria Wali, Ria Wali"
RING-SYNTH-0529,SYNTHETIC_IDENTITY_MULE_RING,USR29425 -> USR29425,2,0.7,0.0,"Duplicate PAN document shared across 2 customer profiles: Upadhriti Basak, Upadhriti Basak"
RING-SYNTH-0528,SYNTHETIC_IDENTITY_MULE_RING,USR72994 -> USR72994,2,0.7,0.0,"Duplicate PAN document shared across 2 customer profiles: Chakrika Chad, Chakrika Chad"
RING-SYNTH-0527,SYNTHETIC_IDENTITY_MULE_RING,USR29937 -> USR29937,2,0.7,0.0,"Duplicate PAN document shared across 2 customer profiles: Jack Karpe, Jack Karpe"
RING-SYNTH-0526,SYNTHETIC_IDENTITY_MULE_RING,USR86826 -> USR86826,2,0.7,22313.86,"Duplicate PAN document shared across 2 customer profiles: Frado Sarkar, Frado Sarkar"
RING-SYNTH-0525,SYNTHETIC_IDENTITY_MULE_RING,USR30710 -> USR30710,2,0.7,0.0,"Duplicate PAN document shared across 2 customer profiles: Eiravati Nagi, Eiravati Nagi"
RING-SYNTH-0524,SYNTHETIC_IDENTITY_MULE_RING,USR57221 -> USR57221,2,0.7,0.0,"Duplicate PAN document shared across 2 customer profiles: Daniel Dutt, Daniel Dutt"
RING-SYNTH-0523,SYNTHETIC_IDENTITY_MULE_RING,USR42889 -> USR42889,2,0.7,0.0,"Duplicate PAN document shared across 2 customer profiles: Pallavi Bahl, Pallavi Bahl"
RING-SYNTH-0784,SYNTHETIC_IDENTITY_MULE_RING,USR21374 -> USR21374,2,0.7,0.0,"Duplicate PAN document shared across 2 customer profiles: Aayush Oza, Aayush Oza"
