complaint_id,txn_id_clean,txn_id_status,user_id_clean,merchant_id_clean,transaction_timestamp_clean,transaction_timestamp_status,reported_timestamp_clean,reported_timestamp_status,bank_response_timestamp_clean,bank_response_timestamp_status,disputed_amount_clean,disputed_amount_status,reason_code_clean,complaint_text_clean,resolution_status_clean,severity_clean,channel_clean
CBK0002082,TXN00004325,VALID,USR97580,MCH1127,2026-01-28 00:00:00,DATE_ONLY,2026-02-01 00:00:00,DATE_ONLY,2026-02-10 03:19:10,VALID,,UNPARSEABLE/NULL,SERVICE_NOT_PROVIDED,Customer says amount was debited twice.,CLOSED,CRITICAL,IVR
CBK0001941,TXN00003720,VALID,USR54113,MCH3835,2026-02-25 10:24:00,VALID,2026-03-05 06:24:15,VALID,2026-12-03 06:24:00,VALID,414.69,VALID,UNAUTHORIZED_TRANSACTION,User reports money deducted but merchant denies receiving payment.,IN_PROGRESS,HIGH,CALL_CENTER
CBK0001799,TXN00012539,VALID,USR17980,MCH3700,2026-02-04 00:00:00,DATE_ONLY,2026-02-05 00:00:00,DATE_ONLY,2026-06-03 00:00:00,DATE_ONLY,7039.0,VALID,GENERAL_COMPLAINT,Merchant service was not delivered after payment.,OPEN,LOW,IVR
CBK0002465,TXN00017802,VALID,USR76148,MCH4534,2026-03-30 00:00:00,DATE_ONLY,2026-04-01 00:00:00,DATE_ONLY,2026-04-07 00:00:00,DATE_ONLY,1303.05,VALID,SERVICE_NOT_PROVIDED,Suspicious high-value payment disputed by customer. pls check asap,REJECTED,HIGH,IVR
CBK0001870,TXN00015944,VALID,USR24660,MCH1686,2026-01-09 00:00:00,DATE_ONLY,2026-01-14 21:01:41,VALID,2026-01-26 00:00:00,DATE_ONLY,1459.42,VALID,SERVICE_NOT_PROVIDED,Merchant service was not delivered after payment.,IN_PROGRESS,LOW,APP
CBK0002663,TXN00009741,VALID,USR40631,MCH9584,2026-02-05 00:00:00,DATE_ONLY,2026-02-06 00:00:00,DATE_ONLY,2026-02-23 00:00:00,DATE_ONLY,548.0,VALID,SERVICE_NOT_PROVIDED,Complaint received after multiple failed attempts. urgent,CLOSED,LOW,BRANCH
CBK0000782,TXN00015086,VALID,USR58789,MCH6008,2026-05-02 00:00:00,DATE_ONLY,2026-02-10 00:00:00,DATE_ONLY,2026-03-03 00:00:00,DATE_ONLY,1949.6,VALID,WRONG_AMOUNT,User says upi pin was not entered by them.,IN_PROGRESS,MEDIUM,CHATBOT
CBK0001838,TXN00014426,VALID,USR30157,MCH4526,2026-03-26 10:17:08,VALID,2026-04-06 04:17:08,VALID,2026-04-18 00:00:00,DATE_ONLY,4193.52,VALID,SERVICE_NOT_PROVIDED,Merchant service was not delivered after payment. details missing,OPEN,MEDIUM,CHATBOT
CBK0001095,TXN00015316,VALID,USR86750,MCH5980,2026-01-12 00:00:00,DATE_ONLY,2026-01-13 00:00:00,DATE_ONLY,2026-01-14 00:00:00,DATE_ONLY,930.83,VALID,GENERAL_COMPLAINT,Customer complaint text unclear due to poor call center notes.,OPEN,HIGH,BRANCH
CBK0002541,TXN00002822,VALID,USR11987,MCH3992,2026-03-18 10:04:06,VALID,2026-03-23 00:00:00,DATE_ONLY,2026-03-30 00:00:00,DATE_ONLY,,UNPARSEABLE/NULL,UNAUTHORIZED_TRANSACTION,User claims account was compromised before transaction.,OPEN,HIGH,IVR
CBK0001147,TXN00002456,VALID,USR89588,MCH2614,2026-02-10 03:16:00,VALID,2026-12-02 00:00:00,DATE_ONLY,2026-12-03 14:16:00,VALID,1805.23,VALID,DUPLICATE_DEBIT,Customer says amount was debited twice.,IN_PROGRESS,LOW,CHATBOT
CBK0001137,TXN00015627,VALID,USR35882,MCH8913,2026-01-21 01:07:00,VALID,2026-01-21 00:00:00,DATE_ONLY,2026-02-06 08:07:54,VALID,4853.7,VALID,GENERAL_COMPLAINT,Customer says amount was debited twice.,RESOLVED,MEDIUM,CHATBOT
CBK0002213,TXN00009870,VALID,USR79046,MCH8457,2026-02-01 00:00:00,DATE_ONLY,2026-02-17 00:00:00,DATE_ONLY,,MISSING,12334.0,VALID,SERVICE_NOT_PROVIDED,Merchant service was not delivered after payment.,IN_PROGRESS,MEDIUM,IVR
CBK0000946,TXN00013141,VALID,USR22644,MCH9193,2026-01-26 00:00:00,DATE_ONLY,2026-01-31 14:01:41,VALID,,MISSING,7638.7,VALID,UNAUTHORIZED_TRANSACTION,Merchant service was not delivered after payment.,IN_PROGRESS,CRITICAL,EMAIL
CBK0002366,TXN00012165,VALID,USR98915,MCH6399,2026-02-20 00:00:00,DATE_ONLY,2026-02-20 00:00:00,DATE_ONLY,2026-02-23 21:48:00,VALID,,UNPARSEABLE/NULL,UNAUTHORIZED_TRANSACTION,Customer says transaction was not authorized.,IN_PROGRESS,LOW,CALL_CENTER
CBK0002026,TXN00019737,VALID,USR27262,MCH4852,2026-01-13 00:00:00,DATE_ONLY,2026-01-23 00:00:00,DATE_ONLY,2026-02-11 19:25:13,VALID,174.11,VALID,DUPLICATE_DEBIT,Merchant service was not delivered after payment.,RESOLVED,MEDIUM,IVR
CBK0001099,TXN00011289,VALID,USR94570,MCH4545,2026-01-30 04:49:00,VALID,2026-02-04 00:00:00,DATE_ONLY,2026-02-28 00:00:00,DATE_ONLY,305.0,VALID,UNAUTHORIZED_TRANSACTION,Payment made to unknown merchant as per customer statement.,CLOSED,CRITICAL,IVR
CBK0001197,TXN00006253,VALID,USR19220,MCH7286,2026-01-08 00:00:00,DATE_ONLY,2026-01-10 00:00:00,DATE_ONLY,2026-01-20 14:43:26,VALID,4952.0,VALID,GENERAL_COMPLAINT,Complaint received after multiple failed attempts.,REJECTED,MEDIUM,CHATBOT
CBK0002347,TXN00010961,VALID,USR55439,MCH7581,2026-02-13 00:00:00,DATE_ONLY,2026-03-15 00:00:00,DATE_ONLY,,MISSING,1126.18,VALID,WRONG_AMOUNT,Customer says transaction was not authorized.,REJECTED,LOW,BRANCH
CBK0000289,TXN00005764,VALID,USR38028,MCH6758,2026-12-03 23:03:00,VALID,,MISSING,,MISSING,513.84,VALID,UNAUTHORIZED_TRANSACTION,User claims account was compromised before transaction.,REJECTED,MEDIUM,CHATBOT
CBK0002002,TXN00010298,VALID,USR97772,MCH5269,2026-01-03 00:00:00,DATE_ONLY,2026-01-08 00:00:00,DATE_ONLY,2026-02-03 23:32:04,VALID,534.44,VALID,SERVICE_NOT_PROVIDED,Merchant service was not delivered after payment. urgent,IN_PROGRESS,CRITICAL,CHATBOT
CBK0000512,TXN00014054,VALID,USR27947,MCH7667,2026-01-21 00:00:00,DATE_ONLY,2026-01-26 00:00:00,DATE_ONLY,2026-01-30 00:00:00,DATE_ONLY,4010.97,VALID,UNAUTHORIZED_TRANSACTION,Customer says amount was debited twice.,CLOSED,LOW,CHATBOT
CBK0001155,TXN00010146,VALID,USR94690,MCH3957,2026-02-09 19:16:42,VALID,,MISSING,2026-02-23 06:16:42,VALID,2637.93,VALID,UNAUTHORIZED_TRANSACTION,Payment made to unknown merchant as per customer statement.,IN_PROGRESS,MEDIUM,IVR
CBK0001330,TXN00005940,VALID,USR67471,MCH8738,2026-03-14 00:34:00,VALID,2026-03-15 12:34:00,VALID,2026-03-27 00:00:00,DATE_ONLY,1360.01,VALID,DUPLICATE_DEBIT,Suspicious high-value payment disputed by customer.,PENDING_BANK,MEDIUM,CHATBOT
CBK0000259,TXN00017504,VALID,USR24872,MCH9291,2026-01-22 00:00:00,DATE_ONLY,2026-01-30 09:27:00,VALID,2026-02-13 00:00:00,DATE_ONLY,12647.35,VALID,UNAUTHORIZED_TRANSACTION,Merchant service was not delivered after payment.,IN_PROGRESS,LOW,CHATBOT
CBK0000164,TXN00010786,VALID,USR79443,MCH3729,2026-01-08 02:00:24,VALID,2026-01-18 00:00:00,DATE_ONLY,2026-01-23 04:00:24,VALID,,UNPARSEABLE/NULL,DUPLICATE_DEBIT,Payment made to unknown merchant as per customer statement.,CLOSED,MEDIUM,IVR
CBK0000681,TXN00006290,VALID,USR89588,MCH9105,2026-01-28 00:00:00,DATE_ONLY,2026-02-02 00:00:00,DATE_ONLY,2026-02-28 00:00:00,DATE_ONLY,,UNPARSEABLE/NULL,WRONG_AMOUNT,Merchant service was not delivered after payment.,REJECTED,LOW,IVR
CBK0002683,TXN00004094,VALID,USR73891,MCH8154,2026-08-01 00:00:00,DATE_ONLY,2026-01-06 00:00:00,DATE_ONLY,2026-01-21 00:00:00,DATE_ONLY,2519.45,VALID,WRONG_AMOUNT,Suspicious high-value payment disputed by customer.,IN_PROGRESS,HIGH,IVR
CBK0002792,TXN00005061,VALID,USR22154,MCH9022,2026-02-28 13:16:03,VALID,2026-03-02 00:00:00,DATE_ONLY,2026-03-30 00:00:00,DATE_ONLY,1535.65,VALID,UNAUTHORIZED_TRANSACTION,Customer says amount was debited twice.,REJECTED,HIGH,CHATBOT
CBK0000594,TXN00065742,VALID,USR32980,MCH7020,2026-02-19 00:00:00,DATE_ONLY,,MISSING,2026-02-24 00:00:00,DATE_ONLY,470.0,VALID,SERVICE_NOT_PROVIDED,Suspicious high-value payment disputed by customer.,CLOSED,MEDIUM,EMAIL
CBK0001247,TXN00003165,VALID,USR41524,MCH2342,2026-01-04 00:00:00,DATE_ONLY,2026-01-09 00:00:00,DATE_ONLY,2026-03-02 00:00:00,DATE_ONLY,2714.54,VALID,UNAUTHORIZED_TRANSACTION,Suspicious high-value payment disputed by customer.,RESOLVED,MEDIUM,CALL_CENTER
CBK0000566,TXN00000086,VALID,USR11727,MCH4948,2026-02-23 00:00:00,DATE_ONLY,2026-02-24 02:13:00,VALID,2026-03-15 00:00:00,DATE_ONLY,411.83,VALID,UNAUTHORIZED_TRANSACTION,User says upi pin was not entered by them.,REJECTED,HIGH,CHATBOT
CBK0002764,TXN00014418,VALID,USR71468,MCH6403,2026-03-03 00:00:00,DATE_ONLY,2026-05-03 00:00:00,DATE_ONLY,,MISSING,1393.43,VALID,SERVICE_NOT_PROVIDED,Customer complaint text unclear due to poor call center notes.,PENDING_BANK,MEDIUM,EMAIL
CBK0000023,TXN00001464,VALID,USR92751,MCH2757,2026-03-14 00:00:00,DATE_ONLY,2026-04-13 00:00:00,DATE_ONLY,2026-04-16 00:00:00,DATE_ONLY,1112.83,VALID,SERVICE_NOT_PROVIDED,Merchant service was not delivered after payment.,RESOLVED,MEDIUM,IVR
CBK0000361,TXN00012527,VALID,USR24926,MCH7438,2026-02-14 00:00:00,DATE_ONLY,2026-02-16 18:13:57,VALID,,MISSING,2311.0,VALID,DUPLICATE_DEBIT,User claims account was compromised before transaction.,CLOSED,LOW,IVR
CBK0002544,TXN00018727,VALID,USR27888,MCH5076,2026-03-20 01:26:11,VALID,2026-03-25 00:00:00,DATE_ONLY,2026-04-24 20:26:11,VALID,10161.06,VALID,SERVICE_NOT_PROVIDED,Merchant service was not delivered after payment.,OPEN,HIGH,CHATBOT
CBK0000430,TXN00018881,VALID,USR47299,MCH3382,2026-02-11 03:20:31,VALID,2026-02-26 00:00:00,DATE_ONLY,2026-03-23 06:20:31,VALID,2108.9,VALID,UNAUTHORIZED_TRANSACTION,Merchant service was not delivered after payment. urgent,IN_PROGRESS,HIGH,IVR
CBK0001264,TXN00008143,VALID,USR92737,MCH4183,2026-03-22 17:21:29,VALID,2026-03-25 22:21:00,VALID,,MISSING,240.64,VALID,UNAUTHORIZED_TRANSACTION,Merchant service was not delivered after payment.,OPEN,LOW,IVR
CBK0001919,TXN00005826,VALID,USR72795,MCH2259,2026-01-31 00:00:00,DATE_ONLY,2026-04-02 14:03:00,VALID,2026-02-08 00:00:00,DATE_ONLY,1770.58,VALID,UNAUTHORIZED_TRANSACTION,Merchant service was not delivered after payment.,REJECTED,CRITICAL,IVR
CBK0000069,TXN00002744,VALID,USR21384,MCH4252,2026-01-15 01:24:40,VALID,,MISSING,2026-11-02 00:00:00,DATE_ONLY,840.07,VALID,SERVICE_NOT_PROVIDED,User claims account was compromised before transaction.,IN_PROGRESS,CRITICAL,EMAIL
CBK0001760,TXN00017025,VALID,USR79110,MCH1320,,MISSING,2026-03-24 23:17:18,VALID,,MISSING,,UNPARSEABLE/NULL,UNAUTHORIZED_TRANSACTION,User says upi pin was not entered by them.,RESOLVED,LOW,IVR
CBK0002232,TXN00009269,VALID,USR99886,MCH1941,2026-01-26 19:24:45,VALID,2026-01-29 17:24:45,VALID,,MISSING,385.53,VALID,SERVICE_NOT_PROVIDED,Payment made to unknown merchant as per customer statement.,CLOSED,MEDIUM,CHATBOT
CBK0002798,TXN00066039,VALID,USR24087,MCH6965,2026-01-14 00:00:00,DATE_ONLY,2026-01-22 06:27:51,VALID,2026-02-09 00:00:00,DATE_ONLY,1372.0,VALID,SERVICE_NOT_PROVIDED,User reports money deducted but merchant denies receiving payment.,RESOLVED,LOW,CHATBOT
CBK0000080,TXN00007630,VALID,USR70905,MCH7833,2026-01-11 19:35:00,VALID,2026-01-12 06:35:00,VALID,2026-01-24 00:00:00,DATE_ONLY,963.14,VALID,DUPLICATE_DEBIT,User claims account was compromised before transaction.,IN_PROGRESS,LOW,BRANCH
CBK0000789,TXN00006632,VALID,USR56899,MCH7296,2026-03-28 00:00:00,DATE_ONLY,2026-03-04 00:00:00,DATE_ONLY,,MISSING,4124.85,VALID,UNAUTHORIZED_TRANSACTION,Merchant service was not delivered after payment.,IN_PROGRESS,LOW,EMAIL
CBK0002564,TXN00013473,VALID,USR78994,MCH2383,2026-02-16 02:17:00,VALID,2026-02-26 00:00:00,DATE_ONLY,2026-03-04 00:00:00,DATE_ONLY,2485.28,VALID,GENERAL_COMPLAINT,Customer says amount was debited twice.,PENDING_BANK,MEDIUM,CHATBOT
CBK0000359,TXN00014970,VALID,USR35935,MCH3100,,MISSING,2026-02-20 00:00:00,DATE_ONLY,2026-03-12 18:19:47,VALID,3336.7,VALID,UNAUTHORIZED_TRANSACTION,User reports money deducted but merchant denies receiving payment.,IN_PROGRESS,MEDIUM,CHATBOT
CBK0002003,TXN00015085,VALID,USR71636,MCH4256,2026-01-16 00:00:00,DATE_ONLY,2026-01-18 06:11:00,VALID,2026-02-09 00:00:00,DATE_ONLY,-956.46,NEGATIVE,SERVICE_NOT_PROVIDED,Suspicious high-value payment disputed by customer.,IN_PROGRESS,MEDIUM,APP
CBK0002463,TXN00014364,VALID,USR87498,MCH4089,2026-01-19 00:00:00,DATE_ONLY,2026-01-21 17:18:16,VALID,2026-02-11 00:00:00,DATE_ONLY,2489.04,VALID,UNAUTHORIZED_TRANSACTION,Customer says amount was debited twice.,RESOLVED,LOW,CHATBOT
CBK0001171,TXN00006955,VALID,USR26685,MCH3901,,MISSING,2026-02-16 16:57:27,VALID,2026-02-19 00:00:00,DATE_ONLY,1336.86,VALID,UNAUTHORIZED_TRANSACTION,Payment made to unknown merchant as per customer statement.,OPEN,LOW,CHATBOT
CBK0002716,TXN00003119,VALID,USR34955,MCH8691,,MISSING,2026-02-24 21:58:58,VALID,,MISSING,1198.29,VALID,UNAUTHORIZED_TRANSACTION,Payment made to unknown merchant as per customer statement.,CLOSED,LOW,EMAIL
CBK0001839,TXN00004638,VALID,USR67862,MCH8953,2026-12-02 09:49:00,VALID,2026-12-02 11:49:00,VALID,2026-02-17 00:00:00,DATE_ONLY,1651.94,VALID,WRONG_AMOUNT,User reports money deducted but merchant denies receiving payment.,IN_PROGRESS,HIGH,EMAIL
CBK0002314,TXN00014145,VALID,USR21162,MCH2383,2026-03-09 00:00:00,DATE_ONLY,2026-03-10 21:03:16,VALID,2026-07-04 00:00:00,DATE_ONLY,3888.0,VALID,UNAUTHORIZED_TRANSACTION,Complaint received after multiple failed attempts.,CLOSED,LOW,IVR
CBK0000406,TXN00007974,VALID,USR33394,MCH3064,,MISSING,2026-11-03 00:00:00,DATE_ONLY,2026-03-20 06:27:39,VALID,4101.89,VALID,WRONG_AMOUNT,User claims account was compromised before transaction.,OPEN,LOW,IVR
CBK0002718,TXN00013934,VALID,USR84084,MCH7370,2026-02-20 00:00:00,DATE_ONLY,2026-03-22 23:15:17,VALID,2026-04-04 00:00:00,DATE_ONLY,7727.87,VALID,UNAUTHORIZED_TRANSACTION,User claims account was compromised before transaction.,OPEN,LOW,IVR
CBK0002400,TXN00015733,VALID,USR87357,MCH9878,2026-01-22 00:00:00,DATE_ONLY,2026-01-25 00:00:00,DATE_ONLY,2026-02-22 00:00:00,DATE_ONLY,2313.86,VALID,UNAUTHORIZED_TRANSACTION,Customer complaint text unclear due to poor call center notes.,CLOSED,MEDIUM,IVR
CBK0002758,,MISSING,USR60667,MCH2383,2026-03-23 06:19:08,VALID,2026-03-25 00:00:00,DATE_ONLY,2026-04-13 00:00:00,DATE_ONLY,1225.29,VALID,UNAUTHORIZED_TRANSACTION,Payment made to unknown merchant as per customer statement.,IN_PROGRESS,MEDIUM,BRANCH
CBK0002250,TXN00008645,VALID,USR60783,MCH8613,2026-01-12 12:57:11,VALID,2026-01-19 00:00:00,DATE_ONLY,,MISSING,5443.5,VALID,UNAUTHORIZED_TRANSACTION,Payment made to unknown merchant as per customer statement.,CLOSED,HIGH,CALL_CENTER
CBK0000661,TXN00012553,VALID,USR87727,MCH8876,2026-01-21 17:03:00,VALID,2026-01-23 00:00:00,DATE_ONLY,2026-02-15 06:03:00,VALID,901.62,VALID,SERVICE_NOT_PROVIDED,User claims account was compromised before transaction.,RESOLVED,LOW,IVR
CBK0001020,TXN00084758,VALID,USR36590,MCH1368,2026-02-23 00:00:00,DATE_ONLY,2026-02-26 00:00:00,DATE_ONLY,2026-03-15 00:00:00,DATE_ONLY,,UNPARSEABLE/NULL,SERVICE_NOT_PROVIDED,User says upi pin was not entered by them.,OPEN,HIGH,IVR
CBK0002104,TXN00006293,VALID,USR48479,MCH8779,2026-01-08 00:00:00,DATE_ONLY,2026-01-19 00:00:00,DATE_ONLY,,MISSING,2214.27,VALID,DUPLICATE_DEBIT,Complaint received after multiple failed attempts.,REJECTED,LOW,BRANCH
CBK0002572,TXN00002760,VALID,USR49176,MCH2925,2026-01-15 14:26:16,VALID,2026-01-30 00:00:00,DATE_ONLY,2026-02-09 00:00:00,DATE_ONLY,1345.79,VALID,UNAUTHORIZED_TRANSACTION,User says upi pin was not entered by them.,RESOLVED,LOW,IVR
CBK0000929,TXN00014710,VALID,USR38547,MCH5541,2026-01-23 13:11:04,VALID,2026-02-03 12:11:04,VALID,2026-04-02 12:11:00,VALID,3089.13,VALID,UNAUTHORIZED_TRANSACTION,Merchant service was not delivered after payment.,OPEN,MEDIUM,IVR
CBK0002608,TXN00012654,VALID,USR13367,MCH8076,2026-03-29 04:01:37,VALID,,MISSING,2026-04-24 19:01:00,VALID,326.32,VALID,UNAUTHORIZED_TRANSACTION,User claims account was compromised before transaction.,RESOLVED,LOW,APP
CBK0002430,TXN00019681,VALID,USR37650,MCH5655,2026-01-29 00:00:00,DATE_ONLY,2026-02-04 00:00:00,DATE_ONLY,2026-02-15 00:00:00,DATE_ONLY,9661.7,VALID,SERVICE_NOT_PROVIDED,Customer says amount was debited twice.,RESOLVED,HIGH,IVR
CBK0002156,TXN00013206,VALID,USR11987,MCH6665,2026-01-24 09:52:00,VALID,2026-01-25 04:52:00,VALID,,MISSING,26477.69,VALID,GENERAL_COMPLAINT,Complaint received after multiple failed attempts.,IN_PROGRESS,HIGH,EMAIL
CBK0000366,TXN00002078,VALID,USR73403,MCH5076,2026-03-02 18:29:32,VALID,2026-03-04 00:00:00,DATE_ONLY,,MISSING,6907.46,VALID,WRONG_AMOUNT,Customer says transaction was not authorized.,CLOSED,LOW,CALL_CENTER
CBK0000432,TXN00094213,VALID,USR96958,MCH7286,2026-01-29 00:00:00,DATE_ONLY,2026-01-02 00:00:00,DATE_ONLY,2026-02-02 00:00:00,DATE_ONLY,-1411.26,NEGATIVE,UNAUTHORIZED_TRANSACTION,User reports money deducted but merchant denies receiving payment.,RESOLVED,HIGH,EMAIL
CBK0001972,TXN00001376,VALID,USR12133,MCH6555,2026-02-01 02:24:08,VALID,2026-02-06 04:24:08,VALID,,MISSING,1261.15,VALID,SERVICE_NOT_PROVIDED,Merchant service was not delivered after payment.,CLOSED,MEDIUM,CHATBOT
CBK0001250,TXN00015587,VALID,USR11697,MCH8741,2026-02-02 00:00:00,DATE_ONLY,2026-05-02 00:00:00,DATE_ONLY,,MISSING,11364.57,VALID,SERVICE_NOT_PROVIDED,Complaint received after multiple failed attempts.,PENDING_BANK,LOW,APP
CBK0001283,TXN00002013,VALID,USR31545,MCH5974,,MISSING,2026-03-04 02:59:29,VALID,2026-03-28 00:00:00,DATE_ONLY,439.0,VALID,UNAUTHORIZED_TRANSACTION,Suspicious high-value payment disputed by customer.,REJECTED,MEDIUM,CALL_CENTER
CBK0000973,TXN00016040,VALID,USR25345,MCH3851,2026-04-02 00:00:00,DATE_ONLY,2026-02-06 00:00:00,DATE_ONLY,2026-03-07 00:00:00,DATE_ONLY,3127.0,VALID,UNAUTHORIZED_TRANSACTION,Complaint received after multiple failed attempts.,PENDING_BANK,LOW,IVR
CBK0000578,TXN00006468,VALID,USR71457,MCH6810,2026-01-09 11:52:43,VALID,2026-01-11 20:52:43,VALID,2026-01-13 00:00:00,DATE_ONLY,7884.04,VALID,UNAUTHORIZED_TRANSACTION,Suspicious high-value payment disputed by customer.,IN_PROGRESS,LOW,IVR
CBK0001696,TXN00019601,VALID,USR19556,MCH5844,2026-08-03 00:00:00,DATE_ONLY,2026-09-03 13:14:00,VALID,2026-04-03 00:00:00,DATE_ONLY,9956.85,VALID,UNAUTHORIZED_TRANSACTION,Suspicious high-value payment disputed by customer.,CLOSED,HIGH,CHATBOT
CBK0002333,TXN00002832,VALID,USR10042,MCH1611,2026-02-03 13:26:00,VALID,2026-03-05 00:00:00,DATE_ONLY,2026-04-04 00:00:00,DATE_ONLY,8214.17,VALID,UNAUTHORIZED_TRANSACTION,Merchant service was not delivered after payment.,REJECTED,MEDIUM,IVR
CBK0001122,TXN00015275,VALID,USR61052,MCH8979,2026-03-07 00:00:00,DATE_ONLY,2026-03-13 16:27:48,VALID,2026-04-11 16:27:48,VALID,320.53,VALID,SERVICE_NOT_PROVIDED,Complaint received after multiple failed attempts.,REJECTED,MEDIUM,IVR
CBK0000959,TXN00011129,VALID,USR50320,MCH6319,2026-02-07 00:00:00,DATE_ONLY,2026-09-03 11:52:00,VALID,,MISSING,4888.42,VALID,UNAUTHORIZED_TRANSACTION,User reports money deducted but merchant denies receiving payment.,CLOSED,MEDIUM,EMAIL
CBK0001968,,MISSING,USR46599,MCH1320,2026-03-21 00:00:00,DATE_ONLY,2026-03-23 00:00:00,DATE_ONLY,2026-04-13 03:36:00,VALID,2799.09,VALID,GENERAL_COMPLAINT,Customer says amount was debited twice.,PENDING_BANK,MEDIUM,EMAIL
CBK0001828,TXN00016623,VALID,USR59679,MCH8755,2026-01-05 00:00:00,DATE_ONLY,2026-01-15 08:21:37,VALID,2026-02-03 08:21:37,VALID,818.66,VALID,UNAUTHORIZED_TRANSACTION,Customer says amount was debited twice. pls check asap,PENDING_BANK,HIGH,BRANCH
CBK0001654,TXN00012039,VALID,USR76792,MCH6492,2026-02-05 00:00:00,DATE_ONLY,2026-02-07 05:28:28,VALID,2026-02-22 05:28:00,VALID,966.0,VALID,WRONG_AMOUNT,User reports money deducted but merchant denies receiving payment.,IN_PROGRESS,HIGH,CALL_CENTER
CBK0002440,TXN00014010,VALID,USR71922,MCH6703,2026-01-31 08:39:15,VALID,2026-01-02 08:39:00,VALID,,MISSING,1883.55,VALID,UNAUTHORIZED_TRANSACTION,Complaint received after multiple failed attempts.,IN_PROGRESS,HIGH,IVR
CBK0001278,TXN00008385,VALID,USR17657,MCH3542,2026-02-20 00:00:00,DATE_ONLY,2026-04-06 00:00:00,DATE_ONLY,,MISSING,1944.27,VALID,GENERAL_COMPLAINT,Payment made to unknown merchant as per customer statement.,RESOLVED,LOW,CHATBOT
CBK0002370,TXN00001816,VALID,USR24664,MCH3992,2026-03-25 00:00:00,DATE_ONLY,2026-03-26 19:41:41,VALID,2026-04-13 00:00:00,DATE_ONLY,6501.45,VALID,DUPLICATE_DEBIT,Payment made to unknown merchant as per customer statement.,PENDING_BANK,LOW,CALL_CENTER
CBK0001105,TXN00019695,VALID,USR34180,MCH6310,2026-04-03 00:00:00,DATE_ONLY,,MISSING,,MISSING,1782.96,VALID,DUPLICATE_DEBIT,User reports money deducted but merchant denies receiving payment.,OPEN,MEDIUM,CHATBOT
CBK0000180,TXN00019503,VALID,USR70812,MCH3936,2026-01-18 00:00:00,DATE_ONLY,2026-01-22 00:00:00,DATE_ONLY,2026-02-02 00:00:00,DATE_ONLY,1537.27,VALID,SERVICE_NOT_PROVIDED,User claims account was compromised before transaction.,IN_PROGRESS,LOW,BRANCH
CBK0000369,TXN00008758,VALID,USR86274,MCH3418,2026-03-18 04:15:38,VALID,2026-03-20 15:15:38,VALID,,MISSING,11352.0,VALID,UNAUTHORIZED_TRANSACTION,User says upi pin was not entered by them.,IN_PROGRESS,MEDIUM,IVR
CBK0002303,TXN00016593,VALID,USR96415,MCH1320,2026-01-11 00:00:00,DATE_ONLY,2026-01-13 00:00:00,DATE_ONLY,2026-01-22 01:23:48,VALID,6511.97,VALID,UNAUTHORIZED_TRANSACTION,Customer complaint text unclear due to poor call center notes.,RESOLVED,MEDIUM,IVR
CBK0001525,TXN00004103,VALID,USR18453,MCH7793,,MISSING,2026-01-28 00:00:00,DATE_ONLY,2026-01-02 00:00:00,DATE_ONLY,4864.83,VALID,UNAUTHORIZED_TRANSACTION,User claims account was compromised before transaction.,CLOSED,MEDIUM,EMAIL
CBK0000316,TXN00016400,VALID,USR40842,MCH3815,2026-03-18 00:00:00,DATE_ONLY,2026-04-18 00:00:00,DATE_ONLY,2026-05-03 00:00:00,DATE_ONLY,1616.81,VALID,WRONG_AMOUNT,Complaint received after multiple failed attempts.,RESOLVED,MEDIUM,CHATBOT
CBK0001238,TXN00006193,VALID,USR35817,MCH7061,2026-12-03 00:00:00,DATE_ONLY,2026-03-13 00:00:00,DATE_ONLY,2026-04-10 00:00:00,DATE_ONLY,26207.56,VALID,UNAUTHORIZED_TRANSACTION,Customer says amount was debited twice.,IN_PROGRESS,LOW,APP
CBK0002585,TXN00018187,VALID,USR23937,MCH4560,2026-03-24 00:00:00,DATE_ONLY,2026-03-27 00:00:00,DATE_ONLY,2026-04-14 14:38:55,VALID,,UNPARSEABLE/NULL,UNAUTHORIZED_TRANSACTION,Customer complaint text unclear due to poor call center notes.,RESOLVED,MEDIUM,CHATBOT
CBK0001427,TXN00019824,VALID,USR76289,MCH5563,2026-01-06 00:00:00,DATE_ONLY,2026-02-05 00:00:00,DATE_ONLY,2026-03-03 08:07:00,VALID,755.08,VALID,SERVICE_NOT_PROVIDED,Suspicious high-value payment disputed by customer.,REJECTED,CRITICAL,EMAIL
CBK0002514,TXN00001801,VALID,USR99493,MCH3992,2026-03-12 14:53:38,VALID,,MISSING,2026-03-19 00:00:00,DATE_ONLY,4455.8,VALID,SERVICE_NOT_PROVIDED,Customer says transaction was not authorized.,PENDING_BANK,LOW,BRANCH
CBK0001680,TXN00009645,VALID,USR11085,MCH7073,2026-01-31 16:31:00,VALID,2026-02-02 00:00:00,DATE_ONLY,,MISSING,3937.19,VALID,SERVICE_NOT_PROVIDED,Complaint received after multiple failed attempts.,OPEN,MEDIUM,CHATBOT
CBK0002041,TXN00015934,VALID,USR69637,MCH2240,,MISSING,2026-03-24 00:00:00,DATE_ONLY,2026-04-17 00:00:00,DATE_ONLY,1508.23,VALID,GENERAL_COMPLAINT,Customer complaint text unclear due to poor call center notes.,CLOSED,HIGH,CHATBOT
CBK0002780,TXN00040959,VALID,USR75376,MCH4293,2026-02-26 00:00:00,DATE_ONLY,2026-03-13 00:00:00,DATE_ONLY,,MISSING,823.15,VALID,SERVICE_NOT_PROVIDED,User says upi pin was not entered by them.,IN_PROGRESS,HIGH,CHATBOT
CBK0000294,TXN00019876,VALID,USR55690,MCH6739,,MISSING,,MISSING,2026-03-20 23:37:00,VALID,2134.32,VALID,DUPLICATE_DEBIT,Customer complaint text unclear due to poor call center notes.,PENDING_BANK,LOW,IVR
CBK0002617,TXN00016671,VALID,USR60544,MCH7838,2026-02-09 00:00:00,DATE_ONLY,2026-02-24 00:00:00,DATE_ONLY,2026-03-17 23:17:16,VALID,1587.1,VALID,GENERAL_COMPLAINT,User claims account was compromised before transaction.,REJECTED,LOW,CALL_CENTER
CBK0001175,TXN00061071,VALID,USR22543,MCH3116,2026-02-04 15:43:17,VALID,2026-10-02 00:00:00,DATE_ONLY,2026-02-22 11:43:00,VALID,,UNPARSEABLE/NULL,GENERAL_COMPLAINT,Customer says amount was debited twice.,IN_PROGRESS,CRITICAL,CHATBOT
CBK0001087,TXN00014733,VALID,USR20889,MCH5264,2026-02-06 00:00:00,DATE_ONLY,2026-06-02 00:00:00,DATE_ONLY,,MISSING,1558.23,VALID,SERVICE_NOT_PROVIDED,Suspicious high-value payment disputed by customer.,IN_PROGRESS,HIGH,CALL_CENTER
CBK0002077,TXN00005419,VALID,USR55970,MCH9128,2026-01-22 00:00:00,DATE_ONLY,2026-01-30 00:00:00,DATE_ONLY,2026-02-25 00:00:00,DATE_ONLY,8383.0,VALID,UNAUTHORIZED_TRANSACTION,Payment made to unknown merchant as per customer statement.,REJECTED,LOW,CALL_CENTER
CBK0001820,TXN00007866,VALID,USR51854,MCH1450,2026-02-21 00:00:00,DATE_ONLY,2026-02-22 00:00:00,DATE_ONLY,2026-03-23 19:57:00,VALID,-2477.45,NEGATIVE,WRONG_AMOUNT,Complaint received after multiple failed attempts.,REJECTED,LOW,EMAIL
CBK0001018,TXN00018348,VALID,USR13510,MCH1320,2026-01-28 00:00:00,DATE_ONLY,2026-02-13 05:26:28,VALID,2026-02-17 00:00:00,DATE_ONLY,1207.49,VALID,UNAUTHORIZED_TRANSACTION,Complaint received after multiple failed attempts.,RESOLVED,LOW,APP
CBK0001949,TXN00000319,VALID,USR60096,MCH4998,2026-02-19 00:00:00,DATE_ONLY,2026-02-24 00:00:00,DATE_ONLY,2026-03-21 00:00:00,DATE_ONLY,2189.0,VALID,GENERAL_COMPLAINT,Customer says amount was debited twice.,PENDING_BANK,MEDIUM,EMAIL
CBK0000860,TXN00007296,VALID,USR97580,MCH3701,2026-02-04 00:00:00,DATE_ONLY,,MISSING,,MISSING,1425.61,VALID,SERVICE_NOT_PROVIDED,Suspicious high-value payment disputed by customer.,PENDING_BANK,MEDIUM,CHATBOT
CBK0000879,TXN00018041,VALID,USR59366,MCH6145,2026-03-14 00:00:00,DATE_ONLY,2026-03-24 00:00:00,DATE_ONLY,2026-03-25 00:00:00,DATE_ONLY,479.19,VALID,UNAUTHORIZED_TRANSACTION,Customer complaint text unclear due to poor call center notes.,PENDING_BANK,LOW,IVR
CBK0001383,TXN00005315,VALID,USR50648,MCH2822,2026-03-06 00:00:00,DATE_ONLY,2026-03-12 00:00:00,DATE_ONLY,2026-03-27 05:23:46,VALID,819.89,VALID,GENERAL_COMPLAINT,User reports money deducted but merchant denies receiving payment.,OPEN,LOW,CHATBOT
CBK0001532,,MISSING,USR52450,MCH6244,,MISSING,2026-03-12 00:00:00,DATE_ONLY,2026-03-30 00:00:00,DATE_ONLY,3174.58,VALID,GENERAL_COMPLAINT,User reports money deducted but merchant denies receiving payment.,REJECTED,LOW,IVR
CBK0000448,TXN00013063,VALID,USR62513,MCH8391,2026-02-14 00:00:00,DATE_ONLY,,MISSING,2026-02-17 10:59:00,VALID,395.16,VALID,SERVICE_NOT_PROVIDED,Suspicious high-value payment disputed by customer.,REJECTED,MEDIUM,EMAIL
CBK0002336,TXN00014456,VALID,USR56287,MCH4473,,MISSING,2026-01-10 09:07:37,VALID,2026-05-02 00:00:00,DATE_ONLY,4534.17,VALID,SERVICE_NOT_PROVIDED,Merchant service was not delivered after payment.,PENDING_BANK,LOW,EMAIL
CBK0001121,TXN00005396,VALID,USR14769,MCH8455,2026-01-23 08:19:00,VALID,,MISSING,,MISSING,2926.18,VALID,UNAUTHORIZED_TRANSACTION,Customer says transaction was not authorized.,OPEN,MEDIUM,EMAIL
CBK0001266,TXN00017098,VALID,USR19427,MCH5980,2026-01-30 00:00:00,DATE_ONLY,2026-02-02 14:20:47,VALID,2026-02-03 00:00:00,DATE_ONLY,1358.37,VALID,DUPLICATE_DEBIT,Complaint received after multiple failed attempts.,REJECTED,MEDIUM,CHATBOT
CBK0001732,TXN00007456,VALID,USR17657,MCH3806,2026-03-17 00:00:00,DATE_ONLY,2026-03-17 00:00:00,DATE_ONLY,,MISSING,2655.0,VALID,UNAUTHORIZED_TRANSACTION,User claims account was compromised before transaction.,CLOSED,CRITICAL,BRANCH
CBK0000575,TXN00009966,VALID,USR40897,MCH9575,2026-02-23 00:00:00,DATE_ONLY,2026-02-23 00:00:00,DATE_ONLY,,MISSING,606.33,VALID,SERVICE_NOT_PROVIDED,Merchant service was not delivered after payment.,REJECTED,CRITICAL,EMAIL
CBK0002268,TXN00008063,VALID,USR89588,MCH1457,2026-03-08 00:00:00,DATE_ONLY,2026-03-19 00:00:00,DATE_ONLY,2026-03-28 00:00:00,DATE_ONLY,2296.42,VALID,GENERAL_COMPLAINT,User says upi pin was not entered by them.,OPEN,HIGH,BRANCH
CBK0001126,TXN00007982,VALID,USR35882,MCH4473,2026-03-28 21:42:00,VALID,,MISSING,,MISSING,-3415.3,NEGATIVE,UNAUTHORIZED_TRANSACTION,Merchant service was not delivered after payment.,CLOSED,HIGH,EMAIL
CBK0002517,TXN00011567,VALID,USR30157,MCH1130,2026-01-26 00:00:00,DATE_ONLY,2026-01-26 22:31:00,VALID,2026-01-30 22:31:46,VALID,-7727.83,NEGATIVE,GENERAL_COMPLAINT,Customer says transaction was not authorized. urgent,CLOSED,MEDIUM,CALL_CENTER
CBK0001815,TXN00017040,VALID,USR53591,MCH4590,2026-03-11 16:43:08,VALID,,MISSING,2026-04-05 00:00:00,DATE_ONLY,2935.06,VALID,SERVICE_NOT_PROVIDED,Payment made to unknown merchant as per customer statement.,IN_PROGRESS,MEDIUM,IVR
CBK0000752,TXN00012584,VALID,USR47668,MCH3678,2026-01-17 00:00:00,DATE_ONLY,2026-02-16 00:00:00,DATE_ONLY,,MISSING,397.91,VALID,GENERAL_COMPLAINT,Complaint received after multiple failed attempts.,CLOSED,LOW,APP
CBK0000688,TXN00018235,VALID,USR63160,MCH6399,2026-02-17 08:49:47,VALID,2026-02-19 00:00:00,DATE_ONLY,2026-03-18 00:00:00,DATE_ONLY,5681.16,VALID,GENERAL_COMPLAINT,User says upi pin was not entered by them.,REJECTED,HIGH,APP
CBK0001827,TXN00003656,VALID,USR60742,MCH3472,2026-03-26 00:00:00,DATE_ONLY,2026-04-11 00:00:00,DATE_ONLY,,MISSING,1011.36,VALID,GENERAL_COMPLAINT,Complaint received after multiple failed attempts.,REJECTED,LOW,BRANCH
CBK0001798,TXN00017706,VALID,USR24802,MCH9650,2026-01-22 20:39:26,VALID,2026-01-24 00:00:00,DATE_ONLY,2026-02-18 20:39:00,VALID,1159.44,VALID,UNAUTHORIZED_TRANSACTION,User says upi pin was not entered by them.,CLOSED,LOW,BRANCH
CBK0001588,TXN00006200,VALID,USR71373,MCH4370,2026-01-25 00:00:00,DATE_ONLY,2026-01-28 00:00:00,DATE_ONLY,,MISSING,5233.09,VALID,SERVICE_NOT_PROVIDED,Customer says transaction was not authorized.,IN_PROGRESS,HIGH,EMAIL
CBK0001960,TXN00008459,VALID,USR48339,MCH3765,2026-07-01 05:57:00,VALID,2026-01-12 00:00:00,DATE_ONLY,2026-02-09 00:00:00,DATE_ONLY,3145.24,VALID,UNAUTHORIZED_TRANSACTION,Customer complaint text unclear due to poor call center notes.,IN_PROGRESS,MEDIUM,CALL_CENTER
CBK0000227,TXN00013273,VALID,USR34180,MCH1485,2026-02-07 00:00:00,DATE_ONLY,2026-02-09 08:37:14,VALID,,MISSING,465.76,VALID,UNAUTHORIZED_TRANSACTION,User claims account was compromised before transaction.,PENDING_BANK,HIGH,EMAIL
CBK0001487,TXN00015922,VALID,USR41135,MCH5982,2026-02-23 00:00:00,DATE_ONLY,2026-02-25 00:00:00,DATE_ONLY,2026-03-16 00:00:00,DATE_ONLY,-759.33,NEGATIVE,GENERAL_COMPLAINT,Complaint received after multiple failed attempts.,IN_PROGRESS,HIGH,IVR
CBK0002403,TXN00000926,VALID,USR32749,MCH6945,2026-03-17 00:00:00,DATE_ONLY,2026-03-19 13:26:00,VALID,2026-04-17 13:26:01,VALID,486.0,VALID,SERVICE_NOT_PROVIDED,Suspicious high-value payment disputed by customer.,IN_PROGRESS,MEDIUM,CHATBOT
CBK0001606,TXN00006400,VALID,USR91446,MCH8696,2026-01-29 00:00:00,DATE_ONLY,2026-02-01 00:00:00,DATE_ONLY,2026-02-13 00:00:00,DATE_ONLY,3582.55,VALID,UNAUTHORIZED_TRANSACTION,Suspicious high-value payment disputed by customer. call dropped,IN_PROGRESS,HIGH,EMAIL
CBK0002158,TXN00015104,VALID,USR76750,MCH6228,2026-01-19 00:00:00,DATE_ONLY,2026-01-25 00:00:00,DATE_ONLY,2026-01-30 00:00:00,DATE_ONLY,2517.56,VALID,GENERAL_COMPLAINT,User claims account was compromised before transaction.,REJECTED,LOW,BRANCH
CBK0000247,TXN00019340,VALID,USR75302,MCH7286,2026-01-04 20:29:59,VALID,2026-01-04 00:00:00,DATE_ONLY,2026-01-18 00:00:00,DATE_ONLY,1486.0,VALID,SERVICE_NOT_PROVIDED,Customer says transaction was not authorized.,RESOLVED,HIGH,CALL_CENTER
CBK0002588,TXN00008732,VALID,USR22039,MCH2374,2026-03-22 00:00:00,DATE_ONLY,2026-04-01 00:00:00,DATE_ONLY,,MISSING,3491.72,VALID,DUPLICATE_DEBIT,User says upi pin was not entered by them.,CLOSED,HIGH,CHATBOT
CBK0001636,TXN00012003,VALID,USR66224,MCH3992,2026-02-20 00:00:00,DATE_ONLY,2026-02-27 00:00:00,DATE_ONLY,,MISSING,1641.33,VALID,WRONG_AMOUNT,Suspicious high-value payment disputed by customer.,IN_PROGRESS,MEDIUM,APP
CBK0001542,TXN00007849,VALID,USR68559,MCH4064,2026-01-21 03:43:00,VALID,2026-01-23 03:43:00,VALID,2026-02-15 03:43:00,VALID,1413.0,VALID,SERVICE_NOT_PROVIDED,Complaint received after multiple failed attempts.,PENDING_BANK,MEDIUM,BRANCH
CBK0000088,TXN00002716,VALID,USR62830,MCH4381,2026-01-22 00:00:00,DATE_ONLY,2026-01-25 00:00:00,DATE_ONLY,2026-02-15 00:00:00,DATE_ONLY,8825.16,VALID,WRONG_AMOUNT,Merchant service was not delivered after payment.,REJECTED,MEDIUM,CALL_CENTER
CBK0002664,TXN00008946,VALID,USR84093,MCH1298,2026-01-06 13:57:53,VALID,2026-01-09 07:57:53,VALID,2026-08-02 07:57:00,VALID,815.57,VALID,UNAUTHORIZED_TRANSACTION,Suspicious high-value payment disputed by customer. details missing,REJECTED,MEDIUM,IVR
CBK0001415,TXN00018932,VALID,USR90778,MCH1764,2026-03-29 04:23:47,VALID,2026-03-31 10:23:00,VALID,2026-04-15 10:23:47,VALID,1825.0,VALID,UNAUTHORIZED_TRANSACTION,Complaint received after multiple failed attempts.,OPEN,HIGH,IVR
CBK0000390,TXN00006356,VALID,USR12919,MCH6810,2026-03-23 00:00:00,DATE_ONLY,2026-05-07 00:00:00,DATE_ONLY,2026-03-06 00:00:00,DATE_ONLY,-344.33,NEGATIVE,GENERAL_COMPLAINT,User says upi pin was not entered by them.,RESOLVED,LOW,CALL_CENTER
CBK0000693,TXN00018137,VALID,USR29306,MCH7744,2026-02-15 00:00:00,DATE_ONLY,2026-02-18 00:00:00,DATE_ONLY,2026-02-18 00:00:00,DATE_ONLY,7022.75,VALID,WRONG_AMOUNT,Customer says txn was not authorized.,IN_PROGRESS,MEDIUM,IVR
CBK0002485,TXN00010063,VALID,USR21384,MCH6470,2026-03-03 00:00:00,DATE_ONLY,2026-03-05 00:00:00,DATE_ONLY,,MISSING,-1603.64,NEGATIVE,SERVICE_NOT_PROVIDED,Complaint received after multiple failed attempts.,IN_PROGRESS,MEDIUM,BRANCH
CBK0002258,TXN00014019,VALID,USR41320,MCH3992,2026-03-09 00:00:00,DATE_ONLY,2026-03-11 00:00:00,DATE_ONLY,2026-03-31 00:00:00,DATE_ONLY,1550.0,VALID,UNAUTHORIZED_TRANSACTION,User claims account was compromised before transaction.,RESOLVED,LOW,EMAIL
CBK0002045,TXN00002711,VALID,USR57231,MCH4181,2026-01-23 00:00:00,DATE_ONLY,2026-01-31 00:00:00,DATE_ONLY,2026-02-12 00:00:00,DATE_ONLY,3969.0,VALID,SERVICE_NOT_PROVIDED,Customer complaint text unclear due to poor call center notes.,CLOSED,LOW,CHATBOT
CBK0000122,TXN00015011,VALID,USR79150,MCH7474,2026-02-25 00:00:00,DATE_ONLY,2026-03-07 00:00:00,DATE_ONLY,2026-03-18 00:00:00,DATE_ONLY,1339.61,VALID,UNAUTHORIZED_TRANSACTION,User reports money deducted but merchant denies receiving payment.,IN_PROGRESS,LOW,EMAIL
CBK0002239,TXN00004673,VALID,USR82373,MCH4473,2026-02-13 09:50:18,VALID,2026-02-19 00:00:00,DATE_ONLY,2026-02-26 04:50:18,VALID,1272.25,VALID,GENERAL_COMPLAINT,Customer says amount was debited twice.,RESOLVED,LOW,CHATBOT
CBK0001382,,MISSING,USR57424,MCH4684,2026-02-01 00:00:00,DATE_ONLY,2026-01-03 00:00:00,DATE_ONLY,2026-02-01 00:00:00,DATE_ONLY,678.56,VALID,UNAUTHORIZED_TRANSACTION,Customer complaint text unclear due to poor call center notes.,PENDING_BANK,LOW,IVR
CBK0002315,TXN00012331,VALID,USR91192,MCH2718,,MISSING,2026-02-14 00:00:00,DATE_ONLY,,MISSING,1246.25,VALID,UNAUTHORIZED_TRANSACTION,Customer complaint text unclear due to poor call center notes.,PENDING_BANK,MEDIUM,BRANCH
CBK0001978,TXN00012089,VALID,USR83284,MCH4334,2026-03-31 04:45:00,VALID,2026-04-04 00:00:00,DATE_ONLY,2026-04-28 00:00:00,DATE_ONLY,1931.29,VALID,UNAUTHORIZED_TRANSACTION,User reports money deducted but merchant denies receiving payment.,OPEN,LOW,IVR
CBK0001151,TXN00002195,VALID,USR98362,MCH1468,2026-03-30 22:38:33,VALID,2026-05-04 01:38:00,VALID,,MISSING,4960.35,VALID,UNAUTHORIZED_TRANSACTION,Complaint received after multiple failed attempts.,REJECTED,LOW,APP
CBK0000424,TXN00095161,VALID,USR40061,MCH1589,2026-03-22 09:02:49,VALID,2026-03-24 00:00:00,DATE_ONLY,2026-04-20 00:00:00,DATE_ONLY,4157.35,VALID,WRONG_AMOUNT,Payment made to unknown merchant as per customer statement.,OPEN,LOW,IVR
CBK0002543,TXN00001628,VALID,USR11727,MCH7286,2026-02-09 00:00:00,DATE_ONLY,,MISSING,2026-02-20 00:00:00,DATE_ONLY,,UNPARSEABLE/NULL,WRONG_AMOUNT,Payment made to unknown merchant as per customer statement.,PENDING_BANK,MEDIUM,IVR
CBK0000371,TXN00002374,VALID,USR58639,MCH5954,2026-03-31 00:00:00,DATE_ONLY,2026-04-03 04:13:08,VALID,,MISSING,1428.93,VALID,UNAUTHORIZED_TRANSACTION,Customer complaint text unclear due to poor call center notes.,RESOLVED,HIGH,APP
CBK0001586,TXN00001182,VALID,USR80241,MCH7734,2026-03-30 00:00:00,DATE_ONLY,2026-04-04 00:00:00,DATE_ONLY,,MISSING,261.51,VALID,SERVICE_NOT_PROVIDED,User says upi pin was not entered by them. pls check asap,PENDING_BANK,MEDIUM,BRANCH
CBK0002553,TXN00012590,VALID,USR41260,MCH4089,2026-03-16 00:00:00,DATE_ONLY,2026-03-31 00:00:00,DATE_ONLY,2026-04-17 00:00:00,DATE_ONLY,8645.0,VALID,GENERAL_COMPLAINT,Complaint received after multiple failed attempts.,CLOSED,CRITICAL,IVR
CBK0002432,TXN00013381,VALID,USR11036,MCH9344,2026-03-31 00:00:00,DATE_ONLY,2026-02-04 05:19:00,VALID,2026-04-15 00:00:00,DATE_ONLY,738.73,VALID,WRONG_AMOUNT,User claims account was compromised before transaction.,PENDING_BANK,MEDIUM,IVR
CBK0001998,TXN00000406,VALID,USR93650,MCH2266,2026-01-31 22:47:03,VALID,2026-02-01 00:00:00,DATE_ONLY,2026-06-02 01:47:00,VALID,2066.08,VALID,UNAUTHORIZED_TRANSACTION,Customer says amount was debited twice.,IN_PROGRESS,HIGH,CHATBOT
CBK0002566,TXN00000405,VALID,USR64878,MCH8953,2026-03-13 09:18:13,VALID,2026-03-24 00:00:00,DATE_ONLY,2026-04-08 00:00:00,DATE_ONLY,3060.38,VALID,SERVICE_NOT_PROVIDED,Suspicious high-value payment disputed by customer.,IN_PROGRESS,LOW,APP
CBK0001756,TXN00005028,VALID,USR40684,MCH7978,2026-02-22 00:00:00,DATE_ONLY,,MISSING,2026-03-10 00:00:00,DATE_ONLY,1800.13,VALID,UNAUTHORIZED_TRANSACTION,User reports money deducted but merchant denies receiving payment.,PENDING_BANK,HIGH,CHATBOT
CBK0002645,TXN00004392,VALID,USR43033,MCH3019,2026-02-18 00:00:00,DATE_ONLY,2026-02-21 12:13:00,VALID,2026-03-09 12:13:05,VALID,272.46,VALID,SERVICE_NOT_PROVIDED,User claims account was compromised before transaction.,REJECTED,LOW,CHATBOT
CBK0002230,TXN00009287,VALID,USR50434,MCH1683,2026-01-10 00:00:00,DATE_ONLY,2026-01-13 00:00:00,DATE_ONLY,2026-02-03 00:00:00,DATE_ONLY,1407.0,VALID,UNAUTHORIZED_TRANSACTION,Merchant service was not delivered after payment.,IN_PROGRESS,MEDIUM,CHATBOT
CBK0000526,TXN00006600,VALID,USR65622,MCH3129,2026-01-28 00:00:00,DATE_ONLY,2026-01-31 21:13:00,VALID,2026-02-05 00:00:00,DATE_ONLY,,UNPARSEABLE/NULL,SERVICE_NOT_PROVIDED,Customer complaint text unclear due to poor call center notes.,OPEN,MEDIUM,APP
CBK0001449,TXN00008116,VALID,USR21449,MCH7397,2026-03-27 00:00:00,DATE_ONLY,2026-03-29 15:23:00,VALID,2026-03-29 00:00:00,DATE_ONLY,19544.3,VALID,UNAUTHORIZED_TRANSACTION,Customer says amount was debited twice.,RESOLVED,MEDIUM,EMAIL
CBK0002686,TXN00017656,VALID,USR69648,MCH9430,,MISSING,2026-03-01 03:37:00,VALID,2026-08-01 00:00:00,DATE_ONLY,-447.83,NEGATIVE,UNAUTHORIZED_TRANSACTION,Customer complaint text unclear due to poor call center notes.,RESOLVED,MEDIUM,CHATBOT
CBK0000533,TXN00001047,VALID,USR30500,MCH9291,2026-01-19 06:20:45,VALID,2026-01-21 00:00:00,DATE_ONLY,,MISSING,518.0,VALID,SERVICE_NOT_PROVIDED,Suspicious high-value payment disputed by customer.,RESOLVED,LOW,CHATBOT
CBK0001709,TXN00014343,VALID,USR26622,MCH8668,2026-04-02 00:00:00,DATE_ONLY,2026-02-02 00:00:00,DATE_ONLY,2026-02-17 00:00:00,DATE_ONLY,2893.0,VALID,SERVICE_NOT_PROVIDED,User says upi pin was not entered by them.,OPEN,MEDIUM,BRANCH
CBK0001509,TXN00011866,VALID,USR37594,MCH9858,2026-02-16 12:27:00,VALID,2026-02-27 00:00:00,DATE_ONLY,,MISSING,628.55,VALID,SERVICE_NOT_PROVIDED,Customer says transaction was not authorized.,RESOLVED,LOW,CHATBOT
CBK0000303,TXN00015469,VALID,USR54853,MCH2556,2026-11-01 14:40:00,VALID,2026-02-26 00:00:00,DATE_ONLY,,MISSING,,UNPARSEABLE/NULL,DUPLICATE_DEBIT,Customer complaint text unclear due to poor call center notes.,IN_PROGRESS,MEDIUM,CHATBOT
CBK0001911,TXN00009220,VALID,USR30497,MCH8391,2026-02-23 14:29:24,VALID,2026-02-27 00:00:00,DATE_ONLY,2026-03-14 00:00:00,DATE_ONLY,914.0,VALID,SERVICE_NOT_PROVIDED,User says upi pin was not entered by them.,OPEN,MEDIUM,APP
CBK0000626,TXN00018979,VALID,USR61349,MCH5687,2026-02-02 04:41:35,VALID,,MISSING,2026-02-28 00:00:00,DATE_ONLY,2995.87,VALID,UNAUTHORIZED_TRANSACTION,Customer says transaction was not authorized.,IN_PROGRESS,MEDIUM,CHATBOT
CBK0000415,TXN00009182,VALID,USR26627,MCH9291,2026-03-28 00:00:00,DATE_ONLY,2026-03-29 12:42:00,VALID,2026-04-16 12:42:25,VALID,-4153.73,NEGATIVE,WRONG_AMOUNT,User claims account was compromised before transaction.,REJECTED,MEDIUM,IVR
CBK0002793,TXN00005174,VALID,USR39885,MCH8673,2026-02-06 00:00:00,DATE_ONLY,2026-02-12 00:00:00,DATE_ONLY,2026-02-12 00:00:00,DATE_ONLY,1679.19,VALID,UNAUTHORIZED_TRANSACTION,User reports money deducted but merchant denies receiving payment.,RESOLVED,HIGH,CHATBOT
CBK0001629,TXN00012665,VALID,USR52097,MCH2757,2026-03-16 00:00:00,DATE_ONLY,2026-03-19 00:00:00,DATE_ONLY,,MISSING,3223.69,VALID,SERVICE_NOT_PROVIDED,Complaint received after multiple failed attempts.,IN_PROGRESS,CRITICAL,EMAIL
CBK0001065,TXN00018250,VALID,USR21407,MCH5172,2026-01-11 00:00:00,DATE_ONLY,2026-01-14 23:22:45,VALID,2026-01-19 00:00:00,DATE_ONLY,4835.58,VALID,UNAUTHORIZED_TRANSACTION,Customer complaint text unclear due to poor call center notes.,CLOSED,LOW,IVR
CBK0002087,TXN00011160,VALID,USR29051,MCH4590,2026-03-17 00:00:00,DATE_ONLY,2026-03-18 00:00:00,DATE_ONLY,2026-03-04 09:26:00,VALID,1773.89,VALID,SERVICE_NOT_PROVIDED,Customer says amount was debited twice.,REJECTED,LOW,BRANCH
CBK0001063,TXN00000271,VALID,USR23350,MCH6258,2026-03-17 03:29:28,VALID,2026-03-18 00:00:00,DATE_ONLY,,MISSING,16937.48,VALID,UNAUTHORIZED_TRANSACTION,Customer says amount was debited twice.,PENDING_BANK,MEDIUM,IVR
CBK0002348,TXN00012938,VALID,USR62273,MCH3100,2026-03-09 00:00:00,DATE_ONLY,2026-03-19 00:00:00,DATE_ONLY,2026-03-20 00:00:00,DATE_ONLY,3749.0,VALID,UNAUTHORIZED_TRANSACTION,User claims account was compromised before transaction.,OPEN,LOW,APP
CBK0002447,TXN00012629,VALID,USR35956,MCH8605,2026-02-13 00:00:00,DATE_ONLY,2026-03-16 00:00:00,DATE_ONLY,2026-04-04 00:00:00,DATE_ONLY,3056.74,VALID,SERVICE_NOT_PROVIDED,Customer says transaction was not authorized. na,OPEN,MEDIUM,CALL_CENTER
CBK0001531,TXN00018893,VALID,USR98962,MCH8250,2026-02-28 21:20:00,VALID,2026-01-03 00:00:00,DATE_ONLY,,MISSING,3450.22,VALID,DUPLICATE_DEBIT,User claims account was compromised before transaction. pls check asap,PENDING_BANK,MEDIUM,EMAIL
CBK0000921,TXN00009757,VALID,USR21384,MCH6474,2026-02-12 02:48:37,VALID,2026-02-17 09:48:37,VALID,2026-03-06 00:00:00,DATE_ONLY,,UNPARSEABLE/NULL,WRONG_AMOUNT,Merchant service was not delivered after payment.,REJECTED,LOW,BRANCH
CBK0002660,TXN00015268,VALID,USR84844,MCH9709,2026-03-23 00:00:00,DATE_ONLY,2026-03-25 00:00:00,DATE_ONLY,2026-04-20 10:49:25,VALID,4086.0,VALID,SERVICE_NOT_PROVIDED,Suspicious high-value payment disputed by customer.,OPEN,MEDIUM,EMAIL
CBK0000513,TXN00003962,VALID,USR43455,MCH5580,2026-02-16 00:00:00,DATE_ONLY,2026-02-21 00:00:00,DATE_ONLY,2026-03-16 12:04:00,VALID,12077.97,VALID,WRONG_AMOUNT,Complaint received after multiple failed attempts. urgent,RESOLVED,CRITICAL,CHATBOT
CBK0000969,TXN00014162,VALID,USR45011,MCH6383,2026-02-18 00:00:00,DATE_ONLY,2026-03-06 00:00:00,DATE_ONLY,2026-03-19 11:52:22,VALID,4363.63,VALID,SERVICE_NOT_PROVIDED,Payment made to unknown merchant as per customer statement.,IN_PROGRESS,LOW,BRANCH
CBK0000468,TXN00004108,VALID,USR22727,MCH3160,2026-02-25 00:00:00,DATE_ONLY,2026-01-03 01:25:00,VALID,2026-03-18 00:00:00,DATE_ONLY,5763.03,VALID,UNAUTHORIZED_TRANSACTION,User says upi pin was not entered by them.,RESOLVED,HIGH,CHATBOT
CBK0002014,TXN00016742,VALID,USR94725,MCH8212,2026-01-24 00:00:00,DATE_ONLY,,MISSING,,MISSING,1163.64,VALID,UNAUTHORIZED_TRANSACTION,Complaint received after multiple failed attempts.,OPEN,LOW,EMAIL
CBK0000951,TXN00000025,VALID,USR43827,MCH5400,,MISSING,2026-03-28 00:00:00,DATE_ONLY,2026-04-10 00:00:00,DATE_ONLY,1302.18,VALID,SERVICE_NOT_PROVIDED,Suspicious high-value payment disputed by customer. details missing,CLOSED,LOW,APP
CBK0001507,TXN00014680,VALID,USR38336,MCH1475,2026-01-29 00:00:00,DATE_ONLY,2026-02-28 00:00:00,DATE_ONLY,2026-03-25 00:00:00,DATE_ONLY,6017.37,VALID,WRONG_AMOUNT,Payment made to unknown merchant as per customer statement.,REJECTED,LOW,CHATBOT
CBK0000470,TXN00016736,VALID,USR95074,MCH2822,2026-02-08 00:00:00,DATE_ONLY,2026-02-10 17:51:46,VALID,2026-03-12 00:00:00,DATE_ONLY,15548.64,VALID,UNAUTHORIZED_TRANSACTION,User claims account was compromised before transaction.,REJECTED,MEDIUM,CHATBOT
CBK0000453,TXN00008829,VALID,USR76027,MCH5301,2026-03-25 17:00:00,VALID,2026-03-29 00:00:00,DATE_ONLY,2026-04-13 13:00:00,VALID,19778.02,VALID,SERVICE_NOT_PROVIDED,Customer complaint text unclear due to poor call center notes.,IN_PROGRESS,CRITICAL,BRANCH
CBK0000183,TXN00018275,VALID,USR61083,MCH2383,2026-03-29 06:16:45,VALID,2026-08-04 07:16:00,VALID,2026-04-29 00:00:00,DATE_ONLY,894.24,VALID,WRONG_AMOUNT,Suspicious high-value payment disputed by customer.,REJECTED,LOW,CALL_CENTER
CBK0000309,TXN00008361,VALID,USR59660,MCH3485,2026-02-12 00:00:00,DATE_ONLY,2026-02-23 00:00:00,DATE_ONLY,2026-03-12 00:00:00,DATE_ONLY,5163.82,VALID,GENERAL_COMPLAINT,User claims account was compromised before transaction.,OPEN,LOW,EMAIL
CBK0001243,TXN00018079,VALID,USR63150,MCH6850,2026-03-25 00:00:00,DATE_ONLY,2026-03-29 00:00:00,DATE_ONLY,2026-07-04 02:25:00,VALID,8988.28,VALID,DUPLICATE_DEBIT,Complaint received after multiple failed attempts.,RESOLVED,MEDIUM,CHATBOT
CBK0000692,TXN00005181,VALID,USR70317,MCH3740,2026-01-03 13:57:00,VALID,2026-03-05 00:00:00,DATE_ONLY,2026-03-15 00:57:00,VALID,1107.86,VALID,SERVICE_NOT_PROVIDED,Merchant service was not delivered after payment.,OPEN,LOW,CHATBOT
CBK0000685,TXN00011648,VALID,USR24719,MCH5852,2026-02-08 00:00:00,DATE_ONLY,2026-02-11 00:00:00,DATE_ONLY,,MISSING,2218.94,VALID,DUPLICATE_DEBIT,User claims account was compromised before transaction.,REJECTED,MEDIUM,EMAIL
CBK0000550,TXN00015783,VALID,USR50831,MCH8921,2026-03-27 00:00:00,DATE_ONLY,,MISSING,2026-07-04 00:00:00,DATE_ONLY,2852.68,VALID,UNAUTHORIZED_TRANSACTION,Customer complaint text unclear due to poor call center notes.,IN_PROGRESS,HIGH,IVR
CBK0000201,TXN00011466,VALID,USR99920,MCH9344,2026-02-06 00:00:00,DATE_ONLY,2026-02-09 00:00:00,DATE_ONLY,2026-04-03 00:00:00,DATE_ONLY,860.0,VALID,UNAUTHORIZED_TRANSACTION,User reports money deducted but merchant denies receiving payment.,IN_PROGRESS,HIGH,EMAIL
CBK0001657,TXN00002770,VALID,USR79332,MCH7033,2026-03-19 00:00:00,DATE_ONLY,2026-03-22 00:00:00,DATE_ONLY,2026-03-28 17:25:00,VALID,1004.64,VALID,UNAUTHORIZED_TRANSACTION,Customer says transaction was not authorized.,OPEN,MEDIUM,EMAIL
CBK0002790,TXN00005364,VALID,USR44424,MCH3678,2026-03-02 00:00:00,DATE_ONLY,2026-05-02 00:00:00,DATE_ONLY,2026-03-04 00:00:00,DATE_ONLY,,UNPARSEABLE/NULL,SERVICE_NOT_PROVIDED,Payment made to unknown merchant as per customer statement.,CLOSED,CRITICAL,EMAIL
CBK0001692,TXN00054083,VALID,USR37452,MCH4658,2026-02-02 00:00:00,DATE_ONLY,2026-02-05 00:00:00,DATE_ONLY,2026-02-12 08:27:52,VALID,664.5,VALID,UNAUTHORIZED_TRANSACTION,Customer says transaction was not authorized.,REJECTED,MEDIUM,CALL_CENTER
CBK0000389,TXN00015997,VALID,USR38082,MCH5891,,MISSING,2026-02-27 01:44:30,VALID,2026-04-03 01:44:00,VALID,1370.91,VALID,UNAUTHORIZED_TRANSACTION,Customer says amount was debited twice.,PENDING_BANK,LOW,IVR
CBK0001599,TXN00018048,VALID,USR45408,MCH4590,2026-03-02 07:57:00,VALID,2026-05-02 16:57:00,VALID,,MISSING,2467.08,VALID,SERVICE_NOT_PROVIDED,Customer complaint text unclear due to poor call center notes.,PENDING_BANK,HIGH,CHATBOT
CBK0000152,TXN00056695,VALID,USR13925,MCH6810,2026-03-24 11:00:00,VALID,2026-03-19 11:00:00,VALID,2026-04-13 11:00:46,VALID,-3475.46,NEGATIVE,UNAUTHORIZED_TRANSACTION,Suspicious high-value payment disputed by customer.,OPEN,CRITICAL,EMAIL
CBK0001688,TXN00015571,VALID,USR42338,MCH6498,2026-02-03 00:00:00,DATE_ONLY,2026-02-07 00:00:00,DATE_ONLY,2026-02-15 13:16:00,VALID,722.56,VALID,UNAUTHORIZED_TRANSACTION,Merchant service was not delivered after payment.,CLOSED,MEDIUM,CALL_CENTER
CBK0002187,TXN00007012,VALID,USR73010,MCH4473,2026-01-01 00:00:00,DATE_ONLY,,MISSING,2026-01-25 00:00:00,DATE_ONLY,1064.0,VALID,GENERAL_COMPLAINT,Payment made to unknown merchant as per customer statement.,CLOSED,HIGH,APP
CBK0001704,TXN00005100,VALID,USR11419,MCH1320,2026-03-11 00:00:00,DATE_ONLY,2026-03-19 18:04:00,VALID,2026-03-22 18:04:40,VALID,-3671.61,NEGATIVE,UNAUTHORIZED_TRANSACTION,User reports money deducted but merchant denies receiving payment.,IN_PROGRESS,LOW,CHATBOT
CBK0002113,TXN00002480,VALID,USR12658,MCH3815,2026-03-27 00:00:00,DATE_ONLY,2026-04-02 00:00:00,DATE_ONLY,2026-04-13 15:09:41,VALID,5722.09,VALID,UNAUTHORIZED_TRANSACTION,Merchant service was not delivered after payment.,REJECTED,HIGH,CHATBOT
CBK0001594,TXN00004839,VALID,USR23350,MCH9444,2026-03-25 14:10:57,VALID,2026-04-24 00:00:00,DATE_ONLY,2026-04-24 21:10:57,VALID,955.91,VALID,SERVICE_NOT_PROVIDED,Customer says amount was debited twice.,CLOSED,HIGH,CHATBOT
CBK0000893,TXN00017214,VALID,USR89151,MCH7710,2026-03-06 00:00:00,DATE_ONLY,2026-03-08 00:00:00,DATE_ONLY,2026-03-21 00:00:00,DATE_ONLY,-1267.1,NEGATIVE,UNAUTHORIZED_TRANSACTION,User reports money deducted but merchant denies receiving payment.,PENDING_BANK,MEDIUM,EMAIL
CBK0002372,TXN00037348,VALID,USR79864,MCH6026,2026-01-04 00:00:00,DATE_ONLY,2026-01-05 18:15:09,VALID,,MISSING,2069.0,VALID,WRONG_AMOUNT,Customer says transaction was not authorized.,OPEN,MEDIUM,CHATBOT
CBK0002491,TXN00019091,VALID,USR41955,MCH3954,2026-02-20 18:20:01,VALID,2026-02-24 00:00:00,DATE_ONLY,2026-03-15 00:00:00,DATE_ONLY,11124.0,VALID,SERVICE_NOT_PROVIDED,User reports money deducted but merchant denies receiving payment.,IN_PROGRESS,MEDIUM,EMAIL
CBK0000133,TXN00011403,VALID,USR18453,MCH9291,2026-01-14 00:00:00,DATE_ONLY,2026-01-19 00:00:00,DATE_ONLY,2026-02-17 16:25:35,VALID,3000.84,VALID,GENERAL_COMPLAINT,Suspicious high-value payment disputed by customer.,OPEN,HIGH,CALL_CENTER
CBK0002280,TXN00002173,VALID,USR47525,MCH1015,2026-05-03 03:02:00,VALID,2026-03-06 00:00:00,DATE_ONLY,2026-03-15 22:02:04,VALID,856.42,VALID,WRONG_AMOUNT,Merchant service was not delivered after payment.,PENDING_BANK,LOW,BRANCH
CBK0002322,TXN00009493,VALID,USR71348,MCH1425,2026-02-26 00:00:00,DATE_ONLY,2026-03-13 11:10:29,VALID,,MISSING,270.77,VALID,SERVICE_NOT_PROVIDED,User claims account was compromised before transaction.,RESOLVED,MEDIUM,IVR
CBK0002139,TXN00012172,VALID,USR85655,MCH2375,2026-01-01 00:00:00,DATE_ONLY,2026-01-02 15:32:47,VALID,2026-01-24 00:00:00,DATE_ONLY,,UNPARSEABLE/NULL,UNAUTHORIZED_TRANSACTION,Customer says transaction was not authorized.,REJECTED,LOW,APP
CBK0001864,,MISSING,USR51310,MCH8220,2026-03-17 12:10:45,VALID,2026-03-23 00:00:00,DATE_ONLY,2026-04-07 00:00:00,DATE_ONLY,464.81,VALID,UNAUTHORIZED_TRANSACTION,Merchant service was not delivered after payment.,CLOSED,LOW,CHATBOT
CBK0002285,TXN00005474,VALID,USR53527,MCH4473,2026-01-29 00:00:00,DATE_ONLY,2026-01-30 00:00:00,DATE_ONLY,,MISSING,271.69,VALID,GENERAL_COMPLAINT,User claims account was compromised before transaction.,CLOSED,MEDIUM,IVR
CBK0000840,TXN00018717,VALID,USR16257,MCH3019,2026-02-20 08:58:00,VALID,2026-03-02 15:58:44,VALID,2026-03-13 00:00:00,DATE_ONLY,4563.14,VALID,SERVICE_NOT_PROVIDED,User claims account was compromised before transaction.,PENDING_BANK,LOW,IVR
CBK0000783,,MISSING,USR96677,MCH2556,2026-02-23 00:00:00,DATE_ONLY,2026-02-23 00:00:00,DATE_ONLY,,MISSING,4726.95,VALID,UNAUTHORIZED_TRANSACTION,User says upi pin was not entered by them.,CLOSED,MEDIUM,CHATBOT
CBK0002629,TXN00010196,VALID,USR41172,MCH4588,2026-02-21 00:00:00,DATE_ONLY,2026-02-18 02:42:14,VALID,,MISSING,852.0,VALID,UNAUTHORIZED_TRANSACTION,User says upi pin was not entered by them.,REJECTED,HIGH,IVR
CBK0001589,TXN00088540,VALID,USR96555,MCH2757,2026-01-30 00:47:43,VALID,2026-01-31 00:00:00,DATE_ONLY,2026-02-24 20:47:43,VALID,221.01,VALID,UNAUTHORIZED_TRANSACTION,Merchant service was not delivered after payment.,REJECTED,HIGH,IVR
CBK0000809,TXN00013144,VALID,USR51720,MCH9790,2026-03-09 00:00:00,DATE_ONLY,2026-03-19 23:09:00,VALID,,MISSING,688.92,VALID,UNAUTHORIZED_TRANSACTION,Customer says transaction was not authorized.,PENDING_BANK,HIGH,CALL_CENTER
CBK0000654,TXN00013810,VALID,USR50022,MCH5980,2026-03-07 00:00:00,DATE_ONLY,2026-03-08 07:44:45,VALID,,MISSING,4552.67,VALID,UNAUTHORIZED_TRANSACTION,Complaint received after multiple failed attempts.,CLOSED,LOW,IVR
CBK0001614,TXN00017424,VALID,USR36509,MCH1316,2026-02-18 00:00:00,DATE_ONLY,2026-02-19 00:00:00,DATE_ONLY,2026-03-21 00:00:00,DATE_ONLY,9374.52,VALID,SERVICE_NOT_PROVIDED,Customer says transaction was not authorized.,PENDING_BANK,MEDIUM,CHATBOT
CBK0000291,TXN00003485,VALID,USR79977,MCH3900,2026-02-10 00:00:00,DATE_ONLY,,MISSING,,MISSING,485.1,VALID,SERVICE_NOT_PROVIDED,User reports money deducted but merchant denies receiving payment.,OPEN,LOW,BRANCH
CBK0002114,TXN00004014,VALID,USR25900,MCH4717,2026-12-03 00:00:00,DATE_ONLY,2026-03-19 00:00:00,DATE_ONLY,2026-04-17 22:25:36,VALID,4940.23,VALID,SERVICE_NOT_PROVIDED,Customer complaint text unclear due to poor call center notes. urgent,RESOLVED,HIGH,CHATBOT
CBK0000739,TXN00017315,VALID,USR29561,MCH5980,2026-04-01 00:00:00,DATE_ONLY,,MISSING,2026-01-24 06:45:30,VALID,704.73,VALID,UNAUTHORIZED_TRANSACTION,User says upi pin was not entered by them.,IN_PROGRESS,HIGH,IVR
CBK0002251,TXN00017472,VALID,USR79175,MCH4488,2026-02-23 08:37:00,VALID,2026-03-10 13:37:56,VALID,2026-04-01 00:00:00,DATE_ONLY,14012.62,VALID,GENERAL_COMPLAINT,Suspicious high-value payment disputed by customer.,RESOLVED,CRITICAL,IVR
CBK0001438,TXN00008449,VALID,USR22964,MCH2194,2026-03-22 00:00:00,DATE_ONLY,2026-03-26 00:00:00,DATE_ONLY,2026-04-07 00:00:00,DATE_ONLY,653.0,VALID,GENERAL_COMPLAINT,Complaint received after multiple failed attempts. urgent,RESOLVED,MEDIUM,APP
CBK0001884,TXN00019164,VALID,USR22644,MCH9648,2026-02-08 00:00:00,DATE_ONLY,2026-02-12 07:08:18,VALID,2026-02-14 00:00:00,DATE_ONLY,1364.5,VALID,UNAUTHORIZED_TRANSACTION,Suspicious high-value payment disputed by customer.,IN_PROGRESS,LOW,CHATBOT
CBK0001771,TXN00011619,VALID,USR17315,MCH2722,2026-01-25 21:15:13,VALID,2026-01-26 00:00:00,DATE_ONLY,,MISSING,-893.52,NEGATIVE,SERVICE_NOT_PROVIDED,Merchant service was not delivered after payment. call dropped,IN_PROGRESS,LOW,EMAIL
CBK0001406,TXN00010864,VALID,USR66856,MCH7459,,MISSING,2026-03-23 04:34:25,VALID,2026-04-20 04:34:25,VALID,2891.42,VALID,UNAUTHORIZED_TRANSACTION,Customer complaint text unclear due to poor call center notes. pls check asap,OPEN,CRITICAL,CHATBOT
CBK0001268,TXN00004622,VALID,USR97580,MCH1348,2026-01-24 00:00:00,DATE_ONLY,2026-01-24 17:29:00,VALID,2026-01-31 00:00:00,DATE_ONLY,1330.95,VALID,SERVICE_NOT_PROVIDED,Merchant service was not delivered after payment.,REJECTED,MEDIUM,IVR
CBK0001693,TXN00009578,VALID,USR55777,MCH8533,2026-02-01 00:00:00,DATE_ONLY,2026-02-04 17:25:23,VALID,2026-01-03 17:25:00,VALID,5287.35,VALID,WRONG_AMOUNT,Complaint received after multiple failed attempts.,CLOSED,MEDIUM,APP
CBK0002368,TXN00004923,VALID,USR50207,MCH8391,2026-01-27 00:00:00,DATE_ONLY,,MISSING,,MISSING,1673.05,VALID,WRONG_AMOUNT,Merchant service was not delivered after payment.,CLOSED,LOW,IVR
CBK0000452,TXN00002107,VALID,USR52224,MCH4529,2026-02-28 04:18:55,VALID,2026-10-03 00:00:00,DATE_ONLY,2026-03-27 12:18:55,VALID,6251.19,VALID,SERVICE_NOT_PROVIDED,Merchant service was not delivered after payment.,REJECTED,HIGH,IVR
CBK0001628,TXN00008857,VALID,USR61151,MCH4796,2026-03-19 00:00:00,DATE_ONLY,2026-03-22 09:53:18,VALID,2026-04-04 09:53:18,VALID,5937.26,VALID,DUPLICATE_DEBIT,Payment made to unknown merchant as per cust statement.,REJECTED,LOW,CALL_CENTER
CBK0000543,TXN00001593,VALID,USR30157,MCH9787,2026-03-27 00:00:00,DATE_ONLY,2026-03-28 00:00:00,DATE_ONLY,2026-01-04 00:00:00,DATE_ONLY,759.56,VALID,SERVICE_NOT_PROVIDED,User claims account was compromised before transaction.,PENDING_BANK,HIGH,CALL_CENTER
CBK0002740,TXN00013424,VALID,USR71939,MCH4819,2026-02-13 22:58:37,VALID,2026-02-16 00:00:00,DATE_ONLY,2026-04-03 13:58:00,VALID,3989.1,VALID,SERVICE_NOT_PROVIDED,User reports money deducted but merchant denies receiving payment.,PENDING_BANK,LOW,CHATBOT
CBK0001471,TXN00003290,VALID,USR25087,MCH3815,2026-08-03 00:00:00,DATE_ONLY,2026-03-09 00:00:00,DATE_ONLY,2026-03-20 00:00:00,DATE_ONLY,991.51,VALID,SERVICE_NOT_PROVIDED,Customer complaint text unclear due to poor call center notes. na,CLOSED,HIGH,EMAIL
CBK0001808,TXN00004140,VALID,USR30844,MCH8779,,MISSING,2026-02-14 00:00:00,DATE_ONLY,2026-04-03 00:00:00,DATE_ONLY,378.0,VALID,GENERAL_COMPLAINT,User says upi pin was not entered by them.,IN_PROGRESS,CRITICAL,BRANCH
CBK0002225,TXN00011962,VALID,USR12961,MCH8953,2026-03-02 02:36:15,VALID,2026-03-03 23:36:15,VALID,,MISSING,6403.5,VALID,UNAUTHORIZED_TRANSACTION,Payment made to unknown merchant as per customer statement.,CLOSED,LOW,IVR
CBK0000353,TXN00017372,VALID,USR56234,MCH7986,2026-02-02 18:14:36,VALID,2026-02-05 01:14:36,VALID,2026-02-25 00:00:00,DATE_ONLY,1275.74,VALID,UNAUTHORIZED_TRANSACTION,Customer complaint text unclear due to poor call center notes.,REJECTED,HIGH,IVR
CBK0002065,TXN00010646,VALID,USR10669,MCH3100,2026-01-27 00:00:00,DATE_ONLY,2026-01-29 00:00:00,DATE_ONLY,2026-02-10 00:00:00,DATE_ONLY,-5027.32,NEGATIVE,WRONG_AMOUNT,Customer says transaction was not authorized. na,IN_PROGRESS,CRITICAL,IVR
CBK0000833,TXN00007902,VALID,USR66726,MCH6087,2026-02-26 00:00:00,DATE_ONLY,2026-03-09 00:00:00,DATE_ONLY,2026-03-28 04:34:00,VALID,5099.0,VALID,DUPLICATE_DEBIT,Merchant service was not delivered after payment. na,IN_PROGRESS,HIGH,IVR
CBK0002388,TXN00018528,VALID,USR77072,MCH5954,,MISSING,2026-03-14 00:00:00,DATE_ONLY,2026-03-21 00:00:00,DATE_ONLY,3336.11,VALID,UNAUTHORIZED_TRANSACTION,Complaint received after multiple failed attempts.,RESOLVED,MEDIUM,IVR
CBK0001420,TXN00010436,VALID,USR26201,MCH9908,2026-03-16 06:56:10,VALID,2026-03-21 13:56:00,VALID,2026-04-16 00:00:00,DATE_ONLY,509.15,VALID,SERVICE_NOT_PROVIDED,User says upi pin was not entered by them.,REJECTED,MEDIUM,IVR
CBK0001795,TXN00017402,VALID,USR78513,MCH4226,2026-01-23 04:47:03,VALID,2026-01-31 00:47:03,VALID,2026-02-11 00:47:03,VALID,2837.81,VALID,UNAUTHORIZED_TRANSACTION,Complaint received after multiple failed attempts.,REJECTED,LOW,IVR
CBK0001315,TXN00005438,VALID,USR68023,MCH5877,2026-02-16 00:00:00,DATE_ONLY,2026-02-22 07:46:00,VALID,,MISSING,1581.74,VALID,WRONG_AMOUNT,Merchant service was not delivered after payment. urgent,OPEN,HIGH,BRANCH
CBK0000115,TXN00000541,VALID,USR20121,MCH8779,2026-02-20 00:00:00,DATE_ONLY,2026-03-23 03:31:09,VALID,2026-05-04 00:00:00,DATE_ONLY,1346.0,VALID,GENERAL_COMPLAINT,Customer says amount was debited twice.,RESOLVED,LOW,EMAIL
CBK0000627,TXN00003619,VALID,USR39542,MCH7650,2026-03-22 00:00:00,DATE_ONLY,2026-03-22 00:00:00,DATE_ONLY,,MISSING,-4189.62,NEGATIVE,WRONG_AMOUNT,Suspicious high-value payment disputed by customer.,OPEN,MEDIUM,CALL_CENTER
CBK0000510,TXN00007774,VALID,USR73010,MCH1407,2026-03-07 00:00:00,DATE_ONLY,2026-03-09 00:00:00,DATE_ONLY,2026-04-04 00:00:00,DATE_ONLY,1443.57,VALID,UNAUTHORIZED_TRANSACTION,User claims account was compromised before txn.,REJECTED,MEDIUM,IVR
CBK0001979,TXN00007772,VALID,USR77274,MCH7833,2026-03-24 00:00:00,DATE_ONLY,2026-03-31 00:00:00,DATE_ONLY,2026-04-17 10:47:26,VALID,1320.83,VALID,WRONG_AMOUNT,Customer complaint text unclear due to poor call center notes.,PENDING_BANK,CRITICAL,IVR
CBK0001738,TXN00010457,VALID,USR59679,MCH9291,2026-03-05 00:00:00,DATE_ONLY,2026-03-06 00:00:00,DATE_ONLY,2026-03-17 18:20:16,VALID,2161.39,VALID,UNAUTHORIZED_TRANSACTION,Merchant service was not delivered after payment.,OPEN,CRITICAL,CALL_CENTER
CBK0002680,TXN00009041,VALID,USR82433,MCH4594,2026-02-07 00:00:00,DATE_ONLY,2026-02-10 00:00:00,DATE_ONLY,2026-02-16 00:00:00,DATE_ONLY,865.19,VALID,DUPLICATE_DEBIT,User says upi pin was not entered by them.,OPEN,LOW,EMAIL
CBK0001521,TXN00010065,VALID,USR51069,MCH8953,2026-02-14 00:00:00,DATE_ONLY,2026-03-17 18:07:42,VALID,2026-04-10 00:00:00,DATE_ONLY,4146.46,VALID,SERVICE_NOT_PROVIDED,User reports money deducted but merchant denies receiving payment.,CLOSED,LOW,CHATBOT
CBK0000013,TXN00019943,VALID,USR42818,MCH6838,2026-01-02 14:58:54,VALID,2026-05-01 00:00:00,DATE_ONLY,,MISSING,728.13,VALID,GENERAL_COMPLAINT,User says upi pin was not entered by them. call dropped,IN_PROGRESS,LOW,APP
CBK0002262,TXN00088490,VALID,USR30627,MCH2594,,MISSING,2026-03-17 00:00:00,DATE_ONLY,,MISSING,4274.13,VALID,SERVICE_NOT_PROVIDED,User reports money deducted but merchant denies receiving payment. na,IN_PROGRESS,HIGH,CHATBOT
CBK0000718,TXN00011539,VALID,USR60803,MCH7874,2026-03-09 18:51:51,VALID,2026-10-03 00:00:00,DATE_ONLY,2026-03-31 00:00:00,DATE_ONLY,1528.98,VALID,UNAUTHORIZED_TRANSACTION,Customer complaint text unclear due to poor call center notes.,IN_PROGRESS,HIGH,CHATBOT
CBK0000446,TXN00010750,VALID,USR17864,MCH4002,2026-12-01 00:00:00,DATE_ONLY,2026-01-15 00:00:00,DATE_ONLY,2026-01-31 20:48:17,VALID,2928.89,VALID,SERVICE_NOT_PROVIDED,Payment made to unknown merchant as per customer statement.,REJECTED,MEDIUM,CALL_CENTER
CBK0000258,TXN00017642,VALID,USR41056,MCH9394,2026-02-26 00:19:00,VALID,2026-03-01 00:00:00,DATE_ONLY,2026-03-24 00:00:00,DATE_ONLY,1505.96,VALID,GENERAL_COMPLAINT,Customer says amount was debited twice.,RESOLVED,HIGH,CHATBOT
CBK0000449,TXN00007492,VALID,USR66286,MCH2383,2026-02-19 00:00:00,DATE_ONLY,2026-02-20 00:00:00,DATE_ONLY,2026-02-25 00:00:00,DATE_ONLY,2062.69,VALID,GENERAL_COMPLAINT,Merchant service was not delivered after payment.,OPEN,LOW,APP
CBK0000486,TXN00002729,VALID,USR58335,MCH6810,,MISSING,2026-01-14 19:40:25,VALID,2026-01-30 19:40:00,VALID,1526.62,VALID,WRONG_AMOUNT,Payment made to unknown merchant as per customer statement.,IN_PROGRESS,LOW,CALL_CENTER
CBK0000888,TXN00015372,VALID,USR10047,MCH6850,2026-02-12 00:00:00,DATE_ONLY,2026-02-14 00:00:00,DATE_ONLY,2026-03-02 00:00:00,DATE_ONLY,1341.86,VALID,WRONG_AMOUNT,Payment made to unknown merchant as per customer statement.,PENDING_BANK,CRITICAL,CHATBOT
CBK0000711,TXN00015632,VALID,USR47206,MCH3217,2026-05-03 00:00:00,DATE_ONLY,2026-03-06 00:00:00,DATE_ONLY,2026-04-01 23:17:35,VALID,386.01,VALID,GENERAL_COMPLAINT,User says upi pin was not entered by them.,IN_PROGRESS,LOW,BRANCH
CBK0001690,TXN00011230,VALID,USR60327,MCH9976,2026-02-15 00:00:00,DATE_ONLY,,MISSING,2026-03-13 00:00:00,DATE_ONLY,-2395.8,NEGATIVE,GENERAL_COMPLAINT,Complaint received after multiple failed attempts.,IN_PROGRESS,LOW,CHATBOT
CBK0001395,TXN00016017,VALID,USR47363,MCH9787,2026-02-23 00:00:00,DATE_ONLY,2026-02-27 00:00:00,DATE_ONLY,2026-03-24 05:41:00,VALID,-849.31,NEGATIVE,GENERAL_COMPLAINT,User claims account was compromised before transaction.,OPEN,HIGH,CHATBOT
CBK0002728,TXN00014794,VALID,USR60133,MCH9291,2026-03-03 15:24:00,VALID,2026-04-03 11:24:00,VALID,2026-03-12 00:00:00,DATE_ONLY,975.44,VALID,GENERAL_COMPLAINT,Payment made to unknown merchant as per customer statement.,IN_PROGRESS,MEDIUM,CHATBOT
CBK0001237,TXN00015341,VALID,USR87558,MCH4264,2026-01-10 19:48:33,VALID,2026-01-12 14:48:33,VALID,,MISSING,6901.63,VALID,SERVICE_NOT_PROVIDED,Complaint received after multiple failed attempts.,PENDING_BANK,CRITICAL,IVR
CBK0002749,TXN00019208,VALID,USR22131,MCH6084,2026-03-08 00:00:00,DATE_ONLY,2026-03-10 01:16:17,VALID,2026-03-12 00:00:00,DATE_ONLY,1146.96,VALID,GENERAL_COMPLAINT,Suspicious high-value payment disputed by customer.,REJECTED,MEDIUM,CHATBOT
CBK0001101,TXN00002219,VALID,USR11618,MCH1518,2026-03-15 00:00:00,DATE_ONLY,2026-03-17 00:00:00,DATE_ONLY,2026-04-12 00:00:00,DATE_ONLY,3127.19,VALID,SERVICE_NOT_PROVIDED,Complaint received after multiple failed attempts.,OPEN,HIGH,CHATBOT
CBK0000963,TXN00003306,VALID,USR42884,MCH8953,2026-04-01 00:00:00,DATE_ONLY,,MISSING,2026-02-01 00:48:55,VALID,2280.54,VALID,DUPLICATE_DEBIT,Payment made to unknown merchant as per customer statement.,IN_PROGRESS,MEDIUM,EMAIL
CBK0000772,TXN00010034,VALID,USR25196,MCH1320,2026-01-06 00:00:00,DATE_ONLY,2026-01-08 09:22:06,VALID,2026-02-05 00:00:00,DATE_ONLY,305.0,VALID,GENERAL_COMPLAINT,Customer says amount was debited twice.,OPEN,CRITICAL,CHATBOT
CBK0002005,,MISSING,USR66391,MCH8391,2026-03-16 13:33:00,VALID,2026-03-24 00:00:00,DATE_ONLY,2026-04-16 00:00:00,DATE_ONLY,1171.4,VALID,SERVICE_NOT_PROVIDED,Customer says amount was debited twice.,RESOLVED,LOW,CHATBOT
CBK0000345,TXN00007052,VALID,USR24877,MCH7863,2026-03-07 06:24:54,VALID,2026-09-03 00:00:00,DATE_ONLY,2026-03-22 22:24:54,VALID,,UNPARSEABLE/NULL,GENERAL_COMPLAINT,Payment made to unknown merchant as per customer statement.,PENDING_BANK,LOW,CHATBOT
CBK0000194,TXN00009105,VALID,USR80813,MCH3548,2026-10-03 07:37:00,VALID,2026-12-03 03:37:00,VALID,2026-03-25 00:00:00,DATE_ONLY,,UNPARSEABLE/NULL,SERVICE_NOT_PROVIDED,Customer complaint text unclear due to poor call center notes.,REJECTED,LOW,APP
CBK0002591,TXN00004763,VALID,USR40127,MCH4473,2026-10-03 00:00:00,DATE_ONLY,2026-03-12 23:20:31,VALID,2026-03-19 23:20:31,VALID,2865.75,VALID,DUPLICATE_DEBIT,Customer says transaction was not authorized.,PENDING_BANK,MEDIUM,CHATBOT
CBK0001957,TXN00009699,VALID,USR64159,MCH2134,2026-02-03 10:47:22,VALID,2026-02-06 00:00:00,DATE_ONLY,2026-03-03 00:00:00,DATE_ONLY,3917.9,VALID,DUPLICATE_DEBIT,Merchant service was not delivered after payment.,IN_PROGRESS,HIGH,CHATBOT
CBK0000922,TXN00018185,VALID,USR61372,MCH8331,2026-02-27 00:00:00,DATE_ONLY,2026-02-28 00:00:00,DATE_ONLY,,MISSING,660.0,VALID,SERVICE_NOT_PROVIDED,User reports money deducted but merchant denies receiving payment.,OPEN,CRITICAL,EMAIL
CBK0000118,TXN00008970,VALID,USR64312,MCH2858,2026-01-26 00:00:00,DATE_ONLY,,MISSING,,MISSING,450.63,VALID,UNAUTHORIZED_TRANSACTION,Payment made to unknown merchant as per customer statement.,CLOSED,LOW,IVR
CBK0002416,TXN00007831,VALID,USR38240,MCH6533,2026-06-01 01:46:00,VALID,2026-07-01 00:00:00,DATE_ONLY,2026-01-28 08:46:41,VALID,905.66,VALID,UNAUTHORIZED_TRANSACTION,Suspicious high-value payment disputed by customer.,OPEN,LOW,EMAIL
CBK0000075,TXN00014086,VALID,USR84007,MCH8154,2026-03-18 00:00:00,DATE_ONLY,2026-03-25 00:00:00,DATE_ONLY,2026-03-26 00:00:00,DATE_ONLY,1493.94,VALID,UNAUTHORIZED_TRANSACTION,User reports money deducted but merchant denies receiving payment.,RESOLVED,MEDIUM,APP
CBK0001584,TXN00016151,VALID,USR53727,MCH3815,2026-03-02 00:00:00,DATE_ONLY,2026-02-04 08:28:07,VALID,2026-03-06 00:00:00,DATE_ONLY,1236.73,VALID,UNAUTHORIZED_TRANSACTION,Merchant service was not delivered after payment.,IN_PROGRESS,LOW,CALL_CENTER
CBK0001958,TXN00018222,VALID,USR46902,MCH5561,2026-03-08 00:00:00,DATE_ONLY,2026-10-03 18:32:00,VALID,,MISSING,1611.0,VALID,SERVICE_NOT_PROVIDED,Customer complaint text unclear due to poor call center notes.,CLOSED,LOW,BRANCH
CBK0001192,,MISSING,USR17450,MCH6659,2026-03-24 09:19:34,VALID,2026-03-31 00:00:00,DATE_ONLY,2026-04-30 20:19:34,VALID,4315.76,VALID,UNAUTHORIZED_TRANSACTION,Customer says amount was debited twice.,REJECTED,LOW,IVR
CBK0002096,TXN00008557,VALID,USR89656,MCH4345,2026-03-14 00:00:00,DATE_ONLY,2026-03-20 00:00:00,DATE_ONLY,,MISSING,752.0,VALID,UNAUTHORIZED_TRANSACTION,Payment made to unknown merchant as per customer statement.,REJECTED,HIGH,CHATBOT
CBK0000989,TXN00012972,VALID,USR33348,MCH5173,2026-03-03 18:36:37,VALID,2026-03-14 13:36:37,VALID,2026-03-20 00:00:00,DATE_ONLY,1647.57,VALID,UNAUTHORIZED_TRANSACTION,Customer says amount was debited twice.,RESOLVED,CRITICAL,IVR
CBK0002306,TXN00008650,VALID,USR32641,MCH1565,2026-02-18 00:00:00,DATE_ONLY,2026-02-19 00:00:00,DATE_ONLY,2026-03-12 00:00:00,DATE_ONLY,1166.57,VALID,SERVICE_NOT_PROVIDED,User claims account was compromised before transaction.,OPEN,MEDIUM,CHATBOT
CBK0001387,TXN00008870,VALID,USR26871,MCH3687,2026-01-20 19:35:20,VALID,2026-01-23 00:00:00,DATE_ONLY,,MISSING,4628.47,VALID,UNAUTHORIZED_TRANSACTION,Suspicious high-value payment disputed by customer.,REJECTED,MEDIUM,CHATBOT
CBK0000996,TXN00000021,VALID,USR22644,MCH4473,2026-07-01 00:00:00,DATE_ONLY,2026-01-17 19:42:38,VALID,2026-11-02 00:00:00,DATE_ONLY,1284.05,VALID,GENERAL_COMPLAINT,Complaint received after multiple failed attempts. pls check asap,REJECTED,LOW,CHATBOT
CBK0001421,TXN00015594,VALID,USR50434,MCH6889,2026-01-26 00:00:00,DATE_ONLY,2026-01-30 00:00:00,DATE_ONLY,2026-02-17 10:08:54,VALID,1421.26,VALID,UNAUTHORIZED_TRANSACTION,Customer complaint text unclear due to poor call center notes.,OPEN,LOW,EMAIL
CBK0000238,TXN00008222,VALID,USR40061,MCH2274,2026-02-19 00:00:00,DATE_ONLY,2026-02-22 00:00:00,DATE_ONLY,,MISSING,4360.22,VALID,GENERAL_COMPLAINT,User reports money deducted but merchant denies receiving payment.,IN_PROGRESS,LOW,APP
CBK0001241,TXN00019245,VALID,USR99206,MCH4590,2026-03-11 00:00:00,DATE_ONLY,2026-03-12 00:00:00,DATE_ONLY,2026-06-04 00:00:00,DATE_ONLY,2987.16,VALID,UNAUTHORIZED_TRANSACTION,Customer complaint text unclear due to poor call center notes.,CLOSED,MEDIUM,BRANCH
CBK0000558,TXN00006037,VALID,USR26658,MCH7509,2026-02-13 00:00:00,DATE_ONLY,2026-02-14 00:00:00,DATE_ONLY,2026-02-22 03:45:00,VALID,739.74,VALID,GENERAL_COMPLAINT,User reports money deducted but merchant denies receiving payment.,CLOSED,LOW,EMAIL
CBK0001977,TXN00000225,VALID,USR94159,MCH5655,2026-03-07 00:00:00,DATE_ONLY,2026-07-03 22:21:00,VALID,,MISSING,666.0,VALID,GENERAL_COMPLAINT,Payment made to unknown merchant as per customer statement.,RESOLVED,HIGH,BRANCH
CBK0000076,TXN00001158,VALID,USR27355,MCH5963,2026-01-04 00:00:00,DATE_ONLY,2026-01-05 22:59:45,VALID,2026-09-01 22:59:00,VALID,461.85,VALID,SERVICE_NOT_PROVIDED,Customer says transaction was not authorized.,REJECTED,LOW,IVR
CBK0002083,TXN00014640,VALID,USR17657,MCH2822,2026-03-25 00:00:00,DATE_ONLY,2026-03-27 00:00:00,DATE_ONLY,2026-04-03 14:05:27,VALID,5247.0,VALID,SERVICE_NOT_PROVIDED,Suspicious high-value payment disputed by customer. na,CLOSED,LOW,EMAIL
CBK0001948,TXN00014225,VALID,USR73728,MCH8953,2026-02-17 00:00:00,DATE_ONLY,2026-02-18 00:00:00,DATE_ONLY,,MISSING,,UNPARSEABLE/NULL,UNAUTHORIZED_TRANSACTION,Payment made to unknown merchant as per customer statement.,OPEN,MEDIUM,CALL_CENTER
CBK0002583,TXN00016902,VALID,USR33856,MCH4131,2026-01-15 15:10:59,VALID,2026-01-17 22:10:59,VALID,2026-02-10 00:00:00,DATE_ONLY,1595.05,VALID,UNAUTHORIZED_TRANSACTION,Customer says amount was debited twice.,PENDING_BANK,LOW,BRANCH
CBK0002069,TXN00019571,VALID,USR23992,MCH5315,,MISSING,2026-03-05 00:00:00,DATE_ONLY,2026-04-04 21:12:20,VALID,475.0,VALID,UNAUTHORIZED_TRANSACTION,User claims account was compromised before transaction.,OPEN,MEDIUM,BRANCH
CBK0000924,TXN00003076,VALID,USR28031,MCH8603,2026-01-01 00:00:00,DATE_ONLY,,MISSING,2026-01-24 01:31:00,VALID,342.0,VALID,GENERAL_COMPLAINT,User says upi pin was not entered by them.,PENDING_BANK,MEDIUM,APP
CBK0002449,TXN00010509,VALID,USR57946,MCH4966,2026-02-26 06:53:00,VALID,2026-02-28 00:00:00,DATE_ONLY,2026-03-25 00:00:00,DATE_ONLY,1835.21,VALID,SERVICE_NOT_PROVIDED,Suspicious high-value payment disputed by customer.,OPEN,MEDIUM,IVR
CBK0000169,TXN00084777,VALID,USR83541,MCH9196,2026-03-02 00:00:00,DATE_ONLY,,MISSING,2026-03-22 00:00:00,DATE_ONLY,-1091.87,NEGATIVE,UNAUTHORIZED_TRANSACTION,Payment made to unknown merchant as per customer statement.,OPEN,MEDIUM,APP
CBK0001675,TXN00007698,VALID,USR30500,MCH1290,2026-03-25 00:00:00,DATE_ONLY,2026-03-27 00:00:00,DATE_ONLY,2026-04-10 05:50:27,VALID,1746.55,VALID,DUPLICATE_DEBIT,Merchant service was not delivered after payment.,RESOLVED,MEDIUM,BRANCH
CBK0002129,TXN00005777,VALID,USR99787,MCH8779,2026-03-05 00:00:00,DATE_ONLY,2026-03-21 00:00:00,DATE_ONLY,2026-04-02 00:00:00,DATE_ONLY,891.95,VALID,UNAUTHORIZED_TRANSACTION,Customer says amount was debited twice.,OPEN,HIGH,CALL_CENTER
CBK0000286,TXN00017361,VALID,USR62049,MCH6810,2026-02-01 02:57:51,VALID,2026-02-11 00:00:00,DATE_ONLY,2026-02-28 00:00:00,DATE_ONLY,1755.45,VALID,UNAUTHORIZED_TRANSACTION,User claims account was compromised before transaction.,IN_PROGRESS,LOW,IVR
CBK0002438,TXN00006364,VALID,USR79500,MCH2963,2026-02-17 00:00:00,DATE_ONLY,2026-02-18 21:05:00,VALID,2026-03-16 00:00:00,DATE_ONLY,2678.39,VALID,SERVICE_NOT_PROVIDED,Complaint received after multiple failed attempts.,CLOSED,LOW,EMAIL
CBK0002365,TXN00000567,VALID,USR77716,MCH2387,2026-03-15 16:57:45,VALID,2026-03-19 00:00:00,DATE_ONLY,2026-12-04 05:57:00,VALID,1015.09,VALID,UNAUTHORIZED_TRANSACTION,Suspicious high-value payment disputed by customer.,OPEN,LOW,CHATBOT
CBK0002224,TXN00008421,VALID,USR39089,MCH2822,2026-01-06 00:00:00,DATE_ONLY,2026-11-01 00:00:00,DATE_ONLY,2026-01-17 00:00:00,DATE_ONLY,964.56,VALID,UNAUTHORIZED_TRANSACTION,User claims account was compromised before transaction.,CLOSED,LOW,CALL_CENTER
CBK0000686,TXN00000850,VALID,USR54783,MCH8420,2026-01-23 00:00:00,DATE_ONLY,2026-01-20 00:00:00,DATE_ONLY,,MISSING,1203.18,VALID,UNAUTHORIZED_TRANSACTION,Customer says txn was not authorized.,PENDING_BANK,MEDIUM,BRANCH
CBK0002291,TXN00000916,VALID,USR59058,MCH4473,2026-01-01 00:19:40,VALID,2026-01-03 00:00:00,DATE_ONLY,,MISSING,577.0,VALID,UNAUTHORIZED_TRANSACTION,Merchant service was not delivered after payment. details missing,OPEN,HIGH,IVR
CBK0000999,TXN00009812,VALID,USR25934,MCH4473,2026-03-11 14:54:18,VALID,2026-03-15 00:00:00,DATE_ONLY,2026-04-01 00:00:00,DATE_ONLY,2069.51,VALID,GENERAL_COMPLAINT,User reports money deducted but merchant denies receiving payment. details missing,OPEN,LOW,CALL_CENTER
CBK0002761,TXN00017387,VALID,USR73413,MCH2266,2026-03-09 00:00:00,DATE_ONLY,2026-03-12 11:20:23,VALID,2026-03-30 00:00:00,DATE_ONLY,303.26,VALID,UNAUTHORIZED_TRANSACTION,User says upi pin was not entered by them.,OPEN,MEDIUM,APP
CBK0002125,TXN00011157,VALID,USR38625,MCH3327,2026-01-26 03:53:00,VALID,2026-10-02 00:00:00,DATE_ONLY,2026-02-16 06:53:00,VALID,-2138.06,NEGATIVE,GENERAL_COMPLAINT,Customer says transaction was not authorized. urgent,PENDING_BANK,MEDIUM,IVR
CBK0002511,TXN00014471,VALID,USR91311,MCH8100,2026-02-21 00:00:00,DATE_ONLY,2026-02-27 00:00:00,DATE_ONLY,,MISSING,2509.27,VALID,UNAUTHORIZED_TRANSACTION,Complaint received after multiple failed attempts.,OPEN,HIGH,IVR
CBK0002548,TXN00003431,VALID,USR51725,MCH1320,2026-01-01 00:00:00,DATE_ONLY,2026-09-01 00:00:00,DATE_ONLY,2026-09-01 00:08:00,VALID,3242.15,VALID,SERVICE_NOT_PROVIDED,User reports money deducted but merchant denies receiving payment.,OPEN,MEDIUM,CHATBOT
CBK0002220,TXN00018020,VALID,USR89284,MCH2757,2026-03-15 13:36:00,VALID,2026-03-18 00:00:00,DATE_ONLY,2026-04-10 01:36:14,VALID,1238.72,VALID,SERVICE_NOT_PROVIDED,Payment made to unknown merchant as per customer statement.,CLOSED,LOW,CALL_CENTER
CBK0000131,,MISSING,USR16031,MCH4997,2026-02-21 20:10:28,VALID,2026-02-23 00:00:00,DATE_ONLY,2026-03-21 00:00:00,DATE_ONLY,1424.0,VALID,UNAUTHORIZED_TRANSACTION,Customer complaint text unclear due to poor call center notes.,IN_PROGRESS,HIGH,CALL_CENTER
CBK0001441,TXN00017441,VALID,USR80479,MCH2733,2026-01-12 00:00:00,DATE_ONLY,2026-01-15 00:00:00,DATE_ONLY,,MISSING,766.94,VALID,UNAUTHORIZED_TRANSACTION,Customer says amount was debited twice.,IN_PROGRESS,HIGH,CALL_CENTER
CBK0001641,TXN00012030,VALID,USR59679,MCH5954,2026-03-30 18:54:00,VALID,,MISSING,2026-04-23 00:00:00,DATE_ONLY,,UNPARSEABLE/NULL,SERVICE_NOT_PROVIDED,Customer complaint text unclear due to poor call center notes.,REJECTED,LOW,CALL_CENTER
CBK0002766,TXN00011236,VALID,USR61715,MCH4062,2026-02-17 00:00:00,DATE_ONLY,2026-02-19 00:00:00,DATE_ONLY,2026-02-26 00:00:00,DATE_ONLY,,UNPARSEABLE/NULL,UNAUTHORIZED_TRANSACTION,Customer says amount was debited twice.,RESOLVED,LOW,IVR
CBK0001084,TXN00017437,VALID,USR13933,MCH2265,2026-01-17 10:41:08,VALID,2026-01-18 00:00:00,DATE_ONLY,2026-09-02 00:00:00,DATE_ONLY,1311.0,VALID,GENERAL_COMPLAINT,Customer complaint text unclear due to poor call center notes.,PENDING_BANK,MEDIUM,CHATBOT
CBK0001109,TXN00008405,VALID,USR77137,MCH8779,2026-02-18 00:00:00,DATE_ONLY,2026-02-20 00:00:00,DATE_ONLY,2026-02-28 01:12:00,VALID,-1327.89,NEGATIVE,DUPLICATE_DEBIT,Suspicious high-value payment disputed by customer.,CLOSED,MEDIUM,APP
CBK0001142,TXN00013418,VALID,USR55881,MCH1320,2026-01-13 19:02:00,VALID,2026-01-15 00:00:00,DATE_ONLY,,MISSING,6925.85,VALID,SERVICE_NOT_PROVIDED,User claims account was compromised before transaction.,CLOSED,MEDIUM,IVR
CBK0000777,,MISSING,USR41853,MCH3327,2026-03-01 00:00:00,DATE_ONLY,,MISSING,,MISSING,7674.18,VALID,UNAUTHORIZED_TRANSACTION,Customer says amount was debited twice.,IN_PROGRESS,LOW,CHATBOT
CBK0002610,TXN00011255,VALID,USR62673,MCH3100,2026-06-01 00:00:00,DATE_ONLY,2026-01-21 17:51:37,VALID,2026-01-25 17:51:37,VALID,2068.22,VALID,UNAUTHORIZED_TRANSACTION,Merchant service was not delivered after payment.,OPEN,LOW,CALL_CENTER
CBK0000938,TXN00011273,VALID,USR80424,MCH1874,2026-02-16 00:00:00,DATE_ONLY,2026-02-21 00:00:00,DATE_ONLY,2026-02-28 00:00:00,DATE_ONLY,1062.27,VALID,SERVICE_NOT_PROVIDED,Customer says amount was debited twice.,RESOLVED,CRITICAL,BRANCH
CBK0000720,TXN00009292,VALID,USR62461,MCH8044,2026-01-16 00:00:00,DATE_ONLY,2026-01-21 00:00:00,DATE_ONLY,,MISSING,2299.02,VALID,UNAUTHORIZED_TRANSACTION,Payment made to unknown merchant as per cust statement.,IN_PROGRESS,LOW,CHATBOT
CBK0000534,TXN00009187,VALID,USR89514,MCH5319,2026-01-18 00:00:00,DATE_ONLY,2026-01-19 00:00:00,DATE_ONLY,2026-07-02 00:00:00,DATE_ONLY,3008.39,VALID,SERVICE_NOT_PROVIDED,User says upi pin was not entered by them. details missing,CLOSED,LOW,EMAIL
CBK0001713,TXN00019900,VALID,USR24117,MCH3622,2026-01-19 00:00:00,DATE_ONLY,2026-01-27 00:00:00,DATE_ONLY,,MISSING,4072.76,VALID,SERVICE_NOT_PROVIDED,Complaint received after multiple failed attempts. call dropped,IN_PROGRESS,MEDIUM,BRANCH
CBK0002694,TXN00017451,VALID,USR11727,MCH6810,2026-03-04 00:00:00,DATE_ONLY,2026-03-06 17:47:56,VALID,2026-03-25 00:00:00,DATE_ONLY,1007.69,VALID,SERVICE_NOT_PROVIDED,Customer says transaction was not authorized.,PENDING_BANK,LOW,IVR
CBK0002018,TXN00005542,VALID,USR80304,MCH8953,2026-01-31 00:00:00,DATE_ONLY,2026-02-01 10:25:53,VALID,,MISSING,236.16,VALID,DUPLICATE_DEBIT,Complaint received after multiple failed attempts.,IN_PROGRESS,MEDIUM,APP
CBK0002775,TXN00018203,VALID,USR60939,MCH9570,,MISSING,2026-02-12 08:26:59,VALID,2026-02-15 08:26:00,VALID,1403.54,VALID,UNAUTHORIZED_TRANSACTION,Complaint received after multiple failed attempts.,CLOSED,LOW,APP
CBK0002030,TXN00019111,VALID,USR11036,MCH5122,2026-01-15 00:00:00,DATE_ONLY,2026-01-19 03:25:00,VALID,2026-01-22 00:00:00,DATE_ONLY,1094.0,VALID,UNAUTHORIZED_TRANSACTION,Payment made to unknown merchant as per customer statement.,REJECTED,HIGH,EMAIL
CBK0002007,TXN00018681,VALID,USR53356,MCH5076,2026-03-06 00:00:00,DATE_ONLY,2026-03-06 00:00:00,DATE_ONLY,,MISSING,5525.44,VALID,WRONG_AMOUNT,Merchant service was not delivered after payment.,PENDING_BANK,MEDIUM,CHATBOT
CBK0001825,TXN00000995,VALID,USR60939,MCH9788,,MISSING,2026-02-22 00:00:00,DATE_ONLY,2026-03-06 00:00:00,DATE_ONLY,,UNPARSEABLE/NULL,UNAUTHORIZED_TRANSACTION,Customer says amount was debited twice.,IN_PROGRESS,MEDIUM,APP
CBK0000191,TXN00016165,VALID,USR22024,MCH5684,2026-02-10 00:00:00,DATE_ONLY,2026-02-16 00:00:00,DATE_ONLY,2026-02-19 00:00:00,DATE_ONLY,4335.54,VALID,SERVICE_NOT_PROVIDED,Merchant service was not delivered after payment. urgent,CLOSED,HIGH,BRANCH
CBK0001412,TXN00007645,VALID,USR75440,MCH4862,2026-02-23 00:00:00,DATE_ONLY,2026-02-23 00:00:00,DATE_ONLY,2026-03-21 10:58:05,VALID,-1667.95,NEGATIVE,SERVICE_NOT_PROVIDED,Customer says transaction was not authorized.,IN_PROGRESS,CRITICAL,EMAIL
CBK0000015,TXN00003408,VALID,USR88037,MCH7845,,MISSING,,MISSING,2026-04-01 14:30:26,VALID,895.1,VALID,SERVICE_NOT_PROVIDED,Suspicious high-value payment disputed by cust.,IN_PROGRESS,MEDIUM,IVR
CBK0001722,TXN00001041,VALID,USR72483,MCH9013,2026-06-01 00:00:00,DATE_ONLY,2026-01-08 00:00:00,DATE_ONLY,2026-01-18 00:00:00,DATE_ONLY,1977.08,VALID,WRONG_AMOUNT,Customer says amount was debited twice.,PENDING_BANK,LOW,BRANCH
CBK0000826,TXN00002919,VALID,USR50535,MCH2014,2026-11-01 00:00:00,DATE_ONLY,2026-01-13 00:00:00,DATE_ONLY,,MISSING,4331.37,VALID,UNAUTHORIZED_TRANSACTION,Customer says amount was debited twice.,PENDING_BANK,HIGH,IVR
CBK0001912,TXN00004776,VALID,USR25848,MCH1193,2026-01-17 01:51:00,VALID,2026-01-22 00:00:00,DATE_ONLY,2026-01-30 21:51:51,VALID,2319.55,VALID,SERVICE_NOT_PROVIDED,Complaint received after multiple failed attempts.,REJECTED,HIGH,CHATBOT
CBK0002561,TXN00002204,VALID,USR14039,MCH6810,2026-04-03 00:00:00,DATE_ONLY,2026-03-08 00:00:00,DATE_ONLY,2026-03-11 00:00:00,DATE_ONLY,455.59,VALID,UNAUTHORIZED_TRANSACTION,User says upi pin was not entered by them.,IN_PROGRESS,HIGH,IVR
CBK0000224,TXN00019488,VALID,USR33856,MCH7833,,MISSING,2026-11-01 04:59:00,VALID,,MISSING,6544.91,VALID,UNAUTHORIZED_TRANSACTION,User says upi pin was not entered by them. urgent,CLOSED,MEDIUM,CHATBOT
CBK0000554,TXN00016199,VALID,USR58457,MCH2818,2026-03-03 00:00:00,DATE_ONLY,2026-03-13 00:00:00,DATE_ONLY,2026-03-20 00:00:00,DATE_ONLY,4366.91,VALID,UNAUTHORIZED_TRANSACTION,Payment made to unknown merchant as per customer statement.,IN_PROGRESS,HIGH,CHATBOT
CBK0001687,TXN00003168,VALID,USR79935,MCH8154,2026-02-26 00:00:00,DATE_ONLY,2026-03-01 00:00:00,DATE_ONLY,2026-11-03 03:30:00,VALID,2132.64,VALID,UNAUTHORIZED_TRANSACTION,Merchant service was not delivered after payment.,PENDING_BANK,MEDIUM,CHATBOT
CBK0001186,TXN00018221,VALID,USR54313,MCH9511,2026-01-30 00:00:00,DATE_ONLY,2026-03-17 00:00:00,DATE_ONLY,2026-03-04 00:00:00,DATE_ONLY,119.0,VALID,WRONG_AMOUNT,User claims account was compromised before transaction. pls check asap,OPEN,LOW,BRANCH
CBK0000923,TXN00094657,VALID,USR35229,MCH1505,2026-03-23 00:00:00,DATE_ONLY,2026-04-23 00:00:00,DATE_ONLY,2026-04-26 00:00:00,DATE_ONLY,2556.0,VALID,WRONG_AMOUNT,Merchant service was not delivered after payment.,CLOSED,HIGH,BRANCH
CBK0000322,TXN00019719,VALID,USR68594,MCH8391,2026-03-23 00:00:00,DATE_ONLY,2026-04-02 20:20:18,VALID,2026-04-18 20:20:18,VALID,4373.83,VALID,SERVICE_NOT_PROVIDED,Merchant service was not delivered after payment.,CLOSED,HIGH,BRANCH
CBK0000056,TXN00002715,VALID,USR49193,MCH9467,2026-01-23 00:00:00,DATE_ONLY,2026-03-02 08:44:00,VALID,,MISSING,,UNPARSEABLE/NULL,SERVICE_NOT_PROVIDED,Merchant service was not delivered after payment.,REJECTED,HIGH,CHATBOT
CBK0000778,TXN00004797,VALID,USR73637,MCH1026,2026-12-01 03:41:00,VALID,2026-02-27 00:00:00,DATE_ONLY,,MISSING,3784.33,VALID,UNAUTHORIZED_TRANSACTION,Customer says transaction was not authorized.,RESOLVED,MEDIUM,CALL_CENTER
CBK0001904,TXN00006057,VALID,USR27947,MCH5098,2026-01-23 08:43:00,VALID,2026-01-26 00:00:00,DATE_ONLY,2026-02-15 09:43:00,VALID,378.18,VALID,WRONG_AMOUNT,Merchant service was not delivered after payment.,PENDING_BANK,HIGH,CALL_CENTER
CBK0001858,TXN00019309,VALID,USR57601,MCH7194,2026-10-01 00:00:00,DATE_ONLY,2026-11-01 00:00:00,DATE_ONLY,,MISSING,6862.58,VALID,GENERAL_COMPLAINT,User claims account was compromised before transaction.,IN_PROGRESS,HIGH,APP
CBK0001327,TXN00010704,VALID,USR57352,MCH9854,2026-01-15 20:40:00,VALID,2026-01-21 00:00:00,DATE_ONLY,,MISSING,2880.65,VALID,UNAUTHORIZED_TRANSACTION,Complaint received after multiple failed attempts.,IN_PROGRESS,LOW,BRANCH
CBK0000612,TXN00008353,VALID,USR59073,MCH2016,2026-03-04 00:00:00,DATE_ONLY,2026-03-06 18:57:42,VALID,2026-11-03 18:57:00,VALID,1208.71,VALID,UNAUTHORIZED_TRANSACTION,Customer says transaction was not authorized.,REJECTED,MEDIUM,BRANCH
CBK0001251,TXN00007334,VALID,USR34180,MCH8904,2026-03-05 00:00:00,DATE_ONLY,2026-08-03 00:00:00,DATE_ONLY,2026-03-19 00:00:00,DATE_ONLY,903.47,VALID,SERVICE_NOT_PROVIDED,Payment made to unknown merchant as per customer statement.,CLOSED,LOW,CHATBOT
CBK0000036,TXN00007642,VALID,USR23143,MCH2032,2026-01-14 00:00:00,DATE_ONLY,2026-01-17 16:21:03,VALID,2026-02-05 16:21:03,VALID,1258.0,VALID,GENERAL_COMPLAINT,Customer says transaction was not authorized. na,REJECTED,CRITICAL,EMAIL
CBK0001074,TXN00016035,VALID,USR30137,MCH4252,2026-03-18 00:00:00,DATE_ONLY,2026-03-20 00:00:00,DATE_ONLY,,MISSING,2162.74,VALID,DUPLICATE_DEBIT,Customer complaint text unclear due to poor call center notes.,OPEN,MEDIUM,BRANCH
CBK0000045,TXN00018877,VALID,USR30701,MCH8391,,MISSING,2026-03-10 00:00:00,DATE_ONLY,,MISSING,2653.61,VALID,SERVICE_NOT_PROVIDED,Payment made to unknown merchant as per customer statement.,OPEN,CRITICAL,CHATBOT
CBK0002044,TXN00012234,VALID,USR38814,MCH2495,2026-02-25 00:00:00,DATE_ONLY,2026-04-11 00:00:00,DATE_ONLY,2026-04-17 00:00:00,DATE_ONLY,1786.57,VALID,UNAUTHORIZED_TRANSACTION,Customer says amount was debited twice.,PENDING_BANK,CRITICAL,IVR
CBK0002390,TXN00008564,VALID,USR53527,MCH1450,2026-03-14 00:00:00,DATE_ONLY,2026-03-20 12:52:19,VALID,2026-04-18 00:00:00,DATE_ONLY,7520.47,VALID,SERVICE_NOT_PROVIDED,User claims account was compromised before transaction.,RESOLVED,MEDIUM,CHATBOT
CBK0000991,TXN00016978,VALID,USR85967,MCH9642,2026-03-28 06:01:00,VALID,2026-04-12 20:01:14,VALID,2026-04-12 00:00:00,DATE_ONLY,3895.0,VALID,UNAUTHORIZED_TRANSACTION,Customer says amount was debited twice.,CLOSED,MEDIUM,IVR
CBK0001740,TXN00009712,VALID,USR32707,MCH4181,2026-01-28 00:00:00,DATE_ONLY,2026-01-29 00:00:00,DATE_ONLY,2026-02-28 00:00:00,DATE_ONLY,803.59,VALID,GENERAL_COMPLAINT,User reports money deducted but merchant denies receiving payment.,CLOSED,MEDIUM,APP
CBK0000182,TXN00013078,VALID,USR91108,MCH4931,2026-06-02 21:01:00,VALID,2026-02-06 00:00:00,DATE_ONLY,2026-03-01 00:00:00,DATE_ONLY,3943.46,VALID,SERVICE_NOT_PROVIDED,Suspicious high-value payment disputed by customer.,OPEN,CRITICAL,APP
CBK0002641,TXN00005655,VALID,USR10307,MCH4859,2026-02-27 00:00:00,DATE_ONLY,2026-03-03 00:00:00,DATE_ONLY,,MISSING,5976.8,VALID,WRONG_AMOUNT,Merchant service was not delivered after payment.,OPEN,HIGH,CHATBOT
CBK0001106,TXN00081951,VALID,USR84942,MCH2073,2026-12-02 01:12:00,VALID,,MISSING,2026-12-03 00:00:00,DATE_ONLY,3816.43,VALID,UNAUTHORIZED_TRANSACTION,Customer says transaction was not authorized. call dropped,PENDING_BANK,MEDIUM,BRANCH
CBK0002466,TXN00013029,VALID,USR16995,MCH7040,2026-01-13 05:39:00,VALID,2026-01-15 19:39:00,VALID,2026-01-25 19:39:06,VALID,1491.88,VALID,SERVICE_NOT_PROVIDED,Customer says transaction was not authorized.,REJECTED,MEDIUM,EMAIL
CBK0001305,TXN00017826,VALID,USR89617,MCH5076,2026-01-18 23:38:00,VALID,2026-03-02 00:00:00,DATE_ONLY,2026-02-24 00:00:00,DATE_ONLY,5617.04,VALID,UNAUTHORIZED_TRANSACTION,Payment made to unknown merchant as per customer statement.,IN_PROGRESS,LOW,IVR
CBK0002675,TXN00007158,VALID,USR38065,MCH6195,2026-02-10 00:00:00,DATE_ONLY,2026-02-25 18:38:29,VALID,2026-02-25 00:00:00,DATE_ONLY,-1520.53,NEGATIVE,SERVICE_NOT_PROVIDED,User reports money deducted but merchant denies receiving payment.,IN_PROGRESS,HIGH,IVR
CBK0002337,TXN00008947,VALID,USR74187,MCH2877,2026-01-05 00:00:00,DATE_ONLY,2026-01-08 00:00:00,DATE_ONLY,2026-01-14 00:00:00,DATE_ONLY,4079.0,VALID,GENERAL_COMPLAINT,Customer says amount was debited twice.,RESOLVED,LOW,IVR
CBK0000211,TXN00019098,VALID,USR76655,MCH2383,2026-02-12 00:00:00,DATE_ONLY,2026-02-27 00:00:00,DATE_ONLY,2026-03-14 00:00:00,DATE_ONLY,536.94,VALID,UNAUTHORIZED_TRANSACTION,Complaint received after multiple failed attempts.,PENDING_BANK,MEDIUM,EMAIL
CBK0000042,TXN00001246,VALID,USR48537,MCH2700,2026-02-08 00:00:00,DATE_ONLY,,MISSING,2026-02-25 00:00:00,DATE_ONLY,702.0,VALID,GENERAL_COMPLAINT,Customer says transaction was not authorized.,CLOSED,HIGH,IVR
CBK0002778,TXN00034155,VALID,USR63286,MCH5795,2026-03-31 00:00:00,DATE_ONLY,2026-05-15 00:00:00,DATE_ONLY,,MISSING,736.99,VALID,SERVICE_NOT_PROVIDED,Suspicious high-value payment disputed by customer.,PENDING_BANK,MEDIUM,CHATBOT
CBK0002652,TXN00008454,VALID,USR79705,MCH2757,,MISSING,2026-02-27 00:00:00,DATE_ONLY,2026-03-14 00:00:00,DATE_ONLY,268.0,VALID,UNAUTHORIZED_TRANSACTION,Suspicious high-value payment disputed by customer.,PENDING_BANK,MEDIUM,CHATBOT
CBK0000226,TXN00015815,VALID,USR35149,MCH8971,2026-11-02 01:43:00,VALID,2026-02-26 00:00:00,DATE_ONLY,,MISSING,458.03,VALID,GENERAL_COMPLAINT,Customer complaint text unclear due to poor call center notes.,IN_PROGRESS,LOW,EMAIL
CBK0001226,TXN00014655,VALID,USR64776,MCH4837,2026-01-19 00:00:00,DATE_ONLY,2026-01-29 00:00:00,DATE_ONLY,2026-08-02 00:00:00,DATE_ONLY,290.31,VALID,DUPLICATE_DEBIT,Customer complaint text unclear due to poor call center notes.,PENDING_BANK,HIGH,CHATBOT
CBK0001961,TXN00004780,VALID,USR62254,MCH9817,2026-05-02 00:00:00,DATE_ONLY,2026-06-02 00:00:00,DATE_ONLY,,MISSING,-673.13,NEGATIVE,UNAUTHORIZED_TRANSACTION,Customer says transaction was not authorized.,PENDING_BANK,HIGH,IVR
CBK0001650,TXN00007842,VALID,USR43371,MCH9291,2026-03-24 00:00:00,DATE_ONLY,2026-03-27 00:00:00,DATE_ONLY,2026-04-21 00:00:00,DATE_ONLY,5443.0,VALID,WRONG_AMOUNT,Customer says amount was debited twice.,IN_PROGRESS,LOW,IVR
CBK0002294,TXN00004771,VALID,USR12753,MCH9267,2026-03-02 00:00:00,DATE_ONLY,2026-02-19 00:00:00,DATE_ONLY,,MISSING,5005.08,VALID,GENERAL_COMPLAINT,Complaint received after multiple failed attempts.,PENDING_BANK,CRITICAL,CHATBOT
CBK0000256,TXN00001617,VALID,USR63778,MCH6614,2026-01-29 00:00:00,DATE_ONLY,2026-01-30 00:00:00,DATE_ONLY,2026-02-17 00:00:00,DATE_ONLY,14278.2,VALID,SERVICE_NOT_PROVIDED,User reports money deducted but merchant denies receiving payment.,IN_PROGRESS,LOW,IVR
CBK0000634,TXN00003160,VALID,USR20310,MCH5168,2026-03-14 00:00:00,DATE_ONLY,2026-03-14 07:16:00,VALID,,MISSING,11376.0,VALID,WRONG_AMOUNT,User says upi pin was not entered by them.,REJECTED,LOW,EMAIL
CBK0001898,TXN00012370,VALID,USR72048,MCH5535,2026-03-29 00:00:00,DATE_ONLY,2026-04-02 00:00:00,DATE_ONLY,,MISSING,-9690.23,NEGATIVE,DUPLICATE_DEBIT,User claims account was compromised before transaction.,OPEN,MEDIUM,CALL_CENTER
CBK0001953,TXN00002867,VALID,USR48061,MCH8600,2026-01-15 00:00:00,DATE_ONLY,2026-01-16 10:12:56,VALID,2026-01-24 00:00:00,DATE_ONLY,4361.29,VALID,GENERAL_COMPLAINT,Suspicious high-value payment disputed by customer.,PENDING_BANK,LOW,EMAIL
CBK0000414,TXN00071282,VALID,USR51465,MCH8403,2026-05-03 00:00:00,DATE_ONLY,2026-03-21 02:45:00,VALID,2026-03-30 02:45:00,VALID,4105.21,VALID,UNAUTHORIZED_TRANSACTION,User claims account was compromised before transaction.,IN_PROGRESS,CRITICAL,CALL_CENTER
CBK0000229,TXN00011498,VALID,USR25152,MCH5516,2026-10-03 08:33:00,VALID,2026-03-13 00:00:00,DATE_ONLY,2026-03-18 16:33:39,VALID,1209.77,VALID,UNAUTHORIZED_TRANSACTION,User says upi pin was not entered by them.,IN_PROGRESS,LOW,CHATBOT
CBK0002621,TXN00013196,VALID,USR25302,MCH2285,2026-05-01 00:00:00,DATE_ONLY,2026-01-08 00:00:00,DATE_ONLY,2026-02-06 00:00:00,DATE_ONLY,4814.0,VALID,SERVICE_NOT_PROVIDED,Merchant service was not delivered after payment.,PENDING_BANK,MEDIUM,BRANCH
CBK0002599,TXN00015427,VALID,USR46465,MCH3243,2026-03-04 00:00:00,DATE_ONLY,2026-04-04 00:00:00,DATE_ONLY,2026-04-18 00:00:00,DATE_ONLY,1089.6,VALID,UNAUTHORIZED_TRANSACTION,Customer says transaction was not authorized. na,OPEN,MEDIUM,CHATBOT
CBK0001385,TXN00015532,VALID,USR43241,MCH2822,2026-02-02 21:47:00,VALID,2026-02-03 00:00:00,DATE_ONLY,2026-02-15 00:00:00,DATE_ONLY,90.26,VALID,UNAUTHORIZED_TRANSACTION,Customer says transaction was not authorized.,PENDING_BANK,CRITICAL,APP
CBK0001645,TXN00004849,VALID,USR87914,MCH2065,2026-03-31 15:04:00,VALID,2026-04-03 00:00:00,DATE_ONLY,2026-04-04 09:04:41,VALID,1212.0,VALID,SERVICE_NOT_PROVIDED,Payment made to unknown merchant as per customer statement.,IN_PROGRESS,MEDIUM,BRANCH
CBK0000995,TXN00005999,VALID,USR40639,MCH1381,2026-11-01 20:47:00,VALID,2026-01-13 00:00:00,DATE_ONLY,,MISSING,-3530.1,NEGATIVE,SERVICE_NOT_PROVIDED,Complaint received after multiple failed attempts.,IN_PROGRESS,LOW,CHATBOT
CBK0000553,TXN00001388,VALID,USR38124,MCH8462,2026-07-03 00:00:00,DATE_ONLY,2026-09-03 16:59:00,VALID,2026-03-18 00:00:00,DATE_ONLY,-5809.0,NEGATIVE,SERVICE_NOT_PROVIDED,Merchant service was not delivered after payment.,CLOSED,HIGH,EMAIL
CBK0000812,TXN00003721,VALID,USR76959,MCH8190,,MISSING,2026-03-05 00:00:00,DATE_ONLY,,MISSING,-3807.76,NEGATIVE,UNAUTHORIZED_TRANSACTION,User says upi pin was not entered by them.,CLOSED,HIGH,BRANCH
CBK0000841,TXN00007967,VALID,USR49028,MCH7643,2026-03-31 00:00:00,DATE_ONLY,2026-04-11 00:00:00,DATE_ONLY,2026-12-04 01:44:00,VALID,,UNPARSEABLE/NULL,SERVICE_NOT_PROVIDED,Customer says transaction was not authorized. call dropped,REJECTED,HIGH,IVR
CBK0000266,TXN00006755,VALID,USR13301,MCH5226,2026-01-07 00:00:00,DATE_ONLY,2026-01-07 00:00:00,DATE_ONLY,2026-02-02 18:44:26,VALID,1874.0,VALID,WRONG_AMOUNT,Customer complaint text unclear due to poor call center notes. call dropped,CLOSED,MEDIUM,CALL_CENTER
CBK0002431,TXN00015350,VALID,USR95800,MCH4448,2026-03-26 01:08:15,VALID,2026-03-28 03:08:15,VALID,2026-10-04 03:08:00,VALID,676.77,VALID,UNAUTHORIZED_TRANSACTION,Customer complaint text unclear due to poor call center notes.,IN_PROGRESS,LOW,CALL_CENTER
CBK0000907,TXN00018961,VALID,USR73332,MCH5096,2026-03-24 00:00:00,DATE_ONLY,,MISSING,,MISSING,409.0,VALID,UNAUTHORIZED_TRANSACTION,Merchant service was not delivered after payment.,RESOLVED,LOW,IVR
CBK0000568,TXN00005915,VALID,USR19528,MCH9192,,MISSING,2026-02-24 00:00:00,DATE_ONLY,,MISSING,215.32,VALID,UNAUTHORIZED_TRANSACTION,Customer says transaction was not authorized. urgent,PENDING_BANK,MEDIUM,CHATBOT
CBK0002248,TXN00018611,VALID,USR80560,MCH1043,2026-11-02 00:00:00,DATE_ONLY,2026-02-13 00:00:00,DATE_ONLY,2026-02-28 00:00:00,DATE_ONLY,1143.89,VALID,DUPLICATE_DEBIT,Customer says amount was debited twice.,OPEN,MEDIUM,BRANCH
CBK0001578,TXN00008775,VALID,USR61019,MCH8496,2026-03-30 13:32:00,VALID,2026-03-31 00:00:00,DATE_ONLY,2026-04-22 00:00:00,DATE_ONLY,8304.41,VALID,UNAUTHORIZED_TRANSACTION,Customer says amount was debited twice.,RESOLVED,LOW,EMAIL
CBK0001548,TXN00000463,VALID,USR79013,MCH7615,,MISSING,2026-05-01 20:53:00,VALID,2026-01-10 00:00:00,DATE_ONLY,,UNPARSEABLE/NULL,SERVICE_NOT_PROVIDED,User says upi pin was not entered by them.,RESOLVED,HIGH,BRANCH
CBK0002013,TXN00007063,VALID,USR45520,MCH1320,2026-03-01 06:39:21,VALID,2026-02-03 00:00:00,DATE_ONLY,2026-03-17 00:00:00,DATE_ONLY,370.32,VALID,UNAUTHORIZED_TRANSACTION,User says upi pin was not entered by them.,IN_PROGRESS,LOW,CHATBOT
CBK0001094,TXN00017457,VALID,USR13306,MCH4473,2026-07-03 08:44:00,VALID,2026-10-03 00:00:00,DATE_ONLY,,MISSING,,UNPARSEABLE/NULL,DUPLICATE_DEBIT,Merchant service was not delivered after payment. na,PENDING_BANK,LOW,CALL_CENTER
CBK0001077,TXN00009149,VALID,USR88897,MCH5127,2026-02-02 00:00:00,DATE_ONLY,2026-02-04 00:00:00,DATE_ONLY,,MISSING,-2970.62,NEGATIVE,UNAUTHORIZED_TRANSACTION,Payment made to unknown merchant as per cust statement.,REJECTED,CRITICAL,EMAIL
CBK0001003,TXN00006075,VALID,USR31466,MCH8516,2026-07-02 03:40:00,VALID,2026-12-02 09:40:00,VALID,,MISSING,1413.0,VALID,SERVICE_NOT_PROVIDED,User claims account was compromised before transaction.,IN_PROGRESS,CRITICAL,EMAIL
CBK0002093,TXN00017223,VALID,USR95193,MCH2383,2026-03-25 00:00:00,DATE_ONLY,2026-03-20 21:23:30,VALID,2026-04-14 00:00:00,DATE_ONLY,-711.68,NEGATIVE,UNAUTHORIZED_TRANSACTION,Customer says transaction was not authorized.,CLOSED,LOW,CALL_CENTER
CBK0001520,TXN00005376,VALID,USR68623,MCH8701,2026-03-31 00:00:00,DATE_ONLY,2026-03-04 00:00:00,DATE_ONLY,2026-04-18 00:00:00,DATE_ONLY,6375.04,VALID,SERVICE_NOT_PROVIDED,User claims account was compromised before transaction.,PENDING_BANK,MEDIUM,APP
CBK0002269,TXN00002609,VALID,USR70968,MCH6810,2026-03-06 00:00:00,DATE_ONLY,2026-04-05 00:00:00,DATE_ONLY,2026-04-22 00:00:00,DATE_ONLY,3155.0,VALID,WRONG_AMOUNT,Merchant service was not delivered after payment.,IN_PROGRESS,MEDIUM,EMAIL
CBK0001060,TXN00004377,VALID,USR65291,MCH5076,2026-01-08 00:00:00,DATE_ONLY,2026-12-01 13:45:00,VALID,2026-06-02 00:00:00,DATE_ONLY,6954.75,VALID,GENERAL_COMPLAINT,Payment made to unknown merchant as per customer statement.,IN_PROGRESS,LOW,CHATBOT
CBK0000878,TXN00017227,VALID,USR23617,MCH9290,2026-02-28 16:25:00,VALID,2026-08-03 13:25:00,VALID,2026-09-03 00:00:00,DATE_ONLY,2799.72,VALID,DUPLICATE_DEBIT,User claims account was compromised before transaction. urgent,IN_PROGRESS,HIGH,CHATBOT
CBK0002419,TXN00008154,VALID,USR61213,MCH1320,2026-02-25 14:30:00,VALID,2026-04-12 00:00:00,DATE_ONLY,,MISSING,1654.89,VALID,SERVICE_NOT_PROVIDED,Suspicious high-value payment disputed by customer.,OPEN,MEDIUM,APP
CBK0000142,TXN00017373,VALID,USR22644,MCH2266,,MISSING,2026-03-17 00:00:00,DATE_ONLY,2026-04-15 15:50:00,VALID,4758.01,VALID,UNAUTHORIZED_TRANSACTION,Merchant service was not delivered after payment.,IN_PROGRESS,MEDIUM,EMAIL
CBK0000028,TXN00005785,VALID,USR15008,MCH4604,2026-03-02 15:28:00,VALID,2026-06-03 00:28:00,VALID,2026-03-28 00:00:00,DATE_ONLY,222.95,VALID,DUPLICATE_DEBIT,Payment made to unknown merchant as per cust statement.,CLOSED,MEDIUM,IVR
CBK0000090,TXN00018546,VALID,USR70795,MCH3992,2026-02-26 00:00:00,DATE_ONLY,2026-02-23 00:00:00,DATE_ONLY,2026-03-03 00:00:00,DATE_ONLY,7492.62,VALID,SERVICE_NOT_PROVIDED,Merchant service was not delivered after payment.,CLOSED,HIGH,IVR
CBK0000644,TXN00007288,VALID,USR97139,MCH2822,2026-02-03 00:00:00,DATE_ONLY,2026-06-02 00:00:00,DATE_ONLY,2026-02-12 15:55:43,VALID,320.6,VALID,UNAUTHORIZED_TRANSACTION,Suspicious high-value payment disputed by customer.,OPEN,LOW,BRANCH
CBK0000171,TXN00003032,VALID,USR85839,MCH4965,2026-02-02 06:26:00,VALID,2026-04-03 00:00:00,DATE_ONLY,,MISSING,988.93,VALID,SERVICE_NOT_PROVIDED,User says upi pin was not entered by them.,REJECTED,HIGH,CHATBOT
CBK0002288,TXN00001620,VALID,USR79613,MCH2822,2026-07-03 00:00:00,DATE_ONLY,2026-03-07 00:00:00,DATE_ONLY,,MISSING,650.47,VALID,DUPLICATE_DEBIT,User reports money deducted but merchant denies receiving payment.,CLOSED,HIGH,CHATBOT
CBK0000236,TXN00015982,VALID,USR78462,MCH5980,2026-02-19 02:15:55,VALID,2026-03-21 00:00:00,DATE_ONLY,2026-04-14 00:00:00,DATE_ONLY,3445.69,VALID,GENERAL_COMPLAINT,Suspicious high-value payment disputed by customer.,OPEN,LOW,IVR
CBK0001256,TXN00012543,VALID,USR97472,MCH2266,2026-03-26 00:00:00,DATE_ONLY,2026-03-29 00:00:00,DATE_ONLY,2026-12-04 01:21:00,VALID,-5621.9,NEGATIVE,DUPLICATE_DEBIT,Payment made to unknown merchant as per customer statement. na,CLOSED,LOW,CHATBOT
CBK0002263,TXN00017565,VALID,USR25091,MCH2757,2026-03-25 00:00:00,DATE_ONLY,,MISSING,2026-04-08 00:00:00,DATE_ONLY,3265.92,VALID,SERVICE_NOT_PROVIDED,User claims account was compromised before transaction.,OPEN,MEDIUM,APP
CBK0000491,TXN00012981,VALID,USR53356,MCH3100,2026-02-28 00:00:00,DATE_ONLY,2026-03-01 00:00:00,DATE_ONLY,2026-09-03 00:00:00,DATE_ONLY,1168.0,VALID,SERVICE_NOT_PROVIDED,Merchant service was not delivered after payment.,PENDING_BANK,HIGH,IVR
CBK0000790,TXN00010376,VALID,USR31294,MCH2721,2026-02-21 00:00:00,DATE_ONLY,2026-02-21 00:00:00,DATE_ONLY,,MISSING,3789.0,VALID,WRONG_AMOUNT,Suspicious high-value payment disputed by customer.,PENDING_BANK,MEDIUM,APP
CBK0002734,TXN00086247,VALID,USR30500,MCH9900,2026-01-02 00:00:00,DATE_ONLY,2026-04-01 00:00:00,DATE_ONLY,,MISSING,1425.14,VALID,UNAUTHORIZED_TRANSACTION,Suspicious high-value payment disputed by customer.,OPEN,HIGH,CHATBOT
CBK0000108,TXN00012720,VALID,USR63044,MCH3342,2026-03-01 07:04:00,VALID,2026-05-01 00:00:00,DATE_ONLY,2026-05-01 00:00:00,DATE_ONLY,1297.0,VALID,UNAUTHORIZED_TRANSACTION,User reports money deducted but merchant denies receiving payment.,RESOLVED,LOW,CHATBOT
CBK0000228,TXN00001207,VALID,USR43461,MCH2457,2026-10-02 00:00:00,DATE_ONLY,2026-06-02 21:57:00,VALID,2026-02-17 21:57:00,VALID,5779.34,VALID,UNAUTHORIZED_TRANSACTION,Complaint received after multiple failed attempts.,REJECTED,MEDIUM,IVR
CBK0002532,TXN00014807,VALID,USR72152,MCH4189,2026-03-26 00:00:00,DATE_ONLY,2026-03-30 00:00:00,DATE_ONLY,2026-04-25 00:00:00,DATE_ONLY,,UNPARSEABLE/NULL,UNAUTHORIZED_TRANSACTION,Customer says amount was debited twice.,IN_PROGRESS,CRITICAL,CHATBOT
CBK0000489,TXN00009790,VALID,USR14874,MCH3965,2026-02-24 00:00:00,DATE_ONLY,2026-02-25 23:38:39,VALID,,MISSING,1114.59,VALID,SERVICE_NOT_PROVIDED,Customer says txn was not authorized.,RESOLVED,MEDIUM,CHATBOT
CBK0001085,TXN00007125,VALID,USR27848,MCH8555,2026-03-14 00:00:00,DATE_ONLY,2026-03-16 00:00:00,DATE_ONLY,,MISSING,1467.82,VALID,SERVICE_NOT_PROVIDED,User reports money deducted but merchant denies receiving payment.,IN_PROGRESS,CRITICAL,CHATBOT
CBK0002462,TXN00017340,VALID,USR67399,MCH8154,2026-10-02 00:00:00,DATE_ONLY,2026-03-28 00:00:00,DATE_ONLY,2026-04-17 00:00:00,DATE_ONLY,1945.77,VALID,UNAUTHORIZED_TRANSACTION,Payment made to unknown merchant as per customer statement.,PENDING_BANK,LOW,IVR
CBK0002197,TXN00006372,VALID,USR66647,MCH5779,2026-02-17 13:16:55,VALID,2026-02-21 00:00:00,DATE_ONLY,,MISSING,5763.76,VALID,UNAUTHORIZED_TRANSACTION,User reports money deducted but merchant denies receiving payment.,IN_PROGRESS,MEDIUM,CHATBOT
CBK0000814,TXN00017418,VALID,USR91623,MCH6810,,MISSING,2026-01-03 02:57:39,VALID,2026-01-29 00:00:00,DATE_ONLY,1350.91,VALID,DUPLICATE_DEBIT,Merchant service was not delivered after payment.,PENDING_BANK,LOW,EMAIL
CBK0001792,TXN00002522,VALID,USR78192,MCH5237,2026-01-23 04:37:11,VALID,2026-01-24 00:00:00,DATE_ONLY,,MISSING,877.59,VALID,SERVICE_NOT_PROVIDED,User reports money deducted but merchant denies receiving payment. pls check asap,CLOSED,MEDIUM,IVR
CBK0001103,TXN00006537,VALID,USR64942,MCH8349,2026-02-25 00:00:00,DATE_ONLY,2026-03-12 23:58:49,VALID,2026-03-21 23:58:00,VALID,418.0,VALID,GENERAL_COMPLAINT,User says upi pin was not entered by them.,PENDING_BANK,MEDIUM,IVR
CBK0000208,TXN00011412,VALID,USR90908,MCH1460,2026-01-05 00:00:00,DATE_ONLY,,MISSING,2026-04-02 00:00:00,DATE_ONLY,1142.95,VALID,SERVICE_NOT_PROVIDED,User says upi pin was not entered by them.,REJECTED,LOW,IVR
CBK0002160,TXN00003789,VALID,USR91387,MCH3992,2026-03-09 00:00:00,DATE_ONLY,2026-03-13 00:02:43,VALID,2026-03-31 00:00:00,DATE_ONLY,1061.09,VALID,GENERAL_COMPLAINT,Complaint received after multiple failed attempts.,PENDING_BANK,MEDIUM,CALL_CENTER
CBK0002355,TXN00010287,VALID,USR83793,MCH2036,2026-02-28 07:09:59,VALID,2026-03-03 00:00:00,DATE_ONLY,,MISSING,852.14,VALID,SERVICE_NOT_PROVIDED,User says upi pin was not entered by them.,RESOLVED,CRITICAL,CHATBOT
CBK0001555,TXN00010998,VALID,USR55626,MCH3270,2026-03-23 00:00:00,DATE_ONLY,2026-03-23 23:29:00,VALID,2026-04-03 00:00:00,DATE_ONLY,1074.0,VALID,UNAUTHORIZED_TRANSACTION,Merchant service was not delivered after payment. na,CLOSED,CRITICAL,CALL_CENTER
CBK0000947,TXN00013726,VALID,USR83095,MCH5410,2026-03-28 00:00:00,DATE_ONLY,2026-03-29 11:05:48,VALID,,MISSING,6019.31,VALID,DUPLICATE_DEBIT,Suspicious high-value payment disputed by customer.,IN_PROGRESS,HIGH,BRANCH
CBK0002261,TXN00000527,VALID,USR82246,MCH6318,2026-01-18 00:00:00,DATE_ONLY,2026-01-20 00:00:00,DATE_ONLY,2026-01-29 03:15:21,VALID,3784.42,VALID,DUPLICATE_DEBIT,Customer complaint text unclear due to poor call center notes.,IN_PROGRESS,LOW,BRANCH
CBK0001921,TXN00018097,VALID,USR29054,MCH8796,,MISSING,2026-02-27 00:00:00,DATE_ONLY,2026-03-03 02:06:00,VALID,2522.66,VALID,SERVICE_NOT_PROVIDED,Complaint received after multiple failed attempts.,CLOSED,HIGH,IVR
CBK0000150,TXN00004153,VALID,USR21449,MCH8072,2026-03-21 00:00:00,DATE_ONLY,2026-03-22 00:00:00,DATE_ONLY,2026-03-24 09:18:00,VALID,3630.27,VALID,UNAUTHORIZED_TRANSACTION,Suspicious high-value payment disputed by customer.,IN_PROGRESS,HIGH,APP
CBK0001255,,MISSING,USR63146,MCH9614,2026-02-21 00:00:00,DATE_ONLY,2026-02-27 00:00:00,DATE_ONLY,2026-02-27 00:00:00,DATE_ONLY,1677.54,VALID,SERVICE_NOT_PROVIDED,Customer says transaction was not authorized.,IN_PROGRESS,LOW,CHATBOT
CBK0002165,TXN00011788,VALID,USR69706,MCH3368,2026-01-04 00:00:00,DATE_ONLY,2026-01-07 00:00:00,DATE_ONLY,2026-01-16 00:00:00,DATE_ONLY,4428.67,VALID,DUPLICATE_DEBIT,Customer says amount was debited twice. details missing,REJECTED,LOW,IVR
CBK0001143,TXN00010812,VALID,USR29995,MCH2068,2026-02-11 00:00:00,DATE_ONLY,2026-02-13 00:00:00,DATE_ONLY,2026-03-14 00:00:00,DATE_ONLY,-752.91,NEGATIVE,DUPLICATE_DEBIT,User says upi pin was not entered by them.,PENDING_BANK,LOW,CHATBOT
CBK0001369,TXN00016708,VALID,USR40818,MCH6534,,MISSING,,MISSING,2026-02-27 00:00:00,DATE_ONLY,2567.69,VALID,UNAUTHORIZED_TRANSACTION,Customer says amount was debited twice.,PENDING_BANK,MEDIUM,IVR
CBK0001216,TXN00002147,VALID,USR51748,MCH7793,2026-01-25 00:00:00,DATE_ONLY,2026-01-28 00:00:00,DATE_ONLY,,MISSING,1064.06,VALID,UNAUTHORIZED_TRANSACTION,Complaint received after multiple failed attempts.,REJECTED,HIGH,BRANCH
CBK0000495,TXN00010199,VALID,USR31808,MCH4590,2026-01-17 00:00:00,DATE_ONLY,2026-01-27 00:00:00,DATE_ONLY,2026-02-07 00:00:00,DATE_ONLY,3450.0,VALID,SERVICE_NOT_PROVIDED,Customer says transaction was not authorized.,IN_PROGRESS,HIGH,IVR
CBK0002274,TXN00008466,VALID,USR84517,MCH6508,2026-01-21 00:00:00,DATE_ONLY,2026-01-23 00:00:00,DATE_ONLY,,MISSING,494.63,VALID,UNAUTHORIZED_TRANSACTION,User claims account was compromised before transaction.,PENDING_BANK,MEDIUM,IVR
CBK0000001,TXN00000797,VALID,USR85565,MCH8779,2026-02-04 20:55:03,VALID,2026-02-03 00:00:00,DATE_ONLY,2026-02-13 00:00:00,DATE_ONLY,1020.66,VALID,SERVICE_NOT_PROVIDED,Suspicious high-value payment disputed by customer. details missing,RESOLVED,LOW,EMAIL
CBK0000101,TXN00010812,VALID,USR81116,MCH4055,,MISSING,2026-04-04 00:00:00,DATE_ONLY,2026-04-05 00:00:00,DATE_ONLY,3506.0,VALID,DUPLICATE_DEBIT,Payment made to unknown merchant as per customer statement.,IN_PROGRESS,LOW,CHATBOT
CBK0001075,TXN00013358,VALID,USR12571,MCH7477,,MISSING,2026-02-27 00:00:00,DATE_ONLY,2026-03-16 00:00:00,DATE_ONLY,2097.39,VALID,SERVICE_NOT_PROVIDED,Customer says transaction was not authorized.,REJECTED,LOW,CHATBOT
CBK0000412,TXN00007488,VALID,USR50260,MCH1591,2026-01-14 05:30:00,VALID,2026-02-13 00:00:00,DATE_ONLY,2026-02-19 00:00:00,DATE_ONLY,384.26,VALID,WRONG_AMOUNT,User reports money deducted but merchant denies receiving payment.,PENDING_BANK,HIGH,IVR
CBK0001587,TXN00016352,VALID,USR29556,MCH9289,2026-01-14 00:00:00,DATE_ONLY,2026-01-18 00:00:00,DATE_ONLY,2026-01-18 00:00:00,DATE_ONLY,6616.61,VALID,SERVICE_NOT_PROVIDED,Complaint received after multiple failed attempts.,OPEN,MEDIUM,CHATBOT
CBK0001232,TXN00009374,VALID,USR51626,MCH6929,2026-01-03 00:00:00,DATE_ONLY,2026-01-06 09:58:50,VALID,2026-01-28 00:00:00,DATE_ONLY,,UNPARSEABLE/NULL,DUPLICATE_DEBIT,User says upi pin was not entered by them.,REJECTED,LOW,IVR
CBK0000381,TXN00014178,VALID,USR27107,MCH3113,2026-05-01 17:14:00,VALID,2026-01-11 00:00:00,DATE_ONLY,2026-01-27 00:00:00,DATE_ONLY,431.5,VALID,DUPLICATE_DEBIT,Customer says transaction was not authorized.,REJECTED,LOW,IVR
CBK0002726,TXN00003733,VALID,USR34851,MCH8714,2026-01-10 00:00:00,DATE_ONLY,2026-12-01 06:21:00,VALID,2026-09-02 00:00:00,DATE_ONLY,,UNPARSEABLE/NULL,UNAUTHORIZED_TRANSACTION,Customer says amount was debited twice.,REJECTED,LOW,CHATBOT
CBK0000805,TXN00009314,VALID,USR13620,MCH3239,2026-01-21 00:00:00,DATE_ONLY,2026-01-24 00:00:00,DATE_ONLY,,MISSING,766.0,VALID,GENERAL_COMPLAINT,User says upi pin was not entered by them.,IN_PROGRESS,LOW,EMAIL
CBK0000901,TXN00012155,VALID,USR12240,MCH4226,2026-02-27 00:00:00,DATE_ONLY,2026-04-03 15:39:00,VALID,2026-03-12 15:39:05,VALID,348.42,VALID,GENERAL_COMPLAINT,Customer says amount was debited twice.,IN_PROGRESS,MEDIUM,APP
CBK0002226,TXN00005923,VALID,USR15487,MCH2547,2026-01-26 00:00:00,DATE_ONLY,2026-06-02 03:51:00,VALID,2026-02-20 00:00:00,DATE_ONLY,1759.97,VALID,UNAUTHORIZED_TRANSACTION,Customer says transaction was not authorized.,RESOLVED,MEDIUM,EMAIL
CBK0000630,TXN00019233,VALID,USR41212,MCH3129,2026-03-01 00:00:00,DATE_ONLY,2026-03-08 15:33:27,VALID,2026-03-28 00:00:00,DATE_ONLY,1007.91,VALID,UNAUTHORIZED_TRANSACTION,User reports money deducted but merchant denies receiving payment.,REJECTED,LOW,EMAIL
CBK0000965,TXN00009897,VALID,USR16439,MCH2212,2026-01-11 00:00:00,DATE_ONLY,2026-12-01 00:00:00,DATE_ONLY,2026-01-14 00:00:00,DATE_ONLY,1827.19,VALID,WRONG_AMOUNT,User claims account was compromised before transaction.,REJECTED,HIGH,CALL_CENTER
CBK0001952,TXN00013367,VALID,USR59329,MCH3526,2026-08-01 00:00:00,DATE_ONLY,2026-01-11 00:00:00,DATE_ONLY,2026-01-20 01:50:10,VALID,18514.67,VALID,UNAUTHORIZED_TRANSACTION,User claims account was compromised before transaction.,IN_PROGRESS,LOW,EMAIL
CBK0001962,TXN00008141,VALID,USR88930,MCH5655,2026-01-21 00:00:00,DATE_ONLY,2026-01-27 00:00:00,DATE_ONLY,2026-02-06 06:00:00,VALID,4306.86,VALID,UNAUTHORIZED_TRANSACTION,Customer complaint text unclear due to poor call center notes.,PENDING_BANK,MEDIUM,APP
CBK0000785,TXN00012403,VALID,USR98061,MCH9923,2026-03-24 00:00:00,DATE_ONLY,2026-03-29 08:53:42,VALID,2026-03-29 00:00:00,DATE_ONLY,,UNPARSEABLE/NULL,GENERAL_COMPLAINT,User claims account was compromised before transaction. details missing,PENDING_BANK,CRITICAL,BRANCH
CBK0000492,TXN00008504,VALID,USR51736,MCH8181,2026-12-01 00:00:00,DATE_ONLY,2026-01-15 03:05:53,VALID,,MISSING,303.99,VALID,DUPLICATE_DEBIT,Customer complaint text unclear due to poor call center notes.,IN_PROGRESS,LOW,IVR
CBK0001072,TXN00006554,VALID,USR20930,MCH7833,2026-01-11 00:00:00,DATE_ONLY,2026-11-02 00:00:00,DATE_ONLY,2026-03-04 00:59:16,VALID,4172.97,VALID,SERVICE_NOT_PROVIDED,Merchant service was not delivered after payment.,IN_PROGRESS,MEDIUM,EMAIL
CBK0002427,TXN00003973,VALID,USR79707,MCH2266,,MISSING,2026-03-23 01:55:27,VALID,2026-04-14 01:55:27,VALID,2121.87,VALID,WRONG_AMOUNT,User reports money deducted but merchant denies receiving payment.,PENDING_BANK,LOW,EMAIL
CBK0000433,TXN00046623,VALID,USR96958,MCH2105,2026-03-03 11:55:57,VALID,2026-05-03 12:55:00,VALID,,MISSING,6432.0,VALID,UNAUTHORIZED_TRANSACTION,User claims account was compromised before transaction.,OPEN,HIGH,CHATBOT
CBK0001685,TXN00009635,VALID,USR26009,MCH8203,2026-01-29 11:05:25,VALID,2026-02-13 00:00:00,DATE_ONLY,2026-02-13 00:00:00,DATE_ONLY,1538.91,VALID,DUPLICATE_DEBIT,User reports money deducted but merchant denies receiving payment.,PENDING_BANK,LOW,CHATBOT
CBK0001581,TXN00096928,VALID,USR33856,MCH8779,2026-01-06 00:00:00,DATE_ONLY,2026-01-08 02:03:43,VALID,2026-01-20 00:00:00,DATE_ONLY,2456.94,VALID,GENERAL_COMPLAINT,Payment made to unknown merchant as per customer statement.,IN_PROGRESS,LOW,CALL_CENTER
CBK0002730,TXN00004070,VALID,USR84719,MCH4590,2026-02-15 00:00:00,DATE_ONLY,2026-02-16 00:00:00,DATE_ONLY,2026-02-26 00:00:00,DATE_ONLY,3047.23,VALID,UNAUTHORIZED_TRANSACTION,Complaint received after multiple failed attempts.,PENDING_BANK,MEDIUM,CHATBOT
CBK0000523,TXN00014885,VALID,USR52281,MCH1833,2026-01-16 00:00:00,DATE_ONLY,2026-01-26 00:00:00,DATE_ONLY,2026-02-10 00:00:00,DATE_ONLY,573.0,VALID,GENERAL_COMPLAINT,Complaint received after multiple failed attempts.,IN_PROGRESS,HIGH,CHATBOT
CBK0000301,TXN00016908,VALID,USR68915,MCH4590,,MISSING,2026-03-26 00:00:00,DATE_ONLY,2026-03-29 02:20:18,VALID,2938.45,VALID,UNAUTHORIZED_TRANSACTION,Payment made to unknown merchant as per customer statement.,IN_PROGRESS,LOW,APP
CBK0000742,TXN00007076,VALID,USR36630,MCH5264,2026-02-26 00:00:00,DATE_ONLY,2026-02-28 00:00:00,DATE_ONLY,2026-03-23 11:58:36,VALID,533.33,VALID,SERVICE_NOT_PROVIDED,Customer complaint text unclear due to poor call center notes.,PENDING_BANK,MEDIUM,APP
CBK0002215,TXN00007143,VALID,USR62254,MCH6359,,MISSING,2026-01-29 00:00:00,DATE_ONLY,2026-02-28 00:00:00,DATE_ONLY,-2415.01,NEGATIVE,GENERAL_COMPLAINT,Customer complaint text unclear due to poor call center notes.,PENDING_BANK,MEDIUM,APP
CBK0000062,TXN00012210,VALID,USR39698,MCH5302,2026-01-22 10:10:40,VALID,2026-01-25 00:00:00,DATE_ONLY,,MISSING,1467.32,VALID,WRONG_AMOUNT,Customer says amount was debited twice.,CLOSED,HIGH,IVR
CBK0002222,TXN00017740,VALID,USR92520,MCH5264,2026-02-18 17:42:00,VALID,2026-02-19 04:42:00,VALID,2026-02-20 04:42:36,VALID,2328.0,VALID,SERVICE_NOT_PROVIDED,User claims account was compromised before transaction.,IN_PROGRESS,MEDIUM,CHATBOT
CBK0001068,TXN00011141,VALID,USR85237,MCH9377,2026-01-13 20:39:53,VALID,2026-01-14 00:00:00,DATE_ONLY,2026-01-26 00:00:00,DATE_ONLY,1466.29,VALID,SERVICE_NOT_PROVIDED,User says upi pin was not entered by them.,CLOSED,MEDIUM,IVR
CBK0000903,TXN00009145,VALID,USR87189,MCH8391,2026-01-14 00:00:00,DATE_ONLY,2026-01-14 00:00:00,DATE_ONLY,2026-01-19 18:38:44,VALID,1922.11,VALID,UNAUTHORIZED_TRANSACTION,Customer says transaction was not authorized.,IN_PROGRESS,LOW,IVR
CBK0001360,TXN00018073,VALID,USR38459,MCH1267,2026-01-17 05:43:30,VALID,2026-01-18 00:00:00,DATE_ONLY,2026-01-30 00:00:00,DATE_ONLY,171.37,VALID,SERVICE_NOT_PROVIDED,User claims account was compromised before transaction.,PENDING_BANK,LOW,CALL_CENTER
CBK0002773,TXN00003172,VALID,USR63475,MCH3441,2026-02-09 00:00:00,DATE_ONLY,2026-02-11 00:00:00,DATE_ONLY,2026-03-03 00:00:00,DATE_ONLY,-3809.65,NEGATIVE,WRONG_AMOUNT,User reports money deducted but merchant denies receiving payment.,OPEN,LOW,CHATBOT
CBK0001595,TXN00019657,VALID,USR11057,MCH7114,2026-03-10 01:00:24,VALID,2026-03-20 14:00:00,VALID,2026-04-13 00:00:00,DATE_ONLY,18735.0,VALID,GENERAL_COMPLAINT,Merchant service was not delivered after payment.,CLOSED,MEDIUM,APP
CBK0001556,TXN00003293,VALID,USR34180,MCH4663,2026-09-03 21:48:00,VALID,,MISSING,2026-03-22 00:00:00,DATE_ONLY,2045.0,VALID,DUPLICATE_DEBIT,User reports money deducted but merchant denies receiving payment.,RESOLVED,MEDIUM,EMAIL
CBK0001298,TXN00007668,VALID,USR64776,MCH6492,2026-02-13 00:00:00,DATE_ONLY,2026-02-16 00:00:00,DATE_ONLY,2026-02-03 00:00:00,DATE_ONLY,872.83,VALID,UNAUTHORIZED_TRANSACTION,Complaint received after multiple failed attempts.,REJECTED,LOW,IVR
CBK0002671,TXN00018559,VALID,USR95364,MCH3979,2026-02-16 00:00:00,DATE_ONLY,2026-02-17 02:27:10,VALID,2026-03-14 02:27:10,VALID,9404.0,VALID,UNAUTHORIZED_TRANSACTION,User says upi pin was not entered by them.,REJECTED,LOW,CALL_CENTER
CBK0000319,,MISSING,USR75218,MCH7937,2026-03-23 19:09:00,VALID,2026-03-25 00:00:00,DATE_ONLY,2026-04-01 00:00:00,DATE_ONLY,-659.11,NEGATIVE,WRONG_AMOUNT,User reports money deducted but merchant denies receiving payment.,REJECTED,LOW,IVR
CBK0000794,TXN00013962,VALID,USR28913,MCH9984,2026-12-01 10:51:00,VALID,2026-01-28 00:00:00,DATE_ONLY,,MISSING,1826.0,VALID,SERVICE_NOT_PROVIDED,User claims account was compromised before transaction.,CLOSED,MEDIUM,EMAIL
CBK0000484,TXN00005084,VALID,USR96003,MCH8682,2026-03-06 05:20:24,VALID,2026-03-08 00:00:00,DATE_ONLY,2026-03-30 23:20:24,VALID,12351.07,VALID,SERVICE_NOT_PROVIDED,Customer says amount was debited twice.,PENDING_BANK,LOW,IVR
CBK0002284,TXN00019560,VALID,USR71503,MCH7874,2026-01-17 12:10:09,VALID,2026-01-19 00:00:00,DATE_ONLY,2026-02-05 00:00:00,DATE_ONLY,4923.1,VALID,SERVICE_NOT_PROVIDED,Complaint received after multiple failed attempts.,IN_PROGRESS,CRITICAL,APP
CBK0001920,TXN00011275,VALID,USR18736,MCH4473,2026-02-21 00:00:00,DATE_ONLY,2026-02-17 00:00:00,DATE_ONLY,2026-02-23 12:13:00,VALID,10469.69,VALID,UNAUTHORIZED_TRANSACTION,User claims account was compromised before txn.,IN_PROGRESS,HIGH,APP
CBK0000338,TXN00014545,VALID,USR52948,MCH4069,2026-02-28 00:00:00,DATE_ONLY,2026-03-06 00:00:00,DATE_ONLY,,MISSING,1623.27,VALID,GENERAL_COMPLAINT,Customer says amount was debited twice.,CLOSED,CRITICAL,CHATBOT
CBK0002530,TXN00008558,VALID,USR71564,MCH4848,2026-01-29 00:00:00,DATE_ONLY,2026-02-01 06:28:44,VALID,2026-02-17 06:28:44,VALID,1053.3,VALID,UNAUTHORIZED_TRANSACTION,User says upi pin was not entered by them. call dropped,CLOSED,HIGH,IVR
CBK0002211,TXN00013107,VALID,USR37685,MCH8309,2026-01-17 04:52:50,VALID,2026-01-18 00:00:00,DATE_ONLY,2026-01-24 00:00:00,DATE_ONLY,2345.09,VALID,DUPLICATE_DEBIT,Customer complaint text unclear due to poor call center notes.,IN_PROGRESS,HIGH,IVR
CBK0000646,TXN00018578,VALID,USR49324,MCH3174,2026-03-01 01:31:22,VALID,2026-03-02 00:00:00,DATE_ONLY,2026-03-11 00:00:00,DATE_ONLY,4970.0,VALID,UNAUTHORIZED_TRANSACTION,User says upi pin was not entered by them.,IN_PROGRESS,MEDIUM,CHATBOT
CBK0002328,TXN00016836,VALID,USR20310,MCH6341,2026-12-02 16:33:00,VALID,2026-02-14 00:00:00,DATE_ONLY,,MISSING,,UNPARSEABLE/NULL,DUPLICATE_DEBIT,Customer says transaction was not authorized.,IN_PROGRESS,MEDIUM,APP
CBK0001817,TXN00010816,VALID,USR54649,MCH5999,2026-01-20 00:00:00,DATE_ONLY,2026-01-21 00:00:00,DATE_ONLY,2026-01-27 00:00:00,DATE_ONLY,1622.49,VALID,GENERAL_COMPLAINT,Customer complaint text unclear due to poor call center notes.,IN_PROGRESS,CRITICAL,CHATBOT
CBK0000700,TXN00001244,VALID,USR88147,MCH2972,2026-02-13 00:00:00,DATE_ONLY,2026-03-31 00:00:00,DATE_ONLY,2026-04-04 00:00:00,DATE_ONLY,1404.94,VALID,SERVICE_NOT_PROVIDED,User claims account was compromised before transaction.,IN_PROGRESS,MEDIUM,CHATBOT
CBK0000223,TXN00005582,VALID,USR74418,MCH4130,2026-02-19 15:03:20,VALID,,MISSING,2026-02-25 03:03:20,VALID,16352.81,VALID,UNAUTHORIZED_TRANSACTION,User claims account was compromised before transaction.,RESOLVED,HIGH,CALL_CENTER
CBK0000775,TXN00004439,VALID,USR27107,MCH7732,2026-01-21 00:00:00,DATE_ONLY,2026-01-24 00:00:00,DATE_ONLY,,MISSING,1706.04,VALID,SERVICE_NOT_PROVIDED,Merchant service was not delivered after payment.,REJECTED,HIGH,IVR
CBK0000625,TXN00000101,VALID,USR93581,MCH5578,2026-02-16 00:00:00,DATE_ONLY,2026-02-19 00:00:00,DATE_ONLY,,MISSING,703.07,VALID,SERVICE_NOT_PROVIDED,Customer says transaction was not authorized.,RESOLVED,CRITICAL,APP
CBK0001883,TXN00014046,VALID,USR51538,MCH5600,2026-03-18 00:00:00,DATE_ONLY,2026-03-20 13:07:18,VALID,2026-03-25 00:00:00,DATE_ONLY,4405.58,VALID,SERVICE_NOT_PROVIDED,User says upi pin was not entered by them.,PENDING_BANK,LOW,APP
CBK0000292,,MISSING,USR21921,MCH4375,2026-03-15 21:06:18,VALID,2026-03-21 00:00:00,DATE_ONLY,2026-03-27 00:00:00,DATE_ONLY,,UNPARSEABLE/NULL,WRONG_AMOUNT,Complaint received after multiple failed attempts. details missing,IN_PROGRESS,LOW,BRANCH
CBK0001167,TXN00007185,VALID,USR30821,MCH4473,2026-03-14 00:00:00,DATE_ONLY,2026-03-15 00:00:00,DATE_ONLY,2026-03-28 06:08:16,VALID,,UNPARSEABLE/NULL,UNAUTHORIZED_TRANSACTION,Customer says amount was debited twice.,CLOSED,MEDIUM,IVR
CBK0001821,TXN00015418,VALID,USR40538,MCH3027,2026-02-09 00:00:00,DATE_ONLY,2026-02-07 19:59:09,VALID,,MISSING,-2520.29,NEGATIVE,WRONG_AMOUNT,Payment made to unknown merchant as per customer statement.,PENDING_BANK,MEDIUM,IVR
CBK0001959,TXN00011213,VALID,USR97266,MCH6311,2026-03-23 11:07:04,VALID,,MISSING,,MISSING,1071.93,VALID,UNAUTHORIZED_TRANSACTION,Customer complaint text unclear due to poor call center notes.,RESOLVED,LOW,EMAIL
CBK0001011,TXN00016394,VALID,USR71985,MCH8514,2026-02-24 05:25:21,VALID,2026-03-11 17:25:21,VALID,,MISSING,,UNPARSEABLE/NULL,SERVICE_NOT_PROVIDED,User reports money deducted but merchant denies receiving payment.,OPEN,HIGH,CHATBOT
CBK0001468,TXN00016367,VALID,USR57411,MCH5305,2026-03-12 10:03:31,VALID,2026-11-03 00:00:00,DATE_ONLY,,MISSING,6490.82,VALID,GENERAL_COMPLAINT,Payment made to unknown merchant as per customer statement.,IN_PROGRESS,MEDIUM,EMAIL
CBK0002451,TXN00008228,VALID,USR86411,MCH8154,2026-01-13 05:23:00,VALID,2026-01-18 00:00:00,DATE_ONLY,2026-01-29 09:23:00,VALID,-443.81,NEGATIVE,UNAUTHORIZED_TRANSACTION,Customer complaint text unclear due to poor call center notes.,RESOLVED,LOW,EMAIL
CBK0000026,TXN00001919,VALID,USR39089,MCH5042,2026-03-03 00:00:00,DATE_ONLY,2026-03-05 00:00:00,DATE_ONLY,2026-03-27 22:56:15,VALID,1859.77,VALID,SERVICE_NOT_PROVIDED,Complaint received after multiple failed attempts.,REJECTED,LOW,IVR
CBK0002558,TXN00011898,VALID,USR64312,MCH7218,2026-01-14 19:22:13,VALID,2026-01-18 00:00:00,DATE_ONLY,2026-04-02 00:00:00,DATE_ONLY,2771.91,VALID,DUPLICATE_DEBIT,Customer complaint text unclear due to poor call center notes.,REJECTED,LOW,BRANCH
CBK0001307,TXN00008095,VALID,USR42956,MCH9637,2026-03-11 05:18:57,VALID,2026-03-15 03:18:57,VALID,2026-03-26 00:00:00,DATE_ONLY,,UNPARSEABLE/NULL,GENERAL_COMPLAINT,User claims account was compromised before transaction.,IN_PROGRESS,HIGH,BRANCH
CBK0001225,TXN00015094,VALID,USR34566,MCH5674,2026-03-03 00:00:00,DATE_ONLY,2026-03-05 00:00:00,DATE_ONLY,,MISSING,12640.85,VALID,DUPLICATE_DEBIT,Customer complaint text unclear due to poor call center notes.,PENDING_BANK,LOW,APP
CBK0000822,TXN00005564,VALID,USR76792,MCH6388,2026-03-15 00:00:00,DATE_ONLY,2026-03-16 02:35:00,VALID,2026-08-04 02:35:00,VALID,1858.07,VALID,SERVICE_NOT_PROVIDED,Customer says amount was debited twice.,PENDING_BANK,MEDIUM,IVR
CBK0000596,TXN00006654,VALID,USR37722,MCH4208,2026-01-02 00:00:00,DATE_ONLY,2026-08-01 17:27:00,VALID,,MISSING,2733.0,VALID,UNAUTHORIZED_TRANSACTION,User reports money deducted but merchant denies receiving payment.,CLOSED,LOW,CHATBOT
CBK0001259,TXN00012199,VALID,USR39404,MCH2849,2026-03-30 00:00:00,DATE_ONLY,2026-04-06 00:00:00,DATE_ONLY,2026-04-13 00:00:00,DATE_ONLY,879.0,VALID,GENERAL_COMPLAINT,User claims account was compromised before transaction.,OPEN,LOW,CHATBOT
CBK0001764,TXN00007180,VALID,USR97480,MCH8142,2026-01-31 00:00:00,DATE_ONLY,2026-01-02 00:00:00,DATE_ONLY,2026-02-10 00:00:00,DATE_ONLY,671.37,VALID,SERVICE_NOT_PROVIDED,User reports money deducted but merchant denies receiving payment.,PENDING_BANK,HIGH,EMAIL
CBK0002513,TXN00003753,VALID,USR11110,MCH5076,2026-01-03 00:00:00,DATE_ONLY,2026-01-06 09:06:26,VALID,2026-01-29 09:06:00,VALID,691.4,VALID,GENERAL_COMPLAINT,Suspicious high-value payment disputed by customer.,PENDING_BANK,MEDIUM,CALL_CENTER
CBK0001370,TXN00017169,VALID,USR14813,MCH6201,2026-05-03 07:45:00,VALID,2026-03-12 00:00:00,DATE_ONLY,2026-03-14 07:45:00,VALID,696.63,VALID,WRONG_AMOUNT,Complaint received after multiple failed attempts.,REJECTED,LOW,BRANCH
CBK0002247,TXN00013006,VALID,USR65627,MCH4411,2026-02-19 23:35:31,VALID,2026-02-21 00:00:00,DATE_ONLY,2026-03-21 00:00:00,DATE_ONLY,-1637.49,NEGATIVE,UNAUTHORIZED_TRANSACTION,User says upi pin was not entered by them.,RESOLVED,MEDIUM,APP
CBK0000563,TXN00011206,VALID,USR97772,MCH7503,2026-02-17 00:00:00,DATE_ONLY,2026-02-19 20:32:51,VALID,2026-02-28 00:00:00,DATE_ONLY,,UNPARSEABLE/NULL,DUPLICATE_DEBIT,Complaint received after multiple failed attempts.,REJECTED,LOW,CHATBOT
CBK0000347,TXN00015951,VALID,USR35882,MCH6839,2026-01-03 00:00:00,DATE_ONLY,2026-03-02 22:57:12,VALID,2026-03-10 00:00:00,DATE_ONLY,607.62,VALID,UNAUTHORIZED_TRANSACTION,Customer says amount was debited twice.,PENDING_BANK,MEDIUM,CALL_CENTER
CBK0002509,TXN00002022,VALID,USR85958,MCH7739,,MISSING,2026-02-22 16:14:00,VALID,2026-03-15 00:00:00,DATE_ONLY,7834.45,VALID,UNAUTHORIZED_TRANSACTION,Merchant service was not delivered after payment.,RESOLVED,HIGH,CALL_CENTER
CBK0002177,TXN00018087,VALID,USR50619,MCH1160,2026-01-07 00:00:00,DATE_ONLY,2026-01-15 00:00:00,DATE_ONLY,2026-01-22 00:00:00,DATE_ONLY,2152.04,VALID,SERVICE_NOT_PROVIDED,Customer says transaction was not authorized.,REJECTED,LOW,CALL_CENTER
CBK0001158,TXN00016429,VALID,USR80809,MCH9349,2026-10-01 00:00:00,DATE_ONLY,2026-12-01 05:11:00,VALID,2026-01-17 05:11:04,VALID,276.59,VALID,SERVICE_NOT_PROVIDED,Payment made to unknown merchant as per customer statement.,RESOLVED,MEDIUM,BRANCH
CBK0000277,TXN00013423,VALID,USR88037,MCH4048,2026-01-11 00:00:00,DATE_ONLY,2026-01-14 07:32:19,VALID,,MISSING,498.7,VALID,SERVICE_NOT_PROVIDED,Customer says amount was debited twice.,PENDING_BANK,MEDIUM,APP
CBK0001620,TXN00013592,VALID,USR47384,MCH9347,,MISSING,2026-02-08 00:00:00,DATE_ONLY,2026-02-27 09:15:00,VALID,1528.43,VALID,SERVICE_NOT_PROVIDED,User says upi pin was not entered by them.,CLOSED,LOW,APP
CBK0000264,TXN00012389,VALID,USR77084,MCH4475,2026-01-23 11:24:20,VALID,2026-01-28 00:00:00,DATE_ONLY,,MISSING,1247.52,VALID,DUPLICATE_DEBIT,Customer complaint text unclear due to poor call center notes. call dropped,IN_PROGRESS,LOW,EMAIL
CBK0000105,TXN00004321,VALID,USR86889,MCH1166,,MISSING,2026-03-27 00:00:00,DATE_ONLY,2026-04-01 06:28:32,VALID,2032.79,VALID,SERVICE_NOT_PROVIDED,Customer complaint text unclear due to poor call center notes.,OPEN,LOW,APP
CBK0001461,,MISSING,USR21469,MCH3425,2026-02-26 00:00:00,DATE_ONLY,2026-02-28 21:04:00,VALID,2026-03-24 00:00:00,DATE_ONLY,1041.71,VALID,UNAUTHORIZED_TRANSACTION,User reports money deducted but merchant denies receiving payment.,IN_PROGRESS,LOW,BRANCH
CBK0000459,TXN00018065,VALID,USR75856,MCH6850,2026-11-02 19:04:00,VALID,2026-02-14 14:04:54,VALID,2026-01-03 14:04:00,VALID,4568.57,VALID,UNAUTHORIZED_TRANSACTION,Merchant service was not delivered after payment.,OPEN,LOW,IVR
CBK0001462,TXN00002045,VALID,USR58805,MCH2842,2026-02-03 00:00:00,DATE_ONLY,2026-03-01 00:00:00,DATE_ONLY,2026-03-21 12:45:23,VALID,3144.27,VALID,UNAUTHORIZED_TRANSACTION,Suspicious high-value payment disputed by customer.,IN_PROGRESS,MEDIUM,EMAIL
CBK0002257,TXN00041888,VALID,USR36095,MCH2102,2026-02-17 00:00:00,DATE_ONLY,,MISSING,2026-03-15 00:00:00,DATE_ONLY,3064.59,VALID,SERVICE_NOT_PROVIDED,Customer says transaction was not authorized.,REJECTED,HIGH,BRANCH
CBK0002657,TXN00017047,VALID,USR97927,MCH9426,2026-01-26 00:00:00,DATE_ONLY,2026-02-05 00:00:00,DATE_ONLY,2026-03-04 00:00:00,DATE_ONLY,1731.53,VALID,UNAUTHORIZED_TRANSACTION,Complaint received after multiple failed attempts.,IN_PROGRESS,LOW,CALL_CENTER
CBK0000483,,MISSING,USR36499,MCH5954,2026-03-28 16:40:00,VALID,2026-03-31 00:00:00,DATE_ONLY,2026-04-19 15:40:00,VALID,2047.0,VALID,SERVICE_NOT_PROVIDED,User reports money deducted but merchant denies receiving payment.,PENDING_BANK,LOW,APP
CBK0001914,TXN00009715,VALID,USR93782,MCH5614,2026-02-12 00:00:00,DATE_ONLY,2026-02-13 03:25:21,VALID,2026-02-24 00:00:00,DATE_ONLY,1483.0,VALID,UNAUTHORIZED_TRANSACTION,Suspicious high-value payment disputed by customer.,OPEN,CRITICAL,APP
CBK0002052,TXN00019589,VALID,USR55253,MCH4612,2026-03-16 00:00:00,DATE_ONLY,2026-03-17 00:00:00,DATE_ONLY,,MISSING,2150.0,VALID,GENERAL_COMPLAINT,User says upi pin was not entered by them.,RESOLVED,HIGH,EMAIL
CBK0002592,TXN00003766,VALID,USR79094,MCH8315,2026-01-17 13:54:40,VALID,2026-01-21 00:00:00,DATE_ONLY,2026-01-28 00:00:00,DATE_ONLY,587.08,VALID,UNAUTHORIZED_TRANSACTION,Suspicious high-value payment disputed by customer.,PENDING_BANK,MEDIUM,EMAIL
CBK0001281,TXN00018888,VALID,USR76747,MCH3704,,MISSING,2026-04-17 00:00:00,DATE_ONLY,2026-05-04 06:27:57,VALID,,UNPARSEABLE/NULL,WRONG_AMOUNT,User reports money deducted but merchant denies receiving payment.,REJECTED,MEDIUM,IVR
CBK0001484,TXN00014252,VALID,USR18345,MCH7982,2026-03-15 00:00:00,DATE_ONLY,2026-03-10 00:00:00,DATE_ONLY,,MISSING,-5943.18,NEGATIVE,GENERAL_COMPLAINT,Payment made to unknown merchant as per customer statement.,OPEN,CRITICAL,APP
CBK0001969,TXN00002091,VALID,USR88037,MCH7819,2026-03-21 00:00:00,DATE_ONLY,2026-03-29 07:59:18,VALID,,MISSING,497.48,VALID,UNAUTHORIZED_TRANSACTION,Payment made to unknown merchant as per customer statement.,REJECTED,HIGH,IVR
CBK0000333,TXN00009429,VALID,USR43447,MCH6659,2026-06-03 05:06:00,VALID,2026-03-13 17:06:24,VALID,2026-03-30 00:00:00,DATE_ONLY,1275.75,VALID,SERVICE_NOT_PROVIDED,Complaint received after multiple failed attempts.,IN_PROGRESS,LOW,APP
CBK0001285,TXN00011614,VALID,USR22620,MCH8730,2026-01-25 15:04:08,VALID,2026-01-26 00:00:00,DATE_ONLY,2026-02-13 00:00:00,DATE_ONLY,459.43,VALID,DUPLICATE_DEBIT,Customer says amount was debited twice.,RESOLVED,MEDIUM,CHATBOT
CBK0001834,TXN00009538,VALID,USR93486,MCH1097,2026-03-25 23:42:00,VALID,2026-03-28 00:00:00,DATE_ONLY,2026-04-12 00:00:00,DATE_ONLY,1124.0,VALID,UNAUTHORIZED_TRANSACTION,Merchant service was not delivered after payment. call dropped,CLOSED,MEDIUM,EMAIL
CBK0000834,TXN00006801,VALID,USR60701,MCH8625,2026-01-04 16:40:24,VALID,2026-01-19 00:00:00,DATE_ONLY,,MISSING,-1623.25,NEGATIVE,DUPLICATE_DEBIT,Customer says amount was debited twice.,CLOSED,HIGH,IVR
CBK0001644,TXN00015953,VALID,USR99110,MCH2723,,MISSING,2026-03-20 00:00:00,DATE_ONLY,2026-03-31 12:00:12,VALID,,UNPARSEABLE/NULL,SERVICE_NOT_PROVIDED,Merchant service was not delivered after payment.,REJECTED,LOW,CHATBOT
CBK0002357,TXN00009106,VALID,USR64172,MCH7722,2026-03-05 00:00:00,DATE_ONLY,2026-03-09 07:38:31,VALID,2026-04-05 07:38:31,VALID,1104.0,VALID,UNAUTHORIZED_TRANSACTION,Merchant service was not delivered after payment.,REJECTED,MEDIUM,CHATBOT
CBK0001454,TXN00011270,VALID,USR25463,MCH7713,2026-01-12 23:29:29,VALID,2026-12-02 00:00:00,DATE_ONLY,2026-03-14 00:00:00,DATE_ONLY,2315.0,VALID,UNAUTHORIZED_TRANSACTION,Complaint received after multiple failed attempts.,PENDING_BANK,MEDIUM,IVR
CBK0002467,TXN00018324,VALID,USR12011,MCH6969,2026-03-09 02:28:51,VALID,2026-11-03 00:00:00,DATE_ONLY,,MISSING,1624.65,VALID,WRONG_AMOUNT,Customer says amount was debited twice.,IN_PROGRESS,LOW,CALL_CENTER
CBK0001570,TXN00015345,VALID,USR50434,MCH4720,2026-03-14 05:36:46,VALID,2026-03-21 13:36:00,VALID,,MISSING,891.13,VALID,UNAUTHORIZED_TRANSACTION,Payment made to unknown merchant as per customer statement.,RESOLVED,LOW,BRANCH
CBK0000899,TXN00019564,VALID,USR29187,MCH8779,2026-03-19 00:00:00,DATE_ONLY,2026-03-20 00:00:00,DATE_ONLY,2026-04-04 08:18:37,VALID,17075.88,VALID,DUPLICATE_DEBIT,User reports money deducted but merchant denies receiving payment.,IN_PROGRESS,LOW,EMAIL
CBK0001181,TXN00009419,VALID,USR39500,MCH9291,2026-06-03 15:17:00,VALID,2026-04-21 00:00:00,DATE_ONLY,,MISSING,16164.46,VALID,SERVICE_NOT_PROVIDED,Complaint received after multiple failed attempts.,IN_PROGRESS,LOW,IVR
CBK0002788,TXN00007182,VALID,USR38163,MCH5980,2026-03-11 00:00:00,DATE_ONLY,2026-03-13 01:58:00,VALID,2026-03-24 00:00:00,DATE_ONLY,7942.83,VALID,GENERAL_COMPLAINT,Customer says transaction was not authorized.,IN_PROGRESS,LOW,BRANCH
CBK0000419,TXN00018842,VALID,USR61484,MCH8719,2026-03-13 16:46:00,VALID,2026-03-29 08:46:00,VALID,,MISSING,1397.32,VALID,WRONG_AMOUNT,Payment made to unknown merchant as per customer statement.,CLOSED,MEDIUM,EMAIL
CBK0001389,TXN00013530,VALID,USR54156,MCH6601,2026-01-09 13:45:32,VALID,2026-01-15 00:00:00,DATE_ONLY,,MISSING,11913.51,VALID,DUPLICATE_DEBIT,Customer says transaction was not authorized.,IN_PROGRESS,LOW,IVR
CBK0000747,TXN00015384,VALID,USR91399,MCH3815,2026-02-21 00:00:00,DATE_ONLY,2026-03-04 07:27:02,VALID,,MISSING,452.46,VALID,GENERAL_COMPLAINT,User claims account was compromised before transaction.,CLOSED,LOW,CHATBOT
CBK0002757,TXN00002386,VALID,USR65855,MCH2446,2026-01-07 14:37:01,VALID,2026-01-03 14:37:01,VALID,,MISSING,4215.68,VALID,SERVICE_NOT_PROVIDED,Customer says amount was debited twice.,PENDING_BANK,LOW,CALL_CENTER
CBK0000332,TXN00005378,VALID,USR88270,MCH4590,2026-03-31 00:00:00,DATE_ONLY,2026-05-16 14:52:28,VALID,2026-05-16 14:52:28,VALID,1274.1,VALID,SERVICE_NOT_PROVIDED,Complaint received after multiple failed attempts.,OPEN,MEDIUM,CALL_CENTER
CBK0002051,TXN00008348,VALID,USR53527,MCH2721,,MISSING,2026-01-25 00:00:00,DATE_ONLY,2026-02-23 23:19:00,VALID,7413.72,VALID,DUPLICATE_DEBIT,User claims account was compromised before transaction.,REJECTED,CRITICAL,EMAIL
CBK0002634,TXN00017469,VALID,USR67399,MCH4047,2026-04-02 00:00:00,DATE_ONLY,2026-02-05 00:00:00,DATE_ONLY,2026-02-20 00:00:00,DATE_ONLY,1016.01,VALID,WRONG_AMOUNT,User reports money deducted but merchant denies receiving payment.,REJECTED,LOW,IVR
CBK0000497,TXN00001489,VALID,USR78501,MCH8779,2026-03-22 14:52:27,VALID,2026-07-05 01:52:00,VALID,2026-05-19 00:00:00,DATE_ONLY,6345.72,VALID,SERVICE_NOT_PROVIDED,Merchant service was not delivered after payment.,RESOLVED,HIGH,APP
CBK0001504,TXN00058280,VALID,USR46847,MCH9988,,MISSING,2026-01-31 00:00:00,DATE_ONLY,2026-09-02 22:09:00,VALID,834.87,VALID,DUPLICATE_DEBIT,User says upi pin was not entered by them.,OPEN,MEDIUM,BRANCH
CBK0000746,TXN00006761,VALID,USR27533,MCH9632,2026-01-09 00:00:00,DATE_ONLY,2026-01-16 00:00:00,DATE_ONLY,2026-01-25 23:15:33,VALID,1870.83,VALID,DUPLICATE_DEBIT,Customer complaint text unclear due to poor call center notes.,OPEN,MEDIUM,CHATBOT
CBK0000073,TXN00007186,VALID,USR55692,MCH9079,2026-02-14 01:49:22,VALID,2026-02-21 00:00:00,DATE_ONLY,2026-02-21 00:00:00,DATE_ONLY,7193.48,VALID,WRONG_AMOUNT,Customer says amount was debited twice.,REJECTED,MEDIUM,EMAIL
CBK0001239,,MISSING,USR43165,MCH9882,,MISSING,2026-02-28 00:00:00,DATE_ONLY,2026-02-28 00:00:00,DATE_ONLY,8059.65,VALID,WRONG_AMOUNT,Customer says amount was debited twice.,REJECTED,MEDIUM,APP
CBK0000454,TXN00010362,VALID,USR13559,MCH3717,2026-02-01 00:00:00,DATE_ONLY,2026-04-02 00:00:00,DATE_ONLY,2026-02-10 00:00:00,DATE_ONLY,721.17,VALID,DUPLICATE_DEBIT,Payment made to unknown merchant as per customer statement.,OPEN,MEDIUM,CHATBOT
CBK0000202,TXN00003879,VALID,USR22628,MCH4977,2026-01-14 00:00:00,DATE_ONLY,2026-01-20 00:00:00,DATE_ONLY,2026-02-05 00:00:00,DATE_ONLY,-2999.94,NEGATIVE,DUPLICATE_DEBIT,Customer says transaction was not authorized.,PENDING_BANK,LOW,IVR
CBK0000384,TXN00007704,VALID,USR74500,MCH5267,2026-02-07 00:00:00,DATE_ONLY,2026-02-09 00:00:00,DATE_ONLY,,MISSING,1568.0,VALID,WRONG_AMOUNT,Customer says amount was debited twice.,CLOSED,LOW,CHATBOT
CBK0002015,TXN00003845,VALID,USR71348,MCH6074,2026-01-20 00:00:00,DATE_ONLY,2026-01-23 00:00:00,DATE_ONLY,2026-02-18 00:40:34,VALID,2182.0,VALID,UNAUTHORIZED_TRANSACTION,Customer says amount was debited twice.,RESOLVED,HIGH,CHATBOT
CBK0002359,TXN00004169,VALID,USR59679,MCH4473,2026-03-01 08:56:00,VALID,2026-01-08 00:00:00,DATE_ONLY,2026-01-16 14:56:06,VALID,13744.99,VALID,UNAUTHORIZED_TRANSACTION,Customer complaint text unclear due to poor call center notes.,CLOSED,CRITICAL,EMAIL
CBK0001364,TXN00018217,VALID,USR92659,MCH6674,,MISSING,,MISSING,2026-01-06 00:00:00,DATE_ONLY,1300.73,VALID,GENERAL_COMPLAINT,User claims account was compromised before transaction.,PENDING_BANK,HIGH,CHATBOT
CBK0002379,TXN00008645,VALID,USR61509,MCH1914,2026-03-27 00:00:00,DATE_ONLY,2026-03-29 00:00:00,DATE_ONLY,,MISSING,-3501.28,NEGATIVE,UNAUTHORIZED_TRANSACTION,Complaint received after multiple failed attempts.,REJECTED,MEDIUM,IVR
CBK0000039,TXN00010340,VALID,USR89475,MCH2478,2026-07-01 12:28:00,VALID,2026-01-12 00:00:00,DATE_ONLY,2026-01-31 00:00:00,DATE_ONLY,8382.0,VALID,UNAUTHORIZED_TRANSACTION,Payment made to unknown merchant as per customer statement.,IN_PROGRESS,MEDIUM,CHATBOT
CBK0002254,TXN00016982,VALID,USR48692,MCH4326,2026-08-01 00:00:00,DATE_ONLY,2026-01-10 00:00:00,DATE_ONLY,2026-01-27 22:58:49,VALID,662.25,VALID,UNAUTHORIZED_TRANSACTION,User says upi pin was not entered by them.,OPEN,MEDIUM,APP
CBK0000443,TXN00003234,VALID,USR48070,MCH7286,2026-02-25 00:00:00,DATE_ONLY,2026-02-26 00:00:00,DATE_ONLY,2026-03-21 00:00:00,DATE_ONLY,8014.91,VALID,UNAUTHORIZED_TRANSACTION,Suspicious high-value payment disputed by customer.,REJECTED,HIGH,IVR
CBK0001214,TXN00084117,VALID,USR58335,MCH8999,2026-02-06 00:00:00,DATE_ONLY,2026-02-11 21:36:27,VALID,2026-02-27 00:00:00,DATE_ONLY,3956.74,VALID,SERVICE_NOT_PROVIDED,User reports money deducted but merchant denies receiving payment.,CLOSED,HIGH,BRANCH
CBK0002038,TXN00005021,VALID,USR23918,MCH2822,2026-02-15 01:06:00,VALID,2026-02-17 05:06:57,VALID,2026-03-01 00:00:00,DATE_ONLY,7640.62,VALID,SERVICE_NOT_PROVIDED,Customer says transaction was not authorized.,RESOLVED,LOW,EMAIL
CBK0000298,TXN00003788,VALID,USR83977,MCH4437,2026-02-03 23:13:39,VALID,2026-05-02 03:13:00,VALID,2026-02-24 00:00:00,DATE_ONLY,5092.34,VALID,SERVICE_NOT_PROVIDED,Merchant service was not delivered after payment.,PENDING_BANK,LOW,CHATBOT
CBK0001464,TXN00032619,VALID,USR22277,MCH4473,2026-02-01 00:00:00,DATE_ONLY,2026-05-01 19:21:00,VALID,2026-01-30 00:00:00,DATE_ONLY,2826.04,VALID,SERVICE_NOT_PROVIDED,User claims account was compromised before transaction.,RESOLVED,MEDIUM,EMAIL
CBK0001736,TXN00006569,VALID,USR82594,MCH5200,2026-03-07 00:00:00,DATE_ONLY,2026-03-09 00:00:00,DATE_ONLY,,MISSING,3352.04,VALID,SERVICE_NOT_PROVIDED,Merchant service was not delivered after payment. details missing,RESOLVED,HIGH,APP
CBK0000761,TXN00001654,VALID,USR73010,MCH6154,2026-02-05 00:00:00,DATE_ONLY,2026-02-08 03:55:59,VALID,2026-10-02 00:00:00,DATE_ONLY,11920.81,VALID,UNAUTHORIZED_TRANSACTION,Suspicious high-value payment disputed by cust.,PENDING_BANK,LOW,IVR
CBK0002190,TXN00074121,VALID,USR68897,MCH4316,2026-03-13 12:21:29,VALID,2026-03-19 00:00:00,DATE_ONLY,2026-03-26 00:00:00,DATE_ONLY,1678.99,VALID,UNAUTHORIZED_TRANSACTION,Customer says transaction was not authorized.,PENDING_BANK,MEDIUM,CHATBOT
CBK0001234,TXN00011425,VALID,USR22130,MCH7915,2026-07-02 06:14:00,VALID,2026-02-07 00:00:00,DATE_ONLY,2026-03-01 00:00:00,DATE_ONLY,-3369.42,NEGATIVE,UNAUTHORIZED_TRANSACTION,Customer says transaction was not authorized.,OPEN,MEDIUM,IVR
CBK0000307,TXN00010177,VALID,USR34955,MCH8749,2026-02-22 00:00:00,DATE_ONLY,2026-02-23 16:33:27,VALID,2026-03-23 16:33:27,VALID,690.45,VALID,WRONG_AMOUNT,Customer complaint text unclear due to poor call center notes.,OPEN,HIGH,IVR
CBK0000368,TXN00005138,VALID,USR72854,MCH3135,2026-03-03 00:00:00,DATE_ONLY,2026-08-03 18:14:00,VALID,2026-03-19 18:14:00,VALID,1597.23,VALID,SERVICE_NOT_PROVIDED,Customer says amount was debited twice.,PENDING_BANK,MEDIUM,CHATBOT
CBK0001276,TXN00003403,VALID,USR85655,MCH1234,2026-03-14 00:00:00,DATE_ONLY,2026-03-13 00:00:00,DATE_ONLY,,MISSING,,UNPARSEABLE/NULL,GENERAL_COMPLAINT,Merchant service was not delivered after payment.,OPEN,MEDIUM,CALL_CENTER
CBK0002659,TXN00003213,VALID,USR61306,MCH7286,2026-03-25 00:00:00,DATE_ONLY,2026-03-28 00:00:00,DATE_ONLY,2026-04-13 00:00:00,DATE_ONLY,1246.38,VALID,WRONG_AMOUNT,Customer says transaction was not authorized.,OPEN,HIGH,IVR
CBK0000061,TXN00010949,VALID,USR32546,MCH9169,2026-01-06 00:00:00,DATE_ONLY,2026-07-01 06:45:00,VALID,2026-01-12 00:00:00,DATE_ONLY,2673.31,VALID,SERVICE_NOT_PROVIDED,User says upi pin was not entered by them. call dropped,CLOSED,MEDIUM,APP
CBK0000987,TXN00003201,VALID,USR35236,MCH3555,2026-02-03 15:38:55,VALID,2026-05-03 23:38:00,VALID,,MISSING,993.95,VALID,UNAUTHORIZED_TRANSACTION,Suspicious high-value payment disputed by customer. pls check asap,REJECTED,LOW,CHATBOT
CBK0001927,TXN00011359,VALID,USR71316,MCH5954,2026-03-14 00:00:00,DATE_ONLY,2026-03-22 14:50:33,VALID,2026-04-09 14:50:33,VALID,6170.83,VALID,UNAUTHORIZED_TRANSACTION,Customer says amount was debited twice.,CLOSED,MEDIUM,CHATBOT
CBK0001093,,MISSING,USR43765,MCH9369,2026-02-20 06:25:08,VALID,2026-02-21 00:00:00,DATE_ONLY,2026-03-19 00:00:00,DATE_ONLY,1407.25,VALID,WRONG_AMOUNT,Customer says transaction was not authorized.,OPEN,MEDIUM,IVR
CBK0000217,TXN00010428,VALID,USR35582,MCH8391,,MISSING,2026-03-17 00:00:00,DATE_ONLY,,MISSING,2580.03,VALID,UNAUTHORIZED_TRANSACTION,User claims account was compromised before transaction.,PENDING_BANK,HIGH,EMAIL
CBK0000902,TXN00019180,VALID,USR18416,MCH3100,2026-02-28 00:00:00,DATE_ONLY,2026-03-04 08:02:37,VALID,,MISSING,163.0,VALID,SERVICE_NOT_PROVIDED,Complaint received after multiple failed attempts.,PENDING_BANK,HIGH,BRANCH
CBK0000652,TXN00015166,VALID,USR42412,MCH2811,2026-06-01 00:00:00,DATE_ONLY,2026-01-09 00:00:00,DATE_ONLY,2026-01-26 00:00:00,DATE_ONLY,732.38,VALID,SERVICE_NOT_PROVIDED,User says upi pin was not entered by them.,OPEN,HIGH,IVR
CBK0001358,TXN00013107,VALID,USR31479,MCH2757,2026-01-20 00:15:51,VALID,,MISSING,2026-02-26 00:00:00,DATE_ONLY,1035.74,VALID,UNAUTHORIZED_TRANSACTION,Payment made to unknown merchant as per customer statement.,CLOSED,LOW,IVR
CBK0001023,TXN00007154,VALID,USR60699,MCH6910,2026-01-24 02:08:45,VALID,2026-01-29 13:08:00,VALID,,MISSING,3092.99,VALID,DUPLICATE_DEBIT,User claims account was compromised before transaction.,REJECTED,LOW,CHATBOT
CBK0001630,TXN00011150,VALID,USR97781,MCH4684,2026-04-03 21:59:00,VALID,2026-07-03 00:00:00,DATE_ONLY,,MISSING,3344.0,VALID,DUPLICATE_DEBIT,Customer says transaction was not authorized.,RESOLVED,MEDIUM,CALL_CENTER
CBK0002123,TXN00015926,VALID,USR65059,MCH5703,,MISSING,2026-03-12 14:21:21,VALID,2026-04-07 00:00:00,DATE_ONLY,851.0,VALID,SERVICE_NOT_PROVIDED,User claims account was compromised before transaction.,IN_PROGRESS,MEDIUM,CHATBOT
CBK0000421,TXN00010803,VALID,USR72422,MCH2757,2026-02-24 00:00:00,DATE_ONLY,2026-02-27 00:00:00,DATE_ONLY,,MISSING,7913.77,VALID,UNAUTHORIZED_TRANSACTION,Payment made to unknown merchant as per customer statement.,IN_PROGRESS,MEDIUM,BRANCH
CBK0002771,TXN00003740,VALID,USR43341,MCH4181,2026-02-07 00:00:00,DATE_ONLY,2026-08-02 09:22:00,VALID,2026-08-03 00:00:00,DATE_ONLY,6434.35,VALID,GENERAL_COMPLAINT,User says upi pin was not entered by them.,IN_PROGRESS,LOW,BRANCH
CBK0002424,TXN00002184,VALID,USR26661,MCH1213,2026-02-01 15:21:00,VALID,,MISSING,2026-01-24 00:00:00,DATE_ONLY,3019.75,VALID,UNAUTHORIZED_TRANSACTION,Payment made to unknown merchant as per customer statement.,CLOSED,MEDIUM,EMAIL
CBK0000631,TXN00004185,VALID,USR21843,MCH5007,2026-01-16 00:00:00,DATE_ONLY,,MISSING,2026-01-26 00:00:00,DATE_ONLY,7433.73,VALID,WRONG_AMOUNT,User reports money deducted but merchant denies receiving payment.,OPEN,LOW,CHATBOT
CBK0001390,TXN00017748,VALID,USR66250,MCH1711,2026-03-04 16:20:03,VALID,2026-03-19 19:20:03,VALID,2026-03-20 00:00:00,DATE_ONLY,8160.0,VALID,UNAUTHORIZED_TRANSACTION,User says upi pin was not entered by them.,RESOLVED,LOW,APP
CBK0002141,TXN00009768,VALID,USR20378,MCH9291,2026-03-20 00:00:00,DATE_ONLY,2026-03-30 17:28:30,VALID,2026-04-03 00:00:00,DATE_ONLY,2335.0,VALID,UNAUTHORIZED_TRANSACTION,User says upi pin was not entered by them.,OPEN,MEDIUM,APP
CBK0002126,TXN00010837,VALID,USR17697,MCH6219,2026-03-15 07:18:08,VALID,2026-03-16 11:18:08,VALID,,MISSING,3555.94,VALID,WRONG_AMOUNT,User reports money deducted but merchant denies receiving payment.,RESOLVED,LOW,CHATBOT
CBK0000494,TXN00017891,VALID,USR29919,MCH9291,2026-01-01 08:32:31,VALID,2026-01-12 00:00:00,DATE_ONLY,2026-01-31 00:00:00,DATE_ONLY,3343.99,VALID,SERVICE_NOT_PROVIDED,Merchant service was not delivered after payment.,REJECTED,CRITICAL,APP
CBK0000727,TXN00008469,VALID,USR71348,MCH9319,2026-03-01 19:11:00,VALID,2026-01-11 00:00:00,DATE_ONLY,2026-02-04 00:00:00,DATE_ONLY,-604.81,NEGATIVE,DUPLICATE_DEBIT,User says upi pin was not entered by them.,REJECTED,MEDIUM,APP
CBK0000531,TXN00014058,VALID,USR49275,MCH9836,2026-01-24 00:00:00,DATE_ONLY,2026-01-30 00:00:07,VALID,2026-02-20 00:00:00,DATE_ONLY,1009.36,VALID,WRONG_AMOUNT,User claims account was compromised before transaction.,PENDING_BANK,CRITICAL,IVR
CBK0001139,TXN00009825,VALID,USR93426,MCH6856,2026-03-03 00:00:00,DATE_ONLY,2026-06-03 14:42:00,VALID,2026-03-23 14:42:18,VALID,-6446.22,NEGATIVE,DUPLICATE_DEBIT,Customer says amount was debited twice. urgent,IN_PROGRESS,CRITICAL,APP
CBK0001402,TXN00004276,VALID,USR93581,MCH2383,2026-01-22 09:19:32,VALID,2026-01-28 05:19:32,VALID,2026-02-22 00:00:00,DATE_ONLY,-3192.45,NEGATIVE,UNAUTHORIZED_TRANSACTION,User reports money deducted but merchant denies receiving payment.,OPEN,MEDIUM,IVR
CBK0002461,TXN00017240,VALID,USR28613,MCH1420,2026-02-12 06:09:18,VALID,2026-02-18 00:00:00,DATE_ONLY,2026-03-03 00:00:00,DATE_ONLY,7674.03,VALID,SERVICE_NOT_PROVIDED,Merchant service was not delivered after payment.,PENDING_BANK,LOW,APP
CBK0000246,TXN00019885,VALID,USR90720,MCH8625,2026-02-22 05:29:58,VALID,2026-02-23 00:00:00,DATE_ONLY,,MISSING,2738.74,VALID,DUPLICATE_DEBIT,Payment made to unknown merchant as per customer statement.,PENDING_BANK,MEDIUM,IVR
CBK0001110,TXN00013301,VALID,USR82155,MCH9291,2026-03-27 08:05:22,VALID,2026-03-30 06:05:00,VALID,,MISSING,,UNPARSEABLE/NULL,UNAUTHORIZED_TRANSACTION,Complaint received after multiple failed attempts.,RESOLVED,HIGH,CHATBOT
CBK0000372,TXN00010170,VALID,USR38969,MCH7294,2026-01-03 19:40:32,VALID,2026-01-18 00:00:00,DATE_ONLY,,MISSING,,UNPARSEABLE/NULL,GENERAL_COMPLAINT,Payment made to unknown merchant as per customer statement.,RESOLVED,MEDIUM,APP
CBK0002016,TXN00007362,VALID,USR90209,MCH9344,2026-03-23 00:00:00,DATE_ONLY,2026-03-04 14:15:00,VALID,2026-04-17 00:00:00,DATE_ONLY,3269.55,VALID,SERVICE_NOT_PROVIDED,Customer says transaction was not authorized.,IN_PROGRESS,LOW,CHATBOT
CBK0002498,TXN00009704,VALID,USR26525,MCH4212,2026-01-24 00:00:00,DATE_ONLY,2026-01-26 03:33:00,VALID,2026-01-26 00:00:00,DATE_ONLY,2595.11,VALID,SERVICE_NOT_PROVIDED,Customer says amount was debited twice.,RESOLVED,LOW,CALL_CENTER
CBK0001481,TXN00001735,VALID,USR85139,MCH3100,2026-02-26 00:00:00,DATE_ONLY,2026-03-28 00:00:00,DATE_ONLY,2026-03-28 00:00:00,DATE_ONLY,-3084.74,NEGATIVE,SERVICE_NOT_PROVIDED,Merchant service was not delivered after payment.,CLOSED,MEDIUM,IVR
CBK0002392,TXN00006668,VALID,USR61084,MCH2875,2026-01-28 00:00:00,DATE_ONLY,2026-01-30 00:00:00,DATE_ONLY,2026-02-17 12:08:01,VALID,1736.0,VALID,GENERAL_COMPLAINT,Payment made to unknown merchant as per customer statement.,RESOLVED,HIGH,EMAIL
CBK0000614,TXN00000040,VALID,USR94585,MCH8779,2026-01-20 00:00:00,DATE_ONLY,2026-01-25 00:00:00,DATE_ONLY,2026-10-02 00:00:00,DATE_ONLY,-1389.07,NEGATIVE,UNAUTHORIZED_TRANSACTION,Complaint received after multiple failed attempts. call dropped,RESOLVED,LOW,APP
CBK0002520,TXN00006276,VALID,USR55226,MCH7826,2026-01-21 00:00:00,DATE_ONLY,2026-01-22 00:00:00,DATE_ONLY,2026-01-24 16:37:21,VALID,1890.0,VALID,DUPLICATE_DEBIT,Merchant service was not delivered after payment.,PENDING_BANK,CRITICAL,BRANCH
CBK0000593,TXN00013111,VALID,USR25826,MCH9808,2026-02-26 00:00:00,DATE_ONLY,2026-03-05 18:10:06,VALID,2026-03-15 00:00:00,DATE_ONLY,,UNPARSEABLE/NULL,UNAUTHORIZED_TRANSACTION,Customer says transaction was not authorized.,OPEN,HIGH,IVR
CBK0000551,TXN00012467,VALID,USR71976,MCH4344,2026-02-01 10:46:36,VALID,2026-02-05 08:46:36,VALID,2026-07-03 00:00:00,DATE_ONLY,1654.78,VALID,GENERAL_COMPLAINT,Suspicious high-value payment disputed by customer.,PENDING_BANK,LOW,CHATBOT
CBK0000138,TXN00003017,VALID,USR74855,MCH9944,2026-01-12 10:06:13,VALID,2026-01-18 08:06:13,VALID,2026-02-13 00:00:00,DATE_ONLY,707.43,VALID,UNAUTHORIZED_TRANSACTION,Customer complaint text unclear due to poor call center notes.,REJECTED,LOW,EMAIL
CBK0000100,TXN00017882,VALID,USR54020,MCH3381,2026-01-17 00:00:00,DATE_ONLY,2026-01-20 00:00:00,DATE_ONLY,2026-02-17 00:00:00,DATE_ONLY,732.66,VALID,DUPLICATE_DEBIT,User reports money deducted but merchant denies receiving payment.,OPEN,HIGH,APP
CBK0000620,TXN00014536,VALID,USR49473,MCH9291,2026-08-01 10:01:00,VALID,2026-01-10 00:00:00,DATE_ONLY,,MISSING,-12058.7,NEGATIVE,DUPLICATE_DEBIT,Suspicious high-value payment disputed by customer.,IN_PROGRESS,MEDIUM,IVR
CBK0000787,TXN00015064,VALID,USR33856,MCH8652,2026-03-02 00:00:00,DATE_ONLY,2026-03-20 00:00:00,DATE_ONLY,2026-03-25 00:00:00,DATE_ONLY,981.9,VALID,DUPLICATE_DEBIT,User reports money deducted but merchant denies receiving payment.,IN_PROGRESS,MEDIUM,IVR
CBK0002134,TXN00009374,VALID,USR27878,MCH5264,2026-03-30 13:34:53,VALID,2026-04-02 15:34:53,VALID,,MISSING,50.0,VALID,GENERAL_COMPLAINT,Customer says amount was debited twice.,PENDING_BANK,MEDIUM,IVR
CBK0001981,TXN00014392,VALID,USR72048,MCH4590,2026-03-17 00:00:00,DATE_ONLY,2026-03-20 00:00:00,DATE_ONLY,2026-03-23 00:00:00,DATE_ONLY,4520.19,VALID,DUPLICATE_DEBIT,User claims account was compromised before transaction.,REJECTED,LOW,APP
CBK0001249,TXN00003498,VALID,USR73675,MCH3822,2026-03-31 00:00:00,DATE_ONLY,2026-04-08 14:29:36,VALID,2026-04-20 00:00:00,DATE_ONLY,3661.3,VALID,UNAUTHORIZED_TRANSACTION,User reports money deducted but merchant denies receiving payment.,RESOLVED,MEDIUM,EMAIL
CBK0002554,TXN00000914,VALID,USR21146,MCH2266,2026-08-02 11:30:00,VALID,2026-03-25 00:00:00,DATE_ONLY,2026-04-02 00:00:00,DATE_ONLY,1207.28,VALID,SERVICE_NOT_PROVIDED,User claims account was compromised before txn.,OPEN,HIGH,BRANCH
CBK0002602,TXN00012801,VALID,USR20795,MCH5787,2026-11-02 00:00:00,DATE_ONLY,2026-02-18 00:00:00,DATE_ONLY,2026-03-09 12:23:30,VALID,2374.29,VALID,SERVICE_NOT_PROVIDED,Suspicious high-value payment disputed by customer.,RESOLVED,MEDIUM,CALL_CENTER
CBK0002797,TXN00013910,VALID,USR34880,MCH1320,2026-01-21 11:46:59,VALID,2026-01-27 08:46:00,VALID,,MISSING,877.44,VALID,UNAUTHORIZED_TRANSACTION,User reports money deducted but merchant denies receiving payment.,IN_PROGRESS,HIGH,CHATBOT
CBK0000521,TXN00019385,VALID,USR20822,MCH6549,2026-03-19 19:31:42,VALID,2026-03-21 00:00:00,DATE_ONLY,2026-04-11 11:31:42,VALID,1082.82,VALID,UNAUTHORIZED_TRANSACTION,Suspicious high-value payment disputed by customer.,IN_PROGRESS,HIGH,BRANCH
CBK0001422,TXN00013883,VALID,USR59251,MCH7833,2026-01-13 00:00:00,DATE_ONLY,2026-01-15 11:58:51,VALID,2026-01-21 00:00:00,DATE_ONLY,3588.0,VALID,UNAUTHORIZED_TRANSACTION,Payment made to unknown merchant as per customer statement.,OPEN,MEDIUM,CHATBOT
CBK0000458,TXN00016719,VALID,USR26895,MCH4723,2026-01-16 00:00:00,DATE_ONLY,2026-01-19 00:00:00,DATE_ONLY,2026-02-03 00:00:00,DATE_ONLY,2956.42,VALID,GENERAL_COMPLAINT,User claims account was compromised before txn.,RESOLVED,LOW,CHATBOT
CBK0000085,TXN00004176,VALID,USR35280,MCH8030,2026-01-08 00:00:00,DATE_ONLY,2026-09-01 21:57:00,VALID,2026-01-27 21:57:00,VALID,1105.82,VALID,UNAUTHORIZED_TRANSACTION,Customer complaint text unclear due to poor call center notes.,CLOSED,HIGH,BRANCH
CBK0000376,TXN00010928,VALID,USR62685,MCH9719,2026-02-26 00:00:00,DATE_ONLY,2026-03-01 05:50:00,VALID,2026-03-17 05:50:00,VALID,1538.0,VALID,DUPLICATE_DEBIT,Customer says transaction was not authorized. urgent,CLOSED,HIGH,CHATBOT
CBK0002059,,MISSING,USR69096,MCH6070,2026-02-03 00:00:00,DATE_ONLY,2026-06-02 07:00:00,VALID,,MISSING,-599.01,NEGATIVE,UNAUTHORIZED_TRANSACTION,User says upi pin was not entered by them.,RESOLVED,LOW,BRANCH
CBK0002759,TXN00003778,VALID,USR65783,MCH3028,2026-02-06 00:00:00,DATE_ONLY,2026-02-07 12:51:27,VALID,2026-02-25 00:00:00,DATE_ONLY,7597.0,VALID,WRONG_AMOUNT,User claims account was compromised before transaction.,PENDING_BANK,MEDIUM,CALL_CENTER
CBK0000425,TXN00019652,VALID,USR51854,MCH4908,2026-03-06 00:00:00,DATE_ONLY,,MISSING,2026-03-25 08:31:28,VALID,1289.49,VALID,UNAUTHORIZED_TRANSACTION,Payment made to unknown merchant as per customer statement.,IN_PROGRESS,CRITICAL,APP
CBK0000473,TXN00006355,VALID,USR15888,MCH5561,2026-12-01 00:00:00,DATE_ONLY,2026-01-14 00:00:00,DATE_ONLY,2026-01-18 13:37:06,VALID,1211.72,VALID,SERVICE_NOT_PROVIDED,Customer says transaction was not authorized.,RESOLVED,MEDIUM,BRANCH
CBK0002609,TXN00005872,VALID,USR71348,MCH9291,2026-03-31 04:58:00,VALID,2026-04-16 00:00:00,DATE_ONLY,2026-05-11 00:00:00,DATE_ONLY,2023.21,VALID,UNAUTHORIZED_TRANSACTION,Customer complaint text unclear due to poor call center notes.,RESOLVED,LOW,CHATBOT
CBK0002781,TXN00007463,VALID,USR88712,MCH4226,2026-08-02 10:50:00,VALID,2026-09-02 00:00:00,DATE_ONLY,,MISSING,540.0,VALID,SERVICE_NOT_PROVIDED,Merchant service was not delivered after payment.,IN_PROGRESS,MEDIUM,IVR
CBK0000437,TXN00008304,VALID,USR31182,MCH7390,2026-03-17 00:00:00,DATE_ONLY,2026-03-19 00:00:00,DATE_ONLY,,MISSING,6321.44,VALID,UNAUTHORIZED_TRANSACTION,Merchant service was not delivered after payment. na,PENDING_BANK,MEDIUM,CHATBOT
CBK0001434,TXN00014276,VALID,USR37196,MCH2407,2026-03-27 00:00:00,DATE_ONLY,2026-03-30 00:00:00,DATE_ONLY,2026-08-04 00:00:00,DATE_ONLY,637.61,VALID,DUPLICATE_DEBIT,Payment made to unknown merchant as per customer statement.,PENDING_BANK,MEDIUM,IVR
CBK0002012,TXN00012346,VALID,USR40998,MCH3992,2026-01-07 00:00:00,DATE_ONLY,2026-01-10 15:42:32,VALID,,MISSING,1010.1,VALID,UNAUTHORIZED_TRANSACTION,Customer says amount was debited twice.,IN_PROGRESS,HIGH,CALL_CENTER
CBK0000297,TXN00019269,VALID,USR53731,MCH9458,2026-02-08 09:15:08,VALID,2026-02-11 00:00:00,DATE_ONLY,2026-02-15 00:00:00,DATE_ONLY,2732.12,VALID,UNAUTHORIZED_TRANSACTION,Customer says transaction was not authorized.,CLOSED,MEDIUM,IVR
CBK0002058,TXN00010832,VALID,USR29952,MCH6418,2026-02-22 21:09:00,VALID,2026-02-28 00:00:00,DATE_ONLY,2026-03-16 00:00:00,DATE_ONLY,1882.0,VALID,UNAUTHORIZED_TRANSACTION,User says upi pin was not entered by them. urgent,IN_PROGRESS,LOW,CHATBOT
CBK0000267,,MISSING,USR13313,MCH9823,2026-09-02 00:00:00,DATE_ONLY,2026-12-02 00:00:00,DATE_ONLY,2026-03-03 00:00:00,DATE_ONLY,1878.56,VALID,UNAUTHORIZED_TRANSACTION,Complaint received after multiple failed attempts.,CLOSED,MEDIUM,CHATBOT
CBK0000035,TXN00004120,VALID,USR53171,MCH6920,2026-03-07 00:00:00,DATE_ONLY,2026-03-05 00:00:00,DATE_ONLY,2026-02-04 00:00:00,DATE_ONLY,5701.53,VALID,DUPLICATE_DEBIT,User reports money deducted but merchant denies receiving payment.,IN_PROGRESS,LOW,IVR
CBK0002020,TXN00019784,VALID,USR89588,MCH8760,2026-03-08 00:00:00,DATE_ONLY,2026-03-10 00:00:00,DATE_ONLY,,MISSING,2591.32,VALID,UNAUTHORIZED_TRANSACTION,Customer says amount was debited twice.,RESOLVED,LOW,IVR
CBK0001016,TXN00018653,VALID,USR39211,MCH1376,2026-02-19 00:00:00,DATE_ONLY,2026-02-22 00:00:00,DATE_ONLY,2026-03-05 00:00:00,DATE_ONLY,2423.45,VALID,UNAUTHORIZED_TRANSACTION,User reports money deducted but merchant denies receiving payment.,REJECTED,LOW,CHATBOT
CBK0000905,TXN00003495,VALID,USR37693,MCH8091,2026-08-01 00:00:00,DATE_ONLY,2026-02-08 00:07:18,VALID,,MISSING,2983.97,VALID,SERVICE_NOT_PROVIDED,Complaint received after multiple failed attempts.,PENDING_BANK,LOW,EMAIL
CBK0000394,TXN00000779,VALID,USR64440,MCH8614,2026-03-02 13:21:00,VALID,2026-03-06 00:00:00,DATE_ONLY,2026-03-28 00:00:00,DATE_ONLY,4511.29,VALID,DUPLICATE_DEBIT,User claims account was compromised before txn.,IN_PROGRESS,MEDIUM,CHATBOT
CBK0000059,TXN00011102,VALID,USR87051,MCH4693,2026-03-06 00:00:00,DATE_ONLY,2026-07-03 00:00:00,DATE_ONLY,2026-03-09 00:00:00,DATE_ONLY,1825.45,VALID,UNAUTHORIZED_TRANSACTION,Complaint received after multiple failed attempts.,OPEN,LOW,CALL_CENTER
CBK0001956,TXN00004350,VALID,USR48482,MCH1641,2026-03-16 00:00:00,DATE_ONLY,2026-03-22 00:00:00,DATE_ONLY,2026-03-30 00:00:00,DATE_ONLY,2131.37,VALID,UNAUTHORIZED_TRANSACTION,User claims account was compromised before transaction.,IN_PROGRESS,LOW,CHATBOT
CBK0002439,TXN00009347,VALID,USR87914,MCH6751,,MISSING,2026-12-03 20:47:00,VALID,2026-03-24 00:00:00,DATE_ONLY,1704.94,VALID,WRONG_AMOUNT,Suspicious high-value payment disputed by customer.,IN_PROGRESS,LOW,IVR
CBK0002733,TXN00015766,VALID,USR87074,MCH6810,2026-03-26 15:10:36,VALID,2026-04-05 00:00:00,DATE_ONLY,,MISSING,198.26,VALID,UNAUTHORIZED_TRANSACTION,User reports money deducted but merchant denies receiving payment.,OPEN,LOW,CHATBOT
CBK0000344,TXN00018344,VALID,USR11559,MCH4841,2026-05-02 00:00:00,DATE_ONLY,2026-03-07 00:00:00,DATE_ONLY,2026-08-03 22:10:00,VALID,9060.0,VALID,UNAUTHORIZED_TRANSACTION,Merchant service was not delivered after payment.,CLOSED,HIGH,IVR
CBK0000704,TXN00015091,VALID,USR45203,MCH9864,2026-03-28 00:00:00,DATE_ONLY,2026-03-04 18:18:00,VALID,2026-05-01 00:00:00,DATE_ONLY,20286.73,VALID,SERVICE_NOT_PROVIDED,Suspicious high-value payment disputed by customer. na,OPEN,HIGH,CHATBOT
CBK0001841,TXN00005953,VALID,USR96307,MCH1423,2026-03-28 00:00:00,DATE_ONLY,2026-03-29 00:00:00,DATE_ONLY,2026-04-18 00:00:00,DATE_ONLY,1742.0,VALID,SERVICE_NOT_PROVIDED,Payment made to unknown merchant as per customer statement.,REJECTED,LOW,IVR
CBK0000305,TXN00002303,VALID,USR21074,MCH1320,2026-02-04 00:00:00,DATE_ONLY,2026-02-09 00:00:00,DATE_ONLY,2026-02-22 00:00:00,DATE_ONLY,1712.22,VALID,SERVICE_NOT_PROVIDED,Customer says amount was debited twice.,IN_PROGRESS,LOW,APP
CBK0002157,TXN00010666,VALID,USR74780,MCH6850,2026-02-07 00:00:00,DATE_ONLY,2026-03-09 00:00:00,DATE_ONLY,2026-03-27 00:00:00,DATE_ONLY,1349.33,VALID,WRONG_AMOUNT,Payment made to unknown merchant as per customer statement.,CLOSED,LOW,BRANCH
CBK0000219,TXN00076688,VALID,USR63208,MCH6288,2026-03-31 00:00:00,DATE_ONLY,2026-06-04 00:00:00,DATE_ONLY,2026-05-05 00:00:00,DATE_ONLY,355.19,VALID,SERVICE_NOT_PROVIDED,User claims account was compromised before transaction.,RESOLVED,LOW,BRANCH
CBK0000503,TXN00009139,VALID,USR87033,MCH8779,2026-03-05 00:00:00,DATE_ONLY,2026-08-03 00:00:00,DATE_ONLY,2026-03-29 10:48:07,VALID,1518.49,VALID,UNAUTHORIZED_TRANSACTION,Payment made to unknown merchant as per customer statement.,CLOSED,CRITICAL,EMAIL
CBK0002098,TXN00012193,VALID,USR22644,MCH5980,2026-03-19 04:04:00,VALID,2026-03-20 00:00:00,DATE_ONLY,2026-03-24 00:00:00,DATE_ONLY,1913.11,VALID,UNAUTHORIZED_TRANSACTION,Merchant service was not delivered after payment.,CLOSED,HIGH,CALL_CENTER
CBK0002395,TXN00010795,VALID,USR24347,MCH3677,2026-03-30 00:00:00,DATE_ONLY,2026-04-14 00:00:00,DATE_ONLY,2026-10-05 12:23:00,VALID,-933.13,NEGATIVE,DUPLICATE_DEBIT,User reports money deducted but merchant denies receiving payment.,IN_PROGRESS,LOW,CHATBOT
CBK0001580,TXN00004779,VALID,USR38912,MCH6908,2026-12-01 10:59:00,VALID,2026-01-13 09:59:00,VALID,2026-01-16 00:00:00,DATE_ONLY,1565.13,VALID,UNAUTHORIZED_TRANSACTION,Customer says amount was debited twice.,OPEN,MEDIUM,EMAIL
CBK0000388,TXN00000433,VALID,USR50784,MCH6968,2026-02-18 00:00:00,DATE_ONLY,2026-02-23 19:00:44,VALID,2026-03-19 00:00:00,DATE_ONLY,979.0,VALID,WRONG_AMOUNT,User says upi pin was not entered by them.,OPEN,LOW,BRANCH
CBK0000891,TXN00017408,VALID,USR10307,MCH7766,2026-03-23 00:00:00,DATE_ONLY,2026-03-23 00:00:00,DATE_ONLY,,MISSING,836.19,VALID,SERVICE_NOT_PROVIDED,User reports money deducted but merchant denies receiving payment.,IN_PROGRESS,LOW,EMAIL
CBK0000501,TXN00019009,VALID,USR96611,MCH3763,2026-01-10 00:00:00,DATE_ONLY,2026-01-15 00:00:00,DATE_ONLY,2026-01-27 15:33:00,VALID,1552.99,VALID,WRONG_AMOUNT,Customer complaint text unclear due to poor call center notes.,PENDING_BANK,HIGH,APP
CBK0002227,TXN00097124,VALID,USR21632,MCH9291,2026-02-25 20:48:05,VALID,2026-12-04 00:00:00,DATE_ONLY,2026-04-26 00:00:00,DATE_ONLY,1596.33,VALID,DUPLICATE_DEBIT,User reports money deducted but merchant denies receiving payment.,RESOLVED,HIGH,APP
CBK0000060,TXN00004672,VALID,USR95647,MCH3815,,MISSING,2026-01-09 00:00:00,DATE_ONLY,2026-02-04 00:00:00,DATE_ONLY,985.98,VALID,SERVICE_NOT_PROVIDED,Suspicious high-value payment disputed by customer.,RESOLVED,HIGH,IVR
CBK0002174,,MISSING,USR75213,MCH2779,2026-02-28 00:00:00,DATE_ONLY,2026-04-14 23:11:36,VALID,2026-05-10 00:00:00,DATE_ONLY,484.07,VALID,UNAUTHORIZED_TRANSACTION,User reports money deducted but merchant denies receiving payment.,CLOSED,MEDIUM,BRANCH
CBK0000869,TXN00011061,VALID,USR71557,MCH8342,2026-03-03 00:00:00,DATE_ONLY,2026-03-14 00:00:00,DATE_ONLY,2026-11-04 00:00:00,DATE_ONLY,-211.84,NEGATIVE,GENERAL_COMPLAINT,Merchant service was not delivered after payment.,CLOSED,LOW,CALL_CENTER
CBK0001381,TXN00011623,VALID,USR99837,MCH8765,2026-01-28 09:27:00,VALID,2026-01-30 21:27:00,VALID,,MISSING,3487.78,VALID,SERVICE_NOT_PROVIDED,Customer says amount was debited twice. na,CLOSED,HIGH,IVR
CBK0002396,TXN00000711,VALID,USR70575,MCH1910,2026-02-25 00:00:00,DATE_ONLY,,MISSING,,MISSING,,UNPARSEABLE/NULL,GENERAL_COMPLAINT,User says upi pin was not entered by them. na,RESOLVED,HIGH,IVR
CBK0000723,TXN00001222,VALID,USR96458,MCH9291,2026-01-14 00:00:00,DATE_ONLY,2026-01-16 04:31:14,VALID,,MISSING,,UNPARSEABLE/NULL,SERVICE_NOT_PROVIDED,Payment made to unknown merchant as per customer statement.,RESOLVED,LOW,EMAIL
CBK0000504,TXN00008435,VALID,USR93535,MCH7466,,MISSING,2026-06-02 00:00:00,DATE_ONLY,2026-03-03 09:34:59,VALID,755.82,VALID,SERVICE_NOT_PROVIDED,Customer says amount was debited twice.,REJECTED,MEDIUM,EMAIL
CBK0002746,TXN00015136,VALID,USR57117,MCH5167,2026-02-24 00:00:00,DATE_ONLY,2026-02-26 00:00:00,DATE_ONLY,2026-03-27 08:47:00,VALID,661.74,VALID,SERVICE_NOT_PROVIDED,Customer complaint text unclear due to poor call center notes.,OPEN,LOW,CALL_CENTER
CBK0002737,TXN00005881,VALID,USR91565,MCH2757,2026-02-03 19:55:07,VALID,2026-07-02 00:00:00,DATE_ONLY,2026-02-13 08:55:00,VALID,2284.0,VALID,WRONG_AMOUNT,Merchant service was not delivered after payment.,REJECTED,MEDIUM,EMAIL
CBK0002270,TXN00000045,VALID,USR73010,MCH6294,2026-01-03 00:00:03,VALID,2026-05-01 22:00:00,VALID,2026-01-11 22:00:03,VALID,1101.8,VALID,UNAUTHORIZED_TRANSACTION,Customer says transaction was not authorized.,CLOSED,MEDIUM,CALL_CENTER
CBK0001994,TXN00000296,VALID,USR71624,MCH4650,2026-03-29 00:00:00,DATE_ONLY,2026-03-29 17:25:00,VALID,2026-03-30 00:00:00,DATE_ONLY,512.0,VALID,UNAUTHORIZED_TRANSACTION,Complaint received after multiple failed attempts.,RESOLVED,HIGH,APP
CBK0002612,TXN00010607,VALID,USR32830,MCH9346,2026-01-03 00:00:00,DATE_ONLY,2026-03-17 00:00:00,DATE_ONLY,2026-07-04 00:00:00,DATE_ONLY,397.65,VALID,UNAUTHORIZED_TRANSACTION,Customer says amount was debited twice.,RESOLVED,HIGH,BRANCH
CBK0001950,TXN00002053,VALID,USR33960,MCH5223,2026-03-26 00:00:00,DATE_ONLY,2026-03-27 11:08:07,VALID,2026-08-04 11:08:00,VALID,2130.67,VALID,DUPLICATE_DEBIT,Customer complaint text unclear due to poor call center notes.,PENDING_BANK,MEDIUM,EMAIL
CBK0000757,TXN00010601,VALID,USR53404,MCH4311,2026-03-20 14:22:47,VALID,2026-03-26 10:22:00,VALID,2026-04-22 00:00:00,DATE_ONLY,1363.12,VALID,SERVICE_NOT_PROVIDED,User says upi pin was not entered by them.,CLOSED,MEDIUM,IVR
CBK0000159,TXN00001671,VALID,USR51888,MCH8727,2026-02-19 00:00:00,DATE_ONLY,2026-02-24 00:00:00,DATE_ONLY,2026-02-24 00:00:00,DATE_ONLY,2605.0,VALID,WRONG_AMOUNT,User says upi pin was not entered by them.,PENDING_BANK,HIGH,IVR
CBK0001270,TXN00015781,VALID,USR60184,MCH5412,2026-02-22 00:00:00,DATE_ONLY,2026-02-25 18:53:25,VALID,2026-02-25 18:53:25,VALID,6433.23,VALID,WRONG_AMOUNT,Customer says transaction was not authorized.,OPEN,HIGH,CHATBOT
CBK0001833,TXN00009923,VALID,USR24660,MCH3434,2026-04-01 12:15:00,VALID,2025-12-30 12:15:20,VALID,2025-12-31 00:00:00,DATE_ONLY,2940.0,VALID,GENERAL_COMPLAINT,Merchant service was not delivered after payment.,OPEN,MEDIUM,CALL_CENTER
CBK0000148,,MISSING,USR37395,MCH3992,2026-02-25 00:00:00,DATE_ONLY,2026-02-28 00:00:00,DATE_ONLY,2026-03-09 00:00:00,DATE_ONLY,,UNPARSEABLE/NULL,GENERAL_COMPLAINT,Suspicious high-value payment disputed by customer.,CLOSED,CRITICAL,IVR
CBK0002188,TXN00011115,VALID,USR83988,MCH3113,,MISSING,2026-01-03 00:00:00,DATE_ONLY,2026-01-14 02:37:33,VALID,3037.16,VALID,GENERAL_COMPLAINT,User reports money deducted but merchant denies receiving payment.,PENDING_BANK,LOW,CHATBOT
CBK0000906,TXN00009979,VALID,USR59679,MCH6645,2026-02-02 22:05:54,VALID,2026-04-02 00:00:00,DATE_ONLY,2026-02-13 00:00:00,DATE_ONLY,876.91,VALID,UNAUTHORIZED_TRANSACTION,User claims account was compromised before transaction.,REJECTED,MEDIUM,APP
CBK0001190,TXN00017091,VALID,USR51699,MCH7327,2026-02-17 00:00:00,DATE_ONLY,2026-02-28 00:00:00,DATE_ONLY,2026-03-11 02:20:08,VALID,2254.1,VALID,UNAUTHORIZED_TRANSACTION,User says upi pin was not entered by them.,OPEN,HIGH,APP
CBK0000325,TXN00011027,VALID,USR51987,MCH6810,2026-01-04 03:24:27,VALID,2026-01-06 00:00:00,DATE_ONLY,2026-01-16 00:00:00,DATE_ONLY,3285.5,VALID,UNAUTHORIZED_TRANSACTION,Customer says txn was not authorized.,IN_PROGRESS,MEDIUM,APP
CBK0002358,TXN00012958,VALID,USR45319,MCH4022,2026-02-23 16:54:56,VALID,2026-03-03 00:00:00,DATE_ONLY,2026-03-20 03:54:56,VALID,1142.21,VALID,DUPLICATE_DEBIT,Customer complaint text unclear due to poor call center notes. call dropped,PENDING_BANK,LOW,IVR
CBK0001443,TXN00003853,VALID,USR70317,MCH6921,2026-02-19 00:00:00,DATE_ONLY,2026-02-22 00:00:00,DATE_ONLY,2026-02-26 00:00:00,DATE_ONLY,2342.78,VALID,SERVICE_NOT_PROVIDED,Payment made to unknown merchant as per customer statement.,CLOSED,MEDIUM,IVR
CBK0001944,TXN00005059,VALID,USR14388,MCH5076,2026-03-10 22:25:51,VALID,2026-04-25 00:00:00,DATE_ONLY,2026-04-26 05:25:51,VALID,4128.34,VALID,WRONG_AMOUNT,Customer says amount was debited twice.,OPEN,CRITICAL,IVR
CBK0000097,TXN00014288,VALID,USR75999,MCH4226,2026-03-14 12:10:00,VALID,2026-03-13 00:00:00,DATE_ONLY,,MISSING,4255.52,VALID,GENERAL_COMPLAINT,Payment made to unknown merchant as per customer statement.,PENDING_BANK,MEDIUM,IVR
CBK0000609,TXN00001796,VALID,USR77277,MCH2970,2026-01-06 00:00:00,DATE_ONLY,2026-01-11 00:00:00,DATE_ONLY,,MISSING,,UNPARSEABLE/NULL,SERVICE_NOT_PROVIDED,User reports money deducted but merchant denies receiving payment.,CLOSED,LOW,BRANCH
CBK0000920,TXN00000546,VALID,USR20076,MCH2383,2026-03-02 00:00:00,DATE_ONLY,2026-04-17 13:17:00,VALID,2026-04-27 00:00:00,DATE_ONLY,427.33,VALID,WRONG_AMOUNT,Complaint received after multiple failed attempts.,PENDING_BANK,LOW,APP
CBK0001945,TXN00015576,VALID,USR59679,MCH5013,2026-02-28 04:17:48,VALID,2026-03-03 00:00:00,DATE_ONLY,2026-03-07 00:00:00,DATE_ONLY,2182.01,VALID,DUPLICATE_DEBIT,Merchant service was not delivered after payment.,OPEN,HIGH,IVR
CBK0002769,TXN00003447,VALID,USR76233,MCH8735,2026-02-19 00:00:00,DATE_ONLY,2026-02-21 00:00:00,DATE_ONLY,2026-03-03 00:00:00,DATE_ONLY,1984.96,VALID,WRONG_AMOUNT,Payment made to unknown merchant as per cust statement.,REJECTED,MEDIUM,CHATBOT
CBK0002138,TXN00000295,VALID,USR86497,MCH2786,2026-01-10 00:00:00,DATE_ONLY,2026-01-16 00:00:00,DATE_ONLY,2026-01-30 00:00:00,DATE_ONLY,731.69,VALID,UNAUTHORIZED_TRANSACTION,Customer says amount was debited twice.,IN_PROGRESS,LOW,CHATBOT
CBK0001973,TXN00013275,VALID,USR71371,MCH9810,2026-03-19 00:00:00,DATE_ONLY,2026-03-27 00:00:00,DATE_ONLY,2026-04-19 00:00:00,DATE_ONLY,666.32,VALID,SERVICE_NOT_PROVIDED,Complaint received after multiple failed attempts.,PENDING_BANK,MEDIUM,CHATBOT
CBK0000440,TXN00019212,VALID,USR83469,MCH7067,,MISSING,2026-01-20 03:57:35,VALID,2026-01-28 03:57:35,VALID,2786.25,VALID,UNAUTHORIZED_TRANSACTION,Customer says transaction was not authorized.,OPEN,LOW,CALL_CENTER
CBK0001313,TXN00002015,VALID,USR70926,MCH8374,2026-03-24 00:00:00,DATE_ONLY,2026-03-26 22:40:05,VALID,2026-11-04 22:40:00,VALID,2615.98,VALID,UNAUTHORIZED_TRANSACTION,Merchant service was not delivered after payment.,OPEN,CRITICAL,CHATBOT
CBK0001519,TXN00000459,VALID,USR36461,MCH6850,2026-01-05 01:52:09,VALID,2026-02-20 00:52:09,VALID,2026-03-19 00:00:00,DATE_ONLY,8278.26,VALID,GENERAL_COMPLAINT,Customer says amount was debited twice.,PENDING_BANK,HIGH,CALL_CENTER
CBK0001153,TXN00007272,VALID,USR23407,MCH9088,2026-03-13 04:40:00,VALID,2026-03-14 00:00:00,DATE_ONLY,2026-03-19 23:40:22,VALID,928.0,VALID,UNAUTHORIZED_TRANSACTION,Merchant service was not delivered after payment.,PENDING_BANK,HIGH,CHATBOT
CBK0000490,TXN00019708,VALID,USR89588,MCH9291,2026-02-23 01:22:04,VALID,,MISSING,2026-04-18 23:22:00,VALID,1943.24,VALID,GENERAL_COMPLAINT,Customer says amount was debited twice.,OPEN,LOW,CALL_CENTER
CBK0000306,TXN00000680,VALID,USR62254,MCH5980,2026-01-26 00:00:00,DATE_ONLY,2026-02-02 00:00:00,DATE_ONLY,2026-02-21 12:35:42,VALID,589.63,VALID,UNAUTHORIZED_TRANSACTION,User says upi pin was not entered by them.,IN_PROGRESS,HIGH,CHATBOT
CBK0001088,TXN00012038,VALID,USR14244,MCH5655,2026-01-19 00:00:00,DATE_ONLY,2026-01-23 00:00:00,DATE_ONLY,,MISSING,,UNPARSEABLE/NULL,DUPLICATE_DEBIT,Customer complaint text unclear due to poor call center notes.,CLOSED,LOW,EMAIL
CBK0002181,TXN00014627,VALID,USR41247,MCH7342,2026-03-02 00:00:00,DATE_ONLY,2026-04-03 00:00:00,DATE_ONLY,,MISSING,4363.55,VALID,GENERAL_COMPLAINT,Customer says amount was debited twice.,PENDING_BANK,MEDIUM,CHATBOT
CBK0000863,TXN00016767,VALID,USR90880,MCH2841,2026-03-06 00:00:00,DATE_ONLY,2026-03-07 21:23:05,VALID,2026-04-03 00:00:00,DATE_ONLY,1273.0,VALID,SERVICE_NOT_PROVIDED,Customer says transaction was not authorized.,CLOSED,HIGH,EMAIL
CBK0000178,TXN00004134,VALID,USR75133,MCH1949,2026-02-24 00:00:00,DATE_ONLY,,MISSING,2026-03-06 06:12:04,VALID,794.23,VALID,UNAUTHORIZED_TRANSACTION,Customer complaint text unclear due to poor call center notes.,OPEN,HIGH,IVR
CBK0000340,TXN00006753,VALID,USR93690,MCH7199,2026-01-18 00:00:00,DATE_ONLY,2026-01-15 19:42:11,VALID,2026-01-16 00:00:00,DATE_ONLY,-6262.28,NEGATIVE,SERVICE_NOT_PROVIDED,Suspicious high-value payment disputed by customer.,IN_PROGRESS,LOW,APP
CBK0001772,TXN00010231,VALID,USR49951,MCH4775,2026-01-29 11:52:47,VALID,2026-01-30 00:00:00,DATE_ONLY,2026-08-02 00:00:00,DATE_ONLY,,UNPARSEABLE/NULL,UNAUTHORIZED_TRANSACTION,Payment made to unknown merchant as per customer statement.,REJECTED,MEDIUM,APP
CBK0002100,TXN00012645,VALID,USR65267,MCH1601,2026-03-30 00:00:00,DATE_ONLY,2026-03-04 00:00:00,DATE_ONLY,,MISSING,-1273.59,NEGATIVE,UNAUTHORIZED_TRANSACTION,Customer says transaction was not authorized.,CLOSED,LOW,IVR
CBK0001757,TXN00018643,VALID,USR46650,MCH2383,2026-02-16 00:00:00,DATE_ONLY,2026-02-19 16:58:00,VALID,2026-03-16 00:00:00,DATE_ONLY,,UNPARSEABLE/NULL,SERVICE_NOT_PROVIDED,User reports money deducted but merchant denies receiving payment.,OPEN,LOW,CHATBOT
CBK0000314,TXN00017581,VALID,USR74438,MCH2757,2026-01-04 00:00:00,DATE_ONLY,2026-01-08 21:56:24,VALID,2026-01-11 00:00:00,DATE_ONLY,1299.7,VALID,UNAUTHORIZED_TRANSACTION,Customer says transaction was not authorized.,CLOSED,CRITICAL,CHATBOT
CBK0002107,TXN00013202,VALID,USR27107,MCH9715,2026-03-29 00:00:00,DATE_ONLY,2026-01-04 00:00:00,DATE_ONLY,2026-04-21 00:00:00,DATE_ONLY,1331.0,VALID,UNAUTHORIZED_TRANSACTION,Customer says amount was debited twice.,IN_PROGRESS,CRITICAL,IVR
CBK0001444,TXN00003678,VALID,USR50434,MCH5076,2026-01-01 07:55:22,VALID,2026-01-04 00:00:00,DATE_ONLY,,MISSING,8722.75,VALID,SERVICE_NOT_PROVIDED,User claims account was compromised before transaction.,CLOSED,HIGH,CHATBOT
CBK0001899,TXN00000835,VALID,USR11194,MCH1631,2026-03-27 15:04:48,VALID,2026-03-29 00:00:00,DATE_ONLY,,MISSING,,UNPARSEABLE/NULL,GENERAL_COMPLAINT,Suspicious high-value payment disputed by customer.,REJECTED,LOW,IVR
CBK0001951,TXN00007053,VALID,USR17824,MCH8057,2026-03-26 16:44:00,VALID,2026-05-10 00:00:00,DATE_ONLY,2026-09-06 00:00:00,DATE_ONLY,3545.44,VALID,WRONG_AMOUNT,User claims account was compromised before transaction.,CLOSED,HIGH,BRANCH
CBK0000193,TXN00011628,VALID,USR15884,MCH9002,2026-10-01 00:00:00,DATE_ONLY,2026-01-13 11:20:14,VALID,2026-01-30 11:20:14,VALID,6328.27,VALID,GENERAL_COMPLAINT,Customer complaint text unclear due to poor call center notes.,IN_PROGRESS,CRITICAL,IVR
CBK0001867,TXN00017191,VALID,USR13167,MCH3106,2026-03-28 20:09:00,VALID,2026-01-04 06:09:00,VALID,2026-04-22 00:00:00,DATE_ONLY,-13889.45,NEGATIVE,SERVICE_NOT_PROVIDED,Customer complaint text unclear due to poor call center notes.,RESOLVED,MEDIUM,EMAIL
CBK0001712,TXN00007450,VALID,USR20950,MCH4523,2026-03-24 11:00:00,VALID,2026-04-23 00:00:00,DATE_ONLY,2026-04-24 00:00:00,DATE_ONLY,-1985.25,NEGATIVE,SERVICE_NOT_PROVIDED,Merchant service was not delivered after payment.,PENDING_BANK,HIGH,CHATBOT
CBK0000165,TXN00013500,VALID,USR82240,MCH3046,2026-01-23 09:33:00,VALID,2026-03-09 00:00:00,DATE_ONLY,2026-03-16 19:33:00,VALID,-3214.54,NEGATIVE,DUPLICATE_DEBIT,User reports money deducted but merchant denies receiving payment.,OPEN,LOW,IVR
CBK0002719,TXN00016715,VALID,USR73639,MCH6051,2026-01-09 00:00:00,DATE_ONLY,2026-01-14 00:00:00,DATE_ONLY,,MISSING,1128.27,VALID,UNAUTHORIZED_TRANSACTION,Payment made to unknown merchant as per customer statement.,REJECTED,MEDIUM,IVR
CBK0001706,TXN00012764,VALID,USR22644,MCH1401,2026-03-10 00:00:00,DATE_ONLY,2026-03-18 08:08:27,VALID,,MISSING,9737.34,VALID,SERVICE_NOT_PROVIDED,Complaint received after multiple failed attempts.,CLOSED,MEDIUM,CHATBOT
CBK0000945,TXN00003565,VALID,USR46365,MCH4473,2026-03-14 00:00:00,DATE_ONLY,2026-03-14 00:00:00,DATE_ONLY,2026-04-08 03:51:15,VALID,1723.81,VALID,UNAUTHORIZED_TRANSACTION,Merchant service was not delivered after payment.,REJECTED,HIGH,BRANCH
CBK0001335,TXN00016756,VALID,USR44060,MCH7471,2026-03-14 00:00:00,DATE_ONLY,2026-03-14 00:00:00,DATE_ONLY,2026-03-18 00:00:00,DATE_ONLY,455.72,VALID,WRONG_AMOUNT,Customer complaint text unclear due to poor call center notes.,REJECTED,MEDIUM,CALL_CENTER
CBK0000852,TXN00010668,VALID,USR81745,MCH4420,2026-03-06 00:00:00,DATE_ONLY,2026-04-06 15:52:29,VALID,2026-04-25 00:00:00,DATE_ONLY,1305.45,VALID,UNAUTHORIZED_TRANSACTION,Customer says amount was debited twice. na,PENDING_BANK,MEDIUM,APP
CBK0002796,TXN00001679,VALID,USR97772,MCH2029,2026-02-27 08:22:56,VALID,2026-03-04 14:22:56,VALID,2026-03-17 00:00:00,DATE_ONLY,-705.52,NEGATIVE,UNAUTHORIZED_TRANSACTION,Complaint received after multiple failed attempts.,IN_PROGRESS,MEDIUM,IVR
CBK0000318,TXN00001878,VALID,USR10693,MCH5303,2026-03-08 00:00:00,DATE_ONLY,2026-03-15 00:00:00,DATE_ONLY,,MISSING,3834.0,VALID,SERVICE_NOT_PROVIDED,Suspicious high-value payment disputed by customer.,IN_PROGRESS,HIGH,IVR
CBK0001790,TXN00000533,VALID,USR46536,MCH5535,2026-01-18 17:59:52,VALID,2026-03-02 00:00:00,DATE_ONLY,2026-02-13 00:00:00,DATE_ONLY,6055.78,VALID,UNAUTHORIZED_TRANSACTION,Customer says transaction was not authorized.,OPEN,MEDIUM,EMAIL
CBK0000283,TXN00017871,VALID,USR39576,MCH3354,2026-01-17 10:50:06,VALID,2026-02-01 00:00:00,DATE_ONLY,,MISSING,,UNPARSEABLE/NULL,UNAUTHORIZED_TRANSACTION,Payment made to unknown merchant as per cust statement.,REJECTED,HIGH,IVR
CBK0001613,TXN00012902,VALID,USR20076,MCH8345,2026-02-18 00:00:00,DATE_ONLY,2026-02-20 00:00:00,DATE_ONLY,2026-03-21 05:15:27,VALID,586.88,VALID,SERVICE_NOT_PROVIDED,Customer says transaction was not authorized.,PENDING_BANK,LOW,EMAIL
CBK0002598,TXN00012208,VALID,USR54794,MCH2336,2026-01-06 00:00:00,DATE_ONLY,2026-01-09 00:00:00,DATE_ONLY,2026-01-10 00:00:00,DATE_ONLY,5802.45,VALID,UNAUTHORIZED_TRANSACTION,Payment made to unknown merchant as per cust statement.,CLOSED,MEDIUM,BRANCH
CBK0001754,TXN00006873,VALID,USR95486,MCH1520,2026-12-02 00:00:00,DATE_ONLY,2026-02-14 11:52:00,VALID,2026-03-12 00:00:00,DATE_ONLY,,UNPARSEABLE/NULL,SERVICE_NOT_PROVIDED,Customer says amount was debited twice. call dropped,REJECTED,CRITICAL,BRANCH
CBK0000642,TXN00009627,VALID,USR88037,MCH4516,2026-02-04 00:00:00,DATE_ONLY,2026-02-07 00:00:00,DATE_ONLY,2026-02-09 00:00:00,DATE_ONLY,10535.8,VALID,GENERAL_COMPLAINT,Merchant service was not delivered after payment.,IN_PROGRESS,LOW,CALL_CENTER
CBK0000637,TXN00005214,VALID,USR91453,MCH6014,2026-06-02 00:00:00,DATE_ONLY,2026-02-07 00:00:00,DATE_ONLY,2026-03-06 00:00:00,DATE_ONLY,,UNPARSEABLE/NULL,SERVICE_NOT_PROVIDED,Suspicious high-value payment disputed by customer.,IN_PROGRESS,MEDIUM,CHATBOT
CBK0001718,TXN00033788,VALID,USR58639,MCH2757,2026-01-06 14:14:30,VALID,2026-07-01 00:00:00,DATE_ONLY,2026-01-26 16:14:30,VALID,-664.74,NEGATIVE,WRONG_AMOUNT,User reports money deducted but merchant denies receiving payment.,OPEN,LOW,BRANCH
CBK0002437,TXN00007105,VALID,USR45914,MCH3247,2026-03-27 00:00:00,DATE_ONLY,2026-03-27 21:16:00,VALID,2026-10-04 00:00:00,DATE_ONLY,,UNPARSEABLE/NULL,WRONG_AMOUNT,Payment made to unknown merchant as per customer statement. details missing,PENDING_BANK,MEDIUM,CALL_CENTER
CBK0000245,TXN00010561,VALID,USR45218,MCH8515,2026-02-05 03:39:40,VALID,2026-02-06 00:00:00,DATE_ONLY,,MISSING,865.55,VALID,WRONG_AMOUNT,Customer says amount was debited twice.,RESOLVED,LOW,CHATBOT
CBK0001410,TXN00012186,VALID,USR14130,MCH6048,2026-01-04 00:00:00,DATE_ONLY,2026-01-06 00:00:00,DATE_ONLY,,MISSING,4466.44,VALID,UNAUTHORIZED_TRANSACTION,User says upi pin was not entered by them.,IN_PROGRESS,LOW,IVR
CBK0001558,TXN00018011,VALID,USR70587,MCH9995,2026-02-12 15:33:24,VALID,2026-02-12 00:00:00,DATE_ONLY,2026-03-07 00:00:00,DATE_ONLY,550.29,VALID,WRONG_AMOUNT,User claims account was compromised before transaction. na,PENDING_BANK,LOW,EMAIL
CBK0000610,TXN00014090,VALID,USR65211,MCH6850,2026-03-24 17:38:00,VALID,2026-04-01 06:38:00,VALID,,MISSING,848.3,VALID,UNAUTHORIZED_TRANSACTION,User says upi pin was not entered by them.,OPEN,MEDIUM,IVR
CBK0002304,TXN00005004,VALID,USR24536,MCH6507,2026-02-25 16:37:09,VALID,,MISSING,2026-03-23 00:00:00,DATE_ONLY,1095.0,VALID,UNAUTHORIZED_TRANSACTION,Customer says transaction was not authorized.,RESOLVED,MEDIUM,BRANCH
CBK0000205,TXN00009947,VALID,USR49302,MCH7335,2026-01-24 11:39:04,VALID,2026-02-04 04:39:04,VALID,2026-03-05 00:00:00,DATE_ONLY,,UNPARSEABLE/NULL,UNAUTHORIZED_TRANSACTION,Complaint received after multiple failed attempts.,IN_PROGRESS,CRITICAL,APP
CBK0002199,TXN00083913,VALID,USR69345,MCH1289,2026-03-17 20:54:58,VALID,2026-03-20 07:54:58,VALID,2026-03-21 00:00:00,DATE_ONLY,732.0,VALID,DUPLICATE_DEBIT,Payment made to unknown merchant as per customer statement.,PENDING_BANK,HIGH,BRANCH
CBK0000096,TXN00015289,VALID,USR24926,MCH9472,2026-03-29 09:32:00,VALID,2026-04-05 00:00:00,DATE_ONLY,2026-04-26 00:00:00,DATE_ONLY,2649.1,VALID,SERVICE_NOT_PROVIDED,Payment made to unknown merchant as per customer statement.,CLOSED,LOW,IVR
CBK0001480,TXN00010969,VALID,USR40561,MCH9717,2026-02-17 00:00:00,DATE_ONLY,2026-02-20 00:00:00,DATE_ONLY,2026-04-03 00:00:00,DATE_ONLY,1918.05,VALID,SERVICE_NOT_PROVIDED,Customer says amount was debited twice. call dropped,OPEN,LOW,CALL_CENTER
CBK0001125,TXN00011934,VALID,USR25357,MCH8928,2026-02-18 00:00:00,DATE_ONLY,,MISSING,2026-03-06 11:31:18,VALID,,UNPARSEABLE/NULL,SERVICE_NOT_PROVIDED,User claims account was compromised before transaction.,CLOSED,MEDIUM,CALL_CENTER
CBK0000842,TXN00002437,VALID,USR58147,MCH1299,2026-01-27 09:34:13,VALID,2026-02-02 00:00:00,DATE_ONLY,2026-03-01 00:00:00,DATE_ONLY,1368.83,VALID,UNAUTHORIZED_TRANSACTION,Suspicious high-value payment disputed by customer.,PENDING_BANK,HIGH,CALL_CENTER
CBK0002364,TXN00001342,VALID,USR61151,MCH5245,2026-02-23 23:42:23,VALID,2026-03-03 00:00:00,DATE_ONLY,2026-03-24 09:42:23,VALID,2534.0,VALID,WRONG_AMOUNT,Customer complaint text unclear due to poor call center notes.,IN_PROGRESS,HIGH,IVR
CBK0000474,TXN00009795,VALID,USR24690,MCH8976,2026-03-27 00:00:00,DATE_ONLY,2026-03-27 09:12:31,VALID,2026-04-22 00:00:00,DATE_ONLY,1506.67,VALID,DUPLICATE_DEBIT,Suspicious high-value payment disputed by customer.,RESOLVED,LOW,IVR
CBK0001677,TXN00005417,VALID,USR53957,MCH2848,2026-02-01 00:00:00,DATE_ONLY,,MISSING,2026-02-02 00:00:00,DATE_ONLY,2380.3,VALID,SERVICE_NOT_PROVIDED,Payment made to unknown merchant as per customer statement.,CLOSED,MEDIUM,APP
CBK0002352,TXN00009981,VALID,USR92382,MCH2075,2026-11-03 00:00:00,DATE_ONLY,2026-03-12 00:00:00,DATE_ONLY,2026-03-28 10:00:00,VALID,1850.41,VALID,UNAUTHORIZED_TRANSACTION,Customer says transaction was not authorized.,CLOSED,HIGH,CALL_CENTER
CBK0000055,TXN00017357,VALID,USR15485,MCH3992,2026-03-27 00:00:00,DATE_ONLY,2026-03-29 00:00:00,DATE_ONLY,,MISSING,3043.82,VALID,GENERAL_COMPLAINT,User claims account was compromised before txn.,IN_PROGRESS,CRITICAL,CHATBOT
CBK0002441,TXN00007492,VALID,USR71182,MCH9948,,MISSING,2026-03-12 00:00:00,DATE_ONLY,,MISSING,1969.45,VALID,DUPLICATE_DEBIT,Customer says transaction was not authorized.,OPEN,LOW,CHATBOT
CBK0001193,TXN00014849,VALID,USR27328,MCH4912,2026-01-19 00:00:00,DATE_ONLY,2026-01-30 00:00:00,DATE_ONLY,2026-02-09 00:04:06,VALID,2302.0,VALID,DUPLICATE_DEBIT,Merchant service was not delivered after payment.,REJECTED,HIGH,BRANCH
CBK0002705,TXN00005717,VALID,USR91772,MCH2757,2026-01-19 17:45:15,VALID,2026-01-22 00:00:00,DATE_ONLY,2026-01-24 00:00:00,DATE_ONLY,2449.38,VALID,WRONG_AMOUNT,Customer complaint text unclear due to poor call center notes.,PENDING_BANK,LOW,IVR
CBK0001851,TXN00006293,VALID,USR95875,MCH2065,2026-02-27 00:00:00,DATE_ONLY,2026-03-07 00:00:00,DATE_ONLY,2026-03-30 00:00:00,DATE_ONLY,2387.22,VALID,SERVICE_NOT_PROVIDED,Merchant service was not delivered after payment.,PENDING_BANK,MEDIUM,IVR
CBK0002384,TXN00005874,VALID,USR26867,MCH5264,,MISSING,2026-03-06 03:25:03,VALID,2026-03-22 00:00:00,DATE_ONLY,,UNPARSEABLE/NULL,DUPLICATE_DEBIT,User says upi pin was not entered by them.,RESOLVED,MEDIUM,EMAIL
CBK0001729,TXN00002228,VALID,USR56148,MCH6141,2026-09-02 09:11:00,VALID,2026-02-13 00:00:00,DATE_ONLY,2026-03-01 00:00:00,DATE_ONLY,378.3,VALID,WRONG_AMOUNT,User claims account was compromised before transaction.,PENDING_BANK,HIGH,CHATBOT
CBK0001485,TXN00000921,VALID,USR25087,MCH2266,2026-03-03 18:48:32,VALID,2026-03-08 00:00:00,DATE_ONLY,,MISSING,1585.45,VALID,SERVICE_NOT_PROVIDED,User claims account was compromised before transaction.,CLOSED,LOW,EMAIL
CBK0002550,TXN00001381,VALID,USR44152,MCH1993,,MISSING,2026-03-09 00:00:00,DATE_ONLY,,MISSING,1001.43,VALID,WRONG_AMOUNT,User claims account was compromised before transaction.,IN_PROGRESS,LOW,IVR
CBK0001475,TXN00017932,VALID,USR30591,MCH4204,2026-01-28 00:00:00,DATE_ONLY,,MISSING,2026-02-23 12:38:55,VALID,4452.54,VALID,SERVICE_NOT_PROVIDED,Suspicious high-value payment disputed by customer. details missing,OPEN,CRITICAL,BRANCH
CBK0000033,TXN00009708,VALID,USR97772,MCH5076,2026-01-18 00:00:00,DATE_ONLY,2026-01-24 11:33:49,VALID,2026-02-18 00:00:00,DATE_ONLY,3007.22,VALID,WRONG_AMOUNT,Merchant service was not delivered after payment.,REJECTED,HIGH,IVR
CBK0001804,TXN00008462,VALID,USR37261,MCH2030,2026-03-04 19:34:51,VALID,2026-06-03 00:00:00,DATE_ONLY,2026-03-11 01:34:51,VALID,-884.33,NEGATIVE,UNAUTHORIZED_TRANSACTION,Customer says amount was debited twice.,REJECTED,LOW,EMAIL
CBK0000724,TXN00001310,VALID,USR27947,MCH2065,2026-02-13 06:58:57,VALID,2026-02-16 00:00:00,DATE_ONLY,2026-02-17 00:00:00,DATE_ONLY,2026.3,VALID,UNAUTHORIZED_TRANSACTION,Merchant service was not delivered after payment.,OPEN,LOW,BRANCH
CBK0002240,TXN00000019,VALID,USR40246,MCH4062,2026-02-26 00:00:00,DATE_ONLY,2026-01-03 01:49:00,VALID,2026-03-08 01:49:15,VALID,377.11,VALID,UNAUTHORIZED_TRANSACTION,Customer says amount was debited twice.,IN_PROGRESS,HIGH,CHATBOT
CBK0001379,TXN00010182,VALID,USR52335,MCH5954,2026-03-31 00:00:00,DATE_ONLY,2026-04-02 00:00:00,DATE_ONLY,2026-04-26 00:00:00,DATE_ONLY,1252.47,VALID,UNAUTHORIZED_TRANSACTION,User says upi pin was not entered by them.,CLOSED,LOW,BRANCH
CBK0000668,TXN00011231,VALID,USR61576,MCH7063,2026-03-19 00:00:00,DATE_ONLY,2026-03-15 00:00:00,DATE_ONLY,2026-04-03 00:00:00,DATE_ONLY,4533.6,VALID,UNAUTHORIZED_TRANSACTION,User reports money deducted but merchant denies receiving payment. details missing,PENDING_BANK,MEDIUM,IVR
CBK0000799,TXN00012446,VALID,USR75853,MCH2771,2026-02-02 22:34:00,VALID,2026-03-02 21:34:00,VALID,,MISSING,1105.07,VALID,UNAUTHORIZED_TRANSACTION,Customer says transaction was not authorized.,REJECTED,MEDIUM,IVR
CBK0000762,TXN00003810,VALID,USR65062,MCH5911,2026-01-23 00:00:00,DATE_ONLY,2026-01-25 00:00:00,DATE_ONLY,2026-12-02 00:00:00,DATE_ONLY,861.41,VALID,SERVICE_NOT_PROVIDED,User reports money deducted but merchant denies receiving payment.,IN_PROGRESS,MEDIUM,IVR
CBK0002241,TXN00009947,VALID,USR75572,MCH3262,2026-01-01 00:00:00,DATE_ONLY,2026-01-03 00:00:00,DATE_ONLY,2026-01-07 00:00:00,DATE_ONLY,,UNPARSEABLE/NULL,UNAUTHORIZED_TRANSACTION,Merchant service was not delivered after payment. pls check asap,OPEN,HIGH,BRANCH
CBK0000120,TXN00005470,VALID,USR35882,MCH5805,2026-03-24 00:00:00,DATE_ONLY,2026-03-25 00:00:00,DATE_ONLY,,MISSING,881.56,VALID,GENERAL_COMPLAINT,Complaint received after multiple failed attempts.,OPEN,MEDIUM,CHATBOT
CBK0001486,TXN00012555,VALID,USR32962,MCH5076,2026-01-08 00:00:00,DATE_ONLY,,MISSING,2026-01-09 00:00:00,DATE_ONLY,2740.59,VALID,GENERAL_COMPLAINT,User says upi pin was not entered by them.,PENDING_BANK,LOW,IVR
CBK0000278,TXN00018188,VALID,USR33934,MCH1639,2026-03-01 00:00:00,DATE_ONLY,2026-05-01 00:00:00,DATE_ONLY,2026-02-03 00:00:00,DATE_ONLY,609.57,VALID,GENERAL_COMPLAINT,Payment made to unknown merchant as per customer statement.,IN_PROGRESS,CRITICAL,BRANCH
CBK0001433,TXN00011103,VALID,USR93242,MCH9047,2026-01-02 23:19:14,VALID,2026-02-02 00:00:00,DATE_ONLY,2026-02-25 04:19:00,VALID,5968.43,VALID,DUPLICATE_DEBIT,Suspicious high-value payment disputed by cust.,RESOLVED,LOW,BRANCH
CBK0000423,TXN00012405,VALID,USR33721,MCH8247,2026-01-26 21:04:00,VALID,2026-02-11 00:00:00,DATE_ONLY,2026-03-12 00:00:00,DATE_ONLY,1837.0,VALID,DUPLICATE_DEBIT,User claims account was compromised before transaction.,REJECTED,MEDIUM,BRANCH
CBK0001435,TXN00004594,VALID,USR40538,MCH1070,2026-01-16 00:00:00,DATE_ONLY,2026-01-16 21:36:00,VALID,2026-02-02 00:00:00,DATE_ONLY,262.38,VALID,UNAUTHORIZED_TRANSACTION,Merchant service was not delivered after payment.,IN_PROGRESS,LOW,IVR
CBK0001616,TXN00009207,VALID,USR49823,MCH8953,2026-02-04 00:00:00,DATE_ONLY,2026-02-06 00:00:00,DATE_ONLY,,MISSING,4915.0,VALID,WRONG_AMOUNT,Suspicious high-value payment disputed by customer.,OPEN,HIGH,CHATBOT
CBK0001552,TXN00014793,VALID,USR10598,MCH1855,2026-01-21 18:47:00,VALID,2026-01-23 00:00:00,DATE_ONLY,2026-02-02 00:00:00,DATE_ONLY,641.02,VALID,SERVICE_NOT_PROVIDED,User claims account was compromised before transaction.,IN_PROGRESS,HIGH,CHATBOT
CBK0002116,TXN00018024,VALID,USR18423,MCH9655,2026-02-26 02:31:01,VALID,2026-02-28 00:00:00,DATE_ONLY,2026-03-21 21:31:01,VALID,,UNPARSEABLE/NULL,SERVICE_NOT_PROVIDED,User says upi pin was not entered by them.,CLOSED,MEDIUM,CHATBOT
CBK0001293,TXN00010530,VALID,USR99535,MCH4181,2026-03-21 18:14:15,VALID,2026-03-24 20:14:15,VALID,2026-04-21 00:00:00,DATE_ONLY,7652.76,VALID,DUPLICATE_DEBIT,User claims account was compromised before transaction.,PENDING_BANK,HIGH,APP
CBK0000110,TXN00005150,VALID,USR19275,MCH7578,2026-03-01 00:00:00,DATE_ONLY,2026-01-01 00:00:00,DATE_ONLY,2026-01-20 18:56:14,VALID,2477.97,VALID,UNAUTHORIZED_TRANSACTION,Customer complaint text unclear due to poor call center notes.,REJECTED,MEDIUM,CALL_CENTER
CBK0000851,TXN00015265,VALID,USR52830,MCH1188,2026-02-01 00:00:00,DATE_ONLY,2026-05-02 00:00:00,DATE_ONLY,2026-02-18 00:00:00,DATE_ONLY,9117.57,VALID,UNAUTHORIZED_TRANSACTION,User says upi pin was not entered by them.,CLOSED,MEDIUM,IVR
CBK0000664,TXN00014659,VALID,USR74769,MCH9010,2026-03-12 13:53:38,VALID,2026-03-15 22:53:00,VALID,2026-03-21 00:00:00,DATE_ONLY,1093.6,VALID,UNAUTHORIZED_TRANSACTION,Suspicious high-value payment disputed by customer.,OPEN,CRITICAL,APP
CBK0000737,TXN00008826,VALID,USR85122,MCH9786,2026-01-14 00:00:00,DATE_ONLY,2026-01-24 00:00:00,DATE_ONLY,,MISSING,1347.43,VALID,UNAUTHORIZED_TRANSACTION,Complaint received after multiple failed attempts.,OPEN,LOW,EMAIL
CBK0001284,TXN00000281,VALID,USR46321,MCH9422,2026-01-10 00:00:00,DATE_ONLY,,MISSING,2026-02-11 00:00:00,DATE_ONLY,-1426.33,NEGATIVE,SERVICE_NOT_PROVIDED,User claims account was compromised before transaction.,REJECTED,HIGH,CALL_CENTER
CBK0002010,TXN00008590,VALID,USR58106,MCH9878,2026-01-02 00:00:00,DATE_ONLY,2026-02-06 00:00:00,DATE_ONLY,2026-04-03 16:37:00,VALID,2830.0,VALID,WRONG_AMOUNT,User claims account was compromised before transaction.,OPEN,MEDIUM,EMAIL
CBK0002245,,MISSING,USR77262,MCH9007,,MISSING,2026-03-13 07:52:00,VALID,,MISSING,279.0,VALID,DUPLICATE_DEBIT,Payment made to unknown merchant as per cust statement.,IN_PROGRESS,MEDIUM,CHATBOT
CBK0002235,TXN00009348,VALID,USR81487,MCH6056,2026-03-17 00:00:00,DATE_ONLY,2026-05-01 00:00:00,DATE_ONLY,,MISSING,2309.36,VALID,DUPLICATE_DEBIT,Customer says amount was debited twice.,IN_PROGRESS,LOW,CHATBOT
CBK0001762,TXN00011289,VALID,USR14871,MCH4080,2026-02-19 00:00:00,DATE_ONLY,2026-02-27 00:00:00,DATE_ONLY,2026-03-22 04:25:49,VALID,1035.0,VALID,SERVICE_NOT_PROVIDED,User reports money deducted but merchant denies receiving payment.,IN_PROGRESS,HIGH,BRANCH
CBK0001604,TXN00019626,VALID,USR38245,MCH7973,2026-09-02 00:00:00,DATE_ONLY,2026-02-13 00:00:00,DATE_ONLY,,MISSING,781.0,VALID,UNAUTHORIZED_TRANSACTION,Suspicious high-value payment disputed by customer.,REJECTED,MEDIUM,EMAIL
CBK0002182,TXN00015499,VALID,USR22939,MCH5631,2026-03-11 06:34:26,VALID,2026-03-14 00:00:00,DATE_ONLY,,MISSING,1792.1,VALID,SERVICE_NOT_PROVIDED,Customer says transaction was not authorized.,IN_PROGRESS,LOW,IVR
CBK0000904,,MISSING,USR46902,MCH9120,2026-03-24 00:00:00,DATE_ONLY,2026-03-26 19:54:00,VALID,2026-10-04 19:54:00,VALID,,UNPARSEABLE/NULL,WRONG_AMOUNT,Suspicious high-value payment disputed by customer.,IN_PROGRESS,LOW,CHATBOT
CBK0002381,TXN00011829,VALID,USR54103,MCH7837,,MISSING,2026-01-19 00:00:00,DATE_ONLY,2026-01-28 00:00:00,DATE_ONLY,,UNPARSEABLE/NULL,UNAUTHORIZED_TRANSACTION,Customer says transaction was not authorized.,OPEN,HIGH,CALL_CENTER
CBK0000835,TXN00016557,VALID,USR82094,MCH3363,2026-03-20 00:00:00,DATE_ONLY,2026-03-31 11:25:32,VALID,,MISSING,3670.72,VALID,UNAUTHORIZED_TRANSACTION,User claims account was compromised before transaction. pls check asap,PENDING_BANK,MEDIUM,CALL_CENTER
CBK0000403,TXN00014814,VALID,USR43455,MCH2055,2026-02-14 16:05:00,VALID,,MISSING,2026-07-03 11:05:00,VALID,7081.78,VALID,DUPLICATE_DEBIT,Payment made to unknown merchant as per customer statement.,IN_PROGRESS,LOW,CALL_CENTER
CBK0000426,TXN00001222,VALID,USR40061,MCH7377,2026-01-13 00:00:00,DATE_ONLY,2026-02-13 02:39:13,VALID,,MISSING,10359.87,VALID,SERVICE_NOT_PROVIDED,User reports money deducted but merchant denies receiving payment.,OPEN,MEDIUM,EMAIL
CBK0002539,TXN00001614,VALID,USR85040,MCH7599,2026-02-02 01:33:00,VALID,2026-02-04 00:00:00,DATE_ONLY,,MISSING,13495.0,VALID,SERVICE_NOT_PROVIDED,Customer says amount was debited twice.,PENDING_BANK,LOW,IVR
CBK0000672,TXN00094670,VALID,USR23466,MCH2383,,MISSING,2026-03-19 00:00:00,DATE_ONLY,,MISSING,33780.71,VALID,DUPLICATE_DEBIT,Merchant service was not delivered after payment.,IN_PROGRESS,LOW,EMAIL
CBK0000170,TXN00016286,VALID,USR62841,MCH6175,2026-01-26 00:00:00,DATE_ONLY,,MISSING,,MISSING,800.41,VALID,UNAUTHORIZED_TRANSACTION,Customer says transaction was not authorized.,IN_PROGRESS,MEDIUM,IVR
CBK0000632,TXN00016316,VALID,USR44482,MCH7297,2026-01-10 00:00:00,DATE_ONLY,2026-01-13 00:00:00,DATE_ONLY,2026-01-27 00:00:00,DATE_ONLY,5742.0,VALID,GENERAL_COMPLAINT,User says upi pin was not entered by them.,RESOLVED,LOW,CALL_CENTER
CBK0002133,TXN00010760,VALID,USR68349,MCH2383,,MISSING,2026-01-17 03:43:00,VALID,2026-02-04 00:00:00,DATE_ONLY,1471.98,VALID,GENERAL_COMPLAINT,Customer complaint text unclear due to poor call center notes.,IN_PROGRESS,MEDIUM,BRANCH
CBK0001183,TXN00017897,VALID,USR88749,MCH7263,2026-01-25 00:00:00,DATE_ONLY,2026-01-27 22:56:59,VALID,2026-02-17 22:56:00,VALID,1234.0,VALID,GENERAL_COMPLAINT,Customer complaint text unclear due to poor call center notes.,RESOLVED,MEDIUM,BRANCH
CBK0000342,TXN00004782,VALID,USR30157,MCH5825,2026-01-23 00:00:00,DATE_ONLY,2026-01-26 00:00:00,DATE_ONLY,2026-02-07 00:00:00,DATE_ONLY,779.81,VALID,GENERAL_COMPLAINT,Customer complaint text unclear due to poor call center notes.,REJECTED,MEDIUM,CALL_CENTER
CBK0001451,TXN00003075,VALID,USR13134,MCH6033,2026-01-19 00:00:00,DATE_ONLY,2026-02-03 00:00:00,DATE_ONLY,2026-02-12 00:00:00,DATE_ONLY,2267.96,VALID,WRONG_AMOUNT,User claims account was compromised before transaction.,OPEN,LOW,EMAIL
CBK0002072,TXN00004967,VALID,USR42423,MCH8097,2026-02-21 04:46:00,VALID,2026-02-24 07:46:00,VALID,,MISSING,-952.74,NEGATIVE,DUPLICATE_DEBIT,Suspicious high-value payment disputed by customer.,RESOLVED,LOW,CALL_CENTER
CBK0002486,TXN00007604,VALID,USR66432,MCH6076,2026-02-14 20:40:00,VALID,2026-02-20 00:00:00,DATE_ONLY,2026-03-22 18:40:38,VALID,440.35,VALID,SERVICE_NOT_PROVIDED,Merchant service was not delivered after payment.,OPEN,MEDIUM,CHATBOT
CBK0001104,TXN00007230,VALID,USR60004,MCH8097,2026-03-21 00:00:00,DATE_ONLY,2026-03-22 00:00:00,DATE_ONLY,,MISSING,4334.18,VALID,UNAUTHORIZED_TRANSACTION,Suspicious high-value payment disputed by customer.,RESOLVED,CRITICAL,APP
CBK0000824,TXN00078658,VALID,USR57147,MCH4226,2026-02-18 00:00:00,DATE_ONLY,2026-01-03 00:00:00,DATE_ONLY,2026-03-25 00:00:00,DATE_ONLY,2283.69,VALID,WRONG_AMOUNT,User says upi pin was not entered by them.,CLOSED,CRITICAL,IVR
CBK0000049,TXN00009231,VALID,USR41135,MCH3165,2026-03-11 00:00:00,DATE_ONLY,,MISSING,2026-04-18 00:00:00,DATE_ONLY,669.96,VALID,UNAUTHORIZED_TRANSACTION,Customer complaint text unclear due to poor call center notes.,IN_PROGRESS,LOW,BRANCH
CBK0000576,TXN00019045,VALID,USR84127,MCH4763,2026-02-13 00:00:00,DATE_ONLY,2026-02-16 00:00:00,DATE_ONLY,2026-02-21 00:00:00,DATE_ONLY,4841.06,VALID,UNAUTHORIZED_TRANSACTION,Customer complaint text unclear due to poor call center notes.,PENDING_BANK,MEDIUM,BRANCH
CBK0001936,TXN00016714,VALID,USR63167,MCH9457,2026-01-09 00:00:00,DATE_ONLY,2026-01-12 00:00:00,DATE_ONLY,2026-07-02 00:00:00,DATE_ONLY,,UNPARSEABLE/NULL,GENERAL_COMPLAINT,Suspicious high-value payment disputed by customer.,PENDING_BANK,MEDIUM,IVR
CBK0000103,TXN00008797,VALID,USR69455,MCH2902,2026-03-29 03:22:50,VALID,2026-03-31 00:00:00,DATE_ONLY,2026-04-02 00:00:00,DATE_ONLY,980.58,VALID,UNAUTHORIZED_TRANSACTION,User says upi pin was not entered by them.,PENDING_BANK,MEDIUM,IVR
CBK0001724,TXN00001257,VALID,USR18577,MCH5237,2026-02-06 00:00:00,DATE_ONLY,2026-02-07 03:04:41,VALID,2026-03-01 00:00:00,DATE_ONLY,2576.33,VALID,UNAUTHORIZED_TRANSACTION,Customer says transaction was not authorized.,CLOSED,LOW,IVR
CBK0000243,TXN00006922,VALID,USR46902,MCH2461,2026-02-13 00:00:00,DATE_ONLY,2026-02-15 00:00:00,DATE_ONLY,2026-02-17 00:00:00,DATE_ONLY,-1272.25,NEGATIVE,UNAUTHORIZED_TRANSACTION,User claims account was compromised before transaction.,CLOSED,LOW,APP
CBK0000515,TXN00005131,VALID,USR30157,MCH8694,,MISSING,2026-09-02 07:20:00,VALID,,MISSING,9968.68,VALID,GENERAL_COMPLAINT,Payment made to unknown merchant as per customer statement.,OPEN,MEDIUM,CHATBOT
CBK0002691,TXN00002791,VALID,USR22598,MCH2822,2026-01-27 20:56:14,VALID,2026-11-02 00:00:00,DATE_ONLY,2026-02-23 20:56:14,VALID,15201.89,VALID,SERVICE_NOT_PROVIDED,Customer says transaction was not authorized.,OPEN,CRITICAL,IVR
CBK0001254,TXN00015085,VALID,USR72505,MCH4244,2026-03-23 07:03:00,VALID,2026-03-26 22:03:00,VALID,,MISSING,3569.92,VALID,DUPLICATE_DEBIT,Complaint received after multiple failed attempts.,OPEN,LOW,BRANCH
CBK0002569,TXN00012026,VALID,USR10288,MCH8779,2026-01-12 00:00:00,DATE_ONLY,,MISSING,2026-01-25 00:00:00,DATE_ONLY,4655.0,VALID,UNAUTHORIZED_TRANSACTION,Payment made to unknown merchant as per customer statement.,REJECTED,LOW,APP
CBK0000912,TXN00017717,VALID,USR72474,MCH8508,2026-02-19 00:00:00,DATE_ONLY,2026-02-21 00:00:00,DATE_ONLY,2026-03-11 00:00:00,DATE_ONLY,24414.54,VALID,UNAUTHORIZED_TRANSACTION,Complaint received after multiple failed attempts.,OPEN,LOW,EMAIL
CBK0000379,TXN00005013,VALID,USR11871,MCH1785,2026-02-09 22:37:06,VALID,2026-02-12 17:37:06,VALID,2026-03-10 00:00:00,DATE_ONLY,1946.17,VALID,WRONG_AMOUNT,User claims account was compromised before transaction.,OPEN,LOW,APP
CBK0000529,TXN00016687,VALID,USR79572,MCH6500,2026-01-10 12:15:27,VALID,2026-01-11 00:00:00,DATE_ONLY,,MISSING,15660.34,VALID,SERVICE_NOT_PROVIDED,User reports money deducted but merchant denies receiving payment.,CLOSED,MEDIUM,IVR
CBK0001805,TXN00007244,VALID,USR76141,MCH3777,2026-03-25 00:00:00,DATE_ONLY,2026-03-27 22:50:39,VALID,2026-04-19 00:00:00,DATE_ONLY,3040.89,VALID,UNAUTHORIZED_TRANSACTION,User claims account was compromised before transaction.,IN_PROGRESS,HIGH,CHATBOT
CBK0000881,TXN00009647,VALID,USR95891,MCH5076,2026-03-28 00:00:00,DATE_ONLY,2026-04-01 00:00:00,DATE_ONLY,2026-03-04 01:09:00,VALID,,UNPARSEABLE/NULL,SERVICE_NOT_PROVIDED,User reports money deducted but merchant denies receiving payment.,IN_PROGRESS,MEDIUM,IVR
CBK0001009,TXN00016326,VALID,USR34963,MCH9568,2026-03-13 00:00:00,DATE_ONLY,2026-03-15 00:00:00,DATE_ONLY,2026-04-12 00:00:00,DATE_ONLY,905.23,VALID,WRONG_AMOUNT,User claims account was compromised before transaction.,IN_PROGRESS,LOW,CHATBOT
CBK0002707,TXN00010218,VALID,USR11076,MCH7833,,MISSING,2026-01-30 06:18:41,VALID,2026-01-03 06:18:00,VALID,694.0,VALID,SERVICE_NOT_PROVIDED,User reports money deducted but merchant denies receiving payment.,CLOSED,MEDIUM,BRANCH
CBK0001445,TXN00003088,VALID,USR27045,MCH4407,2026-01-13 00:00:00,DATE_ONLY,2026-01-16 00:00:00,DATE_ONLY,2026-02-10 00:00:00,DATE_ONLY,1019.25,VALID,UNAUTHORIZED_TRANSACTION,User says upi pin was not entered by them.,OPEN,MEDIUM,APP
CBK0001702,TXN00003610,VALID,USR66677,MCH8953,2026-01-30 00:00:00,DATE_ONLY,2026-02-03 00:00:00,DATE_ONLY,2026-02-04 00:00:00,DATE_ONLY,6753.79,VALID,DUPLICATE_DEBIT,Merchant service was not delivered after payment.,CLOSED,LOW,IVR
CBK0002518,TXN00001703,VALID,USR36969,MCH3491,2026-03-13 00:00:00,DATE_ONLY,2026-03-19 00:00:00,DATE_ONLY,,MISSING,1926.45,VALID,SERVICE_NOT_PROVIDED,User reports money deducted but merchant denies receiving payment.,IN_PROGRESS,MEDIUM,EMAIL
CBK0001694,TXN00051122,VALID,USR46938,MCH9841,2026-03-02 00:00:00,DATE_ONLY,2026-03-18 00:00:00,DATE_ONLY,2026-03-25 00:00:00,DATE_ONLY,348.47,VALID,WRONG_AMOUNT,Customer says amount was debited twice.,REJECTED,LOW,EMAIL
CBK0000043,TXN00015200,VALID,USR15181,MCH4051,2026-02-12 05:01:35,VALID,2026-02-15 00:00:00,DATE_ONLY,2026-08-03 00:00:00,DATE_ONLY,,UNPARSEABLE/NULL,WRONG_AMOUNT,Complaint received after multiple failed attempts.,RESOLVED,LOW,IVR
CBK0002493,TXN00014670,VALID,USR79511,MCH9179,2026-03-13 00:00:00,DATE_ONLY,2026-03-19 00:00:00,DATE_ONLY,2026-04-17 00:00:00,DATE_ONLY,1969.23,VALID,UNAUTHORIZED_TRANSACTION,Merchant service was not delivered after payment.,IN_PROGRESS,MEDIUM,IVR
CBK0002402,TXN00015883,VALID,USR71704,MCH9745,2026-01-08 00:00:00,DATE_ONLY,2026-01-19 00:00:00,DATE_ONLY,,MISSING,2183.47,VALID,SERVICE_NOT_PROVIDED,Suspicious high-value payment disputed by customer.,CLOSED,MEDIUM,CALL_CENTER
CBK0000530,TXN00013623,VALID,USR83977,MCH7491,2026-03-23 13:39:00,VALID,2026-03-25 00:00:00,DATE_ONLY,2026-01-04 00:00:00,DATE_ONLY,5881.5,VALID,DUPLICATE_DEBIT,Customer complaint text unclear due to poor call center notes.,REJECTED,HIGH,CHATBOT
CBK0001362,TXN00003264,VALID,USR32927,MCH3566,2026-02-25 05:34:00,VALID,2026-02-28 00:00:00,DATE_ONLY,2026-03-11 00:34:58,VALID,1771.56,VALID,SERVICE_NOT_PROVIDED,User says upi pin was not entered by them.,IN_PROGRESS,HIGH,EMAIL
CBK0000844,TXN00012434,VALID,USR60718,MCH5451,,MISSING,2026-02-26 16:33:00,VALID,2026-03-09 00:00:00,DATE_ONLY,2898.89,VALID,SERVICE_NOT_PROVIDED,Customer says transaction was not authorized.,REJECTED,MEDIUM,CHATBOT
CBK0000560,,MISSING,USR33142,MCH4991,2026-07-03 20:06:00,VALID,2026-03-08 00:00:00,DATE_ONLY,2026-03-11 00:00:00,DATE_ONLY,3235.8,VALID,UNAUTHORIZED_TRANSACTION,Payment made to unknown merchant as per customer statement.,RESOLVED,HIGH,CHATBOT
CBK0001906,TXN00005849,VALID,USR68355,MCH6716,2026-03-31 00:00:00,DATE_ONLY,2026-04-02 04:29:55,VALID,2026-12-04 00:00:00,DATE_ONLY,-2213.96,NEGATIVE,DUPLICATE_DEBIT,Customer says amount was debited twice.,RESOLVED,MEDIUM,CALL_CENTER
CBK0001073,TXN00004089,VALID,USR33934,MCH1529,2026-01-25 00:00:00,DATE_ONLY,2026-01-30 16:41:27,VALID,2026-02-12 00:00:00,DATE_ONLY,493.48,VALID,GENERAL_COMPLAINT,Merchant service was not delivered after payment.,RESOLVED,LOW,CALL_CENTER
CBK0000917,TXN00010215,VALID,USR71348,MCH2938,2026-01-22 00:00:00,DATE_ONLY,2026-02-01 23:51:18,VALID,2026-02-28 00:00:00,DATE_ONLY,6899.7,VALID,SERVICE_NOT_PROVIDED,User says upi pin was not entered by them.,PENDING_BANK,MEDIUM,CHATBOT
CBK0001579,TXN00013935,VALID,USR67399,MCH5294,2026-01-30 00:00:00,DATE_ONLY,,MISSING,2026-02-23 00:00:00,DATE_ONLY,1513.85,VALID,WRONG_AMOUNT,User reports money deducted but merchant denies receiving payment.,PENDING_BANK,LOW,APP
CBK0001324,TXN00002901,VALID,USR43702,MCH2167,2026-03-19 00:00:00,DATE_ONLY,2026-03-29 00:00:00,DATE_ONLY,,MISSING,668.0,VALID,UNAUTHORIZED_TRANSACTION,Suspicious high-value payment disputed by customer.,OPEN,MEDIUM,CHATBOT
CBK0001788,TXN00016160,VALID,USR74134,MCH4181,2026-01-25 00:00:00,DATE_ONLY,2026-02-05 04:45:43,VALID,2026-11-02 04:45:00,VALID,604.17,VALID,DUPLICATE_DEBIT,User says upi pin was not entered by them.,CLOSED,MEDIUM,IVR
CBK0000717,TXN00011204,VALID,USR82688,MCH4181,2026-04-03 00:00:00,DATE_ONLY,,MISSING,2026-03-19 06:54:31,VALID,,UNPARSEABLE/NULL,SERVICE_NOT_PROVIDED,Customer says transaction was not authorized.,REJECTED,HIGH,APP
CBK0002271,TXN00012860,VALID,USR27755,MCH6850,2026-01-27 00:00:00,DATE_ONLY,2026-01-30 23:27:37,VALID,2026-02-10 23:27:37,VALID,4626.0,VALID,UNAUTHORIZED_TRANSACTION,User reports money deducted but merchant denies receiving payment.,PENDING_BANK,LOW,APP
CBK0002524,TXN00010461,VALID,USR72734,MCH2390,2026-03-14 02:52:00,VALID,,MISSING,,MISSING,300.44,VALID,WRONG_AMOUNT,Suspicious high-value payment disputed by customer.,OPEN,LOW,IVR
CBK0000268,TXN00000069,VALID,USR16371,MCH5588,2026-03-21 00:00:00,DATE_ONLY,2026-03-20 00:00:00,DATE_ONLY,2026-03-20 10:09:00,VALID,985.19,VALID,WRONG_AMOUNT,Merchant service was not delivered after payment.,PENDING_BANK,CRITICAL,EMAIL
CBK0000025,TXN00018011,VALID,USR73468,MCH3488,2026-01-18 21:37:05,VALID,2026-01-20 00:00:00,DATE_ONLY,2026-02-12 00:00:00,DATE_ONLY,376.33,VALID,GENERAL_COMPLAINT,Complaint received after multiple failed attempts.,REJECTED,HIGH,IVR
CBK0002252,TXN00018705,VALID,USR30837,MCH4857,2026-02-13 09:40:00,VALID,2026-02-18 00:00:00,DATE_ONLY,2026-02-19 00:00:00,DATE_ONLY,325.69,VALID,GENERAL_COMPLAINT,Customer says amount was debited twice.,PENDING_BANK,LOW,EMAIL
CBK0001230,TXN00015088,VALID,USR49696,MCH6914,2026-01-10 11:58:51,VALID,2026-01-18 00:00:00,DATE_ONLY,2026-02-05 00:00:00,DATE_ONLY,590.13,VALID,SERVICE_NOT_PROVIDED,User reports money deducted but merchant denies receiving payment.,RESOLVED,LOW,CALL_CENTER
CBK0000725,TXN00001816,VALID,USR77595,MCH4624,2026-02-03 00:00:00,DATE_ONLY,2026-02-05 00:11:27,VALID,2026-02-15 00:00:00,DATE_ONLY,506.82,VALID,UNAUTHORIZED_TRANSACTION,Customer says transaction was not authorized.,RESOLVED,HIGH,CHATBOT
CBK0000871,TXN00014130,VALID,USR50013,MCH3815,2026-02-24 14:55:00,VALID,2026-03-02 00:00:00,DATE_ONLY,2026-03-04 00:00:00,DATE_ONLY,6351.69,VALID,UNAUTHORIZED_TRANSACTION,Customer says transaction was not authorized.,PENDING_BANK,MEDIUM,CHATBOT
CBK0001638,TXN00016806,VALID,USR90476,MCH2266,2026-01-23 00:00:00,DATE_ONLY,2026-01-23 08:43:25,VALID,2026-02-11 00:00:00,DATE_ONLY,754.9,VALID,SERVICE_NOT_PROVIDED,Suspicious high-value payment disputed by customer.,CLOSED,MEDIUM,CALL_CENTER
CBK0001862,TXN00015119,VALID,USR29393,MCH2677,2026-01-29 00:00:00,DATE_ONLY,,MISSING,2026-02-25 00:00:00,DATE_ONLY,2069.0,VALID,SERVICE_NOT_PROVIDED,Customer says transaction was not authorized.,REJECTED,LOW,CHATBOT
CBK0000953,TXN00011579,VALID,USR13025,MCH7570,2026-03-02 00:00:00,DATE_ONLY,2026-03-18 00:00:00,DATE_ONLY,2026-04-13 00:00:00,DATE_ONLY,4186.0,VALID,SERVICE_NOT_PROVIDED,User claims account was compromised before transaction.,CLOSED,CRITICAL,CHATBOT
CBK0001597,TXN00014374,VALID,USR80134,MCH4854,2026-06-02 00:00:00,DATE_ONLY,2026-02-06 00:00:00,DATE_ONLY,,MISSING,1445.01,VALID,UNAUTHORIZED_TRANSACTION,Complaint received after multiple failed attempts.,RESOLVED,LOW,BRANCH
CBK0000870,TXN00013994,VALID,USR44954,MCH7833,,MISSING,2026-02-11 00:00:00,DATE_ONLY,2026-02-25 02:46:35,VALID,522.4,VALID,DUPLICATE_DEBIT,User says upi pin was not entered by them.,REJECTED,MEDIUM,IVR
CBK0000954,TXN00009961,VALID,USR59679,MCH7079,2026-03-14 09:02:40,VALID,2026-03-16 00:00:00,DATE_ONLY,2026-12-04 00:00:00,DATE_ONLY,983.39,VALID,GENERAL_COMPLAINT,Merchant service was not delivered after payment.,PENDING_BANK,LOW,IVR
CBK0001048,TXN00006989,VALID,USR32480,MCH4181,2026-03-31 00:00:00,DATE_ONLY,2026-04-02 00:00:00,DATE_ONLY,2026-04-27 00:00:00,DATE_ONLY,1796.19,VALID,UNAUTHORIZED_TRANSACTION,Suspicious high-value payment disputed by customer.,PENDING_BANK,MEDIUM,IVR
CBK0001910,TXN00015728,VALID,USR83310,MCH3536,2026-01-24 00:00:00,DATE_ONLY,2026-01-28 00:00:00,DATE_ONLY,2026-02-06 18:00:46,VALID,791.9,VALID,UNAUTHORIZED_TRANSACTION,Customer complaint text unclear due to poor call center notes.,REJECTED,LOW,EMAIL
CBK0000098,TXN00003777,VALID,USR36855,MCH7866,2026-01-12 00:00:00,DATE_ONLY,2026-01-14 00:00:00,DATE_ONLY,2026-01-17 20:23:00,VALID,177.16,VALID,SERVICE_NOT_PROVIDED,Customer complaint text unclear due to poor call center notes.,PENDING_BANK,MEDIUM,APP
CBK0002471,TXN00004346,VALID,USR67181,MCH1914,2026-01-27 00:00:00,DATE_ONLY,2026-02-02 03:10:00,VALID,,MISSING,2582.05,VALID,UNAUTHORIZED_TRANSACTION,Suspicious high-value payment disputed by customer.,REJECTED,LOW,CALL_CENTER
CBK0002636,TXN00019539,VALID,USR51854,MCH1037,2026-03-10 00:00:00,DATE_ONLY,2026-12-03 00:00:00,DATE_ONLY,,MISSING,671.14,VALID,GENERAL_COMPLAINT,Complaint received after multiple failed attempts.,PENDING_BANK,LOW,BRANCH
CBK0001913,TXN00010478,VALID,USR46902,MCH9912,2026-03-16 00:00:00,DATE_ONLY,2026-03-13 00:00:00,DATE_ONLY,2026-03-31 00:00:00,DATE_ONLY,2872.74,VALID,UNAUTHORIZED_TRANSACTION,Suspicious high-value payment disputed by customer.,IN_PROGRESS,MEDIUM,EMAIL
CBK0001514,TXN00017992,VALID,USR36766,MCH3815,2026-02-12 00:00:00,DATE_ONLY,,MISSING,2026-02-25 00:00:00,DATE_ONLY,1134.77,VALID,WRONG_AMOUNT,Customer says amount was debited twice.,REJECTED,LOW,CHATBOT
CBK0000255,TXN00008054,VALID,USR91954,MCH2417,2026-03-22 00:00:00,DATE_ONLY,2026-03-24 11:29:00,VALID,2026-07-04 00:00:00,DATE_ONLY,472.22,VALID,DUPLICATE_DEBIT,Suspicious high-value payment disputed by customer.,REJECTED,HIGH,BRANCH
CBK0000802,TXN00019956,VALID,USR41434,MCH1767,2026-06-03 00:28:00,VALID,2026-03-09 00:00:00,DATE_ONLY,,MISSING,503.49,VALID,SERVICE_NOT_PROVIDED,User claims account was compromised before transaction.,PENDING_BANK,LOW,IVR
CBK0001917,TXN00019782,VALID,USR15741,MCH5222,2026-01-26 00:00:00,DATE_ONLY,2026-01-28 00:00:00,DATE_ONLY,2026-02-19 00:43:29,VALID,2150.18,VALID,SERVICE_NOT_PROVIDED,Customer says amount was debited twice.,REJECTED,HIGH,IVR
CBK0002006,TXN00008821,VALID,USR51720,MCH8701,2026-02-21 00:00:00,DATE_ONLY,2026-03-24 00:00:00,DATE_ONLY,2026-04-04 00:00:00,DATE_ONLY,2136.49,VALID,UNAUTHORIZED_TRANSACTION,Complaint received after multiple failed attempts.,IN_PROGRESS,LOW,BRANCH
CBK0002151,TXN00009818,VALID,USR97580,MCH2800,2026-01-16 07:14:35,VALID,2026-01-17 00:00:00,DATE_ONLY,,MISSING,2614.31,VALID,UNAUTHORIZED_TRANSACTION,User claims account was compromised before transaction. na,IN_PROGRESS,MEDIUM,CHATBOT
CBK0002043,TXN00009451,VALID,USR14683,MCH5344,2026-02-26 19:22:00,VALID,2026-06-03 01:22:00,VALID,,MISSING,3711.97,VALID,GENERAL_COMPLAINT,Customer says transaction was not authorized.,PENDING_BANK,MEDIUM,CHATBOT
CBK0001861,TXN00008377,VALID,USR29849,MCH5427,,MISSING,,MISSING,2026-03-31 00:00:00,DATE_ONLY,1274.95,VALID,UNAUTHORIZED_TRANSACTION,Payment made to unknown merchant as per customer statement.,IN_PROGRESS,MEDIUM,IVR
CBK0002295,TXN00011080,VALID,USR86500,MCH1485,2026-03-27 00:15:00,VALID,2026-03-28 00:00:00,DATE_ONLY,2026-04-25 13:15:25,VALID,3444.75,VALID,SERVICE_NOT_PROVIDED,Merchant service was not delivered after payment.,RESOLVED,MEDIUM,CHATBOT
CBK0001901,TXN00014122,VALID,USR98061,MCH7055,2026-02-28 00:00:00,DATE_ONLY,2026-03-15 16:03:17,VALID,2026-04-11 16:03:17,VALID,440.57,VALID,GENERAL_COMPLAINT,Customer says transaction was not authorized.,RESOLVED,MEDIUM,CALL_CENTER
CBK0000699,TXN00035789,VALID,USR17657,MCH1670,2026-03-06 00:00:00,DATE_ONLY,2026-08-03 00:00:00,DATE_ONLY,,MISSING,1813.99,VALID,DUPLICATE_DEBIT,Suspicious high-value payment disputed by customer.,RESOLVED,LOW,CHATBOT
CBK0000405,TXN00010731,VALID,USR66391,MCH4181,2026-02-26 18:04:00,VALID,2026-02-28 00:00:00,DATE_ONLY,,MISSING,1916.0,VALID,UNAUTHORIZED_TRANSACTION,User reports money deducted but merchant denies receiving payment.,RESOLVED,LOW,CHATBOT
CBK0001374,TXN00085698,VALID,USR29467,MCH4473,2026-01-20 20:07:30,VALID,2026-01-23 03:07:30,VALID,2026-02-15 00:00:00,DATE_ONLY,551.1,VALID,GENERAL_COMPLAINT,Complaint received after multiple failed attempts.,PENDING_BANK,HIGH,IVR
CBK0000143,TXN00059408,VALID,USR34207,MCH9423,2026-03-20 00:00:00,DATE_ONLY,2026-03-25 00:00:00,DATE_ONLY,2026-04-20 00:00:00,DATE_ONLY,8028.0,VALID,UNAUTHORIZED_TRANSACTION,Suspicious high-value payment disputed by cust.,PENDING_BANK,HIGH,APP
CBK0002488,TXN00002926,VALID,USR83342,MCH8398,2026-02-17 14:21:10,VALID,2026-02-20 00:00:00,DATE_ONLY,2026-03-15 11:21:00,VALID,407.36,VALID,UNAUTHORIZED_TRANSACTION,Payment made to unknown merchant as per customer statement.,CLOSED,CRITICAL,BRANCH
CBK0002319,TXN00011383,VALID,USR79596,MCH3966,2026-03-22 00:00:00,DATE_ONLY,2026-03-23 09:22:00,VALID,2026-04-13 09:22:44,VALID,1933.11,VALID,WRONG_AMOUNT,User reports money deducted but merchant denies receiving payment.,CLOSED,MEDIUM,BRANCH
CBK0002720,TXN00010672,VALID,USR87829,MCH9344,2026-02-12 21:52:01,VALID,2026-02-14 00:00:00,DATE_ONLY,2026-02-18 17:52:00,VALID,2072.0,VALID,SERVICE_NOT_PROVIDED,Customer complaint text unclear due to poor call center notes.,CLOSED,MEDIUM,CHATBOT
CBK0000144,TXN00006125,VALID,USR91671,MCH4943,2026-03-06 23:07:46,VALID,2026-03-12 00:00:00,DATE_ONLY,2026-04-08 00:00:00,DATE_ONLY,2573.59,VALID,SERVICE_NOT_PROVIDED,Merchant service was not delivered after payment. pls check asap,CLOSED,HIGH,CHATBOT
CBK0002039,TXN00005346,VALID,USR68277,MCH2065,2026-01-25 00:00:00,DATE_ONLY,2026-01-27 02:10:02,VALID,,MISSING,-5067.95,NEGATIVE,UNAUTHORIZED_TRANSACTION,Complaint received after multiple failed attempts.,IN_PROGRESS,MEDIUM,CHATBOT
CBK0002476,TXN00056546,VALID,USR63172,MCH4667,2026-03-11 00:00:00,DATE_ONLY,2026-03-14 00:00:00,DATE_ONLY,2026-03-22 00:00:00,DATE_ONLY,,UNPARSEABLE/NULL,WRONG_AMOUNT,User says upi pin was not entered by them.,IN_PROGRESS,MEDIUM,IVR
CBK0000649,TXN00019659,VALID,USR74992,MCH8779,2026-03-04 00:00:00,DATE_ONLY,2026-10-03 00:00:00,DATE_ONLY,2026-03-19 13:25:24,VALID,2545.52,VALID,SERVICE_NOT_PROVIDED,Payment made to unknown merchant as per cust statement.,CLOSED,MEDIUM,IVR
CBK0001419,TXN00003304,VALID,USR91108,MCH2574,2026-07-01 00:00:00,DATE_ONLY,2026-01-11 00:00:00,DATE_ONLY,2026-02-06 00:00:00,DATE_ONLY,6448.11,VALID,UNAUTHORIZED_TRANSACTION,Payment made to unknown merchant as per cust statement.,CLOSED,MEDIUM,BRANCH
CBK0000680,TXN00006440,VALID,USR32302,MCH2383,2026-03-11 00:00:00,DATE_ONLY,2026-03-16 23:47:02,VALID,2026-03-17 00:00:00,DATE_ONLY,6058.0,VALID,WRONG_AMOUNT,Payment made to unknown merchant as per customer statement.,OPEN,LOW,APP
CBK0001400,TXN00013909,VALID,USR85655,MCH5170,2026-03-14 09:46:00,VALID,2026-03-14 13:46:00,VALID,,MISSING,836.05,VALID,UNAUTHORIZED_TRANSACTION,Merchant service was not delivered after payment.,REJECTED,CRITICAL,CALL_CENTER
CBK0002631,TXN00010422,VALID,USR63280,MCH9480,2026-03-21 00:00:00,DATE_ONLY,2026-03-16 00:00:00,DATE_ONLY,2026-04-15 00:00:00,DATE_ONLY,2144.03,VALID,UNAUTHORIZED_TRANSACTION,Payment made to unknown merchant as per customer statement.,REJECTED,MEDIUM,IVR
CBK0000134,TXN00007757,VALID,USR87362,MCH3332,2026-03-19 00:00:00,DATE_ONLY,2026-03-24 00:00:00,DATE_ONLY,2026-04-15 22:34:56,VALID,-2328.13,NEGATIVE,SERVICE_NOT_PROVIDED,Suspicious high-value payment disputed by customer.,OPEN,HIGH,BRANCH
CBK0002742,TXN00015781,VALID,USR70003,MCH5954,2026-10-02 00:00:00,DATE_ONLY,2026-02-20 00:00:00,DATE_ONLY,2026-03-15 04:14:07,VALID,3126.09,VALID,UNAUTHORIZED_TRANSACTION,User says upi pin was not entered by them.,IN_PROGRESS,MEDIUM,APP
CBK0001184,TXN00010902,VALID,USR62254,MCH4226,2026-03-03 00:00:00,DATE_ONLY,2026-03-06 03:53:28,VALID,2026-04-01 00:00:00,DATE_ONLY,3801.16,VALID,GENERAL_COMPLAINT,Complaint received after multiple failed attempts.,REJECTED,MEDIUM,APP
CBK0002704,TXN00013438,VALID,USR19231,MCH9625,2026-05-01 00:00:00,DATE_ONLY,2026-01-05 00:00:00,DATE_ONLY,2026-01-15 00:00:00,DATE_ONLY,532.41,VALID,UNAUTHORIZED_TRANSACTION,Customer complaint text unclear due to poor call center notes.,CLOSED,MEDIUM,CHATBOT
CBK0001780,TXN00012392,VALID,USR78095,MCH8798,2026-03-19 09:14:00,VALID,2026-03-22 00:00:00,DATE_ONLY,,MISSING,687.06,VALID,UNAUTHORIZED_TRANSACTION,Customer says amount was debited twice.,IN_PROGRESS,MEDIUM,EMAIL
CBK0001081,TXN00019947,VALID,USR35882,MCH7833,2026-01-05 00:00:00,DATE_ONLY,2026-01-07 00:00:00,DATE_ONLY,,MISSING,3167.22,VALID,UNAUTHORIZED_TRANSACTION,Customer says transaction was not authorized.,IN_PROGRESS,MEDIUM,EMAIL
CBK0001043,TXN00017300,VALID,USR36485,MCH4326,2026-02-14 17:44:04,VALID,2026-02-16 00:00:00,DATE_ONLY,,MISSING,2554.87,VALID,DUPLICATE_DEBIT,User says upi pin was not entered by them.,PENDING_BANK,HIGH,BRANCH
CBK0001417,TXN00014359,VALID,USR93454,MCH6178,2026-02-23 20:16:08,VALID,2026-03-02 00:00:00,DATE_ONLY,2026-03-06 00:00:00,DATE_ONLY,3642.0,VALID,UNAUTHORIZED_TRANSACTION,Payment made to unknown merchant as per customer statement.,CLOSED,LOW,CHATBOT
CBK0001565,TXN00019006,VALID,USR76917,MCH2053,2026-03-20 00:00:00,DATE_ONLY,2026-03-17 00:00:00,DATE_ONLY,,MISSING,,UNPARSEABLE/NULL,SERVICE_NOT_PROVIDED,Customer says transaction was not authorized.,REJECTED,MEDIUM,IVR
CBK0000830,TXN00007939,VALID,USR55355,MCH2375,2026-01-13 00:00:00,DATE_ONLY,,MISSING,2026-01-24 00:00:00,DATE_ONLY,976.66,VALID,SERVICE_NOT_PROVIDED,Customer says amount was debited twice.,OPEN,MEDIUM,BRANCH
CBK0002595,TXN00006136,VALID,USR28582,MCH5118,,MISSING,2026-02-14 00:00:00,DATE_ONLY,2026-03-14 00:00:00,DATE_ONLY,3785.87,VALID,SERVICE_NOT_PROVIDED,Merchant service was not delivered after payment.,IN_PROGRESS,LOW,IVR
CBK0000253,TXN00009329,VALID,USR58076,MCH4388,2026-02-01 00:00:00,DATE_ONLY,2026-02-02 00:00:00,DATE_ONLY,2026-02-25 00:00:00,DATE_ONLY,648.33,VALID,DUPLICATE_DEBIT,Payment made to unknown merchant as per customer statement.,CLOSED,CRITICAL,APP
CBK0001279,TXN00042287,VALID,USR83181,MCH2757,2026-02-24 00:00:00,DATE_ONLY,2026-02-27 00:00:00,DATE_ONLY,2026-03-12 00:00:00,DATE_ONLY,1318.76,VALID,UNAUTHORIZED_TRANSACTION,User reports money deducted but merchant denies receiving payment.,REJECTED,MEDIUM,APP
CBK0001955,TXN00018686,VALID,USR46407,MCH5510,2026-01-11 17:40:36,VALID,2026-01-17 00:00:00,DATE_ONLY,2026-01-30 00:00:00,DATE_ONLY,530.01,VALID,UNAUTHORIZED_TRANSACTION,Customer says transaction was not authorized.,PENDING_BANK,MEDIUM,CHATBOT
CBK0000119,TXN00079001,VALID,USR68410,MCH1820,2026-03-13 00:00:00,DATE_ONLY,2026-03-15 00:00:00,DATE_ONLY,,MISSING,5620.82,VALID,SERVICE_NOT_PROVIDED,User reports money deducted but merchant denies receiving payment.,RESOLVED,LOW,CHATBOT
CBK0002049,TXN00047225,VALID,USR73797,MCH2065,2026-04-02 00:00:00,DATE_ONLY,2026-02-05 20:41:10,VALID,,MISSING,,UNPARSEABLE/NULL,WRONG_AMOUNT,User says upi pin was not entered by them.,IN_PROGRESS,LOW,CHATBOT
CBK0001489,TXN00014835,VALID,USR25333,MCH5151,2026-02-25 00:00:00,DATE_ONLY,2026-02-28 08:34:00,VALID,,MISSING,2565.94,VALID,UNAUTHORIZED_TRANSACTION,Customer says amount was debited twice.,PENDING_BANK,MEDIUM,IVR
CBK0002698,TXN00019768,VALID,USR65106,MCH2472,2026-03-29 00:00:00,DATE_ONLY,2026-03-31 00:00:00,DATE_ONLY,2026-04-23 16:54:00,VALID,537.48,VALID,UNAUTHORIZED_TRANSACTION,User claims account was compromised before transaction.,RESOLVED,HIGH,BRANCH
CBK0002529,TXN00012156,VALID,USR45756,MCH6446,2026-02-04 00:00:00,DATE_ONLY,2026-09-02 14:09:00,VALID,,MISSING,-1477.28,NEGATIVE,GENERAL_COMPLAINT,Complaint received after multiple failed attempts.,REJECTED,MEDIUM,CHATBOT
CBK0001652,TXN00018423,VALID,USR89267,MCH7879,2026-02-03 00:00:00,DATE_ONLY,2026-08-02 16:45:00,VALID,2026-02-20 00:00:00,DATE_ONLY,1074.0,VALID,SERVICE_NOT_PROVIDED,User reports money deducted but merchant denies receiving payment.,IN_PROGRESS,HIGH,IVR
CBK0001924,TXN00005199,VALID,USR42019,MCH3162,2026-01-09 08:32:40,VALID,2026-11-01 00:00:00,DATE_ONLY,2026-12-01 21:32:00,VALID,2351.11,VALID,UNAUTHORIZED_TRANSACTION,Payment made to unknown merchant as per customer statement.,RESOLVED,LOW,IVR
CBK0001178,TXN00014094,VALID,USR27804,MCH3932,2026-02-27 01:30:01,VALID,,MISSING,2026-03-20 12:30:01,VALID,-2999.91,NEGATIVE,WRONG_AMOUNT,Merchant service was not delivered after payment.,OPEN,MEDIUM,CHATBOT
CBK0002203,TXN00005966,VALID,USR98685,MCH9257,2026-02-22 00:00:00,DATE_ONLY,2026-02-27 10:29:49,VALID,2026-03-29 00:00:00,DATE_ONLY,8500.66,VALID,UNAUTHORIZED_TRANSACTION,Customer says transaction was not authorized. details missing,RESOLVED,MEDIUM,EMAIL
CBK0001473,TXN00001160,VALID,USR20984,MCH6953,2026-02-01 00:00:00,DATE_ONLY,2026-02-01 00:00:00,DATE_ONLY,2026-01-11 00:00:00,DATE_ONLY,2273.54,VALID,DUPLICATE_DEBIT,Customer complaint text unclear due to poor call center notes.,PENDING_BANK,LOW,EMAIL
CBK0001769,TXN00001679,VALID,USR43379,MCH9176,2026-02-21 00:00:00,DATE_ONLY,2026-02-24 11:40:00,VALID,2026-03-06 00:00:00,DATE_ONLY,3976.0,VALID,GENERAL_COMPLAINT,Suspicious high-value payment disputed by customer.,RESOLVED,MEDIUM,CHATBOT
CBK0001563,TXN00004035,VALID,USR38725,MCH4473,2026-08-01 04:46:00,VALID,2026-01-13 00:00:00,DATE_ONLY,2026-02-08 00:00:00,DATE_ONLY,4064.18,VALID,DUPLICATE_DEBIT,User claims account was compromised before transaction.,CLOSED,MEDIUM,IVR
CBK0000763,TXN00005691,VALID,USR98061,MCH6850,2026-02-11 00:00:00,DATE_ONLY,2026-02-14 22:00:46,VALID,2026-03-10 00:00:00,DATE_ONLY,,UNPARSEABLE/NULL,WRONG_AMOUNT,Suspicious high-value payment disputed by customer.,PENDING_BANK,HIGH,EMAIL
CBK0001306,TXN00000143,VALID,USR63816,MCH4399,2026-03-15 00:00:00,DATE_ONLY,2026-03-26 08:39:16,VALID,2026-04-07 00:00:00,DATE_ONLY,449.0,VALID,WRONG_AMOUNT,User says upi pin was not entered by them.,PENDING_BANK,MEDIUM,CALL_CENTER
CBK0002421,TXN00008235,VALID,USR71538,MCH4564,2026-03-24 15:27:52,VALID,2026-03-26 00:00:00,DATE_ONLY,2026-07-04 16:27:00,VALID,1302.0,VALID,GENERAL_COMPLAINT,Customer complaint text unclear due to poor call center notes. call dropped,REJECTED,MEDIUM,BRANCH
CBK0001918,TXN00006549,VALID,USR90740,MCH2943,2026-05-02 01:21:00,VALID,2026-02-10 00:00:00,DATE_ONLY,2026-03-02 00:00:00,DATE_ONLY,905.53,VALID,GENERAL_COMPLAINT,User says upi pin was not entered by them.,REJECTED,LOW,IVR
CBK0001928,TXN00018064,VALID,USR85507,MCH2857,2026-01-02 01:25:56,VALID,2026-09-01 05:25:00,VALID,2026-01-30 00:00:00,DATE_ONLY,590.0,VALID,GENERAL_COMPLAINT,Customer says transaction was not authorized.,RESOLVED,MEDIUM,EMAIL
CBK0001721,TXN00013741,VALID,USR65211,MCH5954,2026-02-08 00:00:00,DATE_ONLY,2026-02-14 00:34:00,VALID,2026-11-03 00:34:00,VALID,1756.23,VALID,SERVICE_NOT_PROVIDED,Complaint received after multiple failed attempts.,CLOSED,HIGH,BRANCH
CBK0001619,TXN00007989,VALID,USR21845,MCH1998,2026-02-17 00:00:00,DATE_ONLY,2026-02-17 00:00:00,DATE_ONLY,2026-02-23 22:05:00,VALID,1245.09,VALID,WRONG_AMOUNT,Customer complaint text unclear due to poor call center notes.,CLOSED,MEDIUM,CHATBOT
CBK0000139,TXN00034566,VALID,USR29306,MCH4355,2026-01-13 06:24:38,VALID,2026-01-15 00:00:00,DATE_ONLY,,MISSING,2696.0,VALID,DUPLICATE_DEBIT,User says upi pin was not entered by them.,REJECTED,LOW,IVR
CBK0001893,TXN00018872,VALID,USR67363,MCH2594,2026-01-31 00:00:00,DATE_ONLY,2026-02-02 00:00:00,DATE_ONLY,,MISSING,4001.57,VALID,UNAUTHORIZED_TRANSACTION,User reports money deducted but merchant denies receiving payment.,REJECTED,MEDIUM,IVR
CBK0001686,TXN00003833,VALID,USR21384,MCH4729,2026-03-18 10:00:38,VALID,2026-03-22 00:00:00,DATE_ONLY,2026-04-17 00:00:00,DATE_ONLY,1688.18,VALID,GENERAL_COMPLAINT,Customer says transaction was not authorized.,OPEN,MEDIUM,IVR
CBK0000868,TXN00017012,VALID,USR26098,MCH2383,2026-02-07 23:22:53,VALID,2026-09-02 00:00:00,DATE_ONLY,,MISSING,990.42,VALID,SERVICE_NOT_PROVIDED,Customer says amount was debited twice.,RESOLVED,MEDIUM,IVR
CBK0002309,TXN00012387,VALID,USR18453,MCH5452,2026-03-02 00:00:00,DATE_ONLY,2026-07-03 00:00:00,DATE_ONLY,,MISSING,-2462.0,NEGATIVE,DUPLICATE_DEBIT,Customer complaint text unclear due to poor call center notes. na,REJECTED,MEDIUM,CHATBOT
CBK0000116,TXN00008116,VALID,USR77356,MCH8789,2026-02-13 00:00:00,DATE_ONLY,2026-02-19 00:00:00,DATE_ONLY,2026-03-16 00:00:00,DATE_ONLY,841.93,VALID,UNAUTHORIZED_TRANSACTION,Suspicious high-value payment disputed by customer.,CLOSED,LOW,IVR
CBK0000093,TXN00009196,VALID,USR28608,MCH7127,2026-01-20 18:00:00,VALID,2026-01-22 00:00:00,DATE_ONLY,2026-02-07 12:00:43,VALID,,UNPARSEABLE/NULL,SERVICE_NOT_PROVIDED,Suspicious high-value payment disputed by customer.,PENDING_BANK,MEDIUM,EMAIL
CBK0000064,TXN00019898,VALID,USR48525,MCH5257,2026-03-13 04:30:00,VALID,2026-03-15 20:30:00,VALID,2026-04-03 20:30:01,VALID,861.86,VALID,WRONG_AMOUNT,Suspicious high-value payment disputed by customer.,CLOSED,MEDIUM,EMAIL
CBK0002119,TXN00005222,VALID,USR53942,MCH6399,2026-01-21 09:16:49,VALID,2026-01-29 00:00:00,DATE_ONLY,,MISSING,1345.55,VALID,UNAUTHORIZED_TRANSACTION,Complaint received after multiple failed attempts.,REJECTED,LOW,IVR
CBK0002412,TXN00003020,VALID,USR96958,MCH8779,2026-03-14 00:00:00,DATE_ONLY,2026-03-17 00:00:00,DATE_ONLY,2026-03-18 20:13:34,VALID,2521.22,VALID,DUPLICATE_DEBIT,User claims account was compromised before transaction.,CLOSED,LOW,EMAIL
CBK0000149,TXN00015300,VALID,USR25559,MCH8125,2026-03-24 00:00:00,DATE_ONLY,,MISSING,,MISSING,753.9,VALID,UNAUTHORIZED_TRANSACTION,Merchant service was not delivered after payment.,IN_PROGRESS,MEDIUM,APP
CBK0002702,TXN00010278,VALID,USR59665,MCH8977,2026-10-03 00:00:00,DATE_ONLY,2026-03-16 05:57:07,VALID,2026-01-04 05:57:00,VALID,-1779.15,NEGATIVE,UNAUTHORIZED_TRANSACTION,Complaint received after multiple failed attempts.,CLOSED,HIGH,IVR
CBK0002747,TXN00010095,VALID,USR18347,MCH9442,2026-03-24 00:00:00,DATE_ONLY,,MISSING,2026-03-30 00:00:00,DATE_ONLY,1820.01,VALID,DUPLICATE_DEBIT,Merchant service was not delivered after payment.,RESOLVED,LOW,EMAIL
CBK0002394,TXN00001169,VALID,USR60198,MCH6518,2026-02-27 00:00:00,DATE_ONLY,2026-03-03 00:00:00,DATE_ONLY,2026-03-16 00:00:00,DATE_ONLY,10453.78,VALID,WRONG_AMOUNT,Customer says transaction was not authorized.,IN_PROGRESS,MEDIUM,CHATBOT
CBK0001574,TXN00019043,VALID,USR90528,MCH6885,2026-01-17 00:00:00,DATE_ONLY,2026-01-22 23:10:00,VALID,2026-02-10 00:00:00,DATE_ONLY,215.0,VALID,UNAUTHORIZED_TRANSACTION,User reports money deducted but merchant denies receiving payment.,PENDING_BANK,HIGH,BRANCH
CBK0002307,TXN00036574,VALID,USR15565,MCH4590,2026-08-02 00:00:00,DATE_ONLY,2026-02-09 00:00:00,DATE_ONLY,2026-02-15 12:46:00,VALID,676.79,VALID,UNAUTHORIZED_TRANSACTION,User reports money deducted but merchant denies receiving payment.,RESOLVED,MEDIUM,CALL_CENTER
CBK0000816,TXN00014266,VALID,USR92332,MCH2146,2026-03-21 11:09:00,VALID,2026-03-21 00:00:00,DATE_ONLY,2026-03-25 00:00:00,DATE_ONLY,,UNPARSEABLE/NULL,GENERAL_COMPLAINT,Customer complaint text unclear due to poor call center notes. details missing,PENDING_BANK,MEDIUM,BRANCH
CBK0001321,TXN00019939,VALID,USR87558,MCH3588,2026-02-19 00:00:00,DATE_ONLY,2026-02-20 00:00:00,DATE_ONLY,2026-09-03 00:00:00,DATE_ONLY,1954.14,VALID,SERVICE_NOT_PROVIDED,User claims account was compromised before transaction. call dropped,RESOLVED,MEDIUM,EMAIL
CBK0000821,TXN00001860,VALID,USR54089,MCH8467,2026-03-21 00:00:00,DATE_ONLY,2026-03-22 00:00:00,DATE_ONLY,,MISSING,,UNPARSEABLE/NULL,UNAUTHORIZED_TRANSACTION,User reports money deducted but merchant denies receiving payment.,OPEN,LOW,IVR
CBK0002326,TXN00005168,VALID,USR42079,MCH6628,2026-01-01 00:00:00,DATE_ONLY,2026-02-01 00:00:00,DATE_ONLY,2026-01-05 00:00:00,DATE_ONLY,5074.67,VALID,UNAUTHORIZED_TRANSACTION,Customer complaint text unclear due to poor call center notes.,RESOLVED,HIGH,CALL_CENTER
CBK0002415,TXN00007375,VALID,USR25624,MCH3252,,MISSING,2026-03-23 00:00:00,DATE_ONLY,2026-04-17 22:41:55,VALID,4608.0,VALID,GENERAL_COMPLAINT,Payment made to unknown merchant as per customer statement.,RESOLVED,HIGH,CALL_CENTER
CBK0001513,TXN00000653,VALID,USR70889,MCH8076,2026-03-15 00:00:00,DATE_ONLY,2026-03-19 00:00:00,DATE_ONLY,2026-04-01 00:00:00,DATE_ONLY,4308.0,VALID,SERVICE_NOT_PROVIDED,Customer says transaction was not authorized.,PENDING_BANK,LOW,APP
CBK0002048,TXN00015397,VALID,USR65030,MCH4270,2026-08-02 00:00:00,DATE_ONLY,,MISSING,2026-04-03 09:53:00,VALID,460.42,VALID,UNAUTHORIZED_TRANSACTION,User reports money deducted but merchant denies receiving payment. call dropped,REJECTED,CRITICAL,BRANCH
CBK0002293,TXN00004932,VALID,USR18205,MCH1981,2026-02-28 11:31:00,VALID,2026-02-24 00:00:00,DATE_ONLY,,MISSING,595.39,VALID,UNAUTHORIZED_TRANSACTION,User reports money deducted but merchant denies receiving payment.,REJECTED,LOW,BRANCH
CBK0000520,TXN00002770,VALID,USR60151,MCH8249,2026-02-22 00:00:00,DATE_ONLY,2026-02-24 00:00:00,DATE_ONLY,2026-03-23 00:00:00,DATE_ONLY,-908.2,NEGATIVE,WRONG_AMOUNT,Customer says amount was debited twice.,IN_PROGRESS,LOW,CHATBOT
CBK0001708,TXN00009350,VALID,USR60818,MCH2906,2026-01-18 00:00:00,DATE_ONLY,,MISSING,2026-01-27 00:00:00,DATE_ONLY,478.75,VALID,WRONG_AMOUNT,Customer says transaction was not authorized.,RESOLVED,MEDIUM,CALL_CENTER
CBK0001097,,MISSING,USR34204,MCH5980,2026-11-03 00:00:00,DATE_ONLY,2026-03-13 00:00:00,DATE_ONLY,2026-03-23 00:00:00,DATE_ONLY,2968.29,VALID,WRONG_AMOUNT,Merchant service was not delivered after payment.,REJECTED,MEDIUM,IVR
CBK0000477,TXN00001582,VALID,USR30157,MCH7030,2026-09-01 00:00:00,DATE_ONLY,2026-10-01 00:00:00,DATE_ONLY,2026-01-20 00:00:00,DATE_ONLY,6740.29,VALID,UNAUTHORIZED_TRANSACTION,User says upi pin was not entered by them.,CLOSED,MEDIUM,IVR
CBK0000740,TXN00019738,VALID,USR22040,MCH1234,2026-03-20 00:00:00,DATE_ONLY,2026-03-26 03:59:33,VALID,2026-04-07 03:59:33,VALID,584.74,VALID,UNAUTHORIZED_TRANSACTION,Merchant service was not delivered after payment.,RESOLVED,LOW,EMAIL
CBK0001907,TXN00014905,VALID,USR24536,MCH2714,2026-02-23 00:00:00,DATE_ONLY,,MISSING,2026-03-23 00:00:00,DATE_ONLY,797.17,VALID,GENERAL_COMPLAINT,Merchant service was not delivered after payment.,OPEN,MEDIUM,APP
CBK0001098,TXN00006667,VALID,USR54912,MCH4734,2026-03-16 00:00:00,DATE_ONLY,2026-03-19 00:00:00,DATE_ONLY,2026-07-04 00:00:00,DATE_ONLY,4240.52,VALID,SERVICE_NOT_PROVIDED,User reports money deducted but merchant denies receiving payment. call dropped,IN_PROGRESS,LOW,CHATBOT
CBK0002034,TXN00014295,VALID,USR46599,MCH7669,2026-02-22 00:00:00,DATE_ONLY,2026-04-09 00:23:56,VALID,2026-05-05 00:23:56,VALID,3265.64,VALID,DUPLICATE_DEBIT,Customer complaint text unclear due to poor call center notes.,RESOLVED,LOW,CALL_CENTER
CBK0000328,TXN00011489,VALID,USR62345,MCH8996,,MISSING,2026-01-26 04:02:00,VALID,2026-01-27 04:02:03,VALID,1419.0,VALID,UNAUTHORIZED_TRANSACTION,Customer says transaction was not authorized.,CLOSED,LOW,CHATBOT
CBK0002510,TXN00049297,VALID,USR99880,MCH1439,2026-02-05 04:07:59,VALID,,MISSING,,MISSING,1707.55,VALID,GENERAL_COMPLAINT,User says upi pin was not entered by them. na,PENDING_BANK,MEDIUM,EMAIL
CBK0000819,TXN00008276,VALID,USR66046,MCH3941,2026-02-25 00:00:00,DATE_ONLY,2026-03-12 00:00:00,DATE_ONLY,2026-03-28 00:00:00,DATE_ONLY,2947.75,VALID,UNAUTHORIZED_TRANSACTION,Suspicious high-value payment disputed by customer.,OPEN,HIGH,CHATBOT
CBK0001301,TXN00005559,VALID,USR98939,MCH5403,2026-10-01 00:00:00,DATE_ONLY,2026-01-07 00:00:00,DATE_ONLY,,MISSING,597.81,VALID,GENERAL_COMPLAINT,Merchant service was not delivered after payment.,REJECTED,MEDIUM,CHATBOT
CBK0000547,TXN00003173,VALID,USR42144,MCH9330,2026-03-22 02:40:00,VALID,2026-03-24 00:00:00,DATE_ONLY,2026-04-14 00:00:00,DATE_ONLY,3014.0,VALID,DUPLICATE_DEBIT,Customer complaint text unclear due to poor call center notes.,REJECTED,LOW,EMAIL
CBK0001625,TXN00006214,VALID,USR39132,MCH3495,2026-02-13 00:00:00,DATE_ONLY,2026-03-30 23:46:00,VALID,2026-04-12 23:46:08,VALID,4111.68,VALID,GENERAL_COMPLAINT,User reports money deducted but merchant denies receiving payment.,CLOSED,MEDIUM,EMAIL
CBK0001515,TXN00000062,VALID,USR11366,MCH2992,,MISSING,2026-07-03 14:01:00,VALID,2026-04-05 00:00:00,DATE_ONLY,330.73,VALID,SERVICE_NOT_PROVIDED,User says upi pin was not entered by them.,CLOSED,LOW,BRANCH
CBK0000788,TXN00003574,VALID,USR22284,MCH4473,2026-03-28 00:00:00,DATE_ONLY,2026-03-30 14:07:24,VALID,2026-04-28 00:00:00,DATE_ONLY,3933.58,VALID,UNAUTHORIZED_TRANSACTION,User says upi pin was not entered by them.,RESOLVED,LOW,BRANCH
CBK0000089,TXN00017797,VALID,USR85655,MCH8344,2026-01-22 00:00:00,DATE_ONLY,2026-01-23 23:22:08,VALID,2026-02-07 00:00:00,DATE_ONLY,1590.47,VALID,SERVICE_NOT_PROVIDED,Complaint received after multiple failed attempts.,OPEN,HIGH,IVR
CBK0002218,TXN00018418,VALID,USR35410,MCH7622,2026-03-13 08:55:08,VALID,2026-03-16 00:00:00,DATE_ONLY,2026-08-04 00:00:00,DATE_ONLY,671.84,VALID,GENERAL_COMPLAINT,Customer says transaction was not authorized.,IN_PROGRESS,HIGH,BRANCH
CBK0001356,TXN00018996,VALID,USR61151,MCH3100,2026-01-25 00:00:00,DATE_ONLY,2026-01-27 00:00:00,DATE_ONLY,2026-02-12 00:00:00,DATE_ONLY,1863.8,VALID,WRONG_AMOUNT,Customer says amount was debited twice.,CLOSED,LOW,IVR
CBK0001028,TXN00007136,VALID,USR67087,MCH5446,2026-03-02 03:15:09,VALID,2026-03-05 00:00:00,DATE_ONLY,2026-03-20 00:15:00,VALID,6758.4,VALID,DUPLICATE_DEBIT,Customer complaint text unclear due to poor call center notes.,IN_PROGRESS,LOW,CALL_CENTER
CBK0000407,TXN00008429,VALID,USR90727,MCH2989,2026-01-13 11:06:46,VALID,2026-01-15 00:00:00,DATE_ONLY,2026-01-18 00:00:00,DATE_ONLY,1512.54,VALID,GENERAL_COMPLAINT,User claims account was compromised before transaction.,IN_PROGRESS,MEDIUM,APP
CBK0000386,TXN00017080,VALID,USR66286,MCH2441,2026-03-02 00:00:00,DATE_ONLY,2026-03-03 00:00:00,DATE_ONLY,,MISSING,687.73,VALID,DUPLICATE_DEBIT,Merchant service was not delivered after payment.,REJECTED,LOW,CHATBOT
CBK0002369,TXN00000843,VALID,USR72135,MCH4517,2026-03-01 00:00:00,DATE_ONLY,2026-03-02 02:12:47,VALID,2026-03-17 02:12:00,VALID,947.54,VALID,UNAUTHORIZED_TRANSACTION,Suspicious high-value payment disputed by customer.,REJECTED,LOW,CALL_CENTER
CBK0001194,TXN00010450,VALID,USR85606,MCH3304,2026-01-20 13:36:47,VALID,2026-01-20 19:36:47,VALID,2026-01-30 00:00:00,DATE_ONLY,1024.0,VALID,UNAUTHORIZED_TRANSACTION,Suspicious high-value payment disputed by cust.,PENDING_BANK,MEDIUM,IVR
CBK0000299,TXN00010454,VALID,USR21651,MCH1397,2026-03-15 00:00:00,DATE_ONLY,2026-03-18 13:17:09,VALID,,MISSING,2554.86,VALID,UNAUTHORIZED_TRANSACTION,Merchant service was not delivered after payment.,IN_PROGRESS,LOW,BRANCH
CBK0000125,TXN00006063,VALID,USR72570,MCH3943,2026-02-14 00:00:00,DATE_ONLY,2026-02-15 11:35:00,VALID,2026-02-18 00:00:00,DATE_ONLY,2157.0,VALID,UNAUTHORIZED_TRANSACTION,User claims account was compromised before transaction.,IN_PROGRESS,HIGH,IVR
CBK0000754,TXN00001826,VALID,USR35882,MCH3115,2026-02-28 00:00:00,DATE_ONLY,2026-10-03 00:00:00,DATE_ONLY,,MISSING,895.55,VALID,GENERAL_COMPLAINT,User claims account was compromised before transaction. urgent,PENDING_BANK,MEDIUM,CHATBOT
CBK0001655,TXN00016496,VALID,USR31906,MCH4225,2026-01-29 00:00:00,DATE_ONLY,2026-06-02 00:00:00,DATE_ONLY,2026-02-13 00:00:00,DATE_ONLY,5996.21,VALID,GENERAL_COMPLAINT,Customer complaint text unclear due to poor call center notes.,RESOLVED,CRITICAL,IVR
CBK0002024,TXN00016207,VALID,USR91246,MCH7726,2026-01-02 00:00:00,DATE_ONLY,2026-04-01 00:00:00,DATE_ONLY,2026-01-24 07:10:00,VALID,628.32,VALID,SERVICE_NOT_PROVIDED,Suspicious high-value payment disputed by customer.,CLOSED,MEDIUM,EMAIL
CBK0001470,TXN00030234,VALID,USR24750,MCH6880,2026-03-24 00:00:00,DATE_ONLY,,MISSING,2026-04-17 00:00:00,DATE_ONLY,1915.5,VALID,UNAUTHORIZED_TRANSACTION,Customer complaint text unclear due to poor call center notes.,CLOSED,MEDIUM,BRANCH
CBK0001499,TXN00016211,VALID,USR84128,MCH7738,2026-03-02 00:00:00,DATE_ONLY,2026-03-03 00:00:00,DATE_ONLY,2026-07-03 00:00:00,DATE_ONLY,-6191.97,NEGATIVE,DUPLICATE_DEBIT,Payment made to unknown merchant as per customer statement.,REJECTED,HIGH,CHATBOT
CBK0002580,TXN00004925,VALID,USR73573,MCH6810,,MISSING,,MISSING,2026-03-25 00:00:00,DATE_ONLY,9977.75,VALID,SERVICE_NOT_PROVIDED,User reports money deducted but merchant denies receiving payment.,REJECTED,MEDIUM,APP
CBK0001399,TXN00015053,VALID,USR20076,MCH5050,2026-05-02 05:08:00,VALID,,MISSING,2026-03-13 05:08:00,VALID,-3746.75,NEGATIVE,DUPLICATE_DEBIT,Merchant service was not delivered after payment.,RESOLVED,MEDIUM,EMAIL
CBK0002120,TXN00008067,VALID,USR62703,MCH7593,2026-01-17 00:08:00,VALID,2026-01-27 01:08:22,VALID,,MISSING,14279.05,VALID,SERVICE_NOT_PROVIDED,Customer complaint text unclear due to poor call center notes.,IN_PROGRESS,CRITICAL,CHATBOT
CBK0000349,TXN00015766,VALID,USR88643,MCH2541,2026-02-12 00:00:00,DATE_ONLY,2026-02-18 02:44:00,VALID,2026-02-25 02:44:00,VALID,2585.25,VALID,UNAUTHORIZED_TRANSACTION,Suspicious high-value payment disputed by customer.,REJECTED,HIGH,IVR
CBK0000160,TXN00015230,VALID,USR38364,MCH5454,2026-02-08 23:09:47,VALID,2026-02-14 02:09:47,VALID,,MISSING,2419.56,VALID,GENERAL_COMPLAINT,Merchant service was not delivered after payment.,PENDING_BANK,HIGH,CALL_CENTER
CBK0001199,TXN00005512,VALID,USR76915,MCH3815,2026-03-07 00:00:00,DATE_ONLY,2026-12-03 00:00:00,DATE_ONLY,2026-01-04 00:00:00,DATE_ONLY,2981.85,VALID,DUPLICATE_DEBIT,Suspicious high-value payment disputed by customer.,IN_PROGRESS,LOW,CHATBOT
CBK0001976,TXN00004835,VALID,USR37357,MCH5772,2026-02-23 04:26:51,VALID,2026-02-20 00:00:00,DATE_ONLY,2026-03-13 04:26:00,VALID,11573.0,VALID,UNAUTHORIZED_TRANSACTION,User reports money deducted but merchant denies receiving payment.,IN_PROGRESS,MEDIUM,IVR
CBK0001819,TXN00014412,VALID,USR27393,MCH9291,2026-01-16 22:17:46,VALID,2026-01-24 00:00:00,DATE_ONLY,,MISSING,,UNPARSEABLE/NULL,WRONG_AMOUNT,Suspicious high-value payment disputed by customer.,REJECTED,MEDIUM,IVR
CBK0001463,TXN00018916,VALID,USR92463,MCH4008,2026-03-25 00:00:00,DATE_ONLY,,MISSING,2026-04-13 00:00:00,DATE_ONLY,1889.0,VALID,WRONG_AMOUNT,User reports money deducted but merchant denies receiving payment. na,PENDING_BANK,MEDIUM,IVR
CBK0002435,TXN00015767,VALID,USR33671,MCH2699,2026-01-03 00:00:00,DATE_ONLY,2026-02-24 01:38:00,VALID,2026-03-19 01:38:00,VALID,1904.98,VALID,SERVICE_NOT_PROVIDED,Merchant service was not delivered after payment.,REJECTED,MEDIUM,CHATBOT
CBK0001554,TXN00012362,VALID,USR87967,MCH3177,2026-02-01 00:00:00,DATE_ONLY,2026-02-08 02:49:19,VALID,2026-02-23 00:00:00,DATE_ONLY,1105.15,VALID,UNAUTHORIZED_TRANSACTION,Merchant service was not delivered after payment.,RESOLVED,LOW,EMAIL
CBK0002443,TXN00017471,VALID,USR44213,MCH3992,2026-02-01 00:00:00,DATE_ONLY,2026-02-04 00:00:00,DATE_ONLY,2026-02-20 00:00:00,DATE_ONLY,918.63,VALID,UNAUTHORIZED_TRANSACTION,User claims account was compromised before transaction.,REJECTED,HIGH,EMAIL
CBK0000204,TXN00014673,VALID,USR21209,MCH8154,2026-01-24 00:00:00,DATE_ONLY,2026-01-26 01:45:00,VALID,2026-10-02 01:45:00,VALID,749.06,VALID,GENERAL_COMPLAINT,Customer says amount was debited twice.,CLOSED,MEDIUM,CALL_CENTER
CBK0002056,TXN00003732,VALID,USR18442,MCH1606,2026-03-03 00:00:00,DATE_ONLY,2026-03-04 00:00:00,DATE_ONLY,,MISSING,5678.98,VALID,UNAUTHORIZED_TRANSACTION,Customer says transaction was not authorized.,RESOLVED,CRITICAL,IVR
CBK0002192,TXN00002316,VALID,USR77746,MCH1674,2026-01-12 04:00:55,VALID,2026-01-14 00:00:00,DATE_ONLY,,MISSING,20754.36,VALID,UNAUTHORIZED_TRANSACTION,Customer says amount was debited twice.,IN_PROGRESS,HIGH,IVR
CBK0002590,TXN00001121,VALID,USR43833,MCH4575,2026-03-23 00:00:00,DATE_ONLY,,MISSING,2026-04-20 10:56:00,VALID,993.0,VALID,SERVICE_NOT_PROVIDED,User says upi pin was not entered by them.,CLOSED,MEDIUM,EMAIL
CBK0001086,TXN00019525,VALID,USR21162,MCH3992,2026-12-01 00:00:00,DATE_ONLY,2026-01-14 08:32:01,VALID,2026-01-22 00:00:00,DATE_ONLY,5874.15,VALID,GENERAL_COMPLAINT,Customer complaint text unclear due to poor call center notes.,IN_PROGRESS,LOW,CALL_CENTER
CBK0002137,TXN00008657,VALID,USR34250,MCH6955,2026-02-23 00:00:00,DATE_ONLY,2026-03-03 03:32:50,VALID,2026-03-28 00:00:00,DATE_ONLY,4252.24,VALID,UNAUTHORIZED_TRANSACTION,Suspicious high-value payment disputed by customer. urgent,OPEN,LOW,IVR
CBK0002492,TXN00001518,VALID,USR20737,MCH5541,2026-03-16 00:00:00,DATE_ONLY,2026-03-18 00:00:00,DATE_ONLY,2026-03-21 00:00:00,DATE_ONLY,9039.58,VALID,GENERAL_COMPLAINT,Complaint received after multiple failed attempts. urgent,IN_PROGRESS,HIGH,EMAIL
CBK0001965,TXN00008205,VALID,USR62398,MCH6714,2026-02-12 00:00:00,DATE_ONLY,2026-02-12 00:00:00,DATE_ONLY,2026-03-01 22:26:43,VALID,1147.39,VALID,UNAUTHORIZED_TRANSACTION,Customer says amount was debited twice. pls check asap,RESOLVED,HIGH,CHATBOT
CBK0001409,TXN00014019,VALID,USR20076,MCH4751,2026-01-14 00:00:00,DATE_ONLY,2026-01-16 00:00:00,DATE_ONLY,2026-01-29 00:00:00,DATE_ONLY,2386.95,VALID,SERVICE_NOT_PROVIDED,User reports money deducted but merchant denies receiving payment.,IN_PROGRESS,MEDIUM,CHATBOT
CBK0000738,TXN00018812,VALID,USR98980,MCH2757,2026-01-05 00:00:00,DATE_ONLY,2026-01-16 00:00:00,DATE_ONLY,2026-02-14 00:00:00,DATE_ONLY,15054.0,VALID,UNAUTHORIZED_TRANSACTION,User says upi pin was not entered by them.,PENDING_BANK,HIGH,CALL_CENTER
CBK0000293,TXN00016470,VALID,USR50092,MCH1879,2026-01-19 00:00:00,DATE_ONLY,2026-01-25 15:05:00,VALID,2026-02-13 00:00:00,DATE_ONLY,1947.05,VALID,GENERAL_COMPLAINT,Suspicious high-value payment disputed by customer.,PENDING_BANK,HIGH,IVR
CBK0001585,TXN00082330,VALID,USR14591,MCH3928,2026-03-31 00:00:00,DATE_ONLY,2026-01-04 21:31:00,VALID,2026-04-21 00:00:00,DATE_ONLY,2452.3,VALID,SERVICE_NOT_PROVIDED,Customer complaint text unclear due to poor call center notes.,PENDING_BANK,CRITICAL,IVR
CBK0000019,TXN00008321,VALID,USR27583,MCH4590,2026-02-22 00:00:00,DATE_ONLY,2026-02-25 00:00:00,DATE_ONLY,2026-02-27 00:00:00,DATE_ONLY,699.14,VALID,DUPLICATE_DEBIT,User says upi pin was not entered by them.,IN_PROGRESS,HIGH,CHATBOT
CBK0001180,TXN00012133,VALID,USR84844,MCH6202,2026-02-01 07:09:49,VALID,2026-02-06 00:00:00,DATE_ONLY,2026-02-27 00:00:00,DATE_ONLY,7361.16,VALID,GENERAL_COMPLAINT,Customer says transaction was not authorized.,PENDING_BANK,MEDIUM,CHATBOT
CBK0000324,TXN00014492,VALID,USR34540,MCH4590,2026-02-01 00:00:00,DATE_ONLY,2026-02-02 13:49:55,VALID,2026-02-25 00:00:00,DATE_ONLY,,UNPARSEABLE/NULL,UNAUTHORIZED_TRANSACTION,User says upi pin was not entered by them.,RESOLVED,HIGH,CHATBOT
CBK0001005,TXN00006695,VALID,USR65902,MCH5655,2026-02-19 11:11:00,VALID,2026-02-22 00:00:00,DATE_ONLY,,MISSING,1671.67,VALID,UNAUTHORIZED_TRANSACTION,Merchant service was not delivered after payment.,PENDING_BANK,MEDIUM,APP
CBK0001149,TXN00013355,VALID,USR52988,MCH1182,2026-03-27 10:20:15,VALID,2026-03-23 10:20:15,VALID,2026-04-20 00:00:00,DATE_ONLY,6746.58,VALID,GENERAL_COMPLAINT,User says upi pin was not entered by them.,RESOLVED,LOW,CHATBOT
CBK0002743,TXN00053543,VALID,USR85742,MCH4473,2026-01-25 01:22:37,VALID,2026-01-25 00:00:00,DATE_ONLY,2026-02-23 00:00:00,DATE_ONLY,299.18,VALID,SERVICE_NOT_PROVIDED,User says upi pin was not entered by them.,REJECTED,LOW,EMAIL
CBK0002526,TXN00014583,VALID,USR53424,MCH7006,2026-03-20 19:24:00,VALID,2026-03-24 00:00:00,DATE_ONLY,2026-04-08 00:00:00,DATE_ONLY,6768.55,VALID,WRONG_AMOUNT,Customer says amount was debited twice.,IN_PROGRESS,LOW,CHATBOT
CBK0000792,TXN00017591,VALID,USR59752,MCH2176,2026-02-07 00:00:00,DATE_ONLY,2026-02-09 00:00:00,DATE_ONLY,2026-02-26 17:50:00,VALID,6180.12,VALID,GENERAL_COMPLAINT,Customer says amount was debited twice.,CLOSED,MEDIUM,EMAIL
CBK0000971,TXN00019356,VALID,USR80212,MCH2335,2026-07-01 00:00:00,DATE_ONLY,2026-10-01 06:07:00,VALID,2026-04-02 00:00:00,DATE_ONLY,6782.66,VALID,UNAUTHORIZED_TRANSACTION,Merchant service was not delivered after payment.,CLOSED,HIGH,IVR
CBK0002752,TXN00009074,VALID,USR58639,MCH4181,2026-01-05 07:07:09,VALID,2026-01-05 00:00:00,DATE_ONLY,,MISSING,611.73,VALID,UNAUTHORIZED_TRANSACTION,Complaint received after multiple failed attempts.,OPEN,MEDIUM,BRANCH
CBK0002406,TXN00019470,VALID,USR71704,MCH3759,2026-03-02 00:00:00,DATE_ONLY,2026-03-04 00:00:00,DATE_ONLY,,MISSING,3505.15,VALID,SERVICE_NOT_PROVIDED,Merchant service was not delivered after payment. urgent,CLOSED,LOW,BRANCH
CBK0000896,TXN00014731,VALID,USR29803,MCH7761,2026-03-25 00:00:00,DATE_ONLY,2026-03-29 04:53:24,VALID,2026-04-13 00:00:00,DATE_ONLY,4988.8,VALID,SERVICE_NOT_PROVIDED,Suspicious high-value payment disputed by cust.,REJECTED,MEDIUM,APP
CBK0000874,TXN00008435,VALID,USR43450,MCH8870,2026-02-03 00:00:00,DATE_ONLY,2026-02-06 00:00:00,DATE_ONLY,2026-03-03 00:00:00,DATE_ONLY,2126.63,VALID,GENERAL_COMPLAINT,User reports money deducted but merchant denies receiving payment.,RESOLVED,MEDIUM,EMAIL
CBK0002644,TXN00006588,VALID,USR72024,MCH7102,2026-03-27 00:00:00,DATE_ONLY,,MISSING,2026-04-20 00:00:00,DATE_ONLY,-1971.85,NEGATIVE,GENERAL_COMPLAINT,Complaint received after multiple failed attempts.,REJECTED,CRITICAL,CHATBOT
CBK0000057,TXN00005197,VALID,USR33934,MCH6452,,MISSING,,MISSING,2026-02-08 00:00:00,DATE_ONLY,5740.0,VALID,UNAUTHORIZED_TRANSACTION,Customer says transaction was not authorized.,PENDING_BANK,MEDIUM,EMAIL
CBK0002367,TXN00000803,VALID,USR40928,MCH2574,2026-10-02 00:00:00,DATE_ONLY,2026-11-02 17:54:00,VALID,2026-02-17 17:54:00,VALID,1719.0,VALID,GENERAL_COMPLAINT,Suspicious high-value payment disputed by customer.,PENDING_BANK,MEDIUM,CALL_CENTER
CBK0001703,TXN00014396,VALID,USR62221,MCH7833,2026-03-30 00:00:00,DATE_ONLY,2026-04-14 00:00:00,DATE_ONLY,,MISSING,1107.61,VALID,UNAUTHORIZED_TRANSACTION,Merchant service was not delivered after payment.,CLOSED,HIGH,APP
CBK0001314,TXN00015397,VALID,USR25021,MCH8657,2026-02-10 00:00:00,DATE_ONLY,2026-02-17 00:00:00,DATE_ONLY,,MISSING,7499.76,VALID,SERVICE_NOT_PROVIDED,Customer says transaction was not authorized.,REJECTED,LOW,IVR
CBK0001319,,MISSING,USR87558,MCH8935,2026-03-28 00:00:00,DATE_ONLY,2026-04-13 00:00:00,DATE_ONLY,2026-12-05 00:00:00,DATE_ONLY,1537.87,VALID,GENERAL_COMPLAINT,User says upi pin was not entered by them.,CLOSED,MEDIUM,CALL_CENTER
CBK0002004,TXN00016498,VALID,USR71282,MCH5954,2026-02-01 14:58:00,VALID,2026-03-01 00:00:00,DATE_ONLY,,MISSING,3489.66,VALID,UNAUTHORIZED_TRANSACTION,Customer complaint text unclear due to poor call center notes.,REJECTED,HIGH,CHATBOT
CBK0000030,TXN00002461,VALID,USR44431,MCH2413,2026-01-18 06:52:30,VALID,2026-01-20 00:00:00,DATE_ONLY,2026-02-05 16:52:30,VALID,,UNPARSEABLE/NULL,UNAUTHORIZED_TRANSACTION,Customer says transaction was not authorized.,RESOLVED,LOW,BRANCH
CBK0001890,,MISSING,USR70787,MCH9165,2026-01-19 00:00:00,DATE_ONLY,2026-01-25 00:00:00,DATE_ONLY,2026-02-24 00:00:00,DATE_ONLY,594.52,VALID,UNAUTHORIZED_TRANSACTION,Complaint received after multiple failed attempts.,CLOSED,MEDIUM,IVR
CBK0001601,TXN00014556,VALID,USR51157,MCH7360,2026-02-14 20:36:49,VALID,2026-02-17 17:36:49,VALID,,MISSING,13308.54,VALID,UNAUTHORIZED_TRANSACTION,Customer says amount was debited twice.,PENDING_BANK,MEDIUM,CHATBOT
CBK0002519,TXN00002544,VALID,USR91069,MCH4788,2026-02-23 04:34:00,VALID,2026-02-23 00:00:00,DATE_ONLY,,MISSING,-3839.34,NEGATIVE,SERVICE_NOT_PROVIDED,User reports money deducted but merchant denies receiving payment.,RESOLVED,LOW,IVR
CBK0002316,TXN00018781,VALID,USR80429,MCH4070,2026-03-14 00:00:00,DATE_ONLY,2026-03-15 00:00:00,DATE_ONLY,2026-03-21 00:00:00,DATE_ONLY,428.55,VALID,UNAUTHORIZED_TRANSACTION,User reports money deducted but merchant denies receiving payment.,RESOLVED,LOW,CHATBOT
CBK0000050,TXN00004935,VALID,USR75712,MCH2076,2026-01-31 00:00:00,DATE_ONLY,2026-01-02 17:11:00,VALID,2026-03-03 00:00:00,DATE_ONLY,18552.59,VALID,GENERAL_COMPLAINT,Suspicious high-value payment disputed by customer.,RESOLVED,LOW,CALL_CENTER
CBK0002086,TXN00004716,VALID,USR14045,MCH9271,2026-01-25 14:59:00,VALID,2026-01-30 21:59:00,VALID,2026-06-02 21:59:00,VALID,169.35,VALID,DUPLICATE_DEBIT,Customer says amount was debited twice. na,REJECTED,MEDIUM,CALL_CENTER
CBK0002244,,MISSING,USR64363,MCH2948,2026-01-03 00:00:00,DATE_ONLY,2026-01-04 00:00:00,DATE_ONLY,,MISSING,4378.8,VALID,DUPLICATE_DEBIT,User reports money deducted but merchant denies receiving payment.,REJECTED,MEDIUM,CALL_CENTER
CBK0000467,TXN00009035,VALID,USR66080,MCH9242,2026-02-20 19:44:28,VALID,2026-02-21 09:44:28,VALID,,MISSING,1224.57,VALID,UNAUTHORIZED_TRANSACTION,Customer says amount was debited twice.,RESOLVED,LOW,BRANCH
CBK0002168,TXN00002821,VALID,USR83150,MCH5655,2026-10-02 00:00:00,DATE_ONLY,2026-02-11 00:00:00,DATE_ONLY,,MISSING,4707.47,VALID,UNAUTHORIZED_TRANSACTION,Customer says amount was debited twice.,RESOLVED,LOW,IVR
CBK0000988,TXN00007940,VALID,USR74004,MCH2383,2026-03-14 00:00:00,DATE_ONLY,2026-03-22 11:13:00,VALID,,MISSING,1608.0,VALID,UNAUTHORIZED_TRANSACTION,User claims account was compromised before transaction. na,CLOSED,HIGH,CHATBOT
CBK0001035,TXN00012639,VALID,USR38128,MCH9737,2026-01-19 00:00:00,DATE_ONLY,2026-01-20 00:00:00,DATE_ONLY,2026-02-13 00:00:00,DATE_ONLY,3681.26,VALID,WRONG_AMOUNT,Payment made to unknown merchant as per customer statement.,IN_PROGRESS,HIGH,CALL_CENTER
CBK0002784,TXN00003041,VALID,USR21253,MCH2118,2026-01-18 17:10:46,VALID,2026-02-02 17:10:46,VALID,,MISSING,4136.0,VALID,SERVICE_NOT_PROVIDED,User reports money deducted but merchant denies receiving payment.,RESOLVED,MEDIUM,EMAIL
CBK0001119,TXN00013564,VALID,USR13165,MCH8547,2026-01-04 00:00:00,DATE_ONLY,2026-01-04 19:22:27,VALID,2026-01-24 00:00:00,DATE_ONLY,-4295.67,NEGATIVE,SERVICE_NOT_PROVIDED,Complaint received after multiple failed attempts. na,IN_PROGRESS,MEDIUM,CALL_CENTER
CBK0002692,TXN00011494,VALID,USR52887,MCH1757,2026-01-25 00:00:00,DATE_ONLY,2026-02-05 07:06:20,VALID,2026-03-01 00:00:00,DATE_ONLY,-1084.65,NEGATIVE,UNAUTHORIZED_TRANSACTION,Payment made to unknown merchant as per customer statement.,REJECTED,LOW,IVR
CBK0001902,TXN00008905,VALID,USR53056,MCH5119,,MISSING,,MISSING,,MISSING,1362.36,VALID,WRONG_AMOUNT,User claims account was compromised before transaction.,PENDING_BANK,CRITICAL,IVR
CBK0002606,TXN00018342,VALID,USR69706,MCH8779,2026-03-23 00:00:00,DATE_ONLY,2026-03-25 00:00:00,DATE_ONLY,2026-04-04 00:00:00,DATE_ONLY,2231.66,VALID,UNAUTHORIZED_TRANSACTION,Payment made to unknown merchant as per customer statement.,IN_PROGRESS,CRITICAL,IVR
CBK0001896,TXN00005799,VALID,USR97580,MCH8791,2026-01-06 10:14:34,VALID,2026-01-12 00:00:00,DATE_ONLY,2026-01-14 01:14:34,VALID,674.67,VALID,WRONG_AMOUNT,Customer complaint text unclear due to poor call center notes.,CLOSED,CRITICAL,CHATBOT
CBK0002555,TXN00003972,VALID,USR76553,MCH1320,,MISSING,2026-01-18 07:02:56,VALID,,MISSING,4309.44,VALID,SERVICE_NOT_PROVIDED,User reports money deducted but merchant denies receiving payment.,OPEN,LOW,EMAIL
CBK0002064,,MISSING,USR68861,MCH3516,2026-03-29 00:00:00,DATE_ONLY,2026-04-14 00:00:00,DATE_ONLY,2026-05-07 00:00:00,DATE_ONLY,-1531.2,NEGATIVE,GENERAL_COMPLAINT,Customer says transaction was not authorized.,PENDING_BANK,LOW,CHATBOT
CBK0002521,TXN00013602,VALID,USR98636,MCH1574,,MISSING,2026-03-15 00:00:00,DATE_ONLY,,MISSING,2090.68,VALID,UNAUTHORIZED_TRANSACTION,Merchant service was not delivered after payment.,IN_PROGRESS,CRITICAL,CHATBOT
CBK0000615,TXN00002775,VALID,USR83032,MCH3402,2026-01-07 00:00:00,DATE_ONLY,2026-01-18 06:04:00,VALID,2026-02-16 06:04:00,VALID,1908.8,VALID,UNAUTHORIZED_TRANSACTION,Customer says amount was debited twice.,OPEN,HIGH,EMAIL
CBK0002405,TXN00017196,VALID,USR45251,MCH2538,2026-06-03 00:00:00,DATE_ONLY,2026-03-07 02:28:07,VALID,2026-03-09 02:28:07,VALID,9937.63,VALID,UNAUTHORIZED_TRANSACTION,Complaint received after multiple failed attempts.,IN_PROGRESS,MEDIUM,CHATBOT
CBK0002453,TXN00013396,VALID,USR24527,MCH2822,2026-02-23 00:00:00,DATE_ONLY,,MISSING,2026-03-24 00:00:00,DATE_ONLY,203.0,VALID,SERVICE_NOT_PROVIDED,User claims account was compromised before transaction.,OPEN,LOW,IVR
CBK0001288,TXN00038794,VALID,USR82920,MCH5755,2026-10-03 00:00:00,DATE_ONLY,2026-04-10 02:16:42,VALID,2026-04-24 02:16:00,VALID,1144.0,VALID,WRONG_AMOUNT,User says upi pin was not entered by them.,OPEN,HIGH,CHATBOT
CBK0000696,TXN00007676,VALID,USR33564,MCH3259,2026-02-28 00:00:00,DATE_ONLY,2026-02-28 00:00:00,DATE_ONLY,2026-03-01 09:11:30,VALID,841.13,VALID,GENERAL_COMPLAINT,Customer says transaction was not authorized.,IN_PROGRESS,CRITICAL,IVR
CBK0002448,TXN00004698,VALID,USR56276,MCH3396,2026-03-15 05:45:53,VALID,,MISSING,,MISSING,1942.99,VALID,GENERAL_COMPLAINT,Suspicious high-value payment disputed by customer.,CLOSED,LOW,IVR
CBK0000897,,MISSING,USR78326,MCH2266,2026-01-24 00:00:00,DATE_ONLY,2026-01-27 00:00:00,DATE_ONLY,,MISSING,1390.61,VALID,DUPLICATE_DEBIT,User claims account was compromised before transaction.,CLOSED,LOW,BRANCH
CBK0000464,TXN00001948,VALID,USR72135,MCH8274,2026-11-03 00:50:00,VALID,2026-10-04 00:00:00,DATE_ONLY,2026-04-24 23:50:00,VALID,3935.87,VALID,SERVICE_NOT_PROVIDED,Complaint received after multiple failed attempts.,RESOLVED,LOW,CHATBOT
CBK0002482,TXN00018844,VALID,USR39808,MCH5330,2026-01-26 00:00:00,DATE_ONLY,2026-02-02 03:31:15,VALID,,MISSING,6620.7,VALID,SERVICE_NOT_PROVIDED,Payment made to unknown merchant as per customer statement.,PENDING_BANK,MEDIUM,CHATBOT
CBK0000411,TXN00003133,VALID,USR48609,MCH3992,,MISSING,2026-03-20 00:00:00,DATE_ONLY,2026-04-16 00:00:00,DATE_ONLY,3287.47,VALID,UNAUTHORIZED_TRANSACTION,Complaint received after multiple failed attempts.,PENDING_BANK,MEDIUM,EMAIL
CBK0000722,TXN00014532,VALID,USR42970,MCH9937,2026-02-28 00:00:00,DATE_ONLY,2026-03-04 00:00:00,DATE_ONLY,2026-03-11 00:00:00,DATE_ONLY,4825.86,VALID,WRONG_AMOUNT,Customer says transaction was not authorized.,REJECTED,HIGH,IVR
CBK0001545,TXN00005459,VALID,USR26201,MCH9867,,MISSING,2026-02-15 00:00:00,DATE_ONLY,2026-02-21 00:00:00,DATE_ONLY,2038.0,VALID,UNAUTHORIZED_TRANSACTION,User claims account was compromised before transaction.,REJECTED,LOW,APP
CBK0000145,TXN00009456,VALID,USR21384,MCH8779,2026-02-23 00:00:00,DATE_ONLY,,MISSING,2026-03-21 00:00:00,DATE_ONLY,3537.13,VALID,GENERAL_COMPLAINT,Complaint received after multiple failed attempts.,IN_PROGRESS,MEDIUM,CHATBOT
CBK0001154,TXN00007949,VALID,USR61761,MCH5076,,MISSING,2026-01-25 17:35:49,VALID,2026-02-10 00:00:00,DATE_ONLY,2276.53,VALID,UNAUTHORIZED_TRANSACTION,Complaint received after multiple failed attempts.,RESOLVED,LOW,IVR
CBK0002135,TXN00017607,VALID,USR62613,MCH1320,2026-09-02 00:00:00,DATE_ONLY,2026-03-11 00:00:00,DATE_ONLY,2026-03-21 09:52:20,VALID,291.0,VALID,UNAUTHORIZED_TRANSACTION,Suspicious high-value payment disputed by customer. details missing,OPEN,LOW,EMAIL
CBK0000048,TXN00003553,VALID,USR11419,MCH5833,2026-02-22 00:00:00,DATE_ONLY,2026-02-26 00:00:00,DATE_ONLY,2026-07-03 03:45:00,VALID,3278.36,VALID,UNAUTHORIZED_TRANSACTION,Customer says transaction was not authorized.,PENDING_BANK,MEDIUM,EMAIL
CBK0000719,TXN00008362,VALID,USR51141,MCH4473,2026-03-23 00:00:00,DATE_ONLY,2026-05-07 11:49:41,VALID,2026-05-31 11:49:00,VALID,716.05,VALID,SERVICE_NOT_PROVIDED,Payment made to unknown merchant as per customer statement.,IN_PROGRESS,LOW,APP
CBK0001188,,MISSING,USR99905,MCH7881,2026-10-02 09:30:00,VALID,2026-02-20 00:00:00,DATE_ONLY,2026-03-05 21:30:45,VALID,6211.43,VALID,UNAUTHORIZED_TRANSACTION,User reports money deducted but merchant denies receiving payment.,CLOSED,HIGH,IVR
CBK0001540,TXN00018190,VALID,USR83597,MCH5264,,MISSING,2026-02-24 00:00:00,DATE_ONLY,,MISSING,3985.84,VALID,UNAUTHORIZED_TRANSACTION,Customer complaint text unclear due to poor call center notes.,REJECTED,MEDIUM,IVR
CBK0002666,TXN00005307,VALID,USR63160,MCH3992,2026-02-23 00:09:00,VALID,2026-02-24 00:00:00,DATE_ONLY,2026-03-26 17:09:06,VALID,,UNPARSEABLE/NULL,GENERAL_COMPLAINT,Complaint received after multiple failed attempts.,CLOSED,LOW,APP
CBK0000111,TXN00019912,VALID,USR43416,MCH5748,2026-02-28 00:00:00,DATE_ONLY,2026-03-08 00:41:12,VALID,2026-03-13 00:00:00,DATE_ONLY,2124.72,VALID,SERVICE_NOT_PROVIDED,User says upi pin was not entered by them.,OPEN,LOW,EMAIL
CBK0000561,TXN00011891,VALID,USR27107,MCH8154,2026-02-23 00:00:00,DATE_ONLY,,MISSING,2026-03-19 00:00:00,DATE_ONLY,146.7,VALID,UNAUTHORIZED_TRANSACTION,Customer complaint text unclear due to poor call center notes.,OPEN,HIGH,CHATBOT
CBK0001938,TXN00010250,VALID,USR52258,MCH7697,2026-01-29 00:00:00,DATE_ONLY,2026-01-30 00:00:00,DATE_ONLY,2026-02-09 00:00:00,DATE_ONLY,,UNPARSEABLE/NULL,UNAUTHORIZED_TRANSACTION,Complaint received after multiple failed attempts.,OPEN,LOW,APP
CBK0001070,TXN00006138,VALID,USR72463,MCH7131,2026-02-21 00:00:00,DATE_ONLY,2026-02-28 00:00:00,DATE_ONLY,,MISSING,486.96,VALID,UNAUTHORIZED_TRANSACTION,Merchant service was not delivered after payment.,CLOSED,LOW,IVR
CBK0001240,TXN00005144,VALID,USR87558,MCH2223,2026-02-17 14:32:16,VALID,2026-02-25 00:00:00,DATE_ONLY,2026-03-07 00:00:00,DATE_ONLY,1262.32,VALID,UNAUTHORIZED_TRANSACTION,Merchant service was not delivered after payment.,RESOLVED,LOW,IVR
CBK0001172,TXN00000950,VALID,USR35692,MCH2757,2026-03-03 14:07:36,VALID,2026-03-05 00:00:00,DATE_ONLY,2026-03-22 00:00:00,DATE_ONLY,1749.52,VALID,DUPLICATE_DEBIT,Customer says amount was debited twice.,REJECTED,LOW,EMAIL
CBK0002786,TXN00001975,VALID,USR44809,MCH9291,2026-11-03 00:00:00,DATE_ONLY,2026-03-14 00:00:00,DATE_ONLY,2026-03-16 06:59:19,VALID,1823.8,VALID,UNAUTHORIZED_TRANSACTION,Customer says transaction was not authorized.,RESOLVED,HIGH,IVR
CBK0001609,TXN00011210,VALID,USR50352,MCH2706,2026-02-20 08:31:54,VALID,2026-02-23 00:00:00,DATE_ONLY,2026-03-02 00:00:00,DATE_ONLY,1853.91,VALID,UNAUTHORIZED_TRANSACTION,User claims account was compromised before transaction.,OPEN,MEDIUM,IVR
CBK0000209,TXN00059223,VALID,USR24507,MCH4782,,MISSING,2026-02-17 00:00:00,DATE_ONLY,,MISSING,902.0,VALID,DUPLICATE_DEBIT,Payment made to unknown merchant as per cust statement.,OPEN,HIGH,APP
CBK0002101,TXN00010055,VALID,USR53903,MCH2065,2026-01-22 00:00:00,DATE_ONLY,2026-01-28 00:51:01,VALID,2026-02-13 00:00:00,DATE_ONLY,3918.28,VALID,WRONG_AMOUNT,User reports money deducted but merchant denies receiving payment.,REJECTED,MEDIUM,IVR
CBK0002166,TXN00005750,VALID,USR64580,MCH5980,2026-03-21 07:22:46,VALID,2026-03-22 00:00:00,DATE_ONLY,2026-04-02 00:00:00,DATE_ONLY,1459.51,VALID,SERVICE_NOT_PROVIDED,Customer says transaction was not authorized.,IN_PROGRESS,MEDIUM,IVR
CBK0001971,TXN00001893,VALID,USR40538,MCH4473,2026-03-25 04:27:22,VALID,2026-03-26 00:00:00,DATE_ONLY,2026-04-20 00:00:00,DATE_ONLY,1059.97,VALID,DUPLICATE_DEBIT,Customer complaint text unclear due to poor call center notes.,RESOLVED,LOW,CALL_CENTER
CBK0000872,TXN00015686,VALID,USR41987,MCH4226,2026-02-27 00:00:00,DATE_ONLY,2026-04-03 09:09:00,VALID,2026-03-04 00:00:00,DATE_ONLY,4354.56,VALID,DUPLICATE_DEBIT,Complaint received after multiple failed attempts.,RESOLVED,MEDIUM,APP
CBK0002618,TXN00011168,VALID,USR44759,MCH5594,2026-01-06 00:00:00,DATE_ONLY,2026-01-10 00:35:07,VALID,2026-01-27 00:00:00,DATE_ONLY,5239.53,VALID,UNAUTHORIZED_TRANSACTION,Customer complaint text unclear due to poor call center notes. call dropped,REJECTED,MEDIUM,CHATBOT
CBK0000176,TXN00001405,VALID,USR91859,MCH2900,2026-03-13 00:00:00,DATE_ONLY,2026-03-18 14:11:00,VALID,2026-04-05 00:00:00,DATE_ONLY,2105.51,VALID,SERVICE_NOT_PROVIDED,Merchant service was not delivered after payment. call dropped,CLOSED,MEDIUM,CHATBOT
CBK0001836,TXN00002935,VALID,USR58979,MCH4535,2026-01-17 00:00:00,DATE_ONLY,2026-01-19 14:28:40,VALID,,MISSING,318.65,VALID,SERVICE_NOT_PROVIDED,Customer says transaction was not authorized.,RESOLVED,LOW,IVR
CBK0000130,TXN00002672,VALID,USR96637,MCH4181,2026-01-06 00:00:00,DATE_ONLY,2026-01-13 13:42:00,VALID,,MISSING,4547.87,VALID,WRONG_AMOUNT,User reports money deducted but merchant denies receiving payment.,PENDING_BANK,LOW,EMAIL
CBK0001271,TXN00015189,VALID,USR33650,MCH4181,2026-01-10 13:57:59,VALID,2026-01-13 20:57:59,VALID,2026-01-18 00:00:00,DATE_ONLY,638.59,VALID,UNAUTHORIZED_TRANSACTION,User claims account was compromised before transaction.,REJECTED,HIGH,IVR
CBK0001593,TXN00015434,VALID,USR18724,MCH7728,2026-05-03 10:42:00,VALID,2026-03-21 07:42:38,VALID,2026-07-04 00:00:00,DATE_ONLY,8317.58,VALID,UNAUTHORIZED_TRANSACTION,Customer says transaction was not authorized.,PENDING_BANK,MEDIUM,EMAIL
CBK0001879,TXN00007654,VALID,USR60131,MCH8887,2026-05-02 01:30:00,VALID,2026-06-02 23:30:00,VALID,,MISSING,552.24,VALID,WRONG_AMOUNT,Complaint received after multiple failed attempts.,RESOLVED,LOW,IVR
CBK0001717,TXN00005246,VALID,USR87318,MCH2104,2026-04-03 12:35:00,VALID,2026-03-08 00:35:05,VALID,,MISSING,-99.96,NEGATIVE,DUPLICATE_DEBIT,User says upi pin was not entered by them.,REJECTED,LOW,IVR
CBK0000702,TXN00017072,VALID,USR56312,MCH5133,2026-01-18 03:52:25,VALID,2026-01-23 00:00:00,DATE_ONLY,2026-02-07 00:00:00,DATE_ONLY,15432.0,VALID,WRONG_AMOUNT,Customer says amount was debited twice.,IN_PROGRESS,HIGH,IVR
CBK0002647,TXN00099966,VALID,USR24761,MCH4392,2026-01-24 00:00:00,DATE_ONLY,2026-01-27 09:02:00,VALID,2026-02-20 09:02:00,VALID,-841.29,NEGATIVE,WRONG_AMOUNT,User reports money deducted but merchant denies receiving payment.,OPEN,MEDIUM,BRANCH
CBK0001723,TXN00000941,VALID,USR58335,MCH7616,,MISSING,2026-01-07 07:32:40,VALID,2026-01-20 00:00:00,DATE_ONLY,6049.12,VALID,UNAUTHORIZED_TRANSACTION,Complaint received after multiple failed attempts.,CLOSED,LOW,BRANCH
CBK0002770,TXN00013498,VALID,USR24608,MCH3992,2026-01-05 17:13:36,VALID,2026-02-05 00:00:00,DATE_ONLY,,MISSING,469.12,VALID,UNAUTHORIZED_TRANSACTION,Customer says transaction was not authorized.,PENDING_BANK,LOW,IVR
CBK0002346,TXN00001292,VALID,USR25528,MCH6328,2026-03-24 00:00:00,DATE_ONLY,,MISSING,2026-05-05 00:00:00,DATE_ONLY,33975.77,VALID,SERVICE_NOT_PROVIDED,Customer says transaction was not authorized.,OPEN,LOW,EMAIL
CBK0002487,TXN00009313,VALID,USR32981,MCH1201,2026-02-03 00:00:00,DATE_ONLY,2026-02-10 00:00:00,DATE_ONLY,2026-03-03 00:00:00,DATE_ONLY,1561.28,VALID,GENERAL_COMPLAINT,Payment made to unknown merchant as per customer statement.,REJECTED,LOW,IVR
CBK0001909,TXN00015341,VALID,USR51939,MCH4348,2026-02-27 00:00:00,DATE_ONLY,2026-04-14 00:00:00,DATE_ONLY,2026-05-01 00:00:00,DATE_ONLY,5481.51,VALID,DUPLICATE_DEBIT,Merchant service was not delivered after payment.,IN_PROGRESS,MEDIUM,CHATBOT
CBK0002234,TXN00016207,VALID,USR61715,MCH6850,2026-01-13 00:00:00,DATE_ONLY,2026-01-23 00:00:00,DATE_ONLY,2026-01-29 15:38:41,VALID,1383.0,VALID,UNAUTHORIZED_TRANSACTION,Merchant service was not delivered after payment.,PENDING_BANK,HIGH,BRANCH
CBK0000854,TXN00000164,VALID,USR17326,MCH7017,2026-01-01 05:32:00,VALID,2026-01-08 00:00:00,DATE_ONLY,2026-02-02 00:00:00,DATE_ONLY,3086.0,VALID,UNAUTHORIZED_TRANSACTION,Complaint received after multiple failed attempts.,OPEN,CRITICAL,EMAIL
CBK0002376,TXN00004589,VALID,USR76792,MCH5515,2026-01-20 11:45:52,VALID,2026-01-30 20:45:00,VALID,2026-08-02 00:00:00,DATE_ONLY,1100.37,VALID,UNAUTHORIZED_TRANSACTION,Suspicious high-value payment disputed by customer.,IN_PROGRESS,MEDIUM,IVR
CBK0002540,TXN00010104,VALID,USR46321,MCH2065,2026-03-04 00:00:00,DATE_ONLY,2026-06-03 00:00:00,DATE_ONLY,,MISSING,1912.26,VALID,DUPLICATE_DEBIT,Merchant service was not delivered after payment.,OPEN,HIGH,IVR
CBK0001666,TXN00018160,VALID,USR11659,MCH6810,2026-02-28 00:00:00,DATE_ONLY,2026-03-01 00:00:00,DATE_ONLY,2026-03-17 08:39:00,VALID,482.0,VALID,SERVICE_NOT_PROVIDED,Complaint received after multiple failed attempts.,PENDING_BANK,MEDIUM,CHATBOT
CBK0001340,TXN00001898,VALID,USR41763,MCH4190,2026-02-25 08:15:11,VALID,2026-03-03 00:00:00,DATE_ONLY,2026-03-06 06:15:11,VALID,638.96,VALID,UNAUTHORIZED_TRANSACTION,Complaint received after multiple failed attempts.,RESOLVED,MEDIUM,IVR
CBK0002616,TXN00000806,VALID,USR30612,MCH2757,2026-02-10 00:00:00,DATE_ONLY,2026-02-11 03:28:31,VALID,2026-05-03 03:28:00,VALID,3611.11,VALID,SERVICE_NOT_PROVIDED,Customer says transaction was not authorized.,RESOLVED,LOW,CHATBOT
CBK0000813,TXN00008478,VALID,USR72576,MCH2072,2026-03-03 00:00:00,DATE_ONLY,2026-03-08 22:39:44,VALID,2026-04-05 00:00:00,DATE_ONLY,2598.96,VALID,DUPLICATE_DEBIT,User claims account was compromised before transaction.,CLOSED,CRITICAL,APP
CBK0000244,TXN00005487,VALID,USR31599,MCH6810,2026-02-26 00:00:00,DATE_ONLY,2026-03-01 00:00:00,DATE_ONLY,2026-08-03 00:00:00,DATE_ONLY,,UNPARSEABLE/NULL,DUPLICATE_DEBIT,User claims account was compromised before transaction.,CLOSED,HIGH,BRANCH
CBK0002653,TXN00000675,VALID,USR49080,MCH5147,2026-02-24 00:00:00,DATE_ONLY,2026-02-25 18:22:00,VALID,2026-03-20 00:00:00,DATE_ONLY,3743.54,VALID,SERVICE_NOT_PROVIDED,Payment made to unknown merchant as per cust statement.,IN_PROGRESS,LOW,IVR
CBK0001966,TXN00005813,VALID,USR30602,MCH6570,2026-03-12 21:54:53,VALID,2026-03-15 02:54:53,VALID,2026-03-30 00:00:00,DATE_ONLY,1708.0,VALID,GENERAL_COMPLAINT,Payment made to unknown merchant as per customer statement.,CLOSED,HIGH,CALL_CENTER
CBK0000687,TXN00005195,VALID,USR53215,MCH8519,2026-03-06 00:00:00,DATE_ONLY,2026-07-03 00:00:00,DATE_ONLY,,MISSING,4251.73,VALID,GENERAL_COMPLAINT,Customer complaint text unclear due to poor call center notes.,IN_PROGRESS,LOW,CALL_CENTER
CBK0000836,TXN00003340,VALID,USR69581,MCH5218,2026-01-09 19:59:04,VALID,2026-01-25 00:00:00,DATE_ONLY,2026-01-26 00:00:00,DATE_ONLY,1823.47,VALID,UNAUTHORIZED_TRANSACTION,Customer complaint text unclear due to poor call center notes.,RESOLVED,MEDIUM,EMAIL
CBK0001498,TXN00017926,VALID,USR98061,MCH5655,2026-02-08 06:54:39,VALID,2026-10-02 02:54:00,VALID,2026-02-20 00:00:00,DATE_ONLY,5338.83,VALID,GENERAL_COMPLAINT,Customer complaint text unclear due to poor call center notes.,IN_PROGRESS,LOW,IVR
CBK0000710,TXN00012306,VALID,USR86472,MCH2032,2026-08-02 00:00:00,DATE_ONLY,2026-02-09 14:17:35,VALID,,MISSING,-1076.54,NEGATIVE,SERVICE_NOT_PROVIDED,Customer says amount was debited twice.,PENDING_BANK,LOW,IVR
CBK0000444,TXN00014743,VALID,USR56564,MCH2369,2026-02-22 00:00:00,DATE_ONLY,2026-02-26 00:00:00,DATE_ONLY,,MISSING,-1382.96,NEGATIVE,UNAUTHORIZED_TRANSACTION,Customer says transaction was not authorized.,PENDING_BANK,MEDIUM,CHATBOT
CBK0002153,TXN00034179,VALID,USR47114,MCH8849,,MISSING,2026-07-04 00:00:00,DATE_ONLY,2026-04-15 05:48:00,VALID,3258.82,VALID,WRONG_AMOUNT,Suspicious high-value payment disputed by customer.,PENDING_BANK,CRITICAL,CALL_CENTER
CBK0000839,TXN00014620,VALID,USR55888,MCH8779,2026-03-20 00:00:00,DATE_ONLY,2026-03-30 00:00:00,DATE_ONLY,2026-04-14 00:00:00,DATE_ONLY,501.3,VALID,UNAUTHORIZED_TRANSACTION,Customer says amount was debited twice.,RESOLVED,MEDIUM,CHATBOT
CBK0002121,TXN00013687,VALID,USR26337,MCH2065,2026-02-04 00:00:00,DATE_ONLY,2026-02-05 00:00:00,DATE_ONLY,2026-02-22 00:00:00,DATE_ONLY,506.18,VALID,SERVICE_NOT_PROVIDED,User says upi pin was not entered by them.,OPEN,HIGH,IVR
CBK0002600,TXN00095920,VALID,USR42158,MCH8602,2026-06-02 12:50:00,VALID,2026-02-13 18:50:00,VALID,2026-02-21 18:50:00,VALID,45384.61,VALID,UNAUTHORIZED_TRANSACTION,Merchant service was not delivered after payment.,CLOSED,HIGH,CHATBOT
CBK0001527,TXN00044508,VALID,USR35882,MCH5076,2026-03-24 00:00:00,DATE_ONLY,2026-04-01 00:00:00,DATE_ONLY,,MISSING,,UNPARSEABLE/NULL,UNAUTHORIZED_TRANSACTION,Customer says transaction was not authorized. details missing,RESOLVED,HIGH,APP
CBK0000399,TXN00003924,VALID,USR85504,MCH7005,2026-01-08 00:00:00,DATE_ONLY,,MISSING,2026-01-16 00:00:00,DATE_ONLY,2479.92,VALID,UNAUTHORIZED_TRANSACTION,Complaint received after multiple failed attempts.,RESOLVED,MEDIUM,EMAIL
CBK0000708,TXN00014452,VALID,USR24775,MCH2757,2026-02-17 00:00:00,DATE_ONLY,2026-02-20 21:31:31,VALID,2026-03-15 00:00:00,DATE_ONLY,-798.72,NEGATIVE,SERVICE_NOT_PROVIDED,Suspicious high-value payment disputed by customer.,REJECTED,LOW,IVR
CBK0000485,TXN00016648,VALID,USR27340,MCH3100,2026-01-16 15:36:13,VALID,2026-01-19 00:00:00,DATE_ONLY,2026-01-31 00:00:00,DATE_ONLY,1142.0,VALID,GENERAL_COMPLAINT,Complaint received after multiple failed attempts.,PENDING_BANK,MEDIUM,CALL_CENTER
CBK0001355,TXN00002926,VALID,USR49477,MCH5714,2026-08-03 18:59:00,VALID,2026-03-19 00:00:00,DATE_ONLY,,MISSING,6014.84,VALID,SERVICE_NOT_PROVIDED,User reports money deducted but merchant denies receiving payment.,REJECTED,HIGH,IVR
CBK0002468,TXN00004673,VALID,USR45477,MCH4469,2026-03-14 23:12:19,VALID,2026-03-22 16:12:19,VALID,2026-04-13 00:00:00,DATE_ONLY,3382.78,VALID,UNAUTHORIZED_TRANSACTION,Payment made to unknown merchant as per customer statement.,CLOSED,LOW,EMAIL
CBK0002672,TXN00014672,VALID,USR51854,MCH2993,2026-02-20 00:00:00,DATE_ONLY,2026-02-22 00:00:00,DATE_ONLY,2026-08-03 09:32:00,VALID,1817.11,VALID,UNAUTHORIZED_TRANSACTION,Customer says transaction was not authorized.,OPEN,HIGH,EMAIL
CBK0001013,TXN00096416,VALID,USR33841,MCH9291,2026-01-17 07:44:00,VALID,2026-01-20 22:44:00,VALID,2026-02-14 00:00:00,DATE_ONLY,5544.6,VALID,GENERAL_COMPLAINT,User reports money deducted but merchant denies receiving payment.,PENDING_BANK,MEDIUM,CALL_CENTER
CBK0002150,TXN00013524,VALID,USR74666,MCH8154,2026-01-31 00:00:00,DATE_ONLY,2026-02-07 00:00:00,DATE_ONLY,2026-03-04 00:00:00,DATE_ONLY,2142.84,VALID,UNAUTHORIZED_TRANSACTION,Customer says transaction was not authorized.,OPEN,LOW,IVR
CBK0001411,TXN00011455,VALID,USR24660,MCH3964,2026-02-02 22:05:00,VALID,2026-03-05 00:00:00,DATE_ONLY,,MISSING,3012.1,VALID,UNAUTHORIZED_TRANSACTION,Payment made to unknown merchant as per customer statement.,OPEN,LOW,CALL_CENTER
CBK0002646,TXN00007962,VALID,USR17493,MCH3415,2026-06-01 03:01:00,VALID,2026-02-05 00:00:00,DATE_ONLY,2026-02-26 16:01:00,VALID,875.42,VALID,DUPLICATE_DEBIT,User says upi pin was not entered by them.,CLOSED,CRITICAL,IVR
CBK0001852,TXN00017893,VALID,USR27328,MCH3100,2026-01-03 00:00:00,DATE_ONLY,2026-01-04 08:34:57,VALID,2026-01-27 00:00:00,DATE_ONLY,4556.84,VALID,DUPLICATE_DEBIT,User claims account was compromised before transaction.,IN_PROGRESS,LOW,IVR
CBK0001453,TXN00012893,VALID,USR52532,MCH2931,2026-03-06 07:48:50,VALID,,MISSING,2026-03-30 00:00:00,DATE_ONLY,-1558.33,NEGATIVE,WRONG_AMOUNT,Complaint received after multiple failed attempts. details missing,REJECTED,LOW,IVR
CBK0002693,,MISSING,USR66470,MCH7690,2026-02-02 05:38:00,VALID,2026-02-17 00:00:00,DATE_ONLY,2026-02-28 15:38:40,VALID,1231.18,VALID,UNAUTHORIZED_TRANSACTION,Customer complaint text unclear due to poor call center notes.,OPEN,MEDIUM,CHATBOT
CBK0001695,TXN00007159,VALID,USR91996,MCH6645,,MISSING,2026-03-03 14:25:14,VALID,,MISSING,1034.0,VALID,UNAUTHORIZED_TRANSACTION,Customer says transaction was not authorized. call dropped,PENDING_BANK,LOW,APP
CBK0001743,TXN00005081,VALID,USR55177,MCH3198,2026-01-10 00:00:00,DATE_ONLY,2026-01-21 00:00:00,DATE_ONLY,,MISSING,782.28,VALID,UNAUTHORIZED_TRANSACTION,User says upi pin was not entered by them. na,RESOLVED,LOW,CHATBOT
CBK0002656,TXN00003111,VALID,USR97954,MCH1274,2026-01-02 00:00:00,DATE_ONLY,2026-01-04 00:00:00,DATE_ONLY,2026-01-11 00:00:00,DATE_ONLY,1858.78,VALID,UNAUTHORIZED_TRANSACTION,Customer says transaction was not authorized.,CLOSED,LOW,APP
CBK0001196,TXN00016378,VALID,USR64980,MCH2065,2026-02-28 14:57:09,VALID,2026-03-02 21:57:09,VALID,,MISSING,403.8,VALID,UNAUTHORIZED_TRANSACTION,Complaint received after multiple failed attempts.,OPEN,HIGH,CHATBOT
CBK0000269,TXN00016915,VALID,USR75856,MCH1213,2026-03-25 00:00:00,DATE_ONLY,2026-03-28 00:00:00,DATE_ONLY,2026-04-25 21:01:00,VALID,886.36,VALID,UNAUTHORIZED_TRANSACTION,Payment made to unknown merchant as per customer statement.,CLOSED,MEDIUM,IVR
CBK0000701,TXN00002775,VALID,USR31842,MCH7869,2026-01-25 00:00:00,DATE_ONLY,2026-01-30 15:50:18,VALID,2026-02-21 00:00:00,DATE_ONLY,6779.18,VALID,SERVICE_NOT_PROVIDED,Merchant service was not delivered after payment.,PENDING_BANK,LOW,CHATBOT
CBK0001127,TXN00017229,VALID,USR16037,MCH3572,,MISSING,2026-02-28 00:00:00,DATE_ONLY,2026-03-06 00:00:00,DATE_ONLY,796.1,VALID,SERVICE_NOT_PROVIDED,Customer says amount was debited twice.,IN_PROGRESS,MEDIUM,EMAIL
CBK0000665,TXN00012726,VALID,USR82229,MCH6230,2026-02-07 00:00:00,DATE_ONLY,2026-10-02 01:03:00,VALID,,MISSING,360.49,VALID,SERVICE_NOT_PROVIDED,Complaint received after multiple failed attempts.,OPEN,LOW,BRANCH
CBK0000569,TXN00016196,VALID,USR24538,MCH2336,2026-09-01 00:00:00,DATE_ONLY,2026-01-10 00:00:00,DATE_ONLY,2026-01-17 00:00:00,DATE_ONLY,-2141.56,NEGATIVE,GENERAL_COMPLAINT,Suspicious high-value payment disputed by customer.,IN_PROGRESS,MEDIUM,EMAIL
CBK0000913,TXN00004115,VALID,USR85406,MCH2832,,MISSING,2026-12-03 00:00:00,DATE_ONLY,,MISSING,1495.6,VALID,UNAUTHORIZED_TRANSACTION,Merchant service was not delivered after payment.,REJECTED,MEDIUM,IVR
CBK0000380,TXN00000414,VALID,USR57745,MCH6126,2026-02-10 00:00:00,DATE_ONLY,2026-02-13 00:00:00,DATE_ONLY,2026-03-13 00:00:00,DATE_ONLY,806.29,VALID,UNAUTHORIZED_TRANSACTION,User reports money deducted but merchant denies receiving payment.,REJECTED,LOW,CALL_CENTER
CBK0002497,TXN00019914,VALID,USR48451,MCH6538,2026-01-21 19:23:00,VALID,2026-01-22 00:00:00,DATE_ONLY,2026-01-26 00:00:00,DATE_ONLY,3065.07,VALID,SERVICE_NOT_PROVIDED,User claims account was compromised before transaction.,PENDING_BANK,MEDIUM,IVR
CBK0002799,TXN00003221,VALID,USR38263,MCH3031,,MISSING,2026-01-30 00:00:00,DATE_ONLY,2026-02-17 00:00:00,DATE_ONLY,574.0,VALID,SERVICE_NOT_PROVIDED,Merchant service was not delivered after payment.,RESOLVED,MEDIUM,EMAIL
CBK0000317,TXN00005496,VALID,USR91453,MCH1988,2026-02-22 00:00:00,DATE_ONLY,2026-03-25 00:00:00,DATE_ONLY,2026-04-15 00:00:00,DATE_ONLY,,UNPARSEABLE/NULL,SERVICE_NOT_PROVIDED,Complaint received after multiple failed attempts.,RESOLVED,MEDIUM,IVR
CBK0000582,TXN00006728,VALID,USR32162,MCH1074,2026-02-14 00:00:00,DATE_ONLY,2026-02-17 00:00:00,DATE_ONLY,2026-02-22 00:00:00,DATE_ONLY,1002.59,VALID,SERVICE_NOT_PROVIDED,Customer says transaction was not authorized.,PENDING_BANK,CRITICAL,EMAIL
CBK0002571,TXN00011546,VALID,USR24926,MCH2822,2026-01-26 00:00:00,DATE_ONLY,2026-02-03 00:00:00,DATE_ONLY,2026-02-17 00:00:00,DATE_ONLY,3305.27,VALID,DUPLICATE_DEBIT,Complaint received after multiple failed attempts.,REJECTED,LOW,IVR
CBK0001943,TXN00000649,VALID,USR47711,MCH1196,2026-03-13 00:00:00,DATE_ONLY,2026-04-13 00:00:00,DATE_ONLY,2026-05-11 02:50:07,VALID,1174.17,VALID,SERVICE_NOT_PROVIDED,User says upi pin was not entered by them.,IN_PROGRESS,MEDIUM,IVR
CBK0001177,TXN00004028,VALID,USR95524,MCH7017,2026-02-06 00:00:00,DATE_ONLY,2026-02-09 00:00:00,DATE_ONLY,2026-03-01 00:00:00,DATE_ONLY,2255.0,VALID,WRONG_AMOUNT,Customer says amount was debited twice.,IN_PROGRESS,HIGH,IVR
CBK0002055,TXN00004686,VALID,USR87013,MCH3011,2026-06-01 00:33:00,VALID,2026-07-01 00:00:00,DATE_ONLY,2026-01-27 00:00:00,DATE_ONLY,1634.47,VALID,GENERAL_COMPLAINT,User claims account was compromised before transaction.,CLOSED,MEDIUM,CALL_CENTER
CBK0000104,TXN00010908,VALID,USR70176,MCH5980,2026-02-19 00:00:00,DATE_ONLY,2026-02-22 17:53:00,VALID,2026-03-09 00:00:00,DATE_ONLY,608.69,VALID,DUPLICATE_DEBIT,Customer says transaction was not authorized.,REJECTED,LOW,BRANCH
CBK0002489,,MISSING,USR88037,MCH4590,2026-03-13 00:00:00,DATE_ONLY,2026-03-09 00:00:00,DATE_ONLY,2026-03-17 00:00:00,DATE_ONLY,1315.92,VALID,DUPLICATE_DEBIT,Suspicious high-value payment disputed by customer.,RESOLVED,MEDIUM,CHATBOT
CBK0000154,TXN00011689,VALID,USR92364,MCH2569,2026-07-03 00:00:00,DATE_ONLY,2026-03-14 22:06:34,VALID,2026-03-23 00:00:00,DATE_ONLY,473.27,VALID,SERVICE_NOT_PROVIDED,User reports money deducted but merchant denies receiving payment.,REJECTED,LOW,IVR
CBK0001635,TXN00008467,VALID,USR70836,MCH6914,2026-03-11 00:00:00,DATE_ONLY,2026-03-14 10:21:00,VALID,2026-03-21 00:00:00,DATE_ONLY,-1016.94,NEGATIVE,UNAUTHORIZED_TRANSACTION,Customer says amount was debited twice.,CLOSED,MEDIUM,CALL_CENTER
CBK0002756,TXN00003850,VALID,USR52907,MCH1919,2026-03-06 00:00:00,DATE_ONLY,2026-04-20 18:06:08,VALID,2026-05-12 18:06:08,VALID,5978.59,VALID,DUPLICATE_DEBIT,Suspicious high-value payment disputed by customer.,REJECTED,LOW,IVR
CBK0000892,TXN00019345,VALID,USR99727,MCH8400,2026-03-06 01:42:03,VALID,2026-03-06 00:00:00,DATE_ONLY,,MISSING,-393.4,NEGATIVE,UNAUTHORIZED_TRANSACTION,Merchant service was not delivered after payment.,PENDING_BANK,MEDIUM,BRANCH
CBK0000445,TXN00013230,VALID,USR28772,MCH3727,2026-01-18 00:00:00,DATE_ONLY,2026-01-22 00:00:00,DATE_ONLY,,MISSING,1323.41,VALID,SERVICE_NOT_PROVIDED,Customer complaint text unclear due to poor call center notes.,IN_PROGRESS,LOW,CHATBOT
CBK0000845,TXN00009880,VALID,USR90298,MCH5574,2026-01-25 22:25:35,VALID,2026-01-28 00:00:00,DATE_ONLY,2026-02-11 19:25:35,VALID,731.59,VALID,UNAUTHORIZED_TRANSACTION,User says upi pin was not entered by them.,CLOSED,CRITICAL,IVR
CBK0001262,TXN00010454,VALID,USR21439,MCH7751,2026-03-15 00:00:00,DATE_ONLY,2026-03-30 22:30:00,VALID,2026-11-04 22:30:00,VALID,470.39,VALID,UNAUTHORIZED_TRANSACTION,Customer complaint text unclear due to poor call center notes.,RESOLVED,LOW,CALL_CENTER
CBK0000862,TXN00002240,VALID,USR25056,MCH6810,2026-03-23 00:00:00,DATE_ONLY,2026-03-26 00:00:00,DATE_ONLY,2026-04-21 10:54:00,VALID,401.02,VALID,WRONG_AMOUNT,User claims account was compromised before transaction.,CLOSED,MEDIUM,CALL_CENTER
CBK0000981,TXN00009791,VALID,USR68023,MCH2433,2026-01-11 00:00:00,DATE_ONLY,2026-01-14 00:00:00,DATE_ONLY,2026-01-22 00:00:00,DATE_ONLY,807.97,VALID,DUPLICATE_DEBIT,Payment made to unknown merchant as per customer statement.,CLOSED,LOW,IVR
CBK0001975,TXN00019834,VALID,USR32424,MCH5954,2026-01-11 00:00:00,DATE_ONLY,2026-01-14 00:00:00,DATE_ONLY,2026-06-02 00:00:00,DATE_ONLY,41457.94,VALID,UNAUTHORIZED_TRANSACTION,Customer says amount was debited twice.,RESOLVED,LOW,BRANCH
CBK0001523,TXN00010463,VALID,USR76129,MCH3006,2026-01-15 00:00:00,DATE_ONLY,2026-01-23 03:12:56,VALID,,MISSING,,UNPARSEABLE/NULL,UNAUTHORIZED_TRANSACTION,Customer says amount was debited twice.,IN_PROGRESS,MEDIUM,CALL_CENTER
CBK0000671,TXN00004668,VALID,USR54740,MCH4646,,MISSING,2026-03-18 13:09:02,VALID,2026-03-22 00:00:00,DATE_ONLY,,UNPARSEABLE/NULL,GENERAL_COMPLAINT,Customer says amount was debited twice.,CLOSED,MEDIUM,IVR
CBK0001669,TXN00017590,VALID,USR41522,MCH4473,2026-01-27 08:27:52,VALID,2026-01-29 00:00:00,DATE_ONLY,2026-02-27 00:00:00,DATE_ONLY,740.63,VALID,DUPLICATE_DEBIT,Complaint received after multiple failed attempts.,IN_PROGRESS,MEDIUM,CALL_CENTER
CBK0001823,,MISSING,USR32406,MCH8595,2026-02-13 04:08:53,VALID,2026-02-16 21:08:53,VALID,2026-03-10 00:00:00,DATE_ONLY,3940.26,VALID,WRONG_AMOUNT,Customer complaint text unclear due to poor call center notes.,PENDING_BANK,LOW,EMAIL
CBK0001608,TXN00019683,VALID,USR20968,MCH4899,2026-02-14 00:00:00,DATE_ONLY,2026-02-03 15:14:00,VALID,2026-03-11 00:00:00,DATE_ONLY,-363.03,NEGATIVE,GENERAL_COMPLAINT,User reports money deducted but merchant denies receiving payment.,IN_PROGRESS,MEDIUM,EMAIL
CBK0000198,TXN00019042,VALID,USR16744,MCH8391,2026-02-22 00:00:00,DATE_ONLY,2026-03-25 15:25:13,VALID,2026-04-24 15:25:13,VALID,1241.09,VALID,UNAUTHORIZED_TRANSACTION,User says upi pin was not entered by them.,CLOSED,MEDIUM,IVR
CBK0000573,TXN00005006,VALID,USR65253,MCH5655,2026-01-04 00:00:00,DATE_ONLY,2026-07-01 00:00:00,DATE_ONLY,2026-01-22 00:00:00,DATE_ONLY,216.3,VALID,UNAUTHORIZED_TRANSACTION,Suspicious high-value payment disputed by customer.,PENDING_BANK,LOW,CHATBOT
CBK0000621,TXN00059284,VALID,USR96201,MCH6056,2026-12-01 09:54:00,VALID,2026-01-15 00:00:00,DATE_ONLY,,MISSING,1857.0,VALID,UNAUTHORIZED_TRANSACTION,Customer says transaction was not authorized.,REJECTED,MEDIUM,BRANCH
CBK0002266,TXN00009068,VALID,USR70505,MCH8037,2026-03-25 00:00:00,DATE_ONLY,2026-03-20 00:00:00,DATE_ONLY,2026-03-31 00:00:00,DATE_ONLY,1500.0,VALID,UNAUTHORIZED_TRANSACTION,Complaint received after multiple failed attempts.,RESOLVED,HIGH,IVR
CBK0000786,TXN00000679,VALID,USR22762,MCH2342,2026-03-14 00:00:00,DATE_ONLY,2026-03-15 07:28:00,VALID,2026-04-02 00:00:00,DATE_ONLY,4474.08,VALID,UNAUTHORIZED_TRANSACTION,Payment made to unknown merchant as per customer statement.,OPEN,HIGH,IVR
CBK0002074,TXN00000823,VALID,USR21224,MCH2266,2026-03-15 05:37:00,VALID,2026-03-17 04:37:11,VALID,,MISSING,4418.82,VALID,GENERAL_COMPLAINT,Customer says amount was debited twice.,OPEN,MEDIUM,APP
CBK0000463,TXN00017663,VALID,USR67399,MCH7286,2026-11-01 00:00:00,DATE_ONLY,2026-01-17 00:24:23,VALID,2026-03-02 00:00:00,DATE_ONLY,8257.96,VALID,SERVICE_NOT_PROVIDED,Customer says amount was debited twice.,IN_PROGRESS,HIGH,IVR
CBK0001768,,MISSING,USR27328,MCH9291,2026-03-01 00:00:00,DATE_ONLY,2026-01-09 00:00:00,DATE_ONLY,,MISSING,7478.21,VALID,WRONG_AMOUNT,Suspicious high-value payment disputed by customer.,RESOLVED,MEDIUM,IVR
CBK0002458,TXN00016001,VALID,USR25348,MCH7859,2026-02-15 15:36:38,VALID,2026-02-20 00:00:00,DATE_ONLY,2026-03-06 15:36:38,VALID,992.78,VALID,UNAUTHORIZED_TRANSACTION,Payment made to unknown merchant as per customer statement.,RESOLVED,MEDIUM,CHATBOT
CBK0002584,TXN00014405,VALID,USR78603,MCH8391,2026-01-17 00:00:00,DATE_ONLY,,MISSING,2026-02-03 03:04:42,VALID,6441.32,VALID,GENERAL_COMPLAINT,Customer says amount was debited twice.,CLOSED,LOW,IVR
CBK0000885,TXN00005367,VALID,USR25239,MCH2903,,MISSING,2026-01-29 00:00:00,DATE_ONLY,,MISSING,734.0,VALID,GENERAL_COMPLAINT,Complaint received after multiple failed attempts.,RESOLVED,LOW,IVR
CBK0000395,TXN00019343,VALID,USR25559,MCH6850,2026-02-14 00:00:00,DATE_ONLY,2026-02-17 08:20:00,VALID,,MISSING,4178.65,VALID,DUPLICATE_DEBIT,Customer says amount was debited twice.,PENDING_BANK,CRITICAL,CALL_CENTER
CBK0002791,TXN00015597,VALID,USR82439,MCH6037,2026-01-19 00:00:00,DATE_ONLY,2026-01-24 00:00:00,DATE_ONLY,2026-02-20 00:00:00,DATE_ONLY,5141.83,VALID,UNAUTHORIZED_TRANSACTION,Complaint received after multiple failed attempts.,CLOSED,LOW,CALL_CENTER
CBK0002669,TXN00019872,VALID,USR24991,MCH4473,2026-02-28 00:00:00,DATE_ONLY,2026-03-10 00:00:00,DATE_ONLY,2026-03-27 12:32:00,VALID,2597.87,VALID,WRONG_AMOUNT,User says upi pin was not entered by them.,IN_PROGRESS,MEDIUM,CHATBOT
CBK0001044,TXN00017041,VALID,USR46644,MCH2822,2026-03-16 00:00:00,DATE_ONLY,2026-03-17 00:00:00,DATE_ONLY,,MISSING,-768.89,NEGATIVE,UNAUTHORIZED_TRANSACTION,Payment made to unknown merchant as per customer statement.,IN_PROGRESS,HIGH,CHATBOT
CBK0000014,TXN00006433,VALID,USR59260,MCH7254,2026-03-17 00:00:00,DATE_ONLY,2026-03-24 00:00:00,DATE_ONLY,2026-03-30 00:00:00,DATE_ONLY,468.43,VALID,UNAUTHORIZED_TRANSACTION,User says upi pin was not entered by them.,RESOLVED,HIGH,BRANCH
CBK0000546,TXN00015015,VALID,USR64208,MCH3613,2026-03-19 10:37:17,VALID,2026-03-21 07:37:17,VALID,2026-04-12 07:37:17,VALID,1247.41,VALID,UNAUTHORIZED_TRANSACTION,User reports money deducted but merchant denies receiving payment.,CLOSED,MEDIUM,CHATBOT
CBK0000365,TXN00050079,VALID,USR19852,MCH7962,2026-01-09 00:00:00,DATE_ONLY,2026-10-01 21:54:00,VALID,2026-01-26 00:00:00,DATE_ONLY,2659.07,VALID,UNAUTHORIZED_TRANSACTION,Customer complaint text unclear due to poor call center notes.,IN_PROGRESS,LOW,IVR
CBK0000052,TXN00002289,VALID,USR12120,MCH6097,2026-03-02 19:27:00,VALID,2026-02-06 16:27:24,VALID,,MISSING,397.0,VALID,DUPLICATE_DEBIT,Customer complaint text unclear due to poor call center notes.,CLOSED,LOW,BRANCH
CBK0002106,TXN00000751,VALID,USR78076,MCH4328,2026-04-02 00:00:00,DATE_ONLY,2026-06-02 00:00:00,DATE_ONLY,,MISSING,3107.33,VALID,UNAUTHORIZED_TRANSACTION,Complaint received after multiple failed attempts.,PENDING_BANK,MEDIUM,APP
CBK0001518,TXN00015930,VALID,USR24159,MCH7364,2026-02-10 00:00:00,DATE_ONLY,2026-11-02 00:00:00,DATE_ONLY,,MISSING,8611.05,VALID,SERVICE_NOT_PROVIDED,User says upi pin was not entered by them.,RESOLVED,LOW,APP
CBK0001873,TXN00015156,VALID,USR14556,MCH4153,2026-03-30 00:00:00,DATE_ONLY,2026-04-10 00:00:00,DATE_ONLY,,MISSING,743.67,VALID,SERVICE_NOT_PROVIDED,Customer complaint text unclear due to poor call center notes.,OPEN,LOW,CHATBOT
CBK0002145,TXN00013507,VALID,USR12300,MCH1320,2026-01-03 15:18:11,VALID,2026-01-08 00:00:00,DATE_ONLY,2026-01-31 00:00:00,DATE_ONLY,384.66,VALID,WRONG_AMOUNT,User reports money deducted but merchant denies receiving payment.,PENDING_BANK,MEDIUM,IVR
CBK0000346,TXN00019000,VALID,USR70482,MCH9834,2026-01-07 00:00:00,DATE_ONLY,,MISSING,2026-01-03 10:53:00,VALID,595.88,VALID,SERVICE_NOT_PROVIDED,Complaint received after multiple failed attempts.,REJECTED,LOW,IVR
CBK0000518,TXN00019651,VALID,USR43011,MCH8391,2026-02-17 08:25:20,VALID,2026-02-13 00:00:00,DATE_ONLY,2026-03-07 00:00:00,DATE_ONLY,7485.82,VALID,UNAUTHORIZED_TRANSACTION,User says upi pin was not entered by them.,REJECTED,HIGH,IVR
CBK0001990,TXN00013175,VALID,USR40088,MCH2076,2026-03-29 13:19:19,VALID,2026-04-13 15:19:00,VALID,,MISSING,917.0,VALID,UNAUTHORIZED_TRANSACTION,User says upi pin was not entered by them.,IN_PROGRESS,HIGH,EMAIL
CBK0000392,TXN00012439,VALID,USR38698,MCH3682,2026-02-09 00:00:00,DATE_ONLY,2026-02-11 00:00:00,DATE_ONLY,,MISSING,1778.59,VALID,SERVICE_NOT_PROVIDED,Suspicious high-value payment disputed by customer.,REJECTED,MEDIUM,IVR
CBK0001163,TXN00015098,VALID,USR22550,MCH3992,2026-01-03 07:07:35,VALID,2026-06-01 00:00:00,DATE_ONLY,2026-01-28 08:07:35,VALID,862.23,VALID,WRONG_AMOUNT,User reports money deducted but merchant denies receiving payment.,PENDING_BANK,LOW,EMAIL
CBK0000271,TXN00002677,VALID,USR94094,MCH6810,2026-07-01 08:03:00,VALID,,MISSING,2026-01-30 00:00:00,DATE_ONLY,-12852.7,NEGATIVE,GENERAL_COMPLAINT,Payment made to unknown merchant as per customer statement.,PENDING_BANK,MEDIUM,EMAIL
CBK0001550,TXN00019667,VALID,USR69706,MCH1489,2026-03-16 00:00:00,DATE_ONLY,2026-03-17 23:14:00,VALID,2026-03-30 00:00:00,DATE_ONLY,,UNPARSEABLE/NULL,GENERAL_COMPLAINT,Complaint received after multiple failed attempts.,IN_PROGRESS,MEDIUM,CHATBOT
CBK0001538,TXN00007658,VALID,USR99769,MCH5655,,MISSING,2026-12-03 00:00:00,DATE_ONLY,2026-03-14 00:00:00,DATE_ONLY,-2100.66,NEGATIVE,GENERAL_COMPLAINT,Payment made to unknown merchant as per customer statement.,PENDING_BANK,MEDIUM,APP
CBK0002298,TXN00017266,VALID,USR66122,MCH2822,2026-01-20 01:05:38,VALID,2026-01-30 00:00:00,DATE_ONLY,,MISSING,260.19,VALID,UNAUTHORIZED_TRANSACTION,User says upi pin was not entered by them.,PENDING_BANK,HIGH,APP
CBK0001034,TXN00017915,VALID,USR65211,MCH7357,2026-02-02 00:00:00,DATE_ONLY,2026-02-08 00:00:00,DATE_ONLY,2026-03-07 06:28:19,VALID,1532.42,VALID,SERVICE_NOT_PROVIDED,Customer complaint text unclear due to poor call center notes. urgent,REJECTED,MEDIUM,IVR
CBK0001526,TXN00000871,VALID,USR45479,MCH8259,2026-04-01 07:14:00,VALID,2026-01-11 00:00:00,DATE_ONLY,,MISSING,589.34,VALID,GENERAL_COMPLAINT,Customer says transaction was not authorized.,RESOLVED,CRITICAL,EMAIL
CBK0002297,TXN00013147,VALID,USR10842,MCH2327,2026-03-29 08:55:00,VALID,2026-04-02 00:00:00,DATE_ONLY,,MISSING,4819.26,VALID,UNAUTHORIZED_TRANSACTION,Complaint received after multiple failed attempts.,IN_PROGRESS,LOW,CALL_CENTER
CBK0001810,TXN00004960,VALID,USR99526,MCH3990,2026-03-28 00:00:00,DATE_ONLY,2026-04-27 22:27:53,VALID,2026-02-05 00:00:00,DATE_ONLY,1327.87,VALID,SERVICE_NOT_PROVIDED,User says upi pin was not entered by them.,CLOSED,LOW,APP
CBK0000684,TXN00017791,VALID,USR21714,MCH2319,2026-02-12 00:00:00,DATE_ONLY,2026-02-20 00:00:00,DATE_ONLY,2026-07-03 00:00:00,DATE_ONLY,2658.78,VALID,UNAUTHORIZED_TRANSACTION,User claims account was compromised before transaction.,PENDING_BANK,MEDIUM,EMAIL
CBK0002500,TXN00001461,VALID,USR25808,MCH6058,2026-03-13 00:00:00,DATE_ONLY,,MISSING,2026-03-16 00:00:00,DATE_ONLY,740.03,VALID,WRONG_AMOUNT,Merchant service was not delivered after payment. details missing,PENDING_BANK,MEDIUM,CHATBOT
CBK0000962,,MISSING,USR21384,MCH8160,2026-09-03 00:00:00,DATE_ONLY,2026-03-12 00:00:00,DATE_ONLY,2026-03-25 00:00:00,DATE_ONLY,6282.15,VALID,UNAUTHORIZED_TRANSACTION,Customer says amount was debited twice. pls check asap,CLOSED,MEDIUM,CHATBOT
CBK0001781,TXN00007749,VALID,USR87914,MCH9316,2026-03-31 00:00:00,DATE_ONLY,2026-04-07 00:00:00,DATE_ONLY,,MISSING,1287.86,VALID,DUPLICATE_DEBIT,User reports money deducted but merchant denies receiving payment.,IN_PROGRESS,HIGH,EMAIL
CBK0001231,TXN00001392,VALID,USR68023,MCH4246,2026-01-14 05:07:55,VALID,2026-01-16 18:07:55,VALID,2026-04-02 00:00:00,DATE_ONLY,508.21,VALID,SERVICE_NOT_PROVIDED,Merchant service was not delivered after payment.,IN_PROGRESS,MEDIUM,APP
CBK0001832,TXN00095203,VALID,USR76886,MCH4590,2026-02-10 00:00:00,DATE_ONLY,2026-02-13 00:00:00,DATE_ONLY,2026-03-02 06:18:49,VALID,3668.05,VALID,DUPLICATE_DEBIT,Complaint received after multiple failed attempts.,OPEN,HIGH,IVR
CBK0001393,TXN00004549,VALID,USR66391,MCH2802,2026-10-03 00:00:00,DATE_ONLY,2026-03-16 00:00:00,DATE_ONLY,2026-04-02 00:00:00,DATE_ONLY,1639.85,VALID,WRONG_AMOUNT,Customer complaint text unclear due to poor call center notes.,OPEN,HIGH,CHATBOT
CBK0001633,,MISSING,USR69513,MCH6502,,MISSING,2026-02-18 00:00:00,DATE_ONLY,2026-02-27 00:00:00,DATE_ONLY,2553.0,VALID,UNAUTHORIZED_TRANSACTION,Payment made to unknown merchant as per customer statement.,PENDING_BANK,HIGH,APP
CBK0000555,TXN00010709,VALID,USR61652,MCH3388,2026-03-01 00:00:00,DATE_ONLY,2026-03-04 00:00:00,DATE_ONLY,2026-03-21 00:00:00,DATE_ONLY,372.66,VALID,SERVICE_NOT_PROVIDED,Customer complaint text unclear due to poor call center notes.,CLOSED,MEDIUM,CALL_CENTER
CBK0002452,TXN00016739,VALID,USR87040,MCH8521,2026-01-31 00:00:00,DATE_ONLY,2026-06-02 14:44:00,VALID,2026-02-15 14:44:00,VALID,10606.78,VALID,UNAUTHORIZED_TRANSACTION,User reports money deducted but merchant denies receiving payment.,PENDING_BANK,LOW,CALL_CENTER
CBK0002410,TXN00010646,VALID,USR89422,MCH7235,2026-02-06 00:00:00,DATE_ONLY,2026-11-02 00:00:00,DATE_ONLY,2026-11-02 00:00:00,DATE_ONLY,12234.17,VALID,SERVICE_NOT_PROVIDED,Customer complaint text unclear due to poor call center notes.,IN_PROGRESS,LOW,CHATBOT
CBK0001429,TXN00002466,VALID,USR67833,MCH9464,2026-03-31 00:00:00,DATE_ONLY,2026-04-03 00:00:00,DATE_ONLY,2026-04-22 00:00:00,DATE_ONLY,3099.92,VALID,UNAUTHORIZED_TRANSACTION,User says upi pin was not entered by them.,RESOLVED,CRITICAL,BRANCH
CBK0001612,TXN00014722,VALID,USR65193,MCH2065,2026-01-19 00:00:00,DATE_ONLY,2026-01-22 11:17:44,VALID,2026-02-04 11:17:44,VALID,336.91,VALID,UNAUTHORIZED_TRANSACTION,Complaint received after multiple failed attempts.,IN_PROGRESS,MEDIUM,CHATBOT
CBK0001102,TXN00011957,VALID,USR73976,MCH5980,2026-03-24 00:49:47,VALID,2026-03-25 15:49:00,VALID,,MISSING,3402.48,VALID,UNAUTHORIZED_TRANSACTION,Customer says amount was debited twice.,OPEN,LOW,IVR
CBK0001642,TXN00010479,VALID,USR22574,MCH9738,2026-01-16 00:00:00,DATE_ONLY,2026-01-18 02:57:54,VALID,2026-02-17 02:57:54,VALID,3691.3,VALID,UNAUTHORIZED_TRANSACTION,Customer says transaction was not authorized.,CLOSED,MEDIUM,EMAIL
CBK0002208,TXN00006710,VALID,USR27567,MCH1708,2026-03-03 00:00:00,DATE_ONLY,,MISSING,2026-03-23 12:32:00,VALID,12811.39,VALID,DUPLICATE_DEBIT,Customer says transaction was not authorized.,REJECTED,HIGH,IVR
CBK0002081,TXN00007014,VALID,USR43464,MCH9155,2026-12-01 00:00:00,DATE_ONLY,2026-01-14 11:53:14,VALID,2026-01-17 00:00:00,DATE_ONLY,1748.13,VALID,GENERAL_COMPLAINT,User reports money deducted but merchant denies receiving payment.,IN_PROGRESS,LOW,IVR
CBK0002643,TXN00011560,VALID,USR74311,MCH9291,2026-01-06 16:33:45,VALID,2026-01-22 11:33:45,VALID,2026-02-05 00:00:00,DATE_ONLY,2932.55,VALID,SERVICE_NOT_PROVIDED,Complaint received after multiple failed attempts.,REJECTED,HIGH,CHATBOT
CBK0001100,TXN00058495,VALID,USR57427,MCH5101,2026-03-19 00:00:00,DATE_ONLY,2026-04-04 00:00:00,DATE_ONLY,,MISSING,543.72,VALID,DUPLICATE_DEBIT,Merchant service was not delivered after payment.,REJECTED,HIGH,CHATBOT
CBK0000016,TXN00013636,VALID,USR71660,MCH4806,2026-03-19 18:06:00,VALID,2026-03-22 07:06:10,VALID,2026-03-24 00:00:00,DATE_ONLY,8898.0,VALID,GENERAL_COMPLAINT,Payment made to unknown merchant as per customer statement.,RESOLVED,MEDIUM,BRANCH
CBK0002228,TXN00018314,VALID,USR71704,MCH3815,2026-03-20 17:55:00,VALID,2026-03-21 12:55:00,VALID,2026-04-07 00:00:00,DATE_ONLY,1635.13,VALID,SERVICE_NOT_PROVIDED,Merchant service was not delivered after payment.,PENDING_BANK,MEDIUM,BRANCH
CBK0001211,,MISSING,USR53527,MCH4848,2026-03-27 00:00:00,DATE_ONLY,2026-03-29 12:22:56,VALID,2026-11-04 00:00:00,DATE_ONLY,988.08,VALID,UNAUTHORIZED_TRANSACTION,Complaint received after multiple failed attempts.,OPEN,HIGH,APP
CBK0001447,TXN00015239,VALID,USR59920,MCH4650,2026-02-17 00:00:00,DATE_ONLY,2026-02-19 00:00:00,DATE_ONLY,2026-02-19 00:00:00,DATE_ONLY,10770.37,VALID,DUPLICATE_DEBIT,User says upi pin was not entered by them.,IN_PROGRESS,LOW,BRANCH
CBK0001476,TXN00009355,VALID,USR74753,MCH9250,,MISSING,2026-01-17 07:44:00,VALID,2026-01-18 00:00:00,DATE_ONLY,2786.42,VALID,WRONG_AMOUNT,User reports money deducted but merchant denies receiving payment.,RESOLVED,MEDIUM,IVR
CBK0002292,TXN00014118,VALID,USR56014,MCH1692,2026-01-06 00:00:00,DATE_ONLY,2026-01-07 00:00:00,DATE_ONLY,2026-01-29 00:00:00,DATE_ONLY,3230.0,VALID,WRONG_AMOUNT,Merchant service was not delivered after payment.,REJECTED,MEDIUM,CHATBOT
CBK0001345,TXN00016061,VALID,USR71319,MCH7074,2026-01-02 00:00:00,DATE_ONLY,2026-05-01 00:00:00,DATE_ONLY,2026-01-24 00:00:00,DATE_ONLY,-3106.54,NEGATIVE,SERVICE_NOT_PROVIDED,User says upi pin was not entered by them.,REJECTED,MEDIUM,IVR
CBK0001200,TXN00008369,VALID,USR34652,MCH1854,2026-03-09 13:02:31,VALID,2026-03-10 00:00:00,DATE_ONLY,2026-03-13 00:00:00,DATE_ONLY,690.97,VALID,UNAUTHORIZED_TRANSACTION,Payment made to unknown merchant as per cust statement.,OPEN,MEDIUM,CALL_CENTER
CBK0000280,TXN00006257,VALID,USR14813,MCH5918,,MISSING,2026-01-05 00:00:00,DATE_ONLY,2026-01-30 01:29:00,VALID,350.52,VALID,SERVICE_NOT_PROVIDED,User says upi pin was not entered by them.,CLOSED,MEDIUM,EMAIL
CBK0001354,TXN00014155,VALID,USR29864,MCH9709,2026-02-01 00:00:00,DATE_ONLY,2026-02-06 00:00:00,DATE_ONLY,2026-02-19 00:00:00,DATE_ONLY,2193.93,VALID,DUPLICATE_DEBIT,Customer says amount was debited twice.,RESOLVED,MEDIUM,EMAIL
CBK0001015,TXN00016813,VALID,USR32994,MCH3718,2026-03-06 17:47:01,VALID,,MISSING,,MISSING,9012.82,VALID,DUPLICATE_DEBIT,User reports money deducted but merchant denies receiving payment.,OPEN,HIGH,BRANCH
CBK0002601,TXN00008048,VALID,USR47942,MCH3036,2026-02-07 03:19:43,VALID,2026-02-10 00:00:00,DATE_ONLY,2026-03-04 00:00:00,DATE_ONLY,7477.0,VALID,UNAUTHORIZED_TRANSACTION,Payment made to unknown merchant as per customer statement.,IN_PROGRESS,HIGH,IVR
CBK0001159,TXN00004247,VALID,USR78862,MCH9098,2026-01-30 00:00:00,DATE_ONLY,,MISSING,,MISSING,1908.75,VALID,SERVICE_NOT_PROVIDED,Merchant service was not delivered after payment. na,IN_PROGRESS,MEDIUM,CHATBOT
CBK0000535,TXN00013922,VALID,USR57069,MCH3346,2026-02-27 00:00:00,DATE_ONLY,2026-04-03 00:00:00,DATE_ONLY,2026-03-12 22:10:12,VALID,,UNPARSEABLE/NULL,UNAUTHORIZED_TRANSACTION,Customer complaint text unclear due to poor call center notes.,IN_PROGRESS,MEDIUM,APP
CBK0000581,TXN00007551,VALID,USR73632,MCH8435,2026-01-11 00:00:00,DATE_ONLY,2026-01-14 00:00:00,DATE_ONLY,2026-01-28 00:00:00,DATE_ONLY,1887.02,VALID,DUPLICATE_DEBIT,Merchant service was not delivered after payment.,RESOLVED,MEDIUM,CHATBOT
CBK0002148,TXN00006250,VALID,USR11419,MCH4680,2026-01-28 00:26:31,VALID,2026-01-29 00:00:00,DATE_ONLY,2026-02-26 00:00:00,DATE_ONLY,836.39,VALID,GENERAL_COMPLAINT,Payment made to unknown merchant as per customer statement.,IN_PROGRESS,LOW,CHATBOT
CBK0001882,TXN00001309,VALID,USR58639,MCH2755,2026-01-27 00:00:00,DATE_ONLY,2026-01-29 03:01:00,VALID,,MISSING,,UNPARSEABLE/NULL,UNAUTHORIZED_TRANSACTION,Suspicious high-value payment disputed by customer.,PENDING_BANK,HIGH,EMAIL
CBK0000659,TXN00017737,VALID,USR53527,MCH3861,2026-02-11 00:00:00,DATE_ONLY,2026-02-16 00:00:00,DATE_ONLY,2026-02-28 23:40:00,VALID,1419.1,VALID,GENERAL_COMPLAINT,Payment made to unknown merchant as per customer statement.,CLOSED,CRITICAL,CHATBOT
CBK0001128,TXN00007988,VALID,USR69706,MCH2973,2026-01-11 00:00:00,DATE_ONLY,2026-01-17 00:00:00,DATE_ONLY,,MISSING,1309.6,VALID,UNAUTHORIZED_TRANSACTION,Merchant service was not delivered after payment.,RESOLVED,LOW,IVR
CBK0001019,TXN00010667,VALID,USR25121,MCH5175,2026-03-01 00:00:00,DATE_ONLY,2026-02-03 09:12:00,VALID,2026-03-16 09:12:00,VALID,276.61,VALID,GENERAL_COMPLAINT,Complaint received after multiple failed attempts.,OPEN,LOW,EMAIL
CBK0002025,TXN00011048,VALID,USR73065,MCH3751,2026-09-02 00:00:00,DATE_ONLY,2026-02-11 00:00:00,DATE_ONLY,2026-03-11 00:00:00,DATE_ONLY,946.11,VALID,GENERAL_COMPLAINT,Suspicious high-value payment disputed by customer.,CLOSED,LOW,APP
CBK0000548,TXN00010219,VALID,USR53771,MCH4421,2026-03-03 00:00:00,DATE_ONLY,2026-03-06 00:00:00,DATE_ONLY,2026-03-23 00:00:00,DATE_ONLY,9344.29,VALID,UNAUTHORIZED_TRANSACTION,Customer says transaction was not authorized.,IN_PROGRESS,HIGH,CHATBOT
CBK0001720,TXN00009955,VALID,USR71375,MCH7982,2026-04-03 05:18:00,VALID,2026-03-11 00:00:00,DATE_ONLY,,MISSING,2132.38,VALID,SERVICE_NOT_PROVIDED,User claims account was compromised before transaction.,PENDING_BANK,MEDIUM,CHATBOT
CBK0002283,TXN00010523,VALID,USR84010,MCH6886,2026-02-22 02:27:40,VALID,2026-02-25 00:00:00,DATE_ONLY,,MISSING,907.87,VALID,WRONG_AMOUNT,Customer complaint text unclear due to poor call center notes.,IN_PROGRESS,HIGH,APP
CBK0000008,TXN00010497,VALID,USR15241,MCH2822,2026-10-02 00:00:00,DATE_ONLY,2026-02-15 00:00:00,DATE_ONLY,2026-02-16 00:00:00,DATE_ONLY,1549.8,VALID,UNAUTHORIZED_TRANSACTION,Merchant service was not delivered after payment.,PENDING_BANK,MEDIUM,CHATBOT
CBK0000850,TXN00013581,VALID,USR49649,MCH8251,2026-09-01 00:00:00,DATE_ONLY,2026-01-09 22:29:08,VALID,2026-01-24 22:29:00,VALID,162.44,VALID,UNAUTHORIZED_TRANSACTION,Payment made to unknown merchant as per customer statement.,CLOSED,LOW,CHATBOT
CBK0002122,TXN00015416,VALID,USR51198,MCH5655,2026-02-07 00:00:00,DATE_ONLY,2026-02-09 00:00:00,DATE_ONLY,,MISSING,4100.6,VALID,WRONG_AMOUNT,Merchant service was not delivered after payment.,REJECTED,LOW,EMAIL
CBK0002649,TXN00007227,VALID,USR18102,MCH8436,2026-03-03 00:00:00,DATE_ONLY,2026-06-03 08:40:00,VALID,2026-03-15 00:00:00,DATE_ONLY,3120.43,VALID,SERVICE_NOT_PROVIDED,Payment made to unknown merchant as per customer statement.,REJECTED,MEDIUM,EMAIL
CBK0002301,TXN00016200,VALID,USR35882,MCH8547,2026-01-20 15:12:31,VALID,2026-01-22 03:12:00,VALID,2026-02-07 00:00:00,DATE_ONLY,1071.38,VALID,SERVICE_NOT_PROVIDED,Suspicious high-value payment disputed by customer.,CLOSED,HIGH,EMAIL
CBK0001793,TXN00004370,VALID,USR75457,MCH8779,2026-01-24 00:00:00,DATE_ONLY,2026-01-30 00:00:00,DATE_ONLY,2026-02-16 00:00:00,DATE_ONLY,733.59,VALID,UNAUTHORIZED_TRANSACTION,User claims account was compromised before transaction.,PENDING_BANK,MEDIUM,IVR
CBK0002022,TXN00011522,VALID,USR85266,MCH4641,,MISSING,,MISSING,2026-05-01 00:00:00,DATE_ONLY,1768.79,VALID,SERVICE_NOT_PROVIDED,User claims account was compromised before transaction.,PENDING_BANK,HIGH,APP
CBK0001053,TXN00012989,VALID,USR53359,MCH4181,2026-02-22 00:00:00,DATE_ONLY,2026-02-28 09:07:48,VALID,2026-03-21 00:00:00,DATE_ONLY,2439.31,VALID,GENERAL_COMPLAINT,Customer says transaction was not authorized.,IN_PROGRESS,LOW,BRANCH
CBK0000766,TXN00012205,VALID,USR25990,MCH4590,2026-08-01 15:49:00,VALID,,MISSING,2026-09-02 00:00:00,DATE_ONLY,2093.79,VALID,SERVICE_NOT_PROVIDED,Customer complaint text unclear due to poor call center notes.,PENDING_BANK,MEDIUM,BRANCH
CBK0002308,TXN00006966,VALID,USR87795,MCH4912,2026-02-11 00:00:00,DATE_ONLY,2026-02-12 20:09:09,VALID,2026-02-17 00:00:00,DATE_ONLY,645.29,VALID,SERVICE_NOT_PROVIDED,Customer says transaction was not authorized.,IN_PROGRESS,MEDIUM,EMAIL
CBK0001472,TXN00015404,VALID,USR62254,MCH1722,2026-03-29 00:00:00,DATE_ONLY,2026-03-30 00:00:00,DATE_ONLY,2026-03-31 17:46:38,VALID,1356.41,VALID,GENERAL_COMPLAINT,User says upi pin was not entered by them.,OPEN,LOW,APP
CBK0001737,TXN00035157,VALID,USR51742,MCH3992,2026-01-22 00:00:00,DATE_ONLY,,MISSING,,MISSING,4673.28,VALID,UNAUTHORIZED_TRANSACTION,Customer says transaction was not authorized.,CLOSED,CRITICAL,APP
CBK0000416,TXN00011455,VALID,USR31649,MCH3367,2026-03-15 00:00:00,DATE_ONLY,2026-03-17 00:00:00,DATE_ONLY,2026-03-19 00:00:00,DATE_ONLY,-5856.29,NEGATIVE,UNAUTHORIZED_TRANSACTION,User claims account was compromised before transaction.,RESOLVED,MEDIUM,BRANCH
CBK0001659,TXN00013503,VALID,USR75281,MCH8953,2026-03-29 00:00:00,DATE_ONLY,2026-04-01 23:21:32,VALID,,MISSING,2276.34,VALID,SERVICE_NOT_PROVIDED,Customer says transaction was not authorized.,REJECTED,MEDIUM,CALL_CENTER
CBK0001784,TXN00013078,VALID,USR21865,MCH5686,,MISSING,2026-03-11 16:33:33,VALID,2026-03-25 00:00:00,DATE_ONLY,26923.0,VALID,GENERAL_COMPLAINT,Complaint received after multiple failed attempts.,IN_PROGRESS,HIGH,CALL_CENTER
CBK0001450,TXN00009783,VALID,USR83126,MCH9291,2026-01-24 22:52:00,VALID,2026-01-30 00:00:00,DATE_ONLY,2026-02-15 00:00:00,DATE_ONLY,2123.46,VALID,DUPLICATE_DEBIT,User says upi pin was not entered by them.,CLOSED,MEDIUM,CHATBOT
CBK0002715,TXN00004748,VALID,USR44569,MCH3100,2026-02-09 00:00:00,DATE_ONLY,2026-02-09 00:00:00,DATE_ONLY,2026-02-25 00:00:00,DATE_ONLY,3976.68,VALID,SERVICE_NOT_PROVIDED,Payment made to unknown merchant as per cust statement.,CLOSED,LOW,EMAIL
CBK0001083,TXN00012710,VALID,USR93300,MCH8278,2026-03-31 09:56:13,VALID,2026-04-04 00:00:00,DATE_ONLY,,MISSING,1691.84,VALID,SERVICE_NOT_PROVIDED,Customer says transaction was not authorized. na,IN_PROGRESS,LOW,CALL_CENTER
CBK0001401,TXN00005811,VALID,USR43185,MCH1236,2026-02-17 19:01:40,VALID,2026-02-18 20:01:40,VALID,,MISSING,636.43,VALID,WRONG_AMOUNT,User says upi pin was not entered by them.,CLOSED,MEDIUM,CHATBOT
CBK0002028,TXN00013363,VALID,USR79366,MCH1123,2026-02-15 00:00:00,DATE_ONLY,,MISSING,2026-02-27 00:00:00,DATE_ONLY,740.0,VALID,GENERAL_COMPLAINT,User claims account was compromised before transaction.,REJECTED,LOW,CHATBOT
CBK0001705,TXN00019762,VALID,USR21831,MCH4473,2026-01-29 00:00:00,DATE_ONLY,2026-02-01 11:13:12,VALID,2026-02-13 00:00:00,DATE_ONLY,978.26,VALID,UNAUTHORIZED_TRANSACTION,User claims account was compromised before transaction.,RESOLVED,HIGH,EMAIL
CBK0002651,TXN00011973,VALID,USR27533,MCH7670,2026-02-16 20:01:15,VALID,2026-02-19 15:01:15,VALID,2026-02-26 15:01:15,VALID,50.0,VALID,SERVICE_NOT_PROVIDED,Payment made to unknown merchant as per customer statement.,OPEN,HIGH,BRANCH
CBK0000233,TXN00018991,VALID,USR98336,MCH7031,2026-02-17 00:00:00,DATE_ONLY,2026-02-23 00:00:00,DATE_ONLY,2026-03-23 17:03:00,VALID,5661.32,VALID,UNAUTHORIZED_TRANSACTION,Customer complaint text unclear due to poor call center notes.,OPEN,MEDIUM,IVR
CBK0002624,TXN00001580,VALID,USR72987,MCH6380,2026-01-18 00:00:00,DATE_ONLY,2026-01-22 00:00:00,DATE_ONLY,2026-01-25 01:58:32,VALID,19958.58,VALID,UNAUTHORIZED_TRANSACTION,Customer complaint text unclear due to poor call center notes.,PENDING_BANK,CRITICAL,APP
CBK0000713,TXN00015731,VALID,USR42970,MCH8779,2026-02-08 00:00:00,DATE_ONLY,2026-02-11 00:00:00,DATE_ONLY,2026-03-03 18:11:53,VALID,,UNPARSEABLE/NULL,GENERAL_COMPLAINT,User says upi pin was not entered by them.,OPEN,HIGH,EMAIL
CBK0002349,TXN00003229,VALID,USR86279,MCH1006,2026-02-21 00:00:00,DATE_ONLY,2026-02-26 12:36:19,VALID,2026-03-25 00:00:00,DATE_ONLY,12194.3,VALID,DUPLICATE_DEBIT,User reports money deducted but merchant denies receiving payment.,IN_PROGRESS,MEDIUM,CHATBOT
CBK0001368,TXN00017555,VALID,USR49364,MCH8953,2026-01-24 07:12:30,VALID,,MISSING,2026-02-14 00:00:00,DATE_ONLY,2069.43,VALID,UNAUTHORIZED_TRANSACTION,User reports money deducted but merchant denies receiving payment.,OPEN,LOW,CHATBOT
CBK0002527,TXN00014880,VALID,USR22078,MCH5647,2026-01-13 00:00:00,DATE_ONLY,,MISSING,2026-02-02 00:00:00,DATE_ONLY,3936.04,VALID,UNAUTHORIZED_TRANSACTION,Payment made to unknown merchant as per customer statement.,RESOLVED,MEDIUM,EMAIL
CBK0000355,TXN00010372,VALID,USR64774,MCH3196,2026-03-08 13:27:13,VALID,2026-03-23 00:00:00,DATE_ONLY,2026-04-11 00:00:00,DATE_ONLY,307.0,VALID,UNAUTHORIZED_TRANSACTION,Customer says transaction was not authorized.,IN_PROGRESS,CRITICAL,IVR
CBK0000500,TXN00002450,VALID,USR53546,MCH7357,2026-01-21 00:00:00,DATE_ONLY,2026-01-23 00:00:00,DATE_ONLY,,MISSING,896.7,VALID,WRONG_AMOUNT,User claims account was compromised before transaction.,PENDING_BANK,MEDIUM,CHATBOT
CBK0000213,TXN00019537,VALID,USR55133,MCH1458,2026-02-15 00:00:00,DATE_ONLY,2026-02-15 13:11:18,VALID,2026-02-15 00:00:00,DATE_ONLY,613.06,VALID,GENERAL_COMPLAINT,User reports money deducted but merchant denies receiving payment. na,REJECTED,MEDIUM,CALL_CENTER
CBK0000214,TXN00000769,VALID,USR93581,MCH6844,2026-03-18 00:00:00,DATE_ONLY,,MISSING,2026-06-04 00:00:00,DATE_ONLY,509.24,VALID,WRONG_AMOUNT,User claims account was compromised before transaction.,OPEN,MEDIUM,IVR
CBK0000577,,MISSING,USR81643,MCH3563,2026-01-11 04:14:50,VALID,2026-11-01 00:00:00,DATE_ONLY,2026-01-29 00:00:00,DATE_ONLY,,UNPARSEABLE/NULL,SERVICE_NOT_PROVIDED,Customer says transaction was not authorized.,OPEN,LOW,BRANCH
CBK0001437,TXN00009735,VALID,USR48653,MCH3671,2026-04-02 00:00:00,DATE_ONLY,2026-07-02 00:00:00,DATE_ONLY,2026-02-15 00:00:00,DATE_ONLY,1222.97,VALID,SERVICE_NOT_PROVIDED,Customer complaint text unclear due to poor call center notes.,PENDING_BANK,HIGH,CHATBOT
CBK0000992,TXN00000272,VALID,USR31026,MCH2646,2026-01-03 12:44:24,VALID,,MISSING,2026-01-25 00:00:00,DATE_ONLY,9250.0,VALID,UNAUTHORIZED_TRANSACTION,User claims account was compromised before transaction.,PENDING_BANK,MEDIUM,BRANCH
CBK0000628,TXN00004074,VALID,USR56605,MCH8953,2026-02-24 20:57:00,VALID,2026-03-02 00:00:00,DATE_ONLY,2026-03-23 00:00:00,DATE_ONLY,3617.74,VALID,SERVICE_NOT_PROVIDED,Payment made to unknown merchant as per customer statement.,REJECTED,LOW,EMAIL
CBK0001050,TXN00010429,VALID,USR33397,MCH2522,2026-03-18 20:21:00,VALID,2026-05-03 00:00:00,DATE_ONLY,2026-05-16 04:21:08,VALID,4066.0,VALID,DUPLICATE_DEBIT,Customer complaint text unclear due to poor call center notes.,IN_PROGRESS,LOW,IVR
CBK0000364,TXN00017377,VALID,USR55664,MCH9309,2026-02-02 00:00:00,DATE_ONLY,2026-02-08 04:18:41,VALID,2026-02-19 00:00:00,DATE_ONLY,9493.15,VALID,DUPLICATE_DEBIT,Customer complaint text unclear due to poor call center notes. call dropped,OPEN,MEDIUM,BRANCH
CBK0002272,TXN00008542,VALID,USR97580,MCH5904,2026-12-01 05:13:00,VALID,2026-01-14 00:00:00,DATE_ONLY,2026-01-21 00:00:00,DATE_ONLY,,UNPARSEABLE/NULL,SERVICE_NOT_PROVIDED,Customer says amount was debited twice.,PENDING_BANK,MEDIUM,CHATBOT
CBK0000106,TXN00016875,VALID,USR34270,MCH7335,,MISSING,,MISSING,2026-04-19 00:00:00,DATE_ONLY,-570.66,NEGATIVE,UNAUTHORIZED_TRANSACTION,Payment made to unknown merchant as per customer statement.,PENDING_BANK,LOW,CHATBOT
CBK0000848,TXN00000823,VALID,USR23460,MCH5954,2026-03-30 00:00:00,DATE_ONLY,2026-04-29 00:00:00,DATE_ONLY,2026-05-06 00:00:00,DATE_ONLY,1982.27,VALID,UNAUTHORIZED_TRANSACTION,Customer says transaction was not authorized.,RESOLVED,LOW,IVR
CBK0000506,TXN00018031,VALID,USR67892,MCH2770,2026-01-19 00:00:00,DATE_ONLY,2026-01-22 05:45:24,VALID,2026-02-18 00:00:00,DATE_ONLY,-700.6,NEGATIVE,WRONG_AMOUNT,User reports money deducted but merchant denies receiving payment.,REJECTED,MEDIUM,CALL_CENTER
CBK0000714,TXN00000238,VALID,USR50454,MCH5655,2026-02-06 00:00:00,DATE_ONLY,2026-07-02 00:00:00,DATE_ONLY,,MISSING,2745.21,VALID,UNAUTHORIZED_TRANSACTION,Suspicious high-value payment disputed by customer.,PENDING_BANK,MEDIUM,EMAIL
CBK0002318,TXN00011955,VALID,USR35555,MCH3810,2026-03-22 10:52:40,VALID,2026-03-26 00:00:00,DATE_ONLY,,MISSING,-918.61,NEGATIVE,GENERAL_COMPLAINT,Suspicious high-value payment disputed by customer. call dropped,PENDING_BANK,LOW,APP
CBK0000557,TXN00012212,VALID,USR36059,MCH7684,2026-02-03 00:00:00,DATE_ONLY,2026-03-02 19:12:00,VALID,2026-09-02 00:00:00,DATE_ONLY,2586.86,VALID,DUPLICATE_DEBIT,User reports money deducted but merchant denies receiving payment.,PENDING_BANK,LOW,BRANCH
CBK0001877,TXN00098339,VALID,USR15575,MCH5651,2026-01-29 20:48:22,VALID,2026-01-28 00:00:00,DATE_ONLY,2026-02-04 00:00:00,DATE_ONLY,194.24,VALID,UNAUTHORIZED_TRANSACTION,User says upi pin was not entered by them.,IN_PROGRESS,LOW,CHATBOT
CBK0000601,TXN00017368,VALID,USR21789,MCH8779,2026-02-07 00:00:00,DATE_ONLY,2026-12-02 00:00:00,DATE_ONLY,2026-02-26 00:00:00,DATE_ONLY,,UNPARSEABLE/NULL,SERVICE_NOT_PROVIDED,Customer complaint text unclear due to poor call center notes.,IN_PROGRESS,MEDIUM,BRANCH
CBK0001786,TXN00091289,VALID,USR77896,MCH8389,2026-08-03 00:00:00,DATE_ONLY,2026-03-19 00:00:00,DATE_ONLY,,MISSING,954.04,VALID,SERVICE_NOT_PROVIDED,Complaint received after multiple failed attempts.,RESOLVED,CRITICAL,BRANCH
CBK0000102,TXN00013948,VALID,USR79115,MCH3570,2026-01-22 00:00:00,DATE_ONLY,2026-01-29 19:15:57,VALID,2026-02-16 19:15:57,VALID,7171.27,VALID,GENERAL_COMPLAINT,Payment made to unknown merchant as per customer statement.,IN_PROGRESS,LOW,APP
CBK0000745,TXN00010462,VALID,USR47272,MCH8805,2026-01-13 00:00:00,DATE_ONLY,2026-01-17 00:35:00,VALID,2026-02-03 00:35:16,VALID,4246.38,VALID,UNAUTHORIZED_TRANSACTION,User reports money deducted but merchant denies receiving payment.,CLOSED,LOW,CHATBOT
CBK0000748,TXN00009850,VALID,USR16745,MCH7753,2026-02-06 07:19:27,VALID,2026-02-04 07:19:27,VALID,2026-02-21 00:00:00,DATE_ONLY,1130.39,VALID,UNAUTHORIZED_TRANSACTION,Customer complaint text unclear due to poor call center notes.,OPEN,LOW,EMAIL
CBK0002478,TXN00016308,VALID,USR74358,MCH6401,2026-01-14 00:00:00,DATE_ONLY,2026-01-17 21:14:00,VALID,2026-01-23 21:14:01,VALID,3857.22,VALID,UNAUTHORIZED_TRANSACTION,Suspicious high-value payment disputed by customer.,OPEN,LOW,CHATBOT
CBK0002800,TXN00003664,VALID,USR55718,MCH3777,2026-01-08 06:03:43,VALID,2026-10-01 21:03:00,VALID,2026-01-31 21:03:00,VALID,1000.95,VALID,SERVICE_NOT_PROVIDED,Customer says amount was debited twice.,CLOSED,MEDIUM,IVR
CBK0002115,TXN00015780,VALID,USR98420,MCH7025,2026-01-21 00:00:00,DATE_ONLY,2026-02-06 03:02:02,VALID,2026-02-27 00:00:00,DATE_ONLY,1404.29,VALID,GENERAL_COMPLAINT,User says upi pin was not entered by them.,OPEN,MEDIUM,IVR
CBK0000948,TXN00019010,VALID,USR39487,MCH7891,2026-02-18 00:00:00,DATE_ONLY,2026-02-13 00:00:00,DATE_ONLY,2026-02-27 00:00:00,DATE_ONLY,983.91,VALID,UNAUTHORIZED_TRANSACTION,Payment made to unknown merchant as per customer statement.,PENDING_BANK,LOW,EMAIL
CBK0002763,TXN00010243,VALID,USR96392,MCH8516,2026-03-29 07:29:00,VALID,2026-03-29 22:29:48,VALID,2026-04-14 00:00:00,DATE_ONLY,1043.0,VALID,WRONG_AMOUNT,Merchant service was not delivered after payment.,RESOLVED,LOW,CALL_CENTER
CBK0001826,TXN00012615,VALID,USR61997,MCH4353,2026-02-02 00:00:00,DATE_ONLY,2026-02-13 14:10:00,VALID,2026-03-03 14:10:36,VALID,2049.68,VALID,UNAUTHORIZED_TRANSACTION,Suspicious high-value payment disputed by customer.,PENDING_BANK,MEDIUM,APP
CBK0000378,TXN00018467,VALID,USR80805,MCH5264,2026-02-14 00:00:00,DATE_ONLY,,MISSING,2026-03-15 00:00:00,DATE_ONLY,688.0,VALID,DUPLICATE_DEBIT,Customer says transaction was not authorized.,IN_PROGRESS,MEDIUM,BRANCH
CBK0001134,TXN00017548,VALID,USR13243,MCH9359,2026-03-11 00:00:00,DATE_ONLY,2026-03-13 00:00:00,DATE_ONLY,2026-03-29 00:00:00,DATE_ONLY,6612.88,VALID,DUPLICATE_DEBIT,User reports money deducted but merchant denies receiving payment.,RESOLVED,MEDIUM,IVR
CBK0001731,TXN00004984,VALID,USR87558,MCH9299,2026-03-31 00:00:00,DATE_ONLY,2026-04-05 00:00:00,DATE_ONLY,,MISSING,1369.23,VALID,UNAUTHORIZED_TRANSACTION,User reports money deducted but merchant denies receiving payment.,RESOLVED,HIGH,CHATBOT
CBK0002574,TXN00017235,VALID,USR62800,MCH8945,2026-02-08 05:11:43,VALID,2026-02-12 02:11:43,VALID,2026-02-25 02:11:00,VALID,18567.74,VALID,SERVICE_NOT_PROVIDED,User says upi pin was not entered by them.,PENDING_BANK,MEDIUM,IVR
CBK0001494,TXN00012935,VALID,USR97835,MCH9262,2026-01-26 00:00:00,DATE_ONLY,2026-01-27 01:43:00,VALID,2026-02-13 00:00:00,DATE_ONLY,7997.0,VALID,GENERAL_COMPLAINT,User reports money deducted but merchant denies receiving payment.,OPEN,LOW,CHATBOT
CBK0001678,TXN00013912,VALID,USR44975,MCH7114,2026-01-18 00:00:00,DATE_ONLY,2026-01-19 00:00:00,DATE_ONLY,2026-10-02 00:00:00,DATE_ONLY,-1478.88,NEGATIVE,SERVICE_NOT_PROVIDED,Customer says amount was debited twice.,OPEN,HIGH,IVR
CBK0001643,TXN00000106,VALID,USR58071,MCH5954,2026-11-02 00:00:00,DATE_ONLY,2026-02-19 08:16:00,VALID,,MISSING,7755.19,VALID,UNAUTHORIZED_TRANSACTION,Complaint received after multiple failed attempts.,PENDING_BANK,CRITICAL,CHATBOT
CBK0000190,TXN00009749,VALID,USR32223,MCH5076,2026-01-15 00:00:00,DATE_ONLY,2026-01-23 00:00:00,DATE_ONLY,2026-02-02 00:00:00,DATE_ONLY,193.15,VALID,WRONG_AMOUNT,Customer says transaction was not authorized.,RESOLVED,LOW,IVR
CBK0000556,TXN00013406,VALID,USR49847,MCH4590,2026-03-08 00:00:00,DATE_ONLY,2026-03-24 02:07:00,VALID,2026-04-16 00:00:00,DATE_ONLY,6052.19,VALID,UNAUTHORIZED_TRANSACTION,Customer complaint text unclear due to poor call center notes.,OPEN,HIGH,IVR
CBK0000222,TXN00003640,VALID,USR39837,MCH5980,2026-07-01 11:53:00,VALID,2026-01-09 00:00:00,DATE_ONLY,2026-01-24 12:53:46,VALID,2301.83,VALID,UNAUTHORIZED_TRANSACTION,Suspicious high-value payment disputed by customer.,PENDING_BANK,MEDIUM,CALL_CENTER
CBK0002310,TXN00008525,VALID,USR62313,MCH8146,2026-03-03 00:00:00,DATE_ONLY,2026-03-05 00:00:00,DATE_ONLY,,MISSING,1760.95,VALID,WRONG_AMOUNT,Suspicious high-value payment disputed by customer.,CLOSED,HIGH,BRANCH
CBK0001236,TXN00016325,VALID,USR50779,MCH1320,2026-03-01 00:00:00,DATE_ONLY,2026-03-07 00:00:00,DATE_ONLY,2026-04-06 06:00:50,VALID,1085.5,VALID,UNAUTHORIZED_TRANSACTION,Suspicious high-value payment disputed by customer.,REJECTED,MEDIUM,EMAIL
CBK0001039,TXN00010686,VALID,USR79207,MCH7408,2026-02-27 07:41:36,VALID,2026-03-01 20:41:36,VALID,2026-03-03 00:00:00,DATE_ONLY,1379.0,VALID,WRONG_AMOUNT,User says upi pin was not entered by them.,REJECTED,CRITICAL,APP
CBK0002425,TXN00014868,VALID,USR39427,MCH2383,2026-01-23 23:41:30,VALID,2026-01-27 13:41:00,VALID,,MISSING,367.0,VALID,SERVICE_NOT_PROVIDED,Suspicious high-value payment disputed by customer.,PENDING_BANK,MEDIUM,IVR
CBK0001745,TXN00007273,VALID,USR17798,MCH6810,2026-02-03 00:00:00,DATE_ONLY,2026-03-04 00:00:00,DATE_ONLY,2026-03-25 00:00:00,DATE_ONLY,673.49,VALID,DUPLICATE_DEBIT,Payment made to unknown merchant as per customer statement.,OPEN,MEDIUM,CALL_CENTER
CBK0000764,TXN00017113,VALID,USR98093,MCH8779,2026-03-18 14:56:31,VALID,2026-03-21 00:00:00,DATE_ONLY,2026-04-09 00:00:00,DATE_ONLY,580.57,VALID,GENERAL_COMPLAINT,Merchant service was not delivered after payment.,PENDING_BANK,MEDIUM,BRANCH
CBK0001814,TXN00002883,VALID,USR42970,MCH2296,2026-03-03 18:11:00,VALID,,MISSING,2026-03-26 00:00:00,DATE_ONLY,-19036.69,NEGATIVE,DUPLICATE_DEBIT,User says upi pin was not entered by them.,OPEN,CRITICAL,CALL_CENTER
CBK0002536,TXN00009622,VALID,USR33596,MCH3032,2026-03-03 00:00:00,DATE_ONLY,,MISSING,2026-03-17 00:16:23,VALID,,UNPARSEABLE/NULL,UNAUTHORIZED_TRANSACTION,User reports money deducted but merchant denies receiving payment.,OPEN,CRITICAL,APP
CBK0000231,TXN00017060,VALID,USR94815,MCH5980,2026-03-25 11:16:26,VALID,2026-05-04 00:00:00,DATE_ONLY,2026-09-04 00:00:00,DATE_ONLY,575.09,VALID,GENERAL_COMPLAINT,User reports money deducted but merchant denies receiving payment.,CLOSED,LOW,IVR
CBK0000462,TXN00018761,VALID,USR24660,MCH9291,2026-01-23 00:00:00,DATE_ONLY,2026-01-24 00:00:00,DATE_ONLY,2026-02-17 00:00:00,DATE_ONLY,1500.59,VALID,UNAUTHORIZED_TRANSACTION,Customer says amount was debited twice.,IN_PROGRESS,LOW,EMAIL
CBK0000469,TXN00002630,VALID,USR94595,MCH7286,2026-03-05 13:56:13,VALID,2026-07-03 00:00:00,DATE_ONLY,,MISSING,-7890.76,NEGATIVE,UNAUTHORIZED_TRANSACTION,Complaint received after multiple failed attempts. call dropped,PENDING_BANK,LOW,CHATBOT
CBK0000889,TXN00015963,VALID,USR97266,MCH6752,2026-12-01 00:00:00,DATE_ONLY,2026-01-22 00:00:00,DATE_ONLY,2026-01-28 00:00:00,DATE_ONLY,3356.0,VALID,UNAUTHORIZED_TRANSACTION,Customer says amount was debited twice.,IN_PROGRESS,MEDIUM,IVR
CBK0000604,TXN00008566,VALID,USR17861,MCH3597,2026-03-12 00:00:00,DATE_ONLY,2026-03-15 06:08:29,VALID,,MISSING,2673.74,VALID,UNAUTHORIZED_TRANSACTION,User claims account was compromised before transaction.,PENDING_BANK,LOW,CHATBOT
CBK0000611,TXN00014367,VALID,USR58639,MCH4078,2026-02-17 00:00:00,DATE_ONLY,2026-03-05 00:00:00,DATE_ONLY,,MISSING,996.14,VALID,SERVICE_NOT_PROVIDED,User says upi pin was not entered by them.,OPEN,LOW,CHATBOT
CBK0001017,TXN00085757,VALID,USR56228,MCH8964,2026-03-29 00:00:00,DATE_ONLY,2026-04-02 00:00:00,DATE_ONLY,2026-04-19 00:00:00,DATE_ONLY,585.8,VALID,DUPLICATE_DEBIT,Payment made to unknown merchant as per customer statement.,REJECTED,CRITICAL,CHATBOT
CBK0002108,TXN00013246,VALID,USR62233,MCH8714,2026-02-12 00:00:00,DATE_ONLY,2026-02-15 00:00:00,DATE_ONLY,2026-02-17 00:00:00,DATE_ONLY,5800.55,VALID,DUPLICATE_DEBIT,Customer says amount was debited twice.,REJECTED,LOW,APP
CBK0001742,TXN00000794,VALID,USR25428,MCH4105,2026-02-19 00:00:00,DATE_ONLY,2026-02-22 00:00:00,DATE_ONLY,,MISSING,6042.03,VALID,SERVICE_NOT_PROVIDED,Complaint received after multiple failed attempts.,OPEN,HIGH,IVR
CBK0000082,TXN00013051,VALID,USR86387,MCH8735,2026-02-26 00:00:00,DATE_ONLY,2026-02-27 00:00:00,DATE_ONLY,,MISSING,7272.0,VALID,SERVICE_NOT_PROVIDED,Suspicious high-value payment disputed by customer.,IN_PROGRESS,LOW,APP
CBK0000597,TXN00012105,VALID,USR80223,MCH3594,2026-02-07 00:00:00,DATE_ONLY,2026-10-03 00:00:00,DATE_ONLY,2026-03-25 00:00:00,DATE_ONLY,1866.96,VALID,DUPLICATE_DEBIT,User reports money deducted but merchant denies receiving payment.,IN_PROGRESS,LOW,CHATBOT
CBK0001220,TXN00001198,VALID,USR21945,MCH7467,2026-02-05 16:07:55,VALID,2026-02-03 00:00:00,DATE_ONLY,2026-02-25 00:00:00,DATE_ONLY,3605.24,VALID,UNAUTHORIZED_TRANSACTION,User says upi pin was not entered by them.,RESOLVED,HIGH,APP
CBK0001207,TXN00007505,VALID,USR33427,MCH5300,2026-01-31 06:45:27,VALID,2026-02-02 09:45:27,VALID,2026-02-21 00:00:00,DATE_ONLY,13713.48,VALID,DUPLICATE_DEBIT,Customer complaint text unclear due to poor call center notes.,IN_PROGRESS,LOW,CHATBOT
CBK0000177,TXN00001663,VALID,USR24926,MCH7681,2026-08-02 00:00:00,DATE_ONLY,2026-02-11 00:00:00,DATE_ONLY,2026-02-17 00:00:00,DATE_ONLY,2379.68,VALID,SERVICE_NOT_PROVIDED,Complaint received after multiple failed attempts.,RESOLVED,LOW,IVR
CBK0001332,TXN00009814,VALID,USR65176,MCH2398,2026-01-22 00:00:00,DATE_ONLY,2026-02-01 00:00:00,DATE_ONLY,2026-02-26 11:15:00,VALID,1195.47,VALID,SERVICE_NOT_PROVIDED,Customer says transaction was not authorized.,IN_PROGRESS,MEDIUM,BRANCH
CBK0000021,TXN00013452,VALID,USR44435,MCH8391,2026-02-18 00:00:00,DATE_ONLY,2026-03-06 00:25:19,VALID,,MISSING,-2480.91,NEGATIVE,UNAUTHORIZED_TRANSACTION,User reports money deducted but merchant denies receiving payment.,IN_PROGRESS,MEDIUM,IVR
CBK0001202,TXN00005621,VALID,USR59000,MCH3815,2026-03-15 00:00:00,DATE_ONLY,2026-03-19 21:25:48,VALID,,MISSING,8601.0,VALID,GENERAL_COMPLAINT,Customer says transaction was not authorized.,RESOLVED,LOW,CHATBOT
CBK0002171,TXN00015034,VALID,USR73039,MCH1572,2026-03-19 00:00:00,DATE_ONLY,2026-03-22 20:42:00,VALID,,MISSING,8134.61,VALID,DUPLICATE_DEBIT,Payment made to unknown merchant as per cust statement.,RESOLVED,HIGH,CALL_CENTER
CBK0001878,TXN00014566,VALID,USR75314,MCH2363,2026-03-20 00:00:00,DATE_ONLY,2026-03-24 07:04:16,VALID,2026-04-09 07:04:16,VALID,2311.12,VALID,DUPLICATE_DEBIT,Customer says transaction was not authorized.,PENDING_BANK,HIGH,APP
CBK0002648,TXN00015715,VALID,USR23388,MCH7559,2026-02-10 00:00:00,DATE_ONLY,2026-12-02 17:59:00,VALID,2026-02-15 17:59:00,VALID,9730.68,VALID,WRONG_AMOUNT,Customer complaint text unclear due to poor call center notes.,IN_PROGRESS,LOW,EMAIL
CBK0000078,TXN00019392,VALID,USR55898,MCH8405,2026-01-21 00:00:00,DATE_ONLY,2026-01-22 00:00:00,DATE_ONLY,2026-01-27 00:00:00,DATE_ONLY,16244.17,VALID,GENERAL_COMPLAINT,User claims account was compromised before transaction.,CLOSED,HIGH,IVR
CBK0001469,TXN00008274,VALID,USR45724,MCH3032,2026-02-25 00:00:00,DATE_ONLY,2026-02-28 00:00:00,DATE_ONLY,2026-03-18 11:31:43,VALID,1114.45,VALID,SERVICE_NOT_PROVIDED,Suspicious high-value payment disputed by customer.,RESOLVED,HIGH,CALL_CENTER
CBK0001428,TXN00001443,VALID,USR74417,MCH7286,2026-01-30 00:00:00,DATE_ONLY,2026-02-02 00:00:00,DATE_ONLY,2026-05-02 00:00:00,DATE_ONLY,504.11,VALID,UNAUTHORIZED_TRANSACTION,User claims account was compromised before transaction.,OPEN,LOW,APP
CBK0001501,TXN00010823,VALID,USR14938,MCH1880,2026-10-01 21:26:00,VALID,2026-01-11 07:26:55,VALID,,MISSING,-2588.02,NEGATIVE,DUPLICATE_DEBIT,Complaint received after multiple failed attempts.,OPEN,MEDIUM,APP
CBK0001566,TXN00004832,VALID,USR79325,MCH4041,2026-01-15 00:00:00,DATE_ONLY,2026-01-26 00:00:00,DATE_ONLY,,MISSING,1582.6,VALID,UNAUTHORIZED_TRANSACTION,Customer says amount was debited twice.,IN_PROGRESS,MEDIUM,EMAIL
CBK0001806,TXN00003889,VALID,USR73653,MCH4226,2026-01-12 01:06:58,VALID,2026-01-17 00:00:00,DATE_ONLY,2026-07-02 00:00:00,DATE_ONLY,2760.0,VALID,UNAUTHORIZED_TRANSACTION,User says upi pin was not entered by them.,REJECTED,HIGH,IVR
CBK0001668,TXN00013060,VALID,USR11531,MCH8697,2026-04-01 00:00:00,DATE_ONLY,2026-01-06 00:00:00,DATE_ONLY,2026-02-04 07:49:01,VALID,255.73,VALID,WRONG_AMOUNT,Customer says txn was not authorized.,IN_PROGRESS,MEDIUM,EMAIL
CBK0000755,TXN00002595,VALID,USR34052,MCH5808,2026-03-28 00:00:00,DATE_ONLY,2026-03-29 00:00:00,DATE_ONLY,2026-04-27 22:33:32,VALID,-1658.43,NEGATIVE,UNAUTHORIZED_TRANSACTION,Suspicious high-value payment disputed by customer.,PENDING_BANK,HIGH,CHATBOT
CBK0001037,TXN00098409,VALID,USR20076,MCH8779,,MISSING,2026-01-09 22:50:47,VALID,2026-01-11 00:00:00,DATE_ONLY,645.47,VALID,WRONG_AMOUNT,Suspicious high-value payment disputed by customer.,OPEN,HIGH,BRANCH
CBK0001813,TXN00002689,VALID,USR68461,MCH8451,2026-01-26 07:59:00,VALID,2026-01-29 00:00:00,DATE_ONLY,2026-02-23 00:00:00,DATE_ONLY,2158.72,VALID,SERVICE_NOT_PROVIDED,Merchant service was not delivered after payment.,OPEN,HIGH,CALL_CENTER
CBK0000382,TXN00000312,VALID,USR42726,MCH6175,,MISSING,2026-01-13 00:00:00,DATE_ONLY,2026-09-02 00:00:00,DATE_ONLY,-545.34,NEGATIVE,SERVICE_NOT_PROVIDED,User claims account was compromised before transaction.,PENDING_BANK,MEDIUM,CHATBOT
CBK0000706,TXN00005543,VALID,USR82059,MCH4181,2026-03-03 00:00:00,DATE_ONLY,2026-03-05 15:23:41,VALID,2026-03-30 15:23:00,VALID,1362.67,VALID,WRONG_AMOUNT,Complaint received after multiple failed attempts.,OPEN,MEDIUM,CALL_CENTER
CBK0002633,TXN00018827,VALID,USR76516,MCH2530,2026-03-07 00:00:00,DATE_ONLY,,MISSING,2026-09-04 08:35:00,VALID,2231.59,VALID,SERVICE_NOT_PROVIDED,Payment made to unknown merchant as per customer statement.,REJECTED,MEDIUM,IVR
CBK0000549,TXN00011700,VALID,USR72892,MCH1046,2026-03-30 11:04:32,VALID,2026-04-29 00:00:00,DATE_ONLY,2026-05-05 00:00:00,DATE_ONLY,14999.55,VALID,GENERAL_COMPLAINT,Suspicious high-value payment disputed by customer.,OPEN,LOW,BRANCH
CBK0000192,TXN00001285,VALID,USR71300,MCH9402,2026-01-08 00:00:00,DATE_ONLY,2026-01-14 00:00:00,DATE_ONLY,2026-01-15 00:00:00,DATE_ONLY,420.0,VALID,GENERAL_COMPLAINT,User says upi pin was not entered by them.,OPEN,LOW,APP
CBK0001672,TXN00010193,VALID,USR30239,MCH9948,,MISSING,2026-03-16 00:00:00,DATE_ONLY,2026-03-25 00:00:00,DATE_ONLY,-1194.2,NEGATIVE,GENERAL_COMPLAINT,Customer complaint text unclear due to poor call center notes.,CLOSED,MEDIUM,EMAIL
CBK0002502,TXN00001155,VALID,USR59679,MCH6426,2026-03-09 02:37:30,VALID,2026-03-09 05:37:30,VALID,,MISSING,335.78,VALID,WRONG_AMOUNT,Payment made to unknown merchant as per customer statement.,IN_PROGRESS,MEDIUM,BRANCH
CBK0000308,TXN00017336,VALID,USR23149,MCH8953,2026-03-23 00:00:00,DATE_ONLY,2026-04-08 16:47:26,VALID,,MISSING,3087.13,VALID,SERVICE_NOT_PROVIDED,User says upi pin was not entered by them.,RESOLVED,CRITICAL,CALL_CENTER
CBK0001002,TXN00015644,VALID,USR20239,MCH3815,2026-03-27 00:00:00,DATE_ONLY,2026-03-22 07:53:46,VALID,2026-05-04 00:00:00,DATE_ONLY,4307.19,VALID,UNAUTHORIZED_TRANSACTION,User claims account was compromised before transaction.,PENDING_BANK,MEDIUM,CHATBOT
CBK0001066,TXN00015023,VALID,USR41036,MCH5655,2026-01-31 01:40:40,VALID,2026-02-02 00:00:00,DATE_ONLY,2026-02-15 01:40:00,VALID,946.63,VALID,SERVICE_NOT_PROVIDED,Merchant service was not delivered after payment.,IN_PROGRESS,HIGH,IVR
CBK0000617,TXN00014515,VALID,USR11419,MCH7833,2026-02-09 00:00:00,DATE_ONLY,2026-02-16 21:12:01,VALID,2026-04-03 00:00:00,DATE_ONLY,181.44,VALID,SERVICE_NOT_PROVIDED,User says upi pin was not entered by them.,OPEN,LOW,CHATBOT
CBK0002721,TXN00017658,VALID,USR43499,MCH9765,2026-02-09 16:24:25,VALID,2026-02-10 00:00:00,DATE_ONLY,2026-12-02 18:24:00,VALID,845.38,VALID,GENERAL_COMPLAINT,Customer says transaction was not authorized.,PENDING_BANK,MEDIUM,EMAIL
CBK0001758,TXN00014222,VALID,USR16922,MCH6546,,MISSING,2026-03-16 00:00:00,DATE_ONLY,2026-03-17 00:00:00,DATE_ONLY,2187.0,VALID,WRONG_AMOUNT,Customer says amount was debited twice.,REJECTED,LOW,CHATBOT
CBK0002630,TXN00019209,VALID,USR61436,MCH9582,2026-03-12 00:00:00,DATE_ONLY,2026-03-28 00:00:00,DATE_ONLY,2026-04-26 00:00:00,DATE_ONLY,13306.35,VALID,UNAUTHORIZED_TRANSACTION,Complaint received after multiple failed attempts.,OPEN,LOW,CHATBOT
CBK0000265,TXN00016348,VALID,USR10307,MCH4590,2026-02-21 13:58:00,VALID,2026-02-18 13:58:34,VALID,2026-02-18 13:58:34,VALID,2797.85,VALID,SERVICE_NOT_PROVIDED,User claims account was compromised before transaction.,REJECTED,LOW,IVR
CBK0000795,TXN00010007,VALID,USR13134,MCH3292,2026-03-14 00:00:00,DATE_ONLY,2026-03-15 00:00:00,DATE_ONLY,2026-11-04 00:00:00,DATE_ONLY,2021.11,VALID,WRONG_AMOUNT,Customer says transaction was not authorized. details missing,IN_PROGRESS,LOW,IVR
CBK0000274,TXN00005429,VALID,USR12958,MCH5946,2026-01-15 00:00:00,DATE_ONLY,2026-01-18 00:00:00,DATE_ONLY,2026-02-07 14:33:08,VALID,1860.96,VALID,SERVICE_NOT_PROVIDED,Customer complaint text unclear due to poor call center notes.,OPEN,LOW,IVR
CBK0000779,TXN00000534,VALID,USR89996,MCH4842,2026-02-07 00:00:00,DATE_ONLY,2026-02-04 00:00:00,DATE_ONLY,2026-03-03 00:00:00,DATE_ONLY,1352.13,VALID,UNAUTHORIZED_TRANSACTION,User reports money deducted but merchant denies receiving payment.,OPEN,LOW,CALL_CENTER
CBK0001116,TXN00080108,VALID,USR56399,MCH3406,2026-05-02 00:00:00,DATE_ONLY,2026-03-22 14:28:00,VALID,2026-03-31 00:00:00,DATE_ONLY,1189.65,VALID,SERVICE_NOT_PROVIDED,User claims account was compromised before transaction.,IN_PROGRESS,HIGH,IVR
CBK0000162,TXN00001838,VALID,USR56312,MCH5172,2026-02-16 00:00:00,DATE_ONLY,2026-02-19 04:02:59,VALID,2026-03-05 00:00:00,DATE_ONLY,422.0,VALID,UNAUTHORIZED_TRANSACTION,Customer says transaction was not authorized.,REJECTED,LOW,IVR
CBK0000758,TXN00015649,VALID,USR79175,MCH9344,2026-03-19 00:00:00,DATE_ONLY,2026-03-21 00:00:00,DATE_ONLY,2026-04-16 00:00:00,DATE_ONLY,2175.05,VALID,UNAUTHORIZED_TRANSACTION,Complaint received after multiple failed attempts.,REJECTED,HIGH,IVR
CBK0000235,TXN00006623,VALID,USR14727,MCH4226,2026-01-27 00:00:00,DATE_ONLY,2026-02-12 09:53:35,VALID,2026-02-14 00:00:00,DATE_ONLY,1154.99,VALID,SERVICE_NOT_PROVIDED,User claims account was compromised before transaction.,IN_PROGRESS,LOW,CHATBOT
CBK0001865,TXN00006954,VALID,USR17902,MCH6053,2026-03-21 00:00:00,DATE_ONLY,2026-03-25 00:00:00,DATE_ONLY,2026-04-20 07:07:09,VALID,186.51,VALID,SERVICE_NOT_PROVIDED,Customer says transaction was not authorized.,CLOSED,MEDIUM,IVR
CBK0001534,TXN00017134,VALID,USR12661,MCH2383,2026-03-17 01:16:59,VALID,2026-03-18 15:16:59,VALID,2026-03-24 15:16:00,VALID,-2108.75,NEGATIVE,UNAUTHORIZED_TRANSACTION,Customer says transaction was not authorized.,RESOLVED,LOW,BRANCH
CBK0001809,TXN00010916,VALID,USR20534,MCH8241,2026-11-01 00:00:00,DATE_ONLY,2026-01-18 00:00:00,DATE_ONLY,,MISSING,2538.37,VALID,GENERAL_COMPLAINT,Customer complaint text unclear due to poor call center notes.,REJECTED,LOW,CHATBOT
CBK0001765,TXN00013993,VALID,USR29854,MCH6810,2026-06-02 18:41:00,VALID,2026-02-07 18:41:49,VALID,2026-02-20 00:00:00,DATE_ONLY,2111.63,VALID,UNAUTHORIZED_TRANSACTION,User claims account was compromised before txn.,IN_PROGRESS,LOW,IVR
CBK0001287,TXN00011889,VALID,USR22939,MCH9579,2026-03-05 00:00:00,DATE_ONLY,2026-03-06 00:00:00,DATE_ONLY,2026-03-29 00:00:00,DATE_ONLY,1592.55,VALID,UNAUTHORIZED_TRANSACTION,User reports money deducted but merchant denies receiving payment.,REJECTED,LOW,IVR
CBK0002594,TXN00005908,VALID,USR24024,MCH1329,2026-01-20 00:00:00,DATE_ONLY,2026-01-21 00:00:00,DATE_ONLY,2026-02-04 22:51:08,VALID,1603.01,VALID,DUPLICATE_DEBIT,Customer says amount was debited twice.,CLOSED,LOW,IVR
CBK0002782,TXN00004814,VALID,USR53828,MCH2822,2026-03-09 04:06:54,VALID,2026-03-19 07:06:00,VALID,,MISSING,,UNPARSEABLE/NULL,UNAUTHORIZED_TRANSACTION,Payment made to unknown merchant as per cust statement.,REJECTED,LOW,BRANCH
CBK0000678,TXN00006912,VALID,USR67333,MCH9291,2026-02-08 00:00:00,DATE_ONLY,,MISSING,,MISSING,140.31,VALID,UNAUTHORIZED_TRANSACTION,User reports money deducted but merchant denies receiving payment.,IN_PROGRESS,MEDIUM,BRANCH
CBK0002017,TXN00009156,VALID,USR53547,MCH6913,2026-02-18 00:00:00,DATE_ONLY,2026-02-22 12:44:40,VALID,2026-03-18 12:44:00,VALID,1074.12,VALID,DUPLICATE_DEBIT,Customer says transaction was not authorized.,IN_PROGRESS,LOW,BRANCH
CBK0001396,TXN00008851,VALID,USR34889,MCH8779,2026-03-28 00:00:00,DATE_ONLY,2026-04-27 12:50:00,VALID,2026-05-16 12:50:00,VALID,1383.51,VALID,DUPLICATE_DEBIT,User reports money deducted but merchant denies receiving payment.,REJECTED,MEDIUM,BRANCH
CBK0000750,TXN00010355,VALID,USR45600,MCH5980,2026-02-24 00:33:16,VALID,2026-03-03 00:00:00,DATE_ONLY,,MISSING,-1284.43,NEGATIVE,SERVICE_NOT_PROVIDED,Complaint received after multiple failed attempts.,CLOSED,HIGH,EMAIL
CBK0002021,TXN00012401,VALID,USR36322,MCH8425,2026-03-11 00:00:00,DATE_ONLY,2026-03-17 00:00:00,DATE_ONLY,2026-04-09 00:00:00,DATE_ONLY,13235.72,VALID,SERVICE_NOT_PROVIDED,Customer says amount was debited twice.,CLOSED,LOW,CHATBOT
CBK0000977,TXN00003072,VALID,USR68775,MCH5569,2026-03-26 04:29:27,VALID,2026-03-29 03:29:27,VALID,2026-04-24 00:00:00,DATE_ONLY,3800.57,VALID,SERVICE_NOT_PROVIDED,Customer complaint text unclear due to poor call center notes.,OPEN,LOW,BRANCH
CBK0000640,TXN00012946,VALID,USR57297,MCH2401,2026-12-01 00:00:00,DATE_ONLY,2026-01-18 00:00:00,DATE_ONLY,2026-01-20 00:00:00,DATE_ONLY,3312.0,VALID,SERVICE_NOT_PROVIDED,Suspicious high-value payment disputed by customer.,CLOSED,LOW,EMAIL
CBK0001144,TXN00018387,VALID,USR76178,MCH1024,2026-02-15 04:54:00,VALID,2026-02-20 00:00:00,DATE_ONLY,,MISSING,741.15,VALID,UNAUTHORIZED_TRANSACTION,User reports money deducted but merchant denies receiving payment.,OPEN,MEDIUM,CHATBOT
CBK0002611,TXN00001244,VALID,USR27732,MCH4473,2026-01-24 00:00:00,DATE_ONLY,2026-01-27 00:00:00,DATE_ONLY,2026-02-19 00:00:00,DATE_ONLY,722.73,VALID,UNAUTHORIZED_TRANSACTION,Customer says txn was not authorized.,REJECTED,MEDIUM,IVR
CBK0002124,TXN00002782,VALID,USR13215,MCH4702,2026-02-28 00:00:00,DATE_ONLY,2026-03-16 00:00:00,DATE_ONLY,,MISSING,832.0,VALID,SERVICE_NOT_PROVIDED,Suspicious high-value payment disputed by cust.,REJECTED,HIGH,APP
CBK0001212,TXN00010220,VALID,USR14892,MCH2296,2026-03-03 00:00:00,DATE_ONLY,2026-03-04 13:37:27,VALID,2026-03-23 00:00:00,DATE_ONLY,4146.24,VALID,DUPLICATE_DEBIT,Merchant service was not delivered after payment.,RESOLVED,LOW,IVR
CBK0000027,TXN00014669,VALID,USR36534,MCH6898,2026-02-10 00:00:00,DATE_ONLY,2026-02-21 00:00:00,DATE_ONLY,2026-10-03 06:38:00,VALID,1596.0,VALID,UNAUTHORIZED_TRANSACTION,Customer says amount was debited twice.,RESOLVED,LOW,EMAIL
CBK0002385,TXN00016200,VALID,USR19881,MCH2065,2026-01-04 02:48:11,VALID,2026-02-03 00:00:00,DATE_ONLY,2026-02-16 00:00:00,DATE_ONLY,2148.76,VALID,SERVICE_NOT_PROVIDED,Customer says amount was debited twice.,IN_PROGRESS,MEDIUM,EMAIL
CBK0001267,TXN00003341,VALID,USR56149,MCH6968,2026-02-24 00:00:00,DATE_ONLY,2026-03-26 17:11:59,VALID,2026-04-20 00:00:00,DATE_ONLY,635.0,VALID,WRONG_AMOUNT,Customer says transaction was not authorized.,REJECTED,LOW,EMAIL
CBK0002560,TXN00010384,VALID,USR77352,MCH2786,,MISSING,2026-10-01 00:00:00,DATE_ONLY,2026-01-26 00:00:00,DATE_ONLY,2047.46,VALID,GENERAL_COMPLAINT,Merchant service was not delivered after payment.,IN_PROGRESS,MEDIUM,BRANCH
CBK0001386,TXN00012491,VALID,USR83236,MCH4552,2026-01-21 00:00:00,DATE_ONLY,2026-01-22 17:32:00,VALID,2026-02-06 17:32:51,VALID,-3187.1,NEGATIVE,SERVICE_NOT_PROVIDED,User reports money deducted but merchant denies receiving payment.,CLOSED,HIGH,BRANCH
CBK0000397,TXN00011692,VALID,USR71635,MCH2757,2026-03-03 00:00:00,DATE_ONLY,2026-04-03 07:26:00,VALID,2026-03-05 00:00:00,DATE_ONLY,3309.0,VALID,DUPLICATE_DEBIT,Merchant service was not delivered after payment.,OPEN,MEDIUM,IVR
CBK0002613,TXN00008727,VALID,USR47519,MCH3071,2026-03-14 00:00:00,DATE_ONLY,2026-03-17 22:35:31,VALID,,MISSING,253.89,VALID,GENERAL_COMPLAINT,Merchant service was not delivered after payment.,IN_PROGRESS,LOW,IVR
CBK0001869,TXN00000074,VALID,USR49567,MCH3266,2026-02-18 00:00:00,DATE_ONLY,2026-02-23 23:56:04,VALID,2026-03-18 00:00:00,DATE_ONLY,-1503.93,NEGATIVE,WRONG_AMOUNT,Customer says transaction was not authorized. urgent,RESOLVED,MEDIUM,IVR
CBK0002654,TXN00013866,VALID,USR55262,MCH4226,2026-03-25 00:00:00,DATE_ONLY,2026-04-09 21:53:19,VALID,2026-04-13 21:53:19,VALID,-3952.26,NEGATIVE,UNAUTHORIZED_TRANSACTION,Payment made to unknown merchant as per customer statement.,REJECTED,LOW,CHATBOT
CBK0002714,TXN00001631,VALID,USR87649,MCH3989,2026-02-26 00:00:00,DATE_ONLY,,MISSING,2026-03-25 19:43:59,VALID,1405.08,VALID,UNAUTHORIZED_TRANSACTION,Suspicious high-value payment disputed by customer.,RESOLVED,LOW,IVR
CBK0001562,TXN00018017,VALID,USR24710,MCH6971,2026-07-02 03:36:00,VALID,2026-02-17 08:36:00,VALID,2026-03-01 00:00:00,DATE_ONLY,1017.08,VALID,GENERAL_COMPLAINT,User claims account was compromised before transaction.,OPEN,MEDIUM,CHATBOT
CBK0001934,TXN00000863,VALID,USR78884,MCH9125,2026-11-03 16:53:00,VALID,2026-03-19 13:53:26,VALID,2026-03-26 00:00:00,DATE_ONLY,2164.0,VALID,SERVICE_NOT_PROVIDED,User says upi pin was not entered by them.,OPEN,HIGH,CHATBOT
CBK0000041,TXN00001568,VALID,USR27328,MCH3518,2026-01-02 00:00:00,DATE_ONLY,2026-01-06 00:00:00,DATE_ONLY,2026-02-01 02:46:29,VALID,2814.0,VALID,DUPLICATE_DEBIT,Merchant service was not delivered after payment.,IN_PROGRESS,LOW,APP
CBK0001885,,MISSING,USR59329,MCH5331,2026-01-26 00:00:00,DATE_ONLY,2026-01-31 00:00:00,DATE_ONLY,2026-02-02 00:00:00,DATE_ONLY,1908.88,VALID,UNAUTHORIZED_TRANSACTION,User says upi pin was not entered by them.,REJECTED,HIGH,IVR
CBK0001719,TXN00009609,VALID,USR13864,MCH7474,2026-01-27 05:30:35,VALID,2026-02-01 00:00:00,DATE_ONLY,,MISSING,2225.74,VALID,UNAUTHORIZED_TRANSACTION,Customer says amount was debited twice.,CLOSED,HIGH,IVR
CBK0000006,TXN00007711,VALID,USR96033,MCH8372,2026-02-06 00:00:00,DATE_ONLY,2026-02-11 23:37:04,VALID,2026-02-17 00:00:00,DATE_ONLY,842.88,VALID,WRONG_AMOUNT,User reports money deducted but merchant denies receiving payment.,IN_PROGRESS,HIGH,CALL_CENTER
CBK0001575,TXN00003257,VALID,USR24459,MCH6850,2026-01-30 00:00:00,DATE_ONLY,2026-02-02 00:00:00,DATE_ONLY,2026-04-02 15:20:00,VALID,198.46,VALID,SERVICE_NOT_PROVIDED,Merchant service was not delivered after payment.,RESOLVED,LOW,IVR
CBK0002321,TXN00014977,VALID,USR11586,MCH2103,2026-01-19 10:23:00,VALID,2026-01-19 00:00:00,DATE_ONLY,,MISSING,683.69,VALID,UNAUTHORIZED_TRANSACTION,User claims account was compromised before transaction.,REJECTED,HIGH,APP
CBK0000487,TXN00004712,VALID,USR85655,MCH1072,2026-03-08 07:36:45,VALID,2026-03-11 00:00:00,DATE_ONLY,2026-03-04 00:00:00,DATE_ONLY,2950.32,VALID,UNAUTHORIZED_TRANSACTION,User says upi pin was not entered by them.,REJECTED,CRITICAL,IVR
CBK0002725,TXN00008319,VALID,USR50664,MCH9581,2026-03-01 00:00:00,DATE_ONLY,2026-03-11 00:00:00,DATE_ONLY,2026-03-30 00:00:00,DATE_ONLY,,UNPARSEABLE/NULL,UNAUTHORIZED_TRANSACTION,User reports money deducted but merchant denies receiving payment.,CLOSED,LOW,CHATBOT
CBK0002628,TXN00016840,VALID,USR73920,MCH4401,2026-07-01 00:00:00,DATE_ONLY,2026-01-09 14:02:55,VALID,,MISSING,276.74,VALID,GENERAL_COMPLAINT,Customer says amount was debited twice.,OPEN,HIGH,BRANCH
CBK0002130,TXN00010659,VALID,USR82224,MCH4086,,MISSING,2026-03-20 00:00:00,DATE_ONLY,2026-04-18 00:00:00,DATE_ONLY,,UNPARSEABLE/NULL,DUPLICATE_DEBIT,Payment made to unknown merchant as per customer statement.,CLOSED,LOW,IVR
CBK0000935,TXN00017209,VALID,USR91820,MCH5221,2026-03-12 00:00:00,DATE_ONLY,2026-03-14 22:13:16,VALID,2026-03-29 00:00:00,DATE_ONLY,1552.09,VALID,DUPLICATE_DEBIT,Customer complaint text unclear due to poor call center notes.,CLOSED,MEDIUM,EMAIL
CBK0002163,TXN00012741,VALID,USR47358,MCH2822,,MISSING,2026-03-09 00:00:00,DATE_ONLY,2026-03-31 00:00:00,DATE_ONLY,863.52,VALID,UNAUTHORIZED_TRANSACTION,Customer complaint text unclear due to poor call center notes.,IN_PROGRESS,MEDIUM,CHATBOT
CBK0000210,TXN00001539,VALID,USR60489,MCH7607,2026-02-06 00:00:00,DATE_ONLY,2026-08-02 00:00:00,DATE_ONLY,2026-02-09 00:00:00,DATE_ONLY,2117.07,VALID,GENERAL_COMPLAINT,Customer says transaction was not authorized.,IN_PROGRESS,MEDIUM,CHATBOT
CBK0000972,TXN00017157,VALID,USR27216,MCH1366,2026-03-26 09:32:21,VALID,2026-03-29 00:00:00,DATE_ONLY,2026-04-04 00:00:00,DATE_ONLY,738.08,VALID,WRONG_AMOUNT,Customer says transaction was not authorized. call dropped,PENDING_BANK,MEDIUM,BRANCH
CBK0001378,TXN00013740,VALID,USR53440,MCH5264,2026-02-03 00:00:00,DATE_ONLY,2026-06-02 00:00:00,DATE_ONLY,2026-02-12 00:00:00,DATE_ONLY,-7287.56,NEGATIVE,WRONG_AMOUNT,Suspicious high-value payment disputed by customer.,IN_PROGRESS,LOW,EMAIL
CBK0000498,TXN00013816,VALID,USR55662,MCH9760,2026-03-16 00:00:00,DATE_ONLY,2026-03-20 05:14:03,VALID,2026-04-13 00:00:00,DATE_ONLY,-734.96,NEGATIVE,UNAUTHORIZED_TRANSACTION,Customer complaint text unclear due to poor call center notes.,RESOLVED,LOW,IVR
CBK0002011,TXN00005230,VALID,USR24993,MCH5993,2026-01-15 20:42:00,VALID,2026-01-18 00:00:00,DATE_ONLY,2026-02-16 00:00:00,DATE_ONLY,5154.73,VALID,SERVICE_NOT_PROVIDED,User says upi pin was not entered by them.,REJECTED,MEDIUM,APP
CBK0002475,TXN00015216,VALID,USR46902,MCH4919,2026-02-16 12:45:00,VALID,2026-02-19 00:00:00,DATE_ONLY,2026-02-23 00:00:00,DATE_ONLY,2997.0,VALID,UNAUTHORIZED_TRANSACTION,Suspicious high-value payment disputed by customer.,IN_PROGRESS,CRITICAL,CALL_CENTER
CBK0000024,TXN00007464,VALID,USR69440,MCH7458,2026-01-18 00:00:00,DATE_ONLY,2026-02-02 03:05:42,VALID,2026-02-14 00:00:00,DATE_ONLY,2001.83,VALID,WRONG_AMOUNT,Complaint received after multiple failed attempts.,REJECTED,MEDIUM,CHATBOT
CBK0002300,TXN00009857,VALID,USR61606,MCH6632,2026-02-28 00:00:00,DATE_ONLY,2026-03-05 00:00:00,DATE_ONLY,,MISSING,519.97,VALID,SERVICE_NOT_PROVIDED,Suspicious high-value payment disputed by customer.,REJECTED,MEDIUM,BRANCH
CBK0002143,TXN00078938,VALID,USR24536,MCH9291,2026-01-15 09:56:06,VALID,2026-01-18 00:00:00,DATE_ONLY,2026-02-01 00:00:00,DATE_ONLY,2889.21,VALID,WRONG_AMOUNT,User claims account was compromised before transaction.,CLOSED,MEDIUM,CALL_CENTER
CBK0000161,TXN00017149,VALID,USR60681,MCH8391,2026-01-22 00:00:00,DATE_ONLY,2026-01-24 00:00:00,DATE_ONLY,2026-02-21 00:00:00,DATE_ONLY,1317.13,VALID,UNAUTHORIZED_TRANSACTION,Suspicious high-value payment disputed by customer.,IN_PROGRESS,HIGH,IVR
CBK0001670,TXN00018666,VALID,USR83277,MCH7513,,MISSING,2026-03-06 00:00:00,DATE_ONLY,2026-03-25 00:00:00,DATE_ONLY,1677.0,VALID,UNAUTHORIZED_TRANSACTION,Suspicious high-value payment disputed by customer.,OPEN,MEDIUM,BRANCH
CBK0000931,TXN00005802,VALID,USR60098,MCH6474,2026-01-29 19:01:00,VALID,,MISSING,2026-02-04 05:01:06,VALID,964.98,VALID,UNAUTHORIZED_TRANSACTION,User claims account was compromised before transaction.,OPEN,MEDIUM,IVR
CBK0001176,TXN00012064,VALID,USR50427,MCH3651,2026-03-28 00:00:00,DATE_ONLY,2026-03-29 00:00:00,DATE_ONLY,2026-04-04 00:00:00,DATE_ONLY,786.31,VALID,UNAUTHORIZED_TRANSACTION,Suspicious high-value payment disputed by customer.,IN_PROGRESS,MEDIUM,EMAIL
CBK0001027,TXN00002451,VALID,USR57852,MCH2510,2026-01-03 00:00:00,DATE_ONLY,2026-07-03 00:00:00,DATE_ONLY,,MISSING,-224.97,NEGATIVE,UNAUTHORIZED_TRANSACTION,Customer complaint text unclear due to poor call center notes.,RESOLVED,MEDIUM,CALL_CENTER
CBK0001490,TXN00003514,VALID,USR77962,MCH9344,2026-03-15 00:00:00,DATE_ONLY,2026-03-25 00:00:00,DATE_ONLY,2026-04-19 00:00:00,DATE_ONLY,1510.93,VALID,SERVICE_NOT_PROVIDED,User says upi pin was not entered by them.,PENDING_BANK,MEDIUM,CHATBOT
CBK0000732,TXN00004610,VALID,USR32036,MCH3057,2026-01-01 22:58:19,VALID,2026-02-16 08:58:00,VALID,2026-02-18 00:00:00,DATE_ONLY,5879.13,VALID,UNAUTHORIZED_TRANSACTION,Suspicious high-value payment disputed by customer.,RESOLVED,MEDIUM,EMAIL
CBK0000216,TXN00011136,VALID,USR94832,MCH2451,,MISSING,2026-10-02 05:09:00,VALID,,MISSING,,UNPARSEABLE/NULL,SERVICE_NOT_PROVIDED,User reports money deducted but merchant denies receiving payment.,REJECTED,MEDIUM,IVR
CBK0002070,TXN00002337,VALID,USR40538,MCH4812,2026-02-24 00:00:00,DATE_ONLY,2026-03-07 00:00:00,DATE_ONLY,2026-03-11 06:38:28,VALID,,UNPARSEABLE/NULL,UNAUTHORIZED_TRANSACTION,Merchant service was not delivered after payment.,CLOSED,CRITICAL,BRANCH
CBK0001887,TXN00011174,VALID,USR84917,MCH4909,,MISSING,2026-03-01 00:00:00,DATE_ONLY,,MISSING,2412.7,VALID,GENERAL_COMPLAINT,User reports money deducted but merchant denies receiving payment.,PENDING_BANK,MEDIUM,IVR
CBK0001789,TXN00007455,VALID,USR44134,MCH3520,2026-01-02 00:00:00,DATE_ONLY,2026-01-05 00:00:00,DATE_ONLY,2026-01-18 00:00:00,DATE_ONLY,1002.8,VALID,SERVICE_NOT_PROVIDED,Merchant service was not delivered after payment.,OPEN,HIGH,IVR
CBK0000641,TXN00007177,VALID,USR11036,MCH3177,2026-01-17 00:00:00,DATE_ONLY,2026-01-22 00:00:00,DATE_ONLY,2026-01-23 23:48:00,VALID,1628.35,VALID,UNAUTHORIZED_TRANSACTION,Customer says amount was debited twice.,CLOSED,MEDIUM,BRANCH
CBK0001964,TXN00002766,VALID,USR97332,MCH6356,2026-02-08 00:00:00,DATE_ONLY,2026-02-11 20:51:02,VALID,2026-05-03 20:51:00,VALID,216.49,VALID,GENERAL_COMPLAINT,User claims account was compromised before transaction.,OPEN,MEDIUM,IVR
CBK0001842,TXN00012727,VALID,USR63387,MCH2945,2026-03-26 05:18:01,VALID,2026-04-05 10:18:01,VALID,2026-04-25 00:00:00,DATE_ONLY,847.6,VALID,WRONG_AMOUNT,Customer says amount was debited twice.,CLOSED,CRITICAL,IVR
CBK0000974,TXN00010092,VALID,USR70647,MCH6974,2026-03-16 00:00:00,DATE_ONLY,2026-03-18 00:00:00,DATE_ONLY,2026-03-24 00:00:00,DATE_ONLY,1533.39,VALID,UNAUTHORIZED_TRANSACTION,Merchant service was not delivered after payment.,OPEN,LOW,IVR
CBK0001292,TXN00018296,VALID,USR56334,MCH1320,2026-03-11 00:00:00,DATE_ONLY,2026-11-03 00:00:00,DATE_ONLY,2026-03-13 00:56:00,VALID,849.13,VALID,DUPLICATE_DEBIT,User claims account was compromised before transaction.,CLOSED,MEDIUM,IVR
CBK0002754,TXN00014491,VALID,USR40425,MCH1768,2026-10-01 00:00:00,DATE_ONLY,2026-01-13 13:24:00,VALID,,MISSING,3840.0,VALID,UNAUTHORIZED_TRANSACTION,Complaint received after multiple failed attempts.,IN_PROGRESS,LOW,IVR
CBK0002287,TXN00004573,VALID,USR40925,MCH4181,2026-02-09 08:18:39,VALID,2026-04-02 00:00:00,DATE_ONLY,2026-02-27 00:00:00,DATE_ONLY,495.68,VALID,WRONG_AMOUNT,Customer says amount was debited twice.,CLOSED,MEDIUM,IVR
CBK0000037,TXN00005659,VALID,USR96672,MCH9397,2026-03-07 00:00:00,DATE_ONLY,2026-03-13 00:00:00,DATE_ONLY,2026-03-18 14:18:00,VALID,-2505.44,NEGATIVE,GENERAL_COMPLAINT,User reports money deducted but merchant denies receiving payment.,IN_PROGRESS,MEDIUM,IVR
CBK0000726,TXN00016050,VALID,USR43040,MCH4578,2026-01-18 00:00:00,DATE_ONLY,2026-01-26 00:00:00,DATE_ONLY,2026-01-27 00:00:00,DATE_ONLY,1426.42,VALID,WRONG_AMOUNT,User says upi pin was not entered by them.,RESOLVED,MEDIUM,IVR
CBK0002577,TXN00004121,VALID,USR90720,MCH8154,2026-03-01 20:31:00,VALID,,MISSING,2026-02-01 00:00:00,DATE_ONLY,,UNPARSEABLE/NULL,DUPLICATE_DEBIT,Complaint received after multiple failed attempts.,IN_PROGRESS,HIGH,CHATBOT
CBK0001624,TXN00012795,VALID,USR83035,MCH3452,2026-01-26 00:00:00,DATE_ONLY,2026-01-28 16:03:00,VALID,2026-02-10 16:03:46,VALID,4081.84,VALID,SERVICE_NOT_PROVIDED,Customer says amount was debited twice.,CLOSED,MEDIUM,IVR
CBK0002259,TXN00013350,VALID,USR98061,MCH8037,2026-03-02 00:00:00,DATE_ONLY,2026-02-09 01:39:01,VALID,2026-02-19 01:39:01,VALID,1837.87,VALID,SERVICE_NOT_PROVIDED,Complaint received after multiple failed attempts.,PENDING_BANK,MEDIUM,CHATBOT
CBK0002144,TXN00008909,VALID,USR70631,MCH6347,,MISSING,2026-01-14 00:00:00,DATE_ONLY,,MISSING,660.0,VALID,UNAUTHORIZED_TRANSACTION,Customer complaint text unclear due to poor call center notes.,RESOLVED,LOW,CALL_CENTER
CBK0001300,TXN00009464,VALID,USR85148,MCH7648,2026-02-09 00:00:00,DATE_ONLY,,MISSING,2026-06-03 00:00:00,DATE_ONLY,2154.73,VALID,UNAUTHORIZED_TRANSACTION,Merchant service was not delivered after payment.,PENDING_BANK,HIGH,IVR
CBK0002037,TXN00000736,VALID,USR80842,MCH3769,2026-03-15 00:00:00,DATE_ONLY,2026-03-11 00:00:00,DATE_ONLY,2026-03-22 00:00:00,DATE_ONLY,,UNPARSEABLE/NULL,UNAUTHORIZED_TRANSACTION,User reports money deducted but merchant denies receiving payment.,IN_PROGRESS,LOW,CHATBOT
CBK0001277,TXN00010511,VALID,USR79673,MCH3992,2026-02-16 11:35:00,VALID,2026-02-22 10:35:24,VALID,2026-02-27 00:00:00,DATE_ONLY,12071.05,VALID,GENERAL_COMPLAINT,User says upi pin was not entered by them.,CLOSED,LOW,EMAIL
CBK0001875,TXN00017156,VALID,USR39926,MCH4882,2026-02-11 00:00:00,DATE_ONLY,2026-02-15 05:57:47,VALID,2026-12-03 05:57:00,VALID,-1059.67,NEGATIVE,UNAUTHORIZED_TRANSACTION,User reports money deducted but merchant denies receiving payment.,REJECTED,MEDIUM,APP
CBK0002724,TXN00007282,VALID,USR52296,MCH8854,2026-01-22 20:50:32,VALID,2026-01-24 00:00:00,DATE_ONLY,2026-02-14 00:00:00,DATE_ONLY,9729.28,VALID,WRONG_AMOUNT,Payment made to unknown merchant as per customer statement.,PENDING_BANK,MEDIUM,BRANCH
CBK0002354,TXN00009248,VALID,USR72500,MCH5264,2026-01-14 00:00:00,DATE_ONLY,2026-01-17 03:47:00,VALID,2026-07-02 00:00:00,DATE_ONLY,-728.36,NEGATIVE,WRONG_AMOUNT,User claims account was compromised before transaction.,RESOLVED,CRITICAL,EMAIL
CBK0002027,TXN00002894,VALID,USR72952,MCH7286,2026-01-10 00:00:00,DATE_ONLY,2026-01-10 21:26:42,VALID,2026-02-08 00:00:00,DATE_ONLY,,UNPARSEABLE/NULL,GENERAL_COMPLAINT,Customer says amount was debited twice. pls check asap,IN_PROGRESS,MEDIUM,CHATBOT
CBK0001440,TXN00009124,VALID,USR51720,MCH1539,2026-02-06 01:11:28,VALID,2026-08-03 00:00:00,DATE_ONLY,2026-03-18 00:00:00,DATE_ONLY,253.0,VALID,SERVICE_NOT_PROVIDED,Customer says transaction was not authorized.,IN_PROGRESS,MEDIUM,IVR
CBK0001493,TXN00006595,VALID,USR31543,MCH5575,2026-01-18 00:00:00,DATE_ONLY,2026-01-24 00:00:00,DATE_ONLY,2026-01-28 00:00:00,DATE_ONLY,2625.77,VALID,WRONG_AMOUNT,User says upi pin was not entered by them.,PENDING_BANK,LOW,CALL_CENTER
CBK0002689,TXN00011270,VALID,USR88203,MCH3731,2026-03-05 01:07:52,VALID,2026-08-03 08:07:00,VALID,2026-03-23 08:07:52,VALID,662.0,VALID,UNAUTHORIZED_TRANSACTION,Payment made to unknown merchant as per customer statement.,OPEN,LOW,CHATBOT
CBK0001217,TXN00010449,VALID,USR44544,MCH3100,2026-01-21 23:13:16,VALID,2026-01-27 02:13:16,VALID,2026-02-22 00:00:00,DATE_ONLY,1852.3,VALID,SERVICE_NOT_PROVIDED,User claims account was compromised before transaction.,RESOLVED,LOW,CALL_CENTER
CBK0001517,TXN00016968,VALID,USR40843,MCH2266,2026-06-03 00:00:00,DATE_ONLY,2026-03-11 23:37:25,VALID,2026-04-04 00:00:00,DATE_ONLY,1768.72,VALID,UNAUTHORIZED_TRANSACTION,Merchant service was not delivered after payment.,REJECTED,MEDIUM,APP
CBK0001187,TXN00012133,VALID,USR31699,MCH5290,2026-03-08 00:00:00,DATE_ONLY,2026-03-12 04:19:58,VALID,2026-03-19 00:00:00,DATE_ONLY,1491.37,VALID,UNAUTHORIZED_TRANSACTION,Complaint received after multiple failed attempts.,PENDING_BANK,LOW,APP
CBK0001516,TXN00013162,VALID,USR27947,MCH4181,2026-02-26 00:00:00,DATE_ONLY,2026-03-04 00:00:00,DATE_ONLY,,MISSING,221.35,VALID,SERVICE_NOT_PROVIDED,Customer says transaction was not authorized.,CLOSED,HIGH,APP
CBK0000320,TXN00014355,VALID,USR27329,MCH4446,2026-03-11 07:51:22,VALID,2026-03-07 07:51:22,VALID,2026-04-02 07:51:22,VALID,-493.43,NEGATIVE,DUPLICATE_DEBIT,Merchant service was not delivered after payment.,PENDING_BANK,MEDIUM,CHATBOT
CBK0001107,TXN00044609,VALID,USR77130,MCH2757,2026-03-31 00:00:00,DATE_ONLY,,MISSING,2026-05-16 15:06:00,VALID,771.44,VALID,GENERAL_COMPLAINT,Customer complaint text unclear due to poor call center notes.,RESOLVED,MEDIUM,APP
CBK0002375,TXN00011957,VALID,USR43004,MCH4590,2026-02-22 00:00:00,DATE_ONLY,2026-03-09 00:00:00,DATE_ONLY,2026-03-10 00:00:00,DATE_ONLY,569.94,VALID,UNAUTHORIZED_TRANSACTION,User reports money deducted but merchant denies receiving payment.,IN_PROGRESS,MEDIUM,EMAIL
CBK0000151,TXN00005861,VALID,USR31659,MCH5954,2026-03-21 00:00:00,DATE_ONLY,2026-03-23 00:00:00,DATE_ONLY,2026-03-29 00:00:00,DATE_ONLY,10091.73,VALID,WRONG_AMOUNT,User reports money deducted but merchant denies receiving payment.,REJECTED,LOW,EMAIL
CBK0001351,TXN00015779,VALID,USR29306,MCH1450,2026-01-06 00:00:00,DATE_ONLY,2026-08-01 20:17:00,VALID,2026-01-17 00:00:00,DATE_ONLY,3948.0,VALID,UNAUTHORIZED_TRANSACTION,Customer complaint text unclear due to poor call center notes.,OPEN,LOW,CHATBOT
CBK0001111,TXN00009206,VALID,USR23400,MCH6695,2026-09-01 00:00:00,DATE_ONLY,2026-11-01 07:25:00,VALID,2026-02-04 00:00:00,DATE_ONLY,1313.0,VALID,SERVICE_NOT_PROVIDED,Merchant service was not delivered after payment.,OPEN,HIGH,CALL_CENTER
CBK0000545,TXN00011868,VALID,USR25128,MCH3714,2026-02-02 00:00:00,DATE_ONLY,2026-02-04 13:11:50,VALID,,MISSING,1080.46,VALID,UNAUTHORIZED_TRANSACTION,Payment made to unknown merchant as per customer statement.,PENDING_BANK,LOW,CHATBOT
CBK0002717,TXN00010611,VALID,USR62341,MCH6810,2026-01-04 00:00:00,DATE_ONLY,2026-06-01 00:00:00,DATE_ONLY,2026-01-21 00:19:00,VALID,1248.48,VALID,GENERAL_COMPLAINT,User says upi pin was not entered by them.,REJECTED,HIGH,CHATBOT
CBK0001384,TXN00016135,VALID,USR75723,MCH7246,2026-02-09 19:42:43,VALID,2026-02-11 00:00:00,DATE_ONLY,2026-03-04 00:00:00,DATE_ONLY,830.69,VALID,UNAUTHORIZED_TRANSACTION,Merchant service was not delivered after payment.,OPEN,MEDIUM,CHATBOT
CBK0002625,TXN00004157,VALID,USR67803,MCH8154,2026-01-25 00:00:00,DATE_ONLY,2026-02-04 00:00:00,DATE_ONLY,2026-02-22 00:00:00,DATE_ONLY,269.0,VALID,GENERAL_COMPLAINT,Customer says transaction was not authorized.,OPEN,LOW,CALL_CENTER
CBK0002253,TXN00003501,VALID,USR85258,MCH4018,2026-01-30 19:42:00,VALID,,MISSING,2026-02-13 15:42:37,VALID,717.53,VALID,GENERAL_COMPLAINT,Payment made to unknown merchant as per customer statement.,RESOLVED,MEDIUM,CALL_CENTER
CBK0002128,TXN00007497,VALID,USR22535,MCH7048,2026-02-09 16:05:34,VALID,2026-10-02 15:05:00,VALID,2026-02-13 00:00:00,DATE_ONLY,-5331.95,NEGATIVE,UNAUTHORIZED_TRANSACTION,User claims account was compromised before transaction. urgent,IN_PROGRESS,HIGH,APP
CBK0000184,TXN00001095,VALID,USR35485,MCH7351,2026-03-06 00:00:00,DATE_ONLY,2026-03-09 00:00:00,DATE_ONLY,2026-03-25 00:00:00,DATE_ONLY,1383.39,VALID,GENERAL_COMPLAINT,User claims account was compromised before transaction.,REJECTED,MEDIUM,IVR
CBK0001646,TXN00008404,VALID,USR50087,MCH8857,2026-02-06 00:00:00,DATE_ONLY,2026-06-02 00:00:00,DATE_ONLY,2026-07-03 00:00:00,DATE_ONLY,6003.55,VALID,UNAUTHORIZED_TRANSACTION,Customer complaint text unclear due to poor call center notes.,IN_PROGRESS,LOW,IVR
CBK0002445,TXN00087166,VALID,USR20310,MCH3100,2026-02-12 00:00:00,DATE_ONLY,2026-02-20 00:00:00,DATE_ONLY,2026-03-11 01:21:40,VALID,2084.49,VALID,UNAUTHORIZED_TRANSACTION,User says upi pin was not entered by them.,RESOLVED,MEDIUM,CALL_CENTER
CBK0001479,TXN00008854,VALID,USR96222,MCH8391,2026-03-12 23:27:49,VALID,2026-03-18 00:00:00,DATE_ONLY,2026-04-15 13:27:49,VALID,2299.14,VALID,WRONG_AMOUNT,Suspicious high-value payment disputed by customer.,REJECTED,MEDIUM,CHATBOT
CBK0002009,TXN00007679,VALID,USR85277,MCH4226,2026-02-24 19:29:47,VALID,2026-02-28 11:29:00,VALID,,MISSING,504.58,VALID,SERVICE_NOT_PROVIDED,User reports money deducted but merchant denies receiving payment.,OPEN,HIGH,BRANCH
CBK0002490,,MISSING,USR43455,MCH9521,2026-09-01 00:00:00,DATE_ONLY,2026-01-17 00:00:00,DATE_ONLY,2026-01-29 00:00:00,DATE_ONLY,1266.0,VALID,SERVICE_NOT_PROVIDED,User claims account was compromised before transaction.,RESOLVED,HIGH,CHATBOT
CBK0001380,TXN00009008,VALID,USR35697,MCH7809,2026-03-23 00:00:00,DATE_ONLY,2026-03-25 00:00:00,DATE_ONLY,2026-04-09 12:19:42,VALID,743.0,VALID,GENERAL_COMPLAINT,User says upi pin was not entered by them.,REJECTED,LOW,IVR
CBK0002216,TXN00007764,VALID,USR83977,MCH3026,2026-03-19 00:00:00,DATE_ONLY,2026-03-25 00:00:00,DATE_ONLY,,MISSING,6398.47,VALID,GENERAL_COMPLAINT,User claims account was compromised before transaction.,OPEN,MEDIUM,CHATBOT
CBK0001727,TXN00016545,VALID,USR45053,MCH5655,2026-03-04 18:43:59,VALID,2026-07-03 00:00:00,DATE_ONLY,2026-03-14 00:00:00,DATE_ONLY,268.66,VALID,UNAUTHORIZED_TRANSACTION,Customer complaint text unclear due to poor call center notes.,IN_PROGRESS,MEDIUM,APP
CBK0000270,TXN00010202,VALID,USR15203,MCH5264,2026-01-23 00:00:00,DATE_ONLY,2026-01-25 00:00:00,DATE_ONLY,2026-02-02 00:00:00,DATE_ONLY,1328.22,VALID,UNAUTHORIZED_TRANSACTION,Payment made to unknown merchant as per customer statement.,PENDING_BANK,LOW,BRANCH
CBK0000511,TXN00018141,VALID,USR72986,MCH8779,2026-03-16 00:00:00,DATE_ONLY,2026-03-19 00:00:00,DATE_ONLY,2026-03-28 00:00:00,DATE_ONLY,4311.27,VALID,SERVICE_NOT_PROVIDED,Customer complaint text unclear due to poor call center notes.,RESOLVED,MEDIUM,APP
CBK0002731,TXN00000182,VALID,USR78938,MCH8953,2026-02-11 00:00:00,DATE_ONLY,2026-02-17 00:00:00,DATE_ONLY,2026-02-26 00:00:00,DATE_ONLY,17413.88,VALID,GENERAL_COMPLAINT,User claims account was compromised before transaction.,CLOSED,HIGH,APP
CBK0001334,TXN00013020,VALID,USR94669,MCH6850,,MISSING,2026-03-11 00:00:00,DATE_ONLY,2026-03-27 00:00:00,DATE_ONLY,2027.64,VALID,WRONG_AMOUNT,User reports money deducted but merchant denies receiving payment.,IN_PROGRESS,MEDIUM,IVR
CBK0000009,TXN00007204,VALID,USR51727,MCH4175,2026-03-15 00:00:00,DATE_ONLY,2026-03-17 00:00:00,DATE_ONLY,,MISSING,-4713.91,NEGATIVE,UNAUTHORIZED_TRANSACTION,Suspicious high-value payment disputed by customer.,REJECTED,HIGH,BRANCH
CBK0000733,TXN00012362,VALID,USR55838,MCH4181,2026-02-05 12:02:58,VALID,2026-02-06 00:00:00,DATE_ONLY,2026-08-02 15:02:00,VALID,4043.04,VALID,UNAUTHORIZED_TRANSACTION,User says upi pin was not entered by them.,OPEN,CRITICAL,BRANCH
CBK0001152,TXN00008504,VALID,USR31293,MCH1317,2026-02-15 23:32:00,VALID,2026-02-16 13:32:23,VALID,2026-03-06 13:32:23,VALID,588.2,VALID,UNAUTHORIZED_TRANSACTION,User reports money deducted but merchant denies receiving payment.,PENDING_BANK,MEDIUM,BRANCH
CBK0000886,TXN00012882,VALID,USR83501,MCH3412,2026-01-13 00:00:00,DATE_ONLY,2026-01-15 10:24:32,VALID,2026-01-28 00:00:00,DATE_ONLY,1791.89,VALID,UNAUTHORIZED_TRANSACTION,Payment made to unknown merchant as per customer statement.,RESOLVED,MEDIUM,CHATBOT
CBK0002753,TXN00006756,VALID,USR69271,MCH1635,2026-03-28 00:00:00,DATE_ONLY,2026-04-28 00:00:00,DATE_ONLY,,MISSING,988.98,VALID,SERVICE_NOT_PROVIDED,Payment made to unknown merchant as per customer statement.,PENDING_BANK,MEDIUM,BRANCH
CBK0001224,TXN00008299,VALID,USR61715,MCH1151,2026-01-04 00:00:00,DATE_ONLY,2026-01-07 00:00:00,DATE_ONLY,2026-02-03 03:47:20,VALID,1586.53,VALID,UNAUTHORIZED_TRANSACTION,Suspicious high-value payment disputed by customer.,OPEN,MEDIUM,EMAIL
CBK0000155,TXN00010068,VALID,USR53527,MCH9030,2026-03-12 00:00:00,DATE_ONLY,2026-03-14 00:00:00,DATE_ONLY,2026-03-17 00:00:00,DATE_ONLY,2128.78,VALID,UNAUTHORIZED_TRANSACTION,Merchant service was not delivered after payment.,PENDING_BANK,LOW,CHATBOT
CBK0001466,TXN00015318,VALID,USR91423,MCH3984,2026-02-16 14:22:00,VALID,2026-02-19 00:00:00,DATE_ONLY,2026-03-21 00:00:00,DATE_ONLY,3397.0,VALID,SERVICE_NOT_PROVIDED,Suspicious high-value payment disputed by customer.,CLOSED,MEDIUM,CHATBOT
CBK0001664,TXN00018525,VALID,USR61151,MCH2048,2026-01-18 00:00:00,DATE_ONLY,2026-01-17 00:00:00,DATE_ONLY,2026-02-10 20:54:30,VALID,263.29,VALID,UNAUTHORIZED_TRANSACTION,User reports money deducted but merchant denies receiving payment.,PENDING_BANK,LOW,CHATBOT
CBK0001452,TXN00008175,VALID,USR21384,MCH2062,2026-02-22 00:00:00,DATE_ONLY,2026-01-03 07:14:00,VALID,,MISSING,7668.14,VALID,GENERAL_COMPLAINT,Customer says amount was debited twice.,OPEN,LOW,APP
CBK0002640,TXN00005546,VALID,USR34195,MCH2365,2026-02-24 10:34:00,VALID,2026-02-25 16:34:00,VALID,,MISSING,1518.0,VALID,DUPLICATE_DEBIT,User claims account was compromised before transaction.,OPEN,LOW,CALL_CENTER
CBK0000867,TXN00019528,VALID,USR25296,MCH5076,2026-01-31 00:00:00,DATE_ONLY,2026-01-29 00:00:00,DATE_ONLY,2026-02-14 14:43:00,VALID,2653.08,VALID,SERVICE_NOT_PROVIDED,User claims account was compromised before transaction.,CLOSED,MEDIUM,CHATBOT
CBK0002768,TXN00068399,VALID,USR40977,MCH2404,,MISSING,2026-01-31 00:00:00,DATE_ONLY,2026-02-03 07:38:22,VALID,562.25,VALID,UNAUTHORIZED_TRANSACTION,User claims account was compromised before transaction.,OPEN,HIGH,CHATBOT
CBK0001778,TXN00019856,VALID,USR11814,MCH9334,2026-02-02 10:18:46,VALID,2026-02-03 21:18:46,VALID,2026-02-12 00:00:00,DATE_ONLY,,UNPARSEABLE/NULL,UNAUTHORIZED_TRANSACTION,Complaint received after multiple failed attempts. call dropped,PENDING_BANK,HIGH,CHATBOT
CBK0002238,TXN00002006,VALID,USR76792,MCH3459,,MISSING,2026-01-29 00:00:00,DATE_ONLY,2026-02-20 00:00:00,DATE_ONLY,637.05,VALID,SERVICE_NOT_PROVIDED,Payment made to unknown merchant as per customer statement. details missing,OPEN,MEDIUM,EMAIL
CBK0001923,TXN00016966,VALID,USR62899,MCH8181,2026-01-10 00:00:00,DATE_ONLY,2026-01-14 00:00:00,DATE_ONLY,2026-01-21 00:00:00,DATE_ONLY,1081.02,VALID,DUPLICATE_DEBIT,Customer complaint text unclear due to poor call center notes.,RESOLVED,LOW,EMAIL
CBK0000471,TXN00007267,VALID,USR46455,MCH8953,2026-01-05 18:57:21,VALID,2026-01-20 19:57:21,VALID,,MISSING,890.07,VALID,DUPLICATE_DEBIT,Merchant service was not delivered after payment.,REJECTED,LOW,CHATBOT
CBK0001626,TXN00049458,VALID,USR11987,MCH8783,2026-02-20 00:00:00,DATE_ONLY,2026-02-22 18:45:00,VALID,2026-03-03 00:00:00,DATE_ONLY,12414.63,VALID,GENERAL_COMPLAINT,User claims account was compromised before transaction.,OPEN,CRITICAL,BRANCH
CBK0002210,TXN00005430,VALID,USR83180,MCH5840,2026-02-28 17:08:00,VALID,2026-03-31 13:08:00,VALID,2026-04-25 13:08:00,VALID,1006.88,VALID,UNAUTHORIZED_TRANSACTION,Complaint received after multiple failed attempts.,PENDING_BANK,MEDIUM,IVR
CBK0000127,TXN00007654,VALID,USR54113,MCH3992,2026-06-03 00:00:00,DATE_ONLY,2026-04-20 00:00:00,DATE_ONLY,2026-05-05 21:02:00,VALID,1028.53,VALID,DUPLICATE_DEBIT,Customer complaint text unclear due to poor call center notes.,PENDING_BANK,MEDIUM,CHATBOT
CBK0000705,TXN00001152,VALID,USR35882,MCH9206,2026-03-27 00:00:00,DATE_ONLY,2026-03-28 00:00:00,DATE_ONLY,2026-03-04 06:16:00,VALID,1038.46,VALID,DUPLICATE_DEBIT,Customer complaint text unclear due to poor call center notes.,REJECTED,MEDIUM,CHATBOT
CBK0000507,TXN00012054,VALID,USR64199,MCH5589,2026-03-02 13:39:09,VALID,,MISSING,2026-03-30 13:39:09,VALID,666.76,VALID,UNAUTHORIZED_TRANSACTION,Complaint received after multiple failed attempts.,IN_PROGRESS,HIGH,CALL_CENTER
CBK0002408,TXN00013519,VALID,USR21313,MCH4396,2026-07-01 08:45:00,VALID,2026-10-01 14:45:00,VALID,2026-02-08 00:00:00,DATE_ONLY,4980.8,VALID,SERVICE_NOT_PROVIDED,Merchant service was not delivered after payment.,IN_PROGRESS,HIGH,CHATBOT
CBK0002332,TXN00002710,VALID,USR70317,MCH5459,2026-02-12 00:00:00,DATE_ONLY,2026-02-13 00:00:00,DATE_ONLY,,MISSING,2072.0,VALID,SERVICE_NOT_PROVIDED,User claims account was compromised before transaction.,RESOLVED,LOW,CHATBOT
CBK0000698,TXN00005431,VALID,USR66398,MCH1320,2026-03-31 13:31:09,VALID,2026-02-04 00:00:00,DATE_ONLY,2026-04-22 11:31:00,VALID,1631.64,VALID,DUPLICATE_DEBIT,Customer says transaction was not authorized.,REJECTED,HIGH,EMAIL
CBK0000383,TXN00013042,VALID,USR84199,MCH9709,2026-03-27 00:00:00,DATE_ONLY,2026-03-28 07:14:43,VALID,2026-04-24 00:00:00,DATE_ONLY,5855.28,VALID,UNAUTHORIZED_TRANSACTION,Complaint received after multiple failed attempts.,CLOSED,MEDIUM,BRANCH
CBK0001198,TXN00016001,VALID,USR34436,MCH2936,,MISSING,2026-05-02 06:11:00,VALID,2026-02-22 00:00:00,DATE_ONLY,812.93,VALID,UNAUTHORIZED_TRANSACTION,Payment made to unknown merchant as per customer statement.,OPEN,HIGH,CHATBOT
CBK0002194,,MISSING,USR21052,MCH3797,2026-08-03 00:00:00,DATE_ONLY,2026-12-03 00:00:00,DATE_ONLY,,MISSING,,UNPARSEABLE/NULL,UNAUTHORIZED_TRANSACTION,User reports money deducted but merchant denies receiving payment.,OPEN,CRITICAL,APP
CBK0001129,TXN00019231,VALID,USR32448,MCH5534,2026-03-02 00:00:00,DATE_ONLY,2026-07-03 00:00:00,DATE_ONLY,2026-03-26 00:00:00,DATE_ONLY,1213.34,VALID,GENERAL_COMPLAINT,User reports money deducted but merchant denies receiving payment.,PENDING_BANK,LOW,CHATBOT
CBK0002586,TXN00016107,VALID,USR77915,MCH8391,2026-03-15 00:00:00,DATE_ONLY,2026-04-14 10:20:30,VALID,2026-12-05 10:20:00,VALID,800.72,VALID,GENERAL_COMPLAINT,Payment made to unknown merchant as per customer statement.,OPEN,LOW,BRANCH
CBK0001794,TXN00009546,VALID,USR84804,MCH3045,2026-03-13 00:00:00,DATE_ONLY,2026-03-14 00:00:00,DATE_ONLY,2026-03-16 10:34:00,VALID,562.28,VALID,GENERAL_COMPLAINT,Customer says transaction was not authorized.,OPEN,MEDIUM,APP
CBK0000707,TXN00009174,VALID,USR25529,MCH1041,2026-03-28 00:00:00,DATE_ONLY,2026-04-28 00:00:00,DATE_ONLY,2026-05-04 00:00:00,DATE_ONLY,3544.0,VALID,SERVICE_NOT_PROVIDED,Complaint received after multiple failed attempts.,IN_PROGRESS,LOW,APP
CBK0000675,TXN00002371,VALID,USR78353,MCH5277,2026-02-26 00:00:00,DATE_ONLY,2026-03-09 00:00:00,DATE_ONLY,2026-03-10 00:00:00,DATE_ONLY,-7577.71,NEGATIVE,SERVICE_NOT_PROVIDED,Customer says amount was debited twice.,REJECTED,MEDIUM,EMAIL
CBK0000461,TXN00013811,VALID,USR98133,MCH3815,2026-03-18 22:28:00,VALID,2026-03-21 00:00:00,DATE_ONLY,,MISSING,2059.37,VALID,UNAUTHORIZED_TRANSACTION,User says upi pin was not entered by them. details missing,PENDING_BANK,MEDIUM,APP
CBK0000077,TXN00016365,VALID,USR65949,MCH5705,2026-01-17 10:07:00,VALID,2026-01-18 13:07:29,VALID,2026-02-05 00:00:00,DATE_ONLY,287.37,VALID,DUPLICATE_DEBIT,User reports money deducted but merchant denies receiving payment.,RESOLVED,LOW,APP
CBK0000606,TXN00009406,VALID,USR72675,MCH2266,,MISSING,2026-01-13 16:20:00,VALID,2026-01-24 16:20:00,VALID,2488.0,VALID,SERVICE_NOT_PROVIDED,Merchant service was not delivered after payment.,REJECTED,MEDIUM,IVR
CBK0000880,TXN00018703,VALID,USR63444,MCH2434,2026-01-31 00:00:00,DATE_ONLY,2026-07-02 00:00:00,DATE_ONLY,2026-02-21 16:50:46,VALID,1513.0,VALID,SERVICE_NOT_PROVIDED,Suspicious high-value payment disputed by customer.,IN_PROGRESS,CRITICAL,BRANCH
CBK0001536,TXN00003677,VALID,USR67399,MCH1566,2026-02-23 02:32:00,VALID,2026-02-28 15:32:00,VALID,,MISSING,1364.35,VALID,SERVICE_NOT_PROVIDED,Customer says transaction was not authorized. pls check asap,RESOLVED,LOW,EMAIL
CBK0002472,TXN00013665,VALID,USR72656,MCH2756,2026-03-04 14:52:38,VALID,2026-07-03 00:00:00,DATE_ONLY,2026-04-06 10:52:38,VALID,-616.17,NEGATIVE,WRONG_AMOUNT,Suspicious high-value payment disputed by customer. pls check asap,RESOLVED,HIGH,CHATBOT
CBK0002484,TXN00005205,VALID,USR19551,MCH5064,2026-02-26 00:00:00,DATE_ONLY,2026-04-03 00:00:00,DATE_ONLY,,MISSING,6694.94,VALID,GENERAL_COMPLAINT,Complaint received after multiple failed attempts.,RESOLVED,HIGH,IVR
CBK0002036,TXN00014884,VALID,USR50473,MCH6069,2026-02-20 00:00:00,DATE_ONLY,2026-02-24 00:00:00,DATE_ONLY,2026-03-19 00:00:00,DATE_ONLY,,UNPARSEABLE/NULL,DUPLICATE_DEBIT,Customer says amount was debited twice.,IN_PROGRESS,MEDIUM,IVR
CBK0000666,,MISSING,USR33350,MCH6639,,MISSING,2026-01-11 03:18:30,VALID,2026-01-28 00:00:00,DATE_ONLY,8521.71,VALID,GENERAL_COMPLAINT,User says upi pin was not entered by them. call dropped,RESOLVED,MEDIUM,CHATBOT
CBK0002496,TXN00016961,VALID,USR12384,MCH4196,2026-02-26 13:00:00,VALID,2026-03-14 12:00:58,VALID,2026-04-10 00:00:00,DATE_ONLY,433.87,VALID,SERVICE_NOT_PROVIDED,Customer says transaction was not authorized.,OPEN,MEDIUM,BRANCH
CBK0002579,TXN00002668,VALID,USR57244,MCH3590,2026-02-02 00:00:00,DATE_ONLY,2026-05-02 00:00:00,DATE_ONLY,2026-03-03 00:00:00,DATE_ONLY,551.59,VALID,UNAUTHORIZED_TRANSACTION,User claims account was compromised before transaction.,REJECTED,HIGH,CHATBOT
CBK0001621,TXN00006638,VALID,USR85507,MCH6644,2026-01-03 00:00:00,DATE_ONLY,2026-01-19 00:00:00,DATE_ONLY,2026-02-08 00:00:00,DATE_ONLY,2742.66,VALID,WRONG_AMOUNT,User reports money deducted but merchant denies receiving payment.,OPEN,CRITICAL,CHATBOT
CBK0002033,TXN00018868,VALID,USR88284,MCH2152,2026-03-09 12:13:27,VALID,2026-03-13 00:00:00,DATE_ONLY,2026-04-09 00:00:00,DATE_ONLY,180.66,VALID,UNAUTHORIZED_TRANSACTION,Merchant service was not delivered after payment.,CLOSED,HIGH,CHATBOT
CBK0000887,TXN00005845,VALID,USR53491,MCH4767,2026-01-18 10:49:09,VALID,2026-01-21 00:00:00,DATE_ONLY,2026-01-27 00:00:00,DATE_ONLY,,UNPARSEABLE/NULL,GENERAL_COMPLAINT,Customer says amount was debited twice.,PENDING_BANK,CRITICAL,CHATBOT
CBK0002341,TXN00012704,VALID,USR27290,MCH3954,2026-01-19 00:00:00,DATE_ONLY,2026-01-22 23:30:00,VALID,2026-02-07 00:00:00,DATE_ONLY,2025.76,VALID,UNAUTHORIZED_TRANSACTION,User reports money deducted but merchant denies receiving payment.,CLOSED,HIGH,BRANCH
CBK0002499,TXN00012098,VALID,USR40113,MCH9719,2026-02-09 05:17:08,VALID,,MISSING,2026-02-19 08:17:00,VALID,708.0,VALID,SERVICE_NOT_PROVIDED,Merchant service was not delivered after payment.,REJECTED,LOW,EMAIL
CBK0002356,TXN00014945,VALID,USR84844,MCH5076,2026-03-20 19:35:48,VALID,2026-03-21 00:00:00,DATE_ONLY,2026-03-25 00:00:00,DATE_ONLY,1720.02,VALID,GENERAL_COMPLAINT,Suspicious high-value payment disputed by customer.,REJECTED,MEDIUM,APP
CBK0000488,TXN00008670,VALID,USR17815,MCH6810,2026-03-03 00:00:00,DATE_ONLY,,MISSING,2026-03-27 00:00:00,DATE_ONLY,992.85,VALID,GENERAL_COMPLAINT,User claims account was compromised before transaction.,IN_PROGRESS,LOW,CHATBOT
CBK0001653,TXN00008030,VALID,USR83418,MCH6033,2026-02-02 00:00:00,DATE_ONLY,2026-03-20 00:00:00,DATE_ONLY,2026-03-28 11:43:48,VALID,1200.17,VALID,SERVICE_NOT_PROVIDED,Customer says amount was debited twice.,RESOLVED,MEDIUM,IVR
CBK0002360,TXN00016689,VALID,USR22630,MCH6419,2026-03-05 00:00:00,DATE_ONLY,2026-03-11 00:00:00,DATE_ONLY,,MISSING,2052.97,VALID,UNAUTHORIZED_TRANSACTION,User claims account was compromised before transaction.,PENDING_BANK,LOW,CALL_CENTER
CBK0002567,TXN00016286,VALID,USR90993,MCH5462,2026-03-13 02:22:00,VALID,2026-03-18 09:22:00,VALID,2026-04-16 00:00:00,DATE_ONLY,1887.01,VALID,SERVICE_NOT_PROVIDED,Payment made to unknown merchant as per customer statement.,CLOSED,MEDIUM,CHATBOT
CBK0002701,TXN00015262,VALID,USR47926,MCH5959,2026-07-01 15:19:00,VALID,2026-01-08 00:00:00,DATE_ONLY,2026-01-29 00:00:00,DATE_ONLY,2260.38,VALID,GENERAL_COMPLAINT,Customer says amount was debited twice. na,OPEN,LOW,IVR
CBK0001076,TXN00014751,VALID,USR40036,MCH9461,2026-01-15 00:00:00,DATE_ONLY,2026-01-16 00:00:00,DATE_ONLY,,MISSING,-1337.67,NEGATIVE,DUPLICATE_DEBIT,Customer says amount was debited twice.,PENDING_BANK,MEDIUM,CHATBOT
CBK0001229,TXN00014638,VALID,USR33934,MCH4422,,MISSING,2026-02-05 03:24:10,VALID,,MISSING,1064.0,VALID,SERVICE_NOT_PROVIDED,Suspicious high-value payment disputed by customer.,CLOSED,LOW,IVR
CBK0001253,TXN00048192,VALID,USR32413,MCH7724,2026-03-07 00:00:00,DATE_ONLY,2026-03-09 00:00:00,DATE_ONLY,,MISSING,1863.22,VALID,GENERAL_COMPLAINT,User claims account was compromised before transaction.,PENDING_BANK,LOW,IVR
CBK0001863,TXN00004455,VALID,USR92111,MCH2672,2026-01-24 00:00:00,DATE_ONLY,2026-02-01 00:00:00,DATE_ONLY,,MISSING,559.19,VALID,UNAUTHORIZED_TRANSACTION,Payment made to unknown merchant as per customer statement.,RESOLVED,MEDIUM,EMAIL
CBK0000864,TXN00058515,VALID,USR41631,MCH1320,2026-01-21 00:00:00,DATE_ONLY,2026-01-31 15:38:00,VALID,,MISSING,216.17,VALID,SERVICE_NOT_PROVIDED,Customer complaint text unclear due to poor call center notes.,PENDING_BANK,HIGH,CHATBOT
CBK0001853,TXN00008375,VALID,USR11036,MCH7833,2026-01-09 13:20:42,VALID,,MISSING,2026-02-10 19:20:42,VALID,372.08,VALID,DUPLICATE_DEBIT,Complaint received after multiple failed attempts.,RESOLVED,LOW,BRANCH
CBK0001308,TXN00016774,VALID,USR71704,MCH4590,2026-03-14 00:00:00,DATE_ONLY,2026-03-19 00:00:00,DATE_ONLY,2026-03-19 00:00:00,DATE_ONLY,9878.08,VALID,SERVICE_NOT_PROVIDED,Customer says amount was debited twice.,PENDING_BANK,CRITICAL,BRANCH
CBK0001006,TXN00005755,VALID,USR95625,MCH4181,2026-03-29 16:15:15,VALID,2026-04-28 00:00:00,DATE_ONLY,,MISSING,740.85,VALID,UNAUTHORIZED_TRANSACTION,Suspicious high-value payment disputed by customer.,IN_PROGRESS,MEDIUM,APP
CBK0001269,TXN00007095,VALID,USR24536,MCH8953,2026-02-06 04:54:54,VALID,2026-02-07 00:00:00,DATE_ONLY,2026-02-17 08:54:00,VALID,1816.0,VALID,UNAUTHORIZED_TRANSACTION,User says upi pin was not entered by them.,IN_PROGRESS,MEDIUM,IVR
CBK0000607,TXN00007941,VALID,USR62254,MCH1419,2026-03-01 00:00:00,DATE_ONLY,2026-03-05 05:33:21,VALID,,MISSING,-15519.36,NEGATIVE,UNAUTHORIZED_TRANSACTION,User reports money deducted but merchant denies receiving payment.,REJECTED,LOW,CHATBOT
CBK0001541,TXN00011858,VALID,USR73594,MCH4651,2026-08-03 00:00:00,DATE_ONLY,2026-04-07 00:00:00,DATE_ONLY,,MISSING,7857.66,VALID,DUPLICATE_DEBIT,Payment made to unknown merchant as per customer statement. call dropped,OPEN,MEDIUM,EMAIL
CBK0000990,TXN00010883,VALID,USR94792,MCH2338,2026-03-01 00:00:00,DATE_ONLY,2026-03-04 00:00:00,DATE_ONLY,2026-07-03 00:00:00,DATE_ONLY,2301.28,VALID,UNAUTHORIZED_TRANSACTION,Merchant service was not delivered after payment.,CLOSED,CRITICAL,IVR
CBK0002713,TXN00016837,VALID,USR36321,MCH2065,2026-03-09 00:00:00,DATE_ONLY,2026-03-13 00:00:00,DATE_ONLY,2026-03-25 00:00:00,DATE_ONLY,,UNPARSEABLE/NULL,GENERAL_COMPLAINT,Customer complaint text unclear due to poor call center notes.,REJECTED,HIGH,CHATBOT
CBK0001590,TXN00014261,VALID,USR66321,MCH8391,2026-01-02 02:08:36,VALID,2026-01-07 00:00:00,DATE_ONLY,2026-01-15 00:00:00,DATE_ONLY,-750.7,NEGATIVE,SERVICE_NOT_PROVIDED,Complaint received after multiple failed attempts.,PENDING_BANK,MEDIUM,IVR
CBK0002311,TXN00011525,VALID,USR73683,MCH3681,2026-03-29 00:00:00,DATE_ONLY,2026-04-14 00:00:00,DATE_ONLY,2026-05-11 00:00:00,DATE_ONLY,3875.84,VALID,GENERAL_COMPLAINT,Customer complaint text unclear due to poor call center notes.,PENDING_BANK,MEDIUM,CHATBOT
CBK0001892,TXN00019135,VALID,USR46902,MCH3656,2026-02-25 00:00:00,DATE_ONLY,2026-02-28 00:00:00,DATE_ONLY,2026-03-03 00:00:00,DATE_ONLY,-690.96,NEGATIVE,UNAUTHORIZED_TRANSACTION,Complaint received after multiple failed attempts.,OPEN,MEDIUM,CHATBOT
CBK0002635,TXN00012235,VALID,USR39811,MCH4990,2026-02-22 12:05:00,VALID,2026-02-24 16:05:00,VALID,,MISSING,-10021.84,NEGATIVE,DUPLICATE_DEBIT,Customer complaint text unclear due to poor call center notes.,OPEN,MEDIUM,CALL_CENTER
CBK0000537,TXN00006837,VALID,USR35532,MCH7922,2026-07-01 00:00:00,DATE_ONLY,2026-01-09 10:28:51,VALID,,MISSING,374.0,VALID,GENERAL_COMPLAINT,Suspicious high-value payment disputed by customer.,RESOLVED,MEDIUM,CHATBOT
CBK0000081,TXN00016937,VALID,USR98012,MCH5770,2026-01-25 00:00:00,DATE_ONLY,2026-01-27 00:00:00,DATE_ONLY,2026-02-05 00:00:00,DATE_ONLY,-6269.03,NEGATIVE,WRONG_AMOUNT,Merchant service was not delivered after payment.,RESOLVED,MEDIUM,EMAIL
CBK0000117,TXN00008534,VALID,USR46501,MCH8277,2026-02-25 00:00:00,DATE_ONLY,2026-03-08 00:00:00,DATE_ONLY,,MISSING,652.86,VALID,GENERAL_COMPLAINT,Customer says amount was debited twice.,PENDING_BANK,HIGH,EMAIL
CBK0001244,TXN00059954,VALID,USR15501,MCH3432,2026-03-12 11:29:14,VALID,2026-03-18 00:00:00,DATE_ONLY,2026-03-21 00:00:00,DATE_ONLY,1289.25,VALID,DUPLICATE_DEBIT,Customer complaint text unclear due to poor call center notes.,REJECTED,MEDIUM,APP
CBK0001057,TXN00013162,VALID,USR95375,MCH1477,2026-03-28 00:00:00,DATE_ONLY,2026-03-30 00:00:00,DATE_ONLY,2026-04-24 10:56:00,VALID,3182.0,VALID,GENERAL_COMPLAINT,Customer says transaction was not authorized.,IN_PROGRESS,MEDIUM,APP
CBK0002085,TXN00099329,VALID,USR70175,MCH8953,2026-03-07 00:00:00,DATE_ONLY,2026-10-03 00:00:00,DATE_ONLY,2026-07-04 21:00:00,VALID,2454.92,VALID,UNAUTHORIZED_TRANSACTION,Suspicious high-value payment disputed by customer.,IN_PROGRESS,LOW,CHATBOT
CBK0000847,TXN00010448,VALID,USR75789,MCH4429,2026-03-26 00:00:00,DATE_ONLY,2026-03-28 00:00:00,DATE_ONLY,2026-03-28 00:00:00,DATE_ONLY,-387.13,NEGATIVE,UNAUTHORIZED_TRANSACTION,User reports money deducted but merchant denies receiving payment.,REJECTED,HIGH,CALL_CENTER
CBK0001388,TXN00008970,VALID,USR73474,MCH8142,,MISSING,2026-04-01 12:45:30,VALID,,MISSING,4522.0,VALID,DUPLICATE_DEBIT,Customer says transaction was not authorized.,OPEN,LOW,IVR
CBK0002155,TXN00016461,VALID,USR71348,MCH4824,2026-02-22 18:14:02,VALID,2026-02-25 00:00:00,DATE_ONLY,2026-03-05 00:00:00,DATE_ONLY,-734.05,NEGATIVE,SERVICE_NOT_PROVIDED,Complaint received after multiple failed attempts.,PENDING_BANK,HIGH,IVR
CBK0002217,TXN00017718,VALID,USR99570,MCH5980,2026-01-20 00:00:00,DATE_ONLY,2026-01-23 00:00:00,DATE_ONLY,2026-02-04 00:00:00,DATE_ONLY,1451.78,VALID,GENERAL_COMPLAINT,Customer says txn was not authorized.,REJECTED,LOW,BRANCH
CBK0001218,TXN00074714,VALID,USR28268,MCH1154,,MISSING,2026-03-30 00:00:00,DATE_ONLY,2026-03-04 00:00:00,DATE_ONLY,2166.47,VALID,SERVICE_NOT_PROVIDED,Merchant service was not delivered after payment.,PENDING_BANK,HIGH,EMAIL
CBK0001265,TXN00004057,VALID,USR26009,MCH6381,2026-01-29 03:59:00,VALID,2026-01-30 00:00:00,DATE_ONLY,2026-02-15 15:59:11,VALID,1149.72,VALID,DUPLICATE_DEBIT,User reports money deducted but merchant denies receiving payment.,IN_PROGRESS,MEDIUM,APP
CBK0000087,TXN00008323,VALID,USR70375,MCH3815,2026-03-26 04:50:42,VALID,2026-03-29 08:50:42,VALID,2026-03-29 08:50:42,VALID,36675.43,VALID,UNAUTHORIZED_TRANSACTION,Merchant service was not delivered after payment.,PENDING_BANK,MEDIUM,IVR
CBK0001572,TXN00014973,VALID,USR69706,MCH9344,2026-01-11 08:59:33,VALID,2026-11-01 10:59:00,VALID,2026-01-23 00:00:00,DATE_ONLY,737.0,VALID,GENERAL_COMPLAINT,User says upi pin was not entered by them.,CLOSED,LOW,CHATBOT
CBK0002221,TXN00016939,VALID,USR56378,MCH2383,2026-02-24 00:00:00,DATE_ONLY,2026-07-03 00:00:00,DATE_ONLY,2026-12-03 00:00:00,DATE_ONLY,27330.78,VALID,GENERAL_COMPLAINT,Customer says transaction was not authorized.,REJECTED,CRITICAL,IVR
CBK0001983,TXN00012545,VALID,USR12475,MCH1320,2026-01-05 00:00:00,DATE_ONLY,2026-01-07 21:57:07,VALID,2026-01-16 00:00:00,DATE_ONLY,886.93,VALID,DUPLICATE_DEBIT,User says upi pin was not entered by them.,REJECTED,HIGH,CALL_CENTER
CBK0001310,TXN00006669,VALID,USR64847,MCH4786,,MISSING,2026-02-18 15:36:00,VALID,2026-03-13 00:00:00,DATE_ONLY,-2766.56,NEGATIVE,DUPLICATE_DEBIT,Customer complaint text unclear due to poor call center notes.,CLOSED,LOW,CALL_CENTER
CBK0002495,TXN00002679,VALID,USR24536,MCH8280,2026-01-07 16:01:24,VALID,2026-01-15 11:01:00,VALID,2026-02-10 00:00:00,DATE_ONLY,1214.71,VALID,UNAUTHORIZED_TRANSACTION,User reports money deducted but merchant denies receiving payment.,CLOSED,LOW,BRANCH
CBK0002000,TXN00006334,VALID,USR56042,MCH4130,2026-01-29 15:04:00,VALID,2026-02-09 00:00:00,DATE_ONLY,2026-02-09 00:00:00,DATE_ONLY,-1206.9,NEGATIVE,DUPLICATE_DEBIT,Customer says amount was debited twice. pls check asap,IN_PROGRESS,MEDIUM,APP
CBK0000401,TXN00001653,VALID,USR33650,MCH5294,2026-04-02 00:00:00,DATE_ONLY,2026-02-05 12:47:14,VALID,2026-02-07 12:47:14,VALID,4022.0,VALID,UNAUTHORIZED_TRANSACTION,Customer complaint text unclear due to poor call center notes.,IN_PROGRESS,MEDIUM,IVR
CBK0001880,TXN00013813,VALID,USR85610,MCH6626,2026-01-21 00:00:00,DATE_ONLY,2026-03-07 00:00:00,DATE_ONLY,2026-03-19 00:00:00,DATE_ONLY,,UNPARSEABLE/NULL,UNAUTHORIZED_TRANSACTION,Customer says transaction was not authorized.,REJECTED,MEDIUM,CHATBOT
CBK0000884,TXN00014060,VALID,USR97772,MCH9069,2026-02-21 10:06:00,VALID,2026-02-26 23:06:00,VALID,2026-03-07 00:00:00,DATE_ONLY,613.53,VALID,SERVICE_NOT_PROVIDED,User reports money deducted but merchant denies receiving payment.,REJECTED,CRITICAL,CHATBOT
CBK0001963,TXN00002490,VALID,USR56287,MCH9228,2026-01-21 11:23:07,VALID,2026-01-21 12:23:07,VALID,2026-01-27 00:00:00,DATE_ONLY,1170.0,VALID,UNAUTHORIZED_TRANSACTION,Customer says amount was debited twice.,CLOSED,LOW,BRANCH
CBK0000203,TXN00002521,VALID,USR11015,MCH5051,2026-01-04 00:00:00,DATE_ONLY,2026-01-06 00:00:00,DATE_ONLY,,MISSING,4940.0,VALID,SERVICE_NOT_PROVIDED,User claims account was compromised before transaction.,CLOSED,HIGH,CALL_CENTER
CBK0002334,TXN00013909,VALID,USR61147,MCH6628,2026-01-10 00:00:00,DATE_ONLY,2026-01-12 00:00:00,DATE_ONLY,2026-01-16 14:42:00,VALID,449.15,VALID,GENERAL_COMPLAINT,Merchant service was not delivered after payment.,REJECTED,HIGH,IVR
CBK0002556,TXN00014016,VALID,USR85655,MCH2065,2026-03-01 00:00:00,DATE_ONLY,2026-03-04 00:00:00,DATE_ONLY,2026-03-07 09:29:57,VALID,2538.7,VALID,UNAUTHORIZED_TRANSACTION,Customer complaint text unclear due to poor call center notes.,IN_PROGRESS,LOW,EMAIL
CBK0000337,TXN00013045,VALID,USR42531,MCH1288,2026-01-19 00:00:00,DATE_ONLY,2026-01-20 08:51:00,VALID,,MISSING,546.9,VALID,SERVICE_NOT_PROVIDED,Customer complaint text unclear due to poor call center notes.,REJECTED,LOW,CHATBOT
CBK0002542,TXN00004045,VALID,USR54255,MCH7383,2026-03-24 03:03:18,VALID,2026-04-08 20:03:18,VALID,2026-04-13 20:03:18,VALID,14158.32,VALID,UNAUTHORIZED_TRANSACTION,Merchant service was not delivered after payment.,PENDING_BANK,LOW,CALL_CENTER
CBK0002678,TXN00074852,VALID,USR64694,MCH3676,2026-02-11 00:00:00,DATE_ONLY,,MISSING,2026-03-11 16:25:29,VALID,1652.05,VALID,DUPLICATE_DEBIT,Payment made to unknown merchant as per customer statement.,IN_PROGRESS,MEDIUM,CALL_CENTER
CBK0001617,TXN00001553,VALID,USR68522,MCH7372,2026-01-08 00:00:00,DATE_ONLY,2026-02-08 00:00:00,DATE_ONLY,2026-02-21 04:46:00,VALID,5796.41,VALID,SERVICE_NOT_PROVIDED,Payment made to unknown merchant as per customer statement. pls check asap,PENDING_BANK,CRITICAL,CALL_CENTER
CBK0002109,TXN00005274,VALID,USR70317,MCH7833,2026-02-26 09:34:34,VALID,2026-02-27 13:34:00,VALID,2026-03-13 13:34:00,VALID,4290.41,VALID,WRONG_AMOUNT,Customer says amount was debited twice.,RESOLVED,HIGH,CHATBOT
CBK0000136,TXN00000724,VALID,USR55205,MCH4226,2026-02-20 00:00:00,DATE_ONLY,2026-02-26 00:00:00,DATE_ONLY,,MISSING,454.0,VALID,GENERAL_COMPLAINT,User says upi pin was not entered by them.,CLOSED,HIGH,EMAIL
CBK0002243,TXN00019786,VALID,USR27947,MCH1674,2026-03-15 00:00:00,DATE_ONLY,2026-03-17 00:00:00,DATE_ONLY,,MISSING,1377.81,VALID,UNAUTHORIZED_TRANSACTION,Customer complaint text unclear due to poor call center notes.,PENDING_BANK,CRITICAL,EMAIL
CBK0000579,TXN00006902,VALID,USR30658,MCH8779,,MISSING,2026-09-04 00:00:00,DATE_ONLY,2026-04-25 00:00:00,DATE_ONLY,2179.89,VALID,WRONG_AMOUNT,Customer says amount was debited twice.,CLOSED,CRITICAL,CALL_CENTER
CBK0002191,TXN00005500,VALID,USR99576,MCH4473,2026-01-25 00:00:00,DATE_ONLY,2026-01-31 00:00:00,DATE_ONLY,2026-02-09 00:00:00,DATE_ONLY,1721.07,VALID,UNAUTHORIZED_TRANSACTION,Suspicious high-value payment disputed by customer.,CLOSED,HIGH,CALL_CENTER
CBK0002147,TXN00010700,VALID,USR22862,MCH3741,2026-03-21 00:00:00,DATE_ONLY,2026-03-29 00:00:00,DATE_ONLY,2026-03-29 00:00:00,DATE_ONLY,393.01,VALID,SERVICE_NOT_PROVIDED,Payment made to unknown merchant as per customer statement.,IN_PROGRESS,MEDIUM,CHATBOT
CBK0002214,,MISSING,USR72691,MCH3098,2026-02-03 00:00:00,DATE_ONLY,2026-02-14 00:01:00,VALID,,MISSING,3364.0,VALID,SERVICE_NOT_PROVIDED,Payment made to unknown merchant as per customer statement.,CLOSED,MEDIUM,IVR
CBK0002699,TXN00004968,VALID,USR63160,MCH2867,2026-02-09 02:29:10,VALID,2026-02-19 10:29:00,VALID,2026-02-27 00:00:00,DATE_ONLY,-686.93,NEGATIVE,UNAUTHORIZED_TRANSACTION,Customer says transaction was not authorized.,IN_PROGRESS,HIGH,IVR
CBK0000910,TXN00010888,VALID,USR26595,MCH8921,2026-01-27 00:00:00,DATE_ONLY,2026-01-31 19:55:18,VALID,2026-02-08 19:55:18,VALID,925.14,VALID,WRONG_AMOUNT,User reports money deducted but merchant denies receiving payment.,CLOSED,LOW,CHATBOT
CBK0002050,TXN00003990,VALID,USR78005,MCH8100,2026-01-22 20:54:00,VALID,2026-01-27 22:54:00,VALID,,MISSING,-5710.85,NEGATIVE,WRONG_AMOUNT,Customer says amount was debited twice.,CLOSED,MEDIUM,CHATBOT
CBK0002501,TXN00074548,VALID,USR43280,MCH3768,2026-02-20 00:00:00,DATE_ONLY,2026-02-22 23:25:00,VALID,2026-02-27 23:25:00,VALID,-4626.55,NEGATIVE,SERVICE_NOT_PROVIDED,Merchant service was not delivered after payment.,IN_PROGRESS,HIGH,CALL_CENTER
CBK0002442,TXN00003496,VALID,USR17908,MCH1236,2026-01-12 17:43:35,VALID,2026-01-28 00:00:00,DATE_ONLY,2026-02-24 01:43:00,VALID,1706.49,VALID,SERVICE_NOT_PROVIDED,Complaint received after multiple failed attempts.,REJECTED,HIGH,IVR
CBK0002201,TXN00011553,VALID,USR33934,MCH1101,2026-02-07 13:14:25,VALID,2026-02-11 00:00:00,DATE_ONLY,2026-02-26 06:14:25,VALID,1996.81,VALID,UNAUTHORIZED_TRANSACTION,User says upi pin was not entered by them.,OPEN,LOW,APP
CBK0001113,TXN00011228,VALID,USR47724,MCH3600,2026-01-19 04:34:00,VALID,2026-01-20 00:00:00,DATE_ONLY,2026-02-14 00:00:00,DATE_ONLY,9827.0,VALID,UNAUTHORIZED_TRANSACTION,Customer complaint text unclear due to poor call center notes.,PENDING_BANK,LOW,IVR
CBK0001373,TXN00007769,VALID,USR24681,MCH6081,,MISSING,2026-02-14 19:34:08,VALID,2026-03-12 00:00:00,DATE_ONLY,813.25,VALID,SERVICE_NOT_PROVIDED,Suspicious high-value payment disputed by customer.,RESOLVED,HIGH,CHATBOT
CBK0001206,TXN00014973,VALID,USR48430,MCH4479,2026-02-17 19:55:56,VALID,2026-02-25 15:55:56,VALID,2026-02-25 00:00:00,DATE_ONLY,746.85,VALID,SERVICE_NOT_PROVIDED,Suspicious high-value payment disputed by customer.,RESOLVED,HIGH,CALL_CENTER
CBK0000759,TXN00018597,VALID,USR54822,MCH1382,,MISSING,2026-02-14 10:59:54,VALID,2026-02-16 10:59:54,VALID,2898.66,VALID,UNAUTHORIZED_TRANSACTION,Merchant service was not delivered after payment.,OPEN,MEDIUM,IVR
CBK0002772,TXN00008116,VALID,USR80305,MCH3781,2026-01-18 12:29:06,VALID,2026-01-20 00:00:00,DATE_ONLY,2026-02-15 00:00:00,DATE_ONLY,1863.17,VALID,DUPLICATE_DEBIT,User reports money deducted but merchant denies receiving payment.,REJECTED,LOW,IVR
CBK0000517,TXN00001323,VALID,USR53151,MCH9341,,MISSING,2026-02-19 00:00:00,DATE_ONLY,2026-02-27 21:24:00,VALID,7329.0,VALID,SERVICE_NOT_PROVIDED,Suspicious high-value payment disputed by customer.,REJECTED,LOW,BRANCH
CBK0001632,TXN00015576,VALID,USR12683,MCH9869,2026-03-19 05:30:23,VALID,2026-03-30 00:00:00,DATE_ONLY,,MISSING,448.44,VALID,UNAUTHORIZED_TRANSACTION,Payment made to unknown merchant as per customer statement.,PENDING_BANK,MEDIUM,APP
CBK0000927,TXN00014638,VALID,USR14035,MCH9573,2026-12-03 17:36:00,VALID,2026-03-13 17:36:25,VALID,2026-08-04 17:36:00,VALID,10765.79,VALID,SERVICE_NOT_PROVIDED,Customer complaint text unclear due to poor call center notes.,OPEN,HIGH,CHATBOT
CBK0002008,TXN00014274,VALID,USR40602,MCH5954,2026-02-14 00:00:00,DATE_ONLY,2026-02-20 00:00:00,DATE_ONLY,2026-03-08 10:09:37,VALID,3293.82,VALID,SERVICE_NOT_PROVIDED,Complaint received after multiple failed attempts.,CLOSED,MEDIUM,IVR
CBK0000572,,MISSING,USR58062,MCH2065,2026-02-18 22:15:46,VALID,2026-02-24 10:15:46,VALID,2026-03-15 00:00:00,DATE_ONLY,1849.53,VALID,UNAUTHORIZED_TRANSACTION,Customer says amount was debited twice.,CLOSED,MEDIUM,CHATBOT
CBK0002708,TXN00018113,VALID,USR17556,MCH8377,2026-02-09 00:00:00,DATE_ONLY,2026-02-12 17:45:31,VALID,2026-03-10 17:45:31,VALID,987.42,VALID,UNAUTHORIZED_TRANSACTION,Complaint received after multiple failed attempts.,REJECTED,LOW,CHATBOT
CBK0002534,TXN00004493,VALID,USR76170,MCH3036,2026-11-01 21:56:00,VALID,2026-01-27 00:00:00,DATE_ONLY,,MISSING,380.69,VALID,SERVICE_NOT_PROVIDED,Merchant service was not delivered after payment.,IN_PROGRESS,LOW,EMAIL
CBK0001209,TXN00009348,VALID,USR59740,MCH4686,2026-02-24 00:00:00,DATE_ONLY,2026-02-28 03:03:00,VALID,2026-03-04 03:03:36,VALID,4160.0,VALID,SERVICE_NOT_PROVIDED,Customer says transaction was not authorized.,IN_PROGRESS,HIGH,EMAIL
CBK0000339,TXN00013884,VALID,USR60939,MCH3878,2026-03-20 00:00:00,DATE_ONLY,2026-03-27 00:00:00,DATE_ONLY,,MISSING,3072.71,VALID,UNAUTHORIZED_TRANSACTION,Payment made to unknown merchant as per customer statement.,IN_PROGRESS,HIGH,IVR
CBK0002282,TXN00008893,VALID,USR74390,MCH7259,2026-01-05 00:00:00,DATE_ONLY,,MISSING,2026-01-13 13:43:40,VALID,2546.9,VALID,DUPLICATE_DEBIT,Customer says transaction was not authorized.,OPEN,LOW,IVR
CBK0000767,TXN00010641,VALID,USR98061,MCH3815,2026-03-29 20:15:00,VALID,2026-04-02 15:15:00,VALID,2026-04-08 00:00:00,DATE_ONLY,9500.5,VALID,UNAUTHORIZED_TRANSACTION,Customer complaint text unclear due to poor call center notes. call dropped,IN_PROGRESS,CRITICAL,IVR
CBK0000327,TXN00011503,VALID,USR76772,MCH5900,2026-02-27 00:00:00,DATE_ONLY,2026-02-28 02:10:08,VALID,2026-03-14 02:10:08,VALID,1191.08,VALID,SERVICE_NOT_PROVIDED,Customer says amount was debited twice.,IN_PROGRESS,HIGH,EMAIL
CBK0001061,TXN00007622,VALID,USR22939,MCH5921,2026-03-19 09:34:00,VALID,2026-03-24 00:00:00,DATE_ONLY,,MISSING,494.63,VALID,UNAUTHORIZED_TRANSACTION,Suspicious high-value payment disputed by customer.,CLOSED,LOW,IVR
CBK0002712,TXN00006919,VALID,USR19070,MCH8672,2026-02-27 00:00:00,DATE_ONLY,2026-02-28 10:57:53,VALID,2026-02-28 00:00:00,DATE_ONLY,3151.9,VALID,UNAUTHORIZED_TRANSACTION,Complaint received after multiple failed attempts.,IN_PROGRESS,LOW,CHATBOT
CBK0000480,TXN00086757,VALID,USR73796,MCH8391,2026-01-27 05:48:48,VALID,2026-02-02 00:00:00,DATE_ONLY,2026-02-25 00:00:00,DATE_ONLY,1161.24,VALID,SERVICE_NOT_PROVIDED,Customer complaint text unclear due to poor call center notes.,IN_PROGRESS,CRITICAL,APP
CBK0002420,TXN00008321,VALID,USR20361,MCH3420,2026-01-03 00:00:00,DATE_ONLY,2026-01-04 00:00:00,DATE_ONLY,2026-01-17 02:37:00,VALID,535.96,VALID,SERVICE_NOT_PROVIDED,User claims account was compromised before transaction.,OPEN,LOW,CALL_CENTER
CBK0000958,TXN00001617,VALID,USR30500,MCH8058,2026-02-19 00:00:00,DATE_ONLY,2026-02-20 21:55:40,VALID,2026-03-10 00:00:00,DATE_ONLY,4597.83,VALID,GENERAL_COMPLAINT,Suspicious high-value payment disputed by customer.,CLOSED,HIGH,APP
CBK0001047,TXN00016988,VALID,USR13912,MCH5655,2026-02-25 00:00:00,DATE_ONLY,2026-07-03 00:00:00,DATE_ONLY,2026-03-15 14:47:00,VALID,,UNPARSEABLE/NULL,WRONG_AMOUNT,User claims account was compromised before transaction.,REJECTED,MEDIUM,CALL_CENTER
CBK0001922,TXN00008651,VALID,USR68820,MCH5076,2026-01-13 17:01:00,VALID,2026-01-18 20:01:00,VALID,2026-01-22 00:00:00,DATE_ONLY,,UNPARSEABLE/NULL,WRONG_AMOUNT,User claims account was compromised before transaction. call dropped,IN_PROGRESS,MEDIUM,APP
CBK0000900,TXN00012289,VALID,USR71316,MCH8769,2026-12-01 18:30:00,VALID,2026-01-15 03:30:00,VALID,,MISSING,5071.86,VALID,UNAUTHORIZED_TRANSACTION,User reports money deducted but merchant denies receiving payment.,RESOLVED,LOW,CHATBOT
CBK0000694,TXN00013258,VALID,USR41874,MCH7151,2026-03-28 02:05:31,VALID,2026-03-28 09:05:00,VALID,2026-03-31 00:00:00,DATE_ONLY,6771.0,VALID,UNAUTHORIZED_TRANSACTION,Customer says amount was debited twice.,RESOLVED,MEDIUM,CALL_CENTER
CBK0002470,TXN00016541,VALID,USR51854,MCH2925,2026-03-05 00:00:00,DATE_ONLY,2026-03-01 00:00:00,DATE_ONLY,,MISSING,1089.44,VALID,UNAUTHORIZED_TRANSACTION,Complaint received after multiple failed attempts.,PENDING_BANK,MEDIUM,IVR
CBK0002477,TXN00002165,VALID,USR81636,MCH5914,2026-01-31 00:00:00,DATE_ONLY,2026-02-03 00:00:00,DATE_ONLY,,MISSING,1048.77,VALID,DUPLICATE_DEBIT,Customer complaint text unclear due to poor call center notes. call dropped,REJECTED,MEDIUM,IVR
CBK0000197,TXN00003861,VALID,USR66175,MCH7332,2026-01-10 00:00:00,DATE_ONLY,2026-01-21 00:00:00,DATE_ONLY,2026-01-26 01:48:00,VALID,792.03,VALID,SERVICE_NOT_PROVIDED,Customer says amount was debited twice.,PENDING_BANK,CRITICAL,IVR
CBK0002637,TXN00001839,VALID,USR69852,MCH4722,2026-07-01 00:00:00,DATE_ONLY,2026-01-08 00:00:00,DATE_ONLY,2026-01-30 00:00:00,DATE_ONLY,1071.92,VALID,WRONG_AMOUNT,User reports money deducted but merchant denies receiving payment.,REJECTED,MEDIUM,IVR
CBK0000189,TXN00016753,VALID,USR71099,MCH5189,2026-03-11 00:00:00,DATE_ONLY,2026-03-13 00:00:00,DATE_ONLY,2026-03-31 00:00:00,DATE_ONLY,390.5,VALID,UNAUTHORIZED_TRANSACTION,Merchant service was not delivered after payment.,IN_PROGRESS,LOW,IVR
CBK0002413,TXN00012907,VALID,USR20360,MCH3281,2026-03-28 23:07:22,VALID,2026-08-04 00:00:00,DATE_ONLY,,MISSING,,UNPARSEABLE/NULL,UNAUTHORIZED_TRANSACTION,User claims account was compromised before transaction.,REJECTED,LOW,IVR
CBK0002078,TXN00013096,VALID,USR13449,MCH5614,2026-03-25 00:00:00,DATE_ONLY,2026-03-26 21:45:47,VALID,2026-04-25 21:45:47,VALID,8307.14,VALID,SERVICE_NOT_PROVIDED,User says upi pin was not entered by them. details missing,REJECTED,CRITICAL,CHATBOT
CBK0001303,TXN00010018,VALID,USR33354,MCH2266,2026-01-05 21:41:53,VALID,2026-01-11 00:00:00,DATE_ONLY,2026-01-22 00:00:00,DATE_ONLY,,UNPARSEABLE/NULL,UNAUTHORIZED_TRANSACTION,User says upi pin was not entered by them.,PENDING_BANK,LOW,EMAIL
CBK0000502,TXN00008686,VALID,USR99756,MCH7813,2026-01-31 00:00:00,DATE_ONLY,2026-02-08 00:00:00,DATE_ONLY,2026-12-02 11:23:00,VALID,-969.45,NEGATIVE,UNAUTHORIZED_TRANSACTION,Complaint received after multiple failed attempts. details missing,IN_PROGRESS,LOW,CHATBOT
CBK0001312,TXN00000939,VALID,USR61151,MCH2302,2026-03-25 00:00:00,DATE_ONLY,2026-03-26 13:58:00,VALID,2026-04-03 00:00:00,DATE_ONLY,3776.84,VALID,SERVICE_NOT_PROVIDED,User reports money deducted but merchant denies receiving payment.,PENDING_BANK,MEDIUM,APP
CBK0002722,TXN00008498,VALID,USR48374,MCH8230,2026-02-01 00:00:00,DATE_ONLY,2026-02-16 00:00:00,DATE_ONLY,,MISSING,2342.66,VALID,UNAUTHORIZED_TRANSACTION,Payment made to unknown merchant as per customer statement.,PENDING_BANK,LOW,IVR
CBK0002180,TXN00006743,VALID,USR42798,MCH5884,2026-01-19 09:16:00,VALID,2026-01-21 00:00:00,DATE_ONLY,2026-02-12 00:00:00,DATE_ONLY,,UNPARSEABLE/NULL,SERVICE_NOT_PROVIDED,Customer complaint text unclear due to poor call center notes.,OPEN,MEDIUM,CHATBOT
CBK0001816,TXN00015001,VALID,USR18056,MCH5439,2026-01-28 22:09:00,VALID,2026-01-31 00:00:00,DATE_ONLY,2026-02-24 00:00:00,DATE_ONLY,,UNPARSEABLE/NULL,SERVICE_NOT_PROVIDED,User reports money deducted but merchant denies receiving payment.,IN_PROGRESS,CRITICAL,BRANCH
CBK0002481,TXN00007235,VALID,USR46308,MCH7175,2026-02-05 00:00:00,DATE_ONLY,2026-02-05 22:26:56,VALID,2026-02-27 00:00:00,DATE_ONLY,1820.07,VALID,UNAUTHORIZED_TRANSACTION,Customer complaint text unclear due to poor call center notes. details missing,CLOSED,LOW,BRANCH
CBK0002505,TXN00001789,VALID,USR80522,MCH9097,2026-01-29 00:00:00,DATE_ONLY,2026-02-01 00:00:00,DATE_ONLY,2026-02-14 07:52:00,VALID,3163.91,VALID,UNAUTHORIZED_TRANSACTION,User reports money deducted but merchant denies receiving payment.,CLOSED,LOW,IVR
CBK0002053,TXN00001807,VALID,USR20076,MCH6717,2026-03-03 11:20:09,VALID,,MISSING,2026-04-04 22:20:00,VALID,,UNPARSEABLE/NULL,UNAUTHORIZED_TRANSACTION,Complaint received after multiple failed attempts.,IN_PROGRESS,LOW,CHATBOT
CBK0001042,TXN00008638,VALID,USR63231,MCH1737,2026-03-30 07:31:00,VALID,2026-04-06 00:00:00,DATE_ONLY,2026-01-05 00:00:00,DATE_ONLY,1056.33,VALID,SERVICE_NOT_PROVIDED,Payment made to unknown merchant as per customer statement.,OPEN,LOW,BRANCH
CBK0002382,TXN00016574,VALID,USR34643,MCH1066,2026-01-25 00:00:00,DATE_ONLY,2026-01-02 00:00:00,DATE_ONLY,2026-02-07 11:12:20,VALID,2828.9,VALID,GENERAL_COMPLAINT,Customer says amount was debited twice.,RESOLVED,MEDIUM,EMAIL
CBK0001733,TXN00011566,VALID,USR90212,MCH4811,2026-02-22 00:00:00,DATE_ONLY,2026-02-25 00:00:00,DATE_ONLY,2026-01-03 00:00:00,DATE_ONLY,248.1,VALID,UNAUTHORIZED_TRANSACTION,Merchant service was not delivered after payment.,PENDING_BANK,CRITICAL,CHATBOT
CBK0000660,TXN00008654,VALID,USR14580,MCH7394,2026-01-20 00:00:00,DATE_ONLY,2026-01-23 00:00:00,DATE_ONLY,2026-01-25 03:57:35,VALID,3655.6,VALID,UNAUTHORIZED_TRANSACTION,User claims account was compromised before transaction.,OPEN,HIGH,BRANCH
CBK0000218,TXN00002930,VALID,USR27533,MCH9381,2026-03-28 16:07:00,VALID,2026-03-30 00:00:00,DATE_ONLY,2026-04-13 00:00:00,DATE_ONLY,1968.12,VALID,GENERAL_COMPLAINT,Suspicious high-value payment disputed by customer.,PENDING_BANK,LOW,IVR
CBK0002688,TXN00016086,VALID,USR48363,MCH5076,2026-03-27 10:48:00,VALID,2026-04-06 00:00:00,DATE_ONLY,2026-04-10 00:00:00,DATE_ONLY,756.07,VALID,UNAUTHORIZED_TRANSACTION,Merchant service was not delivered after payment.,OPEN,HIGH,CHATBOT
CBK0000079,TXN00000789,VALID,USR54133,MCH8683,2026-02-23 18:15:33,VALID,2026-02-26 00:00:00,DATE_ONLY,2026-08-03 11:15:00,VALID,7945.0,VALID,UNAUTHORIZED_TRANSACTION,Payment made to unknown merchant as per customer statement.,OPEN,HIGH,IVR
CBK0001734,TXN00004267,VALID,USR92771,MCH5698,2026-02-01 00:00:00,DATE_ONLY,2026-04-02 00:00:00,DATE_ONLY,2026-02-22 00:00:00,DATE_ONLY,3750.2,VALID,SERVICE_NOT_PROVIDED,Customer says amount was debited twice.,PENDING_BANK,LOW,IVR
CBK0000420,TXN00012872,VALID,USR39569,MCH7219,2026-01-18 15:00:47,VALID,2026-01-19 00:00:00,DATE_ONLY,2026-01-20 11:00:00,VALID,4857.19,VALID,UNAUTHORIZED_TRANSACTION,Merchant service was not delivered after payment.,IN_PROGRESS,HIGH,APP
CBK0001750,TXN00009063,VALID,USR58335,MCH4473,2026-01-14 00:00:00,DATE_ONLY,2026-01-15 00:00:00,DATE_ONLY,2026-01-23 00:00:00,DATE_ONLY,91.6,VALID,UNAUTHORIZED_TRANSACTION,User claims account was compromised before transaction.,IN_PROGRESS,LOW,CHATBOT
CBK0001185,TXN00000818,VALID,USR41564,MCH5530,2026-03-30 00:00:00,DATE_ONLY,,MISSING,2026-04-12 00:00:00,DATE_ONLY,1592.73,VALID,SERVICE_NOT_PROVIDED,Complaint received after multiple failed attempts.,RESOLVED,LOW,BRANCH
CBK0002457,TXN00014853,VALID,USR16306,MCH6850,2026-02-02 00:00:00,DATE_ONLY,2026-02-10 00:00:00,DATE_ONLY,2026-02-22 00:00:00,DATE_ONLY,415.04,VALID,UNAUTHORIZED_TRANSACTION,User reports money deducted but merchant denies receiving payment.,IN_PROGRESS,MEDIUM,CHATBOT
CBK0001775,TXN00001597,VALID,USR33934,MCH8773,2026-03-15 10:02:06,VALID,2026-03-21 05:02:00,VALID,2026-04-17 00:00:00,DATE_ONLY,13348.89,VALID,SERVICE_NOT_PROVIDED,Complaint received after multiple failed attempts.,PENDING_BANK,CRITICAL,CHATBOT
CBK0001338,TXN00008410,VALID,USR54797,MCH3300,2026-01-20 08:42:27,VALID,2026-01-30 00:00:00,DATE_ONLY,2026-02-14 10:42:27,VALID,896.23,VALID,GENERAL_COMPLAINT,Customer says amount was debited twice. na,CLOSED,MEDIUM,BRANCH
CBK0000599,TXN00007573,VALID,USR52697,MCH5655,2026-02-24 14:14:20,VALID,2026-01-03 16:14:00,VALID,,MISSING,10313.56,VALID,WRONG_AMOUNT,User says upi pin was not entered by them. details missing,RESOLVED,LOW,CHATBOT
CBK0000865,TXN00005760,VALID,USR36182,MCH2554,2026-03-28 00:00:00,DATE_ONLY,2026-03-29 00:00:00,DATE_ONLY,,MISSING,,UNPARSEABLE/NULL,WRONG_AMOUNT,Merchant service was not delivered after payment.,REJECTED,MEDIUM,EMAIL
CBK0000914,TXN00001042,VALID,USR12183,MCH7351,2026-03-02 00:00:00,DATE_ONLY,2026-03-05 00:00:00,DATE_ONLY,2026-03-31 00:00:00,DATE_ONLY,1526.17,VALID,UNAUTHORIZED_TRANSACTION,Payment made to unknown merchant as per customer statement. call dropped,PENDING_BANK,HIGH,BRANCH
CBK0001726,TXN00001821,VALID,USR85403,MCH4473,2026-10-03 00:00:00,DATE_ONLY,2026-03-15 00:00:00,DATE_ONLY,2026-04-07 15:22:15,VALID,12679.09,VALID,GENERAL_COMPLAINT,Suspicious high-value payment disputed by customer.,RESOLVED,MEDIUM,CHATBOT
CBK0001477,TXN00009790,VALID,USR72887,MCH3200,2026-03-16 00:00:00,DATE_ONLY,2026-04-01 00:00:00,DATE_ONLY,,MISSING,996.46,VALID,SERVICE_NOT_PROVIDED,User says upi pin was not entered by them. details missing,OPEN,CRITICAL,IVR
CBK0001295,TXN00016726,VALID,USR89004,MCH8117,2026-02-21 00:00:00,DATE_ONLY,2026-02-22 00:00:00,DATE_ONLY,,MISSING,2235.82,VALID,DUPLICATE_DEBIT,Customer says amount was debited twice.,RESOLVED,HIGH,EMAIL
CBK0002703,TXN00019588,VALID,USR14075,MCH4041,2026-01-14 23:39:02,VALID,2026-01-25 00:00:00,DATE_ONLY,2026-02-10 14:39:02,VALID,,UNPARSEABLE/NULL,GENERAL_COMPLAINT,Payment made to unknown merchant as per customer statement.,CLOSED,MEDIUM,CHATBOT
CBK0002473,TXN00000154,VALID,USR28902,MCH1260,2026-02-05 15:50:37,VALID,2026-06-02 00:00:00,DATE_ONLY,,MISSING,2025.66,VALID,UNAUTHORIZED_TRANSACTION,User says upi pin was not entered by them.,CLOSED,LOW,IVR
CBK0001392,,MISSING,USR33175,MCH7321,,MISSING,2026-03-26 00:00:00,DATE_ONLY,,MISSING,5482.08,VALID,GENERAL_COMPLAINT,Customer says transaction was not authorized.,REJECTED,LOW,CHATBOT
CBK0002117,TXN00006808,VALID,USR74813,MCH2757,2026-02-25 00:00:00,DATE_ONLY,2026-02-26 00:00:00,DATE_ONLY,,MISSING,8430.86,VALID,SERVICE_NOT_PROVIDED,Complaint received after multiple failed attempts.,IN_PROGRESS,HIGH,CALL_CENTER
CBK0001739,TXN00013116,VALID,USR38088,MCH8068,,MISSING,2026-02-22 00:00:00,DATE_ONLY,2026-02-22 20:32:19,VALID,1464.53,VALID,SERVICE_NOT_PROVIDED,Customer complaint text unclear due to poor call center notes.,CLOSED,MEDIUM,APP
CBK0002665,TXN00001173,VALID,USR21421,MCH3004,2026-02-24 16:17:15,VALID,2026-04-03 00:00:00,DATE_ONLY,2026-03-08 00:00:00,DATE_ONLY,-1898.31,NEGATIVE,UNAUTHORIZED_TRANSACTION,Customer says amount was debited twice.,CLOSED,MEDIUM,APP
CBK0002276,TXN00012334,VALID,USR12381,MCH9291,2026-03-16 09:05:00,VALID,2026-03-19 18:05:30,VALID,2026-03-25 18:05:30,VALID,1521.74,VALID,SERVICE_NOT_PROVIDED,Suspicious high-value payment disputed by customer.,PENDING_BANK,HIGH,CALL_CENTER
CBK0002063,,MISSING,USR49752,MCH9689,,MISSING,2026-08-02 08:29:00,VALID,2026-02-18 08:29:00,VALID,2009.64,VALID,WRONG_AMOUNT,User says upi pin was not entered by them.,IN_PROGRESS,MEDIUM,CHATBOT
CBK0002620,TXN00011524,VALID,USR26051,MCH4344,2026-11-02 00:00:00,DATE_ONLY,2026-02-14 00:00:00,DATE_ONLY,2026-02-14 00:00:00,DATE_ONLY,3021.0,VALID,WRONG_AMOUNT,Payment made to unknown merchant as per customer statement.,RESOLVED,LOW,APP
CBK0001539,TXN00060420,VALID,USR95104,MCH5264,2026-03-17 00:00:00,DATE_ONLY,2026-03-19 00:00:00,DATE_ONLY,2026-03-29 02:14:00,VALID,1505.75,VALID,DUPLICATE_DEBIT,Payment made to unknown merchant as per customer statement.,IN_PROGRESS,MEDIUM,IVR
CBK0001846,TXN00008496,VALID,USR13261,MCH8062,2026-03-13 23:44:00,VALID,2026-03-14 00:00:00,DATE_ONLY,2026-03-24 00:00:00,DATE_ONLY,-2662.81,NEGATIVE,SERVICE_NOT_PROVIDED,Customer says amount was debited twice.,CLOSED,LOW,CHATBOT
CBK0000072,TXN00004747,VALID,USR48250,MCH3100,2026-01-28 00:00:00,DATE_ONLY,2026-01-30 00:00:00,DATE_ONLY,2026-02-17 00:00:00,DATE_ONLY,11808.21,VALID,WRONG_AMOUNT,Suspicious high-value payment disputed by customer.,PENDING_BANK,MEDIUM,CALL_CENTER
CBK0001511,TXN00013557,VALID,USR53356,MCH4473,2026-02-19 00:00:00,DATE_ONLY,2026-02-19 00:00:00,DATE_ONLY,2026-03-03 00:00:00,DATE_ONLY,5693.78,VALID,SERVICE_NOT_PROVIDED,Customer says transaction was not authorized.,OPEN,LOW,IVR
CBK0001413,TXN00017513,VALID,USR39726,MCH5273,2026-01-22 00:00:00,DATE_ONLY,2026-01-28 00:00:00,DATE_ONLY,2026-02-25 00:00:00,DATE_ONLY,24586.31,VALID,UNAUTHORIZED_TRANSACTION,Customer complaint text unclear due to poor call center notes.,CLOSED,LOW,APP
CBK0000508,TXN00001829,VALID,USR40362,MCH3161,2026-09-01 04:04:00,VALID,2026-01-11 00:00:00,DATE_ONLY,2026-01-21 00:00:00,DATE_ONLY,3042.0,VALID,UNAUTHORIZED_TRANSACTION,User claims account was compromised before txn.,PENDING_BANK,HIGH,CALL_CENTER
CBK0001328,TXN00010089,VALID,USR22644,MCH2208,2026-03-10 00:00:00,DATE_ONLY,2026-03-13 10:52:00,VALID,,MISSING,,UNPARSEABLE/NULL,WRONG_AMOUNT,Customer says amount was debited twice.,IN_PROGRESS,LOW,CHATBOT
CBK0001995,TXN00000490,VALID,USR75856,MCH9865,2026-01-11 00:00:00,DATE_ONLY,2026-01-16 17:52:00,VALID,,MISSING,3134.07,VALID,WRONG_AMOUNT,Customer complaint text unclear due to poor call center notes.,RESOLVED,LOW,CALL_CENTER
CBK0001170,TXN00012807,VALID,USR97772,MCH1838,2026-03-26 00:00:00,DATE_ONLY,2026-03-27 18:57:00,VALID,2026-04-02 00:00:00,DATE_ONLY,122.0,VALID,SERVICE_NOT_PROVIDED,Customer says amount was debited twice.,OPEN,LOW,IVR
CBK0002275,TXN00002106,VALID,USR75120,MCH3728,2026-01-24 13:15:51,VALID,2026-01-24 00:00:00,DATE_ONLY,2026-02-20 00:00:00,DATE_ONLY,-3875.59,NEGATIVE,UNAUTHORIZED_TRANSACTION,Complaint received after multiple failed attempts.,PENDING_BANK,MEDIUM,APP
CBK0002706,TXN00012918,VALID,USR27107,MCH6044,,MISSING,,MISSING,2026-04-02 00:00:00,DATE_ONLY,2316.9,VALID,UNAUTHORIZED_TRANSACTION,Merchant service was not delivered after payment.,CLOSED,MEDIUM,CHATBOT
CBK0001935,TXN00012027,VALID,USR97416,MCH5463,2026-01-13 00:00:00,DATE_ONLY,2026-01-15 00:00:00,DATE_ONLY,2026-02-13 00:00:00,DATE_ONLY,-1274.02,NEGATIVE,UNAUTHORIZED_TRANSACTION,Payment made to unknown merchant as per customer statement.,RESOLVED,LOW,BRANCH
CBK0001749,TXN00000318,VALID,USR51808,MCH7982,2026-01-29 15:34:00,VALID,2026-03-16 00:00:00,DATE_ONLY,2026-03-25 00:00:00,DATE_ONLY,,UNPARSEABLE/NULL,GENERAL_COMPLAINT,Payment made to unknown merchant as per customer statement.,OPEN,LOW,APP
CBK0001333,TXN00003302,VALID,USR97772,MCH2026,2026-03-23 00:00:00,DATE_ONLY,2026-02-04 16:40:00,VALID,,MISSING,1169.68,VALID,DUPLICATE_DEBIT,Payment made to unknown merchant as per cust statement.,CLOSED,MEDIUM,IVR
CBK0002118,TXN00008403,VALID,USR17197,MCH4473,2026-01-06 00:00:00,DATE_ONLY,2026-01-17 11:54:07,VALID,2026-01-29 11:54:07,VALID,1117.0,VALID,UNAUTHORIZED_TRANSACTION,Merchant service was not delivered after payment.,PENDING_BANK,MEDIUM,EMAIL
CBK0002353,TXN00017005,VALID,USR93920,MCH5156,2026-01-03 06:38:00,VALID,2026-03-31 21:38:30,VALID,2026-04-03 00:00:00,DATE_ONLY,10880.54,VALID,SERVICE_NOT_PROVIDED,Customer says amount was debited twice.,OPEN,MEDIUM,CHATBOT
CBK0001855,TXN00003379,VALID,USR73010,MCH6457,2026-03-26 11:09:24,VALID,2026-03-28 11:09:00,VALID,2026-04-20 11:09:24,VALID,5587.77,VALID,DUPLICATE_DEBIT,Customer says transaction was not authorized.,PENDING_BANK,CRITICAL,APP
CBK0001165,TXN00010766,VALID,USR24002,MCH2065,2026-01-01 23:56:29,VALID,,MISSING,2026-01-20 00:00:00,DATE_ONLY,2510.0,VALID,DUPLICATE_DEBIT,Suspicious high-value payment disputed by customer.,IN_PROGRESS,LOW,BRANCH
CBK0001055,TXN00016717,VALID,USR80656,MCH8828,2026-01-27 00:00:00,DATE_ONLY,,MISSING,2026-02-16 15:46:43,VALID,3272.08,VALID,SERVICE_NOT_PROVIDED,Suspicious high-value payment disputed by customer.,OPEN,MEDIUM,CALL_CENTER
CBK0001352,TXN00010946,VALID,USR94542,MCH6061,2026-03-25 00:00:00,DATE_ONLY,2026-03-29 02:21:00,VALID,,MISSING,562.29,VALID,DUPLICATE_DEBIT,User claims account was compromised before transaction.,CLOSED,HIGH,IVR
CBK0002596,TXN00013632,VALID,USR34733,MCH8154,2026-01-08 00:00:00,DATE_ONLY,,MISSING,2026-01-18 15:45:36,VALID,1178.89,VALID,UNAUTHORIZED_TRANSACTION,Payment made to unknown merchant as per customer statement.,PENDING_BANK,MEDIUM,CHATBOT
CBK0000781,TXN00004717,VALID,USR34703,MCH2065,2026-01-11 05:47:02,VALID,2026-01-21 15:47:02,VALID,2026-01-25 00:00:00,DATE_ONLY,22390.0,VALID,SERVICE_NOT_PROVIDED,Complaint received after multiple failed attempts.,PENDING_BANK,HIGH,EMAIL
CBK0000961,TXN00012729,VALID,USR13686,MCH2588,2026-02-20 00:00:00,DATE_ONLY,2026-02-23 04:28:02,VALID,2026-03-19 00:00:00,DATE_ONLY,1232.87,VALID,SERVICE_NOT_PROVIDED,Complaint received after multiple failed attempts.,PENDING_BANK,LOW,CALL_CENTER
CBK0002281,TXN00016639,VALID,USR51332,MCH6850,2026-03-04 00:00:00,DATE_ONLY,2026-03-04 00:00:00,DATE_ONLY,2026-03-25 21:38:11,VALID,2539.68,VALID,SERVICE_NOT_PROVIDED,User says upi pin was not entered by them.,PENDING_BANK,HIGH,APP
CBK0002131,TXN00005025,VALID,USR12936,MCH9937,2026-02-28 00:00:00,DATE_ONLY,2026-05-03 18:25:00,VALID,2026-03-25 00:00:00,DATE_ONLY,1283.51,VALID,WRONG_AMOUNT,User claims account was compromised before transaction. na,RESOLVED,LOW,IVR
CBK0001802,TXN00015492,VALID,USR31275,MCH4473,2026-01-22 00:00:00,DATE_ONLY,2026-01-25 02:09:52,VALID,2026-02-04 02:09:52,VALID,2618.19,VALID,WRONG_AMOUNT,Customer says transaction was not authorized.,IN_PROGRESS,HIGH,CHATBOT
CBK0002066,TXN00014413,VALID,USR86472,MCH3992,2026-03-29 00:00:00,DATE_ONLY,2026-04-01 21:21:33,VALID,,MISSING,,UNPARSEABLE/NULL,WRONG_AMOUNT,User reports money deducted but merchant denies receiving payment.,IN_PROGRESS,LOW,IVR
CBK0002774,TXN00007924,VALID,USR36664,MCH6959,2026-01-01 00:00:00,DATE_ONLY,2026-01-02 00:00:00,DATE_ONLY,2026-01-15 00:00:00,DATE_ONLY,2197.57,VALID,UNAUTHORIZED_TRANSACTION,User reports money deducted but merchant denies receiving payment.,RESOLVED,MEDIUM,APP
CBK0000916,TXN00017437,VALID,USR25761,MCH9926,2026-01-11 00:00:00,DATE_ONLY,,MISSING,2026-03-02 20:32:00,VALID,,UNPARSEABLE/NULL,UNAUTHORIZED_TRANSACTION,Customer says transaction was not authorized.,IN_PROGRESS,MEDIUM,APP
CBK0001366,TXN00005968,VALID,USR64733,MCH3045,2026-03-19 00:00:00,DATE_ONLY,2026-03-21 00:00:00,DATE_ONLY,2026-04-04 04:31:22,VALID,2917.69,VALID,GENERAL_COMPLAINT,Customer says transaction was not authorized.,PENDING_BANK,CRITICAL,CALL_CENTER
CBK0001872,TXN00008853,VALID,USR43455,MCH8391,2026-02-15 00:00:00,DATE_ONLY,2026-02-17 13:35:00,VALID,,MISSING,6353.75,VALID,SERVICE_NOT_PROVIDED,Complaint received after multiple failed attempts.,RESOLVED,MEDIUM,CALL_CENTER
CBK0001716,TXN00008167,VALID,USR60833,MCH6947,2026-03-17 00:00:00,DATE_ONLY,2026-03-21 11:09:56,VALID,2026-03-26 00:00:00,DATE_ONLY,2598.82,VALID,DUPLICATE_DEBIT,Merchant service was not delivered after payment.,PENDING_BANK,MEDIUM,BRANCH
CBK0002223,TXN00017647,VALID,USR58113,MCH3117,2026-01-21 00:00:00,DATE_ONLY,2026-01-22 00:00:00,DATE_ONLY,2026-05-02 00:00:00,DATE_ONLY,3677.06,VALID,SERVICE_NOT_PROVIDED,Customer complaint text unclear due to poor call center notes.,IN_PROGRESS,MEDIUM,CHATBOT
CBK0001478,TXN00017175,VALID,USR46590,MCH7833,,MISSING,2026-01-31 03:03:07,VALID,2026-02-17 03:03:00,VALID,-2616.12,NEGATIVE,SERVICE_NOT_PROVIDED,Customer says amount was debited twice. pls check asap,OPEN,HIGH,APP
CBK0002587,TXN00001705,VALID,USR32842,MCH3100,2026-03-22 23:32:00,VALID,2026-03-26 00:00:00,DATE_ONLY,2026-04-13 15:32:45,VALID,2583.16,VALID,DUPLICATE_DEBIT,Customer complaint text unclear due to poor call center notes.,PENDING_BANK,LOW,IVR
CBK0002581,TXN00015481,VALID,USR62660,MCH4181,2026-01-15 00:00:00,DATE_ONLY,2026-01-17 09:49:00,VALID,2026-02-01 09:49:51,VALID,2917.55,VALID,SERVICE_NOT_PROVIDED,Merchant service was not delivered after payment.,RESOLVED,LOW,IVR
CBK0000937,TXN00009444,VALID,USR22327,MCH5615,2026-07-02 00:00:00,DATE_ONLY,,MISSING,,MISSING,855.85,VALID,GENERAL_COMPLAINT,Merchant service was not delivered after payment.,OPEN,MEDIUM,APP
CBK0000679,TXN00019297,VALID,USR35700,MCH4758,2026-02-24 08:24:53,VALID,2026-02-24 12:24:00,VALID,,MISSING,1314.28,VALID,UNAUTHORIZED_TRANSACTION,Customer complaint text unclear due to poor call center notes.,PENDING_BANK,LOW,IVR
CBK0000493,TXN00001975,VALID,USR66286,MCH7546,2026-01-21 09:21:00,VALID,2026-02-05 00:00:00,DATE_ONLY,2026-02-17 00:00:00,DATE_ONLY,943.72,VALID,WRONG_AMOUNT,Merchant service was not delivered after payment. details missing,OPEN,HIGH,IVR
CBK0000647,TXN00019004,VALID,USR46725,MCH2065,2026-07-02 00:00:00,DATE_ONLY,2026-02-13 17:00:51,VALID,2026-02-26 17:00:51,VALID,-3381.39,NEGATIVE,UNAUTHORIZED_TRANSACTION,Suspicious high-value payment disputed by customer.,IN_PROGRESS,MEDIUM,CHATBOT
CBK0000855,TXN00013194,VALID,USR66001,MCH2030,2026-06-01 00:00:00,DATE_ONLY,2026-02-21 00:00:00,DATE_ONLY,,MISSING,,UNPARSEABLE/NULL,UNAUTHORIZED_TRANSACTION,User says upi pin was not entered by them.,PENDING_BANK,MEDIUM,BRANCH
CBK0001233,TXN00034198,VALID,USR98515,MCH3927,2026-03-21 00:00:00,DATE_ONLY,2026-03-23 00:00:00,DATE_ONLY,2026-03-23 00:00:00,DATE_ONLY,2387.46,VALID,UNAUTHORIZED_TRANSACTION,Customer complaint text unclear due to poor call center notes.,PENDING_BANK,HIGH,CHATBOT
CBK0000542,TXN00003675,VALID,USR92063,MCH3454,2026-01-15 12:53:18,VALID,2026-01-18 23:53:18,VALID,2026-02-04 00:00:00,DATE_ONLY,1047.52,VALID,DUPLICATE_DEBIT,Customer complaint text unclear due to poor call center notes.,PENDING_BANK,MEDIUM,IVR
CBK0000623,TXN00012588,VALID,USR78593,MCH9191,2026-03-24 00:00:00,DATE_ONLY,2026-03-27 02:42:00,VALID,2026-04-07 00:00:00,DATE_ONLY,1181.22,VALID,GENERAL_COMPLAINT,Merchant service was not delivered after payment.,PENDING_BANK,CRITICAL,CALL_CENTER
CBK0001033,TXN00004562,VALID,USR35882,MCH9511,2026-02-03 00:00:00,DATE_ONLY,2026-10-02 00:00:00,DATE_ONLY,2026-03-07 00:00:00,DATE_ONLY,-2226.56,NEGATIVE,WRONG_AMOUNT,Merchant service was not delivered after payment.,PENDING_BANK,HIGH,CHATBOT
CBK0000731,TXN00009087,VALID,USR31359,MCH1258,2026-02-02 11:18:00,VALID,2026-02-18 00:18:00,VALID,2026-03-14 00:00:00,DATE_ONLY,7838.0,VALID,UNAUTHORIZED_TRANSACTION,Complaint received after multiple failed attempts.,PENDING_BANK,MEDIUM,APP
CBK0001331,,MISSING,USR92614,MCH9178,,MISSING,2026-03-16 00:00:00,DATE_ONLY,2026-08-04 00:00:00,DATE_ONLY,4117.99,VALID,DUPLICATE_DEBIT,Payment made to unknown merchant as per cust statement.,RESOLVED,CRITICAL,CALL_CENTER
CBK0002755,TXN00002471,VALID,USR90893,MCH8779,2026-01-24 22:24:58,VALID,2026-01-25 17:24:58,VALID,2026-02-24 00:00:00,DATE_ONLY,2207.71,VALID,UNAUTHORIZED_TRANSACTION,User says upi pin was not entered by them.,CLOSED,HIGH,IVR
CBK0000770,TXN00051555,VALID,USR56287,MCH8779,2026-03-08 00:00:00,DATE_ONLY,2026-11-03 00:00:00,DATE_ONLY,,MISSING,2417.43,VALID,SERVICE_NOT_PROVIDED,User reports money deducted but merchant denies receiving payment.,CLOSED,HIGH,CHATBOT
CBK0001857,TXN00008788,VALID,USR99849,MCH3643,2026-03-13 05:35:47,VALID,2026-03-15 00:00:00,DATE_ONLY,2026-04-02 15:35:47,VALID,8276.16,VALID,UNAUTHORIZED_TRANSACTION,Customer complaint text unclear due to poor call center notes.,IN_PROGRESS,MEDIUM,CHATBOT
CBK0000335,TXN00001134,VALID,USR18760,MCH9451,2026-03-06 21:05:23,VALID,2026-03-17 05:05:00,VALID,2026-09-04 00:00:00,DATE_ONLY,1881.35,VALID,GENERAL_COMPLAINT,User reports money deducted but merchant denies receiving payment.,PENDING_BANK,HIGH,IVR
CBK0000791,TXN00007791,VALID,USR24536,MCH6890,,MISSING,2026-10-03 00:00:00,DATE_ONLY,2026-01-04 00:00:00,DATE_ONLY,1735.16,VALID,UNAUTHORIZED_TRANSACTION,Suspicious high-value payment disputed by customer.,IN_PROGRESS,LOW,IVR
CBK0000047,TXN00074133,VALID,USR46927,MCH2711,2026-03-27 00:00:00,DATE_ONLY,2026-04-26 00:00:00,DATE_ONLY,,MISSING,546.0,VALID,WRONG_AMOUNT,User reports money deducted but merchant denies receiving payment.,OPEN,MEDIUM,BRANCH
CBK0000311,TXN00003364,VALID,USR18722,MCH6415,2026-03-29 00:00:00,DATE_ONLY,2026-03-30 00:00:00,DATE_ONLY,2026-04-26 00:00:00,DATE_ONLY,2940.2,VALID,SERVICE_NOT_PROVIDED,Customer complaint text unclear due to poor call center notes.,CLOSED,LOW,CHATBOT
CBK0001689,TXN00012952,VALID,USR63160,MCH8078,2026-01-09 00:00:00,DATE_ONLY,2026-01-11 09:46:20,VALID,2026-01-19 09:46:00,VALID,277.65,VALID,DUPLICATE_DEBIT,User says upi pin was not entered by them.,PENDING_BANK,LOW,CHATBOT
CBK0000132,TXN00016038,VALID,USR11624,MCH5300,2026-03-23 08:28:00,VALID,2026-03-23 00:00:00,DATE_ONLY,,MISSING,447.63,VALID,SERVICE_NOT_PROVIDED,Complaint received after multiple failed attempts.,CLOSED,HIGH,APP
CBK0002525,TXN00009115,VALID,USR60789,MCH3104,2026-02-03 23:08:00,VALID,2026-02-14 00:08:00,VALID,,MISSING,1575.8,VALID,UNAUTHORIZED_TRANSACTION,Customer says amount was debited twice.,OPEN,LOW,CHATBOT
CBK0001640,TXN00009672,VALID,USR72121,MCH4035,2026-01-31 00:00:00,DATE_ONLY,,MISSING,,MISSING,478.93,VALID,SERVICE_NOT_PROVIDED,Complaint received after multiple failed attempts.,CLOSED,LOW,BRANCH
CBK0000083,TXN00019136,VALID,USR46902,MCH4705,2026-10-02 00:00:00,DATE_ONLY,,MISSING,2026-02-28 00:00:00,DATE_ONLY,264.95,VALID,UNAUTHORIZED_TRANSACTION,Suspicious high-value payment disputed by customer.,OPEN,HIGH,EMAIL
CBK0001329,TXN00009229,VALID,USR61206,MCH8097,2026-03-06 00:00:00,DATE_ONLY,2026-03-14 00:00:00,DATE_ONLY,,MISSING,1300.37,VALID,GENERAL_COMPLAINT,User says upi pin was not entered by them.,CLOSED,HIGH,IVR
CBK0001763,TXN00006338,VALID,USR58810,MCH7667,2026-02-14 00:00:00,DATE_ONLY,2026-02-24 19:50:25,VALID,2026-02-24 00:00:00,DATE_ONLY,1656.18,VALID,SERVICE_NOT_PROVIDED,User reports money deducted but merchant denies receiving payment.,OPEN,LOW,CHATBOT
CBK0000167,TXN00012360,VALID,USR86156,MCH2438,2026-01-02 00:00:00,DATE_ONLY,2026-02-05 00:00:00,DATE_ONLY,2026-02-14 00:00:00,DATE_ONLY,-5341.0,NEGATIVE,GENERAL_COMPLAINT,User reports money deducted but merchant denies receiving payment.,CLOSED,LOW,BRANCH
CBK0000505,TXN00000437,VALID,USR87914,MCH3324,2026-03-06 00:00:00,DATE_ONLY,2026-09-03 05:21:00,VALID,2026-03-30 00:00:00,DATE_ONLY,3962.0,VALID,DUPLICATE_DEBIT,User reports money deducted but merchant denies receiving payment.,IN_PROGRESS,LOW,IVR
CBK0001168,TXN00005941,VALID,USR56021,MCH1185,2026-03-06 00:00:00,DATE_ONLY,2026-03-22 14:23:38,VALID,2026-03-29 00:00:00,DATE_ONLY,8630.24,VALID,WRONG_AMOUNT,Suspicious high-value payment disputed by customer.,IN_PROGRESS,HIGH,EMAIL
CBK0000796,TXN00007069,VALID,USR87558,MCH3466,2026-02-19 07:25:50,VALID,2026-02-14 07:25:50,VALID,2026-02-22 00:00:00,DATE_ONLY,5834.0,VALID,UNAUTHORIZED_TRANSACTION,Merchant service was not delivered after payment.,RESOLVED,MEDIUM,CHATBOT
CBK0001930,TXN00000462,VALID,USR44849,MCH6811,2026-07-01 17:21:00,VALID,2026-01-10 00:21:21,VALID,2026-01-17 00:00:00,DATE_ONLY,9759.54,VALID,GENERAL_COMPLAINT,Suspicious high-value payment disputed by customer.,IN_PROGRESS,LOW,IVR
CBK0001622,TXN00003616,VALID,USR88037,MCH2915,2026-01-09 00:00:00,DATE_ONLY,2026-09-01 00:00:00,DATE_ONLY,,MISSING,5374.95,VALID,UNAUTHORIZED_TRANSACTION,Customer says amount was debited twice.,RESOLVED,LOW,CALL_CENTER
CBK0000943,TXN00005379,VALID,USR79175,MCH8672,2026-03-13 00:00:00,DATE_ONLY,2026-03-20 00:00:00,DATE_ONLY,2026-04-18 00:00:00,DATE_ONLY,318.82,VALID,UNAUTHORIZED_TRANSACTION,Customer says amount was debited twice. na,RESOLVED,HIGH,BRANCH
CBK0000107,TXN00017349,VALID,USR51854,MCH2065,2026-03-14 00:00:00,DATE_ONLY,2026-03-15 15:43:00,VALID,2026-03-25 00:00:00,DATE_ONLY,1441.68,VALID,SERVICE_NOT_PROVIDED,Customer complaint text unclear due to poor call center notes.,CLOSED,MEDIUM,APP
CBK0001418,TXN00017042,VALID,USR71503,MCH7873,2026-01-14 00:00:00,DATE_ONLY,2026-01-22 12:51:19,VALID,,MISSING,1707.0,VALID,SERVICE_NOT_PROVIDED,User claims account was compromised before transaction.,RESOLVED,LOW,CHATBOT
CBK0002054,TXN00014488,VALID,USR98293,MCH4980,2026-01-29 03:41:00,VALID,2026-02-01 02:41:16,VALID,2026-03-02 02:41:00,VALID,7101.31,VALID,SERVICE_NOT_PROVIDED,Complaint received after multiple failed attempts.,CLOSED,MEDIUM,EMAIL
CBK0000827,TXN00014268,VALID,USR35403,MCH2320,2026-03-26 19:49:23,VALID,2026-03-29 00:00:00,DATE_ONLY,,MISSING,1797.0,VALID,SERVICE_NOT_PROVIDED,User says upi pin was not entered by them. pls check asap,OPEN,MEDIUM,CHATBOT
CBK0000915,TXN00012512,VALID,USR69408,MCH6683,2026-03-16 00:00:00,DATE_ONLY,2026-03-18 00:00:00,DATE_ONLY,,MISSING,3164.0,VALID,DUPLICATE_DEBIT,Merchant service was not delivered after payment.,REJECTED,MEDIUM,EMAIL
CBK0000780,TXN00003784,VALID,USR91599,MCH2065,2026-03-28 17:20:00,VALID,,MISSING,2026-04-12 23:20:37,VALID,3118.57,VALID,UNAUTHORIZED_TRANSACTION,Customer says transaction was not authorized.,IN_PROGRESS,HIGH,CHATBOT
CBK0000261,TXN00003908,VALID,USR92765,MCH6368,2026-02-20 00:00:00,DATE_ONLY,2026-02-26 00:00:00,DATE_ONLY,2026-06-03 00:00:00,DATE_ONLY,6597.26,VALID,UNAUTHORIZED_TRANSACTION,Customer says amount was debited twice.,IN_PROGRESS,CRITICAL,IVR
CBK0000831,TXN00013412,VALID,USR57382,MCH1320,,MISSING,2026-01-21 00:00:00,DATE_ONLY,2026-02-08 00:00:00,DATE_ONLY,90.88,VALID,SERVICE_NOT_PROVIDED,User says upi pin was not entered by them.,REJECTED,LOW,CHATBOT
CBK0001025,TXN00015661,VALID,USR47242,MCH1664,2026-01-20 00:00:00,DATE_ONLY,2026-01-23 11:54:20,VALID,2026-06-02 00:00:00,DATE_ONLY,1840.53,VALID,DUPLICATE_DEBIT,User reports money deducted but merchant denies receiving payment.,OPEN,HIGH,CHATBOT
CBK0002512,,MISSING,USR17699,MCH1556,2026-03-17 01:32:53,VALID,2026-03-17 00:00:00,DATE_ONLY,2026-04-14 06:32:00,VALID,,UNPARSEABLE/NULL,SERVICE_NOT_PROVIDED,Payment made to unknown merchant as per cust statement.,RESOLVED,HIGH,BRANCH
CBK0000112,TXN00002800,VALID,USR33650,MCH4226,2026-01-02 00:00:00,DATE_ONLY,2026-05-01 00:00:00,DATE_ONLY,2026-01-15 09:02:47,VALID,9291.46,VALID,SERVICE_NOT_PROVIDED,User claims account was compromised before transaction. urgent,REJECTED,LOW,EMAIL
CBK0002603,TXN00009920,VALID,USR72778,MCH3738,2026-02-25 00:00:00,DATE_ONLY,2026-03-07 00:00:00,DATE_ONLY,2026-03-09 18:15:06,VALID,1507.51,VALID,UNAUTHORIZED_TRANSACTION,Customer complaint text unclear due to poor call center notes.,PENDING_BANK,LOW,IVR
CBK0000516,TXN00018193,VALID,USR63557,MCH3988,2026-01-24 00:00:00,DATE_ONLY,2026-01-27 00:00:00,DATE_ONLY,2026-02-25 00:00:00,DATE_ONLY,-1923.55,NEGATIVE,SERVICE_NOT_PROVIDED,Customer says transaction was not authorized.,REJECTED,LOW,APP
CBK0000005,TXN00018300,VALID,USR55340,MCH6657,2026-03-23 18:36:28,VALID,2026-05-07 00:00:00,DATE_ONLY,2026-05-18 00:00:00,DATE_ONLY,3125.63,VALID,UNAUTHORIZED_TRANSACTION,Customer complaint text unclear due to poor call center notes.,IN_PROGRESS,LOW,BRANCH
CBK0001054,TXN00003450,VALID,USR95613,MCH4039,2026-03-17 00:00:00,DATE_ONLY,2026-03-19 19:19:00,VALID,,MISSING,-4925.7,NEGATIVE,SERVICE_NOT_PROVIDED,Payment made to unknown merchant as per customer statement. details missing,PENDING_BANK,HIGH,IVR
CBK0001344,TXN00018359,VALID,USR13263,MCH6933,2026-03-20 00:00:00,DATE_ONLY,,MISSING,2026-04-14 15:20:52,VALID,333.0,VALID,DUPLICATE_DEBIT,Customer says transaction was not authorized.,IN_PROGRESS,LOW,CHATBOT
CBK0002380,TXN00007622,VALID,USR55947,MCH7385,2026-03-30 00:00:00,DATE_ONLY,2026-04-02 00:00:00,DATE_ONLY,,MISSING,475.05,VALID,UNAUTHORIZED_TRANSACTION,Payment made to unknown merchant as per customer statement.,OPEN,MEDIUM,APP
CBK0000608,,MISSING,USR89430,MCH6891,2026-03-03 00:00:00,DATE_ONLY,2026-03-05 00:00:00,DATE_ONLY,,MISSING,947.39,VALID,SERVICE_NOT_PROVIDED,Customer complaint text unclear due to poor call center notes.,REJECTED,LOW,APP
CBK0001080,TXN00014582,VALID,USR75735,MCH7856,2026-03-29 00:00:00,DATE_ONLY,2026-04-02 00:00:00,DATE_ONLY,2026-04-11 00:00:00,DATE_ONLY,,UNPARSEABLE/NULL,UNAUTHORIZED_TRANSACTION,User claims account was compromised before transaction.,IN_PROGRESS,HIGH,APP
CBK0000624,TXN00000969,VALID,USR81017,MCH1148,2026-03-19 07:40:40,VALID,2026-04-19 00:00:00,DATE_ONLY,2026-05-07 00:00:00,DATE_ONLY,6622.0,VALID,GENERAL_COMPLAINT,Customer says amount was debited twice.,IN_PROGRESS,MEDIUM,CHATBOT
CBK0002760,TXN00016683,VALID,USR85320,MCH2780,2026-03-29 01:37:33,VALID,2026-03-31 00:00:00,DATE_ONLY,,MISSING,8248.74,VALID,GENERAL_COMPLAINT,User claims account was compromised before transaction.,CLOSED,MEDIUM,CHATBOT
CBK0002387,TXN00004951,VALID,USR76131,MCH1332,2026-03-08 07:51:04,VALID,2026-09-03 21:51:00,VALID,2026-11-03 00:00:00,DATE_ONLY,2386.57,VALID,UNAUTHORIZED_TRANSACTION,Customer says amount was debited twice.,IN_PROGRESS,HIGH,CALL_CENTER
CBK0000964,TXN00002933,VALID,USR15536,MCH3177,,MISSING,2026-01-27 00:00:00,DATE_ONLY,2026-02-15 00:00:00,DATE_ONLY,1870.77,VALID,UNAUTHORIZED_TRANSACTION,User says upi pin was not entered by them.,RESOLVED,MEDIUM,BRANCH
CBK0000137,TXN00005904,VALID,USR86701,MCH6915,2026-03-31 22:33:00,VALID,2026-03-31 00:00:00,DATE_ONLY,,MISSING,-953.16,NEGATIVE,WRONG_AMOUNT,User claims account was compromised before txn.,OPEN,HIGH,CHATBOT
CBK0000230,TXN00008604,VALID,USR33056,MCH2822,2026-02-21 03:47:49,VALID,2026-02-24 00:00:00,DATE_ONLY,2026-03-16 00:00:00,DATE_ONLY,-1527.8,NEGATIVE,UNAUTHORIZED_TRANSACTION,Customer complaint text unclear due to poor call center notes.,PENDING_BANK,HIGH,CHATBOT
CBK0000451,TXN00007457,VALID,USR71070,MCH9291,2026-10-01 08:18:00,VALID,2026-09-02 13:18:00,VALID,2026-03-11 00:00:00,DATE_ONLY,838.9,VALID,GENERAL_COMPLAINT,Customer says transaction was not authorized.,IN_PROGRESS,MEDIUM,CHATBOT
CBK0002674,TXN00007519,VALID,USR53527,MCH8779,2026-03-03 00:00:00,DATE_ONLY,2026-03-06 00:00:00,DATE_ONLY,2026-03-06 00:00:00,DATE_ONLY,2490.54,VALID,SERVICE_NOT_PROVIDED,User claims account was compromised before transaction.,REJECTED,LOW,IVR
CBK0002748,TXN00006778,VALID,USR65191,MCH1320,2026-03-22 00:00:00,DATE_ONLY,2026-04-02 00:00:00,DATE_ONLY,2026-04-05 00:00:00,DATE_ONLY,1282.1,VALID,SERVICE_NOT_PROVIDED,Complaint received after multiple failed attempts.,RESOLVED,MEDIUM,CHATBOT
CBK0002175,TXN00003542,VALID,USR95702,MCH6520,2026-03-18 00:00:00,DATE_ONLY,2026-03-20 20:30:00,VALID,2026-03-22 20:30:52,VALID,1085.0,VALID,UNAUTHORIZED_TRANSACTION,Customer says transaction was not authorized.,CLOSED,LOW,CHATBOT
CBK0001676,TXN00013539,VALID,USR90288,MCH8203,2026-02-09 10:20:56,VALID,2026-02-24 00:00:00,DATE_ONLY,,MISSING,1619.34,VALID,SERVICE_NOT_PROVIDED,Complaint received after multiple failed attempts.,REJECTED,MEDIUM,APP
CBK0000753,TXN00011998,VALID,USR26558,MCH3100,2026-01-24 05:54:36,VALID,2026-02-09 00:00:00,DATE_ONLY,2026-02-17 03:54:36,VALID,-1184.71,NEGATIVE,GENERAL_COMPLAINT,Merchant service was not delivered after payment.,REJECTED,LOW,IVR
CBK0000690,TXN00016173,VALID,USR76780,MCH1506,2026-03-20 00:00:00,DATE_ONLY,,MISSING,,MISSING,8263.92,VALID,GENERAL_COMPLAINT,User claims account was compromised before transaction.,REJECTED,LOW,CHATBOT
CBK0001492,TXN00008497,VALID,USR96797,MCH9634,2026-02-18 00:00:00,DATE_ONLY,2026-02-20 00:00:00,DATE_ONLY,,MISSING,316.81,VALID,DUPLICATE_DEBIT,Merchant service was not delivered after payment.,CLOSED,LOW,APP
CBK0001022,TXN00016644,VALID,USR60881,MCH7777,2026-01-21 00:00:00,DATE_ONLY,2026-01-26 00:00:00,DATE_ONLY,2026-01-27 00:00:00,DATE_ONLY,898.0,VALID,UNAUTHORIZED_TRANSACTION,Customer says amount was debited twice.,RESOLVED,HIGH,CHATBOT
CBK0000930,TXN00014399,VALID,USR39029,MCH4790,2026-04-03 14:44:00,VALID,2026-06-03 00:00:00,DATE_ONLY,2026-03-27 15:44:00,VALID,388.39,VALID,SERVICE_NOT_PROVIDED,Customer says transaction was not authorized.,IN_PROGRESS,MEDIUM,APP
CBK0002331,TXN00009831,VALID,USR80038,MCH3995,2026-01-08 00:00:00,DATE_ONLY,2026-01-09 00:00:00,DATE_ONLY,2026-02-03 00:00:00,DATE_ONLY,2727.04,VALID,UNAUTHORIZED_TRANSACTION,Merchant service was not delivered after payment.,IN_PROGRESS,MEDIUM,APP
CBK0002057,TXN00004888,VALID,USR31743,MCH9344,2026-03-31 00:00:00,DATE_ONLY,2026-04-01 00:00:00,DATE_ONLY,2026-04-28 00:00:00,DATE_ONLY,1625.15,VALID,SERVICE_NOT_PROVIDED,Merchant service was not delivered after payment.,PENDING_BANK,CRITICAL,CALL_CENTER
CBK0001465,TXN00004507,VALID,USR77990,MCH9291,2026-01-21 00:00:00,DATE_ONLY,2026-01-21 00:00:00,DATE_ONLY,,MISSING,2320.0,VALID,SERVICE_NOT_PROVIDED,Merchant service was not delivered after payment.,OPEN,MEDIUM,BRANCH
CBK0000658,TXN00005761,VALID,USR70617,MCH5954,2026-10-03 21:34:00,VALID,2026-03-18 06:34:15,VALID,2026-03-18 06:34:15,VALID,3582.63,VALID,SERVICE_NOT_PROVIDED,User claims account was compromised before transaction.,OPEN,LOW,IVR
CBK0000712,TXN00007650,VALID,USR28000,MCH5690,2026-03-23 00:00:00,DATE_ONLY,2026-03-25 00:00:00,DATE_ONLY,2026-04-06 00:03:10,VALID,316.55,VALID,SERVICE_NOT_PROVIDED,User reports money deducted but merchant denies receiving payment.,REJECTED,HIGH,CHATBOT
CBK0001067,TXN00000175,VALID,USR32382,MCH4962,2026-02-23 00:00:00,DATE_ONLY,2026-03-10 00:00:00,DATE_ONLY,2026-04-07 00:00:00,DATE_ONLY,1092.58,VALID,WRONG_AMOUNT,Merchant service was not delivered after payment.,RESOLVED,HIGH,IVR
CBK0001242,TXN00014086,VALID,USR37902,MCH3159,2026-03-29 00:00:00,DATE_ONLY,2026-04-01 00:00:00,DATE_ONLY,2026-04-25 00:00:00,DATE_ONLY,3184.9,VALID,DUPLICATE_DEBIT,Complaint received after multiple failed attempts.,REJECTED,MEDIUM,EMAIL
CBK0000156,TXN00018659,VALID,USR96218,MCH5609,2026-02-15 00:00:00,DATE_ONLY,2026-02-21 00:00:00,DATE_ONLY,2026-03-05 09:55:18,VALID,4959.68,VALID,DUPLICATE_DEBIT,Payment made to unknown merchant as per customer statement. details missing,RESOLVED,CRITICAL,BRANCH
CBK0002682,TXN00000762,VALID,USR34180,MCH9565,,MISSING,2026-02-21 00:00:00,DATE_ONLY,,MISSING,1083.4,VALID,DUPLICATE_DEBIT,Payment made to unknown merchant as per customer statement.,RESOLVED,HIGH,IVR
CBK0001336,TXN00004804,VALID,USR40908,MCH2509,2026-01-06 06:55:18,VALID,2026-01-08 00:00:00,DATE_ONLY,2026-01-14 01:55:18,VALID,12097.84,VALID,UNAUTHORIZED_TRANSACTION,Merchant service was not delivered after payment.,CLOSED,HIGH,CHATBOT
CBK0002092,TXN00011140,VALID,USR70317,MCH3807,2026-01-19 00:00:00,DATE_ONLY,2026-01-19 00:00:00,DATE_ONLY,,MISSING,1790.94,VALID,SERVICE_NOT_PROVIDED,User claims account was compromised before transaction.,PENDING_BANK,MEDIUM,APP
CBK0001282,TXN00032415,VALID,USR99611,MCH2266,2026-02-23 00:00:00,DATE_ONLY,2026-02-24 00:00:00,DATE_ONLY,2026-03-07 00:00:00,DATE_ONLY,23005.71,VALID,SERVICE_NOT_PROVIDED,User says upi pin was not entered by them.,REJECTED,MEDIUM,CHATBOT
CBK0000168,TXN00010651,VALID,USR97772,MCH4642,2026-01-19 00:00:00,DATE_ONLY,2026-02-03 00:00:00,DATE_ONLY,2026-03-03 13:11:35,VALID,,UNPARSEABLE/NULL,UNAUTHORIZED_TRANSACTION,Suspicious high-value payment disputed by customer.,PENDING_BANK,HIGH,CHATBOT
CBK0001926,TXN00019983,VALID,USR24168,MCH3909,2026-03-16 23:25:39,VALID,2026-01-04 00:00:00,DATE_ONLY,2026-01-05 00:00:00,DATE_ONLY,8084.93,VALID,DUPLICATE_DEBIT,User says upi pin was not entered by them.,REJECTED,HIGH,BRANCH
CBK0002727,TXN00004731,VALID,USR24341,MCH1965,2026-03-20 00:00:00,DATE_ONLY,2026-03-21 00:00:00,DATE_ONLY,2026-03-25 00:00:00,DATE_ONLY,1385.0,VALID,UNAUTHORIZED_TRANSACTION,Customer says amount was debited twice.,REJECTED,HIGH,EMAIL
CBK0000532,TXN00006252,VALID,USR15564,MCH6116,2026-01-21 15:31:58,VALID,2026-01-22 00:00:00,DATE_ONLY,,MISSING,408.0,VALID,WRONG_AMOUNT,Merchant service was not delivered after payment.,IN_PROGRESS,HIGH,BRANCH
CBK0001089,TXN00006872,VALID,USR78604,MCH7810,2026-05-01 00:00:00,DATE_ONLY,2026-01-21 00:00:00,DATE_ONLY,2026-01-21 00:00:00,DATE_ONLY,,UNPARSEABLE/NULL,SERVICE_NOT_PROVIDED,Payment made to unknown merchant as per customer statement.,IN_PROGRESS,LOW,IVR
CBK0000635,TXN00003242,VALID,USR34180,MCH2159,2026-03-22 00:00:00,DATE_ONLY,,MISSING,,MISSING,1561.56,VALID,WRONG_AMOUNT,Suspicious high-value payment disputed by customer.,CLOSED,LOW,BRANCH
CBK0000650,TXN00004880,VALID,USR34311,MCH2209,2026-02-21 00:00:00,DATE_ONLY,2026-02-23 00:00:00,DATE_ONLY,,MISSING,-512.66,NEGATIVE,UNAUTHORIZED_TRANSACTION,Customer complaint text unclear due to poor call center notes.,REJECTED,CRITICAL,BRANCH
CBK0001889,TXN00013593,VALID,USR10480,MCH7251,2026-01-29 11:28:25,VALID,2026-02-01 00:00:00,DATE_ONLY,2026-01-02 00:28:00,VALID,792.99,VALID,UNAUTHORIZED_TRANSACTION,User reports money deducted but merchant denies receiving payment. pls check asap,OPEN,MEDIUM,IVR
CBK0002662,TXN00001805,VALID,USR29306,MCH5624,2026-01-20 00:00:00,DATE_ONLY,2026-01-21 00:00:00,DATE_ONLY,2026-02-18 00:00:00,DATE_ONLY,692.55,VALID,GENERAL_COMPLAINT,Suspicious high-value payment disputed by customer.,REJECTED,MEDIUM,CHATBOT
CBK0000123,TXN00016267,VALID,USR85507,MCH6810,2026-02-05 00:00:00,DATE_ONLY,2026-07-03 00:00:00,DATE_ONLY,,MISSING,1756.0,VALID,UNAUTHORIZED_TRANSACTION,User claims account was compromised before transaction.,RESOLVED,HIGH,BRANCH
CBK0000629,TXN00003543,VALID,USR61351,MCH4181,2026-01-15 11:05:00,VALID,2026-01-19 08:05:34,VALID,2026-09-02 08:05:00,VALID,15742.98,VALID,DUPLICATE_DEBIT,User claims account was compromised before transaction.,RESOLVED,LOW,CHATBOT
CBK0001701,TXN00006191,VALID,USR79175,MCH8752,2026-02-25 00:00:00,DATE_ONLY,2026-02-26 19:14:05,VALID,2026-03-01 00:00:00,DATE_ONLY,426.17,VALID,GENERAL_COMPLAINT,Customer says amount was debited twice. pls check asap,PENDING_BANK,LOW,CALL_CENTER
CBK0001491,TXN00017193,VALID,USR16478,MCH4709,2026-03-31 00:00:00,DATE_ONLY,2026-04-03 00:00:00,DATE_ONLY,2026-04-27 00:00:00,DATE_ONLY,2406.17,VALID,UNAUTHORIZED_TRANSACTION,Payment made to unknown merchant as per customer statement.,IN_PROGRESS,MEDIUM,IVR
CBK0002256,TXN00009782,VALID,USR19885,MCH8154,2026-03-17 00:00:00,DATE_ONLY,2026-03-22 00:00:00,DATE_ONLY,2026-04-21 00:00:00,DATE_ONLY,6347.69,VALID,UNAUTHORIZED_TRANSACTION,Merchant service was not delivered after payment. na,IN_PROGRESS,HIGH,IVR
CBK0000187,TXN00008581,VALID,USR85112,MCH9415,2026-02-25 00:00:00,DATE_ONLY,2026-02-28 07:16:11,VALID,,MISSING,-562.07,NEGATIVE,GENERAL_COMPLAINT,Payment made to unknown merchant as per customer statement.,IN_PROGRESS,MEDIUM,IVR
CBK0001359,TXN00003338,VALID,USR91595,MCH3957,2026-02-16 15:19:43,VALID,2026-02-18 08:19:43,VALID,,MISSING,8032.32,VALID,UNAUTHORIZED_TRANSACTION,Payment made to unknown merchant as per customer statement.,IN_PROGRESS,MEDIUM,IVR
CBK0002132,TXN00011912,VALID,USR73010,MCH4590,,MISSING,2026-03-29 00:00:00,DATE_ONLY,2026-04-28 00:00:00,DATE_ONLY,2559.27,VALID,UNAUTHORIZED_TRANSACTION,User claims account was compromised before transaction.,CLOSED,LOW,CALL_CENTER
CBK0001583,TXN00015176,VALID,USR41858,MCH3750,2026-03-19 00:00:00,DATE_ONLY,,MISSING,2026-03-04 11:07:00,VALID,519.74,VALID,UNAUTHORIZED_TRANSACTION,Customer says amount was debited twice.,IN_PROGRESS,CRITICAL,EMAIL
CBK0001503,TXN00007523,VALID,USR30103,MCH7139,2026-02-14 10:06:00,VALID,2026-02-20 00:00:00,DATE_ONLY,2026-12-03 09:06:00,VALID,2702.06,VALID,SERVICE_NOT_PROVIDED,Merchant service was not delivered after payment.,RESOLVED,MEDIUM,APP
CBK0000859,TXN00018489,VALID,USR33856,MCH5110,2026-02-10 23:21:44,VALID,2026-02-14 19:21:00,VALID,,MISSING,267.92,VALID,UNAUTHORIZED_TRANSACTION,User claims account was compromised before transaction. na,RESOLVED,HIGH,EMAIL
CBK0002080,TXN00006502,VALID,USR17290,MCH6230,2026-01-13 00:00:00,DATE_ONLY,2026-01-16 00:00:00,DATE_ONLY,,MISSING,-1120.78,NEGATIVE,WRONG_AMOUNT,Suspicious high-value payment disputed by cust.,OPEN,CRITICAL,CHATBOT
CBK0002570,TXN00001810,VALID,USR35882,MCH8953,2026-02-04 00:00:00,DATE_ONLY,2026-02-06 00:00:00,DATE_ONLY,2026-04-03 00:00:00,DATE_ONLY,6930.0,VALID,UNAUTHORIZED_TRANSACTION,Suspicious high-value payment disputed by cust.,REJECTED,LOW,CALL_CENTER
CBK0001989,TXN00003059,VALID,USR39665,MCH4473,2026-02-06 23:35:35,VALID,2026-08-02 00:00:00,DATE_ONLY,2026-02-15 00:00:00,DATE_ONLY,3807.73,VALID,SERVICE_NOT_PROVIDED,Customer says amount was debited twice.,RESOLVED,HIGH,IVR
CBK0000603,TXN00004425,VALID,USR95812,MCH6075,2026-02-27 02:24:00,VALID,2026-03-01 00:00:00,DATE_ONLY,2026-12-03 00:00:00,DATE_ONLY,1305.0,VALID,UNAUTHORIZED_TRANSACTION,Payment made to unknown merchant as per customer statement.,RESOLVED,HIGH,CHATBOT
CBK0000334,TXN00015310,VALID,USR19151,MCH8434,2026-03-07 11:51:47,VALID,2026-03-17 20:51:47,VALID,,MISSING,3904.6,VALID,SERVICE_NOT_PROVIDED,Suspicious high-value payment disputed by customer.,IN_PROGRESS,LOW,CHATBOT
CBK0001136,TXN00008134,VALID,USR44953,MCH2383,2026-05-02 00:00:00,DATE_ONLY,2026-02-07 13:04:31,VALID,2026-02-13 00:00:00,DATE_ONLY,388.91,VALID,UNAUTHORIZED_TRANSACTION,User reports money deducted but merchant denies receiving payment.,RESOLVED,MEDIUM,CHATBOT
CBK0000404,TXN00007870,VALID,USR76645,MCH7161,2026-01-28 00:00:00,DATE_ONLY,2026-02-05 18:07:51,VALID,2026-02-17 18:07:00,VALID,1860.61,VALID,DUPLICATE_DEBIT,User reports money deducted but merchant denies receiving payment.,IN_PROGRESS,HIGH,EMAIL
CBK0002404,TXN00001110,VALID,USR78155,MCH9798,2026-03-12 00:00:00,DATE_ONLY,2026-03-14 07:44:57,VALID,,MISSING,-1498.49,NEGATIVE,SERVICE_NOT_PROVIDED,Suspicious high-value payment disputed by customer.,OPEN,HIGH,APP
CBK0001323,TXN00006391,VALID,USR57255,MCH5076,2026-11-01 00:00:00,DATE_ONLY,2026-12-01 00:11:00,VALID,2026-01-15 00:00:00,DATE_ONLY,9215.86,VALID,UNAUTHORIZED_TRANSACTION,User says upi pin was not entered by them.,RESOLVED,MEDIUM,IVR
CBK0002176,,MISSING,USR69196,MCH8627,,MISSING,2026-01-14 00:00:00,DATE_ONLY,2026-01-14 12:57:00,VALID,1168.54,VALID,SERVICE_NOT_PROVIDED,Suspicious high-value payment disputed by cust.,CLOSED,HIGH,EMAIL
CBK0001840,TXN00009647,VALID,USR97772,MCH5655,2026-02-07 00:00:00,DATE_ONLY,2026-02-22 00:00:00,DATE_ONLY,2026-02-26 00:00:00,DATE_ONLY,878.05,VALID,DUPLICATE_DEBIT,Customer says amount was debited twice.,REJECTED,HIGH,BRANCH
CBK0001888,TXN00004061,VALID,USR77659,MCH4909,2026-02-10 00:00:00,DATE_ONLY,2026-12-03 18:31:00,VALID,2026-04-09 00:00:00,DATE_ONLY,2090.0,VALID,GENERAL_COMPLAINT,Customer says transaction was not authorized.,CLOSED,LOW,IVR
CBK0001647,TXN00094322,VALID,USR55487,MCH7879,2026-03-26 07:27:17,VALID,2026-03-29 00:00:00,DATE_ONLY,2026-03-31 00:00:00,DATE_ONLY,2530.5,VALID,SERVICE_NOT_PROVIDED,Customer says transaction was not authorized.,REJECTED,MEDIUM,EMAIL
CBK0002578,TXN00001675,VALID,USR84061,MCH6798,2026-03-31 00:00:00,DATE_ONLY,2026-03-04 11:48:00,VALID,,MISSING,994.02,VALID,SERVICE_NOT_PROVIDED,User reports money deducted but merchant denies receiving payment.,IN_PROGRESS,MEDIUM,IVR
CBK0001203,TXN00014456,VALID,USR61761,MCH8619,2026-02-20 00:00:00,DATE_ONLY,2026-02-28 02:46:45,VALID,2026-03-05 00:00:00,DATE_ONLY,14382.17,VALID,SERVICE_NOT_PROVIDED,Complaint received after multiple failed attempts.,IN_PROGRESS,LOW,IVR
CBK0000749,TXN00006304,VALID,USR30630,MCH3257,2026-01-09 00:00:00,DATE_ONLY,2026-02-23 00:00:00,DATE_ONLY,,MISSING,4194.32,VALID,GENERAL_COMPLAINT,Suspicious high-value payment disputed by customer.,IN_PROGRESS,CRITICAL,CHATBOT
CBK0001592,TXN00015183,VALID,USR24536,MCH2785,2026-02-07 00:00:00,DATE_ONLY,2026-02-09 14:27:41,VALID,2026-02-27 00:00:00,DATE_ONLY,4195.81,VALID,SERVICE_NOT_PROVIDED,Suspicious high-value payment disputed by customer.,RESOLVED,MEDIUM,EMAIL
CBK0002001,TXN00008475,VALID,USR51720,MCH2020,2026-03-03 13:24:10,VALID,2026-04-17 00:00:00,DATE_ONLY,,MISSING,877.69,VALID,GENERAL_COMPLAINT,User says upi pin was not entered by them.,CLOSED,MEDIUM,CALL_CENTER
CBK0002459,TXN00000155,VALID,USR35867,MCH6729,2026-03-08 00:00:00,DATE_ONLY,2026-03-11 02:18:17,VALID,2026-12-03 02:18:00,VALID,1535.06,VALID,UNAUTHORIZED_TRANSACTION,Merchant service was not delivered after payment.,PENDING_BANK,MEDIUM,CHATBOT
CBK0000417,TXN00009167,VALID,USR29544,MCH8956,2026-01-08 00:00:00,DATE_ONLY,2026-01-12 00:00:00,DATE_ONLY,,MISSING,239.91,VALID,DUPLICATE_DEBIT,Customer complaint text unclear due to poor call center notes.,OPEN,LOW,CHATBOT
CBK0002102,TXN00013496,VALID,USR24429,MCH1159,2026-02-21 00:00:00,DATE_ONLY,2026-02-23 03:39:00,VALID,2026-03-18 00:00:00,DATE_ONLY,3536.59,VALID,SERVICE_NOT_PROVIDED,Customer says amount was debited twice.,CLOSED,LOW,IVR
CBK0000348,TXN00003338,VALID,USR78803,MCH4683,2026-01-26 00:00:00,DATE_ONLY,2026-01-29 01:18:00,VALID,2026-02-22 01:18:55,VALID,,UNPARSEABLE/NULL,SERVICE_NOT_PROVIDED,Customer complaint text unclear due to poor call center notes. urgent,CLOSED,MEDIUM,CHATBOT
CBK0002729,TXN00000967,VALID,USR30147,MCH6792,2026-01-22 00:00:00,DATE_ONLY,2026-01-24 00:00:00,DATE_ONLY,2026-02-15 00:00:00,DATE_ONLY,1780.33,VALID,UNAUTHORIZED_TRANSACTION,Suspicious high-value payment disputed by customer.,OPEN,CRITICAL,CHATBOT
CBK0000196,TXN00005107,VALID,USR33769,MCH4914,2026-01-04 00:00:00,DATE_ONLY,2026-01-12 05:57:59,VALID,2026-01-23 00:00:00,DATE_ONLY,1023.0,VALID,SERVICE_NOT_PROVIDED,User claims account was compromised before transaction.,PENDING_BANK,MEDIUM,BRANCH
CBK0000173,TXN00013826,VALID,USR31453,MCH4581,2026-01-24 14:20:26,VALID,2026-01-28 04:20:00,VALID,,MISSING,-1245.39,NEGATIVE,GENERAL_COMPLAINT,User says upi pin was not entered by them.,CLOSED,LOW,BRANCH
CBK0000457,TXN00009823,VALID,USR84334,MCH7202,2026-01-27 16:44:22,VALID,2026-01-31 00:00:00,DATE_ONLY,2026-02-22 03:44:22,VALID,17825.75,VALID,UNAUTHORIZED_TRANSACTION,Merchant service was not delivered after payment.,CLOSED,LOW,CALL_CENTER
CBK0000398,TXN00005767,VALID,USR26707,MCH3494,2026-02-22 10:29:35,VALID,2026-02-24 00:00:00,DATE_ONLY,,MISSING,3275.35,VALID,UNAUTHORIZED_TRANSACTION,Merchant service was not delivered after payment.,CLOSED,LOW,CHATBOT
CBK0001164,TXN00001699,VALID,USR11287,MCH1963,2026-02-28 00:00:00,DATE_ONLY,,MISSING,,MISSING,1995.0,VALID,SERVICE_NOT_PROVIDED,User claims account was compromised before transaction.,CLOSED,LOW,IVR
CBK0000207,TXN00007495,VALID,USR47962,MCH4241,2026-12-02 16:45:00,VALID,2026-02-13 00:00:00,DATE_ONLY,,MISSING,1520.0,VALID,UNAUTHORIZED_TRANSACTION,Complaint received after multiple failed attempts.,OPEN,LOW,CHATBOT
CBK0002710,TXN00004746,VALID,USR68670,MCH1335,2026-03-19 00:00:00,DATE_ONLY,2026-03-22 00:00:00,DATE_ONLY,2026-03-26 00:00:00,DATE_ONLY,579.06,VALID,UNAUTHORIZED_TRANSACTION,Customer says transaction was not authorized.,PENDING_BANK,HIGH,BRANCH
CBK0001751,TXN00008083,VALID,USR63649,MCH3815,2026-01-05 00:00:00,DATE_ONLY,2026-11-01 00:00:00,DATE_ONLY,,MISSING,2354.56,VALID,GENERAL_COMPLAINT,User says upi pin was not entered by them. pls check asap,OPEN,HIGH,APP
CBK0001150,TXN00007644,VALID,USR73279,MCH8154,2026-02-01 00:00:00,DATE_ONLY,2026-04-02 00:00:00,DATE_ONLY,2026-02-19 16:53:00,VALID,1173.01,VALID,WRONG_AMOUNT,Suspicious high-value payment disputed by customer.,PENDING_BANK,MEDIUM,CALL_CENTER
CBK0001021,TXN00019145,VALID,USR95181,MCH9291,2026-01-03 00:00:00,DATE_ONLY,2026-04-16 00:00:00,DATE_ONLY,2026-05-10 00:00:00,DATE_ONLY,10111.0,VALID,DUPLICATE_DEBIT,User says upi pin was not entered by them. call dropped,OPEN,MEDIUM,BRANCH
CBK0000932,TXN00003371,VALID,USR26201,MCH2614,,MISSING,2026-03-26 00:00:00,DATE_ONLY,,MISSING,737.83,VALID,UNAUTHORIZED_TRANSACTION,Complaint received after multiple failed attempts.,PENDING_BANK,LOW,CALL_CENTER
CBK0001699,TXN00018943,VALID,USR65069,MCH1007,2026-01-27 11:40:00,VALID,2026-01-24 11:40:43,VALID,,MISSING,2326.89,VALID,SERVICE_NOT_PROVIDED,Payment made to unknown merchant as per customer statement.,CLOSED,LOW,APP
CBK0002373,TXN00018837,VALID,USR94106,MCH4774,2026-01-19 04:13:46,VALID,2026-01-18 04:13:00,VALID,2026-01-23 00:00:00,DATE_ONLY,1260.53,VALID,WRONG_AMOUNT,User says upi pin was not entered by them.,CLOSED,HIGH,CHATBOT
CBK0001046,TXN00007145,VALID,USR24536,MCH5712,2026-02-02 00:00:00,DATE_ONLY,2026-02-10 00:00:00,DATE_ONLY,2026-02-13 00:00:00,DATE_ONLY,5884.78,VALID,UNAUTHORIZED_TRANSACTION,User says upi pin was not entered by them.,OPEN,LOW,CHATBOT
CBK0002267,TXN00006416,VALID,USR70102,MCH2266,2026-02-25 00:00:00,DATE_ONLY,2026-01-03 00:00:00,DATE_ONLY,2026-03-13 05:44:47,VALID,4872.0,VALID,SERVICE_NOT_PROVIDED,User says upi pin was not entered by them.,REJECTED,MEDIUM,CHATBOT
CBK0001191,TXN00010675,VALID,USR42733,MCH1665,2026-01-23 19:46:20,VALID,2026-01-27 10:46:20,VALID,2026-02-07 00:00:00,DATE_ONLY,268.44,VALID,SERVICE_NOT_PROVIDED,Payment made to unknown merchant as per customer statement.,PENDING_BANK,MEDIUM,EMAIL
CBK0001431,TXN00007758,VALID,USR37892,MCH3288,2026-03-31 05:38:00,VALID,2026-04-03 00:00:00,DATE_ONLY,,MISSING,1550.0,VALID,UNAUTHORIZED_TRANSACTION,Customer complaint text unclear due to poor call center notes.,REJECTED,LOW,CHATBOT
CBK0000890,TXN00081593,VALID,USR53996,MCH6810,2026-01-30 00:00:00,DATE_ONLY,2026-02-01 01:35:11,VALID,2026-02-16 00:00:00,DATE_ONLY,5676.76,VALID,UNAUTHORIZED_TRANSACTION,Customer complaint text unclear due to poor call center notes.,REJECTED,MEDIUM,CHATBOT
CBK0000670,TXN00016465,VALID,USR33934,MCH8836,2026-01-08 00:00:00,DATE_ONLY,2026-11-01 14:41:00,VALID,2026-08-02 00:00:00,DATE_ONLY,1819.68,VALID,GENERAL_COMPLAINT,Merchant service was not delivered after payment.,CLOSED,HIGH,IVR
CBK0001602,TXN00000594,VALID,USR37916,MCH4233,2026-03-26 00:00:00,DATE_ONLY,2026-03-31 16:51:28,VALID,2026-04-22 00:00:00,DATE_ONLY,2315.48,VALID,SERVICE_NOT_PROVIDED,Customer complaint text unclear due to poor call center notes.,PENDING_BANK,MEDIUM,APP
CBK0000279,TXN00010238,VALID,USR46321,MCH7943,2026-02-23 00:00:00,DATE_ONLY,2026-02-28 00:00:00,DATE_ONLY,2026-03-19 13:37:00,VALID,581.0,VALID,GENERAL_COMPLAINT,Complaint received after multiple failed attempts.,PENDING_BANK,MEDIUM,EMAIL
CBK0001915,TXN00018105,VALID,USR32861,MCH3151,2026-03-24 21:23:09,VALID,2026-03-25 03:23:09,VALID,2026-04-15 00:00:00,DATE_ONLY,2703.6,VALID,SERVICE_NOT_PROVIDED,Merchant service was not delivered after payment.,RESOLVED,LOW,IVR
CBK0002444,TXN00009188,VALID,USR76636,MCH1089,2026-03-18 00:00:00,DATE_ONLY,2026-03-21 00:00:00,DATE_ONLY,,MISSING,542.9,VALID,WRONG_AMOUNT,Suspicious high-value payment disputed by customer.,RESOLVED,MEDIUM,CHATBOT
CBK0001274,TXN00004896,VALID,USR36343,MCH7286,2026-03-01 00:00:00,DATE_ONLY,2026-01-04 15:56:05,VALID,2026-02-01 15:56:05,VALID,1770.17,VALID,GENERAL_COMPLAINT,Complaint received after multiple failed attempts. na,IN_PROGRESS,LOW,CHATBOT
CBK0002397,TXN00012053,VALID,USR24199,MCH9610,2026-01-05 00:00:00,DATE_ONLY,2026-01-13 16:15:15,VALID,2026-01-19 16:15:15,VALID,1200.13,VALID,UNAUTHORIZED_TRANSACTION,Complaint received after multiple failed attempts.,RESOLVED,CRITICAL,APP
CBK0000086,TXN00005603,VALID,USR63109,MCH4810,2026-02-22 19:09:31,VALID,,MISSING,2026-03-22 11:09:31,VALID,2652.0,VALID,UNAUTHORIZED_TRANSACTION,Customer complaint text unclear due to poor call center notes.,IN_PROGRESS,MEDIUM,APP
CBK0002277,TXN00018308,VALID,USR67602,MCH2667,2026-03-08 00:00:00,DATE_ONLY,2026-03-11 15:45:04,VALID,2026-03-17 15:45:04,VALID,5058.0,VALID,SERVICE_NOT_PROVIDED,User reports money deducted but merchant denies receiving payment.,IN_PROGRESS,HIGH,BRANCH
CBK0000252,TXN00019048,VALID,USR59747,MCH4772,2026-08-01 00:00:00,DATE_ONLY,2026-01-14 00:00:00,DATE_ONLY,,MISSING,1913.71,VALID,DUPLICATE_DEBIT,User says upi pin was not entered by them.,CLOSED,HIGH,APP
CBK0001549,TXN00005488,VALID,USR93167,MCH5584,2026-01-30 17:57:10,VALID,2026-02-01 00:00:00,DATE_ONLY,2026-02-15 00:00:00,DATE_ONLY,8967.32,VALID,SERVICE_NOT_PROVIDED,User says upi pin was not entered by them.,RESOLVED,MEDIUM,BRANCH
CBK0001577,TXN00017992,VALID,USR54208,MCH5397,2026-11-03 11:07:00,VALID,2026-03-22 01:07:00,VALID,2026-03-26 01:07:00,VALID,1697.0,VALID,SERVICE_NOT_PROVIDED,Customer says transaction was not authorized.,REJECTED,LOW,APP
CBK0000373,TXN00004759,VALID,USR20337,MCH7924,2026-03-15 00:00:00,DATE_ONLY,2026-03-17 00:00:00,DATE_ONLY,2026-04-06 00:00:00,DATE_ONLY,1027.78,VALID,SERVICE_NOT_PROVIDED,Merchant service was not delivered after payment.,RESOLVED,LOW,CALL_CENTER
CBK0002679,,MISSING,USR57460,MCH6850,2026-02-27 00:00:00,DATE_ONLY,2026-03-05 00:00:00,DATE_ONLY,,MISSING,1271.0,VALID,WRONG_AMOUNT,User says upi pin was not entered by them.,REJECTED,HIGH,CHATBOT
CBK0001318,TXN00018753,VALID,USR85507,MCH8154,2026-03-24 02:53:33,VALID,2026-03-27 11:53:00,VALID,2026-04-17 00:00:00,DATE_ONLY,12010.0,VALID,DUPLICATE_DEBIT,Customer says amount was debited twice.,IN_PROGRESS,LOW,IVR
CBK0001208,TXN00012998,VALID,USR22898,MCH2079,2026-01-11 00:00:00,DATE_ONLY,2026-01-13 00:00:00,DATE_ONLY,2026-02-08 00:00:00,DATE_ONLY,1570.15,VALID,UNAUTHORIZED_TRANSACTION,Customer says amount was debited twice.,REJECTED,HIGH,BRANCH
CBK0001350,TXN00011858,VALID,USR37820,MCH2269,2026-02-09 00:00:00,DATE_ONLY,2026-02-11 00:00:00,DATE_ONLY,2026-02-25 21:28:08,VALID,2135.97,VALID,UNAUTHORIZED_TRANSACTION,User says upi pin was not entered by them.,REJECTED,LOW,BRANCH
CBK0001845,TXN00012951,VALID,USR39002,MCH4473,2026-04-03 14:44:00,VALID,2026-12-03 00:00:00,DATE_ONLY,2026-04-05 00:00:00,DATE_ONLY,2826.0,VALID,GENERAL_COMPLAINT,User reports money deducted but merchant denies receiving payment.,RESOLVED,LOW,EMAIL
CBK0002193,TXN00017969,VALID,USR83235,MCH2137,2026-03-29 15:46:42,VALID,2026-09-04 00:00:00,DATE_ONLY,,MISSING,2501.0,VALID,UNAUTHORIZED_TRANSACTION,Suspicious high-value payment disputed by customer.,OPEN,MEDIUM,APP
CBK0000773,TXN00045816,VALID,USR87981,MCH5252,2026-01-05 00:00:00,DATE_ONLY,2026-01-09 00:00:00,DATE_ONLY,2026-01-16 00:00:00,DATE_ONLY,2928.28,VALID,UNAUTHORIZED_TRANSACTION,Complaint received after multiple failed attempts.,CLOSED,HIGH,APP
CBK0002632,TXN00019581,VALID,USR34162,MCH8433,2026-03-25 10:24:30,VALID,2026-03-30 00:00:00,DATE_ONLY,,MISSING,1017.95,VALID,SERVICE_NOT_PROVIDED,Payment made to unknown merchant as per customer statement.,RESOLVED,LOW,CALL_CENTER
CBK0000242,,MISSING,USR53192,MCH9729,2026-02-13 09:46:00,VALID,2026-02-16 08:46:14,VALID,2026-04-03 00:00:00,DATE_ONLY,1995.28,VALID,DUPLICATE_DEBIT,Merchant service was not delivered after payment.,RESOLVED,MEDIUM,APP
CBK0001747,TXN00019644,VALID,USR88037,MCH1186,2026-02-04 00:00:00,DATE_ONLY,2026-02-03 00:00:00,DATE_ONLY,2026-02-26 00:00:00,DATE_ONLY,1335.62,VALID,SERVICE_NOT_PROVIDED,Complaint received after multiple failed attempts.,OPEN,LOW,CALL_CENTER
CBK0001423,TXN00013720,VALID,USR97580,MCH8999,2026-01-15 00:00:00,DATE_ONLY,,MISSING,2026-02-02 00:00:00,DATE_ONLY,4933.23,VALID,UNAUTHORIZED_TRANSACTION,Complaint received after multiple failed attempts.,PENDING_BANK,LOW,BRANCH
CBK0000968,TXN00014316,VALID,USR84719,MCH9295,2026-03-12 14:49:08,VALID,2026-03-16 06:49:08,VALID,2026-03-17 00:00:00,DATE_ONLY,1017.0,VALID,SERVICE_NOT_PROVIDED,Suspicious high-value payment disputed by customer.,OPEN,LOW,EMAIL
CBK0001372,TXN00001655,VALID,USR64263,MCH2054,2026-03-28 13:08:53,VALID,2026-07-04 00:00:00,DATE_ONLY,2026-04-16 00:00:00,DATE_ONLY,2589.0,VALID,UNAUTHORIZED_TRANSACTION,Customer complaint text unclear due to poor call center notes.,CLOSED,CRITICAL,EMAIL
CBK0000157,TXN00016322,VALID,USR89473,MCH2014,2026-02-26 00:00:00,DATE_ONLY,2026-02-28 00:37:00,VALID,2026-04-03 00:00:00,DATE_ONLY,1512.0,VALID,SERVICE_NOT_PROVIDED,User reports money deducted but merchant denies receiving payment.,RESOLVED,LOW,BRANCH
CBK0000605,TXN00000166,VALID,USR94647,MCH7247,2026-03-17 13:12:37,VALID,2026-03-22 00:00:00,DATE_ONLY,2026-03-28 00:00:00,DATE_ONLY,913.38,VALID,UNAUTHORIZED_TRANSACTION,User claims account was compromised before transaction.,RESOLVED,HIGH,APP
CBK0001856,TXN00050572,VALID,USR56512,MCH3100,2026-01-23 00:00:00,DATE_ONLY,2026-02-03 00:00:00,DATE_ONLY,2026-02-03 12:12:00,VALID,,UNPARSEABLE/NULL,DUPLICATE_DEBIT,Complaint received after multiple failed attempts.,IN_PROGRESS,CRITICAL,APP
CBK0002401,TXN00013900,VALID,USR24536,MCH1762,2026-01-23 04:34:00,VALID,2026-01-25 00:00:00,DATE_ONLY,,MISSING,1310.19,VALID,DUPLICATE_DEBIT,Merchant service was not delivered after payment.,IN_PROGRESS,MEDIUM,CHATBOT
CBK0002446,TXN00018937,VALID,USR49318,MCH5980,2026-03-01 00:00:00,DATE_ONLY,2026-01-14 00:00:00,DATE_ONLY,2026-01-23 06:00:00,VALID,1097.4,VALID,SERVICE_NOT_PROVIDED,User says upi pin was not entered by them.,CLOSED,CRITICAL,EMAIL
CBK0002667,TXN00016456,VALID,USR42556,MCH5029,2026-03-24 06:26:03,VALID,2026-03-26 00:00:00,DATE_ONLY,2026-04-09 00:00:00,DATE_ONLY,3977.66,VALID,WRONG_AMOUNT,Suspicious high-value payment disputed by customer.,PENDING_BANK,LOW,CHATBOT
CBK0002260,TXN00019490,VALID,USR34757,MCH1806,2026-01-04 16:21:04,VALID,2026-01-20 00:00:00,DATE_ONLY,2026-01-28 00:00:00,DATE_ONLY,1314.21,VALID,UNAUTHORIZED_TRANSACTION,Complaint received after multiple failed attempts.,REJECTED,CRITICAL,IVR
CBK0000002,TXN00016351,VALID,USR35605,MCH8953,2026-03-24 13:14:10,VALID,2026-03-31 15:14:10,VALID,2026-09-04 15:14:00,VALID,2366.0,VALID,UNAUTHORIZED_TRANSACTION,Complaint received after multiple failed attempts.,CLOSED,HIGH,IVR
CBK0001497,TXN00005059,VALID,USR56554,MCH6349,2026-02-06 00:00:00,DATE_ONLY,2026-02-08 20:39:40,VALID,2026-09-03 20:39:00,VALID,1316.81,VALID,SERVICE_NOT_PROVIDED,Customer says amount was debited twice.,RESOLVED,HIGH,APP
CBK0000017,TXN00006427,VALID,USR30994,MCH6488,2026-01-30 00:00:00,DATE_ONLY,,MISSING,2026-02-20 00:00:00,DATE_ONLY,3608.0,VALID,UNAUTHORIZED_TRANSACTION,Customer says transaction was not authorized.,PENDING_BANK,MEDIUM,CHATBOT
CBK0001986,TXN00005203,VALID,USR88037,MCH4181,2026-02-27 00:00:00,DATE_ONLY,2026-02-28 00:00:00,DATE_ONLY,2026-03-18 00:00:00,DATE_ONLY,2184.85,VALID,SERVICE_NOT_PROVIDED,Merchant service was not delivered after payment.,IN_PROGRESS,LOW,CHATBOT
CBK0000926,TXN00019409,VALID,USR27947,MCH3416,2026-02-18 00:00:00,DATE_ONLY,2026-02-19 00:00:00,DATE_ONLY,,MISSING,-756.59,NEGATIVE,DUPLICATE_DEBIT,Customer says transaction was not authorized.,IN_PROGRESS,MEDIUM,BRANCH
CBK0001679,TXN00007437,VALID,USR11987,MCH2576,2026-03-25 00:00:00,DATE_ONLY,2026-03-27 17:04:00,VALID,2026-04-21 00:00:00,DATE_ONLY,1171.85,VALID,UNAUTHORIZED_TRANSACTION,Customer says transaction was not authorized.,REJECTED,MEDIUM,IVR
CBK0002765,TXN00004590,VALID,USR58546,MCH8779,2026-01-28 23:01:00,VALID,2026-05-02 00:00:00,DATE_ONLY,,MISSING,799.39,VALID,UNAUTHORIZED_TRANSACTION,Suspicious high-value payment disputed by customer.,PENDING_BANK,HIGH,EMAIL
CBK0001436,TXN00011255,VALID,USR91425,MCH9243,2026-03-05 00:00:00,DATE_ONLY,2026-03-07 09:19:03,VALID,2026-03-30 09:19:03,VALID,3679.43,VALID,WRONG_AMOUNT,Suspicious high-value payment disputed by customer.,IN_PROGRESS,MEDIUM,CHATBOT
CBK0000994,TXN00004395,VALID,USR71348,MCH2469,2026-03-30 00:00:00,DATE_ONLY,2026-04-01 00:00:00,DATE_ONLY,,MISSING,9572.0,VALID,GENERAL_COMPLAINT,Customer complaint text unclear due to poor call center notes.,IN_PROGRESS,MEDIUM,CALL_CENTER
CBK0000734,TXN00006117,VALID,USR95049,MCH5383,2026-03-27 00:00:00,DATE_ONLY,2026-03-28 00:00:00,DATE_ONLY,2026-04-14 03:25:05,VALID,3964.0,VALID,SERVICE_NOT_PROVIDED,Customer complaint text unclear due to poor call center notes.,RESOLVED,HIGH,IVR
CBK0001683,TXN00009432,VALID,USR85334,MCH3739,2026-02-19 00:00:00,DATE_ONLY,2026-07-03 12:06:00,VALID,2026-04-05 12:06:35,VALID,-5973.59,NEGATIVE,GENERAL_COMPLAINT,Customer says transaction was not authorized.,IN_PROGRESS,HIGH,EMAIL
CBK0001407,TXN00033964,VALID,USR59562,MCH1241,2026-03-24 00:00:00,DATE_ONLY,2026-03-25 00:00:00,DATE_ONLY,2026-04-21 23:40:30,VALID,4254.9,VALID,UNAUTHORIZED_TRANSACTION,User claims account was compromised before transaction.,REJECTED,HIGH,CHATBOT
CBK0002320,TXN00000822,VALID,USR51203,MCH5846,2026-07-02 21:10:00,VALID,2026-02-10 00:00:00,DATE_ONLY,2026-12-02 20:10:00,VALID,966.31,VALID,GENERAL_COMPLAINT,User says upi pin was not entered by them.,PENDING_BANK,LOW,CHATBOT
CBK0000360,TXN00017688,VALID,USR19141,MCH3815,2026-02-08 00:00:00,DATE_ONLY,2026-11-02 00:00:00,DATE_ONLY,2026-03-03 12:52:41,VALID,433.23,VALID,UNAUTHORIZED_TRANSACTION,Customer complaint text unclear due to poor call center notes. details missing,RESOLVED,MEDIUM,APP
CBK0000559,TXN00010792,VALID,USR19290,MCH4895,2026-09-02 03:28:00,VALID,2026-02-17 00:00:00,DATE_ONLY,2026-03-12 00:00:00,DATE_ONLY,923.46,VALID,UNAUTHORIZED_TRANSACTION,User says upi pin was not entered by them.,IN_PROGRESS,LOW,CHATBOT
CBK0001627,TXN00003467,VALID,USR98075,MCH7306,2026-02-26 00:00:00,DATE_ONLY,2026-02-28 03:10:00,VALID,2026-03-27 03:10:55,VALID,1472.83,VALID,DUPLICATE_DEBIT,Payment made to unknown merchant as per customer statement.,REJECTED,MEDIUM,EMAIL
CBK0000602,TXN00015729,VALID,USR61700,MCH5980,2026-01-23 05:08:36,VALID,2026-02-02 00:00:00,DATE_ONLY,,MISSING,5873.9,VALID,DUPLICATE_DEBIT,Complaint received after multiple failed attempts.,REJECTED,HIGH,CHATBOT
CBK0002325,TXN00013806,VALID,USR41923,MCH2214,2026-02-16 05:48:00,VALID,2026-02-14 00:00:00,DATE_ONLY,2026-03-04 00:00:00,DATE_ONLY,6623.0,VALID,GENERAL_COMPLAINT,Merchant service was not delivered after payment.,IN_PROGRESS,LOW,IVR
CBK0001967,TXN00004164,VALID,USR14349,MCH4226,2026-01-22 12:01:00,VALID,2026-02-22 00:00:00,DATE_ONLY,2026-02-26 00:00:00,DATE_ONLY,3142.0,VALID,UNAUTHORIZED_TRANSACTION,Merchant service was not delivered after payment.,OPEN,MEDIUM,CALL_CENTER
CBK0001837,TXN00011621,VALID,USR98433,MCH5655,2026-02-22 00:00:00,DATE_ONLY,2026-02-24 20:31:03,VALID,2026-04-03 00:00:00,DATE_ONLY,,UNPARSEABLE/NULL,SERVICE_NOT_PROVIDED,User claims account was compromised before txn.,REJECTED,MEDIUM,BRANCH
CBK0001082,TXN00019971,VALID,USR97244,MCH7766,2026-04-03 09:53:00,VALID,2026-07-03 03:53:00,VALID,2026-04-01 03:53:01,VALID,8720.88,VALID,UNAUTHORIZED_TRANSACTION,Customer complaint text unclear due to poor call center notes.,CLOSED,LOW,BRANCH
CBK0000798,TXN00031469,VALID,USR47192,MCH2266,2026-01-01 00:00:00,DATE_ONLY,2026-01-03 00:40:11,VALID,2026-02-02 00:00:00,DATE_ONLY,2300.99,VALID,UNAUTHORIZED_TRANSACTION,Merchant service was not delivered after payment.,OPEN,CRITICAL,CALL_CENTER
CBK0000986,TXN00011647,VALID,USR82322,MCH8172,2026-01-03 08:39:07,VALID,2026-01-05 00:39:07,VALID,2026-01-22 00:00:00,DATE_ONLY,8725.14,VALID,GENERAL_COMPLAINT,Merchant service was not delivered after payment.,PENDING_BANK,HIGH,IVR
CBK0000966,TXN00008529,VALID,USR53527,MCH6984,2026-01-22 01:41:00,VALID,2026-01-23 15:41:54,VALID,,MISSING,3107.14,VALID,DUPLICATE_DEBIT,User claims account was compromised before transaction.,IN_PROGRESS,HIGH,CHATBOT
CBK0000058,TXN00007401,VALID,USR21162,MCH8369,2026-03-02 00:00:00,DATE_ONLY,,MISSING,,MISSING,-2284.5,NEGATIVE,SERVICE_NOT_PROVIDED,Suspicious high-value payment disputed by customer.,RESOLVED,HIGH,APP
CBK0000849,TXN00010509,VALID,USR32787,MCH1253,,MISSING,2026-02-18 00:00:00,DATE_ONLY,2026-03-13 09:31:00,VALID,1585.54,VALID,SERVICE_NOT_PROVIDED,User claims account was compromised before transaction.,IN_PROGRESS,HIGH,IVR
CBK0000979,TXN00015234,VALID,USR81644,MCH9875,2026-07-02 00:00:00,DATE_ONLY,2026-02-10 00:00:00,DATE_ONLY,2026-02-21 01:07:52,VALID,10354.45,VALID,SERVICE_NOT_PROVIDED,Customer complaint text unclear due to poor call center notes.,PENDING_BANK,HIGH,CHATBOT
CBK0001801,TXN00010702,VALID,USR66200,MCH2822,2026-11-03 00:00:00,DATE_ONLY,2026-03-15 00:00:00,DATE_ONLY,2026-03-27 08:07:00,VALID,3717.71,VALID,SERVICE_NOT_PROVIDED,Customer says amount was debited twice.,CLOSED,LOW,EMAIL
CBK0002075,TXN00015779,VALID,USR39080,MCH3355,2026-02-16 00:00:00,DATE_ONLY,2026-02-23 00:00:00,DATE_ONLY,,MISSING,1866.0,VALID,GENERAL_COMPLAINT,User claims account was compromised before transaction.,IN_PROGRESS,HIGH,IVR
CBK0001774,TXN00001371,VALID,USR61715,MCH1759,2026-01-23 19:30:54,VALID,2026-01-24 00:00:00,DATE_ONLY,2026-08-02 00:00:00,DATE_ONLY,1844.6,VALID,UNAUTHORIZED_TRANSACTION,Customer says transaction was not authorized.,REJECTED,LOW,APP
CBK0001800,,MISSING,USR60863,MCH2534,2026-02-26 00:00:00,DATE_ONLY,2026-02-28 00:00:00,DATE_ONLY,,MISSING,3882.6,VALID,UNAUTHORIZED_TRANSACTION,Complaint received after multiple failed attempts.,OPEN,MEDIUM,IVR
CBK0001759,TXN00006922,VALID,USR60939,MCH1721,2026-02-07 00:00:00,DATE_ONLY,2026-02-13 00:00:00,DATE_ONLY,2026-02-14 00:00:00,DATE_ONLY,1390.01,VALID,UNAUTHORIZED_TRANSACTION,Payment made to unknown merchant as per customer statement.,IN_PROGRESS,MEDIUM,IVR
CBK0000898,TXN00012927,VALID,USR52234,MCH5076,2026-03-11 00:00:00,DATE_ONLY,2026-03-22 00:00:00,DATE_ONLY,2026-10-04 06:37:00,VALID,10469.4,VALID,UNAUTHORIZED_TRANSACTION,Payment made to unknown merchant as per customer statement. call dropped,REJECTED,MEDIUM,CHATBOT
CBK0001925,TXN00006637,VALID,USR74775,MCH7644,2026-03-16 00:00:00,DATE_ONLY,2026-03-27 00:00:00,DATE_ONLY,2026-04-03 10:29:43,VALID,4001.0,VALID,SERVICE_NOT_PROVIDED,Customer complaint text unclear due to poor call center notes.,IN_PROGRESS,LOW,CALL_CENTER
CBK0000829,TXN00017462,VALID,USR94805,MCH5980,2026-03-18 00:00:00,DATE_ONLY,2026-03-05 00:00:00,DATE_ONLY,2026-05-29 09:24:00,VALID,,UNPARSEABLE/NULL,SERVICE_NOT_PROVIDED,Merchant service was not delivered after payment.,RESOLVED,LOW,CHATBOT
CBK0001166,TXN00043861,VALID,USR73010,MCH8793,2026-01-27 00:00:00,DATE_ONLY,2026-02-03 21:00:29,VALID,2026-02-20 00:00:00,DATE_ONLY,422.31,VALID,WRONG_AMOUNT,Payment made to unknown merchant as per cust statement.,OPEN,HIGH,IVR
CBK0000716,TXN00013326,VALID,USR62901,MCH1320,2026-04-01 00:00:00,DATE_ONLY,,MISSING,,MISSING,2161.57,VALID,DUPLICATE_DEBIT,Suspicious high-value payment disputed by customer. na,IN_PROGRESS,MEDIUM,CALL_CENTER
CBK0000541,TXN00009994,VALID,USR78285,MCH7286,,MISSING,2026-01-22 00:00:00,DATE_ONLY,2026-01-31 21:57:00,VALID,477.68,VALID,WRONG_AMOUNT,User claims account was compromised before transaction.,OPEN,MEDIUM,APP
CBK0001138,TXN00003160,VALID,USR93126,MCH7265,2026-02-24 06:39:10,VALID,2026-02-26 13:39:10,VALID,2026-03-28 13:39:00,VALID,1452.71,VALID,SERVICE_NOT_PROVIDED,Customer complaint text unclear due to poor call center notes.,IN_PROGRESS,CRITICAL,BRANCH
CBK0001040,TXN00011260,VALID,USR65545,MCH7882,2026-01-21 00:00:00,DATE_ONLY,,MISSING,,MISSING,292.66,VALID,UNAUTHORIZED_TRANSACTION,User claims account was compromised before transaction.,REJECTED,MEDIUM,BRANCH
CBK0002668,,MISSING,USR19568,MCH9291,2026-01-25 05:32:00,VALID,,MISSING,2026-02-16 06:32:00,VALID,4776.3,VALID,UNAUTHORIZED_TRANSACTION,Customer says amount was debited twice.,REJECTED,LOW,CHATBOT
CBK0001991,TXN00002169,VALID,USR33650,MCH7326,2026-01-21 18:37:36,VALID,2026-01-25 00:00:00,DATE_ONLY,2026-07-02 17:37:00,VALID,,UNPARSEABLE/NULL,SERVICE_NOT_PROVIDED,Complaint received after multiple failed attempts.,IN_PROGRESS,LOW,EMAIL
CBK0000163,TXN00000976,VALID,USR35447,MCH1441,2026-02-17 00:00:00,DATE_ONLY,2026-02-19 10:18:00,VALID,2026-02-23 00:00:00,DATE_ONLY,1181.91,VALID,GENERAL_COMPLAINT,Suspicious high-value payment disputed by customer.,REJECTED,MEDIUM,IVR
CBK0002278,TXN00014410,VALID,USR51041,MCH5836,2026-03-14 00:00:00,DATE_ONLY,2026-03-16 13:41:38,VALID,2026-04-13 13:41:38,VALID,2302.66,VALID,SERVICE_NOT_PROVIDED,Customer says amount was debited twice.,PENDING_BANK,MEDIUM,BRANCH
CBK0002205,TXN00013472,VALID,USR21566,MCH5972,2026-03-19 00:00:00,DATE_ONLY,2026-03-21 20:47:00,VALID,2026-04-09 20:47:43,VALID,4341.0,VALID,DUPLICATE_DEBIT,Customer says transaction was not authorized.,OPEN,LOW,IVR
CBK0001275,TXN00014522,VALID,USR11090,MCH8336,,MISSING,,MISSING,,MISSING,1098.78,VALID,UNAUTHORIZED_TRANSACTION,User reports money deducted but merchant denies receiving payment.,OPEN,LOW,IVR
CBK0002407,TXN00017251,VALID,USR56287,MCH8300,2026-02-03 00:00:00,DATE_ONLY,2026-02-06 17:58:56,VALID,2026-02-10 00:00:00,DATE_ONLY,6191.71,VALID,GENERAL_COMPLAINT,Payment made to unknown merchant as per customer statement.,CLOSED,MEDIUM,APP
CBK0000124,TXN00006207,VALID,USR61576,MCH7286,2026-02-12 00:00:00,DATE_ONLY,2026-02-28 00:00:00,DATE_ONLY,2026-03-15 00:00:00,DATE_ONLY,-5731.89,NEGATIVE,SERVICE_NOT_PROVIDED,Payment made to unknown merchant as per customer statement.,PENDING_BANK,LOW,BRANCH
CBK0000391,TXN00017871,VALID,USR51854,MCH2822,2026-02-28 00:00:00,DATE_ONLY,2026-01-03 00:00:00,DATE_ONLY,2026-03-15 00:00:00,DATE_ONLY,5375.87,VALID,UNAUTHORIZED_TRANSACTION,User claims account was compromised before transaction.,IN_PROGRESS,HIGH,CHATBOT
CBK0000856,TXN00000917,VALID,USR40538,MCH8624,2026-03-16 00:00:00,DATE_ONLY,2026-04-16 00:00:00,DATE_ONLY,,MISSING,2601.86,VALID,WRONG_AMOUNT,User says upi pin was not entered by them.,PENDING_BANK,LOW,APP
CBK0002377,TXN00019402,VALID,USR94040,MCH1653,2026-11-01 00:00:00,DATE_ONLY,2026-01-19 13:52:07,VALID,2026-01-23 00:00:00,DATE_ONLY,,UNPARSEABLE/NULL,GENERAL_COMPLAINT,Payment made to unknown merchant as per customer statement. pls check asap,PENDING_BANK,MEDIUM,BRANCH
CBK0000410,TXN00007326,VALID,USR30157,MCH1136,,MISSING,,MISSING,2026-03-17 15:14:18,VALID,185.0,VALID,GENERAL_COMPLAINT,User claims account was compromised before txn.,OPEN,MEDIUM,CHATBOT
CBK0001988,TXN00011416,VALID,USR93299,MCH5968,2026-02-02 00:00:00,DATE_ONLY,2026-03-05 00:00:00,DATE_ONLY,2026-03-20 02:07:56,VALID,648.02,VALID,SERVICE_NOT_PROVIDED,User reports money deducted but merchant denies receiving payment.,REJECTED,HIGH,APP
CBK0001939,TXN00006912,VALID,USR22979,MCH8217,,MISSING,,MISSING,2026-03-05 00:00:00,DATE_ONLY,1089.06,VALID,SERVICE_NOT_PROVIDED,Payment made to unknown merchant as per customer statement.,RESOLVED,LOW,CHATBOT
CBK0002735,TXN00012810,VALID,USR90720,MCH4590,2026-02-22 05:46:00,VALID,2026-02-24 00:00:00,DATE_ONLY,2026-03-17 00:00:00,DATE_ONLY,,UNPARSEABLE/NULL,UNAUTHORIZED_TRANSACTION,Customer says transaction was not authorized.,CLOSED,MEDIUM,CHATBOT
CBK0000084,TXN00012123,VALID,USR60939,MCH1438,2026-02-06 00:00:00,DATE_ONLY,2026-08-02 00:00:00,DATE_ONLY,2026-02-14 02:34:26,VALID,4232.74,VALID,UNAUTHORIZED_TRANSACTION,Complaint received after multiple failed attempts.,CLOSED,MEDIUM,BRANCH
CBK0001830,TXN00015594,VALID,USR19921,MCH6395,2026-03-12 00:00:00,DATE_ONLY,2026-03-16 00:00:00,DATE_ONLY,2026-04-02 00:00:00,DATE_ONLY,4964.2,VALID,DUPLICATE_DEBIT,Customer says amount was debited twice.,CLOSED,CRITICAL,CHATBOT
CBK0001367,TXN00014165,VALID,USR19110,MCH1811,2026-03-06 00:00:00,DATE_ONLY,2026-08-03 00:00:00,DATE_ONLY,2026-03-28 00:00:00,DATE_ONLY,,UNPARSEABLE/NULL,UNAUTHORIZED_TRANSACTION,User claims account was compromised before transaction.,OPEN,MEDIUM,CHATBOT
CBK0001999,TXN00013752,VALID,USR25196,MCH3129,2026-03-02 00:00:00,DATE_ONLY,2026-03-12 00:00:00,DATE_ONLY,2026-04-03 00:00:00,DATE_ONLY,1283.33,VALID,SERVICE_NOT_PROVIDED,Customer says amount was debited twice.,PENDING_BANK,HIGH,IVR
CBK0000656,TXN00015006,VALID,USR77915,MCH7174,2026-02-16 00:00:00,DATE_ONLY,2026-02-23 00:00:00,DATE_ONLY,,MISSING,3732.8,VALID,SERVICE_NOT_PROVIDED,User claims account was compromised before transaction.,OPEN,MEDIUM,IVR
CBK0000525,TXN00013646,VALID,USR86166,MCH9676,2026-03-17 01:18:47,VALID,2026-03-16 00:00:00,DATE_ONLY,2026-03-17 00:00:00,DATE_ONLY,5986.31,VALID,SERVICE_NOT_PROVIDED,User says upi pin was not entered by them.,IN_PROGRESS,LOW,CHATBOT
CBK0001024,TXN00012992,VALID,USR34053,MCH5076,2026-02-16 00:00:00,DATE_ONLY,2026-04-02 00:00:00,DATE_ONLY,2026-07-04 15:17:00,VALID,1617.78,VALID,UNAUTHORIZED_TRANSACTION,User reports money deducted but merchant denies receiving payment.,IN_PROGRESS,LOW,BRANCH
CBK0002067,TXN00011970,VALID,USR59147,MCH5954,2026-02-17 00:00:00,DATE_ONLY,2026-02-19 00:00:00,DATE_ONLY,,MISSING,164.3,VALID,SERVICE_NOT_PROVIDED,Customer says amount was debited twice.,RESOLVED,MEDIUM,EMAIL
CBK0001634,TXN00016754,VALID,USR77208,MCH6810,,MISSING,2026-02-19 12:19:39,VALID,2026-03-17 00:00:00,DATE_ONLY,2563.38,VALID,UNAUTHORIZED_TRANSACTION,Customer says transaction was not authorized.,CLOSED,LOW,CHATBOT
CBK0001993,TXN00017510,VALID,USR45520,MCH5954,2026-03-24 16:04:37,VALID,2026-04-04 08:04:37,VALID,2026-04-16 08:04:37,VALID,788.58,VALID,UNAUTHORIZED_TRANSACTION,Customer says transaction was not authorized.,CLOSED,HIGH,IVR
CBK0001032,TXN00015474,VALID,USR75327,MCH6425,2026-02-01 00:00:00,DATE_ONLY,2026-05-01 00:00:00,DATE_ONLY,,MISSING,879.08,VALID,SERVICE_NOT_PROVIDED,Customer complaint text unclear due to poor call center notes.,RESOLVED,MEDIUM,CHATBOT
CBK0001551,TXN00014584,VALID,USR72106,MCH5954,2026-01-17 00:00:00,DATE_ONLY,,MISSING,,MISSING,25463.16,VALID,UNAUTHORIZED_TRANSACTION,User reports money deducted but merchant denies receiving payment.,RESOLVED,MEDIUM,BRANCH
CBK0002236,TXN00017102,VALID,USR93581,MCH7162,2026-03-12 00:00:00,DATE_ONLY,2026-03-17 12:49:37,VALID,2026-03-27 00:00:00,DATE_ONLY,193.64,VALID,UNAUTHORIZED_TRANSACTION,Customer says amount was debited twice.,RESOLVED,MEDIUM,IVR
CBK0000509,TXN00004836,VALID,USR34955,MCH5954,2026-09-01 09:38:00,VALID,,MISSING,2026-01-30 03:38:00,VALID,3723.0,VALID,WRONG_AMOUNT,Customer says transaction was not authorized.,IN_PROGRESS,LOW,IVR
CBK0002785,TXN00013530,VALID,USR57016,MCH8577,2026-02-21 09:05:58,VALID,2026-02-26 00:00:00,DATE_ONLY,2026-03-04 19:05:58,VALID,1866.63,VALID,WRONG_AMOUNT,Merchant service was not delivered after payment.,OPEN,CRITICAL,CALL_CENTER
CBK0000823,TXN00002624,VALID,USR25108,MCH8679,2026-03-12 00:00:00,DATE_ONLY,2026-03-15 00:00:00,DATE_ONLY,2026-03-30 00:00:00,DATE_ONLY,1274.21,VALID,UNAUTHORIZED_TRANSACTION,User reports money deducted but merchant denies receiving payment.,CLOSED,MEDIUM,EMAIL
CBK0001010,TXN00006755,VALID,USR73752,MCH7461,2026-03-14 00:00:00,DATE_ONLY,2026-03-17 00:00:00,DATE_ONLY,2026-04-14 00:00:00,DATE_ONLY,-627.47,NEGATIVE,UNAUTHORIZED_TRANSACTION,User claims account was compromised before transaction. call dropped,PENDING_BANK,LOW,CHATBOT
CBK0000185,TXN00007154,VALID,USR85483,MCH4852,2026-01-29 00:00:00,DATE_ONLY,2026-05-02 00:00:00,DATE_ONLY,2026-10-02 15:57:00,VALID,2770.88,VALID,SERVICE_NOT_PROVIDED,Customer says amount was debited twice.,OPEN,LOW,CHATBOT
CBK0000715,TXN00007023,VALID,USR33914,MCH5238,2026-03-15 01:54:25,VALID,2026-03-16 00:00:00,DATE_ONLY,2026-04-11 14:54:25,VALID,463.5,VALID,GENERAL_COMPLAINT,Merchant service was not delivered after payment.,CLOSED,MEDIUM,EMAIL
CBK0002196,TXN00010149,VALID,USR88130,MCH8556,2026-02-28 00:00:00,DATE_ONLY,2026-03-30 00:00:00,DATE_ONLY,,MISSING,,UNPARSEABLE/NULL,UNAUTHORIZED_TRANSACTION,Customer says amount was debited twice.,IN_PROGRESS,CRITICAL,EMAIL
CBK0000820,TXN00054263,VALID,USR12102,MCH5265,2026-03-19 09:33:48,VALID,2026-03-21 11:33:48,VALID,2026-02-04 00:00:00,DATE_ONLY,824.86,VALID,WRONG_AMOUNT,User claims account was compromised before transaction.,REJECTED,HIGH,IVR
CBK0000765,TXN00007330,VALID,USR99392,MCH8540,2026-12-02 00:00:00,DATE_ONLY,2026-02-14 00:00:00,DATE_ONLY,2026-03-13 00:00:00,DATE_ONLY,2018.57,VALID,GENERAL_COMPLAINT,Customer complaint text unclear due to poor call center notes.,REJECTED,MEDIUM,CHATBOT
CBK0000540,TXN00007501,VALID,USR29824,MCH9199,,MISSING,,MISSING,2026-06-03 01:07:00,VALID,,UNPARSEABLE/NULL,SERVICE_NOT_PROVIDED,Suspicious high-value payment disputed by customer. details missing,OPEN,LOW,CALL_CENTER
CBK0000618,TXN00013129,VALID,USR59658,MCH8812,2026-01-14 00:00:00,DATE_ONLY,,MISSING,,MISSING,1549.0,VALID,WRONG_AMOUNT,Customer says transaction was not authorized.,RESOLVED,LOW,CHATBOT
CBK0001607,TXN00015175,VALID,USR13767,MCH2284,2026-01-10 00:00:00,DATE_ONLY,2026-12-01 05:37:00,VALID,,MISSING,381.32,VALID,DUPLICATE_DEBIT,Customer says transaction was not authorized.,PENDING_BANK,CRITICAL,EMAIL
CBK0001123,TXN00003494,VALID,USR31366,MCH5980,2026-02-05 00:00:00,DATE_ONLY,2026-02-07 20:30:24,VALID,,MISSING,342.28,VALID,GENERAL_COMPLAINT,User reports money deducted but merchant denies receiving payment.,RESOLVED,LOW,IVR
CBK0000004,TXN00008092,VALID,USR65030,MCH5264,2026-02-26 16:21:11,VALID,2026-02-25 16:21:00,VALID,,MISSING,2596.26,VALID,UNAUTHORIZED_TRANSACTION,Complaint received after multiple failed attempts.,RESOLVED,MEDIUM,CALL_CENTER
CBK0000585,TXN00010811,VALID,USR26991,MCH4181,2026-03-31 00:00:00,DATE_ONLY,2026-04-02 18:35:45,VALID,2026-04-11 00:00:00,DATE_ONLY,1744.0,VALID,UNAUTHORIZED_TRANSACTION,User reports money deducted but merchant denies receiving payment.,RESOLVED,HIGH,CALL_CENTER
CBK0002198,TXN00018071,VALID,USR65483,MCH6689,2026-03-03 00:00:00,DATE_ONLY,2026-06-03 00:00:00,DATE_ONLY,2026-03-08 00:00:00,DATE_ONLY,3289.2,VALID,SERVICE_NOT_PROVIDED,Customer says transaction was not authorized.,REJECTED,MEDIUM,IVR
CBK0001079,TXN00012253,VALID,USR87914,MCH5542,2026-07-03 04:37:00,VALID,2026-03-07 00:00:00,DATE_ONLY,2026-03-16 16:37:00,VALID,1245.84,VALID,SERVICE_NOT_PROVIDED,Suspicious high-value payment disputed by customer.,IN_PROGRESS,CRITICAL,CALL_CENTER
CBK0000034,TXN00018948,VALID,USR39094,MCH1418,2026-01-27 00:00:00,DATE_ONLY,2026-02-02 06:52:00,VALID,2026-10-02 06:52:00,VALID,959.89,VALID,GENERAL_COMPLAINT,User says upi pin was not entered by them.,OPEN,MEDIUM,CHATBOT
CBK0000343,TXN00016878,VALID,USR66196,MCH2822,2026-10-02 12:11:00,VALID,2026-02-16 00:00:00,DATE_ONLY,2026-02-20 06:11:14,VALID,2996.76,VALID,GENERAL_COMPLAINT,Customer complaint text unclear due to poor call center notes.,CLOSED,LOW,IVR
CBK0000481,TXN00015109,VALID,USR46576,MCH2266,2026-03-27 00:00:00,DATE_ONLY,2026-03-29 15:43:00,VALID,2026-04-16 00:00:00,DATE_ONLY,287.95,VALID,WRONG_AMOUNT,User claims account was compromised before transaction.,CLOSED,MEDIUM,BRANCH
CBK0001728,TXN00005001,VALID,USR63634,MCH6359,2026-03-05 00:00:00,DATE_ONLY,2026-03-08 16:09:12,VALID,,MISSING,4713.3,VALID,GENERAL_COMPLAINT,Customer says transaction was not authorized.,RESOLVED,MEDIUM,IVR
CBK0002237,TXN00001882,VALID,USR15350,MCH7351,2026-03-28 00:00:00,DATE_ONLY,2026-04-27 00:00:00,DATE_ONLY,2026-05-01 20:04:39,VALID,2264.22,VALID,DUPLICATE_DEBIT,User says upi pin was not entered by them.,CLOSED,MEDIUM,IVR
CBK0001058,TXN00008405,VALID,USR25902,MCH8556,2026-02-10 00:00:00,DATE_ONLY,2026-02-17 00:00:00,DATE_ONLY,,MISSING,1446.29,VALID,UNAUTHORIZED_TRANSACTION,User says upi pin was not entered by them.,REJECTED,HIGH,CHATBOT
CBK0001933,TXN00005666,VALID,USR33656,MCH5076,2026-02-14 07:15:35,VALID,2026-02-19 07:15:00,VALID,2026-03-10 00:00:00,DATE_ONLY,1764.4,VALID,DUPLICATE_DEBIT,Suspicious high-value payment disputed by customer.,PENDING_BANK,LOW,BRANCH
CBK0000466,TXN00008559,VALID,USR20115,MCH2757,2026-03-21 08:09:20,VALID,2026-03-22 00:00:00,DATE_ONLY,2026-04-18 00:00:00,DATE_ONLY,876.37,VALID,SERVICE_NOT_PROVIDED,Customer says amount was debited twice.,OPEN,MEDIUM,IVR
CBK0001130,TXN00013293,VALID,USR64755,MCH3055,2026-02-07 00:00:00,DATE_ONLY,2026-02-13 04:28:39,VALID,2026-02-21 00:00:00,DATE_ONLY,648.89,VALID,UNAUTHORIZED_TRANSACTION,Customer says transaction was not authorized.,OPEN,MEDIUM,APP
CBK0000736,TXN00001334,VALID,USR31979,MCH2101,2026-03-23 11:54:27,VALID,2026-03-25 07:54:27,VALID,,MISSING,6666.14,VALID,UNAUTHORIZED_TRANSACTION,Customer says amount was debited twice.,IN_PROGRESS,MEDIUM,CHATBOT
CBK0000181,TXN00016182,VALID,USR66758,MCH1612,2026-01-28 10:33:01,VALID,2026-01-30 00:00:00,DATE_ONLY,2026-02-08 00:00:00,DATE_ONLY,237.88,VALID,UNAUTHORIZED_TRANSACTION,Customer says amount was debited twice.,REJECTED,LOW,APP
CBK0000697,TXN00007023,VALID,USR88430,MCH4181,2026-03-25 19:00:00,VALID,2026-03-31 14:00:23,VALID,2026-04-27 00:00:00,DATE_ONLY,10555.32,VALID,WRONG_AMOUNT,Customer says transaction was not authorized.,REJECTED,MEDIUM,IVR
CBK0001752,TXN00006114,VALID,USR22925,MCH5954,2026-01-11 14:56:22,VALID,2026-01-27 00:00:00,DATE_ONLY,2026-02-17 00:00:00,DATE_ONLY,4938.0,VALID,UNAUTHORIZED_TRANSACTION,Customer says transaction was not authorized.,REJECTED,HIGH,CALL_CENTER
CBK0002549,TXN00014870,VALID,USR48114,MCH3983,2026-01-17 00:00:00,DATE_ONLY,2026-01-18 00:00:00,DATE_ONLY,2026-02-16 00:00:00,DATE_ONLY,10657.19,VALID,SERVICE_NOT_PROVIDED,User says upi pin was not entered by them.,OPEN,LOW,CHATBOT
CBK0001488,TXN00015761,VALID,USR47459,MCH8883,,MISSING,2026-08-02 18:43:00,VALID,2026-03-06 00:00:00,DATE_ONLY,6388.0,VALID,SERVICE_NOT_PROVIDED,User claims account was compromised before transaction.,OPEN,LOW,IVR
CBK0001651,TXN00010749,VALID,USR62848,MCH3729,2026-02-15 00:00:00,DATE_ONLY,2026-02-22 23:37:50,VALID,2026-02-26 00:00:00,DATE_ONLY,,UNPARSEABLE/NULL,UNAUTHORIZED_TRANSACTION,Customer says amount was debited twice. call dropped,IN_PROGRESS,LOW,BRANCH
CBK0002711,TXN00042233,VALID,USR31712,MCH3819,2026-03-10 00:00:00,DATE_ONLY,2026-04-24 16:53:03,VALID,2026-05-09 16:53:03,VALID,,UNPARSEABLE/NULL,DUPLICATE_DEBIT,Complaint received after multiple failed attempts.,CLOSED,HIGH,IVR
CBK0001543,TXN00009804,VALID,USR90720,MCH4495,,MISSING,2026-01-24 00:00:00,DATE_ONLY,2026-01-27 03:54:00,VALID,767.56,VALID,SERVICE_NOT_PROVIDED,Customer complaint text unclear due to poor call center notes.,REJECTED,MEDIUM,IVR
CBK0000310,TXN00019838,VALID,USR34180,MCH6810,2026-02-04 00:00:00,DATE_ONLY,2026-02-19 00:00:00,DATE_ONLY,2026-02-25 00:00:00,DATE_ONLY,2926.76,VALID,UNAUTHORIZED_TRANSACTION,User reports money deducted but merchant denies receiving payment.,IN_PROGRESS,CRITICAL,BRANCH
CBK0001605,TXN00013039,VALID,USR38436,MCH5655,,MISSING,2026-01-09 00:00:00,DATE_ONLY,2026-01-13 00:00:00,DATE_ONLY,7884.27,VALID,UNAUTHORIZED_TRANSACTION,Suspicious high-value payment disputed by cust.,REJECTED,MEDIUM,CALL_CENTER
CBK0002159,TXN00008446,VALID,USR75943,MCH5482,2026-03-08 00:00:00,DATE_ONLY,2026-08-03 12:51:00,VALID,2026-03-27 00:00:00,DATE_ONLY,-2807.75,NEGATIVE,UNAUTHORIZED_TRANSACTION,Customer says transaction was not authorized.,REJECTED,CRITICAL,EMAIL
CBK0000883,TXN00009806,VALID,USR94655,MCH5279,2026-01-19 18:04:00,VALID,2026-01-23 00:00:00,DATE_ONLY,,MISSING,3825.17,VALID,UNAUTHORIZED_TRANSACTION,Suspicious high-value payment disputed by customer.,OPEN,LOW,IVR
CBK0000273,TXN00002139,VALID,USR80361,MCH6712,2026-05-03 11:26:00,VALID,2026-03-16 04:26:00,VALID,,MISSING,-1116.32,NEGATIVE,GENERAL_COMPLAINT,Customer complaint text unclear due to poor call center notes.,OPEN,LOW,BRANCH
CBK0002172,TXN00011390,VALID,USR27533,MCH3479,2026-01-20 00:00:00,DATE_ONLY,2026-01-23 00:41:15,VALID,,MISSING,681.66,VALID,UNAUTHORIZED_TRANSACTION,Merchant service was not delivered after payment.,RESOLVED,HIGH,APP
CBK0000046,TXN00007253,VALID,USR97477,MCH1590,2026-02-15 00:00:00,DATE_ONLY,2026-03-03 00:00:00,DATE_ONLY,2026-09-03 00:00:00,DATE_ONLY,8599.51,VALID,UNAUTHORIZED_TRANSACTION,User reports money deducted but merchant denies receiving payment.,OPEN,HIGH,APP
CBK0001291,TXN00018053,VALID,USR56751,MCH8322,2026-01-26 05:12:55,VALID,2026-01-28 00:00:00,DATE_ONLY,,MISSING,1619.1,VALID,SERVICE_NOT_PROVIDED,Customer complaint text unclear due to poor call center notes.,CLOSED,LOW,IVR
CBK0000362,TXN00002263,VALID,USR61333,MCH7286,2026-01-20 00:00:00,DATE_ONLY,2026-01-21 00:00:00,DATE_ONLY,2026-01-30 00:00:00,DATE_ONLY,9476.14,VALID,WRONG_AMOUNT,User reports money deducted but merchant denies receiving payment.,IN_PROGRESS,MEDIUM,BRANCH
CBK0000583,TXN00013098,VALID,USR11077,MCH5456,2026-02-01 00:00:00,DATE_ONLY,2026-02-03 00:32:11,VALID,2026-02-03 00:32:11,VALID,,UNPARSEABLE/NULL,WRONG_AMOUNT,Suspicious high-value payment disputed by customer.,PENDING_BANK,MEDIUM,BRANCH
CBK0001258,TXN00017225,VALID,USR40420,MCH1168,2026-02-28 00:00:00,DATE_ONLY,2026-11-03 00:00:00,DATE_ONLY,,MISSING,4972.38,VALID,UNAUTHORIZED_TRANSACTION,User says upi pin was not entered by them.,IN_PROGRESS,LOW,CHATBOT
CBK0001309,TXN00001777,VALID,USR97380,MCH3684,2026-03-13 00:00:00,DATE_ONLY,2026-04-27 18:23:00,VALID,2026-04-29 00:00:00,DATE_ONLY,6040.0,VALID,UNAUTHORIZED_TRANSACTION,Customer says transaction was not authorized.,CLOSED,MEDIUM,IVR
CBK0000479,TXN00016497,VALID,USR12417,MCH8154,2026-03-14 00:00:00,DATE_ONLY,2026-12-03 04:20:00,VALID,2026-03-29 00:00:00,DATE_ONLY,3794.91,VALID,UNAUTHORIZED_TRANSACTION,Payment made to unknown merchant as per customer statement.,IN_PROGRESS,MEDIUM,APP
CBK0000022,TXN00012475,VALID,USR21946,MCH4181,2026-03-05 23:30:49,VALID,2026-03-06 00:00:00,DATE_ONLY,2026-03-19 00:00:00,DATE_ONLY,11540.0,VALID,UNAUTHORIZED_TRANSACTION,Customer complaint text unclear due to poor call center notes.,IN_PROGRESS,LOW,CHATBOT
CBK0001439,TXN00018123,VALID,USR83744,MCH5378,2026-03-13 22:46:01,VALID,2026-03-19 00:00:00,DATE_ONLY,2026-02-04 06:46:00,VALID,3146.39,VALID,GENERAL_COMPLAINT,Customer says transaction was not authorized.,CLOSED,LOW,IVR
CBK0000976,TXN00002141,VALID,USR96958,MCH6498,2026-01-23 00:00:00,DATE_ONLY,2026-01-30 22:01:24,VALID,2026-02-09 00:00:00,DATE_ONLY,7027.39,VALID,SERVICE_NOT_PROVIDED,Complaint received after multiple failed attempts.,REJECTED,MEDIUM,EMAIL
CBK0000639,TXN00017298,VALID,USR56287,MCH7134,2026-03-22 00:00:00,DATE_ONLY,2026-03-23 00:00:00,DATE_ONLY,,MISSING,3871.95,VALID,UNAUTHORIZED_TRANSACTION,User reports money deducted but merchant denies receiving payment.,REJECTED,MEDIUM,CHATBOT
CBK0000853,TXN00019212,VALID,USR43229,MCH3902,2026-03-21 00:27:23,VALID,2026-03-26 00:00:00,DATE_ONLY,2026-04-23 00:00:00,DATE_ONLY,1395.11,VALID,UNAUTHORIZED_TRANSACTION,Customer says txn was not authorized.,REJECTED,MEDIUM,CHATBOT
CBK0001985,TXN00005222,VALID,USR98253,MCH3611,,MISSING,2026-02-21 00:00:00,DATE_ONLY,2026-02-03 00:00:00,DATE_ONLY,526.0,VALID,UNAUTHORIZED_TRANSACTION,User claims account was compromised before transaction.,RESOLVED,MEDIUM,EMAIL
CBK0000300,TXN00002857,VALID,USR92485,MCH7388,,MISSING,2026-03-21 00:00:00,DATE_ONLY,2026-04-20 00:00:00,DATE_ONLY,920.19,VALID,SERVICE_NOT_PROVIDED,User reports money deducted but merchant denies receiving payment.,IN_PROGRESS,HIGH,CHATBOT
CBK0001326,TXN00017532,VALID,USR63876,MCH4629,2026-01-22 00:00:00,DATE_ONLY,2026-01-30 00:00:00,DATE_ONLY,,MISSING,2971.18,VALID,WRONG_AMOUNT,Suspicious high-value payment disputed by customer.,REJECTED,LOW,IVR
CBK0002099,TXN00016911,VALID,USR94430,MCH5701,2026-01-10 00:00:00,DATE_ONLY,2026-01-12 00:00:00,DATE_ONLY,,MISSING,1895.66,VALID,UNAUTHORIZED_TRANSACTION,Customer complaint text unclear due to poor call center notes.,REJECTED,MEDIUM,EMAIL
CBK0001474,TXN00008578,VALID,USR71704,MCH7047,2026-02-05 00:00:00,DATE_ONLY,2026-02-13 00:00:00,DATE_ONLY,2026-03-04 00:00:00,DATE_ONLY,3771.28,VALID,UNAUTHORIZED_TRANSACTION,Customer complaint text unclear due to poor call center notes.,OPEN,MEDIUM,EMAIL
CBK0001508,TXN00006688,VALID,USR56287,MCH2552,2026-02-21 21:29:00,VALID,2026-02-25 00:00:00,DATE_ONLY,2026-02-03 04:29:00,VALID,592.68,VALID,UNAUTHORIZED_TRANSACTION,Complaint received after multiple failed attempts.,PENDING_BANK,HIGH,EMAIL
CBK0000985,TXN00016633,VALID,USR50898,MCH3836,,MISSING,2026-07-03 00:00:00,DATE_ONLY,,MISSING,3329.74,VALID,UNAUTHORIZED_TRANSACTION,Complaint received after multiple failed attempts.,IN_PROGRESS,HIGH,CHATBOT
CBK0002762,TXN00012709,VALID,USR87422,MCH2383,,MISSING,2026-01-25 00:00:00,DATE_ONLY,2026-02-01 00:00:00,DATE_ONLY,-1866.43,NEGATIVE,DUPLICATE_DEBIT,Complaint received after multiple failed attempts.,OPEN,MEDIUM,BRANCH
CBK0002695,TXN00009985,VALID,USR69511,MCH3100,2026-03-04 00:00:00,DATE_ONLY,2026-03-19 00:00:00,DATE_ONLY,2026-03-19 00:00:00,DATE_ONLY,4262.78,VALID,UNAUTHORIZED_TRANSACTION,Customer says txn was not authorized.,OPEN,LOW,APP
CBK0002523,TXN00016424,VALID,USR39280,MCH4590,2026-09-02 00:00:00,DATE_ONLY,,MISSING,2026-03-06 00:00:00,DATE_ONLY,1444.48,VALID,WRONG_AMOUNT,Merchant service was not delivered after payment.,RESOLVED,HIGH,CALL_CENTER
CBK0001776,TXN00003915,VALID,USR57281,MCH6934,2026-02-25 00:00:00,DATE_ONLY,2026-02-25 00:00:00,DATE_ONLY,2026-03-24 00:00:00,DATE_ONLY,264.64,VALID,DUPLICATE_DEBIT,Payment made to unknown merchant as per customer statement.,REJECTED,MEDIUM,APP
CBK0000251,TXN00012937,VALID,USR77066,MCH5347,2026-03-17 00:00:00,DATE_ONLY,2026-03-22 00:00:00,DATE_ONLY,2026-10-04 02:26:00,VALID,2574.17,VALID,SERVICE_NOT_PROVIDED,User says upi pin was not entered by them.,CLOSED,MEDIUM,CALL_CENTER
CBK0000729,TXN00009979,VALID,USR43978,MCH6850,2026-02-01 00:00:00,DATE_ONLY,2026-02-17 00:00:00,DATE_ONLY,,MISSING,1801.1,VALID,UNAUTHORIZED_TRANSACTION,User says upi pin was not entered by them.,IN_PROGRESS,MEDIUM,BRANCH
CBK0001430,TXN00003193,VALID,USR30157,MCH5404,2026-02-21 00:00:00,DATE_ONLY,2026-02-27 00:00:00,DATE_ONLY,2026-03-09 00:00:00,DATE_ONLY,2273.34,VALID,DUPLICATE_DEBIT,Payment made to unknown merchant as per customer statement. urgent,CLOSED,CRITICAL,BRANCH
CBK0001056,TXN00017995,VALID,USR83697,MCH7555,2026-03-26 00:00:00,DATE_ONLY,2026-03-27 02:11:24,VALID,2026-04-17 00:00:00,DATE_ONLY,1918.51,VALID,UNAUTHORIZED_TRANSACTION,User reports money deducted but merchant denies receiving payment.,RESOLVED,MEDIUM,IVR
CBK0002533,TXN00002429,VALID,USR82871,MCH8050,2026-01-27 20:26:00,VALID,2026-12-02 00:00:00,DATE_ONLY,2026-02-21 00:00:00,DATE_ONLY,389.54,VALID,UNAUTHORIZED_TRANSACTION,Merchant service was not delivered after payment.,IN_PROGRESS,MEDIUM,IVR
CBK0001748,TXN00036584,VALID,USR93861,MCH2037,2026-01-01 00:00:00,DATE_ONLY,2026-01-04 00:00:00,DATE_ONLY,2026-01-28 00:00:00,DATE_ONLY,-3309.31,NEGATIVE,UNAUTHORIZED_TRANSACTION,User says upi pin was not entered by them.,PENDING_BANK,HIGH,IVR
CBK0002154,TXN00019558,VALID,USR60770,MCH4307,2026-03-31 00:00:00,DATE_ONLY,2026-05-04 00:00:00,DATE_ONLY,2026-04-17 00:00:00,DATE_ONLY,1769.97,VALID,DUPLICATE_DEBIT,Customer says transaction was not authorized.,RESOLVED,LOW,BRANCH
CBK0001530,TXN00000959,VALID,USR38580,MCH7286,2026-03-08 00:00:00,DATE_ONLY,2026-11-03 15:32:00,VALID,2026-04-04 00:00:00,DATE_ONLY,982.69,VALID,GENERAL_COMPLAINT,Customer says amount was debited twice.,OPEN,LOW,EMAIL
CBK0001561,TXN00012655,VALID,USR49452,MCH7833,2026-02-02 00:00:00,DATE_ONLY,2026-04-02 00:00:00,DATE_ONLY,2026-02-14 10:24:28,VALID,5677.69,VALID,SERVICE_NOT_PROVIDED,Payment made to unknown merchant as per customer statement.,OPEN,MEDIUM,BRANCH
CBK0002302,TXN00004618,VALID,USR69543,MCH8140,,MISSING,2026-01-23 00:00:00,DATE_ONLY,,MISSING,1142.86,VALID,DUPLICATE_DEBIT,User claims account was compromised before transaction.,REJECTED,LOW,IVR
CBK0000447,TXN00012764,VALID,USR26323,MCH5927,2026-03-15 00:00:00,DATE_ONLY,2026-03-18 00:00:00,DATE_ONLY,2026-04-10 00:00:00,DATE_ONLY,1222.0,VALID,UNAUTHORIZED_TRANSACTION,User reports money deducted but merchant denies receiving payment.,IN_PROGRESS,MEDIUM,IVR
CBK0002090,TXN00008261,VALID,USR15888,MCH7075,2026-02-26 07:25:00,VALID,2026-03-03 15:25:42,VALID,,MISSING,4227.03,VALID,SERVICE_NOT_PROVIDED,Suspicious high-value payment disputed by cust.,RESOLVED,HIGH,BRANCH
CBK0001157,TXN00018783,VALID,USR89151,MCH3001,2026-01-24 00:00:00,DATE_ONLY,2026-01-29 03:28:31,VALID,,MISSING,11640.86,VALID,GENERAL_COMPLAINT,User says upi pin was not entered by them.,PENDING_BANK,LOW,APP
CBK0002684,TXN00018518,VALID,USR58335,MCH2058,2026-02-01 00:00:00,DATE_ONLY,2026-04-01 00:00:00,DATE_ONLY,2026-01-06 00:00:00,DATE_ONLY,2159.7,VALID,UNAUTHORIZED_TRANSACTION,User says upi pin was not entered by them.,CLOSED,LOW,CALL_CENTER
CBK0001929,TXN00003276,VALID,USR83918,MCH9291,,MISSING,2026-03-22 00:00:00,DATE_ONLY,2026-09-04 00:00:00,DATE_ONLY,-5720.73,NEGATIVE,WRONG_AMOUNT,Complaint received after multiple failed attempts.,RESOLVED,LOW,IVR
CBK0001320,TXN00014032,VALID,USR46308,MCH5900,2026-01-02 00:00:00,DATE_ONLY,2026-02-06 00:00:00,DATE_ONLY,2026-02-13 00:00:00,DATE_ONLY,358.19,VALID,UNAUTHORIZED_TRANSACTION,Complaint received after multiple failed attempts. urgent,PENDING_BANK,LOW,IVR
CBK0001600,TXN00014926,VALID,USR22359,MCH4542,,MISSING,2026-01-22 15:21:40,VALID,2026-02-09 00:00:00,DATE_ONLY,2332.94,VALID,UNAUTHORIZED_TRANSACTION,Suspicious high-value payment disputed by customer.,CLOSED,LOW,CHATBOT
CBK0002391,TXN00013005,VALID,USR27779,MCH6850,,MISSING,2026-01-04 00:00:00,DATE_ONLY,2026-04-15 18:10:52,VALID,3734.7,VALID,SERVICE_NOT_PROVIDED,Merchant service was not delivered after payment.,PENDING_BANK,LOW,APP
CBK0001069,TXN00072059,VALID,USR75081,MCH7509,2026-10-02 17:04:00,VALID,2026-02-14 04:04:39,VALID,2026-03-16 04:04:00,VALID,1209.0,VALID,UNAUTHORIZED_TRANSACTION,Complaint received after multiple failed attempts.,IN_PROGRESS,MEDIUM,CHATBOT
CBK0000691,TXN00006342,VALID,USR46662,MCH8426,2026-03-13 10:45:48,VALID,2026-03-19 00:00:00,DATE_ONLY,2026-03-20 02:45:00,VALID,1546.48,VALID,SERVICE_NOT_PROVIDED,Merchant service was not delivered after payment.,IN_PROGRESS,MEDIUM,IVR
CBK0002454,TXN00012462,VALID,USR25682,MCH5954,2026-03-23 00:00:00,DATE_ONLY,2026-03-26 00:00:00,DATE_ONLY,2026-04-10 17:09:36,VALID,7714.0,VALID,GENERAL_COMPLAINT,Customer complaint text unclear due to poor call center notes.,CLOSED,LOW,CALL_CENTER
CBK0002777,TXN00041176,VALID,USR83934,MCH9022,2026-02-01 00:00:00,DATE_ONLY,2026-06-02 17:22:00,VALID,2026-02-21 00:00:00,DATE_ONLY,8162.73,VALID,UNAUTHORIZED_TRANSACTION,User reports money deducted but merchant denies receiving payment. urgent,IN_PROGRESS,HIGH,IVR
CBK0000263,TXN00006449,VALID,USR71316,MCH6236,2026-01-10 00:00:00,DATE_ONLY,2026-01-26 01:59:16,VALID,2026-02-15 00:00:00,DATE_ONLY,250.0,VALID,UNAUTHORIZED_TRANSACTION,User says upi pin was not entered by them.,IN_PROGRESS,HIGH,CHATBOT
CBK0000590,TXN00018358,VALID,USR73010,MCH2722,2026-03-12 00:00:00,DATE_ONLY,2026-03-20 03:25:00,VALID,2026-04-16 00:00:00,DATE_ONLY,-1889.21,NEGATIVE,WRONG_AMOUNT,Complaint received after multiple failed attempts.,RESOLVED,HIGH,CHATBOT
CBK0001133,TXN00004481,VALID,USR68023,MCH1494,2026-06-01 00:00:00,DATE_ONLY,2026-05-01 00:00:00,DATE_ONLY,2026-01-05 00:00:00,DATE_ONLY,1101.44,VALID,WRONG_AMOUNT,User claims account was compromised before transaction.,REJECTED,CRITICAL,BRANCH
CBK0002414,TXN00000503,VALID,USR85650,MCH1590,2026-03-04 16:57:39,VALID,2026-04-18 00:00:00,DATE_ONLY,2026-09-05 18:57:00,VALID,325.93,VALID,DUPLICATE_DEBIT,Complaint received after multiple failed attempts.,OPEN,HIGH,CALL_CENTER
CBK0002627,TXN00001026,VALID,USR26564,MCH5899,2026-01-17 09:59:06,VALID,2026-01-25 07:59:00,VALID,2026-02-20 00:00:00,DATE_ONLY,2910.7,VALID,SERVICE_NOT_PROVIDED,Suspicious high-value payment disputed by customer.,IN_PROGRESS,MEDIUM,IVR
CBK0001008,,MISSING,USR97772,MCH1074,,MISSING,2026-01-13 00:00:00,DATE_ONLY,2026-01-23 02:52:41,VALID,1143.88,VALID,DUPLICATE_DEBIT,Customer says amount was debited twice.,RESOLVED,MEDIUM,IVR
CBK0000285,TXN00009133,VALID,USR99694,MCH2606,2026-03-19 03:32:00,VALID,2026-03-22 00:00:00,DATE_ONLY,,MISSING,1528.27,VALID,SERVICE_NOT_PROVIDED,Customer says amount was debited twice.,OPEN,MEDIUM,IVR
CBK0001311,TXN00018498,VALID,USR40538,MCH7255,2026-03-19 00:00:00,DATE_ONLY,2026-03-23 00:00:00,DATE_ONLY,2026-04-06 00:00:00,DATE_ONLY,1779.0,VALID,UNAUTHORIZED_TRANSACTION,Payment made to unknown merchant as per customer statement.,RESOLVED,LOW,CALL_CENTER
CBK0000220,TXN00009971,VALID,USR81170,MCH6607,,MISSING,2026-03-03 00:00:00,DATE_ONLY,,MISSING,4849.0,VALID,UNAUTHORIZED_TRANSACTION,Customer says amount was debited twice. urgent,IN_PROGRESS,LOW,EMAIL
CBK0002615,TXN00018536,VALID,USR57158,MCH5099,2026-02-22 13:48:57,VALID,2026-02-24 00:00:00,DATE_ONLY,2026-02-03 00:00:00,DATE_ONLY,1257.97,VALID,UNAUTHORIZED_TRANSACTION,Suspicious high-value payment disputed by cust.,OPEN,HIGH,APP
CBK0001460,TXN00014496,VALID,USR33249,MCH4270,2026-03-29 00:00:00,DATE_ONLY,2026-04-02 00:00:00,DATE_ONLY,2026-04-04 02:17:31,VALID,554.76,VALID,UNAUTHORIZED_TRANSACTION,Customer says amount was debited twice.,IN_PROGRESS,LOW,APP
CBK0000068,TXN00019414,VALID,USR96148,MCH3815,2026-01-01 03:55:28,VALID,2026-01-01 00:00:00,DATE_ONLY,2026-01-18 06:55:00,VALID,996.0,VALID,UNAUTHORIZED_TRANSACTION,Suspicious high-value payment disputed by customer.,PENDING_BANK,CRITICAL,IVR
CBK0001363,TXN00015121,VALID,USR62483,MCH1141,2026-02-15 00:00:00,DATE_ONLY,2026-02-18 00:00:00,DATE_ONLY,2026-05-03 00:00:00,DATE_ONLY,1504.76,VALID,GENERAL_COMPLAINT,User says upi pin was not entered by them.,CLOSED,MEDIUM,CHATBOT
CBK0001071,TXN00005413,VALID,USR85761,MCH3171,2026-01-29 00:00:00,DATE_ONLY,2026-01-02 00:00:00,DATE_ONLY,2026-02-14 00:00:00,DATE_ONLY,,UNPARSEABLE/NULL,WRONG_AMOUNT,Suspicious high-value payment disputed by customer. details missing,PENDING_BANK,MEDIUM,CHATBOT
CBK0000562,TXN00003828,VALID,USR39793,MCH3203,,MISSING,2026-03-31 19:03:00,VALID,,MISSING,1594.84,VALID,UNAUTHORIZED_TRANSACTION,User reports money deducted but merchant denies receiving payment.,PENDING_BANK,LOW,CHATBOT
CBK0001140,TXN00004922,VALID,USR79175,MCH6652,2026-03-28 00:00:00,DATE_ONLY,2026-03-30 00:00:00,DATE_ONLY,2026-04-10 04:32:07,VALID,,UNPARSEABLE/NULL,UNAUTHORIZED_TRANSACTION,User reports money deducted but merchant denies receiving payment.,CLOSED,MEDIUM,IVR
CBK0000657,TXN00006919,VALID,USR29306,MCH5269,2026-01-14 00:00:00,DATE_ONLY,2026-01-19 00:00:00,DATE_ONLY,2026-02-13 16:01:00,VALID,2207.79,VALID,WRONG_AMOUNT,Complaint received after multiple failed attempts.,CLOSED,MEDIUM,CHATBOT
CBK0001831,TXN00010938,VALID,USR88037,MCH5655,2026-03-15 18:39:00,VALID,2026-03-18 00:00:00,DATE_ONLY,2026-04-15 00:00:00,DATE_ONLY,4425.22,VALID,WRONG_AMOUNT,Merchant service was not delivered after payment. details missing,OPEN,LOW,APP
CBK0001818,TXN00005674,VALID,USR54580,MCH5397,2026-08-03 00:00:00,DATE_ONLY,2026-03-15 15:17:35,VALID,2026-04-02 00:00:00,DATE_ONLY,560.0,VALID,UNAUTHORIZED_TRANSACTION,Customer complaint text unclear due to poor call center notes.,IN_PROGRESS,HIGH,CHATBOT
CBK0000721,TXN00009064,VALID,USR29458,MCH4113,2026-02-10 00:00:00,DATE_ONLY,2026-02-12 00:00:00,DATE_ONLY,2026-03-03 00:00:00,DATE_ONLY,1568.17,VALID,DUPLICATE_DEBIT,Customer says amount was debited twice.,RESOLVED,CRITICAL,BRANCH
CBK0000837,TXN00014492,VALID,USR59264,MCH1548,2026-01-04 03:46:36,VALID,2026-02-03 00:00:00,DATE_ONLY,2026-02-11 00:00:00,DATE_ONLY,,UNPARSEABLE/NULL,UNAUTHORIZED_TRANSACTION,Suspicious high-value payment disputed by customer.,IN_PROGRESS,HIGH,CHATBOT
CBK0002597,TXN00008925,VALID,USR93425,MCH3339,2026-02-01 07:36:00,VALID,2026-03-01 04:36:00,VALID,,MISSING,-3175.71,NEGATIVE,SERVICE_NOT_PROVIDED,User reports money deducted but merchant denies receiving payment. pls check asap,REJECTED,LOW,IVR
CBK0000876,TXN00010046,VALID,USR91274,MCH8960,2026-01-17 07:29:00,VALID,2026-01-22 00:00:00,DATE_ONLY,2026-02-09 16:29:48,VALID,6572.39,VALID,DUPLICATE_DEBIT,User says upi pin was not entered by them.,REJECTED,MEDIUM,CHATBOT
CBK0002537,TXN00066991,VALID,USR17742,MCH4337,2026-01-07 09:36:06,VALID,2026-09-01 00:00:00,DATE_ONLY,2026-01-22 00:00:00,DATE_ONLY,1890.93,VALID,GENERAL_COMPLAINT,User reports money deducted but merchant denies receiving payment.,CLOSED,LOW,IVR
CBK0002507,TXN00016749,VALID,USR55737,MCH5655,2026-03-31 00:00:00,DATE_ONLY,2026-03-04 00:00:00,DATE_ONLY,2026-04-14 00:00:00,DATE_ONLY,,UNPARSEABLE/NULL,UNAUTHORIZED_TRANSACTION,User claims account was compromised before txn.,CLOSED,MEDIUM,CALL_CENTER
CBK0002350,TXN00064529,VALID,USR90246,MCH9480,2026-02-27 02:51:00,VALID,2026-09-03 00:00:00,DATE_ONLY,,MISSING,472.0,VALID,UNAUTHORIZED_TRANSACTION,User says upi pin was not entered by them.,REJECTED,MEDIUM,EMAIL
CBK0001416,TXN00018367,VALID,USR98309,MCH7233,,MISSING,2026-03-01 05:05:00,VALID,2026-01-29 05:05:00,VALID,1495.59,VALID,GENERAL_COMPLAINT,Suspicious high-value payment disputed by customer.,REJECTED,MEDIUM,CHATBOT
CBK0002483,TXN00019669,VALID,USR65795,MCH4328,2026-01-12 00:00:00,DATE_ONLY,2026-01-13 18:43:01,VALID,2026-01-16 00:00:00,DATE_ONLY,1522.61,VALID,UNAUTHORIZED_TRANSACTION,User reports money deducted but merchant denies receiving payment.,CLOSED,LOW,BRANCH
CBK0001553,TXN00004048,VALID,USR26051,MCH3235,2026-03-14 00:00:00,DATE_ONLY,,MISSING,2026-03-29 00:00:00,DATE_ONLY,-815.95,NEGATIVE,SERVICE_NOT_PROVIDED,Customer says amount was debited twice.,IN_PROGRESS,LOW,APP
CBK0000651,TXN00011527,VALID,USR57088,MCH1779,2026-01-25 00:00:00,DATE_ONLY,2026-01-27 00:00:00,DATE_ONLY,2026-01-28 00:00:00,DATE_ONLY,1443.54,VALID,UNAUTHORIZED_TRANSACTION,User claims account was compromised before transaction.,OPEN,MEDIUM,CHATBOT
CBK0000866,TXN00002719,VALID,USR11592,MCH1717,2026-03-05 00:00:00,DATE_ONLY,2026-03-12 23:06:00,VALID,,MISSING,2881.81,VALID,UNAUTHORIZED_TRANSACTION,User claims account was compromised before transaction.,CLOSED,LOW,IVR
CBK0000260,TXN00006995,VALID,USR27185,MCH1715,2026-03-09 00:00:00,DATE_ONLY,2026-03-12 13:45:23,VALID,2026-04-09 00:00:00,DATE_ONLY,793.0,VALID,UNAUTHORIZED_TRANSACTION,User claims account was compromised before transaction.,RESOLVED,LOW,CHATBOT
CBK0001397,TXN00001903,VALID,USR40286,MCH8305,2026-03-25 01:49:45,VALID,2026-01-04 06:49:00,VALID,2026-04-01 06:49:45,VALID,2512.35,VALID,UNAUTHORIZED_TRANSACTION,User says upi pin was not entered by them.,REJECTED,CRITICAL,IVR
CBK0000374,TXN00005682,VALID,USR46350,MCH7622,2026-02-22 07:20:00,VALID,2026-03-10 06:20:48,VALID,2026-03-24 00:00:00,DATE_ONLY,2014.01,VALID,WRONG_AMOUNT,User says upi pin was not entered by them.,RESOLVED,HIGH,APP
CBK0001557,TXN00010126,VALID,USR26970,MCH8953,2026-01-31 00:00:00,DATE_ONLY,2026-11-02 02:05:00,VALID,,MISSING,1107.77,VALID,GENERAL_COMPLAINT,Customer says amount was debited twice.,IN_PROGRESS,LOW,EMAIL
CBK0001987,TXN00003622,VALID,USR56397,MCH9762,2026-03-21 22:28:29,VALID,2026-03-23 00:00:00,DATE_ONLY,,MISSING,409.07,VALID,WRONG_AMOUNT,Merchant service was not delivered after payment.,OPEN,MEDIUM,CHATBOT
CBK0002351,TXN00008276,VALID,USR78874,MCH4259,2026-08-03 00:00:00,DATE_ONLY,2026-03-23 00:00:00,DATE_ONLY,2026-04-15 11:14:00,VALID,3331.49,VALID,UNAUTHORIZED_TRANSACTION,Customer says txn was not authorized.,RESOLVED,CRITICAL,EMAIL
CBK0000980,TXN00014697,VALID,USR44745,MCH3674,2026-03-27 00:00:00,DATE_ONLY,2026-03-30 00:00:00,DATE_ONLY,2026-04-02 00:00:00,DATE_ONLY,4816.24,VALID,SERVICE_NOT_PROVIDED,User claims account was compromised before transaction.,RESOLVED,MEDIUM,CHATBOT
CBK0002576,TXN00016892,VALID,USR92904,MCH3100,2026-01-23 00:00:00,DATE_ONLY,2026-01-29 01:18:00,VALID,2026-01-30 00:00:00,DATE_ONLY,1942.12,VALID,GENERAL_COMPLAINT,Payment made to unknown merchant as per customer statement. urgent,IN_PROGRESS,HIGH,APP
CBK0002312,TXN00010316,VALID,USR71728,MCH5783,2026-12-03 00:00:00,DATE_ONLY,2026-03-18 00:00:00,DATE_ONLY,,MISSING,1419.0,VALID,UNAUTHORIZED_TRANSACTION,Suspicious high-value payment disputed by customer.,PENDING_BANK,HIGH,EMAIL
CBK0000422,TXN00008098,VALID,USR71316,MCH9344,2026-01-29 00:00:00,DATE_ONLY,2026-01-26 00:00:00,DATE_ONLY,2026-02-16 10:30:02,VALID,-488.38,NEGATIVE,WRONG_AMOUNT,User reports money deducted but merchant denies receiving payment.,RESOLVED,LOW,CALL_CENTER
CBK0000600,TXN00012715,VALID,USR19311,MCH3325,2026-03-28 00:00:00,DATE_ONLY,2026-05-13 00:00:00,DATE_ONLY,,MISSING,339.58,VALID,SERVICE_NOT_PROVIDED,Merchant service was not delivered after payment.,PENDING_BANK,HIGH,IVR
CBK0000248,TXN00002141,VALID,USR12530,MCH6850,2026-03-18 17:03:00,VALID,2026-03-19 23:03:08,VALID,2026-04-08 00:00:00,DATE_ONLY,-816.65,NEGATIVE,UNAUTHORIZED_TRANSACTION,Merchant service was not delivered after payment.,PENDING_BANK,HIGH,APP
CBK0002317,TXN00003637,VALID,USR76315,MCH8796,2026-02-18 00:00:00,DATE_ONLY,2026-02-22 00:00:00,DATE_ONLY,2026-02-28 00:00:00,DATE_ONLY,4219.82,VALID,GENERAL_COMPLAINT,Merchant service was not delivered after payment.,PENDING_BANK,HIGH,IVR
CBK0001219,TXN00002058,VALID,USR11226,MCH3986,2026-01-24 00:00:00,DATE_ONLY,2026-01-27 00:00:00,DATE_ONLY,2026-02-13 00:00:00,DATE_ONLY,,UNPARSEABLE/NULL,GENERAL_COMPLAINT,Customer says amount was debited twice.,REJECTED,LOW,BRANCH
CBK0001145,TXN00081933,VALID,USR63160,MCH9899,,MISSING,2026-02-22 19:21:00,VALID,,MISSING,5283.13,VALID,SERVICE_NOT_PROVIDED,Customer says amount was debited twice. urgent,CLOSED,HIGH,IVR
CBK0000619,TXN00014324,VALID,USR68349,MCH5721,2026-03-04 11:05:40,VALID,2026-03-05 00:00:00,DATE_ONLY,2026-03-25 00:00:00,DATE_ONLY,1724.56,VALID,SERVICE_NOT_PROVIDED,User says upi pin was not entered by them.,REJECTED,MEDIUM,CHATBOT
CBK0001424,TXN00014077,VALID,USR35882,MCH7435,2026-03-16 19:03:13,VALID,2026-03-27 00:00:00,DATE_ONLY,,MISSING,411.2,VALID,UNAUTHORIZED_TRANSACTION,Payment made to unknown merchant as per cust statement.,IN_PROGRESS,HIGH,BRANCH
CBK0001980,TXN00000841,VALID,USR85655,MCH5128,2026-01-31 00:00:00,DATE_ONLY,2026-02-11 01:12:41,VALID,2026-02-15 00:00:00,DATE_ONLY,2083.96,VALID,SERVICE_NOT_PROVIDED,Customer says transaction was not authorized.,CLOSED,LOW,APP
CBK0000643,,MISSING,USR85352,MCH4035,2026-03-21 00:00:00,DATE_ONLY,2026-03-20 14:03:45,VALID,2026-04-15 00:00:00,DATE_ONLY,1167.69,VALID,GENERAL_COMPLAINT,User reports money deducted but merchant denies receiving payment.,REJECTED,MEDIUM,IVR
CBK0000172,TXN00016070,VALID,USR32730,MCH2746,2026-02-27 00:00:00,DATE_ONLY,2026-03-03 00:00:00,DATE_ONLY,2026-03-19 00:00:00,DATE_ONLY,2123.39,VALID,DUPLICATE_DEBIT,User says upi pin was not entered by them.,REJECTED,MEDIUM,EMAIL
CBK0002184,TXN00015679,VALID,USR87165,MCH1864,2026-10-01 22:44:00,VALID,2026-02-25 00:00:00,DATE_ONLY,2026-03-13 00:00:00,DATE_ONLY,221.0,VALID,WRONG_AMOUNT,User reports money deducted but merchant denies receiving payment.,REJECTED,LOW,IVR
CBK0002023,TXN00016636,VALID,USR62254,MCH2450,,MISSING,,MISSING,2026-02-19 00:00:00,DATE_ONLY,6720.23,VALID,SERVICE_NOT_PROVIDED,User says upi pin was not entered by them. call dropped,REJECTED,MEDIUM,EMAIL
CBK0000825,TXN00017847,VALID,USR71122,MCH1632,2026-02-05 04:48:20,VALID,2026-02-07 00:00:00,DATE_ONLY,,MISSING,714.0,VALID,SERVICE_NOT_PROVIDED,Customer says transaction was not authorized.,CLOSED,HIGH,IVR
CBK0001339,TXN00012423,VALID,USR81981,MCH3013,2026-01-29 00:00:00,DATE_ONLY,2026-01-30 00:00:00,DATE_ONLY,2026-02-06 00:00:00,DATE_ONLY,591.32,VALID,WRONG_AMOUNT,Customer says transaction was not authorized.,REJECTED,HIGH,APP
CBK0001160,TXN00003861,VALID,USR23561,MCH9505,2026-02-23 00:00:00,DATE_ONLY,2026-03-01 14:14:20,VALID,2026-03-16 14:14:20,VALID,2199.33,VALID,UNAUTHORIZED_TRANSACTION,User claims account was compromised before transaction.,CLOSED,HIGH,APP
CBK0001665,TXN00007306,VALID,USR21049,MCH7578,2026-01-13 20:22:00,VALID,2026-01-16 00:00:00,DATE_ONLY,,MISSING,1333.0,VALID,SERVICE_NOT_PROVIDED,Customer says amount was debited twice.,PENDING_BANK,LOW,CHATBOT
CBK0001711,TXN00011255,VALID,USR65114,MCH6292,2026-01-03 00:00:00,DATE_ONLY,2026-01-04 00:00:00,DATE_ONLY,2026-01-07 01:32:03,VALID,,UNPARSEABLE/NULL,UNAUTHORIZED_TRANSACTION,Customer complaint text unclear due to poor call center notes.,RESOLVED,HIGH,BRANCH
CBK0000408,TXN00002581,VALID,USR97892,MCH9291,,MISSING,2026-03-31 00:46:50,VALID,2026-11-04 00:00:00,DATE_ONLY,2926.63,VALID,DUPLICATE_DEBIT,Customer says amount was debited twice.,IN_PROGRESS,HIGH,BRANCH
CBK0002575,TXN00009510,VALID,USR82410,MCH1905,2026-02-09 00:00:00,DATE_ONLY,2026-02-10 02:13:08,VALID,2026-10-02 02:13:00,VALID,4843.85,VALID,UNAUTHORIZED_TRANSACTION,Payment made to unknown merchant as per customer statement. call dropped,OPEN,LOW,EMAIL
CBK0001908,TXN00018114,VALID,USR46902,MCH6850,2026-01-15 00:00:00,DATE_ONLY,2026-01-17 00:00:00,DATE_ONLY,2026-09-02 19:51:00,VALID,2570.74,VALID,SERVICE_NOT_PROVIDED,User claims account was compromised before transaction.,PENDING_BANK,MEDIUM,APP
CBK0001346,TXN00008727,VALID,USR34157,MCH2836,2026-03-23 22:20:50,VALID,2026-03-23 23:20:50,VALID,2026-04-14 23:20:00,VALID,3225.2,VALID,DUPLICATE_DEBIT,User says upi pin was not entered by them.,CLOSED,LOW,EMAIL
CBK0001611,TXN00009947,VALID,USR19432,MCH1827,2026-03-29 00:00:00,DATE_ONLY,2026-04-01 00:00:00,DATE_ONLY,2026-04-05 00:00:00,DATE_ONLY,917.78,VALID,WRONG_AMOUNT,Customer says amount was debited twice.,IN_PROGRESS,CRITICAL,IVR
CBK0001426,TXN00002655,VALID,USR69481,MCH1140,2026-01-14 00:00:00,DATE_ONLY,2026-02-14 13:03:15,VALID,2026-03-10 13:03:15,VALID,338.23,VALID,DUPLICATE_DEBIT,Complaint received after multiple failed attempts.,IN_PROGRESS,MEDIUM,CHATBOT
CBK0000121,TXN00006459,VALID,USR17577,MCH2566,2026-01-01 00:00:00,DATE_ONLY,2026-01-02 00:00:00,DATE_ONLY,2026-01-14 00:00:00,DATE_ONLY,2479.76,VALID,DUPLICATE_DEBIT,Merchant service was not delivered after payment.,CLOSED,HIGH,EMAIL
CBK0000957,TXN00010512,VALID,USR11315,MCH7352,2026-01-23 00:00:00,DATE_ONLY,2026-01-24 00:00:00,DATE_ONLY,2026-02-17 08:19:00,VALID,2568.37,VALID,GENERAL_COMPLAINT,Suspicious high-value payment disputed by customer.,IN_PROGRESS,MEDIUM,APP
CBK0002076,TXN00006073,VALID,USR96064,MCH3450,2026-02-18 00:00:00,DATE_ONLY,2026-02-22 00:00:00,DATE_ONLY,2026-02-26 00:00:00,DATE_ONLY,7404.88,VALID,DUPLICATE_DEBIT,Suspicious high-value payment disputed by customer.,IN_PROGRESS,LOW,BRANCH
CBK0000428,TXN00008599,VALID,USR96496,MCH2065,2026-05-01 00:00:00,DATE_ONLY,2026-07-01 00:00:00,DATE_ONLY,2026-02-03 00:00:00,DATE_ONLY,1339.16,VALID,UNAUTHORIZED_TRANSACTION,Merchant service was not delivered after payment.,CLOSED,LOW,CALL_CENTER
CBK0001937,TXN00010035,VALID,USR47034,MCH8281,2026-03-13 00:00:00,DATE_ONLY,2026-03-16 00:00:00,DATE_ONLY,,MISSING,7882.54,VALID,DUPLICATE_DEBIT,Payment made to unknown merchant as per customer statement. pls check asap,IN_PROGRESS,MEDIUM,CALL_CENTER
CBK0001141,TXN00005079,VALID,USR69201,MCH1384,,MISSING,2026-02-24 11:45:21,VALID,2026-03-26 00:00:00,DATE_ONLY,1368.67,VALID,DUPLICATE_DEBIT,User reports money deducted but merchant denies receiving payment.,PENDING_BANK,HIGH,IVR
CBK0000393,TXN00010745,VALID,USR77915,MCH3095,2026-01-14 19:00:00,VALID,2026-02-13 00:00:00,DATE_ONLY,2026-02-16 23:00:00,VALID,-2212.96,NEGATIVE,UNAUTHORIZED_TRANSACTION,User claims account was compromised before transaction.,REJECTED,CRITICAL,BRANCH
CBK0001932,TXN00012671,VALID,USR93969,MCH5980,2026-01-10 00:00:00,DATE_ONLY,2026-01-13 00:00:00,DATE_ONLY,2026-01-19 06:39:33,VALID,739.17,VALID,UNAUTHORIZED_TRANSACTION,Customer says amount was debited twice.,CLOSED,MEDIUM,BRANCH
CBK0002696,TXN00011475,VALID,USR20908,MCH7180,2026-02-20 13:52:14,VALID,2026-03-02 19:52:14,VALID,,MISSING,-2769.32,NEGATIVE,GENERAL_COMPLAINT,User reports money deducted but merchant denies receiving payment.,OPEN,MEDIUM,IVR
CBK0001946,TXN00002545,VALID,USR63194,MCH8735,2026-02-04 00:00:00,DATE_ONLY,2026-07-02 00:00:00,DATE_ONLY,2026-06-03 16:09:00,VALID,-230.58,NEGATIVE,DUPLICATE_DEBIT,User claims account was compromised before transaction.,OPEN,MEDIUM,APP
CBK0001741,TXN00003351,VALID,USR12829,MCH8665,2026-02-16 00:00:00,DATE_ONLY,2026-02-16 00:00:00,DATE_ONLY,,MISSING,1160.82,VALID,DUPLICATE_DEBIT,Complaint received after multiple failed attempts.,PENDING_BANK,HIGH,BRANCH
CBK0000589,TXN00017838,VALID,USR43980,MCH2575,2026-03-25 06:56:00,VALID,2026-03-26 21:56:00,VALID,2026-04-12 00:00:00,DATE_ONLY,-1201.31,NEGATIVE,DUPLICATE_DEBIT,Customer complaint text unclear due to poor call center notes.,RESOLVED,HIGH,BRANCH
CBK0002494,TXN00001169,VALID,USR83883,MCH9848,2026-01-23 11:36:50,VALID,2026-02-03 08:36:50,VALID,2026-03-05 08:36:50,VALID,6071.0,VALID,GENERAL_COMPLAINT,User reports money deducted but merchant denies receiving payment.,REJECTED,MEDIUM,CHATBOT
CBK0000539,TXN00006526,VALID,USR71316,MCH7840,,MISSING,2026-01-14 18:16:32,VALID,2026-01-02 00:00:00,DATE_ONLY,-767.36,NEGATIVE,SERVICE_NOT_PROVIDED,Payment made to unknown merchant as per customer statement.,RESOLVED,MEDIUM,APP
CBK0001273,TXN00013925,VALID,USR73010,MCH2489,,MISSING,2026-04-01 00:00:00,DATE_ONLY,,MISSING,3151.89,VALID,DUPLICATE_DEBIT,User reports money deducted but merchant denies receiving payment.,RESOLVED,MEDIUM,CHATBOT
CBK0002029,TXN00005443,VALID,USR24926,MCH5528,2026-06-01 02:23:00,VALID,2026-08-01 00:00:00,DATE_ONLY,2026-08-01 00:00:00,DATE_ONLY,3291.51,VALID,UNAUTHORIZED_TRANSACTION,User claims account was compromised before transaction.,PENDING_BANK,MEDIUM,EMAIL
CBK0001361,,MISSING,USR87714,MCH7560,2026-02-08 00:00:00,DATE_ONLY,2026-02-19 15:31:00,VALID,2026-02-19 00:00:00,DATE_ONLY,3014.44,VALID,WRONG_AMOUNT,Complaint received after multiple failed attempts.,IN_PROGRESS,MEDIUM,IVR
CBK0001341,TXN00001434,VALID,USR33704,MCH5584,2026-02-10 00:00:00,DATE_ONLY,2026-02-26 00:00:00,DATE_ONLY,2026-03-15 02:39:50,VALID,3251.08,VALID,WRONG_AMOUNT,Customer says transaction was not authorized. call dropped,CLOSED,HIGH,IVR
CBK0001854,TXN00017037,VALID,USR75046,MCH2266,2026-02-15 20:40:31,VALID,2026-02-23 01:40:31,VALID,2026-03-01 00:00:00,DATE_ONLY,1937.0,VALID,UNAUTHORIZED_TRANSACTION,Customer says transaction was not authorized.,RESOLVED,HIGH,CHATBOT
CBK0002783,TXN00003505,VALID,USR92295,MCH3100,2026-01-31 00:00:00,DATE_ONLY,2026-01-02 00:00:00,DATE_ONLY,2026-02-13 00:00:00,DATE_ONLY,1516.67,VALID,WRONG_AMOUNT,Customer complaint text unclear due to poor call center notes.,IN_PROGRESS,LOW,IVR
CBK0000158,TXN00015663,VALID,USR86472,MCH4826,2026-10-03 00:00:00,DATE_ONLY,2026-03-13 00:00:00,DATE_ONLY,2026-07-04 14:02:00,VALID,5021.55,VALID,WRONG_AMOUNT,User reports money deducted but merchant denies receiving payment.,IN_PROGRESS,MEDIUM,BRANCH
CBK0000760,TXN00007966,VALID,USR83977,MCH8953,2026-03-11 00:00:00,DATE_ONLY,2026-03-13 00:00:00,DATE_ONLY,2026-03-20 00:00:00,DATE_ONLY,529.0,VALID,UNAUTHORIZED_TRANSACTION,Suspicious high-value payment disputed by customer.,IN_PROGRESS,LOW,CALL_CENTER
CBK0001448,TXN00006897,VALID,USR81435,MCH9291,2026-01-01 14:21:00,VALID,2026-01-03 00:00:00,DATE_ONLY,2026-01-31 00:00:00,DATE_ONLY,3386.1,VALID,DUPLICATE_DEBIT,Customer complaint text unclear due to poor call center notes.,PENDING_BANK,LOW,CALL_CENTER
CBK0000094,TXN00011368,VALID,USR24563,MCH8712,2026-04-03 00:00:00,DATE_ONLY,2026-03-14 22:30:00,VALID,2026-03-20 22:30:57,VALID,3661.74,VALID,UNAUTHORIZED_TRANSACTION,Customer says amount was debited twice.,OPEN,MEDIUM,CALL_CENTER
CBK0002690,TXN00005810,VALID,USR29306,MCH4473,2026-03-08 00:35:54,VALID,2026-03-15 00:00:00,DATE_ONLY,2026-04-05 00:00:00,DATE_ONLY,-2850.55,NEGATIVE,SERVICE_NOT_PROVIDED,Customer says transaction was not authorized.,CLOSED,MEDIUM,IVR
CBK0001173,TXN00009905,VALID,USR98061,MCH4181,2026-02-08 01:36:40,VALID,2026-02-13 16:36:40,VALID,2026-03-05 16:36:40,VALID,2251.54,VALID,UNAUTHORIZED_TRANSACTION,Customer says amount was debited twice.,RESOLVED,MEDIUM,APP
CBK0000262,TXN00000442,VALID,USR95504,MCH6810,2026-03-29 00:00:00,DATE_ONLY,2026-04-08 00:00:00,DATE_ONLY,2026-04-20 00:00:00,DATE_ONLY,3270.0,VALID,DUPLICATE_DEBIT,Suspicious high-value payment disputed by cust.,RESOLVED,LOW,EMAIL
CBK0000065,TXN00007639,VALID,USR34880,MCH1812,2026-03-25 00:00:00,DATE_ONLY,2026-03-26 08:18:55,VALID,,MISSING,544.0,VALID,WRONG_AMOUNT,User reports money deducted but merchant denies receiving payment.,CLOSED,LOW,IVR
CBK0000330,TXN00002603,VALID,USR33908,MCH3923,2026-02-19 00:11:00,VALID,2026-02-20 00:00:00,DATE_ONLY,2026-03-21 16:11:00,VALID,2150.04,VALID,UNAUTHORIZED_TRANSACTION,Suspicious high-value payment disputed by customer.,OPEN,MEDIUM,CHATBOT
CBK0001903,TXN00010389,VALID,USR31084,MCH8801,2026-01-29 00:00:00,DATE_ONLY,2026-01-31 00:00:00,DATE_ONLY,2026-02-06 20:36:40,VALID,-6649.93,NEGATIVE,WRONG_AMOUNT,Merchant service was not delivered after payment.,REJECTED,LOW,BRANCH
CBK0002313,TXN00009432,VALID,USR22939,MCH5264,2026-03-30 00:00:00,DATE_ONLY,,MISSING,2026-04-21 06:14:00,VALID,-1466.07,NEGATIVE,GENERAL_COMPLAINT,User says upi pin was not entered by them.,OPEN,MEDIUM,CALL_CENTER
CBK0001773,TXN00016920,VALID,USR32081,MCH6850,2026-01-20 00:00:00,DATE_ONLY,2026-01-20 00:00:00,DATE_ONLY,,MISSING,2798.0,VALID,SERVICE_NOT_PROVIDED,User says upi pin was not entered by them. na,CLOSED,MEDIUM,CHATBOT
CBK0000808,TXN00006505,VALID,USR69795,MCH2065,2026-01-22 00:00:00,DATE_ONLY,2026-01-25 00:00:00,DATE_ONLY,2026-02-10 01:06:27,VALID,2740.0,VALID,GENERAL_COMPLAINT,User claims account was compromised before transaction.,RESOLVED,MEDIUM,CHATBOT
CBK0002383,TXN00000491,VALID,USR82159,MCH4802,2026-02-01 05:37:43,VALID,2026-01-02 00:00:00,DATE_ONLY,2026-02-13 00:00:00,DATE_ONLY,929.69,VALID,SERVICE_NOT_PROVIDED,Customer says amount was debited twice.,IN_PROGRESS,MEDIUM,BRANCH
CBK0001970,TXN00018732,VALID,USR27533,MCH1428,2026-02-07 00:00:00,DATE_ONLY,2026-02-11 00:00:00,DATE_ONLY,2026-02-23 04:55:14,VALID,2042.84,VALID,SERVICE_NOT_PROVIDED,User says upi pin was not entered by them.,OPEN,HIGH,BRANCH
CBK0001582,TXN00016057,VALID,USR78482,MCH9821,2026-01-18 01:06:00,VALID,2026-01-19 00:00:00,DATE_ONLY,,MISSING,3429.16,VALID,GENERAL_COMPLAINT,Customer says amount was debited twice.,CLOSED,HIGH,CHATBOT
CBK0000241,TXN00009866,VALID,USR33877,MCH1509,2026-02-21 16:02:00,VALID,2026-02-23 00:00:00,DATE_ONLY,2026-03-11 23:02:56,VALID,6769.33,VALID,WRONG_AMOUNT,Payment made to unknown merchant as per customer statement.,RESOLVED,MEDIUM,IVR
CBK0001895,TXN00015855,VALID,USR98971,MCH6850,2026-01-20 00:00:00,DATE_ONLY,2026-02-19 00:00:00,DATE_ONLY,2026-03-15 22:42:00,VALID,3458.58,VALID,GENERAL_COMPLAINT,User claims account was compromised before transaction.,RESOLVED,MEDIUM,BRANCH
CBK0000771,TXN00009466,VALID,USR62254,MCH5885,2026-03-29 00:00:00,DATE_ONLY,2026-04-01 00:20:18,VALID,2026-04-18 00:00:00,DATE_ONLY,11523.08,VALID,SERVICE_NOT_PROVIDED,Payment made to unknown merchant as per customer statement.,PENDING_BANK,CRITICAL,CHATBOT
CBK0002340,TXN00012698,VALID,USR17047,MCH3815,2026-03-12 00:00:00,DATE_ONLY,2026-03-14 00:00:00,DATE_ONLY,2026-03-25 05:16:35,VALID,2283.53,VALID,UNAUTHORIZED_TRANSACTION,User reports money deducted but merchant denies receiving payment.,PENDING_BANK,HIGH,EMAIL
CBK0001252,TXN00004709,VALID,USR59225,MCH8154,2026-01-21 02:55:00,VALID,2026-01-22 20:55:00,VALID,2026-01-30 00:00:00,DATE_ONLY,-741.74,NEGATIVE,WRONG_AMOUNT,User claims account was compromised before transaction.,PENDING_BANK,LOW,APP
CBK0001041,TXN00010337,VALID,USR26761,MCH7733,2026-01-05 00:00:00,DATE_ONLY,2026-01-13 08:17:17,VALID,2026-02-05 00:00:00,DATE_ONLY,2203.0,VALID,UNAUTHORIZED_TRANSACTION,Merchant service was not delivered after payment.,PENDING_BANK,LOW,CHATBOT
CBK0000450,TXN00001983,VALID,USR22405,MCH9291,2026-03-01 22:52:22,VALID,2026-12-03 00:00:00,DATE_ONLY,2026-03-23 00:00:00,DATE_ONLY,1315.22,VALID,UNAUTHORIZED_TRANSACTION,User claims account was compromised before transaction.,CLOSED,HIGH,BRANCH
CBK0000944,TXN00005837,VALID,USR50434,MCH6459,,MISSING,2026-02-24 00:00:00,DATE_ONLY,,MISSING,438.11,VALID,DUPLICATE_DEBIT,Complaint received after multiple failed attempts.,REJECTED,LOW,CALL_CENTER
CBK0000402,TXN00002200,VALID,USR69672,MCH6960,2026-02-09 08:40:20,VALID,2026-02-12 00:00:00,DATE_ONLY,,MISSING,3741.98,VALID,GENERAL_COMPLAINT,Payment made to unknown merchant as per customer statement.,IN_PROGRESS,LOW,CALL_CENTER
CBK0001528,TXN00007889,VALID,USR97360,MCH4970,2026-03-20 00:00:00,DATE_ONLY,,MISSING,2026-04-05 00:00:00,DATE_ONLY,3625.88,VALID,UNAUTHORIZED_TRANSACTION,Customer says transaction was not authorized.,PENDING_BANK,MEDIUM,IVR
CBK0001228,TXN00005490,VALID,USR81497,MCH2383,2026-03-22 00:00:00,DATE_ONLY,2026-03-25 00:00:00,DATE_ONLY,2026-04-13 00:00:00,DATE_ONLY,,UNPARSEABLE/NULL,UNAUTHORIZED_TRANSACTION,Customer says amount was debited twice.,OPEN,MEDIUM,BRANCH
CBK0001342,TXN00000213,VALID,USR40195,MCH3586,2026-02-17 07:41:15,VALID,2026-02-24 23:41:15,VALID,2026-03-09 00:00:00,DATE_ONLY,658.27,VALID,GENERAL_COMPLAINT,Payment made to unknown merchant as per customer statement.,CLOSED,MEDIUM,BRANCH
CBK0002105,TXN00012640,VALID,USR96038,MCH7326,2026-02-19 00:00:00,DATE_ONLY,2026-07-03 00:00:00,DATE_ONLY,2026-03-17 04:15:00,VALID,3800.84,VALID,DUPLICATE_DEBIT,User reports money deducted but merchant denies receiving payment.,IN_PROGRESS,HIGH,CHATBOT
CBK0002339,TXN00002981,VALID,USR58082,MCH2266,2026-02-11 21:42:41,VALID,2026-02-13 19:42:41,VALID,,MISSING,7275.81,VALID,GENERAL_COMPLAINT,Suspicious high-value payment disputed by cust.,REJECTED,HIGH,CALL_CENTER
CBK0002209,TXN00007219,VALID,USR48423,MCH2383,2026-02-21 00:00:00,DATE_ONLY,2026-02-24 01:52:32,VALID,2026-03-01 00:00:00,DATE_ONLY,5143.78,VALID,SERVICE_NOT_PROVIDED,User reports money deducted but merchant denies receiving payment. call dropped,RESOLVED,LOW,CHATBOT
CBK0002399,TXN00015080,VALID,USR43847,MCH7901,2026-02-15 00:00:00,DATE_ONLY,2026-02-16 00:00:00,DATE_ONLY,2026-03-17 00:00:00,DATE_ONLY,17242.91,VALID,DUPLICATE_DEBIT,Customer says transaction was not authorized.,CLOSED,MEDIUM,BRANCH
CBK0000113,TXN00008131,VALID,USR37470,MCH4899,2026-03-27 23:37:00,VALID,2026-03-31 00:00:00,DATE_ONLY,,MISSING,2367.83,VALID,SERVICE_NOT_PROVIDED,Suspicious high-value payment disputed by customer.,RESOLVED,LOW,APP
CBK0001248,TXN00012952,VALID,USR21667,MCH2739,2026-02-02 08:39:00,VALID,2026-02-18 02:39:13,VALID,,MISSING,596.6,VALID,SERVICE_NOT_PROVIDED,Customer says transaction was not authorized.,PENDING_BANK,LOW,CHATBOT
CBK0002189,TXN00001962,VALID,USR79577,MCH4590,2026-03-19 00:00:00,DATE_ONLY,2026-03-24 13:53:58,VALID,2026-03-26 00:00:00,DATE_ONLY,,UNPARSEABLE/NULL,SERVICE_NOT_PROVIDED,User reports money deducted but merchant denies receiving payment.,RESOLVED,MEDIUM,CALL_CENTER
CBK0002042,TXN00004367,VALID,USR27533,MCH4473,2026-09-03 00:00:00,DATE_ONLY,2026-04-24 16:40:44,VALID,2026-05-23 16:40:00,VALID,2126.85,VALID,SERVICE_NOT_PROVIDED,User claims account was compromised before transaction.,RESOLVED,HIGH,APP
CBK0001782,TXN00014790,VALID,USR75856,MCH6661,2026-01-26 00:00:00,DATE_ONLY,2026-01-27 06:56:34,VALID,,MISSING,350.19,VALID,UNAUTHORIZED_TRANSACTION,Merchant service was not delivered after payment.,REJECTED,MEDIUM,CALL_CENTER
CBK0002374,TXN00005973,VALID,USR96482,MCH8041,,MISSING,2026-07-02 00:00:00,DATE_ONLY,2026-02-22 00:00:00,DATE_ONLY,10229.48,VALID,UNAUTHORIZED_TRANSACTION,User claims account was compromised before transaction.,PENDING_BANK,MEDIUM,APP
CBK0000175,TXN00009098,VALID,USR33215,MCH3992,2026-01-04 00:23:38,VALID,2026-01-01 00:23:00,VALID,2026-01-28 00:00:00,DATE_ONLY,4947.89,VALID,SERVICE_NOT_PROVIDED,Payment made to unknown merchant as per customer statement.,CLOSED,LOW,IVR
CBK0002088,TXN00008054,VALID,USR62622,MCH9449,2026-02-18 13:04:00,VALID,2026-02-24 00:00:00,DATE_ONLY,2026-03-22 07:04:00,VALID,1065.28,VALID,UNAUTHORIZED_TRANSACTION,Complaint received after multiple failed attempts.,OPEN,HIGH,CHATBOT
CBK0000524,TXN00015049,VALID,USR87914,MCH2893,2026-01-19 00:00:00,DATE_ONLY,2026-01-15 00:00:00,DATE_ONLY,2026-02-01 00:00:00,DATE_ONLY,1148.57,VALID,UNAUTHORIZED_TRANSACTION,Merchant service was not delivered after payment.,IN_PROGRESS,MEDIUM,EMAIL
CBK0000998,TXN00003928,VALID,USR14815,MCH1685,2026-01-15 00:00:00,DATE_ONLY,2026-01-17 15:37:13,VALID,2026-01-24 00:00:00,DATE_ONLY,3481.55,VALID,DUPLICATE_DEBIT,Suspicious high-value payment disputed by customer.,IN_PROGRESS,CRITICAL,EMAIL
CBK0001030,TXN00015761,VALID,USR84665,MCH9176,,MISSING,2026-09-02 00:00:00,DATE_ONLY,2026-02-15 00:00:00,DATE_ONLY,1091.95,VALID,WRONG_AMOUNT,Customer complaint text unclear due to poor call center notes.,IN_PROGRESS,LOW,BRANCH
CBK0001296,TXN00000132,VALID,USR44587,MCH4473,2026-02-05 00:00:00,DATE_ONLY,2026-08-02 02:36:00,VALID,2026-02-14 02:36:00,VALID,548.59,VALID,UNAUTHORIZED_TRANSACTION,Payment made to unknown merchant as per customer statement.,IN_PROGRESS,MEDIUM,APP
CBK0000703,TXN00008400,VALID,USR58377,MCH6418,2026-02-08 00:00:00,DATE_ONLY,2026-02-11 00:00:00,DATE_ONLY,,MISSING,1939.11,VALID,UNAUTHORIZED_TRANSACTION,User reports money deducted but merchant denies receiving payment.,OPEN,LOW,APP
CBK0002094,TXN00005575,VALID,USR62840,MCH8723,2026-03-01 14:47:00,VALID,2026-01-05 00:00:00,DATE_ONLY,2026-04-02 00:00:00,DATE_ONLY,1946.37,VALID,UNAUTHORIZED_TRANSACTION,User reports money deducted but merchant denies receiving payment.,PENDING_BANK,MEDIUM,IVR
CBK0002219,TXN00005580,VALID,USR84190,MCH8763,2026-01-14 11:35:35,VALID,2026-01-25 00:00:00,DATE_ONLY,2026-02-21 00:00:00,DATE_ONLY,3654.65,VALID,DUPLICATE_DEBIT,Suspicious high-value payment disputed by customer.,RESOLVED,HIGH,BRANCH
CBK0000636,TXN00018402,VALID,USR46308,MCH2781,,MISSING,2026-02-27 00:00:00,DATE_ONLY,2026-03-07 15:34:55,VALID,1848.85,VALID,UNAUTHORIZED_TRANSACTION,User claims account was compromised before transaction. details missing,CLOSED,LOW,IVR
CBK0000682,TXN00002422,VALID,USR74392,MCH7833,2026-03-25 00:00:00,DATE_ONLY,2026-03-29 02:21:00,VALID,2026-07-04 00:00:00,DATE_ONLY,412.17,VALID,DUPLICATE_DEBIT,Customer complaint text unclear due to poor call center notes.,REJECTED,MEDIUM,BRANCH
CBK0002335,TXN00000843,VALID,USR66411,MCH2439,2026-03-30 00:00:00,DATE_ONLY,2026-04-05 00:00:00,DATE_ONLY,2026-04-29 00:00:00,DATE_ONLY,-1440.33,NEGATIVE,GENERAL_COMPLAINT,User says upi pin was not entered by them.,OPEN,LOW,EMAIL
CBK0000482,TXN00014460,VALID,USR25683,MCH5655,2026-02-07 00:00:00,DATE_ONLY,2026-02-07 21:08:40,VALID,2026-02-14 21:08:00,VALID,651.01,VALID,SERVICE_NOT_PROVIDED,Payment made to unknown merchant as per customer statement. details missing,RESOLVED,HIGH,IVR
CBK0002658,TXN00001412,VALID,USR91038,MCH9217,,MISSING,2026-02-27 07:04:24,VALID,2026-03-15 07:04:00,VALID,2142.0,VALID,WRONG_AMOUNT,Suspicious high-value payment disputed by customer.,IN_PROGRESS,HIGH,BRANCH
CBK0002744,TXN00012832,VALID,USR47729,MCH4521,2026-03-05 03:30:57,VALID,2026-04-04 00:00:00,DATE_ONLY,2026-04-29 22:30:57,VALID,,UNPARSEABLE/NULL,UNAUTHORIZED_TRANSACTION,Customer says transaction was not authorized.,IN_PROGRESS,LOW,IVR
CBK0002582,TXN00016961,VALID,USR66391,MCH2476,2026-03-15 00:00:00,DATE_ONLY,2026-03-16 00:00:00,DATE_ONLY,2026-03-30 16:16:00,VALID,508.34,VALID,UNAUTHORIZED_TRANSACTION,Merchant service was not delivered after payment.,PENDING_BANK,CRITICAL,APP
CBK0002422,TXN00019169,VALID,USR46308,MCH9028,2026-03-26 00:00:00,DATE_ONLY,2026-03-29 00:00:00,DATE_ONLY,,MISSING,8504.48,VALID,UNAUTHORIZED_TRANSACTION,User claims account was compromised before transaction.,IN_PROGRESS,HIGH,CALL_CENTER
CBK0002389,TXN00013105,VALID,USR51442,MCH8389,2026-01-15 00:00:00,DATE_ONLY,,MISSING,2026-01-27 14:40:00,VALID,,UNPARSEABLE/NULL,UNAUTHORIZED_TRANSACTION,Complaint received after multiple failed attempts.,REJECTED,LOW,EMAIL
CBK0002504,TXN00010218,VALID,USR72223,MCH9305,2026-12-02 00:00:00,DATE_ONLY,2026-02-14 00:00:00,DATE_ONLY,2026-02-25 20:16:09,VALID,1320.18,VALID,UNAUTHORIZED_TRANSACTION,Customer says transaction was not authorized.,REJECTED,MEDIUM,CALL_CENTER
CBK0000413,TXN00014824,VALID,USR46130,MCH3100,,MISSING,2026-01-28 16:44:01,VALID,,MISSING,898.64,VALID,GENERAL_COMPLAINT,User claims account was compromised before transaction.,IN_PROGRESS,LOW,IVR
CBK0000735,TXN00011503,VALID,USR69437,MCH4181,2026-09-03 00:00:00,DATE_ONLY,2026-03-12 00:00:00,DATE_ONLY,2026-03-20 00:00:00,DATE_ONLY,2059.59,VALID,SERVICE_NOT_PROVIDED,User claims account was compromised before transaction.,RESOLVED,LOW,CALL_CENTER
CBK0001131,,MISSING,USR67135,MCH5078,2026-02-27 00:00:00,DATE_ONLY,2026-03-01 00:00:00,DATE_ONLY,2026-03-03 12:32:06,VALID,-2342.67,NEGATIVE,UNAUTHORIZED_TRANSACTION,Payment made to unknown merchant as per customer statement.,RESOLVED,MEDIUM,IVR
CBK0001289,TXN00014346,VALID,USR42041,MCH2938,2026-01-31 00:00:00,DATE_ONLY,2026-02-16 00:00:00,DATE_ONLY,2026-03-04 06:21:47,VALID,-1908.15,NEGATIVE,SERVICE_NOT_PROVIDED,User claims account was compromised before transaction.,PENDING_BANK,LOW,IVR
CBK0002650,TXN00017156,VALID,USR66478,MCH1329,2026-02-17 00:00:00,DATE_ONLY,2026-02-21 00:00:00,DATE_ONLY,2026-03-22 06:13:00,VALID,2089.48,VALID,GENERAL_COMPLAINT,User claims account was compromised before transaction. urgent,OPEN,MEDIUM,BRANCH
CBK0001859,TXN00011491,VALID,USR73845,MCH2215,2026-01-14 00:00:00,DATE_ONLY,2026-01-18 00:00:00,DATE_ONLY,2026-02-16 05:51:47,VALID,1506.11,VALID,UNAUTHORIZED_TRANSACTION,Customer complaint text unclear due to poor call center notes.,IN_PROGRESS,LOW,BRANCH
CBK0000993,TXN00007102,VALID,USR24926,MCH7286,2026-03-23 00:26:00,VALID,2026-03-28 00:00:00,DATE_ONLY,2026-04-06 00:00:00,DATE_ONLY,11415.12,VALID,SERVICE_NOT_PROVIDED,Customer says amount was debited twice.,IN_PROGRESS,MEDIUM,APP
CBK0000018,TXN00013395,VALID,USR33081,MCH5650,2026-01-08 00:00:00,DATE_ONLY,2026-01-10 00:00:00,DATE_ONLY,,MISSING,6485.64,VALID,UNAUTHORIZED_TRANSACTION,Merchant service was not delivered after payment.,CLOSED,MEDIUM,CHATBOT
CBK0001108,TXN00002909,VALID,USR19725,MCH3152,2026-03-10 00:00:00,DATE_ONLY,2026-03-11 00:00:00,DATE_ONLY,2026-04-05 09:32:45,VALID,450.33,VALID,UNAUTHORIZED_TRANSACTION,Customer says amount was debited twice.,CLOSED,LOW,EMAIL
CBK0001698,TXN00015223,VALID,USR23621,MCH7119,2026-02-08 05:56:19,VALID,2026-02-09 00:00:00,DATE_ONLY,,MISSING,1336.12,VALID,SERVICE_NOT_PROVIDED,Merchant service was not delivered after payment.,RESOLVED,MEDIUM,EMAIL
CBK0001803,TXN00007718,VALID,USR33934,MCH1524,2026-03-26 00:00:00,DATE_ONLY,2026-03-28 00:00:00,DATE_ONLY,2026-04-18 00:00:00,DATE_ONLY,1496.09,VALID,UNAUTHORIZED_TRANSACTION,User reports money deducted but merchant denies receiving payment.,IN_PROGRESS,HIGH,EMAIL
CBK0002290,TXN00008903,VALID,USR27947,MCH7284,2026-02-17 16:33:46,VALID,2026-02-24 00:00:00,DATE_ONLY,2026-03-01 00:00:00,DATE_ONLY,601.89,VALID,UNAUTHORIZED_TRANSACTION,Suspicious high-value payment disputed by customer.,IN_PROGRESS,CRITICAL,APP
CBK0001371,TXN00005048,VALID,USR43424,MCH1320,2026-02-09 00:00:00,DATE_ONLY,2026-02-10 00:00:00,DATE_ONLY,2026-03-12 00:00:00,DATE_ONLY,2992.52,VALID,DUPLICATE_DEBIT,User says upi pin was not entered by them.,RESOLVED,HIGH,IVR
CBK0001482,TXN00002314,VALID,USR23329,MCH8420,2026-03-05 14:48:39,VALID,2026-03-08 00:00:00,DATE_ONLY,2026-03-27 00:00:00,DATE_ONLY,505.0,VALID,SERVICE_NOT_PROVIDED,User reports money deducted but merchant denies receiving payment.,CLOSED,HIGH,BRANCH
CBK0001684,TXN00010572,VALID,USR52501,MCH5980,2026-01-05 00:00:00,DATE_ONLY,2026-07-01 00:00:00,DATE_ONLY,2026-01-22 00:00:00,DATE_ONLY,1964.0,VALID,UNAUTHORIZED_TRANSACTION,Customer complaint text unclear due to poor call center notes.,REJECTED,HIGH,CHATBOT
CBK0000960,TXN00012384,VALID,USR41135,MCH6810,2026-03-21 00:00:00,DATE_ONLY,,MISSING,2026-05-06 07:01:38,VALID,461.01,VALID,UNAUTHORIZED_TRANSACTION,Suspicious high-value payment disputed by customer.,PENDING_BANK,MEDIUM,IVR
CBK0001812,TXN00006460,VALID,USR29769,MCH9537,,MISSING,2026-09-02 00:00:00,DATE_ONLY,2026-03-01 15:46:53,VALID,3745.94,VALID,DUPLICATE_DEBIT,Suspicious high-value payment disputed by customer.,PENDING_BANK,MEDIUM,IVR
CBK0001272,TXN00018901,VALID,USR79175,MCH4473,2026-01-12 00:00:00,DATE_ONLY,2026-01-15 00:00:00,DATE_ONLY,2026-12-02 19:51:00,VALID,2585.0,VALID,WRONG_AMOUNT,Customer says txn was not authorized.,IN_PROGRESS,LOW,CHATBOT
CBK0000367,TXN00017265,VALID,USR30537,MCH6902,2026-10-01 00:00:00,DATE_ONLY,2026-01-25 16:37:52,VALID,2026-02-18 00:00:00,DATE_ONLY,2120.67,VALID,SERVICE_NOT_PROVIDED,User says upi pin was not entered by them.,RESOLVED,LOW,CHATBOT
CBK0001546,TXN00006374,VALID,USR50077,MCH5655,2026-01-26 00:00:00,DATE_ONLY,2026-01-29 00:00:00,DATE_ONLY,2026-02-15 05:29:55,VALID,328.81,VALID,UNAUTHORIZED_TRANSACTION,Customer says amount was debited twice.,OPEN,MEDIUM,APP
CBK0000287,TXN00015777,VALID,USR40538,MCH2822,2026-03-27 00:00:00,DATE_ONLY,2026-04-11 18:19:42,VALID,2026-05-11 18:19:42,VALID,-4982.63,NEGATIVE,UNAUTHORIZED_TRANSACTION,Payment made to unknown merchant as per customer statement.,IN_PROGRESS,LOW,APP
CBK0001822,TXN00010858,VALID,USR89549,MCH5264,2026-01-16 00:00:00,DATE_ONLY,2026-01-21 00:00:00,DATE_ONLY,2026-04-02 07:12:00,VALID,624.0,VALID,UNAUTHORIZED_TRANSACTION,Payment made to unknown merchant as per customer statement.,IN_PROGRESS,MEDIUM,CALL_CENTER
CBK0000728,TXN00018012,VALID,USR11036,MCH8256,2026-03-26 00:00:00,DATE_ONLY,2026-03-28 00:00:00,DATE_ONLY,,MISSING,722.5,VALID,WRONG_AMOUNT,Payment made to unknown merchant as per customer statement.,CLOSED,LOW,CHATBOT
CBK0000662,TXN00001154,VALID,USR55160,MCH3733,2026-01-09 00:00:00,DATE_ONLY,2026-01-15 13:39:00,VALID,2026-01-22 13:39:35,VALID,336.21,VALID,SERVICE_NOT_PROVIDED,Complaint received after multiple failed attempts.,IN_PROGRESS,MEDIUM,APP
CBK0002338,TXN00001443,VALID,USR39700,MCH7714,2026-02-24 00:00:00,DATE_ONLY,2026-02-27 22:03:00,VALID,2026-03-20 00:00:00,DATE_ONLY,1732.28,VALID,DUPLICATE_DEBIT,User reports money deducted but merchant denies receiving payment.,IN_PROGRESS,MEDIUM,CHATBOT
CBK0001467,TXN00008130,VALID,USR27544,MCH4226,,MISSING,2026-07-01 00:00:00,DATE_ONLY,2026-01-13 00:00:00,DATE_ONLY,482.6,VALID,SERVICE_NOT_PROVIDED,Merchant service was not delivered after payment.,REJECTED,MEDIUM,EMAIL
CBK0001290,TXN00009715,VALID,USR21449,MCH9881,2026-07-01 22:39:00,VALID,2026-01-23 00:00:00,DATE_ONLY,2026-04-02 00:00:00,DATE_ONLY,1200.75,VALID,WRONG_AMOUNT,Payment made to unknown merchant as per customer statement.,CLOSED,LOW,APP
CBK0002411,TXN00013763,VALID,USR34955,MCH8491,2026-03-20 00:00:00,DATE_ONLY,2026-03-23 00:00:00,DATE_ONLY,2026-04-16 00:00:00,DATE_ONLY,306.11,VALID,SERVICE_NOT_PROVIDED,User claims account was compromised before transaction. details missing,PENDING_BANK,MEDIUM,IVR
CBK0001598,TXN00005489,VALID,USR33874,MCH6555,2026-03-16 00:00:00,DATE_ONLY,2026-03-17 11:42:00,VALID,2026-03-23 11:42:34,VALID,3170.75,VALID,UNAUTHORIZED_TRANSACTION,User says upi pin was not entered by them.,CLOSED,MEDIUM,CALL_CENTER
CBK0001414,TXN00000954,VALID,USR60939,MCH6568,2026-02-01 00:00:00,DATE_ONLY,2026-02-02 00:00:00,DATE_ONLY,2026-02-18 00:00:00,DATE_ONLY,12462.99,VALID,UNAUTHORIZED_TRANSACTION,User says upi pin was not entered by them.,RESOLVED,MEDIUM,CHATBOT
CBK0001223,,MISSING,USR85507,MCH1883,2026-04-03 00:00:00,DATE_ONLY,2026-03-04 00:00:00,DATE_ONLY,2026-04-22 00:00:00,DATE_ONLY,-1472.04,NEGATIVE,UNAUTHORIZED_TRANSACTION,Merchant service was not delivered after payment.,PENDING_BANK,LOW,CALL_CENTER
CBK0002142,TXN00001780,VALID,USR87262,MCH1774,2026-01-31 00:00:00,DATE_ONLY,2026-05-02 22:35:00,VALID,2026-07-03 00:00:00,DATE_ONLY,2351.6,VALID,UNAUTHORIZED_TRANSACTION,Customer says amount was debited twice.,OPEN,HIGH,CHATBOT
CBK0001623,TXN00004018,VALID,USR77422,MCH8838,2026-02-13 00:00:00,DATE_ONLY,,MISSING,2026-03-01 01:02:03,VALID,11729.72,VALID,SERVICE_NOT_PROVIDED,Payment made to unknown merchant as per customer statement.,IN_PROGRESS,MEDIUM,CHATBOT
CBK0002342,TXN00018954,VALID,USR46617,MCH4286,2026-01-21 00:00:00,DATE_ONLY,2026-03-07 18:04:46,VALID,2026-03-20 00:00:00,DATE_ONLY,3630.2,VALID,SERVICE_NOT_PROVIDED,User reports money deducted but merchant denies receiving payment. na,REJECTED,HIGH,APP
CBK0001569,TXN00014298,VALID,USR48625,MCH4181,2026-01-23 00:00:00,DATE_ONLY,2026-03-10 00:00:00,DATE_ONLY,,MISSING,665.91,VALID,UNAUTHORIZED_TRANSACTION,Customer says transaction was not authorized.,IN_PROGRESS,MEDIUM,CHATBOT
CBK0001353,TXN00019934,VALID,USR64893,MCH1320,,MISSING,2026-02-21 00:00:00,DATE_ONLY,,MISSING,-2640.42,NEGATIVE,UNAUTHORIZED_TRANSACTION,Complaint received after multiple failed attempts.,PENDING_BANK,LOW,IVR
CBK0001894,TXN00013090,VALID,USR24730,MCH4226,2026-02-02 17:30:06,VALID,2026-02-05 00:00:00,DATE_ONLY,,MISSING,1588.36,VALID,UNAUTHORIZED_TRANSACTION,Customer complaint text unclear due to poor call center notes.,IN_PROGRESS,MEDIUM,APP
CBK0001522,TXN00013545,VALID,USR75846,MCH9344,2026-07-02 00:00:00,DATE_ONLY,2026-12-02 00:00:00,DATE_ONLY,2026-02-18 00:00:00,DATE_ONLY,2483.0,VALID,WRONG_AMOUNT,Payment made to unknown merchant as per customer statement.,RESOLVED,LOW,CHATBOT
CBK0001502,TXN00006961,VALID,USR72785,MCH4196,2026-01-31 00:00:00,DATE_ONLY,2026-02-03 00:00:00,DATE_ONLY,2026-02-07 00:00:00,DATE_ONLY,2280.65,VALID,WRONG_AMOUNT,Suspicious high-value payment disputed by customer. urgent,OPEN,MEDIUM,IVR
CBK0000709,TXN00011910,VALID,USR78593,MCH3912,2026-03-08 00:00:00,DATE_ONLY,2026-03-15 00:00:00,DATE_ONLY,2026-04-11 00:00:00,DATE_ONLY,3498.93,VALID,UNAUTHORIZED_TRANSACTION,Suspicious high-value payment disputed by customer.,REJECTED,LOW,CHATBOT
CBK0000010,TXN00006640,VALID,USR52772,MCH3725,2026-02-25 23:06:00,VALID,2026-02-27 03:06:00,VALID,,MISSING,,UNPARSEABLE/NULL,UNAUTHORIZED_TRANSACTION,User claims account was compromised before transaction.,CLOSED,LOW,APP
CBK0000091,TXN00014621,VALID,USR78310,MCH9002,2026-09-03 00:00:00,DATE_ONLY,2026-03-16 00:00:00,DATE_ONLY,,MISSING,264.51,VALID,SERVICE_NOT_PROVIDED,Complaint received after multiple failed attempts.,OPEN,MEDIUM,IVR
CBK0002557,TXN00039623,VALID,USR35327,MCH3415,2026-02-14 02:29:00,VALID,2026-02-21 00:00:00,DATE_ONLY,2026-03-14 00:00:00,DATE_ONLY,935.0,VALID,GENERAL_COMPLAINT,Customer says amount was debited twice.,RESOLVED,CRITICAL,CHATBOT
CBK0000909,TXN00006059,VALID,USR60322,MCH5605,2026-02-22 00:00:00,DATE_ONLY,2026-02-23 00:00:00,DATE_ONLY,2026-03-08 00:00:00,DATE_ONLY,-11598.12,NEGATIVE,DUPLICATE_DEBIT,Customer complaint text unclear due to poor call center notes.,IN_PROGRESS,MEDIUM,CALL_CENTER
CBK0000677,TXN00003443,VALID,USR88570,MCH2055,2026-02-05 00:00:00,DATE_ONLY,2026-12-02 00:00:00,DATE_ONLY,2026-02-21 00:00:00,DATE_ONLY,-7308.16,NEGATIVE,UNAUTHORIZED_TRANSACTION,Suspicious high-value payment disputed by customer.,OPEN,LOW,EMAIL
CBK0000435,TXN00009091,VALID,USR82248,MCH5691,2026-02-28 11:29:00,VALID,2026-02-03 00:00:00,DATE_ONLY,2026-03-21 00:00:00,DATE_ONLY,358.42,VALID,WRONG_AMOUNT,User reports money deducted but merchant denies receiving payment.,OPEN,MEDIUM,APP
CBK0001325,TXN00012946,VALID,USR82083,MCH7565,2026-03-15 00:00:00,DATE_ONLY,2026-03-22 00:00:00,DATE_ONLY,2026-04-09 00:00:00,DATE_ONLY,315.95,VALID,UNAUTHORIZED_TRANSACTION,Customer says transaction was not authorized.,REJECTED,HIGH,BRANCH
CBK0001746,TXN00015688,VALID,USR40061,MCH5969,2026-01-13 00:00:00,DATE_ONLY,2026-01-19 10:27:00,VALID,2026-02-13 00:00:00,DATE_ONLY,3314.0,VALID,UNAUTHORIZED_TRANSACTION,Payment made to unknown merchant as per customer statement.,PENDING_BANK,MEDIUM,CHATBOT
CBK0000895,TXN00007313,VALID,USR93581,MCH5980,2026-10-01 00:00:00,DATE_ONLY,2026-12-01 10:24:00,VALID,2026-01-27 00:00:00,DATE_ONLY,802.19,VALID,SERVICE_NOT_PROVIDED,Customer complaint text unclear due to poor call center notes.,IN_PROGRESS,HIGH,APP
CBK0000249,TXN00011669,VALID,USR26768,MCH8390,2026-03-30 00:00:00,DATE_ONLY,2026-04-03 16:51:59,VALID,,MISSING,19475.24,VALID,UNAUTHORIZED_TRANSACTION,User claims account was compromised before transaction.,IN_PROGRESS,MEDIUM,CHATBOT
CBK0002573,TXN00007177,VALID,USR70317,MCH8645,2026-02-05 17:12:29,VALID,2026-02-06 00:00:00,DATE_ONLY,2026-02-18 00:00:00,DATE_ONLY,2183.89,VALID,UNAUTHORIZED_TRANSACTION,Merchant service was not delivered after payment.,RESOLVED,LOW,CALL_CENTER
CBK0001564,TXN00001739,VALID,USR36402,MCH6953,2026-02-04 00:00:00,DATE_ONLY,2026-06-03 14:33:00,VALID,2026-03-16 00:00:00,DATE_ONLY,482.37,VALID,DUPLICATE_DEBIT,Customer complaint text unclear due to poor call center notes.,IN_PROGRESS,LOW,EMAIL
CBK0001059,TXN00009260,VALID,USR29465,MCH3341,2026-01-14 00:00:00,DATE_ONLY,2026-01-21 00:00:00,DATE_ONLY,2026-02-06 23:34:05,VALID,5136.75,VALID,WRONG_AMOUNT,Customer says transaction was not authorized.,OPEN,LOW,BRANCH
CBK0001785,TXN00018150,VALID,USR30819,MCH3100,2026-01-12 00:00:00,DATE_ONLY,2026-01-09 00:00:00,DATE_ONLY,2026-01-09 00:00:00,DATE_ONLY,1285.26,VALID,UNAUTHORIZED_TRANSACTION,User claims account was compromised before txn.,IN_PROGRESS,MEDIUM,BRANCH
CBK0000387,TXN00001261,VALID,USR11270,MCH4799,2026-03-22 00:00:00,DATE_ONLY,2026-03-23 00:00:00,DATE_ONLY,,MISSING,1010.81,VALID,WRONG_AMOUNT,Payment made to unknown merchant as per customer statement.,RESOLVED,LOW,APP
CBK0000166,TXN00011027,VALID,USR82338,MCH2856,2026-02-06 00:48:39,VALID,,MISSING,2026-09-02 00:00:00,DATE_ONLY,1781.0,VALID,DUPLICATE_DEBIT,Customer complaint text unclear due to poor call center notes.,PENDING_BANK,MEDIUM,CALL_CENTER
CBK0000288,TXN00055417,VALID,USR41398,MCH1803,2026-03-23 00:00:00,DATE_ONLY,2026-03-25 07:56:30,VALID,,MISSING,9306.13,VALID,UNAUTHORIZED_TRANSACTION,Payment made to unknown merchant as per customer statement.,IN_PROGRESS,LOW,CHATBOT
CBK0000195,TXN00014413,VALID,USR30474,MCH8961,2026-01-02 11:42:38,VALID,2026-06-01 09:42:00,VALID,2026-11-01 00:00:00,DATE_ONLY,2399.47,VALID,SERVICE_NOT_PROVIDED,Customer says transaction was not authorized.,IN_PROGRESS,MEDIUM,IVR
CBK0001761,TXN00014440,VALID,USR24857,MCH1433,2026-01-14 00:00:00,DATE_ONLY,2026-01-16 18:29:00,VALID,,MISSING,12244.08,VALID,UNAUTHORIZED_TRANSACTION,Customer complaint text unclear due to poor call center notes. call dropped,OPEN,HIGH,BRANCH
CBK0001753,TXN00002207,VALID,USR56780,MCH9581,,MISSING,2026-03-28 00:00:00,DATE_ONLY,2026-04-18 00:00:00,DATE_ONLY,-326.69,NEGATIVE,UNAUTHORIZED_TRANSACTION,Payment made to unknown merchant as per customer statement.,PENDING_BANK,HIGH,CHATBOT
CBK0000020,TXN00010227,VALID,USR97817,MCH7570,2026-02-20 00:00:00,DATE_ONLY,2026-02-24 00:00:00,DATE_ONLY,2026-03-21 00:00:00,DATE_ONLY,258.0,VALID,SERVICE_NOT_PROVIDED,Merchant service was not delivered after payment.,RESOLVED,HIGH,BRANCH
CBK0000942,TXN00000964,VALID,USR78941,MCH3992,2026-03-29 15:18:17,VALID,2026-06-04 00:00:00,DATE_ONLY,2026-06-04 02:18:00,VALID,2761.55,VALID,DUPLICATE_DEBIT,Suspicious high-value payment disputed by customer.,RESOLVED,LOW,IVR
CBK0002736,TXN00017399,VALID,USR27913,MCH5980,2026-01-26 19:18:00,VALID,2026-01-27 00:00:00,DATE_ONLY,,MISSING,685.65,VALID,SERVICE_NOT_PROVIDED,Customer complaint text unclear due to poor call center notes.,REJECTED,CRITICAL,CHATBOT
CBK0000940,TXN00012142,VALID,USR51720,MCH2099,2026-03-17 12:23:25,VALID,2026-03-20 00:00:00,DATE_ONLY,2026-03-20 00:00:00,DATE_ONLY,355.28,VALID,DUPLICATE_DEBIT,Customer says transaction was not authorized.,RESOLVED,HIGH,EMAIL
CBK0000031,TXN00005788,VALID,USR80678,MCH4473,,MISSING,2026-03-29 00:09:09,VALID,2026-03-29 00:09:09,VALID,372.51,VALID,DUPLICATE_DEBIT,User claims account was compromised before transaction.,RESOLVED,LOW,IVR
CBK0001210,TXN00014187,VALID,USR80504,MCH2456,2026-03-18 00:00:00,DATE_ONLY,2026-03-20 00:00:00,DATE_ONLY,2026-03-25 08:55:00,VALID,972.0,VALID,UNAUTHORIZED_TRANSACTION,Complaint received after multiple failed attempts.,RESOLVED,LOW,CHATBOT
CBK0002670,TXN00018420,VALID,USR34122,MCH3807,,MISSING,2026-12-03 19:55:00,VALID,2026-03-28 00:00:00,DATE_ONLY,2274.67,VALID,SERVICE_NOT_PROVIDED,Payment made to unknown merchant as per customer statement.,PENDING_BANK,HIGH,BRANCH
CBK0001707,TXN00006976,VALID,USR91675,MCH3676,2026-01-15 00:00:00,DATE_ONLY,2026-01-16 02:55:00,VALID,2026-02-13 02:55:52,VALID,1752.57,VALID,UNAUTHORIZED_TRANSACTION,Customer says amount was debited twice.,PENDING_BANK,LOW,EMAIL
CBK0002073,TXN00007227,VALID,USR23350,MCH8136,,MISSING,2026-03-02 00:00:00,DATE_ONLY,,MISSING,1894.93,VALID,WRONG_AMOUNT,Customer complaint text unclear due to poor call center notes.,OPEN,MEDIUM,BRANCH
CBK0001648,TXN00003335,VALID,USR96396,MCH5954,2026-03-28 00:00:00,DATE_ONLY,2026-04-07 00:00:00,DATE_ONLY,2026-05-05 00:00:00,DATE_ONLY,1426.02,VALID,UNAUTHORIZED_TRANSACTION,Customer says transaction was not authorized.,PENDING_BANK,HIGH,IVR
CBK0001755,TXN00008682,VALID,USR56480,MCH7833,2026-01-19 03:35:28,VALID,2026-01-20 22:35:28,VALID,2026-01-21 00:00:00,DATE_ONLY,5944.75,VALID,UNAUTHORIZED_TRANSACTION,Suspicious high-value payment disputed by customer.,CLOSED,LOW,CHATBOT
CBK0000952,TXN00013323,VALID,USR46902,MCH2064,,MISSING,2026-04-24 00:00:00,DATE_ONLY,2026-05-19 00:00:00,DATE_ONLY,1986.27,VALID,SERVICE_NOT_PROVIDED,Complaint received after multiple failed attempts.,OPEN,MEDIUM,CALL_CENTER
CBK0002378,TXN00014450,VALID,USR74567,MCH5798,2026-10-03 00:00:00,DATE_ONLY,2026-03-13 00:00:00,DATE_ONLY,2026-03-13 23:03:21,VALID,2438.0,VALID,SERVICE_NOT_PROVIDED,Complaint received after multiple failed attempts.,IN_PROGRESS,LOW,CHATBOT
CBK0001662,TXN00008240,VALID,USR43842,MCH7885,2026-01-06 00:00:00,DATE_ONLY,2026-08-01 00:00:00,DATE_ONLY,2026-01-18 19:29:00,VALID,-962.34,NEGATIVE,SERVICE_NOT_PROVIDED,Merchant service was not delivered after payment.,RESOLVED,HIGH,BRANCH
CBK0000275,TXN00037497,VALID,USR31937,MCH9768,2026-02-20 00:00:00,DATE_ONLY,2026-02-23 00:00:00,DATE_ONLY,2026-08-03 00:00:00,DATE_ONLY,419.0,VALID,SERVICE_NOT_PROVIDED,Complaint received after multiple failed attempts.,RESOLVED,CRITICAL,CHATBOT
CBK0002206,TXN00009768,VALID,USR52915,MCH7051,,MISSING,2026-03-16 00:00:00,DATE_ONLY,2026-03-17 00:10:00,VALID,5082.98,VALID,UNAUTHORIZED_TRANSACTION,Payment made to unknown merchant as per customer statement.,CLOSED,CRITICAL,EMAIL
CBK0002687,TXN00017004,VALID,USR22471,MCH2822,2026-01-27 00:00:00,DATE_ONLY,2026-01-29 03:06:00,VALID,2026-02-11 00:00:00,DATE_ONLY,645.98,VALID,GENERAL_COMPLAINT,User says upi pin was not entered by them.,IN_PROGRESS,CRITICAL,CALL_CENTER
CBK0000843,TXN00014470,VALID,USR23820,MCH3842,2026-03-14 00:00:00,DATE_ONLY,2026-03-25 00:04:00,VALID,,MISSING,,UNPARSEABLE/NULL,SERVICE_NOT_PROVIDED,Complaint received after multiple failed attempts.,REJECTED,LOW,CALL_CENTER
CBK0002212,TXN00010395,VALID,USR73737,MCH1395,2026-03-24 02:55:35,VALID,2026-03-31 00:00:00,DATE_ONLY,2026-04-13 06:55:35,VALID,4273.42,VALID,SERVICE_NOT_PROVIDED,Customer says amount was debited twice. na,IN_PROGRESS,HIGH,CHATBOT
CBK0002231,TXN00010167,VALID,USR37981,MCH7715,2026-03-08 00:00:00,DATE_ONLY,2026-03-10 09:30:28,VALID,2026-04-08 00:00:00,DATE_ONLY,-3121.8,NEGATIVE,GENERAL_COMPLAINT,Customer says amount was debited twice.,IN_PROGRESS,MEDIUM,CHATBOT
CBK0000475,TXN00015106,VALID,USR66875,MCH7661,2026-02-11 00:00:00,DATE_ONLY,2026-02-18 00:00:00,DATE_ONLY,,MISSING,4581.94,VALID,DUPLICATE_DEBIT,Suspicious high-value payment disputed by customer.,OPEN,MEDIUM,EMAIL
CBK0002741,TXN00016493,VALID,USR97428,MCH9290,,MISSING,,MISSING,2026-03-21 00:00:00,DATE_ONLY,1664.55,VALID,UNAUTHORIZED_TRANSACTION,Complaint received after multiple failed attempts.,CLOSED,LOW,IVR
CBK0001221,TXN00002325,VALID,USR19262,MCH7654,2026-03-28 01:43:00,VALID,,MISSING,2026-04-26 00:00:00,DATE_ONLY,800.32,VALID,SERVICE_NOT_PROVIDED,Payment made to unknown merchant as per customer statement.,IN_PROGRESS,HIGH,EMAIL
CBK0000584,TXN00018381,VALID,USR66286,MCH3433,2026-01-24 00:00:00,DATE_ONLY,2026-01-26 00:09:00,VALID,2026-02-17 00:09:38,VALID,528.22,VALID,UNAUTHORIZED_TRANSACTION,Suspicious high-value payment disputed by customer.,OPEN,LOW,IVR
CBK0001297,TXN00002610,VALID,USR99997,MCH5710,2026-01-04 00:00:00,DATE_ONLY,2026-01-10 07:41:28,VALID,2026-02-09 07:41:28,VALID,784.51,VALID,WRONG_AMOUNT,Suspicious high-value payment disputed by customer.,REJECTED,MEDIUM,APP
CBK0001860,TXN00000877,VALID,USR24833,MCH8648,2026-03-10 00:00:00,DATE_ONLY,2026-03-11 00:00:00,DATE_ONLY,2026-04-06 00:00:00,DATE_ONLY,1251.7,VALID,WRONG_AMOUNT,Suspicious high-value payment disputed by customer.,RESOLVED,LOW,IVR
CBK0001456,TXN00003248,VALID,USR30500,MCH2822,2026-02-08 02:56:43,VALID,2026-02-09 00:00:00,DATE_ONLY,2026-02-16 00:00:00,DATE_ONLY,10277.41,VALID,UNAUTHORIZED_TRANSACTION,Suspicious high-value payment disputed by customer.,PENDING_BANK,CRITICAL,CALL_CENTER
CBK0001261,TXN00001742,VALID,USR56247,MCH1220,2026-01-24 00:00:00,DATE_ONLY,2026-02-03 00:00:00,DATE_ONLY,2026-02-15 00:00:00,DATE_ONLY,1286.87,VALID,UNAUTHORIZED_TRANSACTION,Customer complaint text unclear due to poor call center notes.,IN_PROGRESS,LOW,IVR
CBK0000638,TXN00006348,VALID,USR97580,MCH6624,2026-01-17 00:00:00,DATE_ONLY,2026-01-21 00:00:00,DATE_ONLY,2026-01-27 00:24:00,VALID,506.14,VALID,GENERAL_COMPLAINT,User says upi pin was not entered by them.,IN_PROGRESS,MEDIUM,CHATBOT
CBK0000029,TXN00006499,VALID,USR14810,MCH1545,2026-02-27 09:13:41,VALID,2026-01-03 20:13:00,VALID,,MISSING,640.77,VALID,WRONG_AMOUNT,User says upi pin was not entered by them.,CLOSED,MEDIUM,CHATBOT
CBK0001349,TXN00011307,VALID,USR27947,MCH5452,2026-03-31 02:55:00,VALID,2026-03-31 19:55:24,VALID,2026-04-06 00:00:00,DATE_ONLY,4006.77,VALID,UNAUTHORIZED_TRANSACTION,User says upi pin was not entered by them.,PENDING_BANK,LOW,CALL_CENTER
CBK0000751,TXN00008166,VALID,USR71704,MCH6694,,MISSING,,MISSING,2026-02-22 08:23:27,VALID,813.72,VALID,UNAUTHORIZED_TRANSACTION,User claims account was compromised before transaction.,REJECTED,MEDIUM,IVR
CBK0001656,TXN00014355,VALID,USR49179,MCH9241,2026-03-31 00:00:00,DATE_ONLY,2026-05-15 19:24:00,VALID,2026-06-09 00:00:00,DATE_ONLY,842.31,VALID,DUPLICATE_DEBIT,Customer says transaction was not authorized.,OPEN,LOW,BRANCH
CBK0001674,TXN00013171,VALID,USR44076,MCH8679,2026-02-27 00:19:00,VALID,2026-04-13 00:00:00,DATE_ONLY,2026-04-18 00:00:00,DATE_ONLY,1091.17,VALID,UNAUTHORIZED_TRANSACTION,Customer complaint text unclear due to poor call center notes.,IN_PROGRESS,HIGH,BRANCH
CBK0000295,TXN00010097,VALID,USR30500,MCH3244,2026-02-20 01:27:00,VALID,2026-02-22 00:00:00,DATE_ONLY,2026-03-19 00:00:00,DATE_ONLY,12885.17,VALID,UNAUTHORIZED_TRANSACTION,Complaint received after multiple failed attempts.,PENDING_BANK,LOW,IVR
CBK0000054,TXN00015105,VALID,USR35239,MCH9077,2026-03-26 00:00:00,DATE_ONLY,2026-03-29 00:00:00,DATE_ONLY,2026-03-30 00:00:00,DATE_ONLY,608.31,VALID,GENERAL_COMPLAINT,User claims account was compromised before transaction.,REJECTED,LOW,IVR
CBK0001078,TXN00001209,VALID,USR19922,MCH6850,2026-02-07 00:00:00,DATE_ONLY,2026-02-13 00:00:00,DATE_ONLY,,MISSING,2704.46,VALID,SERVICE_NOT_PROVIDED,User claims account was compromised before transaction.,IN_PROGRESS,MEDIUM,CHATBOT
CBK0000768,TXN00002926,VALID,USR29277,MCH7998,2026-01-03 00:00:00,DATE_ONLY,2026-02-18 00:00:00,DATE_ONLY,2026-02-19 00:00:00,DATE_ONLY,1432.79,VALID,GENERAL_COMPLAINT,Customer complaint text unclear due to poor call center notes.,OPEN,LOW,CHATBOT
CBK0002700,TXN00018891,VALID,USR69797,MCH5713,,MISSING,2026-01-06 00:00:00,DATE_ONLY,2026-04-02 20:17:00,VALID,2154.46,VALID,UNAUTHORIZED_TRANSACTION,Customer complaint text unclear due to poor call center notes.,RESOLVED,HIGH,EMAIL
CBK0002167,TXN00008964,VALID,USR58972,MCH9155,2026-01-20 00:00:00,DATE_ONLY,2026-01-22 00:00:00,DATE_ONLY,,MISSING,1646.02,VALID,UNAUTHORIZED_TRANSACTION,Customer says amount was debited twice.,PENDING_BANK,HIGH,EMAIL
CBK0002787,TXN00005483,VALID,USR89278,MCH4006,2026-01-12 00:44:38,VALID,2026-01-15 00:00:00,DATE_ONLY,,MISSING,2130.14,VALID,SERVICE_NOT_PROVIDED,User reports money deducted but merchant denies receiving payment.,IN_PROGRESS,MEDIUM,CALL_CENTER
CBK0002552,TXN00011308,VALID,USR27300,MCH9291,2026-03-30 00:00:00,DATE_ONLY,2026-02-04 19:18:00,VALID,2026-04-26 00:00:00,DATE_ONLY,16936.0,VALID,UNAUTHORIZED_TRANSACTION,Complaint received after multiple failed attempts.,OPEN,LOW,CALL_CENTER
CBK0002279,TXN00018603,VALID,USR39503,MCH1658,2026-03-23 12:48:07,VALID,2026-03-26 00:00:00,DATE_ONLY,2026-03-26 04:48:00,VALID,3615.07,VALID,DUPLICATE_DEBIT,Suspicious high-value payment disputed by customer.,REJECTED,CRITICAL,CALL_CENTER
CBK0000950,TXN00016469,VALID,USR13599,MCH6400,2026-01-29 06:43:12,VALID,2026-02-06 00:00:00,DATE_ONLY,2026-02-14 00:00:00,DATE_ONLY,1313.4,VALID,UNAUTHORIZED_TRANSACTION,Complaint received after multiple failed attempts.,IN_PROGRESS,HIGH,CHATBOT
CBK0002046,TXN00013381,VALID,USR72135,MCH5076,2026-08-01 16:33:00,VALID,2026-01-18 21:33:00,VALID,2026-02-17 21:33:18,VALID,1684.52,VALID,SERVICE_NOT_PROVIDED,User says upi pin was not entered by them.,REJECTED,LOW,BRANCH
CBK0002547,TXN00009614,VALID,USR83314,MCH4007,,MISSING,2026-12-02 00:00:00,DATE_ONLY,2026-01-03 00:00:00,DATE_ONLY,927.07,VALID,UNAUTHORIZED_TRANSACTION,Customer complaint text unclear due to poor call center notes.,PENDING_BANK,HIGH,IVR
CBK0000941,TXN00016470,VALID,USR14844,MCH2266,2026-04-01 00:00:00,DATE_ONLY,2026-01-10 09:49:36,VALID,2026-01-10 00:00:00,DATE_ONLY,-1994.56,NEGATIVE,SERVICE_NOT_PROVIDED,Customer says amount was debited twice.,OPEN,HIGH,EMAIL
CBK0001286,TXN00004472,VALID,USR83523,MCH5954,2026-03-10 08:35:18,VALID,2026-03-07 08:35:18,VALID,2026-05-04 08:35:00,VALID,,UNPARSEABLE/NULL,SERVICE_NOT_PROVIDED,Customer says transaction was not authorized. na,PENDING_BANK,MEDIUM,BRANCH
CBK0002170,TXN00017055,VALID,USR56789,MCH5954,2026-03-02 00:00:00,DATE_ONLY,2026-03-03 00:00:00,DATE_ONLY,2026-03-16 00:00:00,DATE_ONLY,226.51,VALID,DUPLICATE_DEBIT,Customer complaint text unclear due to poor call center notes.,REJECTED,HIGH,CHATBOT
CBK0001905,TXN00011981,VALID,USR80617,MCH7286,2026-08-01 00:00:00,DATE_ONLY,2026-11-01 00:00:00,DATE_ONLY,2026-01-23 03:28:28,VALID,17594.04,VALID,SERVICE_NOT_PROVIDED,Suspicious high-value payment disputed by customer.,PENDING_BANK,LOW,EMAIL
CBK0000179,TXN00017876,VALID,USR49537,MCH5956,2026-03-06 00:00:00,DATE_ONLY,2026-03-10 14:02:56,VALID,2026-03-28 00:00:00,DATE_ONLY,638.04,VALID,UNAUTHORIZED_TRANSACTION,Customer says transaction was not authorized.,IN_PROGRESS,HIGH,IVR
CBK0002676,TXN00004927,VALID,USR19351,MCH3684,2026-05-03 00:00:00,DATE_ONLY,,MISSING,,MISSING,1530.6,VALID,SERVICE_NOT_PROVIDED,Merchant service was not delivered after payment.,RESOLVED,LOW,APP
CBK0001302,TXN00007192,VALID,USR80872,MCH2757,2026-01-08 00:00:00,DATE_ONLY,2026-01-16 00:00:00,DATE_ONLY,2026-08-02 00:00:00,DATE_ONLY,1195.71,VALID,SERVICE_NOT_PROVIDED,Suspicious high-value payment disputed by customer.,PENDING_BANK,MEDIUM,IVR
CBK0000591,TXN00011869,VALID,USR62847,MCH3840,2026-01-16 05:31:00,VALID,2026-02-03 00:00:00,DATE_ONLY,2026-03-24 00:00:00,DATE_ONLY,8004.21,VALID,WRONG_AMOUNT,User claims account was compromised before transaction.,CLOSED,CRITICAL,CALL_CENTER
CBK0000460,TXN00001710,VALID,USR13062,MCH2803,2026-03-22 00:00:00,DATE_ONLY,2026-04-21 00:00:00,DATE_ONLY,,MISSING,-5894.84,NEGATIVE,UNAUTHORIZED_TRANSACTION,Customer complaint text unclear due to poor call center notes.,RESOLVED,MEDIUM,IVR
CBK0000570,TXN00006817,VALID,USR13134,MCH3815,2026-03-24 00:00:00,DATE_ONLY,2026-03-25 00:00:00,DATE_ONLY,2026-04-10 00:00:00,DATE_ONLY,774.67,VALID,UNAUTHORIZED_TRANSACTION,Customer says transaction was not authorized.,PENDING_BANK,MEDIUM,CHATBOT
CBK0001161,TXN00004594,VALID,USR71825,MCH8679,2026-02-23 00:00:00,DATE_ONLY,2026-02-24 00:00:00,DATE_ONLY,2026-03-24 00:00:00,DATE_ONLY,315.15,VALID,UNAUTHORIZED_TRANSACTION,Customer complaint text unclear due to poor call center notes.,IN_PROGRESS,MEDIUM,APP
CBK0002019,TXN00005409,VALID,USR58335,MCH1825,2026-03-27 23:06:21,VALID,2026-03-29 14:06:21,VALID,,MISSING,504.51,VALID,DUPLICATE_DEBIT,Customer says transaction was not authorized.,RESOLVED,CRITICAL,APP
CBK0002751,TXN00015657,VALID,USR59679,MCH3440,2026-02-08 00:00:00,DATE_ONLY,2026-02-10 00:00:00,DATE_ONLY,2026-02-25 00:00:00,DATE_ONLY,1966.13,VALID,SERVICE_NOT_PROVIDED,User says upi pin was not entered by them.,REJECTED,LOW,IVR
CBK0001766,,MISSING,USR12686,MCH7267,2026-02-18 00:00:00,DATE_ONLY,2026-02-18 00:00:00,DATE_ONLY,2026-03-20 10:31:04,VALID,1546.27,VALID,UNAUTHORIZED_TRANSACTION,User claims account was compromised before transaction.,RESOLVED,HIGH,CHATBOT
CBK0002685,TXN00018738,VALID,USR32577,MCH5980,2026-10-02 00:00:00,DATE_ONLY,2026-03-13 00:00:00,DATE_ONLY,2026-03-29 00:00:00,DATE_ONLY,1179.22,VALID,DUPLICATE_DEBIT,Customer complaint text unclear due to poor call center notes.,PENDING_BANK,LOW,CHATBOT
CBK0001179,TXN00016521,VALID,USR36519,MCH9839,2026-02-25 00:00:00,DATE_ONLY,2026-03-13 00:00:00,DATE_ONLY,2026-04-07 00:00:00,DATE_ONLY,2697.0,VALID,UNAUTHORIZED_TRANSACTION,Customer says amount was debited twice.,PENDING_BANK,LOW,EMAIL
CBK0002516,TXN00073646,VALID,USR57758,MCH1812,2026-01-24 00:00:00,DATE_ONLY,2026-01-31 00:00:00,DATE_ONLY,,MISSING,7863.78,VALID,GENERAL_COMPLAINT,Payment made to unknown merchant as per customer statement.,RESOLVED,HIGH,EMAIL
CBK0002047,TXN00007439,VALID,USR65461,MCH3896,2026-09-03 12:57:00,VALID,2026-03-12 00:00:00,DATE_ONLY,,MISSING,3333.48,VALID,UNAUTHORIZED_TRANSACTION,User claims account was compromised before transaction.,REJECTED,LOW,CHATBOT
CBK0000352,TXN00014436,VALID,USR20197,MCH8920,2026-02-02 00:00:00,DATE_ONLY,2026-02-05 18:21:54,VALID,2026-02-23 18:21:54,VALID,5439.35,VALID,UNAUTHORIZED_TRANSACTION,Suspicious high-value payment disputed by customer.,PENDING_BANK,HIGH,BRANCH
CBK0001568,TXN00010744,VALID,USR28325,MCH2822,2026-02-03 04:06:53,VALID,2026-02-04 12:06:53,VALID,2026-07-02 12:06:00,VALID,748.64,VALID,UNAUTHORIZED_TRANSACTION,User claims account was compromised before transaction.,RESOLVED,MEDIUM,BRANCH
CBK0001997,TXN00019193,VALID,USR39555,MCH8953,2026-01-10 00:00:00,DATE_ONLY,2026-01-13 00:00:00,DATE_ONLY,2026-02-09 00:00:00,DATE_ONLY,1004.32,VALID,DUPLICATE_DEBIT,Complaint received after multiple failed attempts.,CLOSED,HIGH,CHATBOT
CBK0000400,TXN00009596,VALID,USR71348,MCH7207,2026-01-21 00:00:00,DATE_ONLY,2026-01-24 00:00:00,DATE_ONLY,,MISSING,5224.53,VALID,DUPLICATE_DEBIT,User claims account was compromised before transaction.,IN_PROGRESS,MEDIUM,APP
CBK0000982,TXN00011350,VALID,USR93171,MCH5785,2026-01-06 00:00:00,DATE_ONLY,2026-01-14 00:00:00,DATE_ONLY,,MISSING,188.6,VALID,SERVICE_NOT_PROVIDED,User reports money deducted but merchant denies receiving payment.,CLOSED,MEDIUM,IVR
CBK0001618,TXN00015125,VALID,USR77086,MCH1644,2026-03-28 00:00:00,DATE_ONLY,2026-04-28 00:00:00,DATE_ONLY,2026-05-22 00:00:00,DATE_ONLY,967.0,VALID,UNAUTHORIZED_TRANSACTION,Customer says transaction was not authorized.,IN_PROGRESS,MEDIUM,BRANCH
CBK0001730,TXN00006467,VALID,USR66854,MCH4352,2026-02-19 12:08:55,VALID,2026-02-20 10:08:55,VALID,2026-03-17 00:00:00,DATE_ONLY,7505.86,VALID,WRONG_AMOUNT,Customer complaint text unclear due to poor call center notes.,REJECTED,HIGH,CHATBOT
CBK0002249,TXN00005146,VALID,USR93984,MCH8154,2026-03-26 00:00:00,DATE_ONLY,2026-03-29 08:57:00,VALID,2026-04-24 00:00:00,DATE_ONLY,725.45,VALID,UNAUTHORIZED_TRANSACTION,Customer says transaction was not authorized.,PENDING_BANK,MEDIUM,IVR
CBK0001787,TXN00013934,VALID,USR50975,MCH4366,2026-03-12 13:58:26,VALID,2026-04-11 00:00:00,DATE_ONLY,2026-04-26 00:00:00,DATE_ONLY,487.43,VALID,UNAUTHORIZED_TRANSACTION,Suspicious high-value payment disputed by customer.,IN_PROGRESS,HIGH,EMAIL
CBK0000936,TXN00008546,VALID,USR92782,MCH9921,2026-02-07 19:28:54,VALID,2026-02-08 00:00:00,DATE_ONLY,2026-02-17 00:00:00,DATE_ONLY,936.49,VALID,GENERAL_COMPLAINT,User says upi pin was not entered by them.,RESOLVED,LOW,CHATBOT
CBK0001535,TXN00015786,VALID,USR49801,MCH2148,2026-03-17 00:00:00,DATE_ONLY,2026-03-20 15:18:00,VALID,,MISSING,14485.22,VALID,GENERAL_COMPLAINT,User reports money deducted but merchant denies receiving payment.,PENDING_BANK,MEDIUM,CALL_CENTER
CBK0001064,TXN00016822,VALID,USR40162,MCH1101,2026-01-19 01:40:00,VALID,2026-02-19 00:00:00,DATE_ONLY,2026-03-02 00:00:00,DATE_ONLY,3058.22,VALID,UNAUTHORIZED_TRANSACTION,Customer says amount was debited twice.,IN_PROGRESS,LOW,CHATBOT
CBK0002089,TXN00010784,VALID,USR61539,MCH5778,2026-01-16 03:49:43,VALID,2026-01-16 12:49:43,VALID,2026-02-04 00:00:00,DATE_ONLY,782.96,VALID,GENERAL_COMPLAINT,Customer says amount was debited twice.,OPEN,HIGH,BRANCH
CBK0001897,TXN00008189,VALID,USR22202,MCH4473,2026-10-01 00:00:00,DATE_ONLY,2026-09-02 09:59:00,VALID,2026-02-13 00:00:00,DATE_ONLY,577.55,VALID,DUPLICATE_DEBIT,User claims account was compromised before transaction.,IN_PROGRESS,MEDIUM,APP
CBK0001591,TXN00001778,VALID,USR22644,MCH3896,2026-02-20 00:00:00,DATE_ONLY,2026-02-21 20:57:45,VALID,2026-03-23 00:00:00,DATE_ONLY,2008.0,VALID,UNAUTHORIZED_TRANSACTION,Customer complaint text unclear due to poor call center notes.,REJECTED,LOW,IVR
CBK0001510,TXN00009054,VALID,USR40521,MCH8665,2026-01-16 19:29:00,VALID,2026-01-18 00:00:00,DATE_ONLY,2026-02-08 00:00:00,DATE_ONLY,14177.27,VALID,UNAUTHORIZED_TRANSACTION,Customer says transaction was not authorized.,IN_PROGRESS,MEDIUM,IVR
CBK0000351,TXN00049383,VALID,USR83155,MCH5768,2026-01-30 00:00:00,DATE_ONLY,2026-01-31 19:44:25,VALID,2026-02-23 19:44:00,VALID,614.57,VALID,SERVICE_NOT_PROVIDED,Suspicious high-value payment disputed by cust.,OPEN,LOW,CHATBOT
CBK0001213,TXN00017444,VALID,USR29137,MCH6278,2026-03-24 23:19:43,VALID,2026-03-25 00:00:00,DATE_ONLY,2026-03-30 00:00:00,DATE_ONLY,252.18,VALID,UNAUTHORIZED_TRANSACTION,User claims account was compromised before txn.,PENDING_BANK,MEDIUM,CHATBOT
CBK0001031,TXN00018504,VALID,USR95238,MCH8391,2026-02-19 00:00:00,DATE_ONLY,2026-02-23 00:00:00,DATE_ONLY,2026-02-23 00:00:00,DATE_ONLY,2887.1,VALID,UNAUTHORIZED_TRANSACTION,Merchant service was not delivered after payment. details missing,RESOLVED,LOW,CALL_CENTER
CBK0001148,TXN00009676,VALID,USR60032,MCH8953,2026-01-18 00:00:00,DATE_ONLY,2026-02-03 00:00:00,DATE_ONLY,2026-03-02 08:39:23,VALID,,UNPARSEABLE/NULL,UNAUTHORIZED_TRANSACTION,User reports money deducted but merchant denies receiving payment.,RESOLVED,LOW,CHATBOT
CBK0002528,TXN00019669,VALID,USR43455,MCH2895,2026-03-10 12:00:49,VALID,2026-11-03 00:00:00,DATE_ONLY,,MISSING,2022.82,VALID,UNAUTHORIZED_TRANSACTION,Customer says transaction was not authorized. call dropped,IN_PROGRESS,MEDIUM,EMAIL
CBK0002233,TXN00010897,VALID,USR48881,MCH3815,2026-01-29 21:07:26,VALID,2026-02-14 17:07:26,VALID,2026-03-03 17:07:26,VALID,5022.43,VALID,SERVICE_NOT_PROVIDED,User reports money deducted but merchant denies receiving payment.,IN_PROGRESS,HIGH,BRANCH
CBK0000147,TXN00003927,VALID,USR94184,MCH2234,2026-02-09 00:00:00,DATE_ONLY,2026-02-17 03:26:55,VALID,2026-02-18 00:00:00,DATE_ONLY,875.3,VALID,WRONG_AMOUNT,Customer says transaction was not authorized.,CLOSED,LOW,IVR
CBK0000527,,MISSING,USR45627,MCH3427,2026-03-26 11:37:00,VALID,2026-03-28 00:00:00,DATE_ONLY,,MISSING,-171.98,NEGATIVE,UNAUTHORIZED_TRANSACTION,User reports money deducted but merchant denies receiving payment.,IN_PROGRESS,LOW,IVR
CBK0000140,TXN00001801,VALID,USR46902,MCH2378,2026-02-26 07:20:00,VALID,2026-08-03 07:20:00,VALID,2026-03-10 07:20:55,VALID,2789.99,VALID,GENERAL_COMPLAINT,User says upi pin was not entered by them.,IN_PROGRESS,LOW,EMAIL
CBK0000613,TXN00002808,VALID,USR82191,MCH9948,2026-02-13 00:00:00,DATE_ONLY,2026-02-20 00:00:00,DATE_ONLY,2026-02-03 02:21:00,VALID,604.93,VALID,GENERAL_COMPLAINT,Customer says transaction was not authorized.,PENDING_BANK,MEDIUM,EMAIL
CBK0001796,TXN00014147,VALID,USR19352,MCH5990,2026-02-12 00:00:00,DATE_ONLY,2026-02-22 00:00:00,DATE_ONLY,2026-03-04 00:00:00,DATE_ONLY,2551.0,VALID,UNAUTHORIZED_TRANSACTION,Payment made to unknown merchant as per customer statement.,IN_PROGRESS,LOW,BRANCH
CBK0000336,TXN00004644,VALID,USR14768,MCH8391,2026-05-03 00:00:00,DATE_ONLY,2026-03-08 00:00:00,DATE_ONLY,,MISSING,-3662.83,NEGATIVE,SERVICE_NOT_PROVIDED,User claims account was compromised before transaction.,RESOLVED,LOW,IVR
CBK0002179,TXN00002142,VALID,USR44124,MCH9291,2026-01-14 00:00:00,DATE_ONLY,2026-01-18 00:00:00,DATE_ONLY,2026-01-25 00:00:00,DATE_ONLY,13132.36,VALID,SERVICE_NOT_PROVIDED,Customer says amount was debited twice.,CLOSED,HIGH,CHATBOT
CBK0002623,,MISSING,USR80824,MCH3492,2026-01-18 14:41:00,VALID,2026-03-02 00:00:00,DATE_ONLY,2026-02-21 00:00:00,DATE_ONLY,1057.6,VALID,UNAUTHORIZED_TRANSACTION,Suspicious high-value payment disputed by customer.,REJECTED,HIGH,APP
CBK0001375,TXN00001251,VALID,USR45344,MCH4473,2026-01-29 00:00:00,DATE_ONLY,2026-02-01 00:00:00,DATE_ONLY,,MISSING,802.62,VALID,GENERAL_COMPLAINT,Merchant service was not delivered after payment.,RESOLVED,HIGH,CHATBOT
CBK0001280,TXN00012568,VALID,USR61715,MCH6850,2026-01-16 00:00:00,DATE_ONLY,2026-03-02 14:03:49,VALID,2026-03-11 00:00:00,DATE_ONLY,15086.0,VALID,GENERAL_COMPLAINT,Customer says transaction was not authorized.,OPEN,LOW,CALL_CENTER
CBK0002202,TXN00001215,VALID,USR26403,MCH5655,2026-01-01 00:00:00,DATE_ONLY,2026-01-07 00:00:00,DATE_ONLY,,MISSING,5146.97,VALID,SERVICE_NOT_PROVIDED,Merchant service was not delivered after payment.,CLOSED,MEDIUM,CHATBOT
CBK0002178,TXN00010512,VALID,USR39098,MCH1080,2026-01-19 00:00:00,DATE_ONLY,2026-01-22 04:57:56,VALID,,MISSING,752.1,VALID,WRONG_AMOUNT,Customer says amount was debited twice.,OPEN,LOW,IVR
CBK0002515,TXN00019171,VALID,USR95538,MCH5931,2026-03-30 00:00:00,DATE_ONLY,2026-04-09 00:00:00,DATE_ONLY,,MISSING,3429.44,VALID,WRONG_AMOUNT,Customer says transaction was not authorized.,RESOLVED,LOW,CALL_CENTER
CBK0000099,,MISSING,USR93290,MCH3558,2026-01-11 00:00:00,DATE_ONLY,2026-01-17 00:00:00,DATE_ONLY,,MISSING,1317.94,VALID,UNAUTHORIZED_TRANSACTION,User claims account was compromised before transaction.,RESOLVED,MEDIUM,EMAIL
CBK0002071,TXN00006958,VALID,USR61891,MCH7286,2026-02-13 00:00:00,DATE_ONLY,2026-02-13 00:00:00,DATE_ONLY,,MISSING,-1162.72,NEGATIVE,SERVICE_NOT_PROVIDED,Payment made to unknown merchant as per customer statement.,OPEN,HIGH,IVR
CBK0000066,TXN00017748,VALID,USR86707,MCH8350,,MISSING,2026-12-02 00:00:00,DATE_ONLY,2026-03-06 00:00:00,DATE_ONLY,1855.0,VALID,SERVICE_NOT_PROVIDED,Customer complaint text unclear due to poor call center notes. call dropped,REJECTED,LOW,APP
CBK0002204,TXN00009040,VALID,USR97137,MCH3202,2026-01-05 13:37:21,VALID,2026-01-16 00:00:00,DATE_ONLY,2026-02-15 00:00:00,DATE_ONLY,-1600.6,NEGATIVE,SERVICE_NOT_PROVIDED,Customer says transaction was not authorized.,IN_PROGRESS,HIGH,CALL_CENTER
CBK0001942,TXN00017185,VALID,USR88284,MCH9344,2026-03-08 00:00:00,DATE_ONLY,2026-03-16 00:00:00,DATE_ONLY,2026-04-04 00:00:00,DATE_ONLY,384.18,VALID,WRONG_AMOUNT,Payment made to unknown merchant as per customer statement.,OPEN,MEDIUM,BRANCH
CBK0000955,,MISSING,USR66359,MCH2992,2026-04-03 00:00:00,DATE_ONLY,2026-04-18 12:26:19,VALID,,MISSING,1214.33,VALID,SERVICE_NOT_PROVIDED,Payment made to unknown merchant as per customer statement.,OPEN,LOW,IVR
CBK0001156,TXN00010478,VALID,USR27893,MCH7475,2026-01-28 07:58:01,VALID,2026-01-29 00:00:00,DATE_ONLY,,MISSING,634.0,VALID,UNAUTHORIZED_TRANSACTION,Merchant service was not delivered after payment.,IN_PROGRESS,LOW,CHATBOT
CBK0001940,TXN00006894,VALID,USR19400,MCH3815,,MISSING,2026-02-26 00:00:00,DATE_ONLY,2026-04-03 00:00:00,DATE_ONLY,2016.51,VALID,SERVICE_NOT_PROVIDED,Customer complaint text unclear due to poor call center notes.,REJECTED,HIGH,IVR
CBK0000135,TXN00013531,VALID,USR33763,MCH2483,,MISSING,2026-01-22 00:00:00,DATE_ONLY,2026-06-02 00:00:00,DATE_ONLY,2390.0,VALID,SERVICE_NOT_PROVIDED,User reports money deducted but merchant denies receiving payment.,IN_PROGRESS,LOW,APP
CBK0002522,,MISSING,USR72963,MCH4406,,MISSING,2026-03-02 00:00:00,DATE_ONLY,2026-03-23 00:00:00,DATE_ONLY,584.72,VALID,UNAUTHORIZED_TRANSACTION,User claims account was compromised before transaction.,REJECTED,LOW,APP
CBK0002568,TXN00012990,VALID,USR24437,MCH1818,2026-03-01 15:45:08,VALID,,MISSING,,MISSING,3464.25,VALID,UNAUTHORIZED_TRANSACTION,Customer says amount was debited twice.,CLOSED,HIGH,CHATBOT
CBK0001092,TXN00015253,VALID,USR50458,MCH4725,,MISSING,2026-03-17 00:00:00,DATE_ONLY,,MISSING,1700.27,VALID,SERVICE_NOT_PROVIDED,Customer complaint text unclear due to poor call center notes.,PENDING_BANK,LOW,CHATBOT
CBK0001495,TXN00014774,VALID,USR47392,MCH8779,2026-03-23 00:00:00,DATE_ONLY,2026-03-04 00:00:00,DATE_ONLY,2026-04-20 00:00:00,DATE_ONLY,2478.18,VALID,UNAUTHORIZED_TRANSACTION,Payment made to unknown merchant as per customer statement.,REJECTED,LOW,BRANCH
CBK0000296,TXN00003112,VALID,USR49629,MCH1546,2026-03-27 12:17:00,VALID,2026-04-03 00:00:00,DATE_ONLY,2026-09-04 00:00:00,DATE_ONLY,4974.0,VALID,SERVICE_NOT_PROVIDED,User says upi pin was not entered by them.,CLOSED,MEDIUM,CHATBOT
CBK0002750,TXN00013670,VALID,USR26461,MCH9342,2026-11-02 00:00:00,DATE_ONLY,2026-03-13 00:00:00,DATE_ONLY,2026-03-18 18:50:28,VALID,4375.63,VALID,DUPLICATE_DEBIT,User says upi pin was not entered by them.,REJECTED,MEDIUM,BRANCH
CBK0002535,TXN00009226,VALID,USR99720,MCH1211,2026-01-15 00:00:00,DATE_ONLY,2026-01-22 15:05:21,VALID,2026-01-24 00:00:00,DATE_ONLY,4466.49,VALID,UNAUTHORIZED_TRANSACTION,User reports money deducted but merchant denies receiving payment.,RESOLVED,MEDIUM,BRANCH
CBK0002545,TXN00010063,VALID,USR85767,MCH8999,2026-02-12 07:23:39,VALID,2026-02-19 00:00:00,DATE_ONLY,2026-03-09 00:00:00,DATE_ONLY,219.86,VALID,UNAUTHORIZED_TRANSACTION,User says upi pin was not entered by them.,OPEN,MEDIUM,CHATBOT
CBK0002186,TXN00003156,VALID,USR24528,MCH4024,2026-02-25 00:00:00,DATE_ONLY,2026-02-26 00:00:00,DATE_ONLY,2026-03-19 00:00:00,DATE_ONLY,1072.99,VALID,UNAUTHORIZED_TRANSACTION,Customer complaint text unclear due to poor call center notes.,RESOLVED,MEDIUM,EMAIL
CBK0000978,TXN00006792,VALID,USR48647,MCH5655,,MISSING,2026-02-27 00:00:00,DATE_ONLY,2026-03-02 00:00:00,DATE_ONLY,1704.54,VALID,WRONG_AMOUNT,Customer complaint text unclear due to poor call center notes.,REJECTED,LOW,CALL_CENTER
CBK0001661,TXN00009867,VALID,USR15733,MCH8681,2026-03-25 04:28:00,VALID,2026-04-09 00:00:00,DATE_ONLY,2026-04-16 19:28:49,VALID,9736.35,VALID,SERVICE_NOT_PROVIDED,User reports money deducted but merchant denies receiving payment.,REJECTED,HIGH,BRANCH
CBK0000354,TXN00013742,VALID,USR63462,MCH1320,2026-01-16 00:00:00,DATE_ONLY,2026-01-16 00:00:00,DATE_ONLY,2026-01-30 00:00:00,DATE_ONLY,3062.43,VALID,SERVICE_NOT_PROVIDED,User reports money deducted but merchant denies receiving payment.,IN_PROGRESS,HIGH,CHATBOT
CBK0002642,TXN00007026,VALID,USR88352,MCH8311,2026-02-13 00:00:00,DATE_ONLY,2026-02-24 05:34:00,VALID,,MISSING,,UNPARSEABLE/NULL,UNAUTHORIZED_TRANSACTION,Suspicious high-value payment disputed by customer.,CLOSED,MEDIUM,CHATBOT
CBK0002479,TXN00007945,VALID,USR12314,MCH9784,2026-02-24 00:00:00,DATE_ONLY,2026-03-01 09:39:03,VALID,2026-03-05 00:00:00,DATE_ONLY,2209.68,VALID,DUPLICATE_DEBIT,User says upi pin was not entered by them. call dropped,RESOLVED,MEDIUM,BRANCH
CBK0000934,TXN00014323,VALID,USR66946,MCH6810,2026-01-22 00:00:00,DATE_ONLY,2026-01-23 00:00:00,DATE_ONLY,2026-01-23 08:09:17,VALID,8749.79,VALID,SERVICE_NOT_PROVIDED,Suspicious high-value payment disputed by customer.,REJECTED,LOW,IVR
CBK0000499,TXN00011216,VALID,USR26571,MCH5954,2026-01-25 00:00:00,DATE_ONLY,2026-01-25 00:00:00,DATE_ONLY,2026-02-13 00:00:00,DATE_ONLY,-857.98,NEGATIVE,UNAUTHORIZED_TRANSACTION,User reports money deducted but merchant denies receiving payment.,REJECTED,CRITICAL,EMAIL
CBK0000312,TXN00013916,VALID,USR29758,MCH5655,2026-01-31 15:10:08,VALID,2026-02-10 22:10:08,VALID,2026-03-03 00:00:00,DATE_ONLY,804.06,VALID,GENERAL_COMPLAINT,Complaint received after multiple failed attempts.,CLOSED,MEDIUM,CHATBOT
CBK0000667,TXN00006052,VALID,USR54126,MCH2266,2026-01-13 00:00:00,DATE_ONLY,2026-01-15 00:00:00,DATE_ONLY,,MISSING,1664.31,VALID,GENERAL_COMPLAINT,Complaint received after multiple failed attempts.,PENDING_BANK,CRITICAL,EMAIL
CBK0001500,TXN00004113,VALID,USR65211,MCH5770,2026-03-14 11:50:00,VALID,2026-04-14 00:00:00,DATE_ONLY,2026-04-26 00:00:00,DATE_ONLY,1173.86,VALID,SERVICE_NOT_PROVIDED,User says upi pin was not entered by them.,CLOSED,HIGH,BRANCH
CBK0001524,TXN00010627,VALID,USR65183,MCH5171,2026-02-17 00:00:00,DATE_ONLY,2026-02-18 00:00:00,DATE_ONLY,2026-03-09 00:00:00,DATE_ONLY,,UNPARSEABLE/NULL,UNAUTHORIZED_TRANSACTION,Customer says transaction was not authorized.,RESOLVED,LOW,BRANCH
CBK0000438,TXN00011978,VALID,USR99732,MCH7833,2026-02-03 10:00:52,VALID,2026-02-04 00:00:00,DATE_ONLY,,MISSING,466.0,VALID,SERVICE_NOT_PROVIDED,Customer says transaction was not authorized. urgent,PENDING_BANK,LOW,EMAIL
CBK0000012,TXN00013740,VALID,USR35501,MCH8913,2026-01-25 00:00:00,DATE_ONLY,2026-01-28 19:43:23,VALID,,MISSING,650.92,VALID,GENERAL_COMPLAINT,Suspicious high-value payment disputed by customer.,PENDING_BANK,MEDIUM,CHATBOT
CBK0001710,TXN00002546,VALID,USR96958,MCH4226,2026-01-06 03:50:09,VALID,2026-01-13 00:00:00,DATE_ONLY,,MISSING,6642.41,VALID,UNAUTHORIZED_TRANSACTION,User reports money deducted but merchant denies receiving payment.,REJECTED,LOW,CALL_CENTER
CBK0001322,TXN00018670,VALID,USR33934,MCH9699,2026-03-09 00:00:00,DATE_ONLY,2026-03-13 00:00:00,DATE_ONLY,2026-03-19 00:00:00,DATE_ONLY,3883.93,VALID,WRONG_AMOUNT,Merchant service was not delivered after payment.,RESOLVED,MEDIUM,IVR
CBK0000894,TXN00015855,VALID,USR95334,MCH6372,2026-03-16 00:00:00,DATE_ONLY,2026-03-19 00:00:00,DATE_ONLY,2026-03-21 00:00:00,DATE_ONLY,6458.0,VALID,WRONG_AMOUNT,User says upi pin was not entered by them.,IN_PROGRESS,LOW,APP
CBK0000784,TXN00014785,VALID,USR41135,MCH7286,2026-01-31 00:00:00,DATE_ONLY,2026-01-31 00:00:00,DATE_ONLY,2026-02-16 09:56:17,VALID,1176.91,VALID,SERVICE_NOT_PROVIDED,Suspicious high-value payment disputed by customer.,IN_PROGRESS,LOW,BRANCH
CBK0001573,TXN00015673,VALID,USR29406,MCH4270,2026-02-21 00:00:00,DATE_ONLY,2026-01-03 04:47:00,VALID,,MISSING,,UNPARSEABLE/NULL,UNAUTHORIZED_TRANSACTION,User says upi pin was not entered by them.,CLOSED,MEDIUM,IVR
CBK0002149,TXN00011510,VALID,USR30541,MCH6295,2026-01-13 00:00:00,DATE_ONLY,2026-01-21 11:12:17,VALID,2026-01-30 00:00:00,DATE_ONLY,7271.24,VALID,UNAUTHORIZED_TRANSACTION,Merchant service was not delivered after payment.,OPEN,LOW,IVR
CBK0001257,,MISSING,USR74209,MCH6057,2026-03-19 00:00:00,DATE_ONLY,2026-03-25 01:08:00,VALID,2026-04-14 00:00:00,DATE_ONLY,2346.56,VALID,GENERAL_COMPLAINT,Complaint received after multiple failed attempts.,OPEN,LOW,CHATBOT
CBK0000370,,MISSING,USR68023,MCH2511,2026-02-18 00:00:00,DATE_ONLY,2026-02-26 09:56:26,VALID,2026-03-08 00:00:00,DATE_ONLY,-3719.71,NEGATIVE,DUPLICATE_DEBIT,User says upi pin was not entered by them.,CLOSED,MEDIUM,APP
CBK0001398,TXN00015787,VALID,USR61935,MCH8643,2026-06-02 16:53:00,VALID,2026-02-09 16:53:32,VALID,2026-02-16 00:00:00,DATE_ONLY,8787.96,VALID,UNAUTHORIZED_TRANSACTION,Payment made to unknown merchant as per customer statement.,REJECTED,HIGH,IVR
CBK0001343,TXN00017045,VALID,USR87914,MCH2822,2026-01-20 00:00:00,DATE_ONLY,2026-03-07 00:00:00,DATE_ONLY,2026-03-20 00:00:00,DATE_ONLY,1409.0,VALID,UNAUTHORIZED_TRANSACTION,Suspicious high-value payment disputed by customer. urgent,IN_PROGRESS,MEDIUM,CHATBOT
CBK0000769,TXN00010549,VALID,USR88037,MCH4590,2026-01-16 00:00:00,DATE_ONLY,2026-01-31 00:00:00,DATE_ONLY,2026-02-03 14:45:00,VALID,6630.73,VALID,GENERAL_COMPLAINT,Complaint received after multiple failed attempts.,IN_PROGRESS,HIGH,APP
CBK0002111,TXN00019791,VALID,USR48202,MCH2383,2026-06-02 06:10:00,VALID,2026-02-08 00:00:00,DATE_ONLY,2026-02-17 18:10:00,VALID,376.0,VALID,WRONG_AMOUNT,Customer complaint text unclear due to poor call center notes.,CLOSED,LOW,CHATBOT
CBK0002589,TXN00001501,VALID,USR49236,MCH4590,2026-03-22 00:00:00,DATE_ONLY,,MISSING,2026-04-12 00:00:00,DATE_ONLY,1157.85,VALID,DUPLICATE_DEBIT,Payment made to unknown merchant as per customer statement.,OPEN,HIGH,IVR
CBK0001391,TXN00008679,VALID,USR46067,MCH1887,2026-03-22 00:00:00,DATE_ONLY,2026-03-23 21:04:05,VALID,2026-03-29 21:04:00,VALID,1294.7,VALID,WRONG_AMOUNT,Complaint received after multiple failed attempts.,RESOLVED,MEDIUM,CHATBOT
CBK0000496,TXN00005986,VALID,USR21449,MCH1486,,MISSING,2026-01-23 00:00:00,DATE_ONLY,2026-02-13 00:00:00,DATE_ONLY,6879.04,VALID,GENERAL_COMPLAINT,User claims account was compromised before transaction. call dropped,OPEN,HIGH,CALL_CENTER
CBK0000928,TXN00008356,VALID,USR74115,MCH9582,2026-02-16 00:00:00,DATE_ONLY,2026-02-21 00:00:00,DATE_ONLY,2026-03-17 17:43:22,VALID,,UNPARSEABLE/NULL,SERVICE_NOT_PROVIDED,User claims account was compromised before transaction. na,CLOSED,MEDIUM,CHATBOT
CBK0000648,TXN00005486,VALID,USR11810,MCH1581,2026-02-02 00:00:00,DATE_ONLY,2026-02-04 00:00:00,DATE_ONLY,,MISSING,1288.0,VALID,UNAUTHORIZED_TRANSACTION,User says upi pin was not entered by them.,CLOSED,LOW,BRANCH
CBK0002136,TXN00005344,VALID,USR86525,MCH5753,2026-03-24 00:00:00,DATE_ONLY,2026-04-03 00:00:00,DATE_ONLY,2026-04-04 09:48:11,VALID,1422.0,VALID,UNAUTHORIZED_TRANSACTION,Customer complaint text unclear due to poor call center notes.,CLOSED,HIGH,CHATBOT
CBK0001658,TXN00004488,VALID,USR55710,MCH6850,2026-01-05 13:51:43,VALID,2026-01-09 00:00:00,DATE_ONLY,,MISSING,2468.0,VALID,WRONG_AMOUNT,Complaint received after multiple failed attempts.,REJECTED,CRITICAL,APP
CBK0002436,TXN00008330,VALID,USR64405,MCH9291,2026-03-03 00:00:00,DATE_ONLY,2026-03-10 00:00:00,DATE_ONLY,2026-01-04 00:00:00,DATE_ONLY,1847.49,VALID,UNAUTHORIZED_TRANSACTION,Customer complaint text unclear due to poor call center notes.,IN_PROGRESS,MEDIUM,BRANCH
CBK0002460,TXN00018148,VALID,USR68295,MCH2914,2026-05-01 15:46:00,VALID,2026-07-01 00:00:00,DATE_ONLY,2026-01-14 05:46:54,VALID,2197.15,VALID,DUPLICATE_DEBIT,Payment made to unknown merchant as per customer statement.,OPEN,LOW,BRANCH
CBK0001162,TXN00012239,VALID,USR22644,MCH5296,2026-01-27 15:49:00,VALID,2026-01-29 00:00:00,DATE_ONLY,,MISSING,6796.0,VALID,DUPLICATE_DEBIT,Customer complaint text unclear due to poor call center notes.,CLOSED,MEDIUM,CHATBOT
CBK0002084,TXN00083297,VALID,USR66974,MCH7833,2026-03-30 13:13:00,VALID,2026-04-05 00:00:00,DATE_ONLY,,MISSING,,UNPARSEABLE/NULL,UNAUTHORIZED_TRANSACTION,Payment made to unknown merchant as per cust statement.,IN_PROGRESS,CRITICAL,IVR
CBK0000003,TXN00013293,VALID,USR91078,MCH6993,2026-01-07 23:12:32,VALID,2026-09-01 14:12:00,VALID,2026-04-02 00:00:00,DATE_ONLY,1290.78,VALID,WRONG_AMOUNT,User says upi pin was not entered by them.,REJECTED,HIGH,IVR
CBK0000669,TXN00018414,VALID,USR22639,MCH8836,2026-03-28 14:45:10,VALID,2026-03-30 11:45:10,VALID,,MISSING,3972.17,VALID,UNAUTHORIZED_TRANSACTION,User claims account was compromised before transaction.,IN_PROGRESS,HIGH,IVR
CBK0000439,TXN00016295,VALID,USR83930,MCH9092,2026-03-18 00:00:00,DATE_ONLY,2026-03-21 00:00:00,DATE_ONLY,2026-03-23 00:00:00,DATE_ONLY,10226.59,VALID,WRONG_AMOUNT,Suspicious high-value payment disputed by customer.,OPEN,MEDIUM,IVR
CBK0002423,TXN00014966,VALID,USR26696,MCH9223,2026-02-13 20:33:40,VALID,2026-02-17 00:00:00,DATE_ONLY,2026-03-03 00:00:00,DATE_ONLY,10848.72,VALID,SERVICE_NOT_PROVIDED,Payment made to unknown merchant as per cust statement.,REJECTED,HIGH,IVR
CBK0000282,TXN00016877,VALID,USR87914,MCH5070,2026-10-03 18:14:00,VALID,2026-04-10 05:14:49,VALID,,MISSING,3046.01,VALID,SERVICE_NOT_PROVIDED,Customer says transaction was not authorized.,RESOLVED,MEDIUM,IVR
CBK0002195,TXN00004411,VALID,USR48054,MCH9844,2026-02-05 23:26:12,VALID,2026-02-09 00:00:00,DATE_ONLY,,MISSING,3905.0,VALID,WRONG_AMOUNT,User reports money deducted but merchant denies receiving payment.,OPEN,LOW,CHATBOT
CBK0002767,TXN00014701,VALID,USR79411,MCH8154,2026-02-15 00:00:00,DATE_ONLY,2026-02-19 02:41:00,VALID,,MISSING,4452.29,VALID,SERVICE_NOT_PROVIDED,Customer complaint text unclear due to poor call center notes.,OPEN,HIGH,CHATBOT
CBK0000538,TXN00005988,VALID,USR84311,MCH2752,2026-01-10 00:00:00,DATE_ONLY,2026-01-26 15:58:00,VALID,,MISSING,1345.11,VALID,UNAUTHORIZED_TRANSACTION,Merchant service was not delivered after payment.,OPEN,HIGH,CHATBOT
CBK0001829,TXN00005136,VALID,USR58407,MCH5584,2026-03-19 00:00:00,DATE_ONLY,2026-03-22 00:00:00,DATE_ONLY,2026-03-24 00:00:00,DATE_ONLY,1719.63,VALID,WRONG_AMOUNT,User reports money deducted but merchant denies receiving payment.,REJECTED,MEDIUM,BRANCH
CBK0000807,TXN00017317,VALID,USR77247,MCH5805,,MISSING,2026-01-13 05:52:57,VALID,,MISSING,8056.19,VALID,WRONG_AMOUNT,User claims account was compromised before transaction. pls check asap,IN_PROGRESS,MEDIUM,CHATBOT
CBK0001204,,MISSING,USR37435,MCH7058,,MISSING,,MISSING,2026-01-22 00:00:00,DATE_ONLY,-16163.8,NEGATIVE,WRONG_AMOUNT,Merchant service was not delivered after payment.,REJECTED,MEDIUM,IVR
CBK0002299,TXN00012406,VALID,USR13926,MCH9166,2026-01-11 00:00:00,DATE_ONLY,2026-01-12 05:57:06,VALID,,MISSING,-2900.07,NEGATIVE,SERVICE_NOT_PROVIDED,Customer says transaction was not authorized. urgent,IN_PROGRESS,LOW,IVR
CBK0002286,TXN00007923,VALID,USR98994,MCH2676,2026-01-30 00:00:00,DATE_ONLY,2026-02-07 13:24:35,VALID,2026-02-16 00:00:00,DATE_ONLY,2225.43,VALID,SERVICE_NOT_PROVIDED,Payment made to unknown merchant as per customer statement.,PENDING_BANK,MEDIUM,IVR
CBK0000567,TXN00016408,VALID,USR33228,MCH8298,2026-02-16 00:00:00,DATE_ONLY,2026-02-19 00:00:00,DATE_ONLY,2026-02-23 00:13:00,VALID,5179.58,VALID,WRONG_AMOUNT,Customer says amount was debited twice.,CLOSED,LOW,EMAIL
CBK0001201,TXN00014054,VALID,USR85014,MCH7286,2026-03-15 00:00:00,DATE_ONLY,2026-03-15 00:00:00,DATE_ONLY,2026-03-27 08:14:00,VALID,,UNPARSEABLE/NULL,SERVICE_NOT_PROVIDED,Complaint received after multiple failed attempts.,CLOSED,LOW,CHATBOT
CBK0001779,TXN00006263,VALID,USR61731,MCH3837,2026-02-22 00:00:00,DATE_ONLY,2026-08-04 00:00:00,DATE_ONLY,2026-04-20 19:46:00,VALID,843.91,VALID,GENERAL_COMPLAINT,Merchant service was not delivered after payment.,CLOSED,LOW,APP
CBK0000315,TXN00011615,VALID,USR67684,MCH9052,2026-01-30 19:19:00,VALID,2026-01-31 14:19:59,VALID,,MISSING,,UNPARSEABLE/NULL,UNAUTHORIZED_TRANSACTION,Merchant service was not delivered after payment.,RESOLVED,MEDIUM,CHATBOT
CBK0000683,TXN00017581,VALID,USR54113,MCH6129,,MISSING,2026-02-19 12:11:31,VALID,2026-03-21 00:00:00,DATE_ONLY,,UNPARSEABLE/NULL,SERVICE_NOT_PROVIDED,User says upi pin was not entered by them.,REJECTED,LOW,CHATBOT
CBK0001014,TXN00005083,VALID,USR78215,MCH9892,2026-01-29 08:31:00,VALID,2026-01-31 14:31:24,VALID,,MISSING,448.0,VALID,SERVICE_NOT_PROVIDED,Payment made to unknown merchant as per customer statement.,REJECTED,MEDIUM,EMAIL
CBK0002450,TXN00005485,VALID,USR94055,MCH5437,2026-01-06 19:11:31,VALID,2026-07-01 00:00:00,DATE_ONLY,2026-01-09 00:00:00,DATE_ONLY,4839.05,VALID,UNAUTHORIZED_TRANSACTION,Merchant service was not delivered after payment.,IN_PROGRESS,CRITICAL,BRANCH
CBK0001114,TXN00004265,VALID,USR40538,MCH7833,2026-03-06 00:00:00,DATE_ONLY,2026-07-03 00:42:00,VALID,2026-03-18 00:00:00,DATE_ONLY,330.36,VALID,SERVICE_NOT_PROVIDED,Payment made to unknown merchant as per cust statement.,IN_PROGRESS,LOW,CHATBOT
CBK0001947,TXN00018820,VALID,USR36913,MCH9291,2026-02-20 00:00:00,DATE_ONLY,2026-02-03 00:00:00,DATE_ONLY,2026-03-27 00:00:00,DATE_ONLY,7255.27,VALID,WRONG_AMOUNT,User claims account was compromised before transaction.,RESOLVED,LOW,IVR
CBK0002503,TXN00013623,VALID,USR34012,MCH2141,2026-03-05 13:39:14,VALID,,MISSING,2026-04-02 00:00:00,DATE_ONLY,3159.54,VALID,UNAUTHORIZED_TRANSACTION,User says upi pin was not entered by them.,OPEN,LOW,EMAIL
CBK0002362,TXN00007811,VALID,USR20310,MCH8076,2026-02-15 08:01:23,VALID,2026-02-18 00:00:00,DATE_ONLY,2026-03-05 13:01:23,VALID,1224.0,VALID,SERVICE_NOT_PROVIDED,Payment made to unknown merchant as per customer statement.,IN_PROGRESS,HIGH,IVR
CBK0002060,TXN00010691,VALID,USR71335,MCH8391,2026-09-01 00:00:00,DATE_ONLY,2026-01-13 00:00:00,DATE_ONLY,2026-01-20 00:00:00,DATE_ONLY,518.38,VALID,WRONG_AMOUNT,User reports money deducted but merchant denies receiving payment.,REJECTED,MEDIUM,APP
CBK0001135,TXN00011148,VALID,USR73600,MCH2913,2026-07-02 00:00:00,DATE_ONLY,2026-02-14 13:33:58,VALID,2026-03-16 13:33:00,VALID,745.95,VALID,GENERAL_COMPLAINT,User says upi pin was not entered by them.,OPEN,LOW,IVR
CBK0001631,TXN00014809,VALID,USR76917,MCH2822,2026-02-24 07:09:00,VALID,2026-02-25 00:00:00,DATE_ONLY,2026-03-22 00:00:00,DATE_ONLY,1458.95,VALID,SERVICE_NOT_PROVIDED,Customer says amount was debited twice.,RESOLVED,HIGH,APP
CBK0000363,TXN00014836,VALID,USR62092,MCH3992,2026-03-22 00:00:00,DATE_ONLY,2026-06-04 00:00:00,DATE_ONLY,2026-04-28 12:09:00,VALID,,UNPARSEABLE/NULL,GENERAL_COMPLAINT,User reports money deducted but merchant denies receiving payment.,RESOLVED,LOW,CHATBOT
CBK0002324,TXN00016940,VALID,USR80407,MCH7916,2026-12-02 00:00:00,DATE_ONLY,2026-02-14 00:00:00,DATE_ONLY,2026-03-13 13:19:00,VALID,-60.71,NEGATIVE,SERVICE_NOT_PROVIDED,Customer complaint text unclear due to poor call center notes.,CLOSED,LOW,APP
CBK0000375,TXN00015798,VALID,USR47647,MCH8330,2026-01-10 00:00:00,DATE_ONLY,2026-01-12 00:00:00,DATE_ONLY,2026-01-26 03:31:00,VALID,5976.69,VALID,WRONG_AMOUNT,Suspicious high-value payment disputed by customer.,IN_PROGRESS,LOW,CHATBOT
CBK0002593,TXN00017923,VALID,USR87216,MCH8000,2026-02-22 07:31:00,VALID,2026-02-24 00:00:00,DATE_ONLY,2026-03-03 10:31:06,VALID,1055.53,VALID,DUPLICATE_DEBIT,Suspicious high-value payment disputed by customer.,CLOSED,MEDIUM,CHATBOT
CBK0001120,TXN00004989,VALID,USR96958,MCH5208,2026-01-23 00:00:00,DATE_ONLY,2026-01-24 15:03:00,VALID,2026-06-02 00:00:00,DATE_ONLY,5305.63,VALID,GENERAL_COMPLAINT,Customer says amount was debited twice.,PENDING_BANK,MEDIUM,CHATBOT
CBK0002032,TXN00017675,VALID,USR27832,MCH2457,,MISSING,2026-03-17 08:41:11,VALID,2026-03-23 00:00:00,DATE_ONLY,,UNPARSEABLE/NULL,UNAUTHORIZED_TRANSACTION,User says upi pin was not entered by them.,IN_PROGRESS,MEDIUM,CHATBOT
CBK0001442,TXN00004821,VALID,USR82070,MCH9291,2026-08-03 00:00:00,DATE_ONLY,2026-03-18 00:00:00,DATE_ONLY,,MISSING,165.89,VALID,DUPLICATE_DEBIT,Merchant service was not delivered after payment.,CLOSED,LOW,CHATBOT
CBK0001529,TXN00008099,VALID,USR86223,MCH1511,2026-02-22 00:00:00,DATE_ONLY,2026-02-24 00:00:00,DATE_ONLY,2026-03-20 00:00:00,DATE_ONLY,4576.69,VALID,SERVICE_NOT_PROVIDED,Customer says amount was debited twice.,CLOSED,CRITICAL,IVR
CBK0002605,TXN00007342,VALID,USR51261,MCH9573,2026-06-01 00:00:00,DATE_ONLY,2026-02-01 14:08:00,VALID,2026-01-29 00:00:00,DATE_ONLY,9521.14,VALID,SERVICE_NOT_PROVIDED,User reports money deducted but merchant denies receiving payment.,IN_PROGRESS,MEDIUM,BRANCH
CBK0000877,TXN00009172,VALID,USR96970,MCH9291,2026-02-13 08:27:00,VALID,2026-02-15 00:00:00,DATE_ONLY,2026-02-18 00:00:00,DATE_ONLY,880.82,VALID,WRONG_AMOUNT,Merchant service was not delivered after payment.,IN_PROGRESS,MEDIUM,IVR
CBK0001007,TXN00014381,VALID,USR51742,MCH7833,2026-11-01 00:00:00,DATE_ONLY,2026-02-10 00:00:00,DATE_ONLY,,MISSING,1523.0,VALID,UNAUTHORIZED_TRANSACTION,User reports money deducted but merchant denies receiving payment.,RESOLVED,HIGH,CALL_CENTER
CBK0001118,TXN00063034,VALID,USR93926,MCH9036,2026-01-24 09:06:58,VALID,2026-01-26 00:00:00,DATE_ONLY,,MISSING,3681.27,VALID,UNAUTHORIZED_TRANSACTION,User claims account was compromised before transaction.,PENDING_BANK,HIGH,CHATBOT
CBK0002323,,MISSING,USR71935,MCH3538,2026-07-02 00:00:00,DATE_ONLY,2026-03-09 06:02:09,VALID,2026-03-16 00:00:00,DATE_ONLY,2538.09,VALID,UNAUTHORIZED_TRANSACTION,Suspicious high-value payment disputed by customer. call dropped,IN_PROGRESS,LOW,EMAIL
CBK0001691,TXN00010383,VALID,USR15365,MCH4695,2026-12-02 00:00:00,DATE_ONLY,2026-02-22 12:37:00,VALID,2026-02-28 00:00:00,DATE_ONLY,4163.19,VALID,SERVICE_NOT_PROVIDED,Customer says amount was debited twice.,REJECTED,LOW,IVR
CBK0002723,TXN00017184,VALID,USR90661,MCH2507,2026-11-03 00:00:00,DATE_ONLY,2026-03-13 12:43:00,VALID,2026-02-04 12:43:00,VALID,3231.22,VALID,DUPLICATE_DEBIT,Customer says transaction was not authorized.,REJECTED,MEDIUM,IVR
CBK0000587,TXN00007285,VALID,USR87500,MCH1569,,MISSING,2026-01-02 08:40:00,VALID,2026-02-21 00:00:00,DATE_ONLY,4196.87,VALID,DUPLICATE_DEBIT,User says upi pin was not entered by them.,RESOLVED,HIGH,CHATBOT
CBK0001026,TXN00009371,VALID,USR52820,MCH8391,2026-02-01 00:00:00,DATE_ONLY,2026-03-01 00:00:00,DATE_ONLY,2026-01-25 00:00:00,DATE_ONLY,,UNPARSEABLE/NULL,UNAUTHORIZED_TRANSACTION,Suspicious high-value payment disputed by customer.,IN_PROGRESS,CRITICAL,IVR
CBK0000797,TXN00010208,VALID,USR84323,MCH2140,2026-02-23 00:00:00,DATE_ONLY,2026-02-25 00:00:00,DATE_ONLY,2026-12-03 00:00:00,DATE_ONLY,687.82,VALID,SERVICE_NOT_PROVIDED,User says upi pin was not entered by them.,IN_PROGRESS,LOW,IVR
CBK0002035,,MISSING,USR74657,MCH1497,2026-01-25 00:00:00,DATE_ONLY,2026-01-27 00:00:00,DATE_ONLY,,MISSING,,UNPARSEABLE/NULL,GENERAL_COMPLAINT,Customer complaint text unclear due to poor call center notes.,IN_PROGRESS,LOW,CHATBOT
CBK0000676,TXN00010013,VALID,USR25470,MCH9984,2026-03-24 17:08:02,VALID,2026-03-24 00:00:00,DATE_ONLY,2026-04-15 00:00:00,DATE_ONLY,314.65,VALID,SERVICE_NOT_PROVIDED,Customer says transaction was not authorized.,IN_PROGRESS,HIGH,IVR
CBK0001459,TXN00007662,VALID,USR87831,MCH6142,2026-02-17 00:00:00,DATE_ONLY,2026-02-18 00:00:00,DATE_ONLY,2026-03-01 00:00:00,DATE_ONLY,4479.85,VALID,UNAUTHORIZED_TRANSACTION,Merchant service was not delivered after payment.,OPEN,MEDIUM,IVR
CBK0000237,TXN00009246,VALID,USR24926,MCH2943,,MISSING,2026-12-04 00:00:00,DATE_ONLY,2026-05-02 00:00:00,DATE_ONLY,1644.04,VALID,SERVICE_NOT_PROVIDED,Suspicious high-value payment disputed by customer.,PENDING_BANK,LOW,CHATBOT
CBK0000595,TXN00004517,VALID,USR57955,MCH8710,2026-02-22 00:00:00,DATE_ONLY,2026-02-23 00:00:00,DATE_ONLY,2026-02-24 00:00:00,DATE_ONLY,676.55,VALID,SERVICE_NOT_PROVIDED,Suspicious high-value payment disputed by customer.,PENDING_BANK,LOW,IVR
CBK0002344,TXN00018840,VALID,USR45486,MCH8357,2026-02-20 00:00:00,DATE_ONLY,2026-02-26 00:00:00,DATE_ONLY,2026-03-04 00:00:00,DATE_ONLY,1901.24,VALID,DUPLICATE_DEBIT,Complaint received after multiple failed attempts.,CLOSED,HIGH,BRANCH
CBK0001299,TXN00006246,VALID,USR98736,MCH5076,,MISSING,2026-02-09 00:00:00,DATE_ONLY,,MISSING,1584.81,VALID,DUPLICATE_DEBIT,Complaint received after multiple failed attempts.,IN_PROGRESS,MEDIUM,BRANCH
CBK0000774,TXN00000794,VALID,USR78569,MCH4590,2026-03-03 00:00:00,DATE_ONLY,2026-03-05 00:00:00,DATE_ONLY,2026-04-04 10:25:44,VALID,124.85,VALID,SERVICE_NOT_PROVIDED,Suspicious high-value payment disputed by customer.,OPEN,MEDIUM,IVR
CBK0002779,TXN00001284,VALID,USR62254,MCH5430,2026-04-01 00:00:00,DATE_ONLY,2026-01-06 22:17:15,VALID,,MISSING,141.27,VALID,UNAUTHORIZED_TRANSACTION,User claims account was compromised before transaction.,CLOSED,MEDIUM,APP
CBK0001954,TXN00012046,VALID,USR82369,MCH6344,2026-03-03 16:22:00,VALID,2026-06-03 06:22:00,VALID,2026-12-03 06:22:00,VALID,2431.27,VALID,WRONG_AMOUNT,Customer complaint text unclear due to poor call center notes.,IN_PROGRESS,MEDIUM,IVR
CBK0001697,TXN00015694,VALID,USR50776,MCH2822,2026-07-02 23:39:00,VALID,2026-02-09 21:39:04,VALID,2026-02-14 00:00:00,DATE_ONLY,2581.01,VALID,SERVICE_NOT_PROVIDED,Merchant service was not delivered after payment.,OPEN,LOW,IVR
CBK0002305,TXN00008366,VALID,USR55382,MCH4721,,MISSING,2026-04-03 00:00:00,DATE_ONLY,,MISSING,1671.34,VALID,UNAUTHORIZED_TRANSACTION,Suspicious high-value payment disputed by customer.,CLOSED,HIGH,APP
CBK0000206,TXN00019710,VALID,USR39190,MCH6651,,MISSING,2026-01-25 16:01:33,VALID,2026-02-01 16:01:33,VALID,739.61,VALID,SERVICE_NOT_PROVIDED,Payment made to unknown merchant as per customer statement.,CLOSED,HIGH,APP
CBK0001744,TXN00009167,VALID,USR70912,MCH1602,2026-02-23 00:00:00,DATE_ONLY,2026-02-24 14:21:00,VALID,,MISSING,286.26,VALID,SERVICE_NOT_PROVIDED,Complaint received after multiple failed attempts. pls check asap,CLOSED,MEDIUM,CHATBOT
CBK0000128,TXN00012176,VALID,USR84571,MCH5742,2026-03-26 00:00:00,DATE_ONLY,2026-05-04 23:32:00,VALID,,MISSING,4272.46,VALID,SERVICE_NOT_PROVIDED,User says upi pin was not entered by them.,RESOLVED,LOW,CALL_CENTER
CBK0001316,TXN00007966,VALID,USR52956,MCH2383,2026-03-29 21:07:00,VALID,2026-03-30 00:00:00,DATE_ONLY,,MISSING,4920.19,VALID,UNAUTHORIZED_TRANSACTION,Customer says transaction was not authorized.,REJECTED,CRITICAL,IVR
CBK0002296,TXN00004293,VALID,USR72591,MCH3992,2026-01-05 00:00:00,DATE_ONLY,2026-01-08 00:00:00,DATE_ONLY,2026-01-14 00:00:00,DATE_ONLY,830.77,VALID,SERVICE_NOT_PROVIDED,Complaint received after multiple failed attempts.,CLOSED,MEDIUM,BRANCH
CBK0002062,TXN00005459,VALID,USR97255,MCH5730,2026-02-01 00:00:00,DATE_ONLY,,MISSING,,MISSING,10125.57,VALID,GENERAL_COMPLAINT,Complaint received after multiple failed attempts.,IN_PROGRESS,MEDIUM,IVR
CBK0001537,TXN00001929,VALID,USR74377,MCH4082,,MISSING,2026-01-26 14:10:44,VALID,2026-02-19 00:00:00,DATE_ONLY,1412.21,VALID,GENERAL_COMPLAINT,Merchant service was not delivered after payment.,IN_PROGRESS,LOW,APP
CBK0000983,TXN00059214,VALID,USR51720,MCH6740,2026-03-02 00:00:00,DATE_ONLY,2026-03-03 21:54:00,VALID,,MISSING,2012.0,VALID,GENERAL_COMPLAINT,Complaint received after multiple failed attempts.,PENDING_BANK,MEDIUM,APP
CBK0002273,TXN00013117,VALID,USR27533,MCH4185,2026-02-28 00:00:00,DATE_ONLY,2026-03-06 00:00:00,DATE_ONLY,2026-03-06 00:00:00,DATE_ONLY,355.32,VALID,UNAUTHORIZED_TRANSACTION,User reports money deducted but merchant denies receiving payment.,OPEN,CRITICAL,APP
CBK0000522,TXN00009019,VALID,USR81185,MCH2065,2026-01-07 00:00:00,DATE_ONLY,2026-01-11 02:56:13,VALID,2026-02-08 02:56:13,VALID,2738.39,VALID,SERVICE_NOT_PROVIDED,Suspicious high-value payment disputed by customer. call dropped,CLOSED,MEDIUM,APP
CBK0002162,TXN00001120,VALID,USR94046,MCH9160,2026-01-27 00:00:00,DATE_ONLY,2026-01-28 00:00:00,DATE_ONLY,,MISSING,8008.29,VALID,UNAUTHORIZED_TRANSACTION,Merchant service was not delivered after payment.,REJECTED,LOW,CALL_CENTER
CBK0002626,TXN00013045,VALID,USR87914,MCH6675,2026-01-24 23:00:10,VALID,,MISSING,2026-02-21 00:00:00,DATE_ONLY,1342.39,VALID,SERVICE_NOT_PROVIDED,Merchant service was not delivered after payment.,REJECTED,LOW,IVR
CBK0000257,TXN00015440,VALID,USR53356,MCH6943,2026-01-11 00:00:00,DATE_ONLY,2026-01-13 00:00:00,DATE_ONLY,2026-01-29 00:00:00,DATE_ONLY,,UNPARSEABLE/NULL,WRONG_AMOUNT,Merchant service was not delivered after payment. pls check asap,OPEN,MEDIUM,IVR
CBK0000598,TXN00012035,VALID,USR93286,MCH1314,2026-02-13 00:00:00,DATE_ONLY,2026-02-14 09:58:00,VALID,2026-03-15 09:58:00,VALID,1897.14,VALID,UNAUTHORIZED_TRANSACTION,User claims account was compromised before transaction.,OPEN,MEDIUM,IVR
CBK0002739,TXN00017191,VALID,USR70236,MCH4655,,MISSING,,MISSING,,MISSING,2345.0,VALID,UNAUTHORIZED_TRANSACTION,Customer says amount was debited twice.,IN_PROGRESS,LOW,CHATBOT
CBK0002426,,MISSING,USR83808,MCH8011,2026-03-30 00:00:00,DATE_ONLY,2026-03-31 00:00:00,DATE_ONLY,,MISSING,540.94,VALID,SERVICE_NOT_PROVIDED,Customer says transaction was not authorized.,PENDING_BANK,MEDIUM,IVR
CBK0001182,TXN00014058,VALID,USR96058,MCH5980,2026-01-09 00:00:00,DATE_ONLY,2026-01-19 00:00:00,DATE_ONLY,,MISSING,581.96,VALID,DUPLICATE_DEBIT,User reports money deducted but merchant denies receiving payment.,OPEN,CRITICAL,IVR
CBK0002183,TXN00014087,VALID,USR46806,MCH4485,2026-03-04 13:46:36,VALID,2026-03-19 00:00:00,DATE_ONLY,,MISSING,4901.36,VALID,DUPLICATE_DEBIT,Customer complaint text unclear due to poor call center notes.,REJECTED,LOW,CALL_CENTER
CBK0000396,TXN00016780,VALID,USR34997,MCH1351,,MISSING,2026-01-14 00:00:00,DATE_ONLY,2026-12-02 12:04:00,VALID,1017.31,VALID,UNAUTHORIZED_TRANSACTION,User claims account was compromised before transaction. details missing,OPEN,LOW,CALL_CENTER
CBK0002371,TXN00007628,VALID,USR28839,MCH5264,2026-03-02 00:00:00,DATE_ONLY,2026-02-09 00:00:00,DATE_ONLY,2026-10-02 00:00:00,DATE_ONLY,3211.77,VALID,UNAUTHORIZED_TRANSACTION,Customer complaint text unclear due to poor call center notes.,RESOLVED,LOW,CHATBOT
CBK0000804,TXN00000677,VALID,USR35395,MCH8348,2026-01-22 00:00:00,DATE_ONLY,2026-01-22 00:00:00,DATE_ONLY,2026-02-17 10:58:31,VALID,2773.41,VALID,UNAUTHORIZED_TRANSACTION,User claims account was compromised before transaction.,REJECTED,LOW,APP
CBK0001112,TXN00013744,VALID,USR34212,MCH5076,,MISSING,2026-04-02 00:00:00,DATE_ONLY,,MISSING,1223.91,VALID,UNAUTHORIZED_TRANSACTION,Customer says transaction was not authorized.,CLOSED,HIGH,CALL_CENTER
CBK0000053,TXN00017140,VALID,USR93610,MCH8296,2026-12-01 00:00:00,DATE_ONLY,2026-01-12 11:37:03,VALID,,MISSING,589.03,VALID,UNAUTHORIZED_TRANSACTION,User claims account was compromised before transaction.,CLOSED,MEDIUM,APP
CBK0002604,TXN00015102,VALID,USR10831,MCH8980,2026-03-22 00:00:00,DATE_ONLY,2026-03-23 20:33:00,VALID,,MISSING,1038.0,VALID,UNAUTHORIZED_TRANSACTION,User says upi pin was not entered by them.,OPEN,MEDIUM,IVR
CBK0001984,TXN00006529,VALID,USR67661,MCH7003,2026-01-26 00:00:00,DATE_ONLY,2026-01-02 00:00:00,DATE_ONLY,2026-02-18 03:01:00,VALID,5747.29,VALID,UNAUTHORIZED_TRANSACTION,Customer says transaction was not authorized.,PENDING_BANK,LOW,CHATBOT
CBK0001246,TXN00007847,VALID,USR79175,MCH4181,2026-03-29 17:35:00,VALID,2026-04-14 00:00:00,DATE_ONLY,2026-05-14 11:35:52,VALID,,UNPARSEABLE/NULL,WRONG_AMOUNT,Customer says amount was debited twice.,OPEN,HIGH,CHATBOT
CBK0001124,TXN00018122,VALID,USR11419,MCH9594,,MISSING,2026-05-03 00:00:00,DATE_ONLY,2026-05-27 02:01:00,VALID,5694.69,VALID,DUPLICATE_DEBIT,Complaint received after multiple failed attempts.,PENDING_BANK,MEDIUM,APP
CBK0001317,TXN00016188,VALID,USR28015,MCH2822,2026-01-23 00:00:00,DATE_ONLY,2026-01-30 11:51:00,VALID,2026-02-02 00:00:00,DATE_ONLY,1305.41,VALID,SERVICE_NOT_PROVIDED,User claims account was compromised before transaction.,PENDING_BANK,HIGH,CALL_CENTER
CBK0002614,TXN00006336,VALID,USR70866,MCH8906,2026-02-14 00:00:00,DATE_ONLY,2026-02-18 05:26:57,VALID,2026-02-22 00:00:00,DATE_ONLY,846.13,VALID,WRONG_AMOUNT,User reports money deducted but merchant denies receiving payment.,OPEN,MEDIUM,CHATBOT
CBK0002164,TXN00001135,VALID,USR53527,MCH5076,2026-07-02 00:00:00,DATE_ONLY,2026-02-22 00:00:00,DATE_ONLY,,MISSING,2731.02,VALID,UNAUTHORIZED_TRANSACTION,Payment made to unknown merchant as per customer statement.,CLOSED,HIGH,CHATBOT
CBK0001777,TXN00006951,VALID,USR81327,MCH9661,2026-02-02 07:12:00,VALID,2026-05-02 07:12:00,VALID,2026-06-03 07:12:00,VALID,3359.61,VALID,UNAUTHORIZED_TRANSACTION,Customer says transaction was not authorized.,REJECTED,MEDIUM,IVR
CBK0000616,TXN00006990,VALID,USR38951,MCH8779,2026-10-03 00:00:00,DATE_ONLY,2026-03-09 11:42:44,VALID,2026-03-28 11:42:00,VALID,1208.16,VALID,WRONG_AMOUNT,User says upi pin was not entered by them.,REJECTED,MEDIUM,APP
CBK0000385,TXN00014076,VALID,USR11828,MCH8154,2026-01-23 13:23:28,VALID,2026-01-26 22:23:00,VALID,2026-08-02 00:00:00,DATE_ONLY,1915.56,VALID,WRONG_AMOUNT,Complaint received after multiple failed attempts.,OPEN,LOW,IVR
CBK0002097,TXN00065627,VALID,USR14083,MCH5177,,MISSING,2026-02-13 00:00:00,DATE_ONLY,2026-03-14 08:43:00,VALID,-3428.7,NEGATIVE,GENERAL_COMPLAINT,Complaint received after multiple failed attempts.,REJECTED,HIGH,CHATBOT
CBK0001900,TXN00012829,VALID,USR86138,MCH3815,2026-03-20 18:15:11,VALID,2026-04-05 07:15:11,VALID,2026-05-05 07:15:11,VALID,4506.23,VALID,DUPLICATE_DEBIT,User reports money deducted but merchant denies receiving payment.,RESOLVED,HIGH,CHATBOT
CBK0001029,TXN00007595,VALID,USR85146,MCH5954,,MISSING,2026-04-03 06:18:10,VALID,,MISSING,1638.0,VALID,DUPLICATE_DEBIT,User claims account was compromised before txn.,OPEN,MEDIUM,CHATBOT
CBK0001052,TXN00015908,VALID,USR77900,MCH5264,2026-01-21 00:00:00,DATE_ONLY,2026-01-31 09:49:28,VALID,,MISSING,540.0,VALID,GENERAL_COMPLAINT,Customer says amount was debited twice.,PENDING_BANK,MEDIUM,BRANCH
CBK0000908,TXN00002368,VALID,USR71714,MCH9717,2026-02-22 00:00:00,DATE_ONLY,2026-02-23 00:00:00,DATE_ONLY,2026-03-07 19:24:52,VALID,4581.54,VALID,SERVICE_NOT_PROVIDED,Customer complaint text unclear due to poor call center notes.,IN_PROGRESS,LOW,CHATBOT
CBK0000272,TXN00011208,VALID,USR31719,MCH5754,2026-01-28 00:00:00,DATE_ONLY,,MISSING,2026-07-02 00:00:00,DATE_ONLY,729.47,VALID,UNAUTHORIZED_TRANSACTION,User claims account was compromised before transaction.,RESOLVED,HIGH,IVR
CBK0001049,TXN00019810,VALID,USR21832,MCH3020,,MISSING,,MISSING,2026-04-17 00:00:00,DATE_ONLY,2801.1,VALID,UNAUTHORIZED_TRANSACTION,Payment made to unknown merchant as per customer statement.,RESOLVED,HIGH,EMAIL
CBK0000221,TXN00004354,VALID,USR82244,MCH2757,2026-03-03 18:42:43,VALID,2026-03-06 00:00:00,DATE_ONLY,2026-03-22 00:00:00,DATE_ONLY,1370.0,VALID,DUPLICATE_DEBIT,Complaint received after multiple failed attempts.,IN_PROGRESS,MEDIUM,IVR
CBK0001615,TXN00001397,VALID,USR23350,MCH9727,2026-02-06 00:00:00,DATE_ONLY,2026-02-09 00:00:00,DATE_ONLY,2026-02-20 00:00:00,DATE_ONLY,2972.0,VALID,GENERAL_COMPLAINT,User claims account was compromised before transaction.,IN_PROGRESS,HIGH,EMAIL
CBK0002732,TXN00007712,VALID,USR86991,MCH7765,2026-02-01 00:00:00,DATE_ONLY,2026-04-02 17:09:00,VALID,2026-02-12 17:09:22,VALID,-1151.15,NEGATIVE,SERVICE_NOT_PROVIDED,Customer says transaction was not authorized.,IN_PROGRESS,MEDIUM,APP
CBK0000571,TXN00018357,VALID,USR74628,MCH4473,2026-02-08 02:15:15,VALID,2026-10-02 05:15:00,VALID,2026-03-04 00:00:00,DATE_ONLY,13142.13,VALID,SERVICE_NOT_PROVIDED,Payment made to unknown merchant as per customer statement.,IN_PROGRESS,MEDIUM,IVR
CBK0001992,TXN00012094,VALID,USR97149,MCH2503,2026-11-02 20:34:00,VALID,2026-02-12 00:00:00,DATE_ONLY,,MISSING,878.0,VALID,UNAUTHORIZED_TRANSACTION,User reports money deducted but merchant denies receiving payment.,REJECTED,LOW,IVR
CBK0002152,TXN00005346,VALID,USR43944,MCH6429,2026-05-03 00:00:00,DATE_ONLY,2026-03-07 00:00:00,DATE_ONLY,2026-03-28 00:00:00,DATE_ONLY,3376.98,VALID,SERVICE_NOT_PROVIDED,User reports money deducted but merchant denies receiving payment.,OPEN,LOW,EMAIL
CBK0002386,TXN00014331,VALID,USR72448,MCH7602,2026-01-20 00:00:00,DATE_ONLY,2026-02-04 00:00:00,DATE_ONLY,2026-02-06 00:00:00,DATE_ONLY,-678.63,NEGATIVE,UNAUTHORIZED_TRANSACTION,Suspicious high-value payment disputed by customer.,OPEN,HIGH,CALL_CENTER
CBK0000126,TXN00009782,VALID,USR75241,MCH8503,2026-03-22 00:00:00,DATE_ONLY,2026-06-04 19:49:00,VALID,2026-04-20 00:00:00,DATE_ONLY,718.61,VALID,WRONG_AMOUNT,Customer says transaction was not authorized.,RESOLVED,MEDIUM,IVR
CBK0000552,TXN00001358,VALID,USR59496,MCH5588,2026-01-21 00:00:00,DATE_ONLY,2026-01-23 00:00:00,DATE_ONLY,2026-02-02 00:00:00,DATE_ONLY,6742.91,VALID,SERVICE_NOT_PROVIDED,Suspicious high-value payment disputed by customer.,IN_PROGRESS,CRITICAL,BRANCH
CBK0002681,TXN00008227,VALID,USR87558,MCH3815,2026-01-07 00:00:00,DATE_ONLY,2026-10-01 12:14:00,VALID,2026-10-01 00:00:00,DATE_ONLY,2758.76,VALID,GENERAL_COMPLAINT,Complaint received after multiple failed attempts.,REJECTED,HIGH,EMAIL
CBK0001091,TXN00003670,VALID,USR12026,MCH4593,2026-01-07 00:00:00,DATE_ONLY,2026-06-02 00:00:00,DATE_ONLY,2026-03-02 00:00:00,DATE_ONLY,2583.29,VALID,DUPLICATE_DEBIT,Customer says transaction was not authorized.,REJECTED,LOW,EMAIL
CBK0000174,TXN00013432,VALID,USR44848,MCH4003,2026-01-28 00:00:00,DATE_ONLY,2026-01-28 00:00:00,DATE_ONLY,,MISSING,616.19,VALID,GENERAL_COMPLAINT,User says upi pin was not entered by them.,REJECTED,LOW,BRANCH
CBK0000949,,MISSING,USR50783,MCH9233,2026-01-14 00:00:00,DATE_ONLY,2026-01-25 01:55:00,VALID,,MISSING,7400.39,VALID,SERVICE_NOT_PROVIDED,Suspicious high-value payment disputed by customer.,IN_PROGRESS,MEDIUM,IVR
CBK0000519,TXN00010998,VALID,USR69938,MCH7992,2026-01-29 23:14:08,VALID,,MISSING,2026-02-04 00:00:00,DATE_ONLY,1567.73,VALID,UNAUTHORIZED_TRANSACTION,Merchant service was not delivered after payment.,IN_PROGRESS,LOW,CHATBOT
CBK0000645,TXN00016469,VALID,USR59482,MCH1792,2026-03-13 13:03:25,VALID,,MISSING,,MISSING,12115.08,VALID,WRONG_AMOUNT,Customer says transaction was not authorized.,PENDING_BANK,CRITICAL,CHATBOT
CBK0000063,TXN00017905,VALID,USR73461,MCH3216,2026-01-30 00:00:00,DATE_ONLY,2026-01-30 00:00:00,DATE_ONLY,2026-02-02 00:00:00,DATE_ONLY,2185.09,VALID,GENERAL_COMPLAINT,Customer says transaction was not authorized.,RESOLVED,LOW,CHATBOT
CBK0001394,TXN00009340,VALID,USR39542,MCH1320,2026-02-18 13:01:11,VALID,2026-02-23 00:00:00,DATE_ONLY,,MISSING,1180.9,VALID,DUPLICATE_DEBIT,User reports money deducted but merchant denies receiving payment.,OPEN,CRITICAL,CHATBOT
CBK0001496,TXN00012480,VALID,USR39700,MCH9284,2026-09-02 02:52:00,VALID,2026-02-19 00:00:00,DATE_ONLY,2026-02-20 00:00:00,DATE_ONLY,2178.0,VALID,UNAUTHORIZED_TRANSACTION,Payment made to unknown merchant as per customer statement.,CLOSED,HIGH,CALL_CENTER
CBK0002246,TXN00009997,VALID,USR96095,MCH6849,2026-03-28 00:00:00,DATE_ONLY,2026-04-03 00:00:00,DATE_ONLY,2026-04-14 12:51:03,VALID,,UNPARSEABLE/NULL,SERVICE_NOT_PROVIDED,Merchant service was not delivered after payment.,REJECTED,MEDIUM,CHATBOT
CBK0001245,TXN00014601,VALID,USR50737,MCH1920,2026-03-17 00:00:00,DATE_ONLY,2026-03-27 20:30:00,VALID,2026-04-20 00:00:00,DATE_ONLY,689.0,VALID,GENERAL_COMPLAINT,Payment made to unknown merchant as per customer statement.,PENDING_BANK,LOW,IVR
CBK0000329,TXN00014927,VALID,USR30489,MCH4948,2026-01-29 17:56:00,VALID,2026-03-16 00:00:00,DATE_ONLY,2026-04-08 00:00:00,DATE_ONLY,,UNPARSEABLE/NULL,UNAUTHORIZED_TRANSACTION,Suspicious high-value payment disputed by customer.,OPEN,MEDIUM,APP
CBK0001974,TXN00002369,VALID,USR83393,MCH3463,2026-03-30 17:27:58,VALID,2026-04-01 15:27:58,VALID,2026-04-20 00:00:00,DATE_ONLY,1718.0,VALID,GENERAL_COMPLAINT,Customer says transaction was not authorized.,IN_PROGRESS,LOW,BRANCH
CBK0002363,TXN00002125,VALID,USR78593,MCH2757,2026-03-04 00:00:00,DATE_ONLY,2026-07-03 00:00:00,DATE_ONLY,2026-03-22 00:00:00,DATE_ONLY,2711.0,VALID,UNAUTHORIZED_TRANSACTION,Payment made to unknown merchant as per customer statement.,CLOSED,LOW,BRANCH
CBK0001357,TXN00015990,VALID,USR49195,MCH1203,2026-08-01 00:00:00,DATE_ONLY,2026-01-23 03:20:00,VALID,2026-01-02 00:00:00,DATE_ONLY,-1640.31,NEGATIVE,UNAUTHORIZED_TRANSACTION,Payment made to unknown merchant as per customer statement.,OPEN,CRITICAL,APP
CBK0002677,TXN00009096,VALID,USR31537,MCH8779,2026-02-27 00:00:00,DATE_ONLY,2026-02-28 00:00:00,DATE_ONLY,2026-03-10 08:17:01,VALID,-6781.52,NEGATIVE,WRONG_AMOUNT,Suspicious high-value payment disputed by cust.,PENDING_BANK,MEDIUM,BRANCH
CBK0000586,TXN00007590,VALID,USR26821,MCH8953,2026-03-11 00:00:00,DATE_ONLY,,MISSING,2026-04-02 02:24:43,VALID,1023.96,VALID,GENERAL_COMPLAINT,Complaint received after multiple failed attempts. call dropped,REJECTED,LOW,CALL_CENTER
CBK0000776,TXN00010920,VALID,USR19006,MCH4590,2026-12-03 23:55:00,VALID,2026-03-13 02:55:07,VALID,,MISSING,5019.03,VALID,UNAUTHORIZED_TRANSACTION,Complaint received after multiple failed attempts.,PENDING_BANK,MEDIUM,IVR
CBK0000873,TXN00002853,VALID,USR33226,MCH2822,2026-02-13 11:31:49,VALID,2026-02-20 00:00:00,DATE_ONLY,2026-02-26 12:31:49,VALID,1650.21,VALID,SERVICE_NOT_PROVIDED,Complaint received after multiple failed attempts.,OPEN,MEDIUM,EMAIL
CBK0000358,TXN00015992,VALID,USR12248,MCH1013,2026-02-28 00:00:00,DATE_ONLY,2026-03-10 00:00:00,DATE_ONLY,2026-03-10 00:00:00,DATE_ONLY,6937.41,VALID,UNAUTHORIZED_TRANSACTION,User says upi pin was not entered by them. na,REJECTED,HIGH,BRANCH
CBK0002265,TXN00008431,VALID,USR11987,MCH5922,,MISSING,2026-02-07 23:51:35,VALID,2026-09-03 23:51:00,VALID,1831.96,VALID,WRONG_AMOUNT,Customer says transaction was not authorized.,REJECTED,MEDIUM,CHATBOT
CBK0001115,TXN00018481,VALID,USR96362,MCH8953,2026-01-31 00:00:00,DATE_ONLY,2026-03-02 00:00:00,DATE_ONLY,2026-02-05 00:00:00,DATE_ONLY,776.76,VALID,SERVICE_NOT_PROVIDED,Merchant service was not delivered after payment.,REJECTED,MEDIUM,IVR
CBK0000323,TXN00019162,VALID,USR85655,MCH7346,2026-03-03 02:18:00,VALID,2026-03-03 10:18:01,VALID,,MISSING,2538.07,VALID,DUPLICATE_DEBIT,User says upi pin was not entered by them.,PENDING_BANK,LOW,BRANCH
CBK0000234,TXN00001948,VALID,USR69297,MCH8977,2026-03-29 04:03:44,VALID,2026-03-30 00:00:00,DATE_ONLY,2026-04-25 00:00:00,DATE_ONLY,8296.18,VALID,WRONG_AMOUNT,Suspicious high-value payment disputed by customer.,RESOLVED,LOW,IVR
CBK0001576,TXN00012979,VALID,USR85329,MCH1945,2026-07-01 00:00:00,DATE_ONLY,2026-01-07 10:12:22,VALID,2026-01-08 00:00:00,DATE_ONLY,21185.86,VALID,UNAUTHORIZED_TRANSACTION,Complaint received after multiple failed attempts.,CLOSED,LOW,CHATBOT
CBK0002169,TXN00011212,VALID,USR87637,MCH5655,2026-01-25 00:00:00,DATE_ONLY,2026-01-28 23:45:00,VALID,,MISSING,,UNPARSEABLE/NULL,WRONG_AMOUNT,User says upi pin was not entered by them.,REJECTED,MEDIUM,BRANCH
CBK0000803,,MISSING,USR28353,MCH9017,2026-01-28 20:41:02,VALID,2026-02-13 00:00:00,DATE_ONLY,2026-02-23 00:00:00,DATE_ONLY,6400.05,VALID,SERVICE_NOT_PROVIDED,Complaint received after multiple failed attempts. pls check asap,RESOLVED,HIGH,IVR
CBK0001770,TXN00001025,VALID,USR97417,MCH7480,2026-02-24 23:35:00,VALID,2026-03-07 00:00:00,DATE_ONLY,,MISSING,5150.06,VALID,SERVICE_NOT_PROVIDED,Complaint received after multiple failed attempts.,CLOSED,MEDIUM,IVR
CBK0000956,TXN00001028,VALID,USR76271,MCH9801,2026-03-30 00:00:00,DATE_ONLY,2026-04-15 11:18:00,VALID,2026-04-26 00:00:00,DATE_ONLY,,UNPARSEABLE/NULL,SERVICE_NOT_PROVIDED,User claims account was compromised before transaction.,OPEN,MEDIUM,BRANCH
CBK0001559,TXN00003513,VALID,USR15980,MCH9291,2026-03-13 00:00:00,DATE_ONLY,2026-03-13 00:00:00,DATE_ONLY,2026-04-05 00:00:00,DATE_ONLY,754.13,VALID,SERVICE_NOT_PROVIDED,User says upi pin was not entered by them.,RESOLVED,MEDIUM,CHATBOT
CBK0002745,TXN00003727,VALID,USR54113,MCH7888,2026-03-12 20:17:03,VALID,2026-03-18 00:00:00,DATE_ONLY,2026-03-29 11:17:03,VALID,1284.94,VALID,WRONG_AMOUNT,Payment made to unknown merchant as per customer statement.,REJECTED,MEDIUM,IVR
CBK0002455,TXN00001275,VALID,USR69706,MCH5076,2026-01-20 00:00:00,DATE_ONLY,2026-01-23 00:00:00,DATE_ONLY,2026-02-17 00:00:00,DATE_ONLY,2210.2,VALID,DUPLICATE_DEBIT,Customer says amount was debited twice.,RESOLVED,LOW,IVR
CBK0000925,TXN00001097,VALID,USR67142,MCH4883,2026-02-14 15:47:00,VALID,2026-02-18 01:47:00,VALID,,MISSING,4816.91,VALID,SERVICE_NOT_PROVIDED,Merchant service was not delivered after payment.,RESOLVED,MEDIUM,IVR
CBK0002531,TXN00018059,VALID,USR46902,MCH1737,2026-03-06 00:00:00,DATE_ONLY,2026-03-12 00:00:00,DATE_ONLY,,MISSING,,UNPARSEABLE/NULL,UNAUTHORIZED_TRANSACTION,Payment made to unknown merchant as per customer statement.,REJECTED,MEDIUM,CHATBOT
CBK0001365,TXN00011080,VALID,USR44053,MCH1613,2026-02-10 00:00:00,DATE_ONLY,2026-02-17 00:00:00,DATE_ONLY,2026-02-20 16:56:29,VALID,1709.82,VALID,SERVICE_NOT_PROVIDED,User reports money deducted but merchant denies receiving payment. details missing,REJECTED,MEDIUM,APP
CBK0000254,TXN00005010,VALID,USR40538,MCH5940,,MISSING,2026-08-03 00:00:00,DATE_ONLY,2026-03-28 00:00:00,DATE_ONLY,1290.35,VALID,UNAUTHORIZED_TRANSACTION,User claims account was compromised before transaction.,OPEN,MEDIUM,APP
CBK0000919,TXN00004956,VALID,USR26890,MCH9891,2026-03-15 09:36:34,VALID,2026-03-18 00:00:00,DATE_ONLY,2026-03-22 19:36:34,VALID,1752.77,VALID,UNAUTHORIZED_TRANSACTION,Merchant service was not delivered after payment.,REJECTED,MEDIUM,IVR
CBK0002474,TXN00014618,VALID,USR24726,MCH2638,2026-02-18 00:00:00,DATE_ONLY,2026-02-20 05:43:41,VALID,2026-07-03 00:00:00,DATE_ONLY,1047.67,VALID,UNAUTHORIZED_TRANSACTION,Suspicious high-value payment disputed by customer.,REJECTED,MEDIUM,BRANCH
CBK0002776,TXN00013127,VALID,USR40874,MCH5212,2026-03-19 00:00:00,DATE_ONLY,2026-03-21 14:17:37,VALID,,MISSING,1935.98,VALID,UNAUTHORIZED_TRANSACTION,Customer says transaction was not authorized.,OPEN,HIGH,CHATBOT
CBK0001195,TXN00001271,VALID,USR48486,MCH5327,2026-01-21 00:00:00,DATE_ONLY,2026-01-23 00:00:00,DATE_ONLY,2026-02-19 00:00:00,DATE_ONLY,1190.0,VALID,SERVICE_NOT_PROVIDED,Merchant service was not delivered after payment.,PENDING_BANK,HIGH,CALL_CENTER
CBK0002506,TXN00002955,VALID,USR68934,MCH7020,2026-03-28 00:00:00,DATE_ONLY,2026-04-28 00:00:00,DATE_ONLY,,MISSING,4857.63,VALID,UNAUTHORIZED_TRANSACTION,Suspicious high-value payment disputed by customer.,RESOLVED,LOW,IVR
CBK0000832,TXN00014106,VALID,USR26145,MCH1012,2026-01-21 23:25:00,VALID,2026-01-31 23:25:00,VALID,2026-02-27 00:00:00,DATE_ONLY,1547.17,VALID,UNAUTHORIZED_TRANSACTION,Complaint received after multiple failed attempts.,OPEN,LOW,CALL_CENTER
CBK0000564,TXN00005945,VALID,USR21384,MCH1809,2026-02-03 00:00:00,DATE_ONLY,2026-02-04 00:00:00,DATE_ONLY,2026-02-04 00:00:00,DATE_ONLY,848.15,VALID,SERVICE_NOT_PROVIDED,User reports money deducted but merchant denies receiving payment.,IN_PROGRESS,HIGH,EMAIL
CBK0000744,TXN00001703,VALID,USR53423,MCH6565,2026-01-05 14:34:29,VALID,,MISSING,2026-01-19 00:00:00,DATE_ONLY,2240.0,VALID,DUPLICATE_DEBIT,User says upi pin was not entered by them.,RESOLVED,MEDIUM,EMAIL
CBK0001649,TXN00018989,VALID,USR90653,MCH2436,2026-03-30 02:11:00,VALID,2026-02-04 00:00:00,DATE_ONLY,,MISSING,2703.0,VALID,DUPLICATE_DEBIT,Merchant service was not delivered after payment.,PENDING_BANK,HIGH,CHATBOT
CBK0000455,TXN00012649,VALID,USR42432,MCH9748,,MISSING,2026-02-25 00:00:00,DATE_ONLY,2026-03-11 21:41:19,VALID,2202.7,VALID,UNAUTHORIZED_TRANSACTION,Merchant service was not delivered after payment.,IN_PROGRESS,HIGH,CHATBOT
CBK0000302,TXN00016585,VALID,USR38429,MCH2943,2026-03-17 00:00:00,DATE_ONLY,,MISSING,2026-03-18 00:00:00,DATE_ONLY,,UNPARSEABLE/NULL,DUPLICATE_DEBIT,Complaint received after multiple failed attempts.,PENDING_BANK,MEDIUM,CALL_CENTER
CBK0002738,TXN00000947,VALID,USR89588,MCH2960,2026-02-13 08:30:44,VALID,2026-02-13 11:30:44,VALID,2026-02-18 11:30:44,VALID,2075.0,VALID,UNAUTHORIZED_TRANSACTION,Customer says amount was debited twice.,RESOLVED,MEDIUM,EMAIL
CBK0000153,TXN00000546,VALID,USR92746,MCH7824,2026-01-03 00:00:00,DATE_ONLY,2026-03-03 19:44:09,VALID,2026-03-03 19:44:00,VALID,,UNPARSEABLE/NULL,SERVICE_NOT_PROVIDED,Suspicious high-value payment disputed by customer.,CLOSED,MEDIUM,IVR
CBK0000304,TXN00013266,VALID,USR84318,MCH5916,2026-02-22 00:00:00,DATE_ONLY,2026-02-28 00:00:00,DATE_ONLY,2026-03-08 00:00:00,DATE_ONLY,6391.92,VALID,SERVICE_NOT_PROVIDED,Complaint received after multiple failed attempts.,PENDING_BANK,HIGH,EMAIL
CBK0000114,TXN00002182,VALID,USR85475,MCH8779,2026-02-08 13:27:52,VALID,2026-02-09 13:27:52,VALID,2026-02-28 00:00:00,DATE_ONLY,,UNPARSEABLE/NULL,WRONG_AMOUNT,User says upi pin was not entered by them.,RESOLVED,LOW,EMAIL
CBK0001506,TXN00002381,VALID,USR81570,MCH3815,2026-02-04 00:00:00,DATE_ONLY,2026-02-07 00:00:00,DATE_ONLY,,MISSING,3182.0,VALID,UNAUTHORIZED_TRANSACTION,Customer says transaction was not authorized.,IN_PROGRESS,MEDIUM,CHATBOT
CBK0000588,TXN00003990,VALID,USR48652,MCH5552,2026-02-13 00:00:00,DATE_ONLY,2026-02-19 00:00:00,DATE_ONLY,2026-02-26 00:00:00,DATE_ONLY,702.0,VALID,SERVICE_NOT_PROVIDED,Customer complaint text unclear due to poor call center notes.,REJECTED,LOW,APP
CBK0000857,TXN00018599,VALID,USR52095,MCH3652,2026-03-19 00:00:00,DATE_ONLY,2026-03-25 04:34:33,VALID,,MISSING,576.0,VALID,GENERAL_COMPLAINT,User claims account was compromised before transaction.,CLOSED,MEDIUM,EMAIL
CBK0002327,TXN00011877,VALID,USR69584,MCH5183,2026-03-06 00:00:00,DATE_ONLY,2026-03-06 21:56:02,VALID,2026-03-22 00:00:00,DATE_ONLY,728.14,VALID,UNAUTHORIZED_TRANSACTION,Customer says transaction was not authorized.,OPEN,MEDIUM,IVR
CBK0000858,TXN00015040,VALID,USR95176,MCH1146,2026-03-29 00:00:00,DATE_ONLY,,MISSING,,MISSING,1568.41,VALID,WRONG_AMOUNT,Customer says amount was debited twice.,PENDING_BANK,LOW,EMAIL
CBK0000429,TXN00019661,VALID,USR97772,MCH3992,2026-02-19 22:56:00,VALID,2026-02-21 09:56:09,VALID,2026-03-06 00:00:00,DATE_ONLY,,UNPARSEABLE/NULL,WRONG_AMOUNT,User reports money deducted but merchant denies receiving payment.,REJECTED,HIGH,APP
CBK0000817,TXN00002301,VALID,USR71836,MCH3815,2026-02-05 00:00:00,DATE_ONLY,2026-02-21 00:00:00,DATE_ONLY,2026-03-07 12:29:12,VALID,769.17,VALID,UNAUTHORIZED_TRANSACTION,Payment made to unknown merchant as per customer statement.,OPEN,LOW,APP
CBK0000011,TXN00006805,VALID,USR14951,MCH5380,2026-02-20 00:00:00,DATE_ONLY,2026-02-22 00:00:00,DATE_ONLY,2026-03-01 00:00:00,DATE_ONLY,1087.14,VALID,WRONG_AMOUNT,Suspicious high-value payment disputed by customer.,CLOSED,MEDIUM,IVR
CBK0000250,TXN00002574,VALID,USR73010,MCH1320,2026-02-25 03:11:33,VALID,2026-03-02 00:00:00,DATE_ONLY,2026-03-07 09:11:33,VALID,660.0,VALID,SERVICE_NOT_PROVIDED,Suspicious high-value payment disputed by customer.,OPEN,LOW,IVR
CBK0001404,TXN00003881,VALID,USR61151,MCH8634,,MISSING,2026-03-23 06:15:00,VALID,2026-03-30 00:00:00,DATE_ONLY,,UNPARSEABLE/NULL,UNAUTHORIZED_TRANSACTION,Customer says transaction was not authorized.,IN_PROGRESS,MEDIUM,CALL_CENTER
CBK0000574,TXN00011825,VALID,USR78873,MCH9713,2026-01-26 18:02:00,VALID,2026-12-03 00:00:00,DATE_ONLY,2026-03-17 00:00:00,DATE_ONLY,3123.85,VALID,DUPLICATE_DEBIT,Complaint received after multiple failed attempts.,IN_PROGRESS,LOW,EMAIL
CBK0002429,TXN00015653,VALID,USR50125,MCH2266,2026-03-31 00:00:00,DATE_ONLY,2026-04-01 00:00:00,DATE_ONLY,2026-04-25 00:00:00,DATE_ONLY,3491.1,VALID,DUPLICATE_DEBIT,Suspicious high-value payment disputed by customer.,CLOSED,MEDIUM,CHATBOT
CBK0001916,TXN00005518,VALID,USR18198,MCH5954,,MISSING,2026-03-25 00:00:00,DATE_ONLY,2026-04-04 16:01:06,VALID,-4245.22,NEGATIVE,UNAUTHORIZED_TRANSACTION,Merchant service was not delivered after payment.,REJECTED,LOW,BRANCH
CBK0001132,TXN00019555,VALID,USR87956,MCH5062,2026-01-24 13:53:56,VALID,2026-01-26 00:00:00,DATE_ONLY,2026-02-02 00:00:00,DATE_ONLY,15606.92,VALID,WRONG_AMOUNT,User claims account was compromised before transaction.,IN_PROGRESS,LOW,IVR
CBK0000528,TXN00003808,VALID,USR46923,MCH2685,2026-02-19 14:29:00,VALID,2026-02-22 00:00:00,DATE_ONLY,,MISSING,476.92,VALID,DUPLICATE_DEBIT,Payment made to unknown merchant as per customer statement.,CLOSED,CRITICAL,IVR
CBK0002091,TXN00006681,VALID,USR26140,MCH5655,2026-01-27 00:00:00,DATE_ONLY,2026-01-28 00:00:00,DATE_ONLY,2026-02-24 00:00:00,DATE_ONLY,946.45,VALID,UNAUTHORIZED_TRANSACTION,Merchant service was not delivered after payment. na,REJECTED,MEDIUM,IVR
CBK0001235,TXN00010356,VALID,USR82947,MCH6407,2026-02-23 00:00:00,DATE_ONLY,2026-02-26 00:00:00,DATE_ONLY,2026-03-12 04:52:03,VALID,2359.0,VALID,WRONG_AMOUNT,Customer says transaction was not authorized.,REJECTED,HIGH,APP
CBK0001096,TXN00019163,VALID,USR72047,MCH3308,2026-02-17 00:00:00,DATE_ONLY,2026-04-03 00:00:00,DATE_ONLY,,MISSING,1202.2,VALID,WRONG_AMOUNT,Complaint received after multiple failed attempts.,RESOLVED,HIGH,IVR
CBK0001038,TXN00005386,VALID,USR82091,MCH1514,2026-01-24 00:00:00,DATE_ONLY,2026-02-04 04:50:27,VALID,2026-11-02 00:00:00,DATE_ONLY,2597.6,VALID,GENERAL_COMPLAINT,Payment made to unknown merchant as per customer statement.,IN_PROGRESS,MEDIUM,APP
CBK0000653,TXN00007307,VALID,USR58692,MCH2298,2026-01-15 00:00:00,DATE_ONLY,2026-01-30 00:00:00,DATE_ONLY,2026-02-26 15:09:16,VALID,2349.32,VALID,UNAUTHORIZED_TRANSACTION,User says upi pin was not entered by them. call dropped,CLOSED,MEDIUM,CALL_CENTER
CBK0000456,TXN00009180,VALID,USR83586,MCH8928,2026-01-19 01:14:49,VALID,,MISSING,2026-02-05 00:00:00,DATE_ONLY,,UNPARSEABLE/NULL,UNAUTHORIZED_TRANSACTION,User reports money deducted but merchant denies receiving payment.,IN_PROGRESS,HIGH,CALL_CENTER
CBK0000818,TXN00015972,VALID,USR83126,MCH2616,2026-01-19 00:00:00,DATE_ONLY,2026-01-21 23:22:51,VALID,2026-02-19 00:00:00,DATE_ONLY,8836.22,VALID,SERVICE_NOT_PROVIDED,Payment made to unknown merchant as per customer statement.,REJECTED,CRITICAL,CHATBOT
CBK0002103,TXN00005039,VALID,USR38720,MCH9523,2026-01-24 00:00:00,DATE_ONLY,2026-01-24 18:26:47,VALID,2026-02-19 00:00:00,DATE_ONLY,1582.19,VALID,SERVICE_NOT_PROVIDED,User reports money deducted but merchant denies receiving payment.,RESOLVED,HIGH,IVR
CBK0001868,TXN00015884,VALID,USR34835,MCH3992,2026-04-03 00:00:00,DATE_ONLY,2026-03-06 00:00:00,DATE_ONLY,2026-04-02 00:00:00,DATE_ONLY,247.02,VALID,GENERAL_COMPLAINT,Payment made to unknown merchant as per customer statement.,IN_PROGRESS,HIGH,BRANCH
CBK0001455,TXN00007357,VALID,USR62254,MCH5655,2026-01-10 04:54:03,VALID,2026-09-02 00:00:00,DATE_ONLY,,MISSING,161.0,VALID,WRONG_AMOUNT,Customer says amount was debited twice.,IN_PROGRESS,MEDIUM,BRANCH
CBK0002565,TXN00003516,VALID,USR18591,MCH5076,,MISSING,2026-01-18 00:00:00,DATE_ONLY,2026-12-02 12:15:00,VALID,585.31,VALID,WRONG_AMOUNT,User claims account was compromised before txn.,PENDING_BANK,HIGH,APP
CBK0002508,TXN00015520,VALID,USR78921,MCH1369,2026-01-24 00:42:06,VALID,2026-02-23 00:00:00,DATE_ONLY,,MISSING,578.15,VALID,DUPLICATE_DEBIT,Customer says txn was not authorized.,PENDING_BANK,CRITICAL,BRANCH
CBK0002546,TXN00041980,VALID,USR82793,MCH1094,2026-03-17 00:00:00,DATE_ONLY,2026-03-19 15:57:00,VALID,2026-03-19 00:00:00,DATE_ONLY,565.73,VALID,UNAUTHORIZED_TRANSACTION,Suspicious high-value payment disputed by customer. call dropped,OPEN,HIGH,EMAIL
CBK0000212,TXN00010499,VALID,USR18345,MCH6823,2026-03-13 03:19:00,VALID,2026-03-16 20:19:36,VALID,2026-03-27 00:00:00,DATE_ONLY,4579.0,VALID,UNAUTHORIZED_TRANSACTION,Complaint received after multiple failed attempts.,OPEN,LOW,BRANCH
CBK0002200,TXN00017653,VALID,USR80376,MCH5600,2026-01-16 00:00:00,DATE_ONLY,2026-01-23 00:00:00,DATE_ONLY,2026-01-24 19:11:00,VALID,4402.84,VALID,UNAUTHORIZED_TRANSACTION,User reports money deducted but merchant denies receiving payment.,IN_PROGRESS,MEDIUM,APP
CBK0001408,TXN00007170,VALID,USR49478,MCH8391,2026-03-30 20:56:21,VALID,2026-03-31 00:00:00,DATE_ONLY,2026-04-01 00:00:00,DATE_ONLY,468.0,VALID,GENERAL_COMPLAINT,Merchant service was not delivered after payment.,OPEN,MEDIUM,CHATBOT
CBK0000377,TXN00038189,VALID,USR50661,MCH5076,2026-01-08 00:00:00,DATE_ONLY,,MISSING,,MISSING,754.07,VALID,UNAUTHORIZED_TRANSACTION,Complaint received after multiple failed attempts.,PENDING_BANK,MEDIUM,IVR
CBK0001891,TXN00001071,VALID,USR11526,MCH9122,2026-03-13 00:00:00,DATE_ONLY,2026-03-17 00:00:00,DATE_ONLY,2026-03-31 00:00:00,DATE_ONLY,2117.2,VALID,SERVICE_NOT_PROVIDED,Complaint received after multiple failed attempts. na,CLOSED,MEDIUM,BRANCH
CBK0001866,TXN00008011,VALID,USR63376,MCH6063,2026-01-16 00:00:00,DATE_ONLY,2026-01-19 00:00:00,DATE_ONLY,2026-02-15 00:00:00,DATE_ONLY,1770.2,VALID,UNAUTHORIZED_TRANSACTION,Suspicious high-value payment disputed by customer.,RESOLVED,MEDIUM,CALL_CENTER
CBK0000970,TXN00082870,VALID,USR36118,MCH1738,2026-01-29 00:00:00,DATE_ONLY,2026-01-30 00:00:00,DATE_ONLY,2026-01-30 19:36:00,VALID,543.0,VALID,WRONG_AMOUNT,Merchant service was not delivered after payment.,CLOSED,LOW,CALL_CENTER
CBK0002242,TXN00084424,VALID,USR30262,MCH6806,2026-03-18 00:38:07,VALID,2026-03-18 00:00:00,DATE_ONLY,2026-03-18 00:00:00,DATE_ONLY,1535.24,VALID,SERVICE_NOT_PROVIDED,User reports money deducted but merchant denies receiving payment.,IN_PROGRESS,LOW,CALL_CENTER
CBK0001560,TXN00001620,VALID,USR85566,MCH6810,,MISSING,2026-03-23 00:00:00,DATE_ONLY,,MISSING,1347.82,VALID,UNAUTHORIZED_TRANSACTION,Suspicious high-value payment disputed by customer.,RESOLVED,LOW,CHATBOT
CBK0000409,TXN00006280,VALID,USR91269,MCH4181,2026-02-18 22:17:11,VALID,2026-02-22 14:17:00,VALID,2026-03-21 14:17:11,VALID,1032.66,VALID,UNAUTHORIZED_TRANSACTION,User claims account was compromised before transaction.,REJECTED,MEDIUM,APP
CBK0001847,TXN00012093,VALID,USR36399,MCH7286,2026-02-21 10:24:33,VALID,2026-02-28 00:00:00,DATE_ONLY,2026-03-22 00:00:00,DATE_ONLY,3867.32,VALID,UNAUTHORIZED_TRANSACTION,Merchant service was not delivered after payment.,RESOLVED,CRITICAL,IVR
CBK0001673,TXN00017039,VALID,USR32436,MCH9055,2026-03-01 00:00:00,DATE_ONLY,2026-06-01 00:00:00,DATE_ONLY,2026-01-21 15:04:59,VALID,1306.0,VALID,SERVICE_NOT_PROVIDED,User reports money deducted but merchant denies receiving payment.,RESOLVED,LOW,CHATBOT
CBK0000284,TXN00032709,VALID,USR91199,MCH7235,2026-01-29 00:00:00,DATE_ONLY,,MISSING,2026-02-13 00:00:00,DATE_ONLY,4152.0,VALID,UNAUTHORIZED_TRANSACTION,User claims account was compromised before transaction.,CLOSED,MEDIUM,EMAIL
CBK0001681,TXN00013474,VALID,USR44690,MCH1928,2026-03-08 17:42:18,VALID,2026-04-07 00:00:00,DATE_ONLY,,MISSING,3303.95,VALID,SERVICE_NOT_PROVIDED,Payment made to unknown merchant as per customer statement.,OPEN,LOW,IVR
CBK0001146,TXN00006160,VALID,USR11770,MCH4871,2026-07-03 00:00:00,DATE_ONLY,2026-03-14 00:00:00,DATE_ONLY,2026-04-07 00:00:00,DATE_ONLY,384.6,VALID,UNAUTHORIZED_TRANSACTION,Customer complaint text unclear due to poor call center notes.,IN_PROGRESS,MEDIUM,BRANCH
CBK0000431,TXN00011403,VALID,USR76792,MCH3707,2026-03-16 00:00:00,DATE_ONLY,2026-03-17 00:00:00,DATE_ONLY,2026-03-22 00:00:00,DATE_ONLY,88.39,VALID,UNAUTHORIZED_TRANSACTION,User reports money deducted but merchant denies receiving payment.,CLOSED,LOW,BRANCH
CBK0000038,TXN00016138,VALID,USR75856,MCH5345,2026-02-15 00:00:00,DATE_ONLY,2026-03-18 00:00:00,DATE_ONLY,2026-04-13 00:00:00,DATE_ONLY,2973.45,VALID,DUPLICATE_DEBIT,Payment made to unknown merchant as per customer statement.,PENDING_BANK,LOW,IVR
CBK0001051,TXN00007915,VALID,USR14299,MCH2383,2026-10-02 03:04:00,VALID,2026-03-13 00:00:00,DATE_ONLY,2026-03-18 00:00:00,DATE_ONLY,1789.71,VALID,UNAUTHORIZED_TRANSACTION,Payment made to unknown merchant as per customer statement.,RESOLVED,CRITICAL,CALL_CENTER
CBK0000442,TXN00007729,VALID,USR34645,MCH5076,2026-01-05 00:00:00,DATE_ONLY,2026-01-09 00:00:00,DATE_ONLY,2026-01-29 00:00:00,DATE_ONLY,819.04,VALID,GENERAL_COMPLAINT,User claims account was compromised before transaction.,CLOSED,LOW,EMAIL
CBK0002207,TXN00015126,VALID,USR62875,MCH2383,2026-06-01 00:00:00,DATE_ONLY,2026-01-06 00:00:00,DATE_ONLY,2026-01-23 00:00:00,DATE_ONLY,2119.11,VALID,DUPLICATE_DEBIT,Customer complaint text unclear due to poor call center notes.,IN_PROGRESS,LOW,CHATBOT
CBK0000536,TXN00017414,VALID,USR39006,MCH5032,2026-01-10 00:00:00,DATE_ONLY,2026-01-08 00:00:00,DATE_ONLY,2026-02-06 04:32:02,VALID,12249.71,VALID,SERVICE_NOT_PROVIDED,Complaint received after multiple failed attempts.,CLOSED,HIGH,EMAIL
CBK0000633,TXN00013693,VALID,USR72322,MCH8732,2026-03-19 17:11:52,VALID,2026-03-21 00:00:00,DATE_ONLY,,MISSING,1899.73,VALID,SERVICE_NOT_PROVIDED,Merchant service was not delivered after payment.,RESOLVED,HIGH,IVR
CBK0002622,TXN00018833,VALID,USR92174,MCH4861,2026-02-05 00:00:00,DATE_ONLY,2026-02-13 13:09:19,VALID,2026-02-19 00:00:00,DATE_ONLY,-451.83,NEGATIVE,UNAUTHORIZED_TRANSACTION,Customer says transaction was not authorized.,RESOLVED,CRITICAL,CHATBOT
CBK0001117,TXN00012679,VALID,USR13963,MCH3522,2026-07-02 00:00:00,DATE_ONLY,2026-09-02 00:00:00,DATE_ONLY,,MISSING,1851.93,VALID,DUPLICATE_DEBIT,Complaint received after multiple failed attempts.,PENDING_BANK,MEDIUM,APP
CBK0000939,TXN00009825,VALID,USR24660,MCH9618,2026-03-26 00:00:00,DATE_ONLY,2026-03-29 06:03:00,VALID,2026-04-25 00:00:00,DATE_ONLY,3080.0,VALID,GENERAL_COMPLAINT,Complaint received after multiple failed attempts.,RESOLVED,LOW,BRANCH
CBK0001090,TXN00016195,VALID,USR85787,MCH4442,2026-03-11 00:00:00,DATE_ONLY,2026-03-22 01:33:06,VALID,2026-04-13 00:00:00,DATE_ONLY,471.0,VALID,SERVICE_NOT_PROVIDED,User says upi pin was not entered by them.,OPEN,LOW,BRANCH
CBK0001682,TXN00010834,VALID,USR67399,MCH8675,2026-12-03 15:00:00,VALID,2026-03-23 00:00:00,DATE_ONLY,,MISSING,1750.36,VALID,DUPLICATE_DEBIT,Customer complaint text unclear due to poor call center notes.,IN_PROGRESS,MEDIUM,CHATBOT
CBK0001294,TXN00019221,VALID,USR67336,MCH7286,2026-03-10 08:05:58,VALID,2026-03-17 00:00:00,DATE_ONLY,2026-04-04 21:05:58,VALID,596.6,VALID,GENERAL_COMPLAINT,Customer says txn was not authorized.,CLOSED,MEDIUM,BRANCH
CBK0001189,TXN00015243,VALID,USR90963,MCH4871,2026-02-14 13:48:33,VALID,2026-02-14 00:00:00,DATE_ONLY,2026-03-05 14:48:33,VALID,448.21,VALID,GENERAL_COMPLAINT,Merchant service was not delivered after payment.,REJECTED,MEDIUM,CHATBOT
CBK0000070,TXN00019236,VALID,USR39755,MCH6038,2026-03-26 13:55:00,VALID,2026-04-10 23:55:00,VALID,2026-05-08 00:00:00,DATE_ONLY,3160.25,VALID,UNAUTHORIZED_TRANSACTION,Payment made to unknown merchant as per customer statement.,RESOLVED,HIGH,EMAIL
CBK0000476,TXN00076059,VALID,USR36575,MCH1929,2026-03-29 00:00:00,DATE_ONLY,2026-01-04 00:00:00,DATE_ONLY,,MISSING,1726.97,VALID,WRONG_AMOUNT,Payment made to unknown merchant as per customer statement.,IN_PROGRESS,HIGH,IVR
CBK0000092,TXN00019596,VALID,USR96380,MCH3161,2026-02-23 05:30:01,VALID,,MISSING,,MISSING,2991.63,VALID,DUPLICATE_DEBIT,Customer says amount was debited twice.,RESOLVED,HIGH,CHATBOT
CBK0000095,TXN00006584,VALID,USR85655,MCH1599,2026-03-03 21:45:00,VALID,2026-03-04 00:00:00,DATE_ONLY,2026-03-18 00:00:00,DATE_ONLY,1087.37,VALID,SERVICE_NOT_PROVIDED,Merchant service was not delivered after payment.,IN_PROGRESS,MEDIUM,CALL_CENTER
CBK0000861,TXN00016940,VALID,USR83977,MCH1995,2026-01-05 00:00:00,DATE_ONLY,2026-01-07 01:02:00,VALID,2026-01-24 00:00:00,DATE_ONLY,7669.97,VALID,DUPLICATE_DEBIT,Payment made to unknown merchant as per customer statement.,RESOLVED,MEDIUM,BRANCH
CBK0000040,TXN00009861,VALID,USR84241,MCH1811,2026-05-02 00:00:00,DATE_ONLY,2026-02-08 00:00:00,DATE_ONLY,2026-02-15 15:27:00,VALID,883.5,VALID,SERVICE_NOT_PROVIDED,User reports money deducted but merchant denies receiving payment.,RESOLVED,HIGH,EMAIL
CBK0001663,TXN00008414,VALID,USR40891,MCH1873,2026-02-23 00:00:00,DATE_ONLY,2026-01-03 13:21:00,VALID,,MISSING,-1523.73,NEGATIVE,SERVICE_NOT_PROVIDED,User says upi pin was not entered by them.,IN_PROGRESS,HIGH,CHATBOT
CBK0001483,TXN00004890,VALID,USR15275,MCH1320,2026-01-06 00:00:00,DATE_ONLY,2026-01-02 00:00:00,DATE_ONLY,,MISSING,,UNPARSEABLE/NULL,DUPLICATE_DEBIT,Suspicious high-value payment disputed by customer.,CLOSED,LOW,IVR
CBK0002538,TXN00018880,VALID,USR86824,MCH3870,2026-01-13 00:00:00,DATE_ONLY,2026-01-29 12:17:00,VALID,2026-02-18 00:00:00,DATE_ONLY,2224.0,VALID,UNAUTHORIZED_TRANSACTION,User reports money deducted but merchant denies receiving payment.,REJECTED,LOW,BRANCH
CBK0000838,TXN00002790,VALID,USR38178,MCH9291,2026-01-30 05:36:28,VALID,,MISSING,2026-02-09 00:00:00,DATE_ONLY,870.0,VALID,WRONG_AMOUNT,User reports money deducted but merchant denies receiving payment.,CLOSED,MEDIUM,CHATBOT
CBK0000514,TXN00091755,VALID,USR83157,MCH3365,2026-03-24 11:00:58,VALID,,MISSING,2026-04-22 00:00:00,DATE_ONLY,3762.83,VALID,UNAUTHORIZED_TRANSACTION,Complaint received after multiple failed attempts.,OPEN,CRITICAL,APP
CBK0001432,TXN00014015,VALID,USR84470,MCH4732,2026-02-07 00:00:00,DATE_ONLY,2026-02-12 00:00:00,DATE_ONLY,2026-03-10 00:00:00,DATE_ONLY,1855.84,VALID,DUPLICATE_DEBIT,Merchant service was not delivered after payment.,OPEN,MEDIUM,IVR
CBK0000434,TXN00002783,VALID,USR21986,MCH9344,2026-01-10 02:14:17,VALID,2026-01-25 00:00:00,DATE_ONLY,2026-02-19 10:14:17,VALID,447.3,VALID,UNAUTHORIZED_TRANSACTION,Customer says amount was debited twice.,CLOSED,MEDIUM,IVR
CBK0002619,TXN00000071,VALID,USR86538,MCH2766,2026-01-25 00:00:00,DATE_ONLY,2026-01-27 18:40:21,VALID,,MISSING,3311.22,VALID,UNAUTHORIZED_TRANSACTION,Suspicious high-value payment disputed by customer. urgent,PENDING_BANK,MEDIUM,CALL_CENTER
CBK0001446,TXN00017598,VALID,USR51720,MCH4274,2026-01-22 19:24:28,VALID,,MISSING,2026-02-27 00:00:00,DATE_ONLY,819.3,VALID,GENERAL_COMPLAINT,Customer says amount was debited twice.,CLOSED,MEDIUM,BRANCH
CBK0002673,TXN00017755,VALID,USR27181,MCH6810,2026-02-02 22:47:32,VALID,2026-06-02 08:47:00,VALID,2026-02-14 00:00:00,DATE_ONLY,3261.84,VALID,DUPLICATE_DEBIT,Customer says amount was debited twice.,CLOSED,MEDIUM,EMAIL
CBK0000313,TXN00000248,VALID,USR50945,MCH5264,2026-01-25 01:32:00,VALID,2026-01-26 05:32:05,VALID,2026-01-02 00:00:00,DATE_ONLY,1984.03,VALID,GENERAL_COMPLAINT,Customer says amount was debited twice.,CLOSED,LOW,CHATBOT
CBK0000911,TXN00002114,VALID,USR52444,MCH1797,2026-01-26 14:20:00,VALID,2026-02-26 00:00:00,DATE_ONLY,,MISSING,4126.61,VALID,UNAUTHORIZED_TRANSACTION,Customer says amount was debited twice.,REJECTED,LOW,BRANCH
CBK0001457,TXN00004271,VALID,USR60321,MCH2200,2026-03-06 15:12:38,VALID,2026-03-13 23:12:00,VALID,,MISSING,2672.78,VALID,SERVICE_NOT_PROVIDED,User reports money deducted but merchant denies receiving payment.,OPEN,LOW,APP
CBK0000071,TXN00008538,VALID,USR89774,MCH8569,2026-02-08 00:00:00,DATE_ONLY,2026-02-10 14:50:39,VALID,,MISSING,2850.0,VALID,UNAUTHORIZED_TRANSACTION,Customer complaint text unclear due to poor call center notes.,REJECTED,MEDIUM,CHATBOT
CBK0001767,TXN00003813,VALID,USR78593,MCH3210,2026-01-09 14:05:22,VALID,2026-01-11 00:00:00,DATE_ONLY,,MISSING,5758.61,VALID,UNAUTHORIZED_TRANSACTION,Payment made to unknown merchant as per customer statement.,RESOLVED,LOW,EMAIL
CBK0002661,TXN00015325,VALID,USR25636,MCH1585,,MISSING,2026-02-20 00:00:00,DATE_ONLY,2026-02-21 00:00:00,DATE_ONLY,5464.95,VALID,SERVICE_NOT_PROVIDED,Merchant service was not delivered after payment.,REJECTED,MEDIUM,CALL_CENTER
CBK0002127,TXN00007220,VALID,USR63182,MCH9060,2026-01-05 00:00:00,DATE_ONLY,2026-01-08 00:00:00,DATE_ONLY,2026-01-12 00:00:00,DATE_ONLY,4676.01,VALID,UNAUTHORIZED_TRANSACTION,Customer complaint text unclear due to poor call center notes.,OPEN,MEDIUM,BRANCH
CBK0002697,TXN00004642,VALID,USR90463,MCH5765,2026-03-13 01:00:19,VALID,2026-03-14 00:00:00,DATE_ONLY,,MISSING,1778.23,VALID,UNAUTHORIZED_TRANSACTION,Suspicious high-value payment disputed by customer.,OPEN,MEDIUM,IVR
CBK0001263,TXN00002462,VALID,USR87914,MCH6026,2026-01-03 00:00:00,DATE_ONLY,2026-01-04 13:43:14,VALID,2026-01-07 00:00:00,DATE_ONLY,2723.0,VALID,DUPLICATE_DEBIT,User says upi pin was not entered by them.,RESOLVED,HIGH,CALL_CENTER
CBK0002161,TXN00005572,VALID,USR72135,MCH4577,2026-01-26 00:00:00,DATE_ONLY,,MISSING,2026-02-02 04:34:00,VALID,-1181.23,NEGATIVE,UNAUTHORIZED_TRANSACTION,Customer says amount was debited twice.,REJECTED,LOW,EMAIL
CBK0001347,TXN00016394,VALID,USR93953,MCH3886,2026-03-27 07:12:43,VALID,2026-03-30 00:00:00,DATE_ONLY,2026-03-31 04:12:00,VALID,1503.32,VALID,SERVICE_NOT_PROVIDED,User says upi pin was not entered by them.,PENDING_BANK,LOW,APP
CBK0002140,TXN00013237,VALID,USR59679,MCH1712,2026-01-23 00:00:00,DATE_ONLY,2026-01-24 20:01:00,VALID,,MISSING,405.0,VALID,UNAUTHORIZED_TRANSACTION,User claims account was compromised before transaction.,OPEN,MEDIUM,CALL_CENTER
CBK0000743,TXN00005962,VALID,USR43455,MCH1477,2026-03-16 00:00:00,DATE_ONLY,2026-03-22 00:00:00,DATE_ONLY,,MISSING,354.48,VALID,UNAUTHORIZED_TRANSACTION,Suspicious high-value payment disputed by customer.,OPEN,MEDIUM,IVR
CBK0001876,,MISSING,USR39217,MCH8156,2026-06-03 00:00:00,DATE_ONLY,2026-03-21 00:00:00,DATE_ONLY,,MISSING,927.0,VALID,DUPLICATE_DEBIT,User claims account was compromised before transaction.,RESOLVED,LOW,CHATBOT
CBK0001874,TXN00004675,VALID,USR30340,MCH7982,2026-03-21 00:00:00,DATE_ONLY,2026-06-04 22:58:00,VALID,,MISSING,258.2,VALID,SERVICE_NOT_PROVIDED,Complaint received after multiple failed attempts.,PENDING_BANK,HIGH,CHATBOT
CBK0001715,TXN00010566,VALID,USR83077,MCH9707,2026-02-21 00:00:00,DATE_ONLY,2026-02-24 00:00:00,DATE_ONLY,2026-01-03 19:01:00,VALID,3265.07,VALID,UNAUTHORIZED_TRANSACTION,Payment made to unknown merchant as per cust statement.,REJECTED,MEDIUM,IVR
CBK0000544,TXN00016205,VALID,USR41135,MCH4873,2026-03-21 00:00:00,DATE_ONLY,2026-03-20 00:00:00,DATE_ONLY,2026-04-13 00:00:00,DATE_ONLY,3052.0,VALID,UNAUTHORIZED_TRANSACTION,Suspicious high-value payment disputed by customer.,RESOLVED,LOW,CHATBOT
CBK0000007,TXN00017412,VALID,USR26201,MCH8154,2026-02-16 22:23:08,VALID,2026-02-17 00:00:00,DATE_ONLY,2026-02-18 05:23:00,VALID,1505.0,VALID,SERVICE_NOT_PROVIDED,Complaint received after multiple failed attempts.,OPEN,LOW,APP
CBK0002040,TXN00019376,VALID,USR95000,MCH8391,,MISSING,2026-09-01 18:31:00,VALID,2026-01-10 00:00:00,DATE_ONLY,439.77,VALID,WRONG_AMOUNT,Merchant service was not delivered after payment.,IN_PROGRESS,HIGH,BRANCH
CBK0002551,TXN00011968,VALID,USR52233,MCH3341,2026-02-12 00:00:00,DATE_ONLY,2026-03-14 00:00:00,DATE_ONLY,2026-03-18 00:00:00,DATE_ONLY,-4809.04,NEGATIVE,UNAUTHORIZED_TRANSACTION,User says upi pin was not entered by them.,IN_PROGRESS,MEDIUM,CHATBOT
CBK0000800,TXN00008407,VALID,USR54047,MCH8953,2026-03-29 00:00:00,DATE_ONLY,2026-03-29 00:00:00,DATE_ONLY,2026-04-22 00:00:00,DATE_ONLY,2017.17,VALID,UNAUTHORIZED_TRANSACTION,Customer says transaction was not authorized. urgent,CLOSED,MEDIUM,IVR
CBK0001603,TXN00007165,VALID,USR26534,MCH2266,2026-03-03 00:00:00,DATE_ONLY,2026-06-03 00:00:00,DATE_ONLY,2026-09-03 18:27:00,VALID,676.0,VALID,DUPLICATE_DEBIT,Suspicious high-value payment disputed by customer.,CLOSED,LOW,APP
CBK0002563,TXN00004512,VALID,USR79645,MCH1381,2026-11-02 00:00:00,DATE_ONLY,2026-02-13 00:00:00,DATE_ONLY,2026-02-25 14:14:00,VALID,1358.0,VALID,DUPLICATE_DEBIT,Merchant service was not delivered after payment.,OPEN,LOW,EMAIL
CBK0001982,TXN00003383,VALID,USR14096,MCH7078,2026-03-01 00:00:00,DATE_ONLY,2026-03-07 00:00:00,DATE_ONLY,2026-03-08 10:23:47,VALID,1589.0,VALID,UNAUTHORIZED_TRANSACTION,Complaint received after multiple failed attempts.,RESOLVED,LOW,APP
CBK0001850,TXN00000410,VALID,USR29306,MCH9778,2026-01-23 00:00:00,DATE_ONLY,2026-01-29 00:00:00,DATE_ONLY,2026-02-02 05:21:02,VALID,388.0,VALID,UNAUTHORIZED_TRANSACTION,User claims account was compromised before transaction.,IN_PROGRESS,HIGH,APP
CBK0000810,TXN00008813,VALID,USR55160,MCH9104,2026-03-15 00:00:00,DATE_ONLY,,MISSING,,MISSING,-825.92,NEGATIVE,GENERAL_COMPLAINT,User says upi pin was not entered by them.,IN_PROGRESS,LOW,CALL_CENTER
CBK0000188,TXN00001256,VALID,USR74352,MCH1724,2026-01-20 03:59:31,VALID,2026-01-21 00:00:00,DATE_ONLY,2026-01-02 22:59:00,VALID,,UNPARSEABLE/NULL,WRONG_AMOUNT,Payment made to unknown merchant as per customer statement.,RESOLVED,HIGH,EMAIL
CBK0000806,TXN00010423,VALID,USR91337,MCH8154,,MISSING,2026-02-25 04:33:00,VALID,2026-03-03 00:00:00,DATE_ONLY,1285.39,VALID,SERVICE_NOT_PROVIDED,User reports money deducted but merchant denies receiving payment.,REJECTED,LOW,APP
CBK0001458,TXN00002805,VALID,USR85655,MCH1702,2026-02-18 00:00:00,DATE_ONLY,2026-03-05 00:00:00,DATE_ONLY,2026-03-28 00:00:00,DATE_ONLY,1623.96,VALID,DUPLICATE_DEBIT,User claims account was compromised before transaction. call dropped,CLOSED,MEDIUM,BRANCH
CBK0001348,TXN00006710,VALID,USR80160,MCH8221,2026-03-28 11:14:00,VALID,2026-03-30 00:00:00,DATE_ONLY,2026-04-07 00:00:00,DATE_ONLY,2194.0,VALID,UNAUTHORIZED_TRANSACTION,User claims account was compromised before transaction.,OPEN,HIGH,IVR
CBK0002428,TXN00009714,VALID,USR79175,MCH8542,2026-02-15 22:57:47,VALID,2026-03-03 00:00:00,DATE_ONLY,2026-02-04 00:00:00,DATE_ONLY,807.62,VALID,DUPLICATE_DEBIT,Customer says transaction was not authorized.,CLOSED,LOW,BRANCH
CBK0002255,TXN00008016,VALID,USR72981,MCH7286,2026-01-01 23:32:29,VALID,2026-02-01 00:00:00,DATE_ONLY,,MISSING,1364.41,VALID,UNAUTHORIZED_TRANSACTION,Customer says amount was debited twice. na,IN_PROGRESS,LOW,CHATBOT
CBK0001215,TXN00007445,VALID,USR46899,MCH9910,2026-01-24 18:17:00,VALID,2026-01-27 00:00:00,DATE_ONLY,,MISSING,3055.0,VALID,UNAUTHORIZED_TRANSACTION,User says upi pin was not entered by them. pls check asap,RESOLVED,MEDIUM,IVR
CBK0002709,TXN00003581,VALID,USR40538,MCH8057,2026-01-27 00:00:00,DATE_ONLY,2026-02-26 10:26:00,VALID,2026-08-03 00:00:00,DATE_ONLY,3616.02,VALID,UNAUTHORIZED_TRANSACTION,Merchant service was not delivered after payment.,IN_PROGRESS,MEDIUM,IVR
CBK0001714,TXN00019200,VALID,USR10307,MCH3670,2026-01-23 04:45:00,VALID,2026-01-24 13:45:28,VALID,2026-02-20 00:00:00,DATE_ONLY,1186.0,VALID,GENERAL_COMPLAINT,Complaint received after multiple failed attempts.,OPEN,MEDIUM,CHATBOT
CBK0000074,TXN00018905,VALID,USR67079,MCH5054,2026-09-02 00:00:00,DATE_ONLY,2026-02-10 00:00:00,DATE_ONLY,,MISSING,547.94,VALID,GENERAL_COMPLAINT,Suspicious high-value payment disputed by customer. pls check asap,IN_PROGRESS,HIGH,BRANCH
CBK0002061,TXN00000123,VALID,USR25645,MCH1279,2026-01-26 00:00:00,DATE_ONLY,2026-01-30 00:00:00,DATE_ONLY,,MISSING,4808.45,VALID,UNAUTHORIZED_TRANSACTION,User says upi pin was not entered by them.,OPEN,HIGH,EMAIL
CBK0000846,TXN00018851,VALID,USR98606,MCH9609,2026-03-18 00:00:00,DATE_ONLY,2026-04-17 14:56:00,VALID,,MISSING,2087.83,VALID,GENERAL_COMPLAINT,User says upi pin was not entered by them.,PENDING_BANK,HIGH,APP
CBK0000427,TXN00013526,VALID,USR91283,MCH5276,,MISSING,2026-03-29 00:00:00,DATE_ONLY,,MISSING,1210.19,VALID,UNAUTHORIZED_TRANSACTION,Payment made to unknown merchant as per customer statement.,RESOLVED,CRITICAL,CHATBOT
CBK0001036,TXN00015494,VALID,USR80517,MCH8983,,MISSING,2026-01-29 00:00:00,DATE_ONLY,2026-01-31 00:00:00,DATE_ONLY,1459.8,VALID,UNAUTHORIZED_TRANSACTION,Customer complaint text unclear due to poor call center notes.,REJECTED,CRITICAL,IVR
CBK0001174,TXN00005857,VALID,USR50126,MCH4181,2026-02-17 00:00:00,DATE_ONLY,2026-03-20 00:00:00,DATE_ONLY,2026-12-04 00:00:00,DATE_ONLY,-244.97,NEGATIVE,WRONG_AMOUNT,Customer says amount was debited twice.,IN_PROGRESS,LOW,CHATBOT
CBK0000225,TXN00000007,VALID,USR30925,MCH5655,2026-02-07 05:47:09,VALID,2026-02-09 00:00:00,DATE_ONLY,2026-12-02 18:47:00,VALID,2231.72,VALID,UNAUTHORIZED_TRANSACTION,User reports money deducted but merchant denies receiving payment.,IN_PROGRESS,HIGH,EMAIL
CBK0000472,TXN00001422,VALID,USR49251,MCH7171,2026-02-20 00:00:00,DATE_ONLY,2026-02-21 00:00:00,DATE_ONLY,2026-02-26 02:45:57,VALID,2080.17,VALID,UNAUTHORIZED_TRANSACTION,User claims account was compromised before transaction.,CLOSED,LOW,IVR
CBK0000673,TXN00006799,VALID,USR90390,MCH2514,2026-01-04 00:00:00,DATE_ONLY,2026-01-19 00:00:00,DATE_ONLY,2026-02-09 00:00:00,DATE_ONLY,7272.77,VALID,UNAUTHORIZED_TRANSACTION,Customer complaint text unclear due to poor call center notes.,REJECTED,MEDIUM,EMAIL
CBK0001783,TXN00003103,VALID,USR31416,MCH8794,2026-01-24 15:01:00,VALID,2026-01-26 00:00:00,DATE_ONLY,2026-02-03 00:00:00,DATE_ONLY,7765.0,VALID,SERVICE_NOT_PROVIDED,Suspicious high-value payment disputed by customer.,RESOLVED,LOW,IVR
CBK0000232,TXN00019245,VALID,USR86563,MCH2065,2026-01-01 00:00:00,DATE_ONLY,2026-01-11 00:00:00,DATE_ONLY,,MISSING,2823.84,VALID,GENERAL_COMPLAINT,User claims account was compromised before transaction.,RESOLVED,LOW,EMAIL
CBK0001610,TXN00008090,VALID,USR29627,MCH9644,2026-03-28 23:39:25,VALID,2026-03-31 00:00:00,DATE_ONLY,,MISSING,3349.24,VALID,WRONG_AMOUNT,Merchant service was not delivered after payment.,PENDING_BANK,MEDIUM,CALL_CENTER
CBK0002361,TXN00010080,VALID,USR53138,MCH7137,2026-03-08 00:00:00,DATE_ONLY,2026-03-14 08:24:12,VALID,2026-04-11 00:00:00,DATE_ONLY,824.94,VALID,UNAUTHORIZED_TRANSACTION,Customer says transaction was not authorized.,CLOSED,MEDIUM,APP
CBK0000281,TXN00017953,VALID,USR13544,MCH2334,2026-04-01 01:24:00,VALID,2026-01-06 19:24:02,VALID,,MISSING,6427.42,VALID,SERVICE_NOT_PROVIDED,Complaint received after multiple failed attempts.,RESOLVED,MEDIUM,APP
CBK0001871,TXN00009076,VALID,USR67496,MCH3100,2026-03-30 00:00:00,DATE_ONLY,2026-03-31 11:44:40,VALID,2026-04-28 00:00:00,DATE_ONLY,1552.98,VALID,UNAUTHORIZED_TRANSACTION,Customer complaint text unclear due to poor call center notes.,OPEN,HIGH,BRANCH
CBK0000436,TXN00012192,VALID,USR93581,MCH4547,2026-02-24 00:00:00,DATE_ONLY,2026-04-11 00:00:00,DATE_ONLY,2026-05-07 00:00:00,DATE_ONLY,-5520.5,NEGATIVE,SERVICE_NOT_PROVIDED,Customer says transaction was not authorized. pls check asap,PENDING_BANK,MEDIUM,BRANCH
CBK0001824,TXN00016562,VALID,USR59778,MCH2822,2026-01-10 00:00:00,DATE_ONLY,2026-01-15 13:06:53,VALID,,MISSING,709.53,VALID,UNAUTHORIZED_TRANSACTION,Customer says transaction was not authorized.,CLOSED,LOW,CALL_CENTER
CBK0002068,TXN00009416,VALID,USR13134,MCH9782,2026-07-03 00:00:00,DATE_ONLY,2026-09-03 13:28:00,VALID,2026-03-17 00:00:00,DATE_ONLY,4883.77,VALID,UNAUTHORIZED_TRANSACTION,Payment made to unknown merchant as per cust statement.,IN_PROGRESS,LOW,IVR
CBK0000756,TXN00017864,VALID,USR17657,MCH1702,2026-03-01 00:00:00,DATE_ONLY,2026-03-05 00:00:00,DATE_ONLY,,MISSING,-2911.37,NEGATIVE,SERVICE_NOT_PROVIDED,Customer says amount was debited twice.,PENDING_BANK,HIGH,IVR
CBK0002112,TXN00002782,VALID,USR94403,MCH2757,2026-02-14 18:10:29,VALID,2026-02-17 00:00:00,DATE_ONLY,2026-03-19 12:10:29,VALID,3648.19,VALID,UNAUTHORIZED_TRANSACTION,Customer says txn was not authorized.,PENDING_BANK,HIGH,CALL_CENTER
CBK0001881,TXN00008840,VALID,USR73167,MCH4857,2026-01-13 00:00:00,DATE_ONLY,2026-01-18 00:00:00,DATE_ONLY,,MISSING,1257.85,VALID,DUPLICATE_DEBIT,Customer says amount was debited twice.,IN_PROGRESS,HIGH,BRANCH
CBK0002343,TXN00015911,VALID,USR29306,MCH9294,2026-02-16 00:00:00,DATE_ONLY,2026-02-04 00:00:00,DATE_ONLY,2026-04-29 00:00:00,DATE_ONLY,1701.23,VALID,DUPLICATE_DEBIT,User claims account was compromised before transaction.,REJECTED,HIGH,APP
CBK0002173,TXN00013107,VALID,USR82940,MCH2266,2026-03-28 00:00:00,DATE_ONLY,2026-04-12 00:00:00,DATE_ONLY,2026-04-15 00:00:00,DATE_ONLY,2242.79,VALID,UNAUTHORIZED_TRANSACTION,Customer says transaction was not authorized. details missing,IN_PROGRESS,LOW,EMAIL
CBK0002433,TXN00013653,VALID,USR85471,MCH6459,2026-02-02 03:05:01,VALID,2026-02-17 22:05:01,VALID,,MISSING,-555.33,NEGATIVE,WRONG_AMOUNT,Customer says amount was debited twice.,IN_PROGRESS,MEDIUM,CHATBOT
CBK0000129,TXN00009368,VALID,USR60939,MCH4143,2026-03-01 00:00:00,DATE_ONLY,2026-03-03 00:00:00,DATE_ONLY,2026-11-03 20:10:00,VALID,2931.23,VALID,SERVICE_NOT_PROVIDED,Merchant service was not delivered after payment.,REJECTED,LOW,EMAIL
CBK0000801,TXN00000284,VALID,USR94447,MCH5873,2026-06-03 06:58:00,VALID,2026-03-21 12:58:56,VALID,2026-04-20 00:00:00,DATE_ONLY,2676.58,VALID,UNAUTHORIZED_TRANSACTION,Customer says amount was debited twice.,RESOLVED,MEDIUM,IVR
CBK0001337,TXN00011351,VALID,USR28182,MCH2065,2026-05-01 00:00:00,DATE_ONLY,2026-01-08 00:00:00,DATE_ONLY,,MISSING,4601.18,VALID,DUPLICATE_DEBIT,Customer says transaction was not authorized.,PENDING_BANK,MEDIUM,EMAIL
CBK0001544,TXN00010606,VALID,USR12233,MCH9344,2026-03-21 23:56:00,VALID,,MISSING,2026-04-16 09:56:11,VALID,13028.67,VALID,SERVICE_NOT_PROVIDED,Customer complaint text unclear due to poor call center notes.,RESOLVED,HIGH,CHATBOT
CBK0002110,TXN00019908,VALID,USR76321,MCH5838,2026-02-03 00:00:00,DATE_ONLY,2026-02-18 00:00:00,DATE_ONLY,2026-02-22 00:00:00,DATE_ONLY,14932.0,VALID,UNAUTHORIZED_TRANSACTION,Customer complaint text unclear due to poor call center notes.,OPEN,LOW,CHATBOT
CBK0001660,TXN00002347,VALID,USR11036,MCH2383,2026-03-08 00:42:06,VALID,2026-03-09 00:00:00,DATE_ONLY,2026-04-01 00:00:00,DATE_ONLY,1200.09,VALID,SERVICE_NOT_PROVIDED,Suspicious high-value payment disputed by customer.,REJECTED,MEDIUM,IVR
CBK0000341,TXN00009379,VALID,USR68432,MCH6606,2026-03-20 14:08:47,VALID,2026-03-23 00:00:00,DATE_ONLY,2026-03-31 06:08:47,VALID,578.72,VALID,DUPLICATE_DEBIT,Suspicious high-value payment disputed by customer.,CLOSED,HIGH,IVR
CBK0001304,TXN00017396,VALID,USR40538,MCH9984,,MISSING,2026-03-18 00:00:00,DATE_ONLY,2026-03-18 05:40:59,VALID,642.07,VALID,UNAUTHORIZED_TRANSACTION,User reports money deducted but merchant denies receiving payment.,IN_PROGRESS,HIGH,CALL_CENTER
CBK0001062,TXN00012810,VALID,USR43890,MCH7683,2026-01-26 00:00:00,DATE_ONLY,2026-10-02 16:43:00,VALID,2026-03-10 00:00:00,DATE_ONLY,,UNPARSEABLE/NULL,WRONG_AMOUNT,User reports money deducted but merchant denies receiving payment.,OPEN,LOW,IVR
CBK0002330,TXN00007824,VALID,USR15414,MCH7186,2026-03-24 00:00:00,DATE_ONLY,2026-03-27 06:06:46,VALID,,MISSING,1375.65,VALID,SERVICE_NOT_PROVIDED,Suspicious high-value payment disputed by cust.,REJECTED,MEDIUM,CALL_CENTER
CBK0001222,TXN00004174,VALID,USR60027,MCH2402,2026-02-22 00:00:00,DATE_ONLY,2026-10-03 00:00:00,DATE_ONLY,2026-03-24 00:40:00,VALID,26842.07,VALID,UNAUTHORIZED_TRANSACTION,Customer complaint text unclear due to poor call center notes.,REJECTED,CRITICAL,CHATBOT
CBK0000815,TXN00014312,VALID,USR67696,MCH5671,2026-01-16 00:00:00,DATE_ONLY,2026-01-17 00:00:00,DATE_ONLY,2026-02-10 00:00:00,DATE_ONLY,4063.03,VALID,UNAUTHORIZED_TRANSACTION,User says upi pin was not entered by them.,IN_PROGRESS,LOW,CALL_CENTER
CBK0001725,TXN00007324,VALID,USR35882,MCH8337,2026-02-03 09:39:26,VALID,2026-02-06 00:00:00,DATE_ONLY,2026-02-13 00:00:00,DATE_ONLY,175.45,VALID,GENERAL_COMPLAINT,Customer says transaction was not authorized.,CLOSED,HIGH,APP
CBK0000186,TXN00016957,VALID,USR98066,MCH1945,2026-03-17 00:00:00,DATE_ONLY,2026-04-16 00:00:00,DATE_ONLY,2026-05-11 20:04:57,VALID,1444.28,VALID,UNAUTHORIZED_TRANSACTION,User reports money deducted but merchant denies receiving payment.,RESOLVED,LOW,BRANCH
CBK0000290,TXN00000426,VALID,USR31371,MCH4811,2026-03-10 00:00:00,DATE_ONLY,2026-04-10 00:00:00,DATE_ONLY,2026-04-28 12:40:00,VALID,,UNPARSEABLE/NULL,GENERAL_COMPLAINT,Customer complaint text unclear due to poor call center notes.,REJECTED,MEDIUM,IVR
CBK0000141,TXN00006360,VALID,USR82731,MCH8970,2026-02-25 00:00:00,DATE_ONLY,2026-02-27 00:00:00,DATE_ONLY,2026-03-14 00:00:00,DATE_ONLY,1731.1,VALID,DUPLICATE_DEBIT,Complaint received after multiple failed attempts. details missing,PENDING_BANK,LOW,CHATBOT
CBK0000882,TXN00018975,VALID,USR38277,MCH9872,2026-01-11 00:00:00,DATE_ONLY,,MISSING,2026-01-19 00:00:00,DATE_ONLY,701.39,VALID,GENERAL_COMPLAINT,Payment made to unknown merchant as per customer statement.,CLOSED,HIGH,IVR
CBK0001227,TXN00007552,VALID,USR61339,MCH4281,2026-01-01 00:00:00,DATE_ONLY,2026-09-01 00:00:00,DATE_ONLY,,MISSING,12509.66,VALID,SERVICE_NOT_PROVIDED,Payment made to unknown merchant as per customer statement.,CLOSED,LOW,EMAIL
CBK0000730,TXN00009351,VALID,USR52558,MCH2688,2026-03-04 00:00:00,DATE_ONLY,2026-03-06 14:47:30,VALID,2026-03-25 00:00:00,DATE_ONLY,1026.98,VALID,SERVICE_NOT_PROVIDED,Merchant service was not delivered after payment.,OPEN,MEDIUM,APP
CBK0002607,TXN00010699,VALID,USR18453,MCH9441,2026-03-27 21:25:00,VALID,2026-03-30 02:25:11,VALID,2026-04-15 00:00:00,DATE_ONLY,428.88,VALID,UNAUTHORIZED_TRANSACTION,User says upi pin was not entered by them.,IN_PROGRESS,CRITICAL,IVR
CBK0002456,TXN00015278,VALID,USR97030,MCH7914,2026-03-29 13:39:54,VALID,2026-04-08 19:39:54,VALID,2026-04-23 19:39:54,VALID,1070.58,VALID,WRONG_AMOUNT,Complaint received after multiple failed attempts. urgent,RESOLVED,MEDIUM,APP
CBK0001405,TXN00032094,VALID,USR48929,MCH2565,2026-02-16 00:00:00,DATE_ONLY,2026-02-20 00:00:00,DATE_ONLY,2026-03-22 19:28:00,VALID,1381.95,VALID,DUPLICATE_DEBIT,User reports money deducted but merchant denies receiving payment.,IN_PROGRESS,MEDIUM,CHATBOT
CBK0001843,TXN00015367,VALID,USR17315,MCH1269,,MISSING,2026-01-28 00:00:00,DATE_ONLY,2026-02-22 00:00:00,DATE_ONLY,3023.77,VALID,UNAUTHORIZED_TRANSACTION,Suspicious high-value payment disputed by customer.,IN_PROGRESS,CRITICAL,CHATBOT
CBK0000565,TXN00007016,VALID,USR34955,MCH4574,2026-02-05 00:00:00,DATE_ONLY,2026-02-15 00:00:00,DATE_ONLY,2026-03-15 12:45:03,VALID,1144.6,VALID,UNAUTHORIZED_TRANSACTION,Customer complaint text unclear due to poor call center notes.,REJECTED,HIGH,APP
CBK0001797,TXN00007084,VALID,USR14626,MCH7878,2026-02-07 00:00:00,DATE_ONLY,2026-02-10 00:00:00,DATE_ONLY,,MISSING,2000.05,VALID,GENERAL_COMPLAINT,Complaint received after multiple failed attempts.,RESOLVED,LOW,IVR
CBK0000441,TXN00002216,VALID,USR58639,MCH4339,,MISSING,2026-03-12 00:00:00,DATE_ONLY,2026-04-08 00:00:00,DATE_ONLY,5160.27,VALID,DUPLICATE_DEBIT,User claims account was compromised before transaction.,REJECTED,LOW,IVR
CBK0001791,TXN00002382,VALID,USR91799,MCH9069,2026-02-01 22:06:00,VALID,2026-01-04 02:06:30,VALID,2026-01-31 00:00:00,DATE_ONLY,44046.77,VALID,WRONG_AMOUNT,Complaint received after multiple failed attempts.,CLOSED,LOW,APP
CBK0000240,TXN00014390,VALID,USR75856,MCH4429,2026-01-12 00:00:00,DATE_ONLY,2026-01-15 10:39:00,VALID,2026-01-29 00:00:00,DATE_ONLY,793.04,VALID,WRONG_AMOUNT,Customer says transaction was not authorized.,OPEN,LOW,CHATBOT
CBK0000051,TXN00015825,VALID,USR97494,MCH6181,2026-03-19 00:00:00,DATE_ONLY,2026-03-04 00:00:00,DATE_ONLY,2026-04-24 00:00:00,DATE_ONLY,272.77,VALID,UNAUTHORIZED_TRANSACTION,Payment made to unknown merchant as per customer statement.,RESOLVED,CRITICAL,CHATBOT
CBK0002095,TXN00004933,VALID,USR43455,MCH2566,2026-01-26 00:00:00,DATE_ONLY,2026-06-02 00:00:00,DATE_ONLY,2026-03-08 00:00:00,DATE_ONLY,4720.79,VALID,SERVICE_NOT_PROVIDED,Suspicious high-value payment disputed by customer.,CLOSED,LOW,CHATBOT
CBK0001001,TXN00011430,VALID,USR72135,MCH4504,2026-03-23 13:00:00,VALID,2026-03-25 00:00:00,DATE_ONLY,2026-03-27 23:00:00,VALID,-1138.68,NEGATIVE,WRONG_AMOUNT,Customer says transaction was not authorized.,RESOLVED,MEDIUM,EMAIL
CBK0000199,TXN00014454,VALID,USR65385,MCH9061,2026-01-01 00:00:00,DATE_ONLY,,MISSING,,MISSING,752.03,VALID,UNAUTHORIZED_TRANSACTION,User says upi pin was not entered by them. call dropped,CLOSED,LOW,APP
CBK0002434,TXN00017925,VALID,USR13134,MCH5284,2026-07-01 02:25:00,VALID,,MISSING,2026-01-27 00:00:00,DATE_ONLY,1402.12,VALID,GENERAL_COMPLAINT,User claims account was compromised before transaction.,IN_PROGRESS,MEDIUM,EMAIL
CBK0000200,TXN00015054,VALID,USR51506,MCH5954,2026-03-20 00:00:00,DATE_ONLY,2026-05-04 00:00:00,DATE_ONLY,2026-09-05 20:49:00,VALID,-6049.12,NEGATIVE,UNAUTHORIZED_TRANSACTION,User reports money deducted but merchant denies receiving payment.,IN_PROGRESS,MEDIUM,IVR
CBK0000674,TXN00095066,VALID,USR27533,MCH5993,2026-03-01 00:00:00,DATE_ONLY,,MISSING,2026-03-10 00:00:00,DATE_ONLY,731.0,VALID,UNAUTHORIZED_TRANSACTION,Customer says amount was debited twice.,RESOLVED,MEDIUM,APP
CBK0001886,TXN00004693,VALID,USR44959,MCH7728,2026-01-27 00:00:00,DATE_ONLY,2026-01-29 00:00:00,DATE_ONLY,,MISSING,3249.99,VALID,WRONG_AMOUNT,User says upi pin was not entered by them.,OPEN,LOW,APP
CBK0000793,TXN00006175,VALID,USR62254,MCH4226,2026-02-27 00:00:00,DATE_ONLY,2026-02-28 09:53:08,VALID,,MISSING,709.86,VALID,SERVICE_NOT_PROVIDED,Suspicious high-value payment disputed by cust.,PENDING_BANK,LOW,IVR
CBK0001639,TXN00005636,VALID,USR63938,MCH1320,2026-02-02 00:00:00,DATE_ONLY,2026-03-02 00:00:00,DATE_ONLY,2026-02-12 11:56:31,VALID,1118.0,VALID,WRONG_AMOUNT,User claims account was compromised before transaction.,CLOSED,MEDIUM,EMAIL
CBK0000875,TXN00007782,VALID,USR71887,MCH4181,,MISSING,2026-01-16 00:00:00,DATE_ONLY,2026-01-27 00:00:00,DATE_ONLY,-647.02,NEGATIVE,UNAUTHORIZED_TRANSACTION,User claims account was compromised before transaction.,IN_PROGRESS,LOW,IVR
CBK0001931,TXN00002531,VALID,USR10307,MCH4473,2026-02-16 00:00:00,DATE_ONLY,,MISSING,,MISSING,1017.5,VALID,DUPLICATE_DEBIT,Customer complaint text unclear due to poor call center notes.,OPEN,MEDIUM,IVR
CBK0001735,TXN00017962,VALID,USR81878,MCH2822,2026-01-13 03:38:00,VALID,2026-02-27 00:00:00,DATE_ONLY,2026-03-16 23:38:14,VALID,2741.61,VALID,WRONG_AMOUNT,Payment made to unknown merchant as per customer statement.,PENDING_BANK,LOW,APP
CBK0000478,TXN00014062,VALID,USR69966,MCH2822,2026-02-25 19:59:11,VALID,2026-02-26 00:00:00,DATE_ONLY,2026-03-25 15:59:00,VALID,1078.9,VALID,UNAUTHORIZED_TRANSACTION,User claims account was compromised before transaction.,IN_PROGRESS,LOW,BRANCH
CBK0001505,TXN00001496,VALID,USR40061,MCH3765,2026-03-04 00:00:00,DATE_ONLY,2026-03-08 11:54:46,VALID,2026-03-13 11:54:46,VALID,5669.05,VALID,GENERAL_COMPLAINT,User says upi pin was not entered by them.,REJECTED,LOW,IVR
CBK0002469,TXN00002314,VALID,USR99748,MCH7621,2026-02-22 00:00:00,DATE_ONLY,2026-02-23 18:44:31,VALID,2026-03-24 00:00:00,DATE_ONLY,725.65,VALID,WRONG_AMOUNT,User reports money deducted but merchant denies receiving payment.,IN_PROGRESS,HIGH,IVR
CBK0002480,TXN00007980,VALID,USR87914,MCH7383,2026-02-02 00:00:00,DATE_ONLY,2026-02-06 15:03:23,VALID,,MISSING,1231.74,VALID,UNAUTHORIZED_TRANSACTION,Customer says transaction was not authorized.,PENDING_BANK,MEDIUM,IVR
CBK0002264,TXN00001289,VALID,USR79175,MCH4181,2026-02-26 00:00:00,DATE_ONLY,2026-03-28 17:35:00,VALID,2026-04-26 00:00:00,DATE_ONLY,201.03,VALID,SERVICE_NOT_PROVIDED,User claims account was compromised before transaction. call dropped,PENDING_BANK,CRITICAL,BRANCH
CBK0000032,TXN00001691,VALID,USR43171,MCH8182,2026-01-08 00:00:00,DATE_ONLY,2026-01-09 00:00:00,DATE_ONLY,2026-01-26 09:44:49,VALID,875.81,VALID,DUPLICATE_DEBIT,User claims account was compromised before transaction.,IN_PROGRESS,MEDIUM,APP
CBK0000967,TXN00016890,VALID,USR11933,MCH4841,2026-03-28 00:00:00,DATE_ONLY,2026-03-29 00:00:00,DATE_ONLY,2026-04-04 00:00:00,DATE_ONLY,2406.47,VALID,DUPLICATE_DEBIT,Suspicious high-value payment disputed by customer.,IN_PROGRESS,LOW,CHATBOT
CBK0002345,TXN00010920,VALID,USR70736,MCH8559,2026-03-11 00:00:00,DATE_ONLY,2026-03-13 00:00:00,DATE_ONLY,2026-03-24 03:54:00,VALID,822.8,VALID,GENERAL_COMPLAINT,User claims account was compromised before transaction.,CLOSED,LOW,CALL_CENTER
CBK0001835,TXN00066186,VALID,USR21162,MCH2549,2026-02-25 20:33:49,VALID,2026-02-28 00:00:00,DATE_ONLY,2026-03-17 20:33:49,VALID,5546.22,VALID,UNAUTHORIZED_TRANSACTION,Customer says transaction was not authorized.,CLOSED,HIGH,CHATBOT
CBK0000622,TXN00007356,VALID,USR81916,MCH6117,2026-02-25 00:00:00,DATE_ONLY,2026-03-12 00:00:00,DATE_ONLY,2026-03-19 13:11:32,VALID,4608.17,VALID,DUPLICATE_DEBIT,Payment made to unknown merchant as per customer statement.,PENDING_BANK,LOW,CHATBOT
CBK0000580,TXN00008617,VALID,USR62748,MCH9878,,MISSING,2026-03-04 00:00:00,DATE_ONLY,,MISSING,4101.67,VALID,DUPLICATE_DEBIT,Merchant service was not delivered after payment.,CLOSED,CRITICAL,IVR
CBK0000997,TXN00004554,VALID,USR64865,MCH4157,2026-02-19 00:00:00,DATE_ONLY,2026-03-01 20:11:18,VALID,2026-03-21 00:00:00,DATE_ONLY,2266.29,VALID,DUPLICATE_DEBIT,Customer says amount was debited twice.,OPEN,MEDIUM,EMAIL
CBK0002559,TXN00014011,VALID,USR19313,MCH4037,2026-04-01 10:10:00,VALID,,MISSING,,MISSING,1125.73,VALID,WRONG_AMOUNT,User says upi pin was not entered by them.,PENDING_BANK,LOW,BRANCH
CBK0001205,TXN00000084,VALID,USR11916,MCH6850,,MISSING,2026-08-02 00:00:00,DATE_ONLY,,MISSING,958.61,VALID,UNAUTHORIZED_TRANSACTION,Complaint received after multiple failed attempts.,REJECTED,LOW,CHATBOT
CBK0001045,TXN00010810,VALID,USR65507,MCH7833,2026-03-07 00:00:00,DATE_ONLY,2026-03-08 00:00:00,DATE_ONLY,2026-04-03 00:00:00,DATE_ONLY,541.11,VALID,SERVICE_NOT_PROVIDED,Customer says amount was debited twice.,OPEN,MEDIUM,IVR
CBK0000357,TXN00002320,VALID,USR38540,MCH5330,2026-01-02 00:00:00,DATE_ONLY,2026-01-12 00:00:00,DATE_ONLY,2026-01-16 00:00:00,DATE_ONLY,911.59,VALID,SERVICE_NOT_PROVIDED,User claims account was compromised before transaction.,PENDING_BANK,MEDIUM,EMAIL
CBK0002031,TXN00001568,VALID,USR46045,MCH7468,2026-01-01 00:00:00,DATE_ONLY,2026-01-03 00:00:00,DATE_ONLY,2026-01-20 00:00:00,DATE_ONLY,13654.34,VALID,DUPLICATE_DEBIT,Complaint received after multiple failed attempts.,RESOLVED,MEDIUM,CHATBOT
CBK0002393,TXN00003575,VALID,USR73909,MCH7833,2026-01-02 00:00:00,DATE_ONLY,,MISSING,,MISSING,-1311.04,NEGATIVE,UNAUTHORIZED_TRANSACTION,Customer says txn was not authorized.,PENDING_BANK,LOW,APP
CBK0002464,TXN00000389,VALID,USR51316,MCH2059,2026-02-08 06:31:54,VALID,2026-02-06 06:31:54,VALID,2026-02-19 06:31:00,VALID,2566.03,VALID,SERVICE_NOT_PROVIDED,User reports money deducted but merchant denies receiving payment.,RESOLVED,HIGH,CALL_CENTER
CBK0002639,TXN00016579,VALID,USR53527,MCH8073,2026-02-03 00:00:00,DATE_ONLY,2026-03-05 00:00:00,DATE_ONLY,2026-04-04 08:22:00,VALID,1345.55,VALID,SERVICE_NOT_PROVIDED,User reports money deducted but merchant denies receiving payment.,CLOSED,MEDIUM,APP
CBK0000663,TXN00002699,VALID,USR94333,MCH8975,,MISSING,2026-03-11 00:00:00,DATE_ONLY,,MISSING,422.45,VALID,UNAUTHORIZED_TRANSACTION,Complaint received after multiple failed attempts.,CLOSED,HIGH,EMAIL
CBK0001571,TXN00006558,VALID,USR78593,MCH4215,2026-03-26 00:00:00,DATE_ONLY,2026-04-26 00:00:00,DATE_ONLY,2026-05-07 03:33:21,VALID,-673.61,NEGATIVE,GENERAL_COMPLAINT,Suspicious high-value payment disputed by customer.,RESOLVED,MEDIUM,CHATBOT
CBK0000984,TXN00019434,VALID,USR68023,MCH4473,2026-01-11 23:06:15,VALID,2026-01-15 00:00:00,DATE_ONLY,2026-01-20 16:06:15,VALID,7211.97,VALID,SERVICE_NOT_PROVIDED,Customer says amount was debited twice.,OPEN,MEDIUM,EMAIL
CBK0001547,TXN00019722,VALID,USR58117,MCH9568,2026-02-07 20:23:00,VALID,2026-02-17 00:00:00,DATE_ONLY,,MISSING,11641.0,VALID,WRONG_AMOUNT,User claims account was compromised before transaction.,IN_PROGRESS,HIGH,IVR
CBK0001848,TXN00016662,VALID,USR91934,MCH8779,2026-01-13 00:00:00,DATE_ONLY,2026-01-13 00:00:00,DATE_ONLY,2026-01-27 00:00:00,DATE_ONLY,4341.13,VALID,UNAUTHORIZED_TRANSACTION,Customer says amount was debited twice.,IN_PROGRESS,LOW,CALL_CENTER
CBK0001004,TXN00001391,VALID,USR43520,MCH6140,2026-01-19 06:14:05,VALID,2026-01-22 04:14:00,VALID,,MISSING,1852.28,VALID,UNAUTHORIZED_TRANSACTION,Customer complaint text unclear due to poor call center notes.,OPEN,LOW,BRANCH
CBK0002185,TXN00001072,VALID,USR78593,MCH4473,2026-01-23 00:00:00,DATE_ONLY,,MISSING,2026-02-11 00:00:00,DATE_ONLY,893.6,VALID,UNAUTHORIZED_TRANSACTION,Customer says transaction was not authorized.,OPEN,MEDIUM,CHATBOT
CBK0000418,TXN00003628,VALID,USR35882,MCH4473,,MISSING,2026-04-04 06:41:27,VALID,2026-06-04 06:41:00,VALID,2430.89,VALID,UNAUTHORIZED_TRANSACTION,User says upi pin was not entered by them.,PENDING_BANK,MEDIUM,CHATBOT
CBK0002417,TXN00005056,VALID,USR27928,MCH8953,2026-01-29 00:00:00,DATE_ONLY,2026-01-31 00:00:00,DATE_ONLY,,MISSING,6278.49,VALID,SERVICE_NOT_PROVIDED,User claims account was compromised before transaction.,IN_PROGRESS,CRITICAL,CALL_CENTER
CBK0000356,TXN00001423,VALID,USR36629,MCH4418,2026-03-22 00:00:00,DATE_ONLY,2026-04-02 00:00:00,DATE_ONLY,2026-11-04 13:31:00,VALID,6009.85,VALID,UNAUTHORIZED_TRANSACTION,Payment made to unknown merchant as per customer statement.,OPEN,MEDIUM,IVR
CBK0001169,TXN00012596,VALID,USR40747,MCH2822,,MISSING,2026-03-14 00:00:00,DATE_ONLY,2026-03-23 00:00:00,DATE_ONLY,1692.85,VALID,UNAUTHORIZED_TRANSACTION,Customer says amount was debited twice.,PENDING_BANK,LOW,EMAIL
CBK0001000,,MISSING,USR21798,MCH5980,2026-03-09 00:00:00,DATE_ONLY,2026-03-24 00:00:00,DATE_ONLY,2026-03-28 17:53:00,VALID,725.0,VALID,GENERAL_COMPLAINT,User reports money deducted but merchant denies receiving payment.,IN_PROGRESS,CRITICAL,CHATBOT
CBK0000146,TXN00008795,VALID,USR87406,MCH4568,2026-02-22 00:00:00,DATE_ONLY,,MISSING,,MISSING,1052.0,VALID,UNAUTHORIZED_TRANSACTION,Payment made to unknown merchant as per customer statement.,OPEN,MEDIUM,CALL_CENTER
CBK0001807,TXN00002417,VALID,USR50995,MCH1244,2026-03-20 13:07:59,VALID,,MISSING,2026-04-08 00:00:00,DATE_ONLY,3188.13,VALID,SERVICE_NOT_PROVIDED,User says upi pin was not entered by them.,REJECTED,MEDIUM,APP
CBK0000239,TXN00005752,VALID,USR34028,MCH3100,2026-01-06 00:00:00,DATE_ONLY,2026-01-11 00:00:00,DATE_ONLY,2026-01-12 00:00:00,DATE_ONLY,1800.88,VALID,UNAUTHORIZED_TRANSACTION,Customer says transaction was not authorized.,REJECTED,LOW,BRANCH
CBK0002079,TXN00014711,VALID,USR67922,MCH2492,2026-01-22 00:35:57,VALID,2026-01-25 00:00:00,DATE_ONLY,,MISSING,1709.84,VALID,GENERAL_COMPLAINT,Payment made to unknown merchant as per customer statement.,PENDING_BANK,LOW,CHATBOT
CBK0001376,TXN00009369,VALID,USR24660,MCH4473,2026-02-16 00:00:00,DATE_ONLY,2026-02-19 00:00:00,DATE_ONLY,2026-03-06 00:00:00,DATE_ONLY,2070.15,VALID,UNAUTHORIZED_TRANSACTION,Customer complaint text unclear due to poor call center notes.,RESOLVED,LOW,BRANCH
CBK0001260,TXN00011332,VALID,USR93701,MCH3846,2026-02-19 00:00:00,DATE_ONLY,2026-02-27 00:00:00,DATE_ONLY,2026-02-28 00:00:00,DATE_ONLY,529.68,VALID,SERVICE_NOT_PROVIDED,Merchant service was not delivered after payment.,RESOLVED,MEDIUM,CALL_CENTER
CBK0001533,TXN00007635,VALID,USR56755,MCH7066,2026-02-13 03:52:00,VALID,2026-02-14 00:00:00,DATE_ONLY,2026-06-03 05:52:00,VALID,1325.25,VALID,UNAUTHORIZED_TRANSACTION,Customer complaint text unclear due to poor call center notes.,REJECTED,HIGH,APP
CBK0002418,TXN00011396,VALID,USR35122,MCH4181,2026-02-22 00:00:00,DATE_ONLY,2026-03-04 15:55:09,VALID,2026-03-22 00:00:00,DATE_ONLY,205.54,VALID,SERVICE_NOT_PROVIDED,User reports money deducted but merchant denies receiving payment.,OPEN,HIGH,CHATBOT
CBK0000326,TXN00017327,VALID,USR84200,MCH2753,2026-02-01 22:35:22,VALID,2026-02-02 00:00:00,DATE_ONLY,2026-02-10 07:35:22,VALID,1722.43,VALID,GENERAL_COMPLAINT,Customer says transaction was not authorized.,OPEN,LOW,CALL_CENTER
CBK0001403,TXN00012661,VALID,USR30500,MCH6979,2026-03-08 00:00:00,DATE_ONLY,2026-03-14 00:00:00,DATE_ONLY,2026-03-30 00:00:00,DATE_ONLY,4457.64,VALID,UNAUTHORIZED_TRANSACTION,Payment made to unknown merchant as per customer statement.,RESOLVED,MEDIUM,IVR
CBK0001811,TXN00007437,VALID,USR22170,MCH2381,2026-02-14 00:00:00,DATE_ONLY,2026-02-20 07:41:16,VALID,2026-03-02 00:00:00,DATE_ONLY,-751.0,NEGATIVE,UNAUTHORIZED_TRANSACTION,Payment made to unknown merchant as per customer statement.,PENDING_BANK,MEDIUM,CHATBOT
CBK0001512,TXN00019027,VALID,USR98733,MCH1775,2026-02-16 08:24:00,VALID,2026-02-17 00:00:00,DATE_ONLY,,MISSING,800.24,VALID,DUPLICATE_DEBIT,Customer says amount was debited twice.,REJECTED,MEDIUM,EMAIL
CBK0001567,TXN00010292,VALID,USR40745,MCH3673,2026-01-19 08:28:00,VALID,,MISSING,2026-02-19 00:00:00,DATE_ONLY,982.39,VALID,GENERAL_COMPLAINT,User claims account was compromised before transaction.,PENDING_BANK,MEDIUM,EMAIL
CBK0000695,TXN00012216,VALID,USR72760,MCH7773,2026-03-13 00:00:00,DATE_ONLY,2026-03-15 00:00:00,DATE_ONLY,,MISSING,972.52,VALID,UNAUTHORIZED_TRANSACTION,Complaint received after multiple failed attempts.,IN_PROGRESS,LOW,CHATBOT
CBK0000215,TXN00001291,VALID,USR52378,MCH9991,2026-01-29 00:00:00,DATE_ONLY,2026-01-31 00:00:00,DATE_ONLY,2026-02-13 00:00:00,DATE_ONLY,1404.87,VALID,UNAUTHORIZED_TRANSACTION,User claims account was compromised before transaction.,PENDING_BANK,HIGH,BRANCH
CBK0000811,TXN00015831,VALID,USR22432,MCH2078,2026-02-15 00:00:00,DATE_ONLY,2026-02-16 00:00:00,DATE_ONLY,,MISSING,3377.0,VALID,UNAUTHORIZED_TRANSACTION,Customer complaint text unclear due to poor call center notes.,CLOSED,HIGH,EMAIL
CBK0002795,TXN00013236,VALID,USR87506,MCH5811,2026-01-12 00:00:00,DATE_ONLY,2026-01-14 07:15:20,VALID,2026-01-29 00:00:00,DATE_ONLY,6523.57,VALID,SERVICE_NOT_PROVIDED,Customer says transaction was not authorized.,IN_PROGRESS,LOW,CHATBOT
CBK0001849,TXN00051763,VALID,USR23350,MCH2303,2026-01-23 00:00:00,DATE_ONLY,,MISSING,,MISSING,830.25,VALID,WRONG_AMOUNT,Payment made to unknown merchant as per customer statement.,OPEN,LOW,EMAIL
CBK0000655,TXN00002874,VALID,USR22639,MCH4186,2026-01-12 15:25:38,VALID,2026-01-14 00:00:00,DATE_ONLY,,MISSING,634.21,VALID,WRONG_AMOUNT,Customer says amount was debited twice.,REJECTED,LOW,CHATBOT
CBK0001377,TXN00016673,VALID,USR91623,MCH6411,2026-01-01 10:17:00,VALID,2026-01-05 00:00:00,DATE_ONLY,,MISSING,1675.84,VALID,SERVICE_NOT_PROVIDED,Customer says amount was debited twice.,REJECTED,LOW,CHATBOT
CBK0002655,TXN00002868,VALID,USR13587,MCH8080,2026-02-20 23:55:00,VALID,2026-03-03 00:00:00,DATE_ONLY,2026-03-13 00:55:24,VALID,-860.7,NEGATIVE,SERVICE_NOT_PROVIDED,User claims account was compromised before txn.,PENDING_BANK,HIGH,IVR
CBK0001596,TXN00002674,VALID,USR97070,MCH2065,,MISSING,2026-01-17 00:00:00,DATE_ONLY,2026-01-25 00:00:00,DATE_ONLY,1722.0,VALID,UNAUTHORIZED_TRANSACTION,Merchant service was not delivered after payment.,CLOSED,MEDIUM,CALL_CENTER
CBK0001012,TXN00084920,VALID,USR51185,MCH2543,2026-03-23 00:00:00,DATE_ONLY,2026-03-26 20:35:00,VALID,2026-04-19 20:35:21,VALID,,UNPARSEABLE/NULL,GENERAL_COMPLAINT,User reports money deducted but merchant denies receiving payment.,IN_PROGRESS,MEDIUM,EMAIL
CBK0002409,TXN00004555,VALID,USR24591,MCH7745,2026-09-02 00:00:00,DATE_ONLY,2026-02-15 00:12:00,VALID,2026-02-21 00:00:00,DATE_ONLY,889.98,VALID,SERVICE_NOT_PROVIDED,Customer says amount was debited twice.,IN_PROGRESS,HIGH,CHATBOT
CBK0000067,TXN00003314,VALID,USR37105,MCH6003,2026-01-15 00:00:00,DATE_ONLY,2026-01-20 00:00:00,DATE_ONLY,2026-02-10 21:13:32,VALID,1814.0,VALID,GENERAL_COMPLAINT,Suspicious high-value payment disputed by cust.,IN_PROGRESS,LOW,BRANCH
CBK0001637,TXN00014399,VALID,USR56117,MCH2434,2026-02-15 14:45:18,VALID,2026-02-21 00:00:00,DATE_ONLY,2026-03-05 00:45:18,VALID,748.53,VALID,UNAUTHORIZED_TRANSACTION,User reports money deducted but merchant denies receiving payment. urgent,PENDING_BANK,HIGH,IVR
CBK0002638,TXN00016536,VALID,USR21162,MCH8425,2026-03-06 13:39:44,VALID,2026-03-06 00:00:00,DATE_ONLY,2026-04-01 00:00:00,DATE_ONLY,406.58,VALID,WRONG_AMOUNT,Customer says amount was debited twice.,PENDING_BANK,CRITICAL,EMAIL
CBK0001996,TXN00019262,VALID,USR61461,MCH1598,2026-04-01 00:00:00,DATE_ONLY,,MISSING,2026-01-25 00:00:00,DATE_ONLY,385.0,VALID,UNAUTHORIZED_TRANSACTION,User says upi pin was not entered by them.,OPEN,LOW,CHATBOT
CBK0001667,TXN00003837,VALID,USR73010,MCH2586,2026-04-01 00:00:00,DATE_ONLY,2026-01-12 03:14:58,VALID,,MISSING,723.24,VALID,SERVICE_NOT_PROVIDED,User reports money deducted but merchant denies receiving payment.,OPEN,HIGH,CALL_CENTER
CBK0000592,TXN00018501,VALID,USR90616,MCH7951,2026-02-23 20:45:37,VALID,2026-06-03 07:45:00,VALID,2026-03-27 00:00:00,DATE_ONLY,1061.55,VALID,DUPLICATE_DEBIT,Customer complaint text unclear due to poor call center notes.,OPEN,LOW,CALL_CENTER
CBK0001425,TXN00007508,VALID,USR88956,MCH6166,2026-01-21 00:00:00,DATE_ONLY,2026-01-22 20:15:00,VALID,2026-12-02 00:00:00,DATE_ONLY,696.41,VALID,UNAUTHORIZED_TRANSACTION,Complaint received after multiple failed attempts.,PENDING_BANK,LOW,CHATBOT
CBK0000741,TXN00015495,VALID,USR41660,MCH6753,,MISSING,2026-04-08 09:57:07,VALID,2026-04-09 09:57:07,VALID,448.1,VALID,WRONG_AMOUNT,Complaint received after multiple failed attempts.,OPEN,MEDIUM,EMAIL
CBK0000933,TXN00010810,VALID,USR57890,MCH9602,2026-03-15 16:04:00,VALID,2026-03-16 20:04:58,VALID,2026-04-01 00:00:00,DATE_ONLY,836.2,VALID,UNAUTHORIZED_TRANSACTION,User says upi pin was not entered by them.,CLOSED,MEDIUM,IVR
CBK0000109,TXN00003546,VALID,USR15596,MCH1434,2026-03-01 00:00:00,DATE_ONLY,2026-03-03 00:00:00,DATE_ONLY,2026-03-26 00:00:00,DATE_ONLY,3229.57,VALID,DUPLICATE_DEBIT,User claims account was compromised before transaction.,CLOSED,MEDIUM,CALL_CENTER
CBK0002562,TXN00001105,VALID,USR90598,MCH5860,2026-01-13 00:00:00,DATE_ONLY,2026-01-23 00:00:00,DATE_ONLY,2026-02-10 22:59:43,VALID,310.15,VALID,UNAUTHORIZED_TRANSACTION,Payment made to unknown merchant as per customer statement. call dropped,OPEN,LOW,IVR
CBK0000689,TXN00017204,VALID,USR95707,MCH3736,2026-01-16 00:00:00,DATE_ONLY,2026-01-18 00:00:00,DATE_ONLY,2026-01-22 10:09:56,VALID,,UNPARSEABLE/NULL,UNAUTHORIZED_TRANSACTION,Merchant service was not delivered after payment.,RESOLVED,MEDIUM,APP
CBK0002398,TXN00004386,VALID,USR59393,MCH4310,2026-02-02 00:00:00,DATE_ONLY,2026-02-04 09:35:06,VALID,2026-02-14 00:00:00,DATE_ONLY,2691.36,VALID,SERVICE_NOT_PROVIDED,User says upi pin was not entered by them.,IN_PROGRESS,MEDIUM,IVR
CBK0001700,TXN00016401,VALID,USR72166,MCH6133,2026-01-01 00:00:00,DATE_ONLY,2026-02-01 00:00:00,DATE_ONLY,2026-01-06 00:00:00,DATE_ONLY,5981.0,VALID,WRONG_AMOUNT,Merchant service was not delivered after payment.,CLOSED,HIGH,IVR
CBK0002146,TXN00004284,VALID,USR94012,MCH8613,2026-01-17 00:00:00,DATE_ONLY,2026-01-23 13:44:23,VALID,2026-02-14 00:00:00,DATE_ONLY,3737.05,VALID,DUPLICATE_DEBIT,User claims account was compromised before transaction.,REJECTED,MEDIUM,BRANCH
CBK0001671,TXN00001758,VALID,USR86472,MCH7728,2026-02-19 00:00:00,DATE_ONLY,2026-02-22 04:14:22,VALID,,MISSING,1416.0,VALID,SERVICE_NOT_PROVIDED,User claims account was compromised before transaction.,OPEN,LOW,CHATBOT
CBK0000331,TXN00016055,VALID,USR61715,MCH2991,,MISSING,2026-01-17 00:00:00,DATE_ONLY,2026-02-06 14:40:17,VALID,509.0,VALID,UNAUTHORIZED_TRANSACTION,Payment made to unknown merchant as per customer statement.,CLOSED,HIGH,CALL_CENTER
CBK0002794,TXN00018116,VALID,USR71316,MCH6194,,MISSING,2026-05-02 00:00:00,DATE_ONLY,2026-02-07 22:14:43,VALID,1239.17,VALID,DUPLICATE_DEBIT,Suspicious high-value payment disputed by customer.,PENDING_BANK,LOW,IVR
CBK0000828,TXN00007187,VALID,USR27947,MCH4473,2026-03-07 00:00:00,DATE_ONLY,,MISSING,,MISSING,361.6,VALID,WRONG_AMOUNT,Merchant service was not delivered after payment.,RESOLVED,MEDIUM,EMAIL
CBK0000321,TXN00011096,VALID,USR32450,MCH5659,2026-02-21 13:51:00,VALID,2026-02-25 03:51:21,VALID,2026-03-20 00:00:00,DATE_ONLY,825.0,VALID,GENERAL_COMPLAINT,Merchant service was not delivered after payment.,REJECTED,MEDIUM,IVR
CBK0002789,TXN00000255,VALID,USR59679,MCH6985,2026-01-06 00:00:00,DATE_ONLY,2026-01-16 00:00:00,DATE_ONLY,2026-01-27 15:04:00,VALID,2178.8,VALID,DUPLICATE_DEBIT,User says upi pin was not entered by them.,IN_PROGRESS,MEDIUM,CHATBOT
CBK0000975,TXN00019717,VALID,USR22234,MCH4473,2026-02-18 00:00:00,DATE_ONLY,2026-02-20 19:33:19,VALID,2026-03-06 00:00:00,DATE_ONLY,1122.85,VALID,GENERAL_COMPLAINT,Payment made to unknown merchant as per customer statement.,RESOLVED,LOW,IVR
CBK0000044,TXN00004903,VALID,USR49770,MCH4578,2026-02-26 00:00:00,DATE_ONLY,2026-02-23 08:37:00,VALID,,MISSING,639.26,VALID,SERVICE_NOT_PROVIDED,Merchant service was not delivered after payment.,PENDING_BANK,MEDIUM,CHATBOT
CBK0002329,TXN00005401,VALID,USR58914,MCH9277,2026-02-01 11:50:12,VALID,2026-02-05 08:50:12,VALID,2026-03-07 08:50:12,VALID,14197.19,VALID,UNAUTHORIZED_TRANSACTION,Suspicious high-value payment disputed by customer.,PENDING_BANK,LOW,CHATBOT
CBK0001844,TXN00005723,VALID,USR27285,MCH8154,2026-06-02 09:43:00,VALID,2026-08-02 00:00:00,DATE_ONLY,2026-02-15 00:00:00,DATE_ONLY,4655.0,VALID,WRONG_AMOUNT,Merchant service was not delivered after payment.,RESOLVED,LOW,EMAIL
CBK0000465,TXN00003105,VALID,USR50434,MCH1786,2026-03-13 00:00:00,DATE_ONLY,,MISSING,2026-04-18 00:00:00,DATE_ONLY,775.96,VALID,WRONG_AMOUNT,User reports money deducted but merchant denies receiving payment.,IN_PROGRESS,MEDIUM,CALL_CENTER
CBK0002289,TXN00009795,VALID,USR13941,MCH2131,2026-03-20 09:34:19,VALID,2026-03-21 00:00:00,DATE_ONLY,2026-04-11 00:00:00,DATE_ONLY,4846.0,VALID,SERVICE_NOT_PROVIDED,User claims account was compromised before transaction.,PENDING_BANK,MEDIUM,IVR
CBK0000918,,MISSING,USR24555,MCH7951,2026-01-04 12:35:38,VALID,2026-01-15 08:35:00,VALID,,MISSING,1207.12,VALID,DUPLICATE_DEBIT,Complaint received after multiple failed attempts.,IN_PROGRESS,HIGH,IVR
CBK0002229,TXN00017286,VALID,USR53259,MCH9564,2026-01-27 00:00:00,DATE_ONLY,2026-01-30 00:00:00,DATE_ONLY,,MISSING,497.0,VALID,UNAUTHORIZED_TRANSACTION,User says upi pin was not entered by them. urgent,REJECTED,MEDIUM,EMAIL
CBK0000350,TXN00005138,VALID,USR67243,MCH3024,2026-03-28 00:00:00,DATE_ONLY,2026-03-04 00:00:00,DATE_ONLY,2026-04-28 00:00:00,DATE_ONLY,1449.14,VALID,DUPLICATE_DEBIT,Payment made to unknown merchant as per customer statement.,OPEN,MEDIUM,BRANCH
CBK0000276,TXN00000311,VALID,USR38155,MCH3734,2026-01-30 00:00:00,DATE_ONLY,2026-02-04 00:00:00,DATE_ONLY,2026-02-20 00:00:00,DATE_ONLY,2784.85,VALID,DUPLICATE_DEBIT,Customer says transaction was not authorized.,REJECTED,HIGH,EMAIL
