merchant_id,merchant_name,mcc,merchant_category,business_type,city,state,onboarding_date,settlement_account,merchant_status,declared_avg_ticket_size,merchant_id_category,onboarding_date_status,settlement_account_status,merchant_status_status,ticket_size_status
MCH7236,Bhasin Llc,5699,Apparel,Partnership,Jalandhar,Punjab,2025-01-31,XXXX8980,Active,0.1228,Found Duplicate,present,MASKED,PROVIDED,PROVIDED
MCH2607,"Deep, Prasad And Dass",5699,Apparel,Private Limited,Hyderabad,Telangana,2023-05-29,4668596918,Inactive,1570.82,Found Duplicate,present,VALID_NUMERIC,PROVIDED,PROVIDED
MCH8023,Char Gala,5699,Apparel,Individual,Chennai,Tamil Nadu,2024-04-04,PWFC1818550515264,Active,837.35,Unique,present,ALPHANUMERIC_IBAN,PROVIDED,PROVIDED
MCH7258,"Om, Swaminathan And Ray",5699,Apparel,Private Limited,Jaipur,Rajasthan,2024-07-16,ARZZ7929473227025,Inactive,472.89,Unique,present,ALPHANUMERIC_IBAN,PROVIDED,PROVIDED
MCH9180,Ramaswamyplc,5699,Apparel,Individual,Pune,Maharashtra,2025-08-08,,Active,1761.26,Found Duplicate,present,MISSING,PROVIDED,PROVIDED
MCH7864,"Joshi, Warrior And Guha",5699,Apparel,Sole Proprietorship,Jalandhar,Punjab,2023-10-18,,Active,785.07,Found Duplicate,present,MISSING,PROVIDED,PROVIDED
MCH6545,Garg Plc,5699,Apparel,Partnership,Ludhiana,Punjab,2024-02-20,,Unknown,1653.52,Found Duplicate,present,MISSING,PROVIDED,PROVIDED
MCH6091,Dutt Nair,5699,Apparel,Private Limited,Kolkata,West Bengal,2023-01-30,9792145375,Active,1466.59,Found Duplicate,present,VALID_NUMERIC,PROVIDED,PROVIDED
MCH5064,Pandey Sangha,5699,Apparel,Sole Proprietorship,Bengaluru,Karnataka,2023-12-31,XXXX3296,Active,2028.77,Found Duplicate,present,MASKED,PROVIDED,PROVIDED
MCH4200,"Sood, Kurian And Raghavan",5699,Apparel,Individual,Jaipur,Rajasthan,2024-08-18,4567697450,Unknown,2010.35,Found Duplicate,present,VALID_NUMERIC,PROVIDED,PROVIDED
MCH5180,Varkey Inc,5699,Apparel,Individual,Lucknow,Uttar Pradesh,2025-09-26,XXXX1928,Active,1047.37,Found Duplicate,present,MASKED,PROVIDED,PROVIDED
MCH5135,Kapoor Ltd,5699,Apparel,Partnership,Chennai,Tamil Nadu,2024-02-25,XXXX2733,Active,1221.22,Found Duplicate,present,MASKED,PROVIDED,PROVIDED
MCH7100,Sanghvi Pandit,5699,Apparel,Individual,Pune,Maharashtra,2024-09-07,,Active,638.61,Unique,present,MISSING,PROVIDED,PROVIDED
MCH5490,"Bahl, Kakar And Dara",5699,Apparel,Individual,Hyderabad,Telangana,2025-12-28,JQDE2976951081698,Active,1917.65,Unique,present,ALPHANUMERIC_IBAN,PROVIDED,PROVIDED
MCH8539,Arya Char,5699,Apparel,Sole Proprietorship,Chennai,Tamil Nadu,2025-10-07,XXXX4751,Active,3012.9,Unique,present,MASKED,PROVIDED,PROVIDED
MCH4804,Swamy Plc,5699,Apparel,Partnership,Lucknow,Uttar Pradesh,2025-01-12,,Suspended,207.24,Unique,present,MISSING,PROVIDED,PROVIDED
MCH4975,Bhakta Sidhu,5699,Apparel,Partnership,Jalandhar,Punjab,2024-09-18,,Active,280.66,Found Duplicate,present,MISSING,PROVIDED,PROVIDED
MCH7746,Luthra Group,5699,Apparel,Private Limited,Jaipur,Rajasthan,2025-10-08,4338266840,Unknown,1244.49,Found Duplicate,present,VALID_NUMERIC,PROVIDED,PROVIDED
MCH3641,"Khurana, Barman And Suresh",5699,Apparel,Individual,Delhi,Delhi,2025-06-08,XXXX0826,Active,2224.44,Unique,present,MASKED,PROVIDED,PROVIDED
MCH8616,Ratti Jha,5699,Apparel,Sole Proprietorship,Pune,Maharashtra,2025-05-30,,Active,1036.37,Unique,present,MISSING,PROVIDED,MISSING_OR_INVALID
MCH2435,"Badal, Chada And Narang",5699,Apparel,Private Limited,Ludhiana,Punjab,,0219895854,Active,2576.23,Found Duplicate,missing,VALID_NUMERIC,PROVIDED,PROVIDED
MCH3796,Swaminathan Ltd,5699,Apparel,Partnership,Pune,Maharashtra,2023-02-04,,Active,1024.22,Found Duplicate,present,MISSING,PROVIDED,PROVIDED
MCH6352,Brar Kale,5699,Apparel,Partnership,Chennai,Tamil Nadu,2023-10-08,,Active,2366.79,Found Duplicate,present,MISSING,PROVIDED,PROVIDED
MCH2137,Saran And Sons,5699,Apparel,Private Limited,Delhi,Delhi,2023-10-11,,Unknown,2376.86,Found Duplicate,present,MISSING,PROVIDED,PROVIDED
MCH2903,Swamy Parsa,5699,Apparel,Individual,Mumbai,Maharashtra,2023-04-14,,Inactive,1218.16,Unique,present,MISSING,PROVIDED,PROVIDED
MCH6943,Vyas Group,5699,Apparel,Individual,Amritsar,Punjab,2023-04-11,KIUE4469872424797,Active,651.75,Unique,present,ALPHANUMERIC_IBAN,PROVIDED,PROVIDED
MCH5745,"Mahal, Gokhale And Shah",5699,Apparel,Sole Proprietorship,Lucknow,Uttar Pradesh,2023-05-04,XXXX1251,Active,0.1104,Found Duplicate,present,MASKED,PROVIDED,PROVIDED
MCH9665,Baria And Sons,5699,Apparel,Sole Proprietorship,Chennai,Tamil Nadu,2023-09-08,VFLG7914496362461,Suspended,4561.8,Unique,present,ALPHANUMERIC_IBAN,PROVIDED,PROVIDED
MCH9377,Chaudhuri Plc,5699,Apparel,Sole Proprietorship,Delhi,Delhi,2023-04-14,6784208248,Unknown,1583.18,Found Duplicate,present,VALID_NUMERIC,PROVIDED,PROVIDED
MCH6944,"Ghosh, Hayre And Seth",5699,Apparel,Individual,Jaipur,Rajasthan,2024-06-29,,Inactive,1036.37,Found Duplicate,present,MISSING,PROVIDED,MISSING_OR_INVALID
MCH7614,Waliltd,5699,Apparel,Individual,Mumbai,Maharashtra,2023-07-03,BEBD9243619313229,Active,0.969,Found Duplicate,present,ALPHANUMERIC_IBAN,PROVIDED,PROVIDED
MCH2757,Chhabra Dugar,5699,Apparel,Sole Proprietorship,Kolkata,West Bengal,2025-11-16,XXXX2280,Unknown,1214.2,Found Duplicate,present,MASKED,PROVIDED,PROVIDED
MCH4788,Chauhan Kh0S1A,5699,Apparel,Individual,Bengaluru,Karnataka,,0651098523,Active,109.29,Unique,missing,VALID_NUMERIC,PROVIDED,PROVIDED
MCH2767,"Munshi, Kohli And Pai",5699,Apparel,Private Limited,Lucknow,Uttar Pradesh,2026-02-28,6694122395,Unknown,1994.09,Found Duplicate,present,VALID_NUMERIC,PROVIDED,PROVIDED
MCH8953,Sibal Group,5699,Apparel,Partnership,Kolkata,West Bengal,2023-02-28,ZSUM7213589595095,Suspended,1723.81,Found Duplicate,present,ALPHANUMERIC_IBAN,PROVIDED,PROVIDED
MCH4289,Singhal Dasgupta,5699,Apparel,Partnership,Bengaluru,Karnataka,2025-02-17,ZEDE0222029565689,Active,809.48,Unique,present,ALPHANUMERIC_IBAN,PROVIDED,PROVIDED
MCH9366,"Parsa, Walia And Viswanathan",5699,Apparel,Individual,Jalandhar,Punjab,2024-11-13,XXXX5233,Active,7891.78,Unique,present,MASKED,PROVIDED,PROVIDED
MCH8098,Mittal Konda,5699,Apparel,Private Limited,Kolkata,West Bengal,,,Active,925.94,Found Duplicate,missing,MISSING,PROVIDED,PROVIDED
MCH4928,"Narang, Bedi And Sachar",5699,Apparel,Private Limited,Jalandhar,Punjab,2025-09-25,,Active,3146.1,Unique,present,MISSING,PROVIDED,PROVIDED
MCH9276,Trivedi Kunda,5699,Apparel,Individual,Delhi,Delhi,2025-12-31,XXXX9182,Active,2310.01,Found Duplicate,present,MASKED,PROVIDED,PROVIDED
MCH7442,"Tand0N, Tak And Mane",5699,Apparel,Partnership,Chennai,Tamil Nadu,2024-09-12,,Active,1620.41,Found Duplicate,present,MISSING,PROVIDED,PROVIDED
MCH6930,Dave And Sons,5699,Apparel,Private Limited,Delhi,Delhi,2025-01-17,3789755588,Active,1036.37,Found Duplicate,present,VALID_NUMERIC,PROVIDED,MISSING_OR_INVALID
MCH8767,Golla Group,5699,Apparel,Sole Proprietorship,Hyderabad,Telangana,2023-11-05,,Active,397.99,Unique,present,MISSING,PROVIDED,PROVIDED
MCH6053,Sehgal Pathak,5699,Apparel,Individual,Mumbai,Maharashtra,2023-02-18,,Active,379.97,Found Duplicate,present,MISSING,PROVIDED,PROVIDED
MCH8263,"Gara, Kar And Raval",5699,Apparel,Sole Proprietorship,Chennai,Tamil Nadu,2025-07-21,XLDI5037601996445,Active,1443.08,Found Duplicate,present,ALPHANUMERIC_IBAN,PROVIDED,PROVIDED
MCH7654,Chakraborty Inc,5699,Apparel,Sole Proprietorship,Lucknow,Uttar Pradesh,,,Active,0.125,Unique,missing,MISSING,PROVIDED,PROVIDED
MCH6501,Ka1A Garg,5699,Apparel,Sole Proprietorship,Ludhiana,Punjab,2023-05-07,5422601773,Active,471.98,Unique,present,VALID_NUMERIC,PROVIDED,PROVIDED
MCH6480,Sundaram And S0Ns,5699,Apparel,Partnership,Mumbai,Maharashtra,2023-11-13,XXXX8936,Unknown,680.72,Unique,present,MASKED,PROVIDED,PROVIDED
MCH4604,"Som, Kalla And Dada",5699,Apparel,Sole Proprietorship,Chennai,Tamil Nadu,2024-07-02,,Unknown,1478.97,Unique,present,MISSING,PROVIDED,PROVIDED
MCH6738,Bhavsar Llc,5699,Apparel,Individual,Lucknow,Uttar Pradesh,2024-05-29,,Active,1036.37,Found Duplicate,present,MISSING,PROVIDED,MISSING_OR_INVALID
MCH1530,Parmer Bath,5699,Apparel,Individual,Lucknow,Uttar Pradesh,2024-04-29,JMXE9195425616055,Active,375.02,Found Duplicate,present,ALPHANUMERIC_IBAN,PROVIDED,PROVIDED
MCH6809,Reddy Bhatt,5699,Apparel,Partnership,Bengaluru,Karnataka,2024-08-05,,Active,0.2382,Unique,present,MISSING,PROVIDED,PROVIDED
MCH4331,"Wali, Buch And Nagi",5699,Apparel,Sole Proprietorship,Amritsar,Punjab,2025-07-31,5107486763,Inactive,1154.33,Unique,present,VALID_NUMERIC,PROVIDED,PROVIDED
MCH3872,Krish Group,5699,Apparel,Partnership,Amritsar,Punjab,2024-03-14,,Unknown,3660.6,Unique,present,MISSING,PROVIDED,PROVIDED
MCH7577,"Gandhi, Golla And Arora",5699,Apparel,Private Limited,Amritsar,Punjab,2023-01-26,XXXX6249,Unknown,1036.37,Unique,present,MASKED,PROVIDED,MISSING_OR_INVALID
MCH9223,D’Alia Hans,5699,Apparel,Partnership,Chennai,Tamil Nadu,2024-12-09,IGRU6773049024506,Active,0.376,Found Duplicate,present,ALPHANUMERIC_IBAN,PROVIDED,PROVIDED
MCH5695,Divan Inc,5699,Apparel,Individual,Hyderabad,Telangana,2025-08-20,6474425874,Active,1036.37,Unique,present,VALID_NUMERIC,PROVIDED,MISSING_OR_INVALID
MCH9426,Puri Soman,5699,Apparel,Individual,Bengaluru,Karnataka,2023-10-28,EDMP4232010731701,Unknown,333.54,Found Duplicate,present,ALPHANUMERIC_IBAN,PROVIDED,PROVIDED
MCH5829,Mall Llc,5699,Apparel,Sole Proprietorship,Chennai,Tamil Nadu,2023-07-12,,Unknown,940.71,Found Duplicate,present,MISSING,PROVIDED,PROVIDED
MCH9255,"Hegde, Dass And Sehgal",5699,Apparel,Private Limited,Amritsar,Punjab,2023-07-19,,Active,1054.61,Unique,present,MISSING,PROVIDED,PROVIDED
MCH1327,Gandhiplc,5699,Apparel,Sole Proprietorship,Lucknow,Uttar Pradesh,2023-11-02,XXXX1458,Active,902.09,Unique,present,MASKED,PROVIDED,PROVIDED
MCH9226,"Sandhu, Jha And Randhawa",5699,Apparel,Individual,Pune,Maharashtra,2024-12-03,SCBS7759924913955,Active,5451.11,Found Duplicate,present,ALPHANUMERIC_IBAN,PROVIDED,PROVIDED
MCH7585,Rattan Ratti,5699,Apparel,Partnership,Pune,Maharashtra,2026-02-10,,Unknown,3222.54,Unique,present,MISSING,PROVIDED,PROVIDED
MCH3072,Vora Soman,5699,Apparel,Individual,Amritsar,Punjab,2026-02-13,DNMO7101498768595,Active,1993.93,Found Duplicate,present,ALPHANUMERIC_IBAN,PROVIDED,PROVIDED
MCH1359,Palan Minhas,5699,Apparel,Individual,Chennai,Tamil Nadu,2024-08-24,,Unknown,1891.91,Unique,present,MISSING,PROVIDED,PROVIDED
MCH9022,"Kunda,Dugarandkari",5699,Apparel,Individual,Amritsar,Punjab,2026-01-24,,Unknown,0.1439,Unique,present,MISSING,PROVIDED,PROVIDED
MCH6332,Varkey Jha,5699,Apparel,Sole Proprietorship,Amritsar,Punjab,2025-10-13,,Active,304.48,Found Duplicate,present,MISSING,PROVIDED,PROVIDED
MCH6450,Bobal Ltd,5699,Apparel,Individual,Lucknow,Uttar Pradesh,2025-06-25,UETF4584172674537,Suspended,3737.71,Found Duplicate,present,ALPHANUMERIC_IBAN,PROVIDED,PROVIDED
MCH5061,Natarajan Inc,5699,Apparel,Sole Proprietorship,Ludhiana,Punjab,2025-10-10,3155448560,Active,1265.19,Unique,present,VALID_NUMERIC,PROVIDED,PROVIDED
MCH2180,Chaudry Sidhu,5699,Apparel,Private Limited,Pune,Maharashtra,,4033666419,Active,3354.42,Unique,missing,VALID_NUMERIC,PROVIDED,PROVIDED
MCH3917,Chowdhury Pandit,5699,Apparel,Private Limited,Hyderabad,Telangana,2023-04-02,XXXX2174,Active,445.99,Found Duplicate,present,MASKED,PROVIDED,PROVIDED
MCH2153,"Dara, Vala And Venkatesh",5699,Apparel,Partnership,Chennai,Tamil Nadu,2023-06-21,,Active,1608.19,Unique,present,MISSING,PROVIDED,PROVIDED
MCH1714,Sampath Llc,5699,Apparel,Partnership,Lucknow,Uttar Pradesh,2026-02-17,6074080748,Active,585.92,Found Duplicate,present,VALID_NUMERIC,PROVIDED,PROVIDED
MCH9109,"Som, Mittal And Wable",5699,Apparel,Partnership,Amritsar,Punjab,2024-11-08,XXXX6670,Active,0.553,Unique,present,MASKED,PROVIDED,PROVIDED
MCH1336,"Zachariah, Bhattacharyya And Hegde",5699,Apparel,Sole Proprietorship,Bengaluru,Karnataka,2024-08-30,DKKL1392349779906,Active,0.919,Found Duplicate,present,ALPHANUMERIC_IBAN,PROVIDED,PROVIDED
MCH4667,Solanki Batta,5699,Apparel,Individual,Kolkata,West Bengal,2025-07-05,3048400302,Unknown,1692.44,Found Duplicate,present,VALID_NUMERIC,PROVIDED,PROVIDED
MCH4022,Varughese Taneja,5699,Apparel,Individual,Bengaluru,Karnataka,2025-12-12,SVSY3016666927119,Suspended,724.48,Found Duplicate,present,ALPHANUMERIC_IBAN,PROVIDED,PROVIDED
MCH7350,Sule Llc,5699,Apparel,Private Limited,Amritsar,Punjab,2024-01-31,XXXX7331,Unknown,1887.59,Found Duplicate,present,MASKED,PROVIDED,PROVIDED
MCH4225,Karnik Llc,5699,Apparel,Individual,Ludhiana,Punjab,2025-02-05,5426893917,Active,537.99,Unique,present,VALID_NUMERIC,PROVIDED,PROVIDED
MCH3442,Choudhry Ravi,5699,Apparel,Partnership,Mumbai,Maharashtra,2025-09-09,XXXX0565,Unknown,0.3189,Found Duplicate,present,MASKED,PROVIDED,PROVIDED
MCH9519,Shere Banik,5699,Apparel,Sole Proprietorship,Lucknow,Uttar Pradesh,2025-07-04,,Unknown,889.4,Unique,present,MISSING,PROVIDED,PROVIDED
MCH5904,Karan Ltd,5699,Apparel,Sole Proprietorship,Bengaluru,Karnataka,2023-11-29,,Active,0.1441,Unique,present,MISSING,PROVIDED,PROVIDED
MCH3488,Sarna Ramaswamy,5699,Apparel,Private Limited,Kolkata,West Bengal,2025-12-10,XXXX7182,Active,1118.6,Unique,present,MASKED,PROVIDED,PROVIDED
MCH8889,"Mahal, Edwin And Dasgupta",5699,Apparel,Sole Proprietorship,Pune,Maharashtra,2023-03-26,,Suspended,1329.62,Unique,present,MISSING,PROVIDED,PROVIDED
MCH7444,Lanka Shukla,5699,Apparel,Private Limited,Mumbai,Maharashtra,2023-03-13,7637285335,Active,2750.67,Unique,present,VALID_NUMERIC,PROVIDED,PROVIDED
MCH4481,Nagi Inc,5699,Apparel,Partnership,Pune,Maharashtra,2023-11-28,,Active,2759.79,Unique,present,MISSING,PROVIDED,PROVIDED
MCH4102,Oza Sarna,5699,Apparel,Individual,Delhi,Delhi,2025-01-20,1096969735,Active,1950.82,Found Duplicate,present,VALID_NUMERIC,PROVIDED,PROVIDED
MCH7430,Arya Group,5699,Apparel,Individual,Kolkata,West Bengal,,,Active,1727.74,Found Duplicate,missing,MISSING,PROVIDED,PROVIDED
MCH5644,Prabhu Chaudhry,5699,Apparel,Individual,Hyderabad,Telangana,2025-09-05,ZHTO8764288741052,Unknown,2643.86,Unique,present,ALPHANUMERIC_IBAN,PROVIDED,PROVIDED
MCH1124,"Hayre, Chana And Bhasin",5699,Apparel,Sole Proprietorship,Jaipur,Rajasthan,2024-10-05,,Active,843.01,Found Duplicate,present,MISSING,PROVIDED,PROVIDED
MCH5040,Oza Gulati,5699,Apparel,Partnership,Mumbai,Maharashtra,,,Active,1665.61,Found Duplicate,missing,MISSING,PROVIDED,PROVIDED
MCH4636,Sura And Sons,5699,Apparel,Partnership,Mumbai,Maharashtra,2023-12-17,8723730767,Active,1036.37,Unique,present,VALID_NUMERIC,PROVIDED,MISSING_OR_INVALID
MCH5660,Sama Llc,5699,Apparel,Private Limited,Lucknow,Uttar Pradesh,,,Active,18060.85,Found Duplicate,missing,MISSING,PROVIDED,PROVIDED
MCH4220,Gopal Dara,5699,Apparel,Individual,Bengaluru,Karnataka,2025-10-02,,Active,532.47,Found Duplicate,present,MISSING,PROVIDED,PROVIDED
MCH8160,Amble And Sons,5699,Apparel,Individual,Jaipur,Rajasthan,2023-05-18,XXXX4907,Unknown,5769.95,Unique,present,MASKED,PROVIDED,PROVIDED
MCH1984,"Lala, Wagle And Bal",5699,Apparel,Partnership,Chennai,Tamil Nadu,2025-08-01,,Active,5244.88,Unique,present,MISSING,PROVIDED,PROVIDED
MCH4608,Chandran Group,5699,Apparel,Sole Proprietorship,Lucknow,Uttar Pradesh,2023-09-05,ZPZS9153819912287,Active,950.53,Unique,present,ALPHANUMERIC_IBAN,PROVIDED,PROVIDED
MCH2887,Rau Saha,5699,Apparel,Sole Proprietorship,Delhi,Delhi,2023-08-17,XXXX7555,Active,1036.37,Unique,present,MASKED,PROVIDED,MISSING_OR_INVALID
MCH6376,"Buch, Raj And Karan",5699,Apparel,Partnership,Hyderabad,Telangana,2024-01-08,IBFA8815501065293,Active,1366.82,Found Duplicate,present,ALPHANUMERIC_IBAN,PROVIDED,PROVIDED
MCH9821,Natt Kibe,5699,Apparel,Private Limited,Chennai,Tamil Nadu,2025-05-03,XXXX1748,Active,4072.48,Unique,present,MASKED,PROVIDED,PROVIDED
MCH6513,Ch0Pra Kannan,5699,Apparel,Sole Proprietorship,Pune,Maharashtra,2024-12-11,XXXX5329,Active,240.8,Found Duplicate,present,MASKED,PROVIDED,PROVIDED
MCH8095,Saxena Llc,5699,Apparel,Private Limited,Jaipur,Rajasthan,2024-08-16,7415423811,Active,304.22,Unique,present,VALID_NUMERIC,PROVIDED,PROVIDED
MCH4630,Modi And Sons,5699,Apparel,Sole Proprietorship,Jalandhar,Punjab,2023-03-01,,Active,333.91,Found Duplicate,present,MISSING,PROVIDED,PROVIDED
MCH8823,Subramanian Inc,5699,Apparel,Partnership,Mumbai,Maharashtra,2024-01-31,XXXX6614,Suspended,523.43,Unique,present,MASKED,PROVIDED,PROVIDED
MCH1227,Shah And Sons,5699,Apparel,Private Limited,Lucknow,Uttar Pradesh,2023-07-01,,Active,1660.63,Found Duplicate,present,MISSING,PROVIDED,PROVIDED
MCH5973,Biswas Dass,5699,Apparel,Sole Proprietorship,Lucknow,Uttar Pradesh,2025-11-25,XXXX1507,Active,1036.37,Unique,present,MASKED,PROVIDED,MISSING_OR_INVALID
MCH3539,"Korpal, Nair And Chana",5699,Apparel,Sole Proprietorship,Mumbai,Maharashtra,2024-05-29,QRQK3185986773369,Inactive,2681.05,Unique,present,ALPHANUMERIC_IBAN,PROVIDED,PROVIDED
MCH8912,"Wable, Sule And Mani",5699,Apparel,Individual,Hyderabad,Telangana,2023-08-11,,Active,510.28,Found Duplicate,present,MISSING,PROVIDED,PROVIDED
MCH6675,Vora And Sons,5699,Apparel,Partnership,Ludhiana,Punjab,2025-07-31,XXXX5119,Active,769.28,Unique,present,MASKED,PROVIDED,PROVIDED
MCH6131,"Dhar, Dada And Bakshi",5699,Apparel,Partnership,Bengaluru,Karnataka,2024-03-10,4600930161,Active,0.1921,Found Duplicate,present,VALID_NUMERIC,PROVIDED,PROVIDED
MCH9996,Kala Nadkarni,5699,Apparel,Private Limited,Delhi,Delhi,2023-03-01,XXXX7769,Active,628.11,Unique,present,MASKED,PROVIDED,PROVIDED
MCH1730,Buch Ltd,5699,Apparel,Individual,Kolkata,West Bengal,2023-04-25,,Active,813.32,Unique,present,MISSING,PROVIDED,PROVIDED
MCH6464,Date Llc,5699,Apparel,Private Limited,Bengaluru,Karnataka,2025-12-03,XXXX4137,Active,0.3772,Unique,present,MASKED,PROVIDED,PROVIDED
MCH3002,"Dey, Chopra And Vig",5699,Apparel,Individual,Ludhiana,Punjab,2024-10-27,7833308029,Active,761.12,Unique,present,VALID_NUMERIC,PROVIDED,PROVIDED
MCH7613,"Parekh, Ch0Kshi And Das",5699,Apparel,Private Limited,Jaipur,Rajasthan,2024-11-23,VJFK9617718212331,Unknown,419.26,Unique,present,ALPHANUMERIC_IBAN,PROVIDED,PROVIDED
MCH5850,Virk Loke,5699,Apparel,Partnership,Mumbay,Maharashtra,,QOYF2667573006038,Active,0.3558,Unique,missing,ALPHANUMERIC_IBAN,PROVIDED,PROVIDED
MCH7885,Sura Llc,5699,Apparel,Partnership,Lucknow,Uttar Pradesh,2025-04-15,XXXX8127,Active,2999.12,Found Duplicate,present,MASKED,PROVIDED,PROVIDED
MCH8870,Sandhu Inc,5699,Apparel,Private Limited,Ludhiana,Punjab,2023-02-14,,Inactive,1036.37,Found Duplicate,present,MISSING,PROVIDED,MISSING_OR_INVALID
MCH6598,"Sachar, Thakkar And Sachar",5699,Apparel,Private Limited,Amritsar,Punjab,2024-01-26,FGUE5705085368360,Active,0.421,Found Duplicate,present,ALPHANUMERIC_IBAN,PROVIDED,PROVIDED
MCH4236,"Sinha, Shukla And Lad",5699,Apparel,Sole Proprietorship,Delhi,Delhi,2025-07-08,OZWZ6142696689139,Active,0.844,Found Duplicate,present,ALPHANUMERIC_IBAN,PROVIDED,PROVIDED
MCH8643,"Kota, Aurora And Dugal",5699,Apparel,Sole Proprietorship,Delhi,Delhi,2024-04-15,GITM5447907663864,Unknown,1011.23,Unique,present,ALPHANUMERIC_IBAN,PROVIDED,PROVIDED
MCH3267,Balasubramanian Butala,5699,Apparel,Individual,Chennai,Tamil Nadu,2025-10-20,XXXX4438,Unknown,1843.39,Found Duplicate,present,MASKED,PROVIDED,PROVIDED
MCH3398,Chaudhary Ltd,5699,Apparel,Sole Proprietorship,Chennai,Tamil Nadu,2023-11-18,5865246306,Inactive,1864.25,Unique,present,VALID_NUMERIC,PROVIDED,PROVIDED
MCH7828,Jhaveri And Sons,5699,Apparel,Individual,Kolkata,West Bengal,2026-02-23,3888843924,Unknown,3105.54,Found Duplicate,present,VALID_NUMERIC,PROVIDED,PROVIDED
MCH2786,"Majumdar, Ramachandran And Bava",5699,Apparel,Private Limited,Ludhiana,Punjab,2023-12-17,,Active,1259.46,Found Duplicate,present,MISSING,PROVIDED,PROVIDED
MCH4440,"Krishna, Bora And Swaminathan",5699,Apparel,Private Limited,Jalandhar,Punjab,2023-04-29,5872380651,Suspended,749.44,Found Duplicate,present,VALID_NUMERIC,PROVIDED,PROVIDED
MCH3324,Char Gera,5699,Apparel,Partnership,Pune,Maharashtra,2026-02-20,DLMI3626046968894,Suspended,2076.73,Found Duplicate,present,ALPHANUMERIC_IBAN,PROVIDED,PROVIDED
MCH6165,"Chandran, Dey And Dalal",5699,Apparel,Private Limited,Delhi,Delhi,2025-08-29,CFEB4939576870397,Active,1513.56,Found Duplicate,present,ALPHANUMERIC_IBAN,PROVIDED,PROVIDED
MCH7850,Reddy Inc,5699,Apparel,Partnership,Chennai,Tamil Nadu,2024-05-16,,Active,0.1378,Unique,present,MISSING,PROVIDED,PROVIDED
MCH4228,"Singhal, Bhasin And Kaul",5699,Apparel,Private Limited,Amritsar,Punjab,2025-05-23,6707310647,Active,896.57,Unique,present,VALID_NUMERIC,PROVIDED,PROVIDED
MCH7344,Rama Shukla,5699,Apparel,Sole Proprietorship,Hyderabad,Telangana,2023-10-11,,Active,1447.45,Found Duplicate,present,MISSING,PROVIDED,PROVIDED
MCH4096,Raman Inc,5699,Apparel,Private Limited,Chennai,Tamil Nadu,,6736501272,Active,0.2014,Found Duplicate,missing,VALID_NUMERIC,PROVIDED,PROVIDED
MCH9276,Trivedi Kunda,5699,Apparel,Individual,Delhi,Delhi,2025-12-31,XXXX9182,Inactive,2310.01,Found Duplicate,present,MASKED,PROVIDED,PROVIDED
MCH8490,Sekhon Chadha,5699,Apparel,Sole Proprietorship,Delhi,Delhi,2024-06-28,XXXX6195,Inactive,694.05,Unique,present,MASKED,PROVIDED,PROVIDED
MCH7289,Nayar Dara,5699,Apparel,Individual,Pune,Maharashtra,2025-12-28,AFIS6620860774027,Active,0.451,Found Duplicate,present,ALPHANUMERIC_IBAN,PROVIDED,PROVIDED
MCH8427,"Hegde, Bajaj And Sura",5699,Apparel,Partnership,Jalandhar,Punjab,2024-10-07,,Active,557.6,Found Duplicate,present,MISSING,PROVIDED,PROVIDED
MCH6131,"Dhar, Dada And Bakshi",5699,Apparel,Partnership,Bengaluru,Karnataka,2024-03-10,4600930161,Inactive,0.1921,Found Duplicate,present,VALID_NUMERIC,PROVIDED,PROVIDED
MCH1515,"Mall, Kara And Sastry",5699,Apparel,Partnership,Hyderabad,Telangana,2024-07-19,9073071658,Active,1036.37,Unique,present,VALID_NUMERIC,PROVIDED,MISSING_OR_INVALID
MCH7190,Som Kibe,5699,Apparel,Private Limited,Lucknow,Uttar Pradesh,2023-04-09,,Active,2254.41,Unique,present,MISSING,PROVIDED,PROVIDED
MCH9811,Natarajan Goswami,5699,Apparel,Partnership,Mumbay,Maharashtra,2023-08-24,,Active,5908.31,Found Duplicate,present,MISSING,PROVIDED,PROVIDED
MCH5367,Reddy Chakraborty,5699,Apparel,Sole Proprietorship,Mumbai,Maharashtra,2025-03-01,WHOV7357855523116,Active,1679.09,Found Duplicate,present,ALPHANUMERIC_IBAN,PROVIDED,PROVIDED
MCH9785,Nagarajan Plc,5699,Apparel,Individual,Mumbai,Maharashtra,2025-06-08,,Active,2709.78,Found Duplicate,present,MISSING,PROVIDED,PROVIDED
MCH7636,Bir Plc,5699,Apparel,Sole Proprietorship,Jalandhar,Punjab,2025-03-05,XXXX9076,Active,0.178,Unique,present,MASKED,PROVIDED,PROVIDED
MCH8918,Solanki And Sons,5699,Apparel,Private Limited,Bengaluru,Karnataka,2025-05-17,ITGT2090730500760,Active,1036.37,Unique,present,ALPHANUMERIC_IBAN,PROVIDED,MISSING_OR_INVALID
MCH2704,Sengupta Sarin,5699,Apparel,Private Limited,Pune,Maharashtra,2023-03-08,TSWF3138170868556,Active,2593.67,Unique,present,ALPHANUMERIC_IBAN,PROVIDED,PROVIDED
MCH4745,"Krishnamurthy, Nath And Chahal",5699,Apparel,Sole Proprietorship,Chennai,Tamil Nadu,,,Active,1604.97,Found Duplicate,missing,MISSING,PROVIDED,PROVIDED
MCH2862,Bhasin Group,5699,Apparel,Partnership,Jaipur,Rajasthan,2023-07-20,FHYX9050690414655,Active,544.8,Unique,present,ALPHANUMERIC_IBAN,PROVIDED,PROVIDED
MCH7058,Chatterjee Plc,5699,Apparel,Individual,Jalandhar,Punjab,,,Active,587.63,Found Duplicate,missing,MISSING,PROVIDED,PROVIDED
MCH2222,"Mani, Ravel And Agrawal",5699,Apparel,Sole Proprietorship,Lucknow,Uttar Pradesh,2023-10-01,,Active,815.84,Unique,present,MISSING,PROVIDED,PROVIDED
MCH4413,"Parekh,Kadeandtalwar",5699,Apparel,Sole Proprietorship,Lucknow,Uttar Pradesh,2025-12-11,9207485110,Active,1036.37,Found Duplicate,present,VALID_NUMERIC,PROVIDED,MISSING_OR_INVALID
MCH7419,Minhas Inc,5699,Apparel,Individual,Bengaluru,Karnataka,2023-05-03,IRMQ2437668083455,Unknown,1036.37,Unique,present,ALPHANUMERIC_IBAN,PROVIDED,MISSING_OR_INVALID
MCH3610,"Deo, Krish And Lanka",5699,Apparel,Private Limited,Chennai,Tamil Nadu,2025-01-07,3505089399,Unknown,1036.37,Found Duplicate,present,VALID_NUMERIC,PROVIDED,MISSING_OR_INVALID
MCH8209,"Cheema, Bansal And Comar",5699,Apparel,Sole Proprietorship,Ludhiana,Punjab,2023-12-27,WBQV3675439647595,Active,0.6788,Found Duplicate,present,ALPHANUMERIC_IBAN,PROVIDED,PROVIDED
MCH6388,Pillai Subramaniam,5699,Apparel,Sole Proprietorship,Jalandhar,Punjab,2023-04-28,XXXX3833,Inactive,2418.46,Found Duplicate,present,MASKED,PROVIDED,PROVIDED
MCH1293,"Kohli, Rajan And Nair",5699,Apparel,Sole Proprietorship,Jaipur,Rajasthan,2023-04-09,XXXX7079,Active,915.17,Unique,present,MASKED,PROVIDED,PROVIDED
MCH2598,Sani Gr0Up,5699,Apparel,Partnership,Pune,Maharashtra,2025-11-27,1059212674,Active,0.489,Found Duplicate,present,VALID_NUMERIC,PROVIDED,PROVIDED
MCH9483,"Yohannan, Ghose And Pal",5699,Apparel,Partnership,Hyderabad,Telangana,2023-03-21,,Active,4425.5,Unique,present,MISSING,PROVIDED,PROVIDED
MCH9940,"Thakur, Chokshi And Char",5699,Apparel,Sole Proprietorship,Jalandhar,Punjab,2023-01-16,,Unknown,0.1656,Found Duplicate,present,MISSING,PROVIDED,PROVIDED
MCH8825,"Mandal, Chaudhari And Savant",5699,Apparel,Individual,Jalandhar,Punjab,2025-07-27,8501342789,Active,1817.3,Unique,present,VALID_NUMERIC,PROVIDED,PROVIDED
MCH7493,Sachdeva Pillai,5699,Apparel,Private Limited,Kolkata,West Bengal,2026-01-18,1151514873,Inactive,203.44,Found Duplicate,present,VALID_NUMERIC,PROVIDED,PROVIDED
MCH2772,Rajagopalan Lal,5699,Apparel,Partnership,Jalandhar,Punjab,2025-03-05,YDTF9778396986125,Suspended,594.07,Found Duplicate,present,ALPHANUMERIC_IBAN,PROVIDED,PROVIDED
MCH4982,Upadhyay Thaker,5699,Apparel,Private Limited,Pune,Maharashtra,2023-04-10,XXXX3001,Active,1036.37,Unique,present,MASKED,PROVIDED,MISSING_OR_INVALID
MCH8900,Murthy Vala,5699,Apparel,Partnership,Kolkata,West Bengal,2024-09-27,PZJY7011608000971,Active,314.81,Found Duplicate,present,ALPHANUMERIC_IBAN,PROVIDED,PROVIDED
MCH5737,Ben Inc,5699,Apparel,Individual,Ludhiana,Punjab,2023-06-13,3336843959,Inactive,2812.11,Found Duplicate,present,VALID_NUMERIC,PROVIDED,PROVIDED
MCH1144,Morar Rattan,5699,Apparel,Sole Proprietorship,Jaipur,Rajasthan,2025-01-20,,Active,1182.28,Unique,present,MISSING,PROVIDED,PROVIDED
MCH4413,"Parekh,Kadeandtalwar",5699,Apparel,Sole Proprietorship,Lucknow,Uttar Pradesh,2025-12-11,9207485110,Active,1036.37,Found Duplicate,present,VALID_NUMERIC,PROVIDED,MISSING_OR_INVALID
MCH9909,"Gade, Tiwari And Solanki",5699,Apparel,Individual,Pune,Maharashtra,2024-08-23,XXXX1254,Active,2922.02,Found Duplicate,present,MASKED,PROVIDED,PROVIDED
MCH7354,"Chatterjee, Sarna And Handa",5699,Apparel,Sole Proprietorship,Bengaluru,Karnataka,2023-10-13,,Active,0.728,Unique,present,MISSING,PROVIDED,PROVIDED
MCH2284,Nayak Group,5699,Apparel,Private Limited,Mumbai,Maharashtra,2025-10-01,XXXX8146,Suspended,998.2,Found Duplicate,present,MASKED,PROVIDED,PROVIDED
MCH7309,"Loke, Chada And Badal",5699,Apparel,Sole Proprietorship,Ludhiana,Punjab,2023-07-26,9268725800,Active,3465.02,Unique,present,VALID_NUMERIC,PROVIDED,PROVIDED
MCH9955,Nori Nazareth,5699,Apparel,Sole Proprietorship,Delhi,Delhi,2024-05-22,,Suspended,673.27,Found Duplicate,present,MISSING,PROVIDED,PROVIDED
MCH2056,"Kadakia, Nagi And Ramakrishnan",5699,Apparel,Sole Proprietorship,Mumbai,Maharashtra,2023-02-23,XXXX6025,Unknown,2168.0,Unique,present,MASKED,PROVIDED,PROVIDED
MCH2172,Pandey Group,5699,Apparel,Individual,Amritsar,Punjab,2023-10-03,,Inactive,544.85,Found Duplicate,present,MISSING,PROVIDED,PROVIDED
MCH6155,Kari Basu,5699,Apparel,Sole Proprietorship,Hyderabad,Telangana,2023-06-20,,Active,705.71,Found Duplicate,present,MISSING,PROVIDED,PROVIDED
MCH1491,Tripathi Ltd,5699,Apparel,Private Limited,Kolkata,West Bengal,2024-06-20,XXXX2255,Unknown,1820.04,Found Duplicate,present,MASKED,PROVIDED,PROVIDED
MCH9745,Chaudhuri Plc,5699,Apparel,Sole Proprietorship,Pune,Maharashtra,2025-05-26,LAJQ5592021482333,Inactive,475.31,Found Duplicate,present,ALPHANUMERIC_IBAN,PROVIDED,PROVIDED
MCH4927,Mohan Plc,5699,Apparel,Individual,Jaipur,Rajasthan,2025-03-04,MQQO7446373111287,Unknown,1972.99,Unique,present,ALPHANUMERIC_IBAN,PROVIDED,PROVIDED
MCH9692,Parekh Kurian,5699,Apparel,Individual,Jaipur,Rajasthan,2025-10-20,XXXX0036,Active,1036.37,Found Duplicate,present,MASKED,PROVIDED,MISSING_OR_INVALID
MCH1806,Thaker Dutt,5699,Apparel,Individual,Ludhiana,Punjab,2024-05-02,1201362088,Active,0.6418,Found Duplicate,present,VALID_NUMERIC,PROVIDED,PROVIDED
MCH1923,Barad Devan,5699,Apparel,Private Limited,Hyderabad,Telangana,2025-08-12,,Active,300.28,Unique,present,MISSING,PROVIDED,PROVIDED
MCH7567,Badal Tripathi,5699,Apparel,Partnership,Delhi,Delhi,2023-01-23,,Unknown,581.85,Found Duplicate,present,MISSING,PROVIDED,PROVIDED
MCH4957,Natt Ltd,5699,Apparel,Individual,Lucknow,Uttar Pradesh,,5191776924,Unknown,1324.11,Unique,missing,VALID_NUMERIC,PROVIDED,PROVIDED
MCH8032,Roy Ramesh,5699,Apparel,Partnership,Mumbai,Maharashtra,2025-05-24,,Active,1773.07,Unique,present,MISSING,PROVIDED,PROVIDED
MCH2710,"Batta, Shetty And Ka1Ita",5699,Apparel,Individual,Hyderabad,Telangana,2025-08-17,2640797887,Active,109.84,Found Duplicate,present,VALID_NUMERIC,PROVIDED,PROVIDED
MCH5375,"Zacharia, Krishnamurthy And Talwar",5699,Apparel,Individual,Pune,Maharashtra,2023-02-04,6686840480,Active,872.85,Unique,present,VALID_NUMERIC,PROVIDED,PROVIDED
MCH6280,Khanna Kanda,5699,Apparel,Sole Proprietorship,Pune,Maharashtra,,1584508627,Active,243.27,Unique,missing,VALID_NUMERIC,PROVIDED,PROVIDED
MCH1299,Mutti Plc,5699,Apparel,Partnership,Jaipur,Rajasthan,2023-06-27,8421728078,Unknown,605.64,Unique,present,VALID_NUMERIC,PROVIDED,PROVIDED
MCH6013,Date Ltd,5699,Apparel,Individual,Mumbai,Maharashtra,2025-11-12,9831248184,Inactive,138.89,Unique,present,VALID_NUMERIC,PROVIDED,PROVIDED
MCH1314,"Pant, Mammen And Doctor",5699,Apparel,Individual,Jaipur,Rajasthan,2023-11-12,,Active,1045.43,Unique,present,MISSING,PROVIDED,PROVIDED
MCH6585,Kara Nath,5699,Apparel,Private Limited,Kolkata,West Bengal,2024-12-29,0436756334,Inactive,2202.59,Found Duplicate,present,VALID_NUMERIC,PROVIDED,PROVIDED
MCH8007,Chaudhari Inc,5699,Apparel,Sole Proprietorship,Pune,Maharashtra,2025-11-26,KFYF9189766472754,Active,1165.41,Found Duplicate,present,ALPHANUMERIC_IBAN,PROVIDED,PROVIDED
MCH6314,"Kuruvilla, Lalla And Mallick",5699,Apparel,Private Limited,Lucknow,Uttar Pradesh,2026-05-01,,Active,697.89,Found Duplicate,present,MISSING,PROVIDED,PROVIDED
MCH1456,Madan Ganesh,5699,Apparel,Individual,Amritsar,Punjab,2025-01-11,,Active,1036.37,Unique,present,MISSING,PROVIDED,MISSING_OR_INVALID
MCH9713,"Toor, Nayak And Varma",5699,Apparel,Individual,Jalandhar,Punjab,,,Unknown,297.05,Unique,missing,MISSING,PROVIDED,PROVIDED
MCH2104,Iyengar Plc,5699,Apparel,Private Limited,Lucknow,Uttar Pradesh,2025-03-20,,Suspended,1344.05,Unique,present,MISSING,PROVIDED,PROVIDED
MCH9038,"Dara, Pai And Saxena",5699,Apparel,Sole Proprietorship,Ludhiana,Punjab,2024-04-18,0739300438,Inactive,2740.86,Found Duplicate,present,VALID_NUMERIC,PROVIDED,PROVIDED
MCH4033,Kota Plc,5699,Apparel,Individual,Ludhiana,Punjab,2025-02-23,5691989399,Active,1305.4,Unique,present,VALID_NUMERIC,PROVIDED,PROVIDED
MCH6517,"Vig, Sen And Kumar",5699,Apparel,Sole Proprietorship,Delhi,Delhi,2023-05-05,,Active,1024.93,Unique,present,MISSING,PROVIDED,PROVIDED
MCH6804,Johal And Sons,5699,Apparel,Sole Proprietorship,Chennai,Tamil Nadu,2025-10-13,9253208573,Inactive,4018.13,Unique,present,VALID_NUMERIC,PROVIDED,PROVIDED
MCH6543,Goswami Ray,5699,Apparel,Partnership,Chennai,Tamil Nadu,2025-04-04,XXXX9238,Active,2501.19,Found Duplicate,present,MASKED,PROVIDED,PROVIDED
MCH3447,Andra Edwin,5699,Apparel,Individual,Hyderabad,Telangana,2023-10-09,XXXX8236,Active,1619.69,Unique,present,MASKED,PROVIDED,PROVIDED
MCH7211,Nagar Bhagat,5699,Apparel,Partnership,Bengaluru,Karnataka,2024-01-16,,Active,585.46,Found Duplicate,present,MISSING,PROVIDED,PROVIDED
MCH1200,Vora And Sons,5699,Apparel,Private Limited,Pune,Maharashtra,2023-02-08,MQRX2052089170910,Unknown,0.1072,Unique,present,ALPHANUMERIC_IBAN,PROVIDED,PROVIDED
MCH6593,"Bajaj, Kha1Sa And Wab1E",5699,Apparel,Partnership,Mumbai,Maharashtra,2024-10-27,XXXX6331,Active,842.7,Found Duplicate,present,MASKED,PROVIDED,PROVIDED
MCH9763,Bhatnagar Ramesh,5699,Apparel,Individual,Bengaluru,Karnataka,2023-03-24,FAWR8699456284349,Active,2954.71,Unique,present,ALPHANUMERIC_IBAN,PROVIDED,PROVIDED
MCH1189,"Rai, Doctor And Dar",5699,Apparel,Sole Proprietorship,Mumbay,Maharashtra,2024-11-13,8075572970,Active,0.1513,Unique,present,VALID_NUMERIC,PROVIDED,PROVIDED
MCH6062,Kata Plc,5699,Apparel,Sole Proprietorship,Mumbai,Maharashtra,2025-09-10,3065314778,Active,0.9045,Found Duplicate,present,VALID_NUMERIC,PROVIDED,PROVIDED
MCH6084,"Jaggi, Ganguly And Mall",5699,Apparel,Private Limited,Ludhiana,Punjab,2023-08-30,,Active,1089.53,Found Duplicate,present,MISSING,PROVIDED,PROVIDED
MCH3069,Magar Inc,5699,Apparel,Individual,Mumbay,Maharashtra,2024-10-18,,Active,5346.85,Unique,present,MISSING,PROVIDED,PROVIDED
MCH1647,Narula Llc,5699,Apparel,Individual,Ludhiana,Punjab,2024-10-05,5628842369,Suspended,1898.14,Unique,present,VALID_NUMERIC,PROVIDED,PROVIDED
MCH9296,Bhakta Sen,5699,Apparel,Private Limited,Delhi,Delhi,2024-12-29,CFXN3327085441809,Active,453.57,Found Duplicate,present,ALPHANUMERIC_IBAN,PROVIDED,PROVIDED
MCH1779,Char Karnik,5699,Apparel,Private Limited,Jaipur,Rajasthan,,2529504175,Active,6097.01,Found Duplicate,missing,VALID_NUMERIC,PROVIDED,PROVIDED
MCH5459,Sachdev Ltd,5699,Apparel,Sole Proprietorship,Bengaluru,Karnataka,,HQPJ1613148200279,Suspended,1804.28,Unique,missing,ALPHANUMERIC_IBAN,PROVIDED,PROVIDED
MCH7482,"Bail, Verma And Sur",5699,Apparel,Private Limited,Jalandhar,Punjab,2024-02-06,,Active,249.45,Unique,present,MISSING,PROVIDED,PROVIDED
MCH5141,Sinha Ltd,5699,Apparel,Sole Proprietorship,Jaipur,Rajasthan,2025-07-27,XXXX0376,Inactive,764.85,Found Duplicate,present,MASKED,PROVIDED,PROVIDED
MCH1050,Trivedi Zachariah,5699,Apparel,Sole Proprietorship,Jaipur,Rajasthan,2025-01-30,0368449602,Active,2479.88,Unique,present,VALID_NUMERIC,PROVIDED,PROVIDED
MCH8374,Nadig Batra,5699,Apparel,Partnership,Amritsar,Punjab,2024-02-21,VELJ0567478440820,Active,831.77,Found Duplicate,present,ALPHANUMERIC_IBAN,PROVIDED,PROVIDED
MCH5387,Hayre Chaudry,5699,Apparel,Sole Proprietorship,Amritsar,Punjab,2023-11-06,XXXX7071,Active,1445.17,Found Duplicate,present,MASKED,PROVIDED,PROVIDED
MCH2274,Kade Wadhwa,5699,Apparel,Partnership,Delhi,Delhi,,,Active,1036.37,Found Duplicate,missing,MISSING,PROVIDED,MISSING_OR_INVALID
MCH4838,Srinivasan Ltd,5699,Apparel,Partnership,Ludhiana,Punjab,2023-11-05,PWKI0930308328537,Unknown,193.54,Unique,present,ALPHANUMERIC_IBAN,PROVIDED,PROVIDED
MCH3520,"Kannan, Bail And Sundaram",5699,Apparel,Sole Proprietorship,Ludhiana,Punjab,2024-09-16,XXXX2156,Active,383.3,Found Duplicate,present,MASKED,PROVIDED,PROVIDED
MCH5009,Arora Wagle,5699,Apparel,Individual,Hyderabad,Telangana,2024-11-06,XXXX1307,Inactive,1125.91,Unique,present,MASKED,PROVIDED,PROVIDED
MCH6036,Chhabra Group,5699,Apparel,Sole Proprietorship,Amritsar,Punjab,2024-01-10,XXXX4226,Active,1036.37,Unique,present,MASKED,PROVIDED,MISSING_OR_INVALID
MCH8750,Nair Ltd,5699,Apparel,Individual,Jaipur,Rajasthan,2024-03-22,,Active,0.3874,Found Duplicate,present,MISSING,PROVIDED,PROVIDED
MCH6239,Varkey More,5699,Apparel,Private Limited,Lucknow,Uttar Pradesh,2025-08-20,,Active,849.3,Found Duplicate,present,MISSING,PROVIDED,PROVIDED
MCH2551,"Krishnamurthy, Murthy And Savant",5699,Apparel,Private Limited,Pune,Maharashtra,2023-09-27,XXXX9848,Active,0.3427,Found Duplicate,present,MASKED,PROVIDED,PROVIDED
MCH4589,"Sathe, Bumb And Shankar",5699,Apparel,Sole Proprietorship,Amritsar,Punjab,2024-10-27,XXXX1983,Active,76.99,Found Duplicate,present,MASKED,PROVIDED,PROVIDED
MCH5516,Muni Llc,5699,Apparel,Individual,Kolkata,West Bengal,2025-11-17,,Active,0.1139,Unique,present,MISSING,PROVIDED,PROVIDED
MCH8355,Dada And Sons,5699,Apparel,Sole Proprietorship,Chennai,Tamil Nadu,2023-01-27,,Active,1302.55,Found Duplicate,present,MISSING,PROVIDED,PROVIDED
MCH5776,Varma Bahri,5699,Apparel,Individual,Mumbai,Maharashtra,2025-04-10,0509545143,Inactive,807.85,Found Duplicate,present,VALID_NUMERIC,PROVIDED,PROVIDED
MCH5180,"Gaba, Chacko And Khatri",5699,Apparel,Private Limited,Pune,Maharashtra,2025-02-12,XXXX8144,Active,753.85,Found Duplicate,present,MASKED,PROVIDED,PROVIDED
MCH1973,Sastry Ltd,5699,Apparel,Sole Proprietorship,Chennai,Tamil Nadu,2024-12-23,,Active,1479.74,Found Duplicate,present,MISSING,PROVIDED,PROVIDED
MCH4583,Badal Inc,5699,Apparel,Partnership,Amritsar,Punjab,2025-07-08,4453438674,Active,2513.6,Found Duplicate,present,VALID_NUMERIC,PROVIDED,PROVIDED
MCH6508,Kalla Ramachandran,5699,Apparel,Sole Proprietorship,Lucknow,Uttar Pradesh,2024-02-04,,Active,321.73,Found Duplicate,present,MISSING,PROVIDED,PROVIDED
MCH8405,Roy Ltd,5699,Apparel,Private Limited,Kolkata,West Bengal,2023-02-13,MAGL2579020752689,Inactive,1147.53,Unique,present,ALPHANUMERIC_IBAN,PROVIDED,PROVIDED
MCH6300,Kumar Plc,5699,Apparel,Partnership,Jaipur,Rajasthan,2025-04-17,,Active,1647.52,Unique,present,MISSING,PROVIDED,PROVIDED
MCH5753,"Nair, Pai And Issac",5699,Apparel,Individual,Mumbai,Maharashtra,2026-01-29,VEQN2292788694850,Active,1860.02,Found Duplicate,present,ALPHANUMERIC_IBAN,PROVIDED,PROVIDED
MCH7078,"Vasa, Gade And Viswanathan",5699,Apparel,Individual,Mumbai,Maharashtra,2025-08-17,XXXX5209,Unknown,660.73,Found Duplicate,present,MASKED,PROVIDED,PROVIDED
MCH1995,"Sandhu, Kar And Chaudry",5699,Apparel,Partnership,Mumbai,Maharashtra,2024-01-25,,Active,4626.93,Found Duplicate,present,MISSING,PROVIDED,PROVIDED
MCH4848,"Borra, Balakrishnan And Chad",5699,Apparel,Partnership,Delhi,Delhi,2024-06-18,5183213301,Active,3072.49,Unique,present,VALID_NUMERIC,PROVIDED,PROVIDED
MCH5316,"Mand, Banerjee And Bhandari",5699,Apparel,Private Limited,Chennai,Tamil Nadu,,MZUJ8841043737441,Active,1934.84,Found Duplicate,missing,ALPHANUMERIC_IBAN,PROVIDED,PROVIDED
MCH2605,Gera Karpe,5699,Apparel,Individual,Mumbai,Maharashtra,2026-02-25,ZUZI7142150561628,Active,0.1371,Found Duplicate,present,ALPHANUMERIC_IBAN,PROVIDED,PROVIDED
MCH2119,Kashyap Ltd,5699,Apparel,Individual,Chennai,Tamil Nadu,2023-07-23,QOGH2854636021780,Inactive,1155.58,Unique,present,ALPHANUMERIC_IBAN,PROVIDED,PROVIDED
MCH2627,Gupta And Sons,5699,Apparel,Individual,Delhi,Delhi,2025-01-04,UVIS7862723743155,Active,1249.33,Found Duplicate,present,ALPHANUMERIC_IBAN,PROVIDED,PROVIDED
MCH1947,"Batra, Kar And Sodhi",5699,Apparel,Partnership,Bengaluru,Karnataka,2025-08-24,QPJE6965990436721,Active,3015.23,Found Duplicate,present,ALPHANUMERIC_IBAN,PROVIDED,PROVIDED
MCH9681,Bawa Plc,5699,Apparel,Private Limited,Pune,Maharashtra,2024-01-09,,Active,1913.04,Unique,present,MISSING,PROVIDED,PROVIDED
MCH6556,"Gala, Kale And Manne",5699,Apparel,Partnership,Delhi,Delhi,2025-08-22,,Active,0.76,Found Duplicate,present,MISSING,PROVIDED,PROVIDED
MCH9471,Sarma Ltd,5699,Apparel,Partnership,Hyderabad,Telangana,2023-10-26,XXXX5808,Active,2136.82,Found Duplicate,present,MASKED,PROVIDED,PROVIDED
MCH6922,"Bassi, Dara And Dutt",5699,Apparel,Private Limited,Bengaluru,Karnataka,2023-04-01,XXXX6999,Unknown,1736.93,Found Duplicate,present,MASKED,PROVIDED,PROVIDED
MCH6180,Thakur And Sons,5699,Apparel,Private Limited,Lucknow,Uttar Pradesh,2025-05-24,MWYN7782824521830,Active,699.96,Unique,present,ALPHANUMERIC_IBAN,PROVIDED,PROVIDED
MCH1096,Subramanian Prasad,5699,Apparel,Individual,Hyderabad,Telangana,2025-03-07,,Active,8373.82,Unique,present,MISSING,PROVIDED,PROVIDED
MCH6333,"Kumer, Butala And Sawhney",5699,Apparel,Individual,Chennai,Tamil Nadu,2024-09-08,HRFV9386173143650,Unknown,831.77,Unique,present,ALPHANUMERIC_IBAN,PROVIDED,PROVIDED
MCH4463,"Choudhry, Sahni And Chaudhry",5699,Apparel,Individual,Ludhiana,Punjab,2025-01-09,XXXX3118,Active,0.402,Found Duplicate,present,MASKED,PROVIDED,PROVIDED
MCH9080,Jani And Sons,5699,Apparel,Partnership,Lucknow,Uttar Pradesh,2025-05-13,XXXX8347,Suspended,672.43,Found Duplicate,present,MASKED,PROVIDED,PROVIDED
MCH7478,"Sami, Brahmbhatt And Khurana",5699,Apparel,Private Limited,Mumbay,Maharashtra,2024-08-19,,Inactive,1036.37,Unique,present,MISSING,PROVIDED,MISSING_OR_INVALID
MCH9319,Ladinc,5699,Apparel,Sole Proprietorship,Jalandhar,Punjab,2025-07-20,XXXX7774,Inactive,839.54,Found Duplicate,present,MASKED,PROVIDED,PROVIDED
MCH6774,Parsa Ltd,5699,Apparel,Private Limited,Amritsar,Punjab,2023-01-17,,Active,2007.14,Unique,present,MISSING,PROVIDED,PROVIDED
MCH5127,Sarkar Vaidya,5699,Apparel,Individual,Bengaluru,Karnataka,2023-11-23,,Active,465.12,Found Duplicate,present,MISSING,PROVIDED,PROVIDED
MCH7736,Kara Plc,5699,Apparel,Individual,Amritsar,Punjab,2024-02-01,,Active,778.45,Unique,present,MISSING,PROVIDED,PROVIDED
MCH9004,Kaurinc,5699,Apparel,Partnership,Bengaluru,Karnataka,2023-07-10,XXXX9308,Active,1124.44,Found Duplicate,present,MASKED,PROVIDED,PROVIDED
MCH6989,Raju Llc,5699,Apparel,Individual,Jaipur,Rajasthan,2023-11-03,4351608402,Inactive,1427.8,Unique,present,VALID_NUMERIC,PROVIDED,PROVIDED
MCH7470,Venkatesh Ltd,5699,Apparel,Sole Proprietorship,Lucknow,Uttar Pradesh,2025-04-29,DLXM0557851330372,Unknown,0.787,Found Duplicate,present,ALPHANUMERIC_IBAN,PROVIDED,PROVIDED
MCH4050,"Sur, N0Ri And G011A",5699,Apparel,Sole Proprietorship,Mumbai,Maharashtra,2024-04-07,PQHJ7829698736069,Unknown,577.94,Found Duplicate,present,ALPHANUMERIC_IBAN,PROVIDED,PROVIDED
MCH9395,Bhagat Chana,5699,Apparel,Private Limited,Jaipur,Rajasthan,2024-12-12,,Active,2768.73,Unique,present,MISSING,PROVIDED,PROVIDED
MCH2448,Shan Ltd,5699,Apparel,Private Limited,Delhi,Delhi,2023-03-22,,Unknown,331.32,Unique,present,MISSING,PROVIDED,PROVIDED
MCH7379,Tella Mahal,5699,Apparel,Partnership,Jaipur,Rajasthan,2024-03-06,OFAG5218783703549,Active,1036.37,Found Duplicate,present,ALPHANUMERIC_IBAN,PROVIDED,MISSING_OR_INVALID
MCH4769,Baral Peri,5699,Apparel,Individual,Jaipur,Rajasthan,2024-01-14,,Unknown,1758.52,Found Duplicate,present,MISSING,PROVIDED,PROVIDED
MCH1640,Dash Ltd,5699,Apparel,Sole Proprietorship,Jaipur,Rajasthan,2024-11-25,SPQL0474110490629,Active,0.328,Found Duplicate,present,ALPHANUMERIC_IBAN,PROVIDED,PROVIDED
MCH8967,Kade Sama,5699,Apparel,Partnership,Delhi,Delhi,2023-02-18,,Unknown,1036.37,Found Duplicate,present,MISSING,PROVIDED,MISSING_OR_INVALID
MCH5970,Babu And Sons,5699,Apparel,Private Limited,Amritsar,Punjab,2025-01-14,,Inactive,2060.67,Unique,present,MISSING,PROVIDED,PROVIDED
MCH8509,Raman Hans,5699,Apparel,Individual,Lucknow,Uttar Pradesh,2024-05-16,XXXX2100,Inactive,0.882,Found Duplicate,present,MASKED,PROVIDED,PROVIDED
MCH1019,Iyer Thaker,5699,Apparel,Partnership,Kolkata,West Bengal,2025-05-23,XXXX9462,Active,1036.37,Unique,present,MASKED,PROVIDED,MISSING_OR_INVALID
MCH8957,Madan Kothari,5699,Apparel,Sole Proprietorship,Ludhiana,Punjab,,XXXX2329,Active,934.34,Found Duplicate,missing,MASKED,PROVIDED,PROVIDED
MCH1567,Samra Plc,5699,Apparel,Individual,Mumbai,Maharashtra,2023-07-23,XXXX0316,Inactive,1417.9,Found Duplicate,present,MASKED,PROVIDED,PROVIDED
MCH2179,Chanda Sura,5699,Apparel,Private Limited,Jalandhar,Punjab,2026-01-07,XXXX4523,Active,1281.24,Found Duplicate,present,MASKED,PROVIDED,PROVIDED
MCH7106,Mody Mitter,5699,Apparel,Individual,Bengaluru,Karnataka,2023-11-06,ZNDK0366125245871,Active,574.51,Found Duplicate,present,ALPHANUMERIC_IBAN,PROVIDED,PROVIDED
MCH5265,"Jain, Jaggi And Gara",5699,Apparel,Individual,Jaipur,Rajasthan,2023-10-05,XXXX8547,Active,617.01,Found Duplicate,present,MASKED,PROVIDED,PROVIDED
MCH7974,Kari Inc,5699,Apparel,Individual,Delhi,Delhi,2023-05-19,QWIC4307587311546,Unknown,4305.95,Found Duplicate,present,ALPHANUMERIC_IBAN,PROVIDED,PROVIDED
MCH1792,Palan Naidu,5699,Apparel,Partnership,Bengaluru,Karnataka,2023-01-28,JXLM1363091809821,Active,443.5,Found Duplicate,present,ALPHANUMERIC_IBAN,PROVIDED,PROVIDED
MCH8756,Warrior Inc,5699,Apparel,Private Limited,Jalandhar,Punjab,2023-10-04,9910438985,Unknown,1476.03,Found Duplicate,present,VALID_NUMERIC,PROVIDED,PROVIDED
MCH4648,Tara Pandya,5699,Apparel,Partnership,Chennai,Tamil Nadu,2026-01-02,TEXQ3961216144905,Active,852.19,Unique,present,ALPHANUMERIC_IBAN,PROVIDED,PROVIDED
MCH3678,"Ramanathan, Oza And Aggarwal",5699,Apparel,Partnership,Jalandhar,Punjab,2023-03-04,9191196267,Active,1617.86,Unique,present,VALID_NUMERIC,PROVIDED,PROVIDED
MCH9332,Gala Inc,5699,Apparel,Private Limited,Amritsar,Punjab,2023-03-21,XXXX9903,Active,1348.88,Found Duplicate,present,MASKED,PROVIDED,PROVIDED
MCH2009,"Tiwari, Naidu And Muni",5699,Apparel,Partnership,Pune,Maharashtra,2024-04-05,NVFX6549311428381,Active,0.732,Unique,present,ALPHANUMERIC_IBAN,PROVIDED,PROVIDED
MCH3340,Bhargava Llc,5699,Apparel,Sole Proprietorship,Kolkata,West Bengal,2025-10-12,,Suspended,4266.92,Found Duplicate,present,MISSING,PROVIDED,PROVIDED
MCH6488,"Cheema, Dubey And Kala",5699,Apparel,Private Limited,Mumbai,Maharashtra,2024-11-14,,Active,1180.07,Unique,present,MISSING,PROVIDED,PROVIDED
MCH7432,Taneja Hari,5699,Apparel,Sole Proprietorship,Bengaluru,Karnataka,2025-11-24,,Active,1291.31,Found Duplicate,present,MISSING,PROVIDED,PROVIDED
MCH5944,Arya Inc,5699,Apparel,Partnership,Jaipur,Rajasthan,2025-03-31,,Active,394.63,Found Duplicate,present,MISSING,PROVIDED,PROVIDED
MCH1674,"Bansal, Babu And Bansal",5699,Apparel,Individual,Chennai,Tamil Nadu,2024-03-11,,Active,0.811,Found Duplicate,present,MISSING,PROVIDED,PROVIDED
MCH7033,Mani And Sons,5699,Apparel,Partnership,Mumbai,Maharashtra,2023-06-07,,Unknown,2767.54,Unique,present,MISSING,PROVIDED,PROVIDED
MCH6577,D’Alia Inc,5699,Apparel,Partnership,Bengaluru,Karnataka,2023-05-08,,Active,1979.76,Unique,present,MISSING,PROVIDED,PROVIDED
MCH3753,Vohra Din,5699,Apparel,Private Limited,Kolkata,West Bengal,2025-03-30,8109513390,Active,754.9,Found Duplicate,present,VALID_NUMERIC,PROVIDED,PROVIDED
MCH7758,"Memon, Agate And Deshpande",5699,Apparel,Partnership,Mumbai,Maharashtra,2023-12-27,KYBY5368849904131,Active,362.28,Unique,present,ALPHANUMERIC_IBAN,PROVIDED,PROVIDED
MCH1465,"Shah, Solanki And Rajagopalan",5699,Apparel,Individual,Lucknow,Uttar Pradesh,2024-04-10,XXXX9396,Suspended,725.72,Found Duplicate,present,MASKED,PROVIDED,PROVIDED
MCH6246,Kota Inc,5699,Apparel,Private Limited,Mumbai,Maharashtra,2023-09-17,NSCU9760012397000,Active,1586.1,Found Duplicate,present,ALPHANUMERIC_IBAN,PROVIDED,PROVIDED
MCH4355,Sur Pandit,5699,Apparel,Partnership,Lucknow,Uttar Pradesh,2023-04-18,0234156737,Active,1036.37,Unique,present,VALID_NUMERIC,PROVIDED,MISSING_OR_INVALID
MCH6084,"Jaggi, Ganguly And Mall",5699,Apparel,Private Limited,Ludhiana,Punjab,2023-08-30,,Inactive,1089.53,Found Duplicate,present,MISSING,PROVIDED,PROVIDED
MCH6896,Dugar Minhas,5699,Apparel,Sole Proprietorship,Mumbai,Maharashtra,2025-03-17,XXXX5745,Active,1036.37,Found Duplicate,present,MASKED,PROVIDED,MISSING_OR_INVALID
MCH6860,Buch Plc,5699,Apparel,Private Limited,Kolkata,West Bengal,2025-01-09,,Active,0.364,Unique,present,MISSING,PROVIDED,PROVIDED
MCH4529,Varkey Pant,5699,Apparel,Private Limited,Ludhiana,Punjab,2024-06-01,6768398433,Active,1710.62,Found Duplicate,present,VALID_NUMERIC,PROVIDED,PROVIDED
MCH3487,Mutti Inc,5699,Apparel,Sole Proprietorship,Kolkata,West Bengal,2023-07-24,,Unknown,1198.59,Found Duplicate,present,MISSING,PROVIDED,PROVIDED
MCH4353,"Sha, Thaman And Bhasin",5699,Apparel,Partnership,Lucknow,Uttar Pradesh,2024-02-05,XXXX4052,Inactive,391.43,Unique,present,MASKED,PROVIDED,PROVIDED
MCH1680,"Dube, Sekhon And Nagarajan",5699,Apparel,Sole Proprietorship,Ludhiana,Punjab,2025-02-03,,Active,0.855,Unique,present,MISSING,PROVIDED,PROVIDED
MCH6308,Seshadri Llc,5699,Apparel,Private Limited,Delhi,Delhi,2025-03-10,,Unknown,422.55,Found Duplicate,present,MISSING,PROVIDED,PROVIDED
MCH4360,Khurana Ltd,5699,Apparel,Partnership,Jaipur,Rajasthan,,7767895451,Active,507.91,Unique,missing,VALID_NUMERIC,PROVIDED,PROVIDED
MCH4401,Bedi And Sons,5699,Apparel,Partnership,Kolkata,West Bengal,2024-05-16,HWLG9372836696223,Active,557.79,Found Duplicate,present,ALPHANUMERIC_IBAN,PROVIDED,PROVIDED
MCH5929,"Natt, Iyengar And Desai",5699,Apparel,Sole Proprietorship,Delhi,Delhi,2024-02-21,VDBK0710307689723,Unknown,1050.02,Found Duplicate,present,ALPHANUMERIC_IBAN,PROVIDED,PROVIDED
MCH7864,"Joshi, Warrior And Guha",5699,Apparel,Sole Proprietorship,Jalandhar,Punjab,2023-10-18,,Active,785.07,Found Duplicate,present,MISSING,PROVIDED,PROVIDED
MCH4463,Bera Kota,5699,Apparel,Partnership,Amritsar,Punjab,2024-03-08,,Suspended,0.4533,Found Duplicate,present,MISSING,PROVIDED,PROVIDED
MCH6789,Sanghvi Garg,5699,Apparel,Individual,Kolkata,West Bengal,,XXXX2367,Active,8043.93,Unique,missing,MASKED,PROVIDED,PROVIDED
MCH5671,Bava Arya,5699,Apparel,Private Limited,Hyderabad,Telangana,2023-11-18,SNRX5730951285773,Active,2123.47,Unique,present,ALPHANUMERIC_IBAN,PROVIDED,PROVIDED
MCH4462,"Koshy, Badal And Nayar",5699,Apparel,Individual,Hyderabad,Telangana,2025-01-17,XXXX9292,Active,0.937,Unique,present,MASKED,PROVIDED,PROVIDED
MCH1818,Bakshi Golla,5699,Apparel,Private Limited,Kolkata,West Bengal,2023-10-04,7575233501,Active,4859.19,Unique,present,VALID_NUMERIC,PROVIDED,PROVIDED
MCH7440,Rastogi Manne,5699,Apparel,Sole Proprietorship,Lucknow,Uttar Pradesh,2025-10-27,,Active,2334.42,Unique,present,MISSING,PROVIDED,PROVIDED
MCH5222,"Char, Warrior And Cherian",5699,Apparel,Partnership,Chennai,Tamil Nadu,2024-03-19,XXXX0689,Inactive,352.83,Unique,present,MASKED,PROVIDED,PROVIDED
MCH7687,Devan Inc,5699,Apparel,Individual,Lucknow,Uttar Pradesh,2024-11-25,,Active,2148.82,Found Duplicate,present,MISSING,PROVIDED,PROVIDED
MCH3178,Ganesangroup,5699,Apparel,Individual,Delhi,Delhi,2025-12-01,,Unknown,0.136,Unique,present,MISSING,PROVIDED,PROVIDED
MCH1764,"K0H1I, Sa1Vi And Ch0Kshi",5699,Apparel,Partnership,Amritsar,Punjab,2025-09-13,,Active,12860.85,Found Duplicate,present,MISSING,PROVIDED,PROVIDED
MCH1828,Goel Plc,5699,Apparel,Private Limited,Chennai,Tamil Nadu,2025-10-15,XXXX2989,Unknown,4227.93,Found Duplicate,present,MASKED,PROVIDED,PROVIDED
MCH5784,"Kakar, Palla And Vyas",5699,Apparel,Private Limited,Jalandhar,Punjab,2024-06-01,,Active,220.77,Unique,present,MISSING,PROVIDED,PROVIDED
MCH8681,Suri Ltd,5699,Apparel,Partnership,Jalandhar,Punjab,2025-07-19,TFNO3503811861510,Active,1034.26,Unique,present,ALPHANUMERIC_IBAN,PROVIDED,PROVIDED
MCH2350,Tata Palla,5699,Apparel,Private Limited,Jaipur,Rajasthan,2025-01-29,,Active,1391.95,Found Duplicate,present,MISSING,PROVIDED,PROVIDED
MCH3005,"Saxena, Narain And Mander",5699,Apparel,Private Limited,Kolkata,West Bengal,2024-03-25,RIGO9314848159457,Inactive,1149.79,Unique,present,ALPHANUMERIC_IBAN,PROVIDED,PROVIDED
MCH7246,Lata Ltd,5699,Apparel,Partnership,Chennai,Tamil Nadu,2024-03-17,XXXX2358,Active,1315.04,Unique,present,MASKED,PROVIDED,PROVIDED
MCH8151,Dalal Plc,5699,Apparel,Individual,Jalandhar,Punjab,2024-08-01,WQMC9295186993346,Active,0.12,Found Duplicate,present,ALPHANUMERIC_IBAN,PROVIDED,PROVIDED
MCH5880,"Varty, Ratta And Venkataraman",5699,Apparel,Sole Proprietorship,Amritsar,Punjab,2023-06-11,0620802937,Active,1913.84,Unique,present,VALID_NUMERIC,PROVIDED,PROVIDED
MCH1320,Babu Khatri,5699,Apparel,Individual,Kolkata,West Bengal,2023-11-24,XXXX8923,Suspended,1036.37,Found Duplicate,present,MASKED,PROVIDED,MISSING_OR_INVALID
MCH5559,"Ganguly, Bakshi And Chopra",5699,Apparel,Individual,Jalandhar,Punjab,2023-11-14,,Inactive,1036.37,Found Duplicate,present,MISSING,PROVIDED,MISSING_OR_INVALID
MCH4700,"Rajan, Garg And Ray",5699,Apparel,Individual,Chennai,Tamil Nadu,,ZNYW6274259007166,Active,805.94,Unique,missing,ALPHANUMERIC_IBAN,PROVIDED,PROVIDED
MCH8976,Prakash Plc,5699,Apparel,Sole Proprietorship,Jalandhar,Punjab,2023-02-15,YWYW3270588037167,Suspended,1358.57,Unique,present,ALPHANUMERIC_IBAN,PROVIDED,PROVIDED
MCH7639,Guha And Sons,5699,Apparel,Private Limited,Jalandhar,Punjab,2024-10-04,CBVL9950272702158,Active,2082.39,Found Duplicate,present,ALPHANUMERIC_IBAN,PROVIDED,PROVIDED
MCH1400,Kapoor Bhalla,5699,Apparel,Partnership,Chennai,Tamil Nadu,2023-05-17,,Active,913.08,Unique,present,MISSING,PROVIDED,PROVIDED
MCH7470,Venkatesh Ltd,5699,Apparel,Sole Proprietorship,Lucknow,Uttar Pradesh,2025-04-29,DLXM0557851330372,Active,0.787,Found Duplicate,present,ALPHANUMERIC_IBAN,PROVIDED,PROVIDED
MCH4179,"Choudhry, Bera And Pandit",5699,Apparel,Partnership,Kolkata,West Bengal,2025-08-14,ABQY2242292056782,Active,1930.08,Unique,present,ALPHANUMERIC_IBAN,PROVIDED,PROVIDED
MCH5430,Thakkar And Sons,5699,Apparel,Private Limited,Amritsar,Punjab,2023-01-19,,Inactive,4264.84,Unique,present,MISSING,PROVIDED,PROVIDED
MCH1260,Kothari Nadkarni,5699,Apparel,Private Limited,Lucknow,Uttar Pradesh,2026-01-15,6850024093,Active,2375.4,Found Duplicate,present,VALID_NUMERIC,PROVIDED,PROVIDED
MCH7239,"Trivedi, Ramesh And Prabhakar",5699,Apparel,Sole Proprietorship,Lucknow,Uttar Pradesh,2026-02-23,,Unknown,918.27,Found Duplicate,present,MISSING,PROVIDED,PROVIDED
MCH3930,Kashyap Rastogi,5699,Apparel,Individual,Lucknow,Uttar Pradesh,,XXXX4709,Active,510.04,Unique,missing,MASKED,PROVIDED,PROVIDED
MCH9637,Handa Basu,5699,Apparel,Partnership,Pune,Maharashtra,2025-09-17,,Active,515.71,Unique,present,MISSING,PROVIDED,PROVIDED
MCH3275,Sridhar And Sons,5699,Apparel,Partnership,Delhi,Delhi,2024-04-15,,Suspended,1036.37,Unique,present,MISSING,PROVIDED,MISSING_OR_INVALID
MCH4107,Pandey Sastry,5699,Apparel,Sole Proprietorship,Jalandhar,Punjab,2025-09-30,,Inactive,0.319,Unique,present,MISSING,PROVIDED,PROVIDED
MCH6666,Baral Inc,5699,Apparel,Individual,Bengaluru,Karnataka,2025-12-22,DXHD9016941179950,Active,381.87,Found Duplicate,present,ALPHANUMERIC_IBAN,PROVIDED,PROVIDED
MCH8255,"Yadav, Goyal And Sem",5699,Apparel,Individual,Jalandhar,Punjab,2023-11-02,3847429821,Unknown,2733.83,Found Duplicate,present,VALID_NUMERIC,PROVIDED,PROVIDED
MCH4965,"Shukla, Brahmbhatt And Natarajan",5699,Apparel,Individual,Pune,Maharashtra,2024-11-20,3036734144,Active,168.46,Unique,present,VALID_NUMERIC,PROVIDED,PROVIDED
MCH7533,"Boase, Krishnan And Tiwari",5699,Apparel,Partnership,Lucknow,Uttar Pradesh,2025-04-06,YYIV1816207811981,Active,0.1221,Unique,present,ALPHANUMERIC_IBAN,PROVIDED,PROVIDED
MCH6465,Mody Ltd,5699,Apparel,Sole Proprietorship,Chennai,Tamil Nadu,2025-03-01,,Suspended,0.307,Found Duplicate,present,MISSING,PROVIDED,PROVIDED
MCH5523,Behl Inc,5699,Apparel,Individual,Lucknow,Uttar Pradesh,2025-06-15,GIRV9312114208892,Active,2946.06,Unique,present,ALPHANUMERIC_IBAN,PROVIDED,PROVIDED
MCH9253,Gole Llc,5699,Apparel,Sole Proprietorship,Amritsar,Punjab,2024-05-09,XXXX9261,Active,1349.23,Unique,present,MASKED,PROVIDED,PROVIDED
MCH9068,Halder Plc,5699,Apparel,Private Limited,Jalandhar,Punjab,2023-10-08,3161253540,Active,5193.72,Found Duplicate,present,VALID_NUMERIC,PROVIDED,PROVIDED
MCH6530,Muni Rout,5699,Apparel,Individual,Pune,Maharashtra,2023-10-15,3811526471,Active,938.29,Found Duplicate,present,VALID_NUMERIC,PROVIDED,PROVIDED
MCH4299,Master Plc,5699,Apparel,Private Limited,Delhi,Delhi,2023-05-31,XXXX0419,Active,3539.65,Unique,present,MASKED,PROVIDED,PROVIDED
MCH2588,Datta Inc,5699,Apparel,Private Limited,Jaipur,Rajasthan,2024-09-28,XXXX7714,Unknown,311.95,Found Duplicate,present,MASKED,PROVIDED,PROVIDED
MCH8060,"Bal, Garde And Puri",5699,Apparel,Private Limited,Kolkata,West Bengal,2024-12-06,XXXX9739,Active,1604.68,Found Duplicate,present,MASKED,PROVIDED,PROVIDED
MCH9528,Kibe Memon,5699,Apparel,Sole Proprietorship,Delhi,Delhi,2025-07-12,XXXX9874,Active,5399.84,Unique,present,MASKED,PROVIDED,PROVIDED
MCH7162,Ranganathan Chakraborty,5699,Apparel,Private Limited,Pune,Maharashtra,2025-02-17,LGPC8265918729531,Active,1830.64,Found Duplicate,present,ALPHANUMERIC_IBAN,PROVIDED,PROVIDED
MCH4808,Padmanabhan Pathak,5699,Apparel,Sole Proprietorship,Lucknow,Uttar Pradesh,2024-07-05,HSVX5052815662312,Inactive,262.16,Unique,present,ALPHANUMERIC_IBAN,PROVIDED,PROVIDED
MCH2384,"Savant, Kant And Chokshi",5699,Apparel,Partnership,Chennai,Tamil Nadu,2024-02-05,,Suspended,0.1196,Found Duplicate,present,MISSING,PROVIDED,PROVIDED
MCH1343,"Madan,Trivediandganguly",5699,Apparel,Individual,Bengaluru,Karnataka,2025-10-15,QSCH7195613672769,Active,1927.76,Found Duplicate,present,ALPHANUMERIC_IBAN,PROVIDED,PROVIDED
MCH3581,"Chadha, Sankaran And Pau",5699,Apparel,Partnership,Kolkata,West Bengal,2024-07-05,,Active,1036.37,Unique,present,MISSING,PROVIDED,MISSING_OR_INVALID
MCH7078,"Vasa, Gade And Viswanathan",5699,Apparel,Individual,Mumbai,Maharashtra,2025-08-17,XXXX5209,Unknown,660.73,Found Duplicate,present,MASKED,PROVIDED,PROVIDED
MCH1750,Sastry Chaudhari,5699,Apparel,Individual,Delhi,Delhi,2024-11-17,XXXX2201,Active,0.1155,Found Duplicate,present,MASKED,PROVIDED,PROVIDED
MCH2970,Golla Vora,5699,Apparel,Individual,Kolkata,West Bengal,2025-02-01,,Active,326.25,Unique,present,MISSING,PROVIDED,PROVIDED
MCH2770,"Deep, Ganguly And Solanki",5699,Apparel,Individual,Chennai,Tamil Nadu,2025-07-31,,Unknown,0.66,Found Duplicate,present,MISSING,PROVIDED,PROVIDED
MCH7661,Brahmbhatt And Sons,5699,Apparel,Individual,Jaipur,Rajasthan,2024-02-13,,Unknown,825.29,Found Duplicate,present,MISSING,PROVIDED,PROVIDED
MCH5493,"Choudhury, Nayak And Hayer",5699,Apparel,Individual,Jalandhar,Punjab,,CMBW9456641489708,Unknown,954.13,Found Duplicate,missing,ALPHANUMERIC_IBAN,PROVIDED,PROVIDED
MCH6372,G0Da And S0Ns,5699,Apparel,Individual,Chennai,Tamil Nadu,2024-05-14,WEUJ5834386997769,Active,515.6,Found Duplicate,present,ALPHANUMERIC_IBAN,PROVIDED,PROVIDED
MCH9134,Edwin Viswanathan,5699,Apparel,Sole Proprietorship,Jalandhar,Punjab,,,Active,1602.69,Unique,missing,MISSING,PROVIDED,PROVIDED
MCH2074,D’Alia Inc,5699,Apparel,Partnership,Jaipur,Rajasthan,2025-10-22,VRCT7941741947399,Active,1616.2,Found Duplicate,present,ALPHANUMERIC_IBAN,PROVIDED,PROVIDED
MCH8238,"Lala, Seth And Tak",5699,Apparel,Partnership,Jaipur,Rajasthan,2024-07-22,XXXX3627,Active,952.06,Unique,present,MASKED,PROVIDED,PROVIDED
MCH8926,Roy Nagarajan,5699,Apparel,Sole Proprietorship,Pune,Maharashtra,2023-11-05,,Inactive,217.41,Found Duplicate,present,MISSING,PROVIDED,PROVIDED
MCH6877,Jain Plc,5699,Apparel,Partnership,Delhi,Delhi,2023-11-23,,Active,3249.89,Found Duplicate,present,MISSING,PROVIDED,PROVIDED
MCH5849,Balakrishnan Ltd,5699,Apparel,Private Limited,Lucknow,Uttar Pradesh,2025-06-04,,Active,6558.56,Unique,present,MISSING,PROVIDED,PROVIDED
MCH9335,Shenoy Group,5699,Apparel,Partnership,Lucknow,Uttar Pradesh,2024-07-07,,Active,1203.23,Found Duplicate,present,MISSING,PROVIDED,PROVIDED
MCH3628,Mitra Ltd,5699,Apparel,Sole Proprietorship,Delhi,Delhi,2023-08-05,,Active,3214.64,Unique,present,MISSING,PROVIDED,PROVIDED
MCH9638,"Dara, Badami And Sen",5699,Apparel,Sole Proprietorship,Lucknow,Uttar Pradesh,2026-01-22,,Active,3649.35,Unique,present,MISSING,PROVIDED,PROVIDED
MCH4713,Sura Boase,5699,Apparel,Sole Proprietorship,Amritsar,Punjab,2023-12-04,,Active,1694.6,Unique,present,MISSING,PROVIDED,PROVIDED
MCH7383,"Srivastava, Venkataraman And Roy",5699,Apparel,Individual,Chennai,Tamil Nadu,2023-10-07,,Active,241.13,Found Duplicate,present,MISSING,PROVIDED,PROVIDED
MCH9164,Mital And Sons,5699,Apparel,Private Limited,Delhi,Delhi,2025-08-12,,Active,4681.79,Unique,present,MISSING,PROVIDED,PROVIDED
MCH2346,Palla Mannan,5699,Apparel,Partnership,Chennai,Tamil Nadu,2025-04-29,XXXX3607,Unknown,468.76,Unique,present,MASKED,PROVIDED,PROVIDED
MCH7233,Arora Llc,5699,Apparel,Individual,Ludhiana,Punjab,2025-10-11,1141889916,Active,2703.6,Found Duplicate,present,VALID_NUMERIC,PROVIDED,PROVIDED
MCH3311,"Agarwal, Bhandari And Varma",5699,Apparel,Individual,Lucknow,Uttar Pradesh,2023-10-16,6820052693,Active,1187.8,Found Duplicate,present,VALID_NUMERIC,PROVIDED,PROVIDED
MCH4551,Sura Group,5699,Apparel,Sole Proprietorship,Jalandhar,Punjab,2023-06-01,XXXX0235,Active,3287.63,Unique,present,MASKED,PROVIDED,PROVIDED
MCH9448,"Sant, Manda And Khurana",5699,Apparel,Partnership,Jalandhar,Punjab,2023-10-08,XXXX3103,Inactive,0.522,Unique,present,MASKED,PROVIDED,PROVIDED
MCH5847,Andra Tata,5699,Apparel,Private Limited,Jaipur,Rajasthan,2023-01-02,,Active,693.92,Found Duplicate,present,MISSING,PROVIDED,PROVIDED
MCH2710,Kohli Group,5699,Apparel,Partnership,Delhi,Delhi,2025-05-29,,Active,0.2106,Found Duplicate,present,MISSING,PROVIDED,PROVIDED
MCH8607,"Wali,Maneandthakur",5699,Apparel,Individual,Delhi,Delhi,2023-10-15,XXXX4911,Unknown,0.2981,Found Duplicate,present,MASKED,PROVIDED,PROVIDED
MCH8885,"Dhawan,Devanandchokshi",5699,Apparel,Individual,Delhi,Delhi,2025-09-12,,Active,1036.37,Unique,present,MISSING,PROVIDED,MISSING_OR_INVALID
MCH8039,"Kibe,Brahmbhattandjaggi",5699,Apparel,Sole Proprietorship,Pune,Maharashtra,2024-10-28,,Active,2282.53,Unique,present,MISSING,PROVIDED,PROVIDED
MCH6843,"Thakkar, Date And Balasubramanian",5699,Apparel,Individual,Mumbay,Maharashtra,2024-06-19,CATP2399171338860,Active,2750.74,Found Duplicate,present,ALPHANUMERIC_IBAN,PROVIDED,PROVIDED
MCH9725,Shan Llc,5699,Apparel,Individual,Lucknow,Uttar Pradesh,2024-12-20,4923079593,Unknown,2250.85,Unique,present,VALID_NUMERIC,PROVIDED,PROVIDED
MCH1086,Agrawal Sule,5699,Apparel,Individual,Ludhiana,Punjab,2023-11-13,,Active,1355.59,Unique,present,MISSING,PROVIDED,PROVIDED
MCH9897,Modi Plc,5699,Apparel,Individual,Delhi,Delhi,2023-06-01,,Active,1453.4,Unique,present,MISSING,PROVIDED,PROVIDED
MCH1567,Suresh Ltd,5699,Apparel,Individual,Chennai,Tamil Nadu,2024-08-12,XXXX6891,Active,3203.25,Found Duplicate,present,MASKED,PROVIDED,PROVIDED
MCH2494,Sane Ltd,5699,Apparel,Partnership,Amritsar,Punjab,,8156434201,Unknown,0.582,Unique,missing,VALID_NUMERIC,PROVIDED,PROVIDED
MCH6355,Dutt Plc,5699,Apparel,Private Limited,Bengaluru,Karnataka,2025-04-01,4977061313,Active,495.94,Unique,present,VALID_NUMERIC,PROVIDED,PROVIDED
MCH8518,Srivastava Parsa,5699,Apparel,Individual,Jaipur,Rajasthan,2024-09-11,,Active,191.84,Unique,present,MISSING,PROVIDED,PROVIDED
MCH3084,Mani Chowdhury,5699,Apparel,Partnership,Hyderabad,Telangana,2023-09-27,,Unknown,1594.62,Unique,present,MISSING,PROVIDED,PROVIDED
MCH3663,Saini Gaba,5699,Apparel,Sole Proprietorship,Jaipur,Rajasthan,2025-02-03,,Active,377.05,Found Duplicate,present,MISSING,PROVIDED,PROVIDED
MCH5113,Mani Buch,5699,Apparel,Partnership,Pune,Maharashtra,2025-11-04,XXXX7200,Active,2132.66,Unique,present,MASKED,PROVIDED,PROVIDED
MCH8775,Bakshi Shah,5699,Apparel,Partnership,Delhi,Delhi,2025-07-09,,Active,480.13,Unique,present,MISSING,PROVIDED,PROVIDED
MCH2040,"Balan, Sahota And Nagi",5699,Apparel,Sole Proprietorship,Kolkata,West Bengal,,,Active,0.409,Found Duplicate,missing,MISSING,PROVIDED,PROVIDED
MCH9636,Kibe Magar,5699,Apparel,Individual,Bengaluru,Karnataka,2023-08-21,SSYN5165458216497,Active,1341.04,Unique,present,ALPHANUMERIC_IBAN,PROVIDED,PROVIDED
MCH9943,Mukhopadhyay Kale,5699,Apparel,Private Limited,Amritsar,Punjab,2025-11-30,HLRA9462438432419,Unknown,2114.46,Unique,present,ALPHANUMERIC_IBAN,PROVIDED,PROVIDED
MCH9038,"Dara, Pai And Saxena",5699,Apparel,Sole Proprietorship,Ludhiana,Punjab,2024-04-18,0739300438,Active,2740.86,Found Duplicate,present,VALID_NUMERIC,PROVIDED,PROVIDED
MCH6121,"More, Sandhu And Dugar",5699,Apparel,Private Limited,Jalandhar,Punjab,2023-07-26,8169816022,Active,836.27,Found Duplicate,present,VALID_NUMERIC,PROVIDED,PROVIDED
MCH2289,Sinha Purohit,5699,Apparel,Sole Proprietorship,Lucknow,Uttar Pradesh,,4542627557,Suspended,2284.55,Found Duplicate,missing,VALID_NUMERIC,PROVIDED,PROVIDED
MCH1971,"Batta, Lal And Wason",5699,Apparel,Private Limited,Mumbai,Maharashtra,2025-10-12,,Active,854.92,Found Duplicate,present,MISSING,PROVIDED,PROVIDED
MCH6645,Kalla Ltd,5699,Apparel,Partnership,Amritsar,Punjab,2023-01-29,CBQP9610741406951,Active,329.87,Found Duplicate,present,ALPHANUMERIC_IBAN,PROVIDED,PROVIDED
MCH9718,Bumb Plc,5699,Apparel,Private Limited,Jalandhar,Punjab,,XXXX7725,Active,1036.37,Found Duplicate,missing,MASKED,PROVIDED,MISSING_OR_INVALID
MCH3139,"Dhar, Kumar And Sawhney",5699,Apparel,Partnership,Pune,Maharashtra,2025-01-24,XXXX0682,Inactive,2338.9,Found Duplicate,present,MASKED,PROVIDED,PROVIDED
MCH9006,Chopra Sandhu,5699,Apparel,Partnership,Lucknow,Uttar Pradesh,2024-04-03,XXXX5629,Active,1365.03,Unique,present,MASKED,PROVIDED,PROVIDED
MCH9193,Ramachandran Rao,5699,Apparel,Individual,Bengaluru,Karnataka,2024-04-07,XXXX3147,Unknown,1693.53,Found Duplicate,present,MASKED,PROVIDED,PROVIDED
MCH1986,Vaidya Roy,5699,Apparel,Individual,Bengaluru,Karnataka,2026-01-19,,Active,1981.5,Found Duplicate,present,MISSING,PROVIDED,PROVIDED
MCH9867,Loyal And Sons,5699,Apparel,Partnership,Pune,Maharashtra,2023-05-16,,Active,1984.39,Found Duplicate,present,MISSING,PROVIDED,PROVIDED
MCH2995,Kurian Kumar,5699,Apparel,Individual,Amritsar,Punjab,2023-10-16,,Unknown,1036.37,Found Duplicate,present,MISSING,PROVIDED,MISSING_OR_INVALID
MCH2755,Wason And Sons,5699,Apparel,Partnership,Bengaluru,Karnataka,,,Active,3396.06,Found Duplicate,missing,MISSING,PROVIDED,PROVIDED
MCH1447,"Dara, Om And Chaudhry",5699,Apparel,Private Limited,Bengaluru,Karnataka,2023-04-29,NJHB3866390601882,Inactive,0.373,Found Duplicate,present,ALPHANUMERIC_IBAN,PROVIDED,PROVIDED
MCH9785,Nagarajan Plc,5699,Apparel,Individual,Mumbai,Maharashtra,2025-06-08,,Active,2709.78,Found Duplicate,present,MISSING,PROVIDED,PROVIDED
MCH8792,Chopra Nori,5699,Apparel,Private Limited,Lucknow,Uttar Pradesh,2025-09-01,XXXX7970,Active,793.52,Found Duplicate,present,MASKED,PROVIDED,PROVIDED
MCH3860,Sama Group,5699,Apparel,Sole Proprietorship,Chennai,Tamil Nadu,2023-10-03,,Active,448.66,Unique,present,MISSING,PROVIDED,PROVIDED
MCH6069,Krish Joshi,5699,Apparel,Private Limited,Amritsar,Punjab,2024-07-30,XXXX1701,Active,252.19,Unique,present,MASKED,PROVIDED,PROVIDED
MCH8958,Verma Biswas,5699,Apparel,Partnership,Amritsar,Punjab,2023-06-03,,Unknown,7196.61,Unique,present,MISSING,PROVIDED,PROVIDED
MCH7779,"Mane, Bassi And Samra",5699,Apparel,Partnership,Lucknow,Uttar Pradesh,2024-12-12,UAHK2726212156650,Active,1036.37,Unique,present,ALPHANUMERIC_IBAN,PROVIDED,MISSING_OR_INVALID
MCH2116,Chaudhari And Sons,5699,Apparel,Individual,Jaipur,Rajasthan,2023-02-09,XXXX7517,Unknown,947.14,Unique,present,MASKED,PROVIDED,PROVIDED
MCH7310,Mander Group,5699,Apparel,Partnership,Lucknow,Uttar Pradesh,2025-09-08,WNOZ8918272123966,Inactive,1987.96,Unique,present,ALPHANUMERIC_IBAN,PROVIDED,PROVIDED
MCH2574,Bala And Sons,5699,Apparel,Individual,Delhi,Delhi,,HZFE1194010260924,Suspended,197.23,Unique,missing,ALPHANUMERIC_IBAN,PROVIDED,PROVIDED
MCH1003,"Nayar, Batta And Barad",5699,Apparel,Private Limited,Chennai,Tamil Nadu,,,Active,792.91,Unique,missing,MISSING,PROVIDED,PROVIDED
MCH3625,Lall Inc,5699,Apparel,Individual,Kolkata,West Bengal,2023-07-16,8363629876,Inactive,691.1,Found Duplicate,present,VALID_NUMERIC,PROVIDED,PROVIDED
MCH9386,"Kothari,Santandloyal",5699,Apparel,Individual,Bengaluru,Karnataka,2023-04-01,XXXX0692,Active,0.2792,Found Duplicate,present,MASKED,PROVIDED,PROVIDED
MCH2894,Rege Baria,5699,Apparel,Private Limited,Delhi,Delhi,2024-12-22,XXXX3813,Unknown,2107.84,Found Duplicate,present,MASKED,PROVIDED,PROVIDED
MCH8725,"Shah, Krishna And Borra",5699,Apparel,Sole Proprietorship,Lucknow,Uttar Pradesh,2024-02-15,,Active,508.73,Found Duplicate,present,MISSING,PROVIDED,PROVIDED
MCH8346,Sawhney Pillai,5699,Apparel,Individual,Lucknow,Uttar Pradesh,2023-03-06,,Active,2613.63,Found Duplicate,present,MISSING,PROVIDED,PROVIDED
MCH4521,Raman Plc,5699,Apparel,Private Limited,Hyderabad,Telangana,2023-02-04,,Active,4397.68,Unique,present,MISSING,PROVIDED,PROVIDED
MCH9954,"Dutta, J0Ha1 And Char",5699,Apparel,Sole Proprietorship,Delhi,Delhi,2025-12-23,ERMO2255417001428,Unknown,3148.72,Found Duplicate,present,ALPHANUMERIC_IBAN,PROVIDED,PROVIDED
MCH5433,Subramanian Plc,5699,Apparel,Partnership,Ludhiana,Punjab,2024-07-06,XXXX5051,Active,673.68,Unique,present,MASKED,PROVIDED,PROVIDED
MCH7759,"Sankaran, Patel And Narain",5699,Apparel,Sole Proprietorship,Kolkata,West Bengal,2025-10-15,EADV1032511266518,Active,1036.37,Unique,present,ALPHANUMERIC_IBAN,PROVIDED,MISSING_OR_INVALID
MCH8391,Talwar Bhasin,5699,Apparel,Individual,Ludhiana,Punjab,2025-10-21,9793728885,Active,0.2052,Unique,present,VALID_NUMERIC,PROVIDED,PROVIDED
MCH5001,Prabhakar Badami,5699,Apparel,Sole Proprietorship,Kolkata,West Bengal,2023-03-12,GTJY4648425755583,Active,4621.27,Found Duplicate,present,ALPHANUMERIC_IBAN,PROVIDED,PROVIDED
MCH1917,"Chowdhury, Krishna And Rajagopal",5699,Apparel,Sole Proprietorship,Amritsar,Punjab,2024-10-20,,Suspended,909.84,Found Duplicate,present,MISSING,PROVIDED,PROVIDED
MCH7723,"Pandya, Barman And Biswas",5699,Apparel,Private Limited,Ludhiana,Punjab,2025-01-06,MLMI7440738115367,Active,3268.86,Unique,present,ALPHANUMERIC_IBAN,PROVIDED,PROVIDED
MCH6246,Zachariah Group,5699,Apparel,Individual,Chennai,Tamil Nadu,2025-06-16,,Unknown,1510.7,Found Duplicate,present,MISSING,PROVIDED,PROVIDED
MCH3662,Banerjee Llc,5699,Apparel,Individual,Hyderabad,Telangana,2024-03-15,,Inactive,0.1998,Found Duplicate,present,MISSING,PROVIDED,PROVIDED
MCH2131,Boase Varghese,5699,Apparel,Sole Proprietorship,Pune,Maharashtra,2025-03-29,,Active,2157.11,Unique,present,MISSING,PROVIDED,PROVIDED
MCH4786,Edwin Plc,5699,Apparel,Individual,Ludhiana,Punjab,2024-12-15,4903394968,Active,3435.22,Found Duplicate,present,VALID_NUMERIC,PROVIDED,PROVIDED
MCH9410,Sagar Chawla,5699,Apparel,Individual,Jalandhar,Punjab,2026-01-24,XXXX0534,Active,0.82,Found Duplicate,present,MASKED,PROVIDED,PROVIDED
MCH7428,Chand Inc,5699,Apparel,Individual,Bengaluru,Karnataka,2025-10-11,XXXX8001,Active,1254.86,Found Duplicate,present,MASKED,PROVIDED,PROVIDED
MCH8358,Sarna Singh,5699,Apparel,Sole Proprietorship,Amritsar,Punjab,2025-12-16,XXXX7799,Suspended,1645.07,Found Duplicate,present,MASKED,PROVIDED,PROVIDED
MCH7572,"Nori, Kibe And Das",5699,Apparel,Sole Proprietorship,Lucknow,Uttar Pradesh,2023-11-28,BLHB3138092170893,Active,0.87,Unique,present,ALPHANUMERIC_IBAN,PROVIDED,PROVIDED
MCH9793,Brar Ltd,5699,Apparel,Private Limited,Bengaluru,Karnataka,,4222281666,Active,198.68,Unique,missing,VALID_NUMERIC,PROVIDED,PROVIDED
MCH6421,Wadhwaltd,5699,Apparel,Sole Proprietorship,Bengaluru,Karnataka,2024-01-30,,Active,1782.12,Unique,present,MISSING,PROVIDED,PROVIDED
MCH7509,Narasimhan Naidu,5699,Apparel,Sole Proprietorship,Kolkata,West Bengal,2025-07-29,RUXH2213582281170,Active,1271.23,Unique,present,ALPHANUMERIC_IBAN,PROVIDED,PROVIDED
MCH6403,"Sahni, Kapur And Ganesh",5699,Apparel,Private Limited,Chennai,Tamil Nadu,2024-05-30,,Active,344.49,Unique,present,MISSING,PROVIDED,PROVIDED
MCH8899,Bedi And Sons,5699,Apparel,Private Limited,Kolkata,West Bengal,2025-02-25,XXXX6442,Suspended,1036.37,Unique,present,MASKED,PROVIDED,MISSING_OR_INVALID
MCH4319,Luthra D’Alia,5699,Apparel,Partnership,Chennai,Tamil Nadu,2024-07-23,,Unknown,5413.24,Found Duplicate,present,MISSING,PROVIDED,PROVIDED
MCH3898,Wadhwa Sahni,5699,Apparel,Private Limited,Ludhiana,Punjab,2025-08-05,,Unknown,1036.37,Unique,present,MISSING,PROVIDED,MISSING_OR_INVALID
MCH3094,Wag1E Thakkar,5699,Apparel,Individual,Bengaluru,Karnataka,2024-12-30,UIBH7195313053410,Unknown,1038.48,Found Duplicate,present,ALPHANUMERIC_IBAN,PROVIDED,PROVIDED
MCH8615,Anand Inc,5699,Apparel,Partnership,Chennai,Tamil Nadu,2024-11-02,NYLA3280465068444,Inactive,0.1493,Found Duplicate,present,ALPHANUMERIC_IBAN,PROVIDED,PROVIDED
MCH5705,Mukhopadhyay And Sons,5699,Apparel,Sole Proprietorship,Jalandhar,Punjab,2025-02-25,,Unknown,716.31,Found Duplicate,present,MISSING,PROVIDED,PROVIDED
MCH4613,"Batra, Devi And Buch",5699,Apparel,Individual,Delhi,Delhi,2023-10-03,6706330376,Inactive,3664.64,Found Duplicate,present,VALID_NUMERIC,PROVIDED,PROVIDED
MCH2694,Misra Plc,5699,Apparel,Individual,Pune,Maharashtra,,,Inactive,2669.29,Unique,missing,MISSING,PROVIDED,PROVIDED
MCH5563,"Dubey, Wali And Yadav",5699,Apparel,Sole Proprietorship,Kolkata,West Bengal,2024-01-28,5163059320,Active,0.2198,Unique,present,VALID_NUMERIC,PROVIDED,PROVIDED
MCH3980,Chadha Raval,5699,Apparel,Partnership,Bengaluru,Karnataka,2023-04-14,XXXX9643,Active,1323.06,Unique,present,MASKED,PROVIDED,PROVIDED
MCH5835,"Kanda, Saraf And Prashad",5699,Apparel,Sole Proprietorship,Jalandhar,Punjab,2023-03-06,,Unknown,622.64,Unique,present,MISSING,PROVIDED,PROVIDED
MCH4440,"Dey, Bala And Shan",5699,Apparel,Sole Proprietorship,Mumbai,Maharashtra,2023-01-04,FDNT8049485568761,Active,1036.37,Found Duplicate,present,ALPHANUMERIC_IBAN,PROVIDED,MISSING_OR_INVALID
MCH6716,Shan Plc,5699,Apparel,Partnership,Amritsar,Punjab,2025-09-07,XXXX2064,Unknown,1208.93,Unique,present,MASKED,PROVIDED,PROVIDED
MCH5740,Dayal Desai,5699,Apparel,Sole Proprietorship,Chennai,Tamil Nadu,2025-10-04,,Active,0.4887,Unique,present,MISSING,PROVIDED,PROVIDED
MCH9266,"Badami, Pathak And Nanda",5699,Apparel,Private Limited,Pune,Maharashtra,2024-10-09,3246654174,Active,157.82,Found Duplicate,present,VALID_NUMERIC,PROVIDED,PROVIDED
MCH5829,Mall Llc,5699,Apparel,Sole Proprietorship,Chennai,Tamil Nadu,2023-07-12,,Unknown,940.71,Found Duplicate,present,MISSING,PROVIDED,PROVIDED
MCH2742,"Vasa, Devan And Tandon",5699,Apparel,Individual,Mumbay,Maharashtra,2023-11-13,XXXX3213,Active,541.72,Found Duplicate,present,MASKED,PROVIDED,PROVIDED
MCH6519,"Dhar, Morar And Malhotra",5699,Apparel,Private Limited,Pune,Maharashtra,2023-05-15,XXXX0332,Active,445.06,Found Duplicate,present,MASKED,PROVIDED,PROVIDED
MCH5122,Garde Ltd,5699,Apparel,Partnership,Mumbai,Maharashtra,2024-06-09,GIIN6826016830316,Active,957.5,Found Duplicate,present,ALPHANUMERIC_IBAN,PROVIDED,PROVIDED
MCH1665,Salvi Group,5699,Apparel,Individual,Bengaluru,Karnataka,2025-11-30,KSUI6181238646481,Active,946.53,Unique,present,ALPHANUMERIC_IBAN,PROVIDED,PROVIDED
MCH7200,Madan Plc,5699,Apparel,Individual,Delhi,Delhi,2025-03-02,4050915455,Active,190.57,Unique,present,VALID_NUMERIC,PROVIDED,PROVIDED
MCH8101,"Jani, Varghese And Barman",5699,Apparel,Sole Proprietorship,Delhi,Delhi,,ZAGS9531645948920,Inactive,734.89,Unique,missing,ALPHANUMERIC_IBAN,PROVIDED,PROVIDED
MCH8422,Kakar Bera,5699,Apparel,Sole Proprietorship,Amritsar,Punjab,2025-10-03,XXXX1336,Active,661.76,Unique,present,MASKED,PROVIDED,PROVIDED
MCH4974,Krishna Plc,5699,Apparel,Individual,Kolkata,West Bengal,2023-04-18,3596123048,Suspended,1458.56,Unique,present,VALID_NUMERIC,PROVIDED,PROVIDED
MCH9559,Randhawa Mody,5699,Apparel,Sole Proprietorship,Amritsar,Punjab,2025-06-08,XXXX2517,Inactive,543.84,Unique,present,MASKED,PROVIDED,PROVIDED
MCH4947,"Dada, Shroff And Lall",5699,Apparel,Individual,Hyderabad,Telangana,2023-03-17,,Unknown,1747.23,Found Duplicate,present,MISSING,PROVIDED,PROVIDED
MCH2971,"Garg, Merchant And Kuruvilla",5699,Apparel,Individual,Ludhiana,Punjab,2024-08-28,,Active,205.16,Unique,present,MISSING,PROVIDED,PROVIDED
MCH7337,Nath Narayan,5699,Apparel,Individual,Hyderabad,Telangana,2024-07-28,,Active,3029.85,Found Duplicate,present,MISSING,PROVIDED,PROVIDED
MCH9319,Ladinc,5699,Apparel,Sole Proprietorship,Jalandhar,Punjab,2025-07-20,XXXX7774,Active,839.54,Found Duplicate,present,MASKED,PROVIDED,PROVIDED
MCH4214,"Mitra, Oak And Keer",5699,Apparel,Individual,Bengaluru,Karnataka,2024-12-02,,Active,1159.46,Unique,present,MISSING,PROVIDED,PROVIDED
MCH6394,Yogiinc,5699,Apparel,Private Limited,Kolkata,West Bengal,2023-10-20,,Active,1717.76,Unique,present,MISSING,PROVIDED,PROVIDED
MCH9112,Saini Sinha,5699,Apparel,Private Limited,Pune,Maharashtra,2024-03-08,,Active,1129.73,Found Duplicate,present,MISSING,PROVIDED,PROVIDED
MCH5477,Mahajan Ltd,5699,Apparel,Individual,Bengaluru,Karnataka,2025-09-01,CBRP2025489889025,Active,3690.89,Found Duplicate,present,ALPHANUMERIC_IBAN,PROVIDED,PROVIDED
MCH8631,Chaudhari Chhabra,5699,Apparel,Sole Proprietorship,Lucknow,Uttar Pradesh,2024-02-17,7902410971,Active,1011.95,Unique,present,VALID_NUMERIC,PROVIDED,PROVIDED
MCH9802,Contractor Keer,5699,Apparel,Individual,Delhi,Delhi,2024-04-08,6197117381,Active,1430.48,Found Duplicate,present,VALID_NUMERIC,PROVIDED,PROVIDED
MCH9180,Ramaswamyplc,5699,Apparel,Individual,Pune,Maharashtra,2025-08-08,,Suspended,1761.26,Found Duplicate,present,MISSING,PROVIDED,PROVIDED
MCH3917,Chowdhury Pandit,5699,Apparel,Private Limited,Hyderabad,Telangana,2023-04-02,XXXX2174,Inactive,445.99,Found Duplicate,present,MASKED,PROVIDED,PROVIDED
MCH3125,Din Dara,5699,Apparel,Partnership,Delhi,Delhi,2025-11-15,NBXZ1237892442741,Active,3672.47,Unique,present,ALPHANUMERIC_IBAN,PROVIDED,PROVIDED
MCH7127,"Chhabra, Dayal And Sood",5699,Apparel,Individual,Amritsar,Punjab,2024-06-05,7467986775,Active,0.1738,Found Duplicate,present,VALID_NUMERIC,PROVIDED,PROVIDED
MCH3530,Dugar Plc,5699,Apparel,Individual,Ludhiana,Punjab,2024-08-10,,Unknown,1036.37,Unique,present,MISSING,PROVIDED,MISSING_OR_INVALID
MCH7430,"Seshadri, Kakar And Sarin",5699,Apparel,Sole Proprietorship,Amritsar,Punjab,2024-08-07,BQCW3653569640830,Active,2698.18,Found Duplicate,present,ALPHANUMERIC_IBAN,PROVIDED,PROVIDED
MCH6617,Buch Group,5699,Apparel,Sole Proprietorship,Hyderabad,Telangana,2024-09-01,,Active,1759.15,Found Duplicate,present,MISSING,PROVIDED,PROVIDED
MCH2370,Mutti Sarma,5699,Apparel,Individual,Delhi,Delhi,2024-08-03,,Active,6053.56,Unique,present,MISSING,PROVIDED,PROVIDED
MCH1894,Shenoy Venkatesh,5699,Apparel,Individual,Delhi,Delhi,2024-09-16,CBAO3449497595676,Active,666.26,Found Duplicate,present,ALPHANUMERIC_IBAN,PROVIDED,PROVIDED
MCH2478,"Bala, Sane And Som",5699,Apparel,Sole Proprietorship,Hyderabad,Telangana,2023-02-15,QRPZ8741280654685,Active,911.53,Unique,present,ALPHANUMERIC_IBAN,PROVIDED,PROVIDED
MCH8561,"Swaminathan, Sa1Vi And Kant",5699,Apparel,Private Limited,Mumbai,Maharashtra,2025-04-19,PNGX7339881598856,Active,4447.81,Found Duplicate,present,ALPHANUMERIC_IBAN,PROVIDED,PROVIDED
MCH1168,"Dugal, Thaker And Rana",5699,Apparel,Partnership,Hyderabad,Telangana,2023-04-28,ZVAL3726006910876,Inactive,900.21,Found Duplicate,present,ALPHANUMERIC_IBAN,PROVIDED,PROVIDED
MCH7912,Sarma Arya,5699,Apparel,Private Limited,Lucknow,Uttar Pradesh,2025-01-01,ZNNS3870382152945,Active,1318.64,Found Duplicate,present,ALPHANUMERIC_IBAN,PROVIDED,PROVIDED
MCH8453,Manne Llc,5699,Apparel,Private Limited,Amritsar,Punjab,,,Active,0.397,Found Duplicate,missing,MISSING,PROVIDED,PROVIDED
MCH4191,"Mangal, Seshadri And Kakar",5699,Apparel,Private Limited,Pune,Maharashtra,2024-01-26,,Active,1192.21,Unique,present,MISSING,PROVIDED,PROVIDED
MCH1041,Pat1A S0M,5699,Apparel,Private Limited,Kolkata,West Bengal,2024-04-21,,Active,3701.53,Unique,present,MISSING,PROVIDED,PROVIDED
MCH7653,Mishra Llc,5699,Apparel,Individual,Jalandhar,Punjab,2025-04-30,CZKM6825233537936,Active,7064.16,Found Duplicate,present,ALPHANUMERIC_IBAN,PROVIDED,PROVIDED
MCH3099,Peri Parmer,5699,Apparel,Partnership,Delhi,Delhi,2024-06-22,,Active,2046.1,Unique,present,MISSING,PROVIDED,PROVIDED
MCH8470,"Garg, Suri And Sagar",5699,Apparel,Individual,Ludhiana,Punjab,2023-11-19,,Active,1036.37,Found Duplicate,present,MISSING,PROVIDED,MISSING_OR_INVALID
MCH7105,"Banerjee, Kurian And Bhatt",5699,Apparel,Sole Proprietorship,Amritsar,Punjab,2025-03-24,EDVM3800952600806,Active,265.52,Found Duplicate,present,ALPHANUMERIC_IBAN,PROVIDED,PROVIDED
MCH4526,"Mittal, Saha And Puri",5699,Apparel,Sole Proprietorship,Bengaluru,Karnataka,2025-06-19,,Active,893.38,Unique,present,MISSING,PROVIDED,PROVIDED
MCH7715,Patla Memon,5699,Apparel,Private Limited,Chennai,Tamil Nadu,2024-02-28,,Active,1669.66,Found Duplicate,present,MISSING,PROVIDED,PROVIDED
MCH5684,Arora Plc,5699,Apparel,Sole Proprietorship,Kolkata,West Bengal,2023-11-15,XXXX4030,Unknown,898.89,Found Duplicate,present,MASKED,PROVIDED,PROVIDED
MCH6454,Nagi Ch0Udhury,5699,Apparel,Private Limited,Bengaluru,Karnataka,2024-03-28,XXXX1525,Inactive,0.3116,Unique,present,MASKED,PROVIDED,PROVIDED
MCH2681,Mahajan And Sons,5699,Apparel,Sole Proprietorship,Bengaluru,Karnataka,2023-03-17,XXXX6222,Active,721.36,Found Duplicate,present,MASKED,PROVIDED,PROVIDED
MCH7366,"Shetty, Pa11 And Pi11Ay",5699,Apparel,Partnership,Delhi,Delhi,2024-01-14,,Unknown,1036.37,Found Duplicate,present,MISSING,PROVIDED,MISSING_OR_INVALID
MCH5914,Ku1Karni Deshmukh,5699,Apparel,Individual,Jaipur,Rajasthan,2025-04-24,,Active,386.71,Found Duplicate,present,MISSING,PROVIDED,PROVIDED
MCH5409,Buch Inc,5699,Apparel,Sole Proprietorship,Amritsar,Punjab,2023-04-03,VIYX5305249313484,Active,0.922,Unique,present,ALPHANUMERIC_IBAN,PROVIDED,PROVIDED
MCH1320,Babu Khatri,5699,Apparel,Individual,Kolkata,West Bengal,2023-11-24,XXXX8923,Active,1036.37,Found Duplicate,present,MASKED,PROVIDED,MISSING_OR_INVALID
MCH3272,Gera Group,5699,Apparel,Sole Proprietorship,Chennai,Tamil Nadu,2023-04-03,EMXM6349169987807,Active,2272.01,Unique,present,ALPHANUMERIC_IBAN,PROVIDED,PROVIDED
MCH6590,Handainc,5699,Apparel,Individual,Kolkata,West Bengal,2024-07-04,IRLC4441881574347,Unknown,2071.46,Unique,present,ALPHANUMERIC_IBAN,PROVIDED,PROVIDED
MCH3051,Hora Mahajan,5699,Apparel,Private Limited,Jaipur,Rajasthan,2023-04-03,,Active,3699.21,Unique,present,MISSING,PROVIDED,PROVIDED
MCH2786,Gola Inc,5699,Apparel,Partnership,Chennai,Tamil Nadu,2024-12-19,XXXX8423,Active,576.47,Found Duplicate,present,MASKED,PROVIDED,PROVIDED
MCH2713,Dayal Group,5699,Apparel,Individual,Pune,Maharashtra,2024-10-08,1734751668,Suspended,1199.07,Unique,present,VALID_NUMERIC,PROVIDED,PROVIDED
MCH9145,Chad Karpe,5699,Apparel,Partnership,Jaipur,Rajasthan,2024-08-11,XQWX8871352480351,Unknown,359.12,Found Duplicate,present,ALPHANUMERIC_IBAN,PROVIDED,PROVIDED
MCH9114,Narayan Kalita,5699,Apparel,Individual,Bengaluru,Karnataka,2025-03-08,PHUX7313608770713,Unknown,0.2471,Found Duplicate,present,ALPHANUMERIC_IBAN,PROVIDED,PROVIDED
MCH8132,Sami Balay,5699,Apparel,Private Limited,Bengaluru,Karnataka,2025-08-20,XXXX7576,Unknown,4139.52,Found Duplicate,present,MASKED,PROVIDED,PROVIDED
MCH8369,Samra Radhakrishnan,5699,Apparel,Sole Proprietorship,Bengaluru,Karnataka,2024-03-18,IECA0291676472161,Active,2175.82,Found Duplicate,present,ALPHANUMERIC_IBAN,PROVIDED,PROVIDED
MCH7871,"Mital, Palla And Saraf",5699,Apparel,Sole Proprietorship,Hyderabad,Telangana,2026-02-17,QSZR3521803060698,Active,2352.21,Unique,present,ALPHANUMERIC_IBAN,PROVIDED,PROVIDED
MCH4627,Barman Kashyap,5699,Apparel,Partnership,Pune,Maharashtra,2026-01-10,,Active,1852.01,Unique,present,MISSING,PROVIDED,PROVIDED
MCH5328,Kaur Group,5699,Apparel,Partnership,Lucknow,Uttar Pradesh,2025-04-07,,Active,0.1594,Found Duplicate,present,MISSING,PROVIDED,PROVIDED
MCH3331,"Shukla, Kadakia And Kata",5699,Apparel,Private Limited,Ludhiana,Punjab,2025-03-18,,Active,1008.43,Unique,present,MISSING,PROVIDED,PROVIDED
MCH3335,Choudhary Ltd,5699,Apparel,Partnership,Lucknow,Uttar Pradesh,2025-11-08,,Active,413.6,Unique,present,MISSING,PROVIDED,PROVIDED
MCH8271,Konda Bawa,5699,Apparel,Sole Proprietorship,Chennai,Tamil Nadu,2023-10-05,WSNV9244788716456,Active,1087.99,Unique,present,ALPHANUMERIC_IBAN,PROVIDED,PROVIDED
MCH4534,Bumb Ganguly,5699,Apparel,Partnership,Chennai,Tamil Nadu,2025-11-12,YNBM1819285405206,Unknown,1225.88,Unique,present,ALPHANUMERIC_IBAN,PROVIDED,PROVIDED
MCH9319,Cherian And Sons,5699,Apparel,Individual,Jaipur,Rajasthan,2025-03-07,XXXX4972,Active,1697.03,Found Duplicate,present,MASKED,PROVIDED,PROVIDED
MCH4288,Kashyap Purohit,5699,Apparel,Private Limited,Jaipur,Rajasthan,2025-10-08,,Unknown,262.02,Unique,present,MISSING,PROVIDED,PROVIDED
MCH9036,Cherian Llc,5699,Apparel,Sole Proprietorship,Ludhiana,Punjab,2023-05-17,XXXX5926,Active,928.81,Found Duplicate,present,MASKED,PROVIDED,PROVIDED
MCH3252,"Patel, Saran And Bala",5699,Apparel,Individual,Pune,Maharashtra,2023-06-18,4243165999,Active,1917.91,Unique,present,VALID_NUMERIC,PROVIDED,PROVIDED
MCH5422,Sawhney Llc,5699,Apparel,Sole Proprietorship,Kolkata,West Bengal,2024-08-08,MLTB5743748396701,Active,866.35,Unique,present,ALPHANUMERIC_IBAN,PROVIDED,PROVIDED
MCH6410,Dua Kara,5699,Apparel,Individual,Delhi,Delhi,,,Active,1003.3,Unique,missing,MISSING,PROVIDED,PROVIDED
MCH8159,Yogi Group,5699,Apparel,Individual,Kolkata,West Bengal,,,Suspended,8386.41,Found Duplicate,missing,MISSING,PROVIDED,PROVIDED
MCH5631,"Bhattacharyya, Behl And Barad",5699,Apparel,Sole Proprietorship,Bengaluru,Karnataka,2025-08-30,XXXX1656,Active,0.857,Found Duplicate,present,MASKED,PROVIDED,PROVIDED
MCH2535,Mody Grewal,5699,Apparel,Sole Proprietorship,Mumbai,Maharashtra,2026-11-02,XXXX4471,Active,1997.41,Found Duplicate,present,MASKED,PROVIDED,PROVIDED
MCH6477,Gopal Dewan,5699,Apparel,Sole Proprietorship,Mumbai,Maharashtra,2025-12-20,GNKM1008209861483,Active,1828.26,Unique,present,ALPHANUMERIC_IBAN,PROVIDED,PROVIDED
MCH2726,"Chawla, Tata And Chander",5699,Apparel,Partnership,Chennai,Tamil Nadu,2025-10-11,XXXX2870,Inactive,2102.32,Found Duplicate,present,MASKED,PROVIDED,PROVIDED
MCH3399,Muni And Sons,5699,Apparel,Private Limited,Amritsar,Punjab,2024-04-07,2117257070,Active,3737.76,Found Duplicate,present,VALID_NUMERIC,PROVIDED,PROVIDED
MCH4314,Deshmukh Ltd,5699,Apparel,Private Limited,Jalandhar,Punjab,,3021439858,Inactive,986.05,Unique,missing,VALID_NUMERIC,PROVIDED,PROVIDED
MCH5953,"Sandhu, Srinivas And Thakur",5699,Apparel,Private Limited,Amritsar,Punjab,2023-10-09,TMUQ0408880729796,Active,3101.03,Unique,present,ALPHANUMERIC_IBAN,PROVIDED,PROVIDED
MCH9706,"Mohan, Sahni And Doctor",5699,Apparel,Partnership,Lucknow,Uttar Pradesh,2023-10-26,,Unknown,1036.37,Unique,present,MISSING,PROVIDED,MISSING_OR_INVALID
MCH7337,Nath Narayan,5699,Apparel,Individual,Hyderabad,Telangana,2024-07-28,,Active,3029.85,Found Duplicate,present,MISSING,PROVIDED,PROVIDED
MCH2045,Nadig Bal,5699,Apparel,Private Limited,Pune,Maharashtra,2024-05-02,,Unknown,2363.1,Unique,present,MISSING,PROVIDED,PROVIDED
MCH7639,Dewan Ravi,5699,Apparel,Partnership,Kolkata,West Bengal,2023-07-31,XXXX1970,Active,545.41,Found Duplicate,present,MASKED,PROVIDED,PROVIDED
MCH5727,"Sandal, Deshmukh And Lata",5699,Apparel,Partnership,Bengaluru,Karnataka,2024-04-21,9631209751,Unknown,411.34,Unique,present,VALID_NUMERIC,PROVIDED,PROVIDED
MCH8805,Bose Inc,5699,Apparel,Individual,Ludhiana,Punjab,2024-10-07,,Active,6022.98,Unique,present,MISSING,PROVIDED,PROVIDED
MCH3319,"Jani, Tailor And Radhakrishnan",5699,Apparel,Sole Proprietorship,Jalandhar,Punjab,2024-08-26,IUQF4655993827398,Unknown,516.88,Unique,present,ALPHANUMERIC_IBAN,PROVIDED,PROVIDED
MCH4312,Dada Hari,5699,Apparel,Sole Proprietorship,Ludhiana,Punjab,2024-02-17,XXXX5151,Active,2174.33,Unique,present,MASKED,PROVIDED,PROVIDED
MCH5780,Tara Palan,5699,Apparel,Individual,Bengaluru,Karnataka,2024-01-11,,Active,1736.15,Found Duplicate,present,MISSING,PROVIDED,PROVIDED
MCH2238,Chakrabarti Lata,5699,Apparel,Individual,Amritsar,Punjab,2024-10-19,0636957365,Unknown,0.165,Unique,present,VALID_NUMERIC,PROVIDED,PROVIDED
MCH1636,Nigam Plc,5699,Apparel,Partnership,Delhi,Delhi,2024-06-13,,Unknown,2284.21,Found Duplicate,present,MISSING,PROVIDED,PROVIDED
MCH2188,"Sundaram, Prakash And Sheth",5699,Apparel,Sole Proprietorship,Hyderabad,Telangana,2025-02-11,,Active,778.36,Unique,present,MISSING,PROVIDED,PROVIDED
MCH1948,Prabhakar Kari,5699,Apparel,Sole Proprietorship,Mumbay,Maharashtra,2025-11-21,,Active,6392.07,Found Duplicate,present,MISSING,PROVIDED,PROVIDED
MCH8756,Warrior Inc,5699,Apparel,Private Limited,Jalandhar,Punjab,2023-10-04,9910438985,Unknown,1476.03,Found Duplicate,present,VALID_NUMERIC,PROVIDED,PROVIDED
MCH4754,"Chhabra, Setty And Srinivasan",5699,Apparel,Private Limited,Hyderabad,Telangana,2023-04-12,LSCG0121828291549,Inactive,2016.37,Found Duplicate,present,ALPHANUMERIC_IBAN,PROVIDED,PROVIDED
MCH6031,Chauhan Group,5699,Apparel,Individual,Hyderabad,Telangana,2024-12-13,XXXX4944,Active,0.654,Unique,present,MASKED,PROVIDED,PROVIDED
MCH6002,Ch0Kshi Kibe,5699,Apparel,Sole Proprietorship,Pune,Maharashtra,2023-05-17,,Active,864.81,Found Duplicate,present,MISSING,PROVIDED,PROVIDED
MCH4361,Shukla Venkatesh,5699,Apparel,Partnership,Pune,Maharashtra,2023-08-31,,Active,714.55,Found Duplicate,present,MISSING,PROVIDED,PROVIDED
MCH6409,Wason And Sons,5699,Apparel,Private Limited,Bengaluru,Karnataka,2024-10-07,TVOP0202048560476,Suspended,1111.14,Unique,present,ALPHANUMERIC_IBAN,PROVIDED,PROVIDED
MCH9918,"Jha, Kumer And Srivastava",5699,Apparel,Sole Proprietorship,Bengaluru,Karnataka,2024-01-16,UOAA2292690080709,Inactive,902.09,Found Duplicate,present,ALPHANUMERIC_IBAN,PROVIDED,PROVIDED
MCH2600,Prabhakar And Sons,5699,Apparel,Partnership,Kolkata,West Bengal,2024-12-17,1873277155,Active,1712.51,Unique,present,VALID_NUMERIC,PROVIDED,PROVIDED
MCH3371,Ganguly Group,5699,Apparel,Sole Proprietorship,Lucknow,Uttar Pradesh,2024-11-18,,Unknown,304.02,Found Duplicate,present,MISSING,PROVIDED,PROVIDED
MCH7955,"Andra, Oommen And Salvi",5699,Apparel,Partnership,Amritsar,Punjab,2023-02-02,XXXX5039,Active,2313.71,Found Duplicate,present,MASKED,PROVIDED,PROVIDED
MCH6671,Chandran Dada,5699,Apparel,Partnership,Amritsar,Punjab,2023-12-04,6648722960,Active,2579.5,Unique,present,VALID_NUMERIC,PROVIDED,PROVIDED
MCH4367,Sankaran Bhattacharyya,5699,Apparel,Partnership,Chennai,Tamil Nadu,2023-12-13,PBSG5651430183192,Active,1153.81,Found Duplicate,present,ALPHANUMERIC_IBAN,PROVIDED,PROVIDED
MCH3308,"Dhawan, Ranganathan And Luthra",5699,Apparel,Partnership,Amritsar,Punjab,2026-09-01,XXXX7835,Inactive,2438.38,Found Duplicate,present,MASKED,PROVIDED,PROVIDED
MCH2513,Bhallainc,5699,Apparel,Partnership,Amritsar,Punjab,2023-11-09,6553818868,Active,5544.37,Unique,present,VALID_NUMERIC,PROVIDED,PROVIDED
MCH4126,Sen Group,5699,Apparel,Individual,Jaipur,Rajasthan,2023-06-08,,Active,236.05,Found Duplicate,present,MISSING,PROVIDED,PROVIDED
MCH7981,"Singhal, Manne And Ray",5699,Apparel,Private Limited,Jalandhar,Punjab,2023-11-02,IOCQ7344534204502,Active,234.87,Unique,present,ALPHANUMERIC_IBAN,PROVIDED,PROVIDED
MCH6448,"Kara, Mahal And Borah",5699,Apparel,Individual,Chennai,Tamil Nadu,2025-02-02,2311602120,Suspended,2308.59,Found Duplicate,present,VALID_NUMERIC,PROVIDED,PROVIDED
MCH6165,"Chandran, Dey And Dalal",5699,Apparel,Private Limited,Delhi,Delhi,2025-08-29,CFEB4939576870397,Active,1513.56,Found Duplicate,present,ALPHANUMERIC_IBAN,PROVIDED,PROVIDED
MCH4538,Lad Ltd,5699,Apparel,Private Limited,Delhi,Delhi,2023-12-30,,Active,449.9,Unique,present,MISSING,PROVIDED,PROVIDED
MCH5122,K0Ta R0Y,5699,Apparel,Individual,Delhi,Delhi,2025-08-20,XXXX7270,Active,390.64,Found Duplicate,present,MASKED,PROVIDED,PROVIDED
MCH9107,Apte Pathak,5699,Apparel,Private Limited,Jalandhar,Punjab,2023-05-25,,Active,4111.02,Found Duplicate,present,MISSING,PROVIDED,PROVIDED
MCH8049,Balan Shah,5699,Apparel,Private Limited,Lucknow,Uttar Pradesh,2024-04-09,,Active,1036.37,Unique,present,MISSING,PROVIDED,MISSING_OR_INVALID
MCH7290,"Subramanian, B0Rde And Ba1Akrishnan",5699,Apparel,Individual,Lucknow,Uttar Pradesh,2023-03-17,IRWT0239440992204,Active,0.2695,Unique,present,ALPHANUMERIC_IBAN,PROVIDED,PROVIDED
MCH2525,"Nath, Gaba And Viswanathan",5699,Apparel,Individual,Mumbay,Maharashtra,2024-12-29,,Active,518.76,Found Duplicate,present,MISSING,PROVIDED,PROVIDED
MCH8551,Sule Ganesh,5699,Apparel,Individual,Kolkata,West Bengal,2023-03-15,ILTD6256269158206,Active,1452.12,Unique,present,ALPHANUMERIC_IBAN,PROVIDED,PROVIDED
MCH4136,Sehgal Plc,5699,Apparel,Partnership,Mumbai,Maharashtra,2024-07-30,,Active,2564.97,Unique,present,MISSING,PROVIDED,PROVIDED
MCH6102,Andra Sachar,5699,Apparel,Sole Proprietorship,Jaipur,Rajasthan,2023-12-12,,Active,926.97,Found Duplicate,present,MISSING,PROVIDED,PROVIDED
MCH2492,More Llc,5699,Apparel,Partnership,Jaipur,Rajasthan,2023-04-22,3899609403,Inactive,1036.37,Found Duplicate,present,VALID_NUMERIC,PROVIDED,MISSING_OR_INVALID
MCH2344,"Purohit, Rege And Patil",5699,Apparel,Private Limited,Jaipur,Rajasthan,,,Active,1036.37,Unique,missing,MISSING,PROVIDED,MISSING_OR_INVALID
MCH1853,Mukhopadhyay Inc,5699,Apparel,Individual,Amritsar,Punjab,2024-10-04,,Active,2522.93,Found Duplicate,present,MISSING,PROVIDED,PROVIDED
MCH3233,"Dada, Pingle And Date",5699,Apparel,Individual,Pune,Maharashtra,2025-11-23,,Inactive,5434.84,Unique,present,MISSING,PROVIDED,PROVIDED
MCH7773,Nath Parikh,5699,Apparel,Individual,Jaipur,Rajasthan,2025-08-09,XXXX0128,Active,544.16,Found Duplicate,present,MASKED,PROVIDED,PROVIDED
MCH2099,Atwal Group,5699,Apparel,Partnership,Mumbai,Maharashtra,2025-10-23,XXXX7789,Active,245.52,Found Duplicate,present,MASKED,PROVIDED,PROVIDED
MCH9107,"Devi, Chhabra And Sharaf",5699,Apparel,Sole Proprietorship,Pune,Maharashtra,2026-02-22,5670845997,Active,0.637,Found Duplicate,present,VALID_NUMERIC,PROVIDED,PROVIDED
MCH8980,"Peri, Karpe And Saraf",5699,Apparel,Sole Proprietorship,Jalandhar,Punjab,2024-10-24,XXXX9158,Active,277.5,Found Duplicate,present,MASKED,PROVIDED,PROVIDED
MCH4640,Choudhary Joshi,5699,Apparel,Partnership,Jaipur,Rajasthan,,GOPL6469934819715,Active,857.62,Unique,missing,ALPHANUMERIC_IBAN,PROVIDED,PROVIDED
MCH3268,Kadakia Rajan,5699,Apparel,Sole Proprietorship,Pune,Maharashtra,2024-11-16,,Active,2055.32,Unique,present,MISSING,PROVIDED,PROVIDED
MCH3637,"Lalla, Deep And Sama",5699,Apparel,Individual,Pune,Maharashtra,2023-05-27,GKWZ9818461335290,Active,560.03,Found Duplicate,present,ALPHANUMERIC_IBAN,PROVIDED,PROVIDED
MCH7305,Iyer Nagi,5699,Apparel,Individual,Mumbai,Maharashtra,2023-08-23,,Unknown,1967.89,Unique,present,MISSING,PROVIDED,PROVIDED
MCH9249,"Aggarwal, Agarwal And Naidu",5699,Apparel,Partnership,Chennai,Tamil Nadu,2025-12-23,XXXX8648,Active,3533.14,Unique,present,MASKED,PROVIDED,PROVIDED
MCH7912,Sarma Arya,5699,Apparel,Private Limited,Lucknow,Uttar Pradesh,2025-01-01,ZNNS3870382152945,Active,1318.64,Found Duplicate,present,ALPHANUMERIC_IBAN,PROVIDED,PROVIDED
MCH5586,Andra Sha,5699,Apparel,Private Limited,Amritsar,Punjab,2023-07-03,4565854983,Suspended,349.98,Unique,present,VALID_NUMERIC,PROVIDED,PROVIDED
MCH3029,Hegde Sood,5699,Apparel,Partnership,Ludhiana,Punjab,2023-11-30,TXOB9117990620646,Unknown,669.4,Found Duplicate,present,ALPHANUMERIC_IBAN,PROVIDED,PROVIDED
MCH3596,"S01Anki, Singha1 And S0Man",5699,Apparel,Individual,Jaipur,Rajasthan,2023-04-03,,Inactive,330.41,Found Duplicate,present,MISSING,PROVIDED,PROVIDED
MCH2495,"Sibal, Shankar And Malhotra",5699,Apparel,Individual,Bengaluru,Karnataka,2025-07-20,,Active,0.529,Found Duplicate,present,MISSING,PROVIDED,PROVIDED
MCH9930,Kale Llc,5699,Apparel,Sole Proprietorship,Jaipur,Rajasthan,,,Active,1917.92,Unique,missing,MISSING,PROVIDED,PROVIDED
MCH5918,Bora Rege,5699,Apparel,Partnership,Pune,Maharashtra,2024-09-23,USII8978521648386,Active,203.17,Unique,present,ALPHANUMERIC_IBAN,PROVIDED,PROVIDED
MCH4674,Sachar Loke,5699,Apparel,Private Limited,Jalandhar,Punjab,,,Active,1222.52,Unique,missing,MISSING,PROVIDED,PROVIDED
MCH7581,"Deshpande, Butala And Jain",5699,Apparel,Private Limited,Lucknow,Uttar Pradesh,2024-08-13,5640516477,Active,1036.37,Unique,present,VALID_NUMERIC,PROVIDED,MISSING_OR_INVALID
MCH3298,"Kurian, Sheth And Bains",5699,Apparel,Individual,Delhi,Delhi,2025-04-20,XXXX3758,Unknown,0.3789,Unique,present,MASKED,PROVIDED,PROVIDED
MCH6113,Tara Kala,5699,Apparel,Private Limited,Amritsar,Punjab,,,Active,915.2,Found Duplicate,missing,MISSING,PROVIDED,PROVIDED
MCH9521,"Soni, Bal And Thaman",5699,Apparel,Partnership,Ludhiana,Punjab,2023-04-05,,Inactive,0.155,Unique,present,MISSING,PROVIDED,PROVIDED
MCH7614,Waliltd,5699,Apparel,Individual,Mumbai,Maharashtra,2023-07-03,BEBD9243619313229,Active,0.969,Found Duplicate,present,ALPHANUMERIC_IBAN,PROVIDED,PROVIDED
MCH6190,Pal Ltd,5699,Apparel,Private Limited,Ludhiana,Punjab,2023-03-01,,Active,376.59,Unique,present,MISSING,PROVIDED,PROVIDED
MCH7839,Mahajan Bhasin,5699,Apparel,Partnership,Amritsar,Punjab,2023-06-03,XXXX8814,Active,4413.06,Found Duplicate,present,MASKED,PROVIDED,PROVIDED
MCH1309,"Jhaveri, Dasgupta And Kata",5699,Apparel,Individual,Mumbai,Maharashtra,2023-09-20,XXXX1715,Active,929.23,Unique,present,MASKED,PROVIDED,PROVIDED
MCH9410,Sagar Chawla,5699,Apparel,Individual,Jalandhar,Punjab,2026-01-24,XXXX0534,Active,0.82,Found Duplicate,present,MASKED,PROVIDED,PROVIDED
MCH1269,Shukla Plc,5699,Apparel,Individual,Hyderabad,Telangana,2025-03-03,,Active,1758.28,Unique,present,MISSING,PROVIDED,PROVIDED
MCH7340,Devi And Sons,5699,Apparel,Partnership,Kolkata,West Bengal,2024-01-09,1367853568,Active,1101.37,Unique,present,VALID_NUMERIC,PROVIDED,PROVIDED
MCH1219,Buta1A Ltd,5699,Apparel,Sole Proprietorship,Lucknow,Uttar Pradesh,2025-10-23,1736220262,Active,1046.51,Found Duplicate,present,VALID_NUMERIC,PROVIDED,PROVIDED
MCH2842,Anne Ltd,5699,Apparel,Partnership,Delhi,Delhi,2023-03-04,,Unknown,1642.14,Found Duplicate,present,MISSING,PROVIDED,PROVIDED
MCH6429,Doshi Group,5699,Apparel,Sole Proprietorship,Amritsar,Punjab,2025-10-15,YIYE8202990184325,Active,369.26,Unique,present,ALPHANUMERIC_IBAN,PROVIDED,PROVIDED
MCH9732,Pal Kaur,5699,Apparel,Individual,Jalandhar,Punjab,2023-06-25,2545195064,Active,1508.45,Found Duplicate,present,VALID_NUMERIC,PROVIDED,PROVIDED
MCH4874,"Chanda, Bahl And Kohli",5699,Apparel,Sole Proprietorship,Mumbai,Maharashtra,2024-12-02,,Active,709.03,Unique,present,MISSING,PROVIDED,PROVIDED
MCH6519,Mane Madan,5699,Apparel,Partnership,Ludhiana,Punjab,2024-12-25,,Active,978.4,Found Duplicate,present,MISSING,PROVIDED,PROVIDED
MCH2033,"Munshi, Sundaram And Bhasin",5699,Apparel,Private Limited,Pune,Maharashtra,2025-09-30,XXXX3680,Active,294.83,Unique,present,MASKED,PROVIDED,PROVIDED
MCH5737,"Barad, Majumdar And Barad",5699,Apparel,Private Limited,Jaipur,Rajasthan,2025-12-18,,Active,589.94,Found Duplicate,present,MISSING,PROVIDED,PROVIDED
MCH5898,Virk Mani,5699,Apparel,Partnership,Delhi,Delhi,2025-08-23,1987474945,Active,2502.05,Found Duplicate,present,VALID_NUMERIC,PROVIDED,PROVIDED
MCH2503,Chatterjee Saran,5699,Apparel,Individual,Jalandhar,Punjab,2024-08-14,XXXX3264,Active,1760.1,Found Duplicate,present,MASKED,PROVIDED,PROVIDED
MCH3510,Sankaran Inc,5699,Apparel,Individual,Hyderabad,Telangana,2026-02-18,9848495819,Inactive,0.2317,Unique,present,VALID_NUMERIC,PROVIDED,PROVIDED
MCH9063,"Bhatt, Sabharwal And Devi",5699,Apparel,Sole Proprietorship,Kolkata,West Bengal,2023-09-10,XXXX6663,Inactive,1036.37,Unique,present,MASKED,PROVIDED,MISSING_OR_INVALID
MCH1657,"Kaur, Sandhu And Shanker",5699,Apparel,Private Limited,Mumbai,Maharashtra,2025-01-14,,Active,1224.96,Unique,present,MISSING,PROVIDED,PROVIDED
MCH9472,Sankaran Om,5699,Apparel,Private Limited,Delhi,Delhi,2023-06-03,OYDX9439754020828,Inactive,4710.1,Unique,present,ALPHANUMERIC_IBAN,PROVIDED,PROVIDED
MCH5855,"Rajagopalan,Muniandprasad",5699,Apparel,Partnership,Jalandhar,Punjab,2023-09-08,,Active,115.41,Unique,present,MISSING,PROVIDED,PROVIDED
MCH5785,Vohra Inc,5699,Apparel,Partnership,Mumbai,Maharashtra,2023-06-25,6460565959,Active,1694.59,Unique,present,VALID_NUMERIC,PROVIDED,PROVIDED
MCH5551,Narain Goda,5699,Apparel,Private Limited,Mumbai,Maharashtra,2026-09-01,,Active,817.05,Unique,present,MISSING,PROVIDED,PROVIDED
MCH9640,"Jain, Sant And Oak",5699,Apparel,Individual,Bengaluru,Karnataka,,4751326262,Active,714.89,Found Duplicate,missing,VALID_NUMERIC,PROVIDED,PROVIDED
MCH2020,Prabhu Kar,5699,Apparel,Private Limited,Jalandhar,Punjab,2025-03-15,XXXX1985,Suspended,2649.5,Found Duplicate,present,MASKED,PROVIDED,PROVIDED
MCH7517,"Banik, Kamdar And Dada",5699,Apparel,Individual,Amritsar,Punjab,2025-07-20,YYXV9001319720217,Active,2046.69,Unique,present,ALPHANUMERIC_IBAN,PROVIDED,PROVIDED
MCH9291,"Mukhopadhyay, Dua And Dada",5699,Apparel,Sole Proprietorship,Delhi,Delhi,2023-12-24,4794994318,Active,0.875,Found Duplicate,present,VALID_NUMERIC,PROVIDED,PROVIDED
MCH4540,Nadig Llc,5699,Apparel,Partnership,Mumbai,Maharashtra,2024-03-02,,Active,0.7331,Unique,present,MISSING,PROVIDED,PROVIDED
MCH4765,Madan Pandey,5699,Apparel,Sole Proprietorship,Hyderabad,Telangana,2025-12-03,XXXX6725,Active,1004.95,Found Duplicate,present,MASKED,PROVIDED,PROVIDED
MCH1982,"Behl, Jayaraman And Divan",5699,Apparel,Sole Proprietorship,Mumbai,Maharashtra,2025-09-10,,Active,298.94,Unique,present,MISSING,PROVIDED,PROVIDED
MCH8435,Bajwa Sandhu,5699,Apparel,Individual,Jaipur,Rajasthan,2024-08-11,XRHA7493996842867,Active,5825.04,Unique,present,ALPHANUMERIC_IBAN,PROVIDED,PROVIDED
MCH5927,"Hayer, Palla And Ganesh",5699,Apparel,Private Limited,Lucknow,Uttar Pradesh,2024-06-16,,Active,3764.09,Unique,present,MISSING,PROVIDED,PROVIDED
MCH6519,Mane Madan,5699,Apparel,Partnership,Ludhiana,Punjab,2024-12-25,,Active,978.4,Found Duplicate,present,MISSING,PROVIDED,PROVIDED
MCH8782,Swamy Khurana,5699,Apparel,Sole Proprietorship,Amritsar,Punjab,2025-04-29,,Active,1314.55,Unique,present,MISSING,PROVIDED,PROVIDED
MCH1714,Kalita Group,5699,Apparel,Sole Proprietorship,Amritsar,Punjab,2024-03-31,XXXX3148,Active,3974.77,Found Duplicate,present,MASKED,PROVIDED,PROVIDED
MCH5494,Raja Ltd,5942,Books & Stationery,Partnership,Ludhiana,Punjab,2025-07-19,XXXX2189,Unknown,209.91,Found Duplicate,present,MASKED,PROVIDED,PROVIDED
MCH1553,Basu Varma,5942,Books & Stationery,Sole Proprietorship,Kolkata,West Bengal,,,Active,0.163,Unique,missing,MISSING,PROVIDED,PROVIDED
MCH7192,Subramaniam And S0Ns,5942,Books & Stationery,Private Limited,Delhi,Delhi,2025-09-20,,Active,2702.97,Found Duplicate,present,MISSING,PROVIDED,PROVIDED
MCH1977,Chahal Kumer,5942,Books & Stationery,Sole Proprietorship,Kolkata,West Bengal,2025-09-01,XXXX3479,Active,0.897,Found Duplicate,present,MASKED,PROVIDED,PROVIDED
MCH2926,Sule Thaker,5942,Books & Stationery,Partnership,Bengaluru,Karnataka,2024-12-16,XXXX3557,Active,1590.53,Unique,present,MASKED,PROVIDED,PROVIDED
MCH6776,"Khanna, Kadakia And Hans",5942,Books & Stationery,Partnership,Jalandhar,Punjab,2024-12-16,,Active,7527.28,Found Duplicate,present,MISSING,PROVIDED,PROVIDED
MCH9963,Mahajan And S0Ns,5942,Books & Stationery,Partnership,Jaipur,Rajasthan,2025-01-19,7503956758,Active,7342.46,Unique,present,VALID_NUMERIC,PROVIDED,PROVIDED
MCH8146,Bath Purohit,5942,Books & Stationery,Sole Proprietorship,Delhi,Delhi,2025-04-28,XXXX1421,Active,5566.64,Unique,present,MASKED,PROVIDED,PROVIDED
MCH9121,Divan Char,5942,Books & Stationery,Partnership,Amritsar,Punjab,2025-02-18,YDYC9354203967320,Inactive,339.98,Unique,present,ALPHANUMERIC_IBAN,PROVIDED,PROVIDED
MCH2250,Borra And Sons,5942,Books & Stationery,Individual,Hyderabad,Telangana,2024-07-18,XXXX4935,Active,975.635,Found Duplicate,present,MASKED,PROVIDED,MISSING_OR_INVALID
MCH8268,Krishnamurthy Chopra,5942,Books & Stationery,Private Limited,Chennai,Tamil Nadu,2025-09-13,9959196450,Active,1218.95,Unique,present,VALID_NUMERIC,PROVIDED,PROVIDED
MCH9560,Kaul Plc,5942,Books & Stationery,Individual,Bengaluru,Karnataka,2024-10-24,XWSA3966243533864,Inactive,735.59,Found Duplicate,present,ALPHANUMERIC_IBAN,PROVIDED,PROVIDED
MCH1934,"Deol,Dugarandparmer",5942,Books & Stationery,Private Limited,Chennai,Tamil Nadu,2025-06-26,,Active,2520.96,Unique,present,MISSING,PROVIDED,PROVIDED
MCH3328,"Narang, Lal And Bhalla",5942,Books & Stationery,Sole Proprietorship,Kolkata,West Bengal,2024-10-20,XXXX6467,Active,3697.78,Found Duplicate,present,MASKED,PROVIDED,PROVIDED
MCH5269,Swaminathan Barman,5942,Books & Stationery,Sole Proprietorship,Pune,Maharashtra,2024-05-04,ZNGO2188869689395,Active,0.526,Found Duplicate,present,ALPHANUMERIC_IBAN,PROVIDED,PROVIDED
MCH3301,Reddy And Sons,5942,Books & Stationery,Partnership,Jaipur,Rajasthan,2023-06-25,5060880178,Active,2571.65,Unique,present,VALID_NUMERIC,PROVIDED,PROVIDED
MCH1865,Chandra Pandey,5942,Books & Stationery,Individual,Pune,Maharashtra,2025-11-15,,Active,3847.74,Unique,present,MISSING,PROVIDED,PROVIDED
MCH6843,Gupta Gr0Up,5942,Books & Stationery,Sole Proprietorship,Jaipur,Rajasthan,,WRES2664733004628,Active,825.48,Found Duplicate,missing,ALPHANUMERIC_IBAN,PROVIDED,PROVIDED
MCH3804,"Pingle, Choudhry And Sastry",5942,Books & Stationery,Sole Proprietorship,Delhi,Delhi,2025-10-13,,Unknown,729.5,Unique,present,MISSING,PROVIDED,PROVIDED
MCH5704,Bhardwaj And Sons,5942,Books & Stationery,Sole Proprietorship,Delhi,Delhi,2024-03-09,XXXX2621,Active,885.73,Found Duplicate,present,MASKED,PROVIDED,PROVIDED
MCH4605,Barad Plc,5942,Books & Stationery,Sole Proprietorship,Pune,Maharashtra,2025-06-02,XXXX1001,Active,5165.18,Unique,present,MASKED,PROVIDED,PROVIDED
MCH9994,"Barad, Lall And Shetty",5942,Books & Stationery,Partnership,Delhi,Delhi,2026-01-13,5940602579,Active,1588.48,Unique,present,VALID_NUMERIC,PROVIDED,PROVIDED
MCH6016,Goda Inc,5942,Books & Stationery,Sole Proprietorship,Kolkata,West Bengal,2025-07-21,FWRQ5490581831729,Active,1254.1,Found Duplicate,present,ALPHANUMERIC_IBAN,PROVIDED,PROVIDED
MCH7204,Thaman Ltd,5942,Books & Stationery,Individual,Jalandhar,Punjab,2023-09-05,,Active,0.937,Unique,present,MISSING,PROVIDED,PROVIDED
MCH9102,Sastry Wali,5942,Books & Stationery,Private Limited,Pune,Maharashtra,2025-06-30,WUTS6822135925592,Unknown,1846.0,Unique,present,ALPHANUMERIC_IBAN,PROVIDED,PROVIDED
MCH8297,Rai And Sons,5942,Books & Stationery,Partnership,Chennai,Tamil Nadu,2024-07-20,EMJO2764357164899,Active,618.85,Found Duplicate,present,ALPHANUMERIC_IBAN,PROVIDED,PROVIDED
MCH5896,Kale Group,5942,Books & Stationery,Individual,Hyderabad,Telangana,2023-07-21,3922466271,Active,533.74,Unique,present,VALID_NUMERIC,PROVIDED,PROVIDED
MCH4090,Panchal Gera,5942,Books & Stationery,Private Limited,Mumbay,Maharashtra,2023-11-23,XXXX0223,Inactive,976.5,Found Duplicate,present,MASKED,PROVIDED,PROVIDED
MCH2223,"Magar, Krishnamurthy And Maharaj",5942,Books & Stationery,Private Limited,Delhi,Delhi,,3527789859,Active,1565.53,Found Duplicate,missing,VALID_NUMERIC,PROVIDED,PROVIDED
MCH1751,"Keer, Dara And Gour",5942,Books & Stationery,Individual,Ludhiana,Punjab,2023-06-29,,Suspended,1719.3,Found Duplicate,present,MISSING,PROVIDED,PROVIDED
MCH3421,"Sandhu, Saxena And Talwar",5942,Books & Stationery,Sole Proprietorship,Delhi,Delhi,,XXXX6543,Suspended,1117.58,Unique,missing,MASKED,PROVIDED,PROVIDED
MCH9984,Samra And Sons,5942,Books & Stationery,Private Limited,Ludhiana,Punjab,2025-02-09,QLUY8246015665493,Active,983.46,Found Duplicate,present,ALPHANUMERIC_IBAN,PROVIDED,PROVIDED
MCH6630,"Kalla, Vyas And Lanka",5942,Books & Stationery,Sole Proprietorship,Jaipur,Rajasthan,,,Active,257.87,Unique,missing,MISSING,PROVIDED,PROVIDED
MCH2142,"Banerjee, Ghose And Parekh",5942,Books & Stationery,Sole Proprietorship,Delhi,Delhi,2024-08-23,VSPN0134800422309,Unknown,3367.02,Unique,present,ALPHANUMERIC_IBAN,PROVIDED,PROVIDED
MCH4530,"Mangal, Sehgal And Vohra",5942,Books & Stationery,Sole Proprietorship,Delhi,Delhi,,,Active,0.4172,Found Duplicate,missing,MISSING,PROVIDED,PROVIDED
MCH9778,"Chandra, Subramanian And Borde",5942,Books & Stationery,Private Limited,Bengaluru,Karnataka,2025-05-20,2832098556,Active,2313.1,Unique,present,VALID_NUMERIC,PROVIDED,PROVIDED
MCH8076,Seshadri Llc,5942,Books & Stationery,Partnership,Jaipur,Rajasthan,2025-02-21,,Inactive,4406.44,Found Duplicate,present,MISSING,PROVIDED,PROVIDED
MCH1651,Kumar Inc,5942,Books & Stationery,Sole Proprietorship,Mumbai,Maharashtra,2024-03-09,XXXX7749,Active,1249.76,Unique,present,MASKED,PROVIDED,PROVIDED
MCH7316,Tak Ltd,5942,Books & Stationery,Sole Proprietorship,Jaipur,Rajasthan,2024-05-26,AICM4314076152252,Active,688.43,Unique,present,ALPHANUMERIC_IBAN,PROVIDED,PROVIDED
MCH3672,Ramaswamy Plc,5942,Books & Stationery,Private Limited,Kolkata,West Bengal,2025-01-24,XXXX8500,Active,9848.33,Found Duplicate,present,MASKED,PROVIDED,PROVIDED
MCH7802,"Kapur, Sarna And Chandra",5942,Books & Stationery,Individual,Ludhiana,Punjab,2023-06-30,,Inactive,9218.28,Found Duplicate,present,MISSING,PROVIDED,PROVIDED
MCH6112,Luthra Grover,5942,Books & Stationery,Partnership,Jaipur,Rajasthan,2024-06-22,,Active,0.1366,Unique,present,MISSING,PROVIDED,PROVIDED
MCH3715,Bansal Inc,5942,Books & Stationery,Individual,Lucknow,Uttar Pradesh,2024-11-27,,Suspended,2025.81,Unique,present,MISSING,PROVIDED,PROVIDED
MCH4909,"Sharaf, Lalla And Rattan",5942,Books & Stationery,Sole Proprietorship,Kolkata,West Bengal,2025-02-16,5725440715,Suspended,650.04,Found Duplicate,present,VALID_NUMERIC,PROVIDED,PROVIDED
MCH4736,Suresh Gola,5942,Books & Stationery,Partnership,Mumbai,Maharashtra,2023-08-24,OCLG6376733151298,Active,885.16,Found Duplicate,present,ALPHANUMERIC_IBAN,PROVIDED,PROVIDED
MCH9744,Walia Inc,5942,Books & Stationery,Sole Proprietorship,Bengaluru,Karnataka,2024-06-24,XXXX8765,Active,574.28,Found Duplicate,present,MASKED,PROVIDED,PROVIDED
MCH2495,Solanki Llc,5942,Books & Stationery,Private Limited,Delhi,Delhi,2023-05-19,8034024153,Unknown,1374.43,Found Duplicate,present,VALID_NUMERIC,PROVIDED,PROVIDED
MCH2067,"Choudhry, Bhalla And Jaggi",5942,Books & Stationery,Individual,Jalandhar,Punjab,2023-03-11,,Inactive,952.93,Found Duplicate,present,MISSING,PROVIDED,PROVIDED
MCH4578,"Pancha1, Ch0Pra And Ma11",5942,Books & Stationery,Private Limited,Chennai,Tamil Nadu,2023-07-22,IFCV0550743259811,Inactive,2039.12,Found Duplicate,present,ALPHANUMERIC_IBAN,PROVIDED,PROVIDED
MCH5710,Karnik Ltd,5942,Books & Stationery,Partnership,Jaipur,Rajasthan,2025-12-24,4751773025,Active,2156.34,Unique,present,VALID_NUMERIC,PROVIDED,PROVIDED
MCH9258,Edwin Inc,5942,Books & Stationery,Partnership,Lucknow,Uttar Pradesh,2024-09-26,0028974564,Active,1647.77,Unique,present,VALID_NUMERIC,PROVIDED,PROVIDED
MCH4031,"Mitra, Bali And Rai",5942,Books & Stationery,Private Limited,Lucknow,Uttar Pradesh,2026-12-01,,Active,9089.26,Unique,present,MISSING,PROVIDED,PROVIDED
MCH4677,"Sethi, Bora And Karpe",5942,Books & Stationery,Individual,Pune,Maharashtra,,,Inactive,5089.5,Unique,missing,MISSING,PROVIDED,PROVIDED
MCH5957,Bose Plc,5942,Books & Stationery,Partnership,Jaipur,Rajasthan,2023-09-22,,Inactive,1309.17,Unique,present,MISSING,PROVIDED,PROVIDED
MCH5135,Swaminathan Kashyap,5942,Books & Stationery,Sole Proprietorship,Mumbay,Maharashtra,2024-01-22,RDNZ1508980329306,Active,727.31,Found Duplicate,present,ALPHANUMERIC_IBAN,PROVIDED,PROVIDED
MCH2154,"Chhabra, Walla And Ramakrishnan",5942,Books & Stationery,Sole Proprietorship,Ludhiana,Punjab,2023-10-28,,Inactive,0.1662,Found Duplicate,present,MISSING,PROVIDED,PROVIDED
MCH3974,"Mishra, Baral And Char",5942,Books & Stationery,Sole Proprietorship,Chennai,Tamil Nadu,2026-02-22,XXXX0042,Suspended,2017.65,Unique,present,MASKED,PROVIDED,PROVIDED
MCH2077,Sahota Inc,5942,Books & Stationery,Partnership,Lucknow,Uttar Pradesh,2024-01-09,BSBT5352705836134,Active,2058.18,Found Duplicate,present,ALPHANUMERIC_IBAN,PROVIDED,PROVIDED
MCH2529,Sheth Pal,5942,Books & Stationery,Individual,Lucknow,Uttar Pradesh,2023-08-23,2709901385,Active,1398.37,Unique,present,VALID_NUMERIC,PROVIDED,PROVIDED
MCH3696,"Pandya, Maharaj And Sundaram",5942,Books & Stationery,Individual,Pune,Maharashtra,2025-07-08,,Suspended,416.04,Unique,present,MISSING,PROVIDED,PROVIDED
MCH8832,Gour Ltd,5942,Books & Stationery,Individual,Pune,Maharashtra,2024-10-19,9524602047,Active,975.635,Found Duplicate,present,VALID_NUMERIC,PROVIDED,MISSING_OR_INVALID
MCH5825,Bhardwaj Sachdeva,5942,Books & Stationery,Partnership,Bengaluru,Karnataka,2024-05-17,,Active,1108.32,Unique,present,MISSING,PROVIDED,PROVIDED
MCH1138,"Shan,Buchandtank",5942,Books & Stationery,Sole Proprietorship,Bengaluru,Karnataka,2024-03-07,XXXX0724,Active,1369.64,Unique,present,MASKED,PROVIDED,PROVIDED
MCH6824,"Talwar, Ramesh And Hora",5942,Books & Stationery,Sole Proprietorship,Bengaluru,Karnataka,2023-09-10,XXXX8796,Active,3249.65,Unique,present,MASKED,PROVIDED,PROVIDED
MCH5036,Buch Inc,5942,Books & Stationery,Partnership,Chennai,Tamil Nadu,2023-02-02,9320708690,Active,1529.39,Found Duplicate,present,VALID_NUMERIC,PROVIDED,PROVIDED
MCH8656,Singh Plc,5942,Books & Stationery,Individual,Bengaluru,Karnataka,2024-06-09,RQTA6882310547982,Active,9885.11,Found Duplicate,present,ALPHANUMERIC_IBAN,PROVIDED,PROVIDED
MCH3705,Vig Ltd,5942,Books & Stationery,Individual,Chennai,Tamil Nadu,,,Unknown,1102.78,Found Duplicate,missing,MISSING,PROVIDED,PROVIDED
MCH6058,Loke Llc,5942,Books & Stationery,Sole Proprietorship,Amritsar,Punjab,,TMOY5327017538734,Active,317.07,Unique,missing,ALPHANUMERIC_IBAN,PROVIDED,PROVIDED
MCH9551,Chaudhry Vaidya,5942,Books & Stationery,Sole Proprietorship,Pune,Maharashtra,2023-04-23,XXXX2092,Active,1013.07,Found Duplicate,present,MASKED,PROVIDED,PROVIDED
MCH7564,"Mahal, Thaman And Dani",5942,Books & Stationery,Sole Proprietorship,Jalandhar,Punjab,2023-12-23,7935535958,Active,503.13,Unique,present,VALID_NUMERIC,PROVIDED,PROVIDED
MCH5235,Palla Inc,5942,Books & Stationery,Partnership,Bengaluru,Karnataka,2024-10-27,,Active,3807.5,Found Duplicate,present,MISSING,PROVIDED,PROVIDED
MCH2435,"Devi, Baral And Chander",5942,Books & Stationery,Sole Proprietorship,Mumbai,Maharashtra,,5760758509,Unknown,717.95,Found Duplicate,missing,VALID_NUMERIC,PROVIDED,PROVIDED
MCH3964,"Bala, Chanda And Loyal",5942,Books & Stationery,Partnership,Jaipur,Rajasthan,2023-09-05,CFOS0283411374388,Inactive,2002.33,Found Duplicate,present,ALPHANUMERIC_IBAN,PROVIDED,PROVIDED
MCH6854,Singh Pandya,5942,Books & Stationery,Partnership,Amritsar,Punjab,2023-07-22,,Active,0.353,Unique,present,MISSING,PROVIDED,PROVIDED
MCH3046,Walla Plc,5942,Books & Stationery,Private Limited,Jalandhar,Punjab,2023-12-03,DJCZ8193007555479,Suspended,6756.54,Unique,present,ALPHANUMERIC_IBAN,PROVIDED,PROVIDED
MCH3353,Sachar Ltd,5942,Books & Stationery,Private Limited,Jalandhar,Punjab,2023-06-06,,Inactive,0.446,Found Duplicate,present,MISSING,PROVIDED,PROVIDED
MCH1540,Dave Llc,5942,Books & Stationery,Sole Proprietorship,Mumbai,Maharashtra,2024-05-21,,Unknown,0.525,Found Duplicate,present,MISSING,PROVIDED,PROVIDED
MCH8795,Basak Bhavsar,5942,Books & Stationery,Sole Proprietorship,Jaipur,Rajasthan,2024-03-15,XXXX0185,Inactive,243.16,Unique,present,MASKED,PROVIDED,PROVIDED
MCH9128,"Vig, Menon And Prabhakar",5942,Books & Stationery,Sole Proprietorship,Delhi,Delhi,2023-08-30,ROAG7230893964425,Active,0.594,Unique,present,ALPHANUMERIC_IBAN,PROVIDED,PROVIDED
MCH1469,"Choudhury, Jani And Ramaswamy",5942,Books & Stationery,Sole Proprietorship,Bengaluru,Karnataka,2025-03-28,XXXX9996,Active,0.416,Unique,present,MASKED,PROVIDED,PROVIDED
MCH9803,Rastogi Ltd,5942,Books & Stationery,Partnership,Jaipur,Rajasthan,2025-01-29,,Unknown,3135.89,Unique,present,MISSING,PROVIDED,PROVIDED
MCH1561,Gera Kota,5942,Books & Stationery,Sole Proprietorship,Jaipur,Rajasthan,2024-06-15,8921681390,Inactive,0.53,Unique,present,VALID_NUMERIC,PROVIDED,PROVIDED
MCH8876,Narayanan And Sons,5942,Books & Stationery,Individual,Bengaluru,Karnataka,2025-12-10,XXXX5207,Inactive,2065.28,Found Duplicate,present,MASKED,PROVIDED,PROVIDED
MCH2993,"Dube, Yadav And Konda",5942,Books & Stationery,Individual,Jaipur,Rajasthan,2025-07-14,WWQW1736251351915,Unknown,2422.76,Unique,present,ALPHANUMERIC_IBAN,PROVIDED,PROVIDED
MCH2684,Barad Jaggi,5942,Books & Stationery,Sole Proprietorship,Delhi,Delhi,2024-04-13,VFSV6228720846838,Active,0.518,Unique,present,ALPHANUMERIC_IBAN,PROVIDED,PROVIDED
MCH8730,Banerjee Kapoor,5942,Books & Stationery,Sole Proprietorship,Amritsar,Punjab,,CQGQ8537716696051,Active,2386.59,Found Duplicate,missing,ALPHANUMERIC_IBAN,PROVIDED,PROVIDED
MCH4495,"Nadig, Gade And Jha",5942,Books & Stationery,Partnership,Hyderabad,Telangana,2024-10-05,,Active,1329.61,Unique,present,MISSING,PROVIDED,PROVIDED
MCH2310,Char Singhal,5942,Books & Stationery,Individual,Jaipur,Rajasthan,2025-09-08,,Active,1253.77,Found Duplicate,present,MISSING,PROVIDED,PROVIDED
MCH7403,"Raval, Hari And Khurana",5942,Books & Stationery,Individual,Chennai,Tamil Nadu,2023-07-12,,Active,697.8,Found Duplicate,present,MISSING,PROVIDED,PROVIDED
MCH7864,"Saini, Yohannan And Tank",5942,Books & Stationery,Individual,Ludhiana,Punjab,,9857461455,Active,1130.3,Found Duplicate,missing,VALID_NUMERIC,PROVIDED,PROVIDED
MCH1840,Chahal And Sons,5942,Books & Stationery,Sole Proprietorship,Ludhiana,Punjab,2026-02-06,XXXX9616,Active,0.764,Unique,present,MASKED,PROVIDED,PROVIDED
MCH8987,Mander Llc,5942,Books & Stationery,Private Limited,Pune,Maharashtra,2024-02-02,7115831556,Active,881.75,Unique,present,VALID_NUMERIC,PROVIDED,PROVIDED
MCH7556,Hayer Saini,5942,Books & Stationery,Individual,Chennai,Tamil Nadu,2024-01-24,,Active,975.635,Unique,present,MISSING,PROVIDED,MISSING_OR_INVALID
MCH3536,Shankar Group,5942,Books & Stationery,Partnership,Kolkata,West Bengal,2024-11-03,,Active,1640.82,Found Duplicate,present,MISSING,PROVIDED,PROVIDED
MCH2360,Bhakta Nazareth,5942,Books & Stationery,Private Limited,Jaipur,Rajasthan,2024-06-21,,Inactive,755.69,Unique,present,MISSING,PROVIDED,PROVIDED
MCH2579,More Inc,5942,Books & Stationery,Partnership,Jaipur,Rajasthan,2024-06-05,,Active,4068.74,Unique,present,MISSING,PROVIDED,PROVIDED
MCH1976,"Mutti, Sastry And Jha",5942,Books & Stationery,Private Limited,Amritsar,Punjab,2023-08-04,,Active,2928.73,Unique,present,MISSING,PROVIDED,PROVIDED
MCH1555,Raj Llc,5942,Books & Stationery,Individual,Pune,Maharashtra,2023-04-23,,Unknown,0.602,Unique,present,MISSING,PROVIDED,PROVIDED
MCH6326,"Barad,Murtyandtella",5942,Books & Stationery,Private Limited,Chennai,Tamil Nadu,2024-06-22,LQXK9607455160094,Active,671.62,Found Duplicate,present,ALPHANUMERIC_IBAN,PROVIDED,PROVIDED
MCH4643,Barad And Sons,5942,Books & Stationery,Individual,Ludhiana,Punjab,2025-05-18,5063903908,Suspended,3490.79,Found Duplicate,present,VALID_NUMERIC,PROVIDED,PROVIDED
MCH1630,Yogi Agate,5942,Books & Stationery,Partnership,Kolkata,West Bengal,2023-10-31,XXXX1041,Active,444.27,Unique,present,MASKED,PROVIDED,PROVIDED
MCH4460,Bumb Plc,5942,Books & Stationery,Private Limited,Chennai,Tamil Nadu,,XXXX4424,Unknown,696.95,Unique,missing,MASKED,PROVIDED,PROVIDED
MCH1358,Bhatia Sekhon,5942,Books & Stationery,Private Limited,Jaipur,Rajasthan,2025-01-05,XXXX4241,Active,1421.8,Found Duplicate,present,MASKED,PROVIDED,PROVIDED
MCH4672,Sandhu Llc,5942,Books & Stationery,Partnership,Bengaluru,Karnataka,,,Active,456.49,Unique,missing,MISSING,PROVIDED,PROVIDED
MCH6837,Oommen Thaker,5942,Books & Stationery,Individual,Jalandhar,Punjab,2025-11-10,6324216769,Active,1750.4,Found Duplicate,present,VALID_NUMERIC,PROVIDED,PROVIDED
MCH1973,"Walia, Khatri And Saha",5942,Books & Stationery,Sole Proprietorship,Lucknow,Uttar Pradesh,2025-11-16,2944514975,Unknown,975.635,Found Duplicate,present,VALID_NUMERIC,PROVIDED,MISSING_OR_INVALID
MCH5277,Kannan Deshmukh,5942,Books & Stationery,Private Limited,Lucknow,Uttar Pradesh,2025-09-26,,Inactive,4638.51,Unique,present,MISSING,PROVIDED,PROVIDED
MCH9298,Jain Ltd,5942,Books & Stationery,Sole Proprietorship,Bengaluru,Karnataka,2024-02-03,XXXX4996,Active,8519.11,Unique,present,MASKED,PROVIDED,PROVIDED
MCH2910,"Anand, Bhatia And Bora",5942,Books & Stationery,Partnership,Pune,Maharashtra,2024-07-27,,Active,759.28,Found Duplicate,present,MISSING,PROVIDED,PROVIDED
MCH7833,"Chopra, Baral And Hayre",5942,Books & Stationery,Sole Proprietorship,Hyderabad,Telangana,2023-02-10,,Suspended,0.648,Unique,present,MISSING,PROVIDED,PROVIDED
MCH9865,Minhas Plc,5942,Books & Stationery,Private Limited,Delhi,Delhi,2025-11-29,,Active,0.334,Unique,present,MISSING,PROVIDED,PROVIDED
MCH3964,"Bala, Chanda And Loyal",5942,Books & Stationery,Partnership,Jaipur,Rajasthan,2023-09-05,CFOS0283411374388,Unknown,2002.33,Found Duplicate,present,ALPHANUMERIC_IBAN,PROVIDED,PROVIDED
MCH3896,"Bansal, Thakkar And Dar",5942,Books & Stationery,Sole Proprietorship,Bengaluru,Karnataka,2023-04-20,HRLW3110428710394,Active,975.635,Unique,present,ALPHANUMERIC_IBAN,PROVIDED,MISSING_OR_INVALID
MCH3513,"Gade, Raghavan And Ben",5942,Books & Stationery,Individual,Chennai,Tamil Nadu,2024-07-21,EGJQ8131249829529,Inactive,1116.95,Unique,present,ALPHANUMERIC_IBAN,PROVIDED,PROVIDED
MCH1349,Verma Rastogi,5942,Books & Stationery,Partnership,Mumbai,Maharashtra,2024-12-30,0030472757,Suspended,1183.3,Found Duplicate,present,VALID_NUMERIC,PROVIDED,PROVIDED
MCH3142,"Dugar, Merchant And Kala",5942,Books & Stationery,Private Limited,Jaipur,Rajasthan,2024-01-01,CUQS1241290775925,Active,619.08,Unique,present,ALPHANUMERIC_IBAN,PROVIDED,PROVIDED
MCH3441,"Naidu, Nayar And Chand",5942,Books & Stationery,Partnership,Ludhiana,Punjab,2023-05-29,1623488849,Active,0.817,Unique,present,VALID_NUMERIC,PROVIDED,PROVIDED
MCH4737,"Aurora, Mallick And Dugar",5942,Books & Stationery,Individual,Jalandhar,Punjab,2024-08-27,XXXX5003,Inactive,0.489,Unique,present,MASKED,PROVIDED,PROVIDED
MCH5169,Kurian Narayan,5942,Books & Stationery,Individual,Jalandhar,Punjab,2024-06-01,7935605737,Active,1621.49,Unique,present,VALID_NUMERIC,PROVIDED,PROVIDED
MCH9276,Bandi Inc,5942,Books & Stationery,Private Limited,Jalandhar,Punjab,,3029302980,Unknown,2777.32,Found Duplicate,missing,VALID_NUMERIC,PROVIDED,PROVIDED
MCH8965,Lal And Sons,5942,Books & Stationery,Sole Proprietorship,Chennai,Tamil Nadu,2025-09-07,,Active,975.635,Found Duplicate,present,MISSING,PROVIDED,MISSING_OR_INVALID
MCH9957,"Choudhury, Doctor And Das",5942,Books & Stationery,Partnership,Jalandhar,Punjab,2023-03-15,XXXX1369,Active,975.635,Found Duplicate,present,MASKED,PROVIDED,MISSING_OR_INVALID
MCH7211,"Apte, Vasa And Batta",5942,Books & Stationery,Sole Proprietorship,Mumbai,Maharashtra,2024-11-18,,Active,0.1841,Found Duplicate,present,MISSING,PROVIDED,PROVIDED
MCH7991,Rastogi Plc,5942,Books & Stationery,Partnership,Mumbay,Maharashtra,,,Active,1076.7,Unique,missing,MISSING,PROVIDED,PROVIDED
MCH8432,Lad Inc,5942,Books & Stationery,Private Limited,Delhi,Delhi,2024-10-07,FRLI9065794513387,Active,394.7,Unique,present,ALPHANUMERIC_IBAN,PROVIDED,PROVIDED
MCH5225,"Bera, Guha And Narayan",5942,Books & Stationery,Individual,Hyderabad,Telangana,2025-08-16,AJUQ5177176562909,Active,975.635,Unique,present,ALPHANUMERIC_IBAN,PROVIDED,MISSING_OR_INVALID
MCH3369,Hans Llc,5942,Books & Stationery,Sole Proprietorship,Mumbay,Maharashtra,,YCNF1081951553349,Active,3188.62,Found Duplicate,missing,ALPHANUMERIC_IBAN,PROVIDED,PROVIDED
MCH6953,Khurana Prabhakar,5942,Books & Stationery,Partnership,Hyderabad,Telangana,2024-03-10,,Unknown,2749.21,Unique,present,MISSING,PROVIDED,PROVIDED
MCH5599,Peri Bhatti,5942,Books & Stationery,Individual,Mumbay,Maharashtra,2023-06-06,,Active,8103.17,Unique,present,MISSING,PROVIDED,PROVIDED
MCH7024,Gandhi Kunda,5942,Books & Stationery,Private Limited,Lucknow,Uttar Pradesh,2024-04-22,,Active,184.56,Unique,present,MISSING,PROVIDED,PROVIDED
MCH4216,Ratta And Sons,5942,Books & Stationery,Partnership,Jalandhar,Punjab,2023-10-07,XXXX5580,Active,1337.5,Unique,present,MASKED,PROVIDED,PROVIDED
MCH7162,"Sankar, Muni And Mandal",5942,Books & Stationery,Sole Proprietorship,Jalandhar,Punjab,2023-01-14,TTSV7753870906383,Active,4267.24,Found Duplicate,present,ALPHANUMERIC_IBAN,PROVIDED,PROVIDED
MCH9266,Nazareth Ltd,5942,Books & Stationery,Sole Proprietorship,Lucknow,Uttar Pradesh,2023-07-07,,Unknown,1049.97,Found Duplicate,present,MISSING,PROVIDED,PROVIDED
MCH7631,Doshi Verma,5942,Books & Stationery,Partnership,Kolkata,West Bengal,2024-01-27,,Active,2548.32,Found Duplicate,present,MISSING,PROVIDED,PROVIDED
MCH4030,Nayar Plc,5942,Books & Stationery,Private Limited,Amritsar,Punjab,2023-02-08,,Unknown,1079.32,Unique,present,MISSING,PROVIDED,PROVIDED
MCH5622,Solanki And Sons,5942,Books & Stationery,Individual,Bengaluru,Karnataka,2023-08-13,4391498742,Active,252.61,Found Duplicate,present,VALID_NUMERIC,PROVIDED,PROVIDED
MCH7252,"Krishnamurthy, Pandit And Mukherjee",5942,Books & Stationery,Sole Proprietorship,Hyderabad,Telangana,2025-08-01,0285621980,Active,1234.51,Unique,present,VALID_NUMERIC,PROVIDED,PROVIDED
MCH8200,Rai Bhargava,5942,Books & Stationery,Sole Proprietorship,Amritsar,Punjab,2023-07-19,,Active,443.44,Unique,present,MISSING,PROVIDED,PROVIDED
MCH4578,Bedi Llc,5942,Books & Stationery,Private Limited,Kolkata,West Bengal,2023-11-29,,Active,0.36,Found Duplicate,present,MISSING,PROVIDED,PROVIDED
MCH8033,Gole Group,5942,Books & Stationery,Private Limited,Jalandhar,Punjab,2025-05-22,3271616033,Active,1372.74,Found Duplicate,present,VALID_NUMERIC,PROVIDED,PROVIDED
MCH9460,"Oza, Balakrishnan And Kapoor",5942,Books & Stationery,Individual,Chennai,Tamil Nadu,,XXXX5842,Active,481.26,Unique,missing,MASKED,PROVIDED,PROVIDED
MCH7659,"Bali, Balan And Ramachandran",5942,Books & Stationery,Partnership,Delhi,Delhi,2023-10-04,XXXX6852,Active,0.1079,Found Duplicate,present,MASKED,PROVIDED,PROVIDED
MCH7185,Krishnamurthy Plc,5942,Books & Stationery,Sole Proprietorship,Jaipur,Rajasthan,2023-03-06,XXXX2381,Inactive,1581.12,Found Duplicate,present,MASKED,PROVIDED,PROVIDED
MCH8865,Wali Yogi,5942,Books & Stationery,Partnership,Pune,Maharashtra,,ADDY9100060907565,Active,0.1783,Unique,missing,ALPHANUMERIC_IBAN,PROVIDED,PROVIDED
MCH9375,"Bhalla, Koshy And Sule",5942,Books & Stationery,Individual,Ludhiana,Punjab,2023-07-28,XXXX7795,Inactive,924.32,Unique,present,MASKED,PROVIDED,PROVIDED
MCH4145,"Dalal, Dass And Vaidya",5942,Books & Stationery,Sole Proprietorship,Pune,Maharashtra,2025-09-16,PZMX8375142166938,Suspended,1294.48,Unique,present,ALPHANUMERIC_IBAN,PROVIDED,PROVIDED
MCH3177,"Shere, Pal And Kothari",5942,Books & Stationery,Private Limited,Jaipur,Rajasthan,2024-12-04,XXXX6075,Inactive,785.75,Found Duplicate,present,MASKED,PROVIDED,PROVIDED
MCH6020,Goda Ltd,5942,Books & Stationery,Sole Proprietorship,Lucknow,Uttar Pradesh,2025-09-01,XXXX5529,Unknown,2555.72,Unique,present,MASKED,PROVIDED,PROVIDED
MCH8592,Venkatesh Brahmbhatt,5942,Books & Stationery,Private Limited,Bengaluru,Karnataka,2023-11-29,XXXX8568,Active,2914.59,Found Duplicate,present,MASKED,PROVIDED,PROVIDED
MCH9067,Boase Sule,5942,Books & Stationery,Individual,Jalandhar,Punjab,2025-09-06,,Active,1045.82,Found Duplicate,present,MISSING,PROVIDED,PROVIDED
MCH4916,Rama Patel,5942,Books & Stationery,Individual,Delhi,Delhi,2025-06-24,XXXX0402,Active,2293.01,Unique,present,MASKED,PROVIDED,PROVIDED
MCH1525,Sant Bhavsar,5942,Books & Stationery,Individual,Jaipur,Rajasthan,2023-09-10,XXXX7524,Unknown,754.82,Unique,present,MASKED,PROVIDED,PROVIDED
MCH6090,Nigam Balakrishnan,5942,Books & Stationery,Partnership,Jalandhar,Punjab,2024-07-14,KPZR0795458662994,Active,0.3151,Found Duplicate,present,ALPHANUMERIC_IBAN,PROVIDED,PROVIDED
MCH4685,Mukhopadhyay Cheema,5942,Books & Stationery,Private Limited,Chennai,Tamil Nadu,2023-07-22,3857368814,Suspended,975.635,Found Duplicate,present,VALID_NUMERIC,PROVIDED,MISSING_OR_INVALID
MCH2975,"Bora, Mander And Dalal",5942,Books & Stationery,Sole Proprietorship,Chennai,Tamil Nadu,2023-09-05,,Inactive,3477.51,Unique,present,MISSING,PROVIDED,PROVIDED
MCH2981,Sami Sura,5942,Books & Stationery,Individual,Kolkata,West Bengal,2023-01-27,,Active,512.85,Found Duplicate,present,MISSING,PROVIDED,PROVIDED
MCH6977,Sathe Jha,5942,Books & Stationery,Individual,Lucknow,Uttar Pradesh,2023-08-06,XXXX2950,Active,1341.62,Unique,present,MASKED,PROVIDED,PROVIDED
MCH7679,"Bal, Ganesh And Malhotra",5942,Books & Stationery,Private Limited,Mumbai,Maharashtra,2025-12-15,OOXS0496924835573,Active,3308.0,Found Duplicate,present,ALPHANUMERIC_IBAN,PROVIDED,PROVIDED
MCH9338,D’Alia Mitter,5942,Books & Stationery,Partnership,Mumbai,Maharashtra,2025-07-01,,Active,604.36,Unique,present,MISSING,PROVIDED,PROVIDED
MCH8427,Lad Vora,5942,Books & Stationery,Private Limited,Jalandhar,Punjab,2025-03-30,YVUE5995024073682,Suspended,815.94,Found Duplicate,present,ALPHANUMERIC_IBAN,PROVIDED,PROVIDED
MCH8656,"Sarma, Krish And Ranganathan",5942,Books & Stationery,Sole Proprietorship,Kolkata,West Bengal,2025-02-04,ZBCP7467206635740,Active,975.635,Found Duplicate,present,ALPHANUMERIC_IBAN,PROVIDED,MISSING_OR_INVALID
MCH1323,Dhar And Sons,5942,Books & Stationery,Partnership,Amritsar,Punjab,,BGGB6995281283064,Active,3792.9,Unique,missing,ALPHANUMERIC_IBAN,PROVIDED,PROVIDED
MCH5050,Subramanian Dua,5942,Books & Stationery,Partnership,Pune,Maharashtra,2025-08-28,,Active,0.1506,Unique,present,MISSING,PROVIDED,PROVIDED
MCH7028,"Mohanty, Ray And Prabhu",5942,Books & Stationery,Individual,Hyderabad,Telangana,2024-03-22,,Active,0.174,Found Duplicate,present,MISSING,PROVIDED,PROVIDED
MCH5741,Uppal Group,5942,Books & Stationery,Individual,Mumbai,Maharashtra,2023-05-30,SZOY5586957641724,Active,975.635,Found Duplicate,present,ALPHANUMERIC_IBAN,PROVIDED,MISSING_OR_INVALID
MCH8673,"Bahl, Chopra And Jaggi",5942,Books & Stationery,Sole Proprietorship,Amritsar,Punjab,2024-11-16,,Active,1166.72,Found Duplicate,present,MISSING,PROVIDED,PROVIDED
MCH7356,"Divan, Rastogi And Prabhu",5942,Books & Stationery,Partnership,Lucknow,Uttar Pradesh,2025-07-22,8041409071,Active,306.91,Unique,present,VALID_NUMERIC,PROVIDED,PROVIDED
MCH8978,Talwarandsons,5942,Books & Stationery,Sole Proprietorship,Mumbai,Maharashtra,2023-05-23,,Active,4704.55,Unique,present,MISSING,PROVIDED,PROVIDED
MCH4454,"Raman, Mukherjee And Sinha",5942,Books & Stationery,Sole Proprietorship,Kolkata,West Bengal,2024-12-26,NRFQ4744687183200,Active,567.26,Found Duplicate,present,ALPHANUMERIC_IBAN,PROVIDED,PROVIDED
MCH8013,Thakkar Vohra,5942,Books & Stationery,Sole Proprietorship,Bengaluru,Karnataka,2024-06-08,8058369632,Active,975.635,Unique,present,VALID_NUMERIC,PROVIDED,MISSING_OR_INVALID
MCH7746,Suresh Atwal,5942,Books & Stationery,Sole Proprietorship,Amritsar,Punjab,2023-08-28,XXXX1031,Inactive,0.4023,Found Duplicate,present,MASKED,PROVIDED,PROVIDED
MCH9229,Anne Parikh,5942,Books & Stationery,Private Limited,Jaipur,Rajasthan,2025-10-23,,Inactive,173.81,Unique,present,MISSING,PROVIDED,PROVIDED
MCH4349,Atwal Sura,5942,Books & Stationery,Sole Proprietorship,Pune,Maharashtra,2025-12-21,ZQKH6444366746348,Unknown,463.78,Found Duplicate,present,ALPHANUMERIC_IBAN,PROVIDED,PROVIDED
MCH6100,"Pillay, Merchant And Sem",5942,Books & Stationery,Private Limited,Jalandhar,Punjab,2023-05-09,0672030590,Active,1374.95,Unique,present,VALID_NUMERIC,PROVIDED,PROVIDED
MCH8073,Prabhakar B0Ra,5942,Books & Stationery,Sole Proprietorship,Kolkata,West Bengal,2024-12-26,,Active,975.635,Found Duplicate,present,MISSING,PROVIDED,MISSING_OR_INVALID
MCH4556,Bhakta Inc,5942,Books & Stationery,Private Limited,Mumbai,Maharashtra,2026-02-03,,Unknown,881.89,Found Duplicate,present,MISSING,PROVIDED,PROVIDED
MCH7731,"Issac, Muni And Natt",5942,Books & Stationery,Individual,Hyderabad,Telangana,,XXXX4637,Active,236.08,Found Duplicate,missing,MASKED,PROVIDED,PROVIDED
MCH8529,Pradhan Plc,5942,Books & Stationery,Sole Proprietorship,Delhi,Delhi,2025-07-13,,Active,476.91,Found Duplicate,present,MISSING,PROVIDED,PROVIDED
MCH3577,"Dhawan, Bobal And Vala",5942,Books & Stationery,Sole Proprietorship,Lucknow,Uttar Pradesh,2025-01-26,VJHP2127047917402,Unknown,975.635,Found Duplicate,present,ALPHANUMERIC_IBAN,PROVIDED,MISSING_OR_INVALID
MCH3384,Bala Dhaliwal,5942,Books & Stationery,Individual,Mumbai,Maharashtra,,,Active,635.55,Found Duplicate,missing,MISSING,PROVIDED,PROVIDED
MCH7620,Narain Balasubramanian,5942,Books & Stationery,Private Limited,Chennai,Tamil Nadu,2025-02-14,2629867303,Unknown,2086.1,Found Duplicate,present,VALID_NUMERIC,PROVIDED,PROVIDED
MCH8654,Bal Rastogi,5942,Books & Stationery,Individual,Lucknow,Uttar Pradesh,,OIHN1833579743530,Inactive,619.2,Found Duplicate,missing,ALPHANUMERIC_IBAN,PROVIDED,PROVIDED
MCH6578,"Varty, Mutti And Banik",5942,Books & Stationery,Sole Proprietorship,Lucknow,Uttar Pradesh,2025-01-21,,Suspended,1771.19,Found Duplicate,present,MISSING,PROVIDED,PROVIDED
MCH1995,"Mand, Halder And Rajagopalan",5942,Books & Stationery,Partnership,Jaipur,Rajasthan,2024-04-04,COIS3057851068966,Inactive,158.78,Found Duplicate,present,ALPHANUMERIC_IBAN,PROVIDED,PROVIDED
MCH2149,"Doctor, Varughese And Hans",5942,Books & Stationery,Individual,Bengaluru,Karnataka,2025-05-07,XXXX2634,Unknown,3778.33,Found Duplicate,present,MASKED,PROVIDED,PROVIDED
MCH2169,"Munshi, Srinivas And Ramanathan",5942,Books & Stationery,Partnership,Chennai,Tamil Nadu,2024-07-09,,Active,351.61,Found Duplicate,present,MISSING,PROVIDED,PROVIDED
MCH5656,Sen Dube,5942,Books & Stationery,Partnership,Pune,Maharashtra,2024-05-03,XTPH3643560347441,Inactive,1139.41,Found Duplicate,present,ALPHANUMERIC_IBAN,PROVIDED,PROVIDED
MCH5110,"Deshpande, Verma And Shenoy",5942,Books & Stationery,Private Limited,Pune,Maharashtra,2024-11-11,,Inactive,555.9,Found Duplicate,present,MISSING,PROVIDED,PROVIDED
MCH9635,Konda Verma,5942,Books & Stationery,Individual,Chennai,Tamil Nadu,2023-10-09,BAID6365865587003,Active,4885.39,Found Duplicate,present,ALPHANUMERIC_IBAN,PROVIDED,PROVIDED
MCH9743,Sahota Krish,5942,Books & Stationery,Private Limited,Ludhiana,Punjab,2023-05-22,,Active,873.78,Unique,present,MISSING,PROVIDED,PROVIDED
MCH2772,Goyal Inc,5942,Books & Stationery,Individual,Delhi,Delhi,2023-04-22,,Inactive,478.58,Found Duplicate,present,MISSING,PROVIDED,PROVIDED
MCH4687,Goel Llc,5942,Books & Stationery,Individual,Lucknow,Uttar Pradesh,2023-01-30,BTTJ6615272024781,Unknown,0.82,Unique,present,ALPHANUMERIC_IBAN,PROVIDED,PROVIDED
MCH3616,Dua Group,5942,Books & Stationery,Private Limited,Lucknow,Uttar Pradesh,2026-02-24,CYIZ1339742109891,Active,975.635,Found Duplicate,present,ALPHANUMERIC_IBAN,PROVIDED,MISSING_OR_INVALID
MCH7095,"Sachdev, Sunder And Dalal",5942,Books & Stationery,Partnership,Mumbai,Maharashtra,2025-07-20,6394590196,Active,3937.6,Found Duplicate,present,VALID_NUMERIC,PROVIDED,PROVIDED
MCH1136,"Bahri, Kanda And Seth",5942,Books & Stationery,Private Limited,Chennai,Tamil Nadu,2023-07-17,XXXX4885,Active,896.84,Unique,present,MASKED,PROVIDED,PROVIDED
MCH7113,"Jain,Bhattiandsha",5942,Books & Stationery,Partnership,Chennai,Tamil Nadu,2025-07-30,XXXX9585,Suspended,1921.99,Unique,present,MASKED,PROVIDED,PROVIDED
MCH6707,Kari Ltd,5942,Books & Stationery,Sole Proprietorship,Bengaluru,Karnataka,2025-06-21,8891593046,Active,1949.47,Found Duplicate,present,VALID_NUMERIC,PROVIDED,PROVIDED
MCH9208,Lala Tiwari,5942,Books & Stationery,Partnership,Amritsar,Punjab,2023-05-17,,Inactive,338.09,Unique,present,MISSING,PROVIDED,PROVIDED
MCH2981,"Sachdeva, Iyer And Borra",5942,Books & Stationery,Individual,Kolkata,West Bengal,2023-07-19,1834855061,Active,841.65,Found Duplicate,present,VALID_NUMERIC,PROVIDED,PROVIDED
MCH6816,Muni Bakshi,5942,Books & Stationery,Private Limited,Mumbai,Maharashtra,2025-10-19,3427916602,Suspended,1412.92,Unique,present,VALID_NUMERIC,PROVIDED,PROVIDED
MCH7077,Raman And Sons,5942,Books & Stationery,Partnership,Chennai,Tamil Nadu,2023-12-07,YGME2321336279700,Active,359.0,Found Duplicate,present,ALPHANUMERIC_IBAN,PROVIDED,PROVIDED
MCH2144,Choudhary Kashyap,5942,Books & Stationery,Partnership,Ludhiana,Punjab,2024-08-13,XXXX3571,Unknown,350.72,Unique,present,MASKED,PROVIDED,PROVIDED
MCH8436,Sangha Plc,5942,Books & Stationery,Private Limited,Hyderabad,Telangana,2025-08-16,,Active,975.635,Found Duplicate,present,MISSING,PROVIDED,MISSING_OR_INVALID
MCH2556,"Zachariah, Manne And Bedi",5942,Books & Stationery,Partnership,Kolkata,West Bengal,2024-05-10,8663284555,Active,1248.82,Unique,present,VALID_NUMERIC,PROVIDED,PROVIDED
MCH1909,Murthy And Sons,5942,Books & Stationery,Sole Proprietorship,Pune,Maharashtra,2023-11-25,6570869272,Active,823.0,Unique,present,VALID_NUMERIC,PROVIDED,PROVIDED
MCH6152,Dasgupta Das,5942,Books & Stationery,Private Limited,Jaipur,Rajasthan,2024-10-26,XXXX8744,Active,344.11,Found Duplicate,present,MASKED,PROVIDED,PROVIDED
MCH4614,Badami Llc,5942,Books & Stationery,Partnership,Jaipur,Rajasthan,2025-04-02,3429375766,Active,4687.53,Found Duplicate,present,VALID_NUMERIC,PROVIDED,PROVIDED
MCH1298,"Raghavan,Reddyandsangha",5942,Books & Stationery,Sole Proprietorship,Hyderabad,Telangana,2025-04-28,XXXX0353,Active,364.92,Unique,present,MASKED,PROVIDED,PROVIDED
MCH4185,Khanna And S0Ns,5942,Books & Stationery,Private Limited,Pune,Maharashtra,2025-12-24,,Active,1148.06,Found Duplicate,present,MISSING,PROVIDED,PROVIDED
MCH8799,"Dada, Ramaswamy And Dugal",5942,Books & Stationery,Private Limited,Hyderabad,Telangana,2023-04-09,STYQ1453146869201,Suspended,2080.34,Found Duplicate,present,ALPHANUMERIC_IBAN,PROVIDED,PROVIDED
MCH1224,Setty Sami,5942,Books & Stationery,Individual,Kolkata,West Bengal,2023-02-09,7626814027,Active,609.48,Unique,present,VALID_NUMERIC,PROVIDED,PROVIDED
MCH8379,Deep Group,5942,Books & Stationery,Private Limited,Kolkata,West Bengal,2026-01-29,XXXX9737,Suspended,0.469,Found Duplicate,present,MASKED,PROVIDED,PROVIDED
MCH4236,Arora Plc,5942,Books & Stationery,Partnership,Amritsar,Punjab,2024-09-20,,Active,1427.88,Found Duplicate,present,MISSING,PROVIDED,PROVIDED
MCH9849,Jayaraman Inc,5942,Books & Stationery,Individual,Kolkata,West Bengal,2026-02-11,8602198402,Active,1659.94,Unique,present,VALID_NUMERIC,PROVIDED,PROVIDED
MCH3504,"Ram, Dora And Bhatti",5942,Books & Stationery,Individual,Pune,Maharashtra,2025-05-08,OOSJ0277155475198,Inactive,520.17,Unique,present,ALPHANUMERIC_IBAN,PROVIDED,PROVIDED
MCH8235,Konda Pillai,5942,Books & Stationery,Private Limited,Chennai,Tamil Nadu,2025-08-29,XXXX2371,Active,921.33,Unique,present,MASKED,PROVIDED,PROVIDED
MCH7362,Kothari Plc,5942,Books & Stationery,Private Limited,Pune,Maharashtra,2026-02-11,XXXX4121,Active,478.42,Found Duplicate,present,MASKED,PROVIDED,PROVIDED
MCH8949,"Srinivasan,Saxenaandkant",5942,Books & Stationery,Private Limited,Bengaluru,Karnataka,,XXXX6857,Inactive,1726.82,Unique,missing,MASKED,PROVIDED,PROVIDED
MCH2047,Ghose Kannan,5942,Books & Stationery,Sole Proprietorship,Lucknow,Uttar Pradesh,2025-05-24,,Active,1609.08,Found Duplicate,present,MISSING,PROVIDED,PROVIDED
MCH1774,"Sundaram, Dani And Mall",5942,Books & Stationery,Partnership,Lucknow,Uttar Pradesh,2024-08-23,XXXX1272,Active,10785.29,Found Duplicate,present,MASKED,PROVIDED,PROVIDED
MCH1364,Ba1 Gr0Up,5942,Books & Stationery,Sole Proprietorship,Lucknow,Uttar Pradesh,2025-02-21,,Active,2000.66,Found Duplicate,present,MISSING,PROVIDED,PROVIDED
MCH9311,Sathe Group,5942,Books & Stationery,Private Limited,Ludhiana,Punjab,2025-05-31,,Active,595.82,Found Duplicate,present,MISSING,PROVIDED,PROVIDED
MCH5524,"Mangat, Sanghvi And Shah",5942,Books & Stationery,Partnership,Jalandhar,Punjab,2024-09-30,XXXX2255,Active,6188.2,Unique,present,MASKED,PROVIDED,PROVIDED
MCH2981,Sami Sura,5942,Books & Stationery,Individual,Kolkata,West Bengal,2023-01-27,,Active,512.85,Found Duplicate,present,MISSING,PROVIDED,PROVIDED
MCH6650,Kuruvi11A G01A,5942,Books & Stationery,Private Limited,Bengaluru,Karnataka,2024-07-16,XXXX4971,Inactive,2725.71,Found Duplicate,present,MASKED,PROVIDED,PROVIDED
MCH1255,"Bose, Memon And Luthra",5942,Books & Stationery,Partnership,Pune,Maharashtra,2023-05-27,XXXX6249,Active,1129.38,Found Duplicate,present,MASKED,PROVIDED,PROVIDED
MCH2552,"Mukherjee, Iyengar And Deo",5942,Books & Stationery,Partnership,Pune,Maharashtra,2025-03-15,ZRKN1235329280179,Active,3414.98,Found Duplicate,present,ALPHANUMERIC_IBAN,PROVIDED,PROVIDED
MCH7034,Deol Llc,5942,Books & Stationery,Individual,Pune,Maharashtra,2026-01-27,,Active,856.21,Found Duplicate,present,MISSING,PROVIDED,PROVIDED
MCH6091,Ratti Kalita,5942,Books & Stationery,Sole Proprietorship,Ludhiana,Punjab,2023-06-09,XXXX4886,Unknown,458.92,Found Duplicate,present,MASKED,PROVIDED,PROVIDED
MCH6843,Tata Borah,5942,Books & Stationery,Sole Proprietorship,Mumbai,Maharashtra,2023-04-25,,Active,395.55,Found Duplicate,present,MISSING,PROVIDED,PROVIDED
MCH3201,Bahl And Sons,5942,Books & Stationery,Sole Proprietorship,Amritsar,Punjab,2024-05-27,4264935431,Unknown,576.96,Unique,present,VALID_NUMERIC,PROVIDED,PROVIDED
MCH2191,"Choudhry, Rai And Chokshi",5942,Books & Stationery,Private Limited,Chennai,Tamil Nadu,2025-04-14,,Active,3020.11,Found Duplicate,present,MISSING,PROVIDED,PROVIDED
MCH3591,"Panchal, Balasubramanian And Dey",5942,Books & Stationery,Private Limited,Kolkata,West Bengal,2025-03-15,9832386733,Active,2193.61,Unique,present,VALID_NUMERIC,PROVIDED,PROVIDED
MCH8221,Kala Bajaj,5942,Books & Stationery,Sole Proprietorship,Bengaluru,Karnataka,,5133526509,Inactive,1133.63,Found Duplicate,missing,VALID_NUMERIC,PROVIDED,PROVIDED
MCH8163,"Sama, Pant And Tara",5942,Books & Stationery,Private Limited,Lucknow,Uttar Pradesh,2025-06-13,,Active,1638.28,Unique,present,MISSING,PROVIDED,PROVIDED
MCH6751,Jhaveri Rege,5942,Books & Stationery,Private Limited,Jalandhar,Punjab,2023-07-30,,Active,1649.91,Unique,present,MISSING,PROVIDED,PROVIDED
MCH9831,Kala Wason,5942,Books & Stationery,Individual,Chennai,Tamil Nadu,2024-09-21,XXXX7493,Unknown,1222.6,Found Duplicate,present,MASKED,PROVIDED,PROVIDED
MCH7167,"Bir, Kunda And Manne",5942,Books & Stationery,Partnership,Hyderabad,Telangana,2023-05-26,DXXE7335968012539,Active,0.397,Unique,present,ALPHANUMERIC_IBAN,PROVIDED,PROVIDED
MCH2675,Venkataraman Rastogi,5942,Books & Stationery,Private Limited,Amritsar,Punjab,2025-06-23,YXGI4135701284971,Active,877.85,Unique,present,ALPHANUMERIC_IBAN,PROVIDED,PROVIDED
MCH9840,"Gara, Bedi And Dua",5942,Books & Stationery,Private Limited,Amritsar,Punjab,2025-09-12,4627903528,Active,0.369,Unique,present,VALID_NUMERIC,PROVIDED,PROVIDED
MCH6009,"Nagar, Chowdhury And Raghavan",5942,Books & Stationery,Private Limited,Pune,Maharashtra,,XXXX6864,Active,1266.03,Unique,missing,MASKED,PROVIDED,PROVIDED
MCH8221,Kala Bajaj,5942,Books & Stationery,Sole Proprietorship,Bengaluru,Karnataka,,5133526509,Inactive,1133.63,Found Duplicate,missing,VALID_NUMERIC,PROVIDED,PROVIDED
MCH9502,Vyas Hayre,5942,Books & Stationery,Sole Proprietorship,Mumbai,Maharashtra,2023-03-25,,Unknown,777.19,Unique,present,MISSING,PROVIDED,PROVIDED
MCH9038,Dargroup,5942,Books & Stationery,Sole Proprietorship,Amritsar,Punjab,2024-02-06,PWGC8781462428260,Active,1037.27,Found Duplicate,present,ALPHANUMERIC_IBAN,PROVIDED,PROVIDED
MCH4656,"Verma,Sanghaandvora",5942,Books & Stationery,Private Limited,Delhi,Delhi,2024-07-02,,Active,431.25,Found Duplicate,present,MISSING,PROVIDED,PROVIDED
MCH5472,Dua Group,5942,Books & Stationery,Private Limited,Ludhiana,Punjab,2024-09-23,2328427852,Active,0.778,Unique,present,VALID_NUMERIC,PROVIDED,PROVIDED
MCH5797,Sami Ltd,5942,Books & Stationery,Individual,Jalandhar,Punjab,2024-03-05,YJXP8191139167716,Unknown,651.76,Found Duplicate,present,ALPHANUMERIC_IBAN,PROVIDED,PROVIDED
MCH2139,"Bali, Mahajan And Oza",5942,Books & Stationery,Sole Proprietorship,Bengaluru,Karnataka,2023-02-12,XXXX2161,Active,512.11,Unique,present,MASKED,PROVIDED,PROVIDED
MCH9877,"Garde, Sabharwal And Prashad",5942,Books & Stationery,Private Limited,Hyderabad,Telangana,2024-03-02,9136330532,Active,1246.91,Found Duplicate,present,VALID_NUMERIC,PROVIDED,PROVIDED
MCH4123,"Parekh, Patla And Kar",5942,Books & Stationery,Partnership,Jalandhar,Punjab,2024-11-09,5310260642,Active,2764.76,Unique,present,VALID_NUMERIC,PROVIDED,PROVIDED
MCH8427,Sankaran Rai,5942,Books & Stationery,Sole Proprietorship,Hyderabad,Telangana,2023-10-17,ZQGR3907039607264,Suspended,0.302,Found Duplicate,present,ALPHANUMERIC_IBAN,PROVIDED,PROVIDED
MCH6643,"Bala, Palla And Srinivas",5942,Books & Stationery,Private Limited,Jalandhar,Punjab,2023-06-13,3868687292,Unknown,1698.35,Unique,present,VALID_NUMERIC,PROVIDED,PROVIDED
MCH5749,"Bir, Sibal And Arya",5942,Books & Stationery,Partnership,Mumbay,Maharashtra,2024-05-10,,Active,1490.24,Found Duplicate,present,MISSING,PROVIDED,PROVIDED
MCH1159,De Ltd,5942,Books & Stationery,Individual,Kolkata,West Bengal,2025-12-05,,Active,1672.61,Found Duplicate,present,MISSING,PROVIDED,PROVIDED
MCH2924,Chaudhary Dugar,5942,Books & Stationery,Individual,Mumbai,Maharashtra,2024-12-26,2683760099,Active,770.99,Unique,present,VALID_NUMERIC,PROVIDED,PROVIDED
MCH3311,Sule Ltd,5942,Books & Stationery,Sole Proprietorship,Pune,Maharashtra,2026-01-30,XXXX2539,Active,1079.15,Found Duplicate,present,MASKED,PROVIDED,PROVIDED
MCH5044,Mahajan Narasimhan,5942,Books & Stationery,Individual,Chennai,Tamil Nadu,2025-04-09,,Active,0.1148,Unique,present,MISSING,PROVIDED,PROVIDED
MCH2418,Mangal Krishnamurthy,5942,Books & Stationery,Individual,Delhi,Delhi,2024-07-21,,Active,436.58,Found Duplicate,present,MISSING,PROVIDED,PROVIDED
MCH6985,Devi Radhakrishnan,5942,Books & Stationery,Individual,Jalandhar,Punjab,2023-01-20,VEKB0627444661101,Active,694.07,Unique,present,ALPHANUMERIC_IBAN,PROVIDED,PROVIDED
MCH7038,Mannan Singh,5942,Books & Stationery,Individual,Bengaluru,Karnataka,2025-05-25,KOWX5085991997722,Inactive,0.62,Unique,present,ALPHANUMERIC_IBAN,PROVIDED,PROVIDED
MCH3903,"Khare, Balasubramanian And Mital",5942,Books & Stationery,Sole Proprietorship,Jaipur,Rajasthan,2024-08-25,7400031518,Active,3531.21,Unique,present,VALID_NUMERIC,PROVIDED,PROVIDED
MCH2741,"Wason, Jain And D’Alia",5942,Books & Stationery,Sole Proprietorship,Ludhiana,Punjab,2024-03-23,KUJF0124670796240,Suspended,361.19,Found Duplicate,present,ALPHANUMERIC_IBAN,PROVIDED,PROVIDED
MCH9969,Tiwari And Sons,5942,Books & Stationery,Private Limited,Ludhiana,Punjab,2023-01-15,3536281860,Inactive,1542.28,Unique,present,VALID_NUMERIC,PROVIDED,PROVIDED
MCH1364,Kumar Llc,5942,Books & Stationery,Partnership,Jalandhar,Punjab,2023-04-15,UUOX3735339322838,Active,1017.95,Found Duplicate,present,ALPHANUMERIC_IBAN,PROVIDED,PROVIDED
MCH8259,Lall Group,5942,Books & Stationery,Sole Proprietorship,Jalandhar,Punjab,2023-04-13,,Active,2667.52,Unique,present,MISSING,PROVIDED,PROVIDED
MCH5450,"Karnik, Karan And Boase",5942,Books & Stationery,Partnership,Kolkata,West Bengal,2024-09-09,,Active,852.07,Unique,present,MISSING,PROVIDED,PROVIDED
MCH3699,Borra And Sons,5942,Books & Stationery,Private Limited,Pune,Maharashtra,2025-12-17,,Inactive,790.7,Found Duplicate,present,MISSING,PROVIDED,PROVIDED
MCH5106,Luthra Llc,5942,Books & Stationery,Private Limited,Jalandhar,Punjab,2023-12-01,XXXX6321,Active,0.411,Found Duplicate,present,MASKED,PROVIDED,PROVIDED
MCH8615,Devi Narasimhan,5942,Books & Stationery,Sole Proprietorship,Kolkata,West Bengal,2024-11-18,8648906197,Unknown,722.58,Found Duplicate,present,VALID_NUMERIC,PROVIDED,PROVIDED
MCH4218,Srivastava Ltd,5942,Books & Stationery,Sole Proprietorship,Mumbai,Maharashtra,2023-11-20,LFAP5704533731300,Active,1744.69,Unique,present,ALPHANUMERIC_IBAN,PROVIDED,PROVIDED
MCH6064,Viswanathan Tak,5942,Books & Stationery,Sole Proprietorship,Chennai,Tamil Nadu,,RDFT0727994735934,Suspended,519.38,Found Duplicate,missing,ALPHANUMERIC_IBAN,PROVIDED,PROVIDED
MCH9057,Dayal Ltd,5942,Books & Stationery,Partnership,Jaipur,Rajasthan,2024-10-11,TJAX1540713634286,Active,728.46,Unique,present,ALPHANUMERIC_IBAN,PROVIDED,PROVIDED
MCH6737,Kohli Inc,5942,Books & Stationery,Partnership,Ludhiana,Punjab,2023-06-07,7394942754,Active,675.29,Found Duplicate,present,VALID_NUMERIC,PROVIDED,PROVIDED
MCH5637,Desai Sankaran,5942,Books & Stationery,Individual,Kolkata,West Bengal,2025-05-12,,Active,485.95,Found Duplicate,present,MISSING,PROVIDED,PROVIDED
MCH9720,Hayre Ltd,5942,Books & Stationery,Sole Proprietorship,Pune,Maharashtra,2024-04-24,,Active,507.94,Unique,present,MISSING,PROVIDED,PROVIDED
MCH7918,Purohit Llc,5942,Books & Stationery,Private Limited,Kolkata,West Bengal,2024-09-06,XXXX2495,Active,0.1204,Unique,present,MASKED,PROVIDED,PROVIDED
MCH3659,Rege Raja,5942,Books & Stationery,Individual,Amritsar,Punjab,2024-12-27,XXXX6878,Active,2311.5,Found Duplicate,present,MASKED,PROVIDED,PROVIDED
MCH4332,Varma Plc,5942,Books & Stationery,Individual,Mumbai,Maharashtra,2025-01-22,XXXX6546,Active,229.07,Unique,present,MASKED,PROVIDED,PROVIDED
MCH3130,"Arora, Karnik And Sarraf",5942,Books & Stationery,Sole Proprietorship,Kolkata,West Bengal,2023-07-10,,Inactive,1573.29,Unique,present,MISSING,PROVIDED,PROVIDED
MCH1706,Merchant Dhar,5942,Books & Stationery,Private Limited,Amritsar,Punjab,2023-05-25,,Unknown,954.61,Found Duplicate,present,MISSING,PROVIDED,PROVIDED
MCH1686,Chokshi And Sons,5942,Books & Stationery,Individual,Bengaluru,Karnataka,2024-02-02,,Active,1116.34,Unique,present,MISSING,PROVIDED,PROVIDED
MCH4621,Ravel Chaudhuri,5942,Books & Stationery,Private Limited,Delhi,Delhi,2024-08-04,RGWL4221508668071,Active,397.3,Found Duplicate,present,ALPHANUMERIC_IBAN,PROVIDED,PROVIDED
MCH1479,"Mandal, Barad And Srinivasan",5942,Books & Stationery,Partnership,Kolkata,West Bengal,2025-07-27,XXXX4686,Active,975.635,Unique,present,MASKED,PROVIDED,MISSING_OR_INVALID
MCH2623,Dara Kulkarni,5942,Books & Stationery,Sole Proprietorship,Kolkata,West Bengal,2025-06-28,,Active,1296.1,Found Duplicate,present,MISSING,PROVIDED,PROVIDED
MCH9551,Chaudhari Dugar,5942,Books & Stationery,Individual,Lucknow,Uttar Pradesh,2023-11-08,XXXX6470,Active,2156.36,Found Duplicate,present,MASKED,PROVIDED,PROVIDED
MCH9056,"Misra, Kalita And Kapur",5942,Books & Stationery,Private Limited,Lucknow,Uttar Pradesh,2023-06-17,0830352688,Active,497.59,Unique,present,VALID_NUMERIC,PROVIDED,PROVIDED
MCH5081,Grewal Dutt,5942,Books & Stationery,Partnership,Jaipur,Rajasthan,2024-09-22,,Active,624.18,Found Duplicate,present,MISSING,PROVIDED,PROVIDED
MCH6757,Brar Saha,5942,Books & Stationery,Sole Proprietorship,Ludhiana,Punjab,2024-05-09,NTTY4243627390116,Active,602.25,Unique,present,ALPHANUMERIC_IBAN,PROVIDED,PROVIDED
MCH3265,Mittal Ltd,5942,Books & Stationery,Private Limited,Hyderabad,Telangana,2024-08-15,GNXO4175681425980,Active,4170.98,Found Duplicate,present,ALPHANUMERIC_IBAN,PROVIDED,PROVIDED
MCH3601,Lanka Inc,5942,Books & Stationery,Individual,Pune,Maharashtra,2025-05-14,,Active,4672.85,Found Duplicate,present,MISSING,PROVIDED,PROVIDED
MCH7618,Mutti Mohan,5942,Books & Stationery,Individual,Hyderabad,Telangana,2023-03-14,XXXX5035,Active,0.664,Found Duplicate,present,MASKED,PROVIDED,PROVIDED
MCH4110,Suresh Bassi,5942,Books & Stationery,Individual,Mumbai,Maharashtra,2024-09-18,,Inactive,1527.43,Unique,present,MISSING,PROVIDED,PROVIDED
MCH6889,Behl Deep,5942,Books & Stationery,Partnership,Bengaluru,Karnataka,2023-12-22,ZYSS9298134271861,Active,975.635,Found Duplicate,present,ALPHANUMERIC_IBAN,PROVIDED,MISSING_OR_INVALID
MCH7198,"Thakkar, Mistry And Sinha",5942,Books & Stationery,Sole Proprietorship,Pune,Maharashtra,2023-02-21,,Unknown,3029.62,Found Duplicate,present,MISSING,PROVIDED,PROVIDED
MCH6547,"Gupta,Dewanandnadig",5942,Books & Stationery,Individual,Hyderabad,Telangana,2023-05-27,,Inactive,974.14,Unique,present,MISSING,PROVIDED,PROVIDED
MCH4530,Kadakia Group,5942,Books & Stationery,Partnership,Jalandhar,Punjab,2023-10-26,9489296663,Active,2165.16,Found Duplicate,present,VALID_NUMERIC,PROVIDED,PROVIDED
MCH8410,Dugal And Sons,5942,Books & Stationery,Partnership,Bengaluru,Karnataka,,RLEB2720083934064,Active,853.16,Found Duplicate,missing,ALPHANUMERIC_IBAN,PROVIDED,PROVIDED
MCH6803,Babu Aggarwal,5942,Books & Stationery,Partnership,Pune,Maharashtra,2025-05-24,KCIX8411550946242,Unknown,2653.94,Unique,present,ALPHANUMERIC_IBAN,PROVIDED,PROVIDED
MCH3253,Khatri Krishnamurthy,5942,Books & Stationery,Partnership,Lucknow,Uttar Pradesh,2023-12-19,,Active,2086.58,Unique,present,MISSING,PROVIDED,PROVIDED
MCH4200,Mahajan Group,5942,Books & Stationery,Sole Proprietorship,Pune,Maharashtra,2024-05-21,XXXX4189,Active,839.74,Found Duplicate,present,MASKED,PROVIDED,PROVIDED
MCH5545,Parikh Raja,5942,Books & Stationery,Sole Proprietorship,Lucknow,Uttar Pradesh,2023-06-04,,Active,1144.37,Unique,present,MISSING,PROVIDED,PROVIDED
MCH7877,Bajwa Ltd,5942,Books & Stationery,Partnership,Chennai,Tamil Nadu,,2144271582,Active,565.69,Found Duplicate,missing,VALID_NUMERIC,PROVIDED,PROVIDED
MCH6026,Narayanan Bhatt,5942,Books & Stationery,Partnership,Hyderabad,Telangana,2025-09-14,1281831300,Active,746.02,Unique,present,VALID_NUMERIC,PROVIDED,PROVIDED
MCH2241,Patla Prabhakar,5942,Books & Stationery,Partnership,Kolkata,West Bengal,2026-01-15,,Active,0.868,Unique,present,MISSING,PROVIDED,PROVIDED
MCH7432,Sidhu Aurora,5942,Books & Stationery,Sole Proprietorship,Delhi,Delhi,,1656062042,Active,611.3,Found Duplicate,missing,VALID_NUMERIC,PROVIDED,PROVIDED
MCH2750,Rao Narayanan,5942,Books & Stationery,Individual,Ludhiana,Punjab,2024-05-13,,Active,3052.68,Unique,present,MISSING,PROVIDED,PROVIDED
MCH4688,Venkatesh Group,5942,Books & Stationery,Sole Proprietorship,Delhi,Delhi,2024-08-24,TBOZ2931559768114,Suspended,2933.52,Found Duplicate,present,ALPHANUMERIC_IBAN,PROVIDED,PROVIDED
MCH6152,Mukhopadhyay Plc,5942,Books & Stationery,Individual,Jaipur,Rajasthan,2025-12-20,OXKW4550087815999,Active,1642.16,Found Duplicate,present,ALPHANUMERIC_IBAN,PROVIDED,PROVIDED
MCH8638,Ramanathan Apte,5942,Books & Stationery,Partnership,Chennai,Tamil Nadu,2025-04-16,XXXX4259,Active,985.8,Found Duplicate,present,MASKED,PROVIDED,PROVIDED
MCH1908,"Raghavan, Badami And Mani",5942,Books & Stationery,Partnership,Kolkata,West Bengal,2025-05-29,XXXX6948,Active,0.856,Found Duplicate,present,MASKED,PROVIDED,PROVIDED
MCH9843,"Banerjee, Singh And Anne",5942,Books & Stationery,Individual,Chennai,Tamil Nadu,2025-04-07,,Active,8077.21,Unique,present,MISSING,PROVIDED,PROVIDED
MCH1397,Memon Llc,5942,Books & Stationery,Private Limited,Bengaluru,Karnataka,2025-04-18,XXXX0515,Active,1062.38,Found Duplicate,present,MASKED,PROVIDED,PROVIDED
MCH2535,Pall Dugar,5942,Books & Stationery,Private Limited,Mumbai,Maharashtra,2024-08-29,4792112625,Active,978.69,Found Duplicate,present,VALID_NUMERIC,PROVIDED,PROVIDED
MCH1195,Parekh Patla,5942,Books & Stationery,Partnership,Ludhiana,Punjab,2023-06-27,,Active,741.86,Found Duplicate,present,MISSING,PROVIDED,PROVIDED
MCH6239,"Majumdar, Lanka And Sehgal",5942,Books & Stationery,Partnership,Amritsar,Punjab,2024-01-21,,Active,1181.24,Found Duplicate,present,MISSING,PROVIDED,PROVIDED
MCH6866,Gill Shere,5942,Books & Stationery,Individual,Kolkata,West Bengal,2025-03-01,XXXX3682,Unknown,0.4194,Found Duplicate,present,MASKED,PROVIDED,PROVIDED
MCH6233,"Arora, Agarwal And Padmanabhan",5942,Books & Stationery,Sole Proprietorship,Amritsar,Punjab,2024-05-03,,Active,1090.35,Found Duplicate,present,MISSING,PROVIDED,PROVIDED
MCH8427,Sankaran Rai,5942,Books & Stationery,Sole Proprietorship,Hyderabad,Telangana,2023-10-17,ZQGR3907039607264,Active,0.302,Found Duplicate,present,ALPHANUMERIC_IBAN,PROVIDED,PROVIDED
MCH7094,"D’Alia, Talwar And Mukherjee",5942,Books & Stationery,Individual,Amritsar,Punjab,2023-02-02,,Active,577.91,Found Duplicate,present,MISSING,PROVIDED,PROVIDED
MCH1879,Maharaj Plc,5942,Books & Stationery,Partnership,Delhi,Delhi,2023-01-03,,Active,1269.91,Found Duplicate,present,MISSING,PROVIDED,PROVIDED
MCH7525,Char Narayanan,5942,Books & Stationery,Individual,Lucknow,Uttar Pradesh,2025-03-31,,Active,424.34,Unique,present,MISSING,PROVIDED,PROVIDED
MCH8943,Bassi Dhingra,5942,Books & Stationery,Private Limited,Chennai,Tamil Nadu,2024-09-09,,Active,774.62,Unique,present,MISSING,PROVIDED,PROVIDED
MCH5941,G0Ur Ltd,5942,Books & Stationery,Private Limited,Lucknow,Uttar Pradesh,2023-04-30,XXXX2222,Inactive,1448.04,Unique,present,MASKED,PROVIDED,PROVIDED
MCH7149,Shanker Kala,5942,Books & Stationery,Sole Proprietorship,Amritsar,Punjab,2023-07-09,,Active,0.1819,Found Duplicate,present,MISSING,PROVIDED,PROVIDED
MCH3806,Thakkar Kara,5942,Books & Stationery,Sole Proprietorship,Jaipur,Rajasthan,2024-09-06,SOII5443407300788,Active,2156.0,Found Duplicate,present,ALPHANUMERIC_IBAN,PROVIDED,PROVIDED
MCH2841,"Memon, Samra And Rajagopal",5942,Books & Stationery,Sole Proprietorship,Mumbai,Maharashtra,2024-06-13,,Active,975.635,Unique,present,MISSING,PROVIDED,MISSING_OR_INVALID
MCH7841,Manda Group,5942,Books & Stationery,Sole Proprietorship,Pune,Maharashtra,2024-10-01,8517196401,Active,14164.49,Unique,present,VALID_NUMERIC,PROVIDED,PROVIDED
MCH1922,"Deo, Saraf And Kale",5942,Books & Stationery,Sole Proprietorship,Lucknow,Uttar Pradesh,,,Active,2507.85,Unique,missing,MISSING,PROVIDED,PROVIDED
MCH4610,"Barad,Chandaandrana",5942,Books & Stationery,Private Limited,Hyderabad,Telangana,2024-12-23,3247180851,Active,2989.03,Unique,present,VALID_NUMERIC,PROVIDED,PROVIDED
MCH3044,Gupta Plc,5942,Books & Stationery,Sole Proprietorship,Bengaluru,Karnataka,2023-04-27,,Inactive,582.54,Unique,present,MISSING,PROVIDED,PROVIDED
MCH9609,Mohanty Llc,5942,Books & Stationery,Partnership,Mumbai,Maharashtra,2025-02-23,2458956606,Active,503.9,Found Duplicate,present,VALID_NUMERIC,PROVIDED,PROVIDED
MCH5190,Karpe Inc,5942,Books & Stationery,Sole Proprietorship,Delhi,Delhi,2024-06-07,AIVF4646117807271,Active,2042.93,Found Duplicate,present,ALPHANUMERIC_IBAN,PROVIDED,PROVIDED
MCH7623,Pandya Llc,5942,Books & Stationery,Partnership,Mumbai,Maharashtra,2026-01-23,XXXX7491,Active,701.06,Unique,present,MASKED,PROVIDED,PROVIDED
MCH5712,Goda Kashyap,5942,Books & Stationery,Private Limited,Amritsar,Punjab,2025-01-12,ILKC7960163227117,Active,975.635,Found Duplicate,present,ALPHANUMERIC_IBAN,PROVIDED,MISSING_OR_INVALID
MCH5720,Karnik Group,5942,Books & Stationery,Partnership,Amritsar,Punjab,2023-10-28,9007561693,Unknown,6186.34,Unique,present,VALID_NUMERIC,PROVIDED,PROVIDED
MCH5698,Rana Ltd,5942,Books & Stationery,Private Limited,Chennai,Tamil Nadu,2025-01-07,,Active,2808.27,Unique,present,MISSING,PROVIDED,PROVIDED
MCH3254,Maharaj Sharaf,5942,Books & Stationery,Partnership,Amritsar,Punjab,2024-03-12,7494346991,Active,958.41,Found Duplicate,present,VALID_NUMERIC,PROVIDED,PROVIDED
MCH2085,"Varma, Dua And Bhattacharyya",5942,Books & Stationery,Partnership,Amritsar,Punjab,2023-11-29,,Active,4575.32,Found Duplicate,present,MISSING,PROVIDED,PROVIDED
MCH9277,Pa1 R0Ut,5942,Books & Stationery,Individual,Amritsar,Punjab,2026-02-10,,Unknown,963.33,Unique,present,MISSING,PROVIDED,PROVIDED
MCH6016,Batta Roy,5942,Books & Stationery,Private Limited,Jalandhar,Punjab,2023-02-07,,Active,3694.66,Found Duplicate,present,MISSING,PROVIDED,PROVIDED
MCH9542,"Singh, Johal And Khalsa",5942,Books & Stationery,Individual,Hyderabad,Telangana,2025-06-18,XXXX3154,Unknown,2463.46,Found Duplicate,present,MASKED,PROVIDED,PROVIDED
MCH5892,Mangat Dutta,5942,Books & Stationery,Sole Proprietorship,Jaipur,Rajasthan,2023-10-08,3873887194,Active,2243.17,Found Duplicate,present,VALID_NUMERIC,PROVIDED,PROVIDED
MCH8051,"Saxena, Kamdar And Kannan",5942,Books & Stationery,Partnership,Delhi,Delhi,2024-10-17,,Unknown,598.72,Unique,present,MISSING,PROVIDED,PROVIDED
MCH7558,Keer Krish,5942,Books & Stationery,Private Limited,Chennai,Tamil Nadu,2024-03-29,XXXX0444,Active,777.64,Found Duplicate,present,MASKED,PROVIDED,PROVIDED
MCH2297,Mutti And Sons,5942,Books & Stationery,Partnership,Ludhiana,Punjab,2026-01-15,,Active,1134.74,Unique,present,MISSING,PROVIDED,PROVIDED
MCH3263,Barman Inc,5942,Books & Stationery,Partnership,Kolkata,West Bengal,2024-12-24,XXXX0034,Active,2889.21,Found Duplicate,present,MASKED,PROVIDED,PROVIDED
MCH2152,"Choudhry, Chauhan And Dayal",5942,Books & Stationery,Private Limited,Pune,Maharashtra,2025-11-28,6428134605,Unknown,1507.67,Unique,present,VALID_NUMERIC,PROVIDED,PROVIDED
MCH1863,Sachar Gokhale,5942,Books & Stationery,Private Limited,Hyderabad,Telangana,2024-03-24,XXXX8775,Active,760.42,Unique,present,MASKED,PROVIDED,PROVIDED
MCH5361,"Baria,Santandmunshi",5942,Books & Stationery,Private Limited,Delhi,Delhi,2025-02-01,XXXX6510,Unknown,1636.11,Unique,present,MASKED,PROVIDED,PROVIDED
MCH7199,Manda And Sons,5942,Books & Stationery,Sole Proprietorship,Delhi,Delhi,2026-10-02,,Active,1077.86,Unique,present,MISSING,PROVIDED,PROVIDED
MCH7508,Garg Deo,5942,Books & Stationery,Partnership,Amritsar,Punjab,2024-11-15,XXXX5011,Active,1956.49,Unique,present,MASKED,PROVIDED,PROVIDED
MCH6233,Vohra Ltd,5942,Books & Stationery,Partnership,Delhi,Delhi,2026-02-26,,Active,2389.79,Found Duplicate,present,MISSING,PROVIDED,PROVIDED
MCH3552,"Morar, Ahuja And Ravel",5942,Books & Stationery,Sole Proprietorship,Pune,Maharashtra,2024-08-03,4264827743,Active,0.8846,Unique,present,VALID_NUMERIC,PROVIDED,PROVIDED
MCH5362,"Date, Gandhi And Bath",5942,Books & Stationery,Partnership,Delhi,Delhi,2023-03-27,XXXX8502,Unknown,975.635,Found Duplicate,present,MASKED,PROVIDED,MISSING_OR_INVALID
MCH9018,Zacharia And Sons,5942,Books & Stationery,Individual,Bengaluru,Karnataka,2024-03-06,,Active,594.92,Found Duplicate,present,MISSING,PROVIDED,PROVIDED
MCH4377,Kale Krishnan,5942,Books & Stationery,Partnership,Bengaluru,Karnataka,2023-10-12,,Inactive,2218.12,Unique,present,MISSING,PROVIDED,PROVIDED
MCH8965,Bajaj Ltd,5942,Books & Stationery,Individual,Chennai,Tamil Nadu,2025-01-30,XXXX4056,Active,0.326,Found Duplicate,present,MASKED,PROVIDED,PROVIDED
MCH5809,Virk Peri,5942,Books & Stationery,Individual,Jaipur,Rajasthan,2023-07-25,7094756781,Inactive,1513.53,Found Duplicate,present,VALID_NUMERIC,PROVIDED,PROVIDED
MCH3122,"Toor, Kunda And Munshi",5942,Books & Stationery,Partnership,Mumbay,Maharashtra,2025-04-14,3432360123,Active,797.24,Found Duplicate,present,VALID_NUMERIC,PROVIDED,PROVIDED
MCH1874,Kanda Mane,5942,Books & Stationery,Partnership,Ludhiana,Punjab,2024-06-12,0940514966,Active,2286.66,Found Duplicate,present,VALID_NUMERIC,PROVIDED,PROVIDED
MCH1838,Manda Deshpande,5942,Books & Stationery,Partnership,Jalandhar,Punjab,2025-09-04,XYTA4197098019941,Unknown,2224.32,Found Duplicate,present,ALPHANUMERIC_IBAN,PROVIDED,PROVIDED
MCH2473,Lanka Inc,5942,Books & Stationery,Individual,Bengaluru,Karnataka,2025-01-20,7620940119,Active,1883.19,Found Duplicate,present,VALID_NUMERIC,PROVIDED,PROVIDED
MCH4675,"Minhas, Narayan And Bandi",5942,Books & Stationery,Sole Proprietorship,Jalandhar,Punjab,2023-06-15,,Active,975.635,Unique,present,MISSING,PROVIDED,MISSING_OR_INVALID
MCH7446,"Sami, Narayan And Roy",5942,Books & Stationery,Partnership,Ludhiana,Punjab,2023-02-08,,Inactive,6191.17,Unique,present,MISSING,PROVIDED,PROVIDED
MCH9780,"Kibe, Setty And Kaul",5942,Books & Stationery,Private Limited,Mumbai,Maharashtra,2024-07-14,EUVJ9352599503304,Active,3251.18,Unique,present,ALPHANUMERIC_IBAN,PROVIDED,PROVIDED
MCH3970,"Chawla, Sami And Mani",5942,Books & Stationery,Sole Proprietorship,Pune,Maharashtra,2023-04-25,XXXX3871,Unknown,2506.67,Unique,present,MASKED,PROVIDED,PROVIDED
MCH4685,Mukhopadhyay Cheema,5942,Books & Stationery,Private Limited,Chennai,Tamil Nadu,2023-07-22,3857368814,Suspended,975.635,Found Duplicate,present,VALID_NUMERIC,PROVIDED,MISSING_OR_INVALID
MCH9946,Koshy Group,5942,Books & Stationery,Private Limited,Hyderabad,Telangana,,XXXX9561,Suspended,1728.0,Found Duplicate,missing,MASKED,PROVIDED,PROVIDED
MCH3920,Sharmallc,5942,Books & Stationery,Private Limited,Lucknow,Uttar Pradesh,2024-06-23,1753085069,Suspended,1885.7,Unique,present,VALID_NUMERIC,PROVIDED,PROVIDED
MCH6770,Chaudhari Dewan,5942,Books & Stationery,Sole Proprietorship,Jaipur,Rajasthan,,,Active,1139.41,Unique,missing,MISSING,PROVIDED,PROVIDED
MCH4102,Pandya Kapoor,5942,Books & Stationery,Sole Proprietorship,Amritsar,Punjab,2025-03-06,SZIE5520167745590,Unknown,1618.63,Found Duplicate,present,ALPHANUMERIC_IBAN,PROVIDED,PROVIDED
MCH3987,"Dubey, Aggarwa1 And Mangat",5942,Books & Stationery,Individual,Hyderabad,Telangana,2024-04-20,OTRE9764440633575,Active,474.5,Found Duplicate,present,ALPHANUMERIC_IBAN,PROVIDED,PROVIDED
MCH8729,"Chowdhury, Krishnamurthy And Parekh",5942,Books & Stationery,Private Limited,Kolkata,West Bengal,2024-02-07,7331970917,Active,870.42,Unique,present,VALID_NUMERIC,PROVIDED,PROVIDED
MCH4805,"Krishnan, Bhatnagar And Prasad",5942,Books & Stationery,Partnership,Amritsar,Punjab,2025-07-12,,Active,284.87,Found Duplicate,present,MISSING,PROVIDED,PROVIDED
MCH6450,"Goel, Madan And Gola",5942,Books & Stationery,Individual,Chennai,Tamil Nadu,2025-10-15,,Suspended,0.855,Found Duplicate,present,MISSING,PROVIDED,PROVIDED
MCH9117,"Kale, Kohli And Chhabra",5942,Books & Stationery,Sole Proprietorship,Jalandhar,Punjab,,,Suspended,206.51,Unique,missing,MISSING,PROVIDED,PROVIDED
MCH5084,Doshi Llc,5942,Books & Stationery,Individual,Jalandhar,Punjab,2025-11-06,5224325531,Unknown,0.182,Unique,present,VALID_NUMERIC,PROVIDED,PROVIDED
MCH6315,Prabhakar Soman,5942,Books & Stationery,Partnership,Mumbai,Maharashtra,,XXXX3336,Suspended,341.33,Found Duplicate,missing,MASKED,PROVIDED,PROVIDED
MCH9306,Zachariah Anne,5942,Books & Stationery,Partnership,Mumbai,Maharashtra,2026-02-10,JLTB4031924458479,Unknown,1250.09,Unique,present,ALPHANUMERIC_IBAN,PROVIDED,PROVIDED
MCH3030,"Sengupta, Bhagat And Kota",5942,Books & Stationery,Private Limited,Chennai,Tamil Nadu,2025-09-07,,Active,194.19,Unique,present,MISSING,PROVIDED,PROVIDED
MCH9278,Pant Plc,5942,Books & Stationery,Partnership,Bengaluru,Karnataka,2024-06-25,MCZF8391507084286,Active,0.822,Found Duplicate,present,ALPHANUMERIC_IBAN,PROVIDED,PROVIDED
MCH3089,Tata Plc,5942,Books & Stationery,Sole Proprietorship,Jalandhar,Punjab,2025-08-30,XXXX2474,Active,2328.32,Unique,present,MASKED,PROVIDED,PROVIDED
MCH5183,Chandra Llc,5942,Books & Stationery,Individual,Jaipur,Rajasthan,2023-10-16,,Active,578.29,Unique,present,MISSING,PROVIDED,PROVIDED
MCH8245,Brar Llc,5942,Books & Stationery,Individual,Bengaluru,Karnataka,2024-01-18,,Active,975.635,Found Duplicate,present,MISSING,PROVIDED,MISSING_OR_INVALID
MCH9463,Boase And Sons,5942,Books & Stationery,Private Limited,Amritsar,Punjab,2025-06-01,8867615299,Active,0.835,Unique,present,VALID_NUMERIC,PROVIDED,PROVIDED
MCH5390,Bajwa Group,5942,Books & Stationery,Sole Proprietorship,Jaipur,Rajasthan,,XXXX7220,Active,0.2643,Found Duplicate,missing,MASKED,PROVIDED,PROVIDED
MCH9367,Luthra And Sons,5942,Books & Stationery,Private Limited,Amritsar,Punjab,2023-05-31,,Active,0.1752,Unique,present,MISSING,PROVIDED,PROVIDED
MCH7877,Parekh Borra,5942,Books & Stationery,Private Limited,Mumbai,Maharashtra,2024-02-29,XXXX5911,Active,975.635,Found Duplicate,present,MASKED,PROVIDED,MISSING_OR_INVALID
MCH9052,Ramaswamy Chhabra,5942,Books & Stationery,Partnership,Mumbai,Maharashtra,2024-10-11,,Active,534.11,Unique,present,MISSING,PROVIDED,PROVIDED
MCH8638,Ramanathan Apte,5942,Books & Stationery,Partnership,Chennai,Tamil Nadu,2025-04-16,XXXX4259,Active,985.8,Found Duplicate,present,MASKED,PROVIDED,PROVIDED
MCH6450,"Goel, Madan And Gola",5942,Books & Stationery,Individual,Chennai,Tamil Nadu,2025-10-15,,Active,0.855,Found Duplicate,present,MISSING,PROVIDED,PROVIDED
MCH6923,"Kumar, Hayre And Grover",5942,Books & Stationery,Partnership,Lucknow,Uttar Pradesh,2024-03-12,RIOW5493044350343,Inactive,937.24,Unique,present,ALPHANUMERIC_IBAN,PROVIDED,PROVIDED
MCH1089,Randhawa Barad,5942,Books & Stationery,Individual,Jalandhar,Punjab,2025-12-06,,Active,8714.78,Found Duplicate,present,MISSING,PROVIDED,PROVIDED
MCH2302,"Sekhon, Tak And Dhingra",5942,Books & Stationery,Sole Proprietorship,Amritsar,Punjab,2023-11-11,8509370195,Active,852.28,Unique,present,VALID_NUMERIC,PROVIDED,PROVIDED
MCH2118,Jani Subramaniam,5942,Books & Stationery,Partnership,Ludhiana,Punjab,2024-05-30,TOPO3167206929855,Active,1546.09,Found Duplicate,present,ALPHANUMERIC_IBAN,PROVIDED,PROVIDED
MCH4285,Bhatnagar Atwal,5942,Books & Stationery,Partnership,Jalandhar,Punjab,,,Inactive,988.9,Unique,missing,MISSING,PROVIDED,PROVIDED
MCH2471,Das Group,5942,Books & Stationery,Individual,Jalandhar,Punjab,2024-05-30,SVRE3169162150744,Active,3177.16,Found Duplicate,present,ALPHANUMERIC_IBAN,PROVIDED,PROVIDED
MCH2076,Chad Ltd,5942,Books & Stationery,Sole Proprietorship,Jalandhar,Punjab,2024-03-07,7969775416,Active,579.16,Unique,present,VALID_NUMERIC,PROVIDED,PROVIDED
MCH2727,Ahluwalia And Sons,5942,Books & Stationery,Partnership,Bengaluru,Karnataka,2023-07-24,FLWS4381228751020,Active,133.58,Found Duplicate,present,ALPHANUMERIC_IBAN,PROVIDED,PROVIDED
MCH8374,"Kohli, Chakraborty And Wali",5942,Books & Stationery,Sole Proprietorship,Lucknow,Uttar Pradesh,2025-02-16,,Active,838.62,Found Duplicate,present,MISSING,PROVIDED,PROVIDED
MCH2884,Malhotra Sarin,5942,Books & Stationery,Sole Proprietorship,Pune,Maharashtra,2025-02-27,,Unknown,683.54,Unique,present,MISSING,PROVIDED,PROVIDED
MCH1210,"Dua, Buch And Kaul",5942,Books & Stationery,Private Limited,Mumbai,Maharashtra,,9379400368,Suspended,0.1903,Unique,missing,VALID_NUMERIC,PROVIDED,PROVIDED
MCH6408,Gade And Sons,5942,Books & Stationery,Sole Proprietorship,Chennai,Tamil Nadu,2024-06-11,,Unknown,4374.58,Unique,present,MISSING,PROVIDED,PROVIDED
MCH4373,Raman Karnik,5942,Books & Stationery,Partnership,Delhi,Delhi,2023-08-09,IPHA4538122781630,Unknown,975.635,Unique,present,ALPHANUMERIC_IBAN,PROVIDED,MISSING_OR_INVALID
MCH9654,Saini Bath,5942,Books & Stationery,Private Limited,Ludhiana,Punjab,2024-10-11,XXXX5605,Unknown,2570.91,Unique,present,MASKED,PROVIDED,PROVIDED
MCH8019,Chaudhry Naidu,5942,Books & Stationery,Private Limited,Jaipur,Rajasthan,,,Active,888.78,Unique,missing,MISSING,PROVIDED,PROVIDED
MCH2096,Goleplc,5942,Books & Stationery,Individual,Delhi,Delhi,,3610900033,Inactive,6529.52,Found Duplicate,missing,VALID_NUMERIC,PROVIDED,PROVIDED
MCH5388,Mann Oza,5942,Books & Stationery,Private Limited,Hyderabad,Telangana,,,Active,0.1696,Unique,missing,MISSING,PROVIDED,PROVIDED
MCH4681,"Raja, Ramanathan And Koshy",5942,Books & Stationery,Sole Proprietorship,Mumbai,Maharashtra,2023-09-13,,Unknown,554.63,Found Duplicate,present,MISSING,PROVIDED,PROVIDED
MCH5646,Luthra Plc,5942,Books & Stationery,Sole Proprietorship,Chennai,Tamil Nadu,2024-06-04,,Active,2198.41,Found Duplicate,present,MISSING,PROVIDED,PROVIDED
MCH9815,"Narasimhan, Vasa And Goswami",5942,Books & Stationery,Individual,Delhi,Delhi,2025-10-11,MZNM1643262942719,Active,528.91,Found Duplicate,present,ALPHANUMERIC_IBAN,PROVIDED,PROVIDED
MCH7607,"Vyas, Ramakrishnan And Narayanan",5942,Books & Stationery,Sole Proprietorship,Amritsar,Punjab,2025-01-02,2925658717,Unknown,7039.03,Unique,present,VALID_NUMERIC,PROVIDED,PROVIDED
MCH6966,"Wali, Mand And Prabhakar",5942,Books & Stationery,Partnership,Amritsar,Punjab,2023-10-16,,Active,2789.87,Unique,present,MISSING,PROVIDED,PROVIDED
MCH6113,"Shen0Y, Kapadia And Pradhan",5942,Books & Stationery,Individual,Amritsar,Punjab,2025-05-21,OAOW4206990585455,Active,8727.62,Found Duplicate,present,ALPHANUMERIC_IBAN,PROVIDED,PROVIDED
MCH6331,"Varughese, Sandhu And Issac",5942,Books & Stationery,Individual,Hyderabad,Telangana,2025-09-01,,Unknown,0.868,Found Duplicate,present,MISSING,PROVIDED,PROVIDED
MCH1787,Johal And Sons,5942,Books & Stationery,Sole Proprietorship,Chennai,Tamil Nadu,2024-04-09,8096098187,Active,1495.88,Unique,present,VALID_NUMERIC,PROVIDED,PROVIDED
MCH1280,"Ben, Madan And Dey",5942,Books & Stationery,Private Limited,Lucknow,Uttar Pradesh,2025-06-13,,Active,1308.81,Unique,present,MISSING,PROVIDED,PROVIDED
MCH3612,Dara Rama,5942,Books & Stationery,Sole Proprietorship,Delhi,Delhi,2024-04-10,,Active,2252.16,Found Duplicate,present,MISSING,PROVIDED,PROVIDED
MCH1899,Subramaniam Bedi,5942,Books & Stationery,Private Limited,Ludhiana,Punjab,2025-09-27,XXXX4698,Active,975.635,Unique,present,MASKED,PROVIDED,MISSING_OR_INVALID
MCH5959,Nigam Group,5942,Books & Stationery,Private Limited,Mumbai,Maharashtra,2025-06-14,TOMC3445782175803,Inactive,0.2495,Unique,present,ALPHANUMERIC_IBAN,PROVIDED,PROVIDED
MCH7790,Barman Roy,5942,Books & Stationery,Sole Proprietorship,Chennai,Tamil Nadu,2025-05-28,3171421828,Active,1525.46,Unique,present,VALID_NUMERIC,PROVIDED,PROVIDED
MCH7618,Mutti Mohan,5942,Books & Stationery,Individual,Hyderabad,Telangana,2023-03-14,XXXX5035,Active,0.664,Found Duplicate,present,MASKED,PROVIDED,PROVIDED
MCH8606,Prabhakar Ltd,5942,Books & Stationery,Partnership,Mumbay,Maharashtra,2024-11-25,,Active,602.72,Unique,present,MISSING,PROVIDED,PROVIDED
MCH5261,M0Dy Gr0Up,5942,Books & Stationery,Individual,Jaipur,Rajasthan,2025-12-11,,Active,345.16,Unique,present,MISSING,PROVIDED,PROVIDED
MCH2757,Cherian Parmer,5942,Books & Stationery,Sole Proprietorship,Chennai,Tamil Nadu,2023-02-05,9249178567,Active,1801.26,Found Duplicate,present,VALID_NUMERIC,PROVIDED,PROVIDED
MCH4208,Devi Mangal,5942,Books & Stationery,Sole Proprietorship,Ludhiana,Punjab,2025-08-27,,Active,1564.41,Unique,present,MISSING,PROVIDED,PROVIDED
MCH5892,Mangat Dutta,5942,Books & Stationery,Sole Proprietorship,Jaipur,Rajasthan,2023-10-08,3873887194,Inactive,2243.17,Found Duplicate,present,VALID_NUMERIC,PROVIDED,PROVIDED
MCH6263,"Bahri, Bajaj And Mander",5942,Books & Stationery,Individual,Chennai,Tamil Nadu,2025-09-10,,Inactive,667.85,Unique,present,MISSING,PROVIDED,PROVIDED
MCH9040,Sharma Dubey,5942,Books & Stationery,Sole Proprietorship,Jaipur,Rajasthan,2023-06-25,XXXX1697,Active,573.1,Unique,present,MASKED,PROVIDED,PROVIDED
MCH1221,Nadig Ray,5942,Books & Stationery,Individual,Delhi,Delhi,2024-12-22,7362492315,Active,0.618,Found Duplicate,present,VALID_NUMERIC,PROVIDED,PROVIDED
MCH6737,Kohli Inc,5942,Books & Stationery,Partnership,Ludhiana,Punjab,2023-06-07,7394942754,Active,675.29,Found Duplicate,present,VALID_NUMERIC,PROVIDED,PROVIDED
MCH3803,"Tara, Wali And Sachdev",5942,Books & Stationery,Individual,Lucknow,Uttar Pradesh,2025-10-14,,Unknown,2461.72,Unique,present,MISSING,PROVIDED,PROVIDED
MCH1645,Savant Singha1,5942,Books & Stationery,Sole Proprietorship,Chennai,Tamil Nadu,2024-04-19,GUUE6743967074534,Active,0.337,Unique,present,ALPHANUMERIC_IBAN,PROVIDED,PROVIDED
MCH7226,"Peri, Barad And Panchal",5942,Books & Stationery,Sole Proprietorship,Delhi,Delhi,2024-11-30,VDWB1270434840968,Active,0.4237,Unique,present,ALPHANUMERIC_IBAN,PROVIDED,PROVIDED
MCH7191,Bhargava Ltd,5942,Books & Stationery,Sole Proprietorship,Hyderabad,Telangana,2023-07-26,XXXX5061,Inactive,528.97,Unique,present,MASKED,PROVIDED,PROVIDED
MCH7400,"Kunda, Ramachandran And Khurana",5942,Books & Stationery,Private Limited,Pune,Maharashtra,2024-02-11,,Inactive,9167.75,Found Duplicate,present,MISSING,PROVIDED,PROVIDED
MCH8744,Prashad Llc,5942,Books & Stationery,Individual,Jalandhar,Punjab,2025-03-31,WWJH8069949347893,Unknown,3282.54,Unique,present,ALPHANUMERIC_IBAN,PROVIDED,PROVIDED
MCH9744,Walia Inc,5942,Books & Stationery,Sole Proprietorship,Bengaluru,Karnataka,2024-06-24,XXXX8765,Suspended,574.28,Found Duplicate,present,MASKED,PROVIDED,PROVIDED
MCH5665,"Parikh, Ray And Lall",5942,Books & Stationery,Partnership,Jaipur,Rajasthan,2023-09-12,XXXX1393,Active,0.1428,Unique,present,MASKED,PROVIDED,PROVIDED
MCH1233,"Upadhyay, Lall And Kala",5942,Books & Stationery,Private Limited,Pune,Maharashtra,2024-07-19,,Active,1465.98,Unique,present,MISSING,PROVIDED,PROVIDED
MCH4744,Tiwari Bedi,5942,Books & Stationery,Sole Proprietorship,Pune,Maharashtra,2024-07-13,0085843923,Inactive,0.1636,Unique,present,VALID_NUMERIC,PROVIDED,PROVIDED
MCH9593,Varty Lala,5942,Books & Stationery,Individual,Lucknow,Uttar Pradesh,2024-02-08,DUTM3222823880955,Active,3004.61,Found Duplicate,present,ALPHANUMERIC_IBAN,PROVIDED,PROVIDED
MCH8636,Ghosh Dash,5942,Books & Stationery,Partnership,Amritsar,Punjab,2023-09-06,8172688665,Unknown,3699.41,Unique,present,VALID_NUMERIC,PROVIDED,PROVIDED
MCH7048,Manda Inc,5942,Books & Stationery,Sole Proprietorship,Kolkata,West Bengal,2024-02-17,1555117689,Active,0.776,Unique,present,VALID_NUMERIC,PROVIDED,PROVIDED
MCH9565,"Dhar, Shukla And Chaudhary",5942,Books & Stationery,Individual,Chennai,Tamil Nadu,2025-08-22,6503799014,Active,2205.09,Found Duplicate,present,VALID_NUMERIC,PROVIDED,PROVIDED
MCH4092,"Badami, Prabhakar And Grover",5942,Books & Stationery,Individual,Chennai,Tamil Nadu,2024-10-30,KNKS3499549207785,Suspended,5822.31,Found Duplicate,present,ALPHANUMERIC_IBAN,PROVIDED,PROVIDED
MCH2950,"Rastogi, Bhavsar And Varghese",5942,Books & Stationery,Private Limited,Bengaluru,Karnataka,2024-11-26,6783380146,Unknown,2370.66,Unique,present,VALID_NUMERIC,PROVIDED,PROVIDED
MCH6837,Oommen Thaker,5942,Books & Stationery,Individual,Jalandhar,Punjab,2025-11-10,6324216769,Inactive,1750.4,Found Duplicate,present,VALID_NUMERIC,PROVIDED,PROVIDED
MCH6163,Mani Ltd,5942,Books & Stationery,Partnership,Hyderabad,Telangana,2025-10-30,RJUA0543412555773,Active,2298.3,Found Duplicate,present,ALPHANUMERIC_IBAN,PROVIDED,PROVIDED
MCH4909,"Sharaf, Lalla And Rattan",5942,Books & Stationery,Sole Proprietorship,Kolkata,West Bengal,2025-02-16,5725440715,Active,650.04,Found Duplicate,present,VALID_NUMERIC,PROVIDED,PROVIDED
MCH4023,"Dhaliwal, Dugar And Vasa",5942,Books & Stationery,Partnership,Chennai,Tamil Nadu,2023-01-02,7015726404,Active,2123.31,Unique,present,VALID_NUMERIC,PROVIDED,PROVIDED
MCH9393,Chand Vasa,5942,Books & Stationery,Individual,Ludhiana,Punjab,2024-12-23,2020254669,Active,2868.44,Found Duplicate,present,VALID_NUMERIC,PROVIDED,PROVIDED
MCH2742,"Manne, Patil And Mukhopadhyay",5942,Books & Stationery,Sole Proprietorship,Pune,Maharashtra,2025-03-10,JAUF9449397976214,Active,0.1389,Found Duplicate,present,ALPHANUMERIC_IBAN,PROVIDED,PROVIDED
MCH8570,Reddy Ltd,5942,Books & Stationery,Partnership,Hyderabad,Telangana,2023-03-28,4219980172,Active,528.1,Unique,present,VALID_NUMERIC,PROVIDED,PROVIDED
MCH4066,Nazareth Group,5942,Books & Stationery,Sole Proprietorship,Kolkata,West Bengal,2023-01-28,XMZT2343976498711,Active,507.68,Found Duplicate,present,ALPHANUMERIC_IBAN,PROVIDED,PROVIDED
MCH9693,"Babu, Murty And Rao",5942,Books & Stationery,Sole Proprietorship,Pune,Maharashtra,2023-07-25,SBLA0467817458024,Active,1260.07,Unique,present,ALPHANUMERIC_IBAN,PROVIDED,PROVIDED
MCH9867,Tripathiltd,5942,Books & Stationery,Individual,Hyderabad,Telangana,2024-01-11,,Active,0.936,Found Duplicate,present,MISSING,PROVIDED,PROVIDED
MCH2650,Choudhary Ltd,5942,Books & Stationery,Individual,Delhi,Delhi,2024-09-22,,Inactive,1197.2,Unique,present,MISSING,PROVIDED,PROVIDED
MCH1064,Mishra Badami,5942,Books & Stationery,Sole Proprietorship,Lucknow,Uttar Pradesh,2025-12-03,,Active,2393.66,Found Duplicate,present,MISSING,PROVIDED,PROVIDED
MCH4971,"Gopal, Jayaraman And Narayan",5942,Books & Stationery,Individual,Lucknow,Uttar Pradesh,2024-11-20,,Unknown,650.74,Unique,present,MISSING,PROVIDED,PROVIDED
MCH8663,Khalsa Group,5942,Books & Stationery,Partnership,Jalandhar,Punjab,2023-05-04,CZSI5545012134696,Inactive,0.338,Unique,present,ALPHANUMERIC_IBAN,PROVIDED,PROVIDED
MCH5367,Varughese Kala,5942,Books & Stationery,Sole Proprietorship,Ludhiana,Punjab,2024-09-24,,Active,1142.44,Found Duplicate,present,MISSING,PROVIDED,PROVIDED
MCH1952,Madan Inc,5942,Books & Stationery,Partnership,Chennai,Tamil Nadu,2024-06-28,7688662215,Inactive,1643.17,Unique,present,VALID_NUMERIC,PROVIDED,PROVIDED
MCH1796,Kohli Nagar,5942,Books & Stationery,Individual,Amritsar,Punjab,2024-07-20,,Active,741.16,Unique,present,MISSING,PROVIDED,PROVIDED
MCH3292,Murthy Plc,5942,Books & Stationery,Individual,Chennai,Tamil Nadu,2023-06-21,XXXX2688,Inactive,2151.78,Found Duplicate,present,MASKED,PROVIDED,PROVIDED
MCH4417,Nair Bhavsar,5942,Books & Stationery,Private Limited,Jalandhar,Punjab,2024-10-26,XXXX2826,Active,291.65,Unique,present,MASKED,PROVIDED,PROVIDED
MCH8598,Chanda Parekh,5942,Books & Stationery,Partnership,Ludhiana,Punjab,,5300981765,Unknown,1205.19,Found Duplicate,missing,VALID_NUMERIC,PROVIDED,PROVIDED
MCH7422,Divan Vaidya,5942,Books & Stationery,Individual,Jaipur,Rajasthan,2024-07-26,7661131218,Suspended,170.31,Unique,present,VALID_NUMERIC,PROVIDED,PROVIDED
MCH1739,Joshi Group,5942,Books & Stationery,Individual,Ludhiana,Punjab,2024-08-31,IRPP9017025863509,Inactive,975.635,Found Duplicate,present,ALPHANUMERIC_IBAN,PROVIDED,MISSING_OR_INVALID
MCH3256,"Patil, Tripathi And Seshadri",5942,Books & Stationery,Partnership,Ludhiana,Punjab,2025-02-11,0074721461,Unknown,4035.32,Unique,present,VALID_NUMERIC,PROVIDED,PROVIDED
MCH7040,Bhasin Lala,5942,Books & Stationery,Individual,Mumbai,Maharashtra,2025-11-10,FTZP5237157996499,Suspended,2406.66,Unique,present,ALPHANUMERIC_IBAN,PROVIDED,PROVIDED
MCH8911,Bava Llc,5942,Books & Stationery,Sole Proprietorship,Hyderabad,Telangana,2025-06-14,,Active,3342.77,Unique,present,MISSING,PROVIDED,PROVIDED
MCH6575,Sanghvi Plc,5942,Books & Stationery,Individual,Lucknow,Uttar Pradesh,2025-02-15,JZFS4748636238917,Active,0.819,Found Duplicate,present,ALPHANUMERIC_IBAN,PROVIDED,PROVIDED
MCH8798,"Taneja, Maharaj And Sa1Vi",5942,Books & Stationery,Partnership,Mumbai,Maharashtra,,,Suspended,0.2125,Found Duplicate,missing,MISSING,PROVIDED,PROVIDED
MCH7620,"Vaidya, Deshmukh And Cherian",5942,Books & Stationery,Individual,Pune,Maharashtra,2024-10-20,SIIG8824885521026,Suspended,1771.87,Found Duplicate,present,ALPHANUMERIC_IBAN,PROVIDED,PROVIDED
MCH8832,Gour Ltd,5942,Books & Stationery,Individual,Pune,Maharashtra,2024-10-19,9524602047,Active,975.635,Found Duplicate,present,VALID_NUMERIC,PROVIDED,MISSING_OR_INVALID
MCH1929,"Bahri,Daraandsaran",5942,Books & Stationery,Private Limited,Jaipur,Rajasthan,2025-12-26,XXXX4676,Active,2563.73,Unique,present,MASKED,PROVIDED,PROVIDED
MCH2674,Mistry And Sons,5942,Books & Stationery,Sole Proprietorship,Hyderabad,Telangana,,XXXX8847,Active,569.39,Found Duplicate,missing,MASKED,PROVIDED,PROVIDED
MCH1229,"Sen, Dewan And Tripathi",5942,Books & Stationery,Private Limited,Amritsar,Punjab,2025-02-19,JECT9983029325791,Active,2028.74,Found Duplicate,present,ALPHANUMERIC_IBAN,PROVIDED,PROVIDED
MCH3604,Dara Borde,5942,Books & Stationery,Sole Proprietorship,Ludhiana,Punjab,2025-03-10,,Active,975.635,Found Duplicate,present,MISSING,PROVIDED,MISSING_OR_INVALID
MCH4301,Thakur Inc,5942,Books & Stationery,Partnership,Delhi,Delhi,2023-04-29,,Active,0.4449,Unique,present,MISSING,PROVIDED,PROVIDED
MCH5204,Sibal Kanda,5942,Books & Stationery,Private Limited,Ludhiana,Punjab,2025-06-20,3994262713,Active,692.13,Found Duplicate,present,VALID_NUMERIC,PROVIDED,PROVIDED
MCH5401,"Sama, Ar0Ra And Mem0N",5942,Books & Stationery,Private Limited,Kolkata,West Bengal,2023-07-23,,Active,571.93,Found Duplicate,present,MISSING,PROVIDED,PROVIDED
MCH5842,"Dutt, Trivedi And Dhingra",5942,Books & Stationery,Partnership,Amritsar,Punjab,2024-01-21,XXXX5651,Unknown,182.55,Unique,present,MASKED,PROVIDED,PROVIDED
MCH5607,Sengupta Murty,5942,Books & Stationery,Sole Proprietorship,Delhi,Delhi,2023-05-10,GVNH6755841589954,Active,2739.15,Found Duplicate,present,ALPHANUMERIC_IBAN,PROVIDED,PROVIDED
MCH9543,Khanna Som,5942,Books & Stationery,Sole Proprietorship,Bengaluru,Karnataka,2023-11-13,XXXX7044,Active,1143.19,Found Duplicate,present,MASKED,PROVIDED,PROVIDED
MCH5741,Rajagopalan Plc,5942,Books & Stationery,Individual,Hyderabad,Telangana,2025-10-29,2788746336,Inactive,1562.28,Found Duplicate,present,VALID_NUMERIC,PROVIDED,PROVIDED
MCH7876,Yadav Bansal,5942,Books & Stationery,Individual,Lucknow,Uttar Pradesh,2024-09-22,,Active,549.03,Found Duplicate,present,MISSING,PROVIDED,PROVIDED
MCH3348,"Chauhan, Chowdhury And Dhillon",5942,Books & Stationery,Individual,Amritsar,Punjab,2023-12-16,MCSB8481417353125,Active,3038.21,Unique,present,ALPHANUMERIC_IBAN,PROVIDED,PROVIDED
MCH8132,Venkataraman Yadav,5942,Books & Stationery,Partnership,Kolkata,West Bengal,2023-10-30,7864776232,Inactive,2105.69,Found Duplicate,present,VALID_NUMERIC,PROVIDED,PROVIDED
MCH9311,"Dyal, Mohan And Patla",5942,Books & Stationery,Sole Proprietorship,Bengaluru,Karnataka,2025-02-16,8480146699,Active,1774.56,Found Duplicate,present,VALID_NUMERIC,PROVIDED,PROVIDED
MCH6376,"Naik, Dhillon And Sama",5942,Books & Stationery,Partnership,Jalandhar,Punjab,2024-01-20,KHDL5323426037616,Active,2593.39,Found Duplicate,present,ALPHANUMERIC_IBAN,PROVIDED,PROVIDED
MCH4428,Raja Kapadia,5942,Books & Stationery,Private Limited,Pune,Maharashtra,2023-01-21,4361145093,Active,0.3396,Unique,present,VALID_NUMERIC,PROVIDED,PROVIDED
MCH8505,Kamdar Ghosh,5942,Books & Stationery,Private Limited,Jaipur,Rajasthan,2023-08-02,XXXX4333,Unknown,517.98,Found Duplicate,present,MASKED,PROVIDED,PROVIDED
MCH5762,Hayre And Sons,5942,Books & Stationery,Sole Proprietorship,Kolkata,West Bengal,2024-01-05,XXXX2767,Active,823.98,Found Duplicate,present,MASKED,PROVIDED,PROVIDED
MCH3139,"Chaudhry, Barman And Choudhury",5942,Books & Stationery,Sole Proprietorship,Bengaluru,Karnataka,2024-01-12,5767179524,Active,0.4138,Found Duplicate,present,VALID_NUMERIC,PROVIDED,PROVIDED
MCH3569,Choudhury Prashad,5942,Books & Stationery,Sole Proprietorship,Lucknow,Uttar Pradesh,2025-02-17,,Active,0.1411,Unique,present,MISSING,PROVIDED,PROVIDED
MCH6692,Parekh Group,5942,Books & Stationery,Partnership,Amritsar,Punjab,2023-12-23,XXXX5642,Unknown,0.307,Found Duplicate,present,MASKED,PROVIDED,PROVIDED
MCH8884,"Dubey, Srinivasan And Pillai",5942,Books & Stationery,Sole Proprietorship,Chennai,Tamil Nadu,2023-07-03,,Active,975.635,Unique,present,MISSING,PROVIDED,MISSING_OR_INVALID
MCH4043,Sodhi Group,5942,Books & Stationery,Partnership,Ludhiana,Punjab,,QEIP6568462838668,Inactive,524.55,Found Duplicate,missing,ALPHANUMERIC_IBAN,PROVIDED,PROVIDED
MCH6504,"Wagle, Choudhry And Patla",5942,Books & Stationery,Private Limited,Jalandhar,Punjab,2025-11-14,,Active,0.1748,Unique,present,MISSING,PROVIDED,PROVIDED
MCH5790,Devi And Sons,5942,Books & Stationery,Partnership,Jaipur,Rajasthan,2024-06-03,LANA4621044039956,Active,8961.2,Unique,present,ALPHANUMERIC_IBAN,PROVIDED,PROVIDED
MCH7096,Saxena Kara,5942,Books & Stationery,Partnership,Jaipur,Rajasthan,2025-01-25,,Active,1167.73,Found Duplicate,present,MISSING,PROVIDED,PROVIDED
MCH4623,Bath Keer,5942,Books & Stationery,Sole Proprietorship,Mumbai,Maharashtra,2023-07-08,,Active,233.65,Found Duplicate,present,MISSING,PROVIDED,PROVIDED
MCH7359,Chacko Dugar,5942,Books & Stationery,Private Limited,Mumbai,Maharashtra,,1437980069,Active,0.654,Found Duplicate,missing,VALID_NUMERIC,PROVIDED,PROVIDED
MCH8157,Lall Char,5942,Books & Stationery,Private Limited,Jalandhar,Punjab,2023-07-08,CLWX6992397328584,Active,3861.94,Found Duplicate,present,ALPHANUMERIC_IBAN,PROVIDED,PROVIDED
MCH4985,Hayre And Sons,5942,Books & Stationery,Partnership,Lucknow,Uttar Pradesh,2023-08-01,PXAE0911368692866,Active,1981.89,Unique,present,ALPHANUMERIC_IBAN,PROVIDED,PROVIDED
MCH5457,Deol Plc,5942,Books & Stationery,Sole Proprietorship,Jaipur,Rajasthan,2024-12-30,XXXX0292,Unknown,1085.1,Unique,present,MASKED,PROVIDED,PROVIDED
MCH8808,"Kothari, Bansal And Gupta",5942,Books & Stationery,Individual,Bengaluru,Karnataka,2025-09-19,9868014892,Unknown,0.38,Unique,present,VALID_NUMERIC,PROVIDED,PROVIDED
MCH8988,"Ratti, Rattan And Menon",5942,Books & Stationery,Private Limited,Chennai,Tamil Nadu,2026-02-21,XXXX5339,Active,1897.88,Unique,present,MASKED,PROVIDED,PROVIDED
MCH6425,Pall Kanda,5942,Books & Stationery,Sole Proprietorship,Delhi,Delhi,,,Active,1143.39,Unique,missing,MISSING,PROVIDED,PROVIDED
MCH5780,"Kumar, Bedi And Borah",5942,Books & Stationery,Individual,Bengaluru,Karnataka,2025-12-01,,Inactive,845.88,Found Duplicate,present,MISSING,PROVIDED,PROVIDED
MCH1908,Tara Babu,5942,Books & Stationery,Sole Proprietorship,Chennai,Tamil Nadu,2023-12-13,,Active,0.4659,Found Duplicate,present,MISSING,PROVIDED,PROVIDED
MCH8475,"Karpe, Iyer And Gole",5942,Books & Stationery,Private Limited,Bengaluru,Karnataka,2025-04-20,,Active,2426.04,Unique,present,MISSING,PROVIDED,PROVIDED
MCH4443,Sachar Banik,5942,Books & Stationery,Partnership,Jaipur,Rajasthan,2024-12-06,BADT3910512012474,Active,2375.86,Unique,present,ALPHANUMERIC_IBAN,PROVIDED,PROVIDED
MCH1257,Varma Maharaj,5942,Books & Stationery,Sole Proprietorship,Kolkata,West Bengal,2023-04-15,VIAW9051693811302,Active,3059.27,Unique,present,ALPHANUMERIC_IBAN,PROVIDED,PROVIDED
MCH7729,Keer Llc,5942,Books & Stationery,Private Limited,Mumbai,Maharashtra,,,Active,0.884,Found Duplicate,missing,MISSING,PROVIDED,PROVIDED
MCH9383,"Sekhon,Padmanabhanandrege",5942,Books & Stationery,Individual,Chennai,Tamil Nadu,2026-01-24,4786143604,Suspended,0.2841,Found Duplicate,present,VALID_NUMERIC,PROVIDED,PROVIDED
MCH3061,Viswanathan Ltd,5942,Books & Stationery,Private Limited,Lucknow,Uttar Pradesh,2025-04-25,,Inactive,574.59,Found Duplicate,present,MISSING,PROVIDED,PROVIDED
MCH7804,Choudhry And Sons,5942,Books & Stationery,Sole Proprietorship,Ludhiana,Punjab,2024-04-02,XXXX6038,Active,0.586,Found Duplicate,present,MASKED,PROVIDED,PROVIDED
MCH5883,Pillai Ltd,5942,Books & Stationery,Partnership,Pune,Maharashtra,2024-10-18,ELEN4323090043469,Active,2102.56,Unique,present,ALPHANUMERIC_IBAN,PROVIDED,PROVIDED
MCH3689,"Palla, Gara And Malhotra",5942,Books & Stationery,Partnership,Bengaluru,Karnataka,2025-02-04,JSVI9099789537273,Inactive,1319.27,Unique,present,ALPHANUMERIC_IBAN,PROVIDED,PROVIDED
MCH9815,"Narasimhan, Vasa And Goswami",5942,Books & Stationery,Individual,Delhi,Delhi,2025-10-11,MZNM1643262942719,Active,528.91,Found Duplicate,present,ALPHANUMERIC_IBAN,PROVIDED,PROVIDED
MCH9348,"Toor, Parekh And Agate",5942,Books & Stationery,Private Limited,Amritsar,Punjab,2025-03-30,HCSS6943242832650,Unknown,4472.44,Found Duplicate,present,ALPHANUMERIC_IBAN,PROVIDED,PROVIDED
MCH4962,Venkataraman Mannan,5942,Books & Stationery,Private Limited,Chennai,Tamil Nadu,2025-07-15,8238766790,Active,266.61,Unique,present,VALID_NUMERIC,PROVIDED,PROVIDED
MCH4621,Ravel Chaudhuri,5942,Books & Stationery,Private Limited,Delhi,Delhi,2024-08-04,RGWL4221508668071,Active,397.3,Found Duplicate,present,ALPHANUMERIC_IBAN,PROVIDED,PROVIDED
MCH5210,Rege Sridhar,5942,Books & Stationery,Private Limited,Jalandhar,Punjab,2024-05-10,VHMQ6214837340223,Active,1199.73,Found Duplicate,present,ALPHANUMERIC_IBAN,PROVIDED,PROVIDED
MCH6982,"Baral, Ramachandran And Keer",5942,Books & Stationery,Partnership,Lucknow,Uttar Pradesh,2025-09-13,IVWY4612352669313,Suspended,5234.31,Found Duplicate,present,ALPHANUMERIC_IBAN,PROVIDED,PROVIDED
MCH2618,"Loyal, Nadkarni And Mangal",5942,Books & Stationery,Partnership,Bengaluru,Karnataka,2026-01-27,NZSX7829638547170,Active,0.816,Unique,present,ALPHANUMERIC_IBAN,PROVIDED,PROVIDED
MCH6095,"Sahota, Misra And Kata",5942,Books & Stationery,Partnership,Hyderabad,Telangana,2024-11-29,,Active,0.665,Unique,present,MISSING,PROVIDED,PROVIDED
MCH8555,Gopal Llc,5942,Books & Stationery,Private Limited,Chennai,Tamil Nadu,2025-06-13,3381139283,Unknown,975.635,Found Duplicate,present,VALID_NUMERIC,PROVIDED,MISSING_OR_INVALID
MCH2224,Luthra Nagy,5942,Books & Stationery,Individual,Jaipur,Rajasthan,2025-10-23,HRLX9724386565153,Inactive,890.7,Found Duplicate,present,ALPHANUMERIC_IBAN,PROVIDED,PROVIDED
MCH9772,Vyas Ganguly,5942,Books & Stationery,Partnership,Jalandhar,Punjab,2023-12-25,1012219749,Active,1198.91,Found Duplicate,present,VALID_NUMERIC,PROVIDED,PROVIDED
MCH9537,Chakrab0Rty Plc,5942,Books & Stationery,Individual,Amritsar,Punjab,2025-01-02,XXXX8422,Active,1188.48,Found Duplicate,present,MASKED,PROVIDED,PROVIDED
MCH1326,"Chaudhry, Agrawa1 And Sridhar",5942,Books & Stationery,Sole Proprietorship,Bengaluru,Karnataka,2024-05-20,ZQNQ7613300121760,Active,177.58,Unique,present,ALPHANUMERIC_IBAN,PROVIDED,PROVIDED
MCH6379,Chana Mahajan,5942,Books & Stationery,Private Limited,Bengaluru,Karnataka,2025-08-08,XXXX7525,Active,2923.98,Unique,present,MASKED,PROVIDED,PROVIDED
MCH3722,"Ben, Dhingra And Garde",5942,Books & Stationery,Private Limited,Delhi,Delhi,2025-01-28,,Inactive,163.22,Found Duplicate,present,MISSING,PROVIDED,PROVIDED
MCH9688,Choudhry Llc,5942,Books & Stationery,Sole Proprietorship,Bengaluru,Karnataka,2023-10-18,,Unknown,825.43,Unique,present,MISSING,PROVIDED,PROVIDED
MCH1365,Agate Plc,5942,Books & Stationery,Partnership,Pune,Maharashtra,2024-10-12,,Active,2839.17,Found Duplicate,present,MISSING,PROVIDED,PROVIDED
MCH6441,Boase Group,5942,Books & Stationery,Sole Proprietorship,Amritsar,Punjab,2024-10-18,XXXX1328,Active,4755.4,Found Duplicate,present,MASKED,PROVIDED,PROVIDED
MCH5717,"Kuruvilla, Deol And Rama",5942,Books & Stationery,Sole Proprietorship,Jaipur,Rajasthan,2023-05-16,,Active,8901.44,Unique,present,MISSING,PROVIDED,PROVIDED
MCH4109,"Lal, Handa And Mammen",5942,Books & Stationery,Individual,Kolkata,West Bengal,2024-01-07,,Unknown,1181.07,Unique,present,MISSING,PROVIDED,PROVIDED
MCH7810,Bora Chawla,5942,Books & Stationery,Individual,Amritsar,Punjab,2023-04-11,WADW8907156741077,Active,631.58,Found Duplicate,present,ALPHANUMERIC_IBAN,PROVIDED,PROVIDED
MCH4180,Dave Oza,5942,Books & Stationery,Sole Proprietorship,Delhi,Delhi,2024-01-08,,Active,394.99,Found Duplicate,present,MISSING,PROVIDED,PROVIDED
MCH5354,Khatri De0,5942,Books & Stationery,Partnership,Jalandhar,Punjab,,WCZU4810286661084,Active,975.635,Found Duplicate,missing,ALPHANUMERIC_IBAN,PROVIDED,MISSING_OR_INVALID
MCH8679,Mangal Gole,5942,Books & Stationery,Private Limited,Jaipur,Rajasthan,2023-11-01,4734640473,Active,971.58,Found Duplicate,present,VALID_NUMERIC,PROVIDED,PROVIDED
MCH5797,Bhatt Ltd,5942,Books & Stationery,Individual,Chennai,Tamil Nadu,,XXXX5629,Active,0.1641,Found Duplicate,missing,MASKED,PROVIDED,PROVIDED
MCH3079,Anne Sen,5942,Books & Stationery,Individual,Pune,Maharashtra,2025-08-04,,Active,975.635,Found Duplicate,present,MISSING,PROVIDED,MISSING_OR_INVALID
MCH4842,Pa11A Llc,5942,Books & Stationery,Individual,Kolkata,West Bengal,2024-12-19,XXXX0707,Active,0.3127,Found Duplicate,present,MASKED,PROVIDED,PROVIDED
MCH7810,Bail Inc,5942,Books & Stationery,Sole Proprietorship,Ludhiana,Punjab,2025-01-25,9018773100,Inactive,529.29,Found Duplicate,present,VALID_NUMERIC,PROVIDED,PROVIDED
MCH3308,Setty Llc,5942,Books & Stationery,Partnership,Pune,Maharashtra,2023-06-28,,Active,883.84,Found Duplicate,present,MISSING,PROVIDED,PROVIDED
MCH5269,"Lala, Raval And Sahni",5942,Books & Stationery,Partnership,Jalandhar,Punjab,2024-10-21,1738664466,Active,873.0,Found Duplicate,present,VALID_NUMERIC,PROVIDED,PROVIDED
MCH6397,"Suri, Agrawal And Natarajan",5942,Books & Stationery,Partnership,Delhi,Delhi,2024-08-19,,Active,0.547,Found Duplicate,present,MISSING,PROVIDED,PROVIDED
MCH9993,Chadha Tailor,5942,Books & Stationery,Private Limited,Ludhiana,Punjab,2026-01-05,,Inactive,2368.65,Unique,present,MISSING,PROVIDED,PROVIDED
MCH4158,Sastry Inc,5942,Books & Stationery,Partnership,Delhi,Delhi,2024-08-15,DAYK8556309990572,Inactive,480.93,Unique,present,ALPHANUMERIC_IBAN,PROVIDED,PROVIDED
MCH7324,Grover Murty,5942,Books & Stationery,Partnership,Jalandhar,Punjab,2025-02-12,,Suspended,1077.62,Unique,present,MISSING,PROVIDED,PROVIDED
MCH5167,Bose And Sons,5942,Books & Stationery,Private Limited,Jalandhar,Punjab,2025-08-20,,Inactive,1269.25,Unique,present,MISSING,PROVIDED,PROVIDED
MCH9400,Sachar Plc,5942,Books & Stationery,Sole Proprietorship,Kolkata,West Bengal,2023-03-28,,Active,872.66,Found Duplicate,present,MISSING,PROVIDED,PROVIDED
MCH5416,Upadhyay Llc,5942,Books & Stationery,Individual,Chennai,Tamil Nadu,2024-07-24,XXXX2133,Active,975.635,Found Duplicate,present,MASKED,PROVIDED,MISSING_OR_INVALID
MCH1493,"Kar, Nath And Koshy",5942,Books & Stationery,Individual,Bengaluru,Karnataka,2023-01-28,XXXX9866,Active,975.635,Unique,present,MASKED,PROVIDED,MISSING_OR_INVALID
MCH2530,Palla Datta,5942,Books & Stationery,Partnership,Pune,Maharashtra,2023-08-03,,Active,2593.27,Found Duplicate,present,MISSING,PROVIDED,PROVIDED
MCH1016,"Mangat, Som And Deshmukh",5942,Books & Stationery,Individual,Pune,Maharashtra,2025-08-02,OOIR2591293670615,Suspended,756.28,Found Duplicate,present,ALPHANUMERIC_IBAN,PROVIDED,PROVIDED
MCH5712,Goda Kashyap,5942,Books & Stationery,Private Limited,Amritsar,Punjab,2025-01-12,ILKC7960163227117,Active,975.635,Found Duplicate,present,ALPHANUMERIC_IBAN,PROVIDED,MISSING_OR_INVALID
MCH9147,Borde Group,5942,Books & Stationery,Sole Proprietorship,Chennai,Tamil Nadu,,,Unknown,0.193,Found Duplicate,missing,MISSING,PROVIDED,PROVIDED
MCH6326,"Barad,Murtyandtella",5942,Books & Stationery,Private Limited,Chennai,Tamil Nadu,2024-06-22,LQXK9607455160094,Active,671.62,Found Duplicate,present,ALPHANUMERIC_IBAN,PROVIDED,PROVIDED
MCH8085,Verma Ramachandran,5942,Books & Stationery,Individual,Pune,Maharashtra,2025-10-22,7310237630,Active,975.635,Unique,present,VALID_NUMERIC,PROVIDED,MISSING_OR_INVALID
MCH4976,Walla And Sons,5942,Books & Stationery,Sole Proprietorship,Bengaluru,Karnataka,2025-10-21,XKET6356016924037,Active,0.929,Unique,present,ALPHANUMERIC_IBAN,PROVIDED,PROVIDED
MCH3058,Patla Padmanabhan,5942,Books & Stationery,Individual,Pune,Maharashtra,2024-10-18,OBXD4944464643223,Active,974.77,Unique,present,ALPHANUMERIC_IBAN,PROVIDED,PROVIDED
MCH7003,"Koshy, Samra And Chana",5942,Books & Stationery,Private Limited,Jalandhar,Punjab,2024-06-29,XXXX7569,Suspended,776.99,Found Duplicate,present,MASKED,PROVIDED,PROVIDED
MCH7912,"Raju, Bhakta And Kaul",5942,Books & Stationery,Partnership,Jaipur,Rajasthan,2024-10-13,,Active,1561.88,Found Duplicate,present,MISSING,PROVIDED,PROVIDED
MCH2211,Krishnan Sibal,5942,Books & Stationery,Individual,Bengaluru,Karnataka,2023-05-28,,Active,1189.37,Unique,present,MISSING,PROVIDED,PROVIDED
MCH2755,Chaudhuri And S0Ns,5942,Books & Stationery,Individual,Mumbay,Maharashtra,2025-11-29,,Active,0.44,Found Duplicate,present,MISSING,PROVIDED,PROVIDED
MCH5395,"Dada, Jani And Kaul",5942,Books & Stationery,Partnership,Chennai,Tamil Nadu,2025-03-06,,Active,698.53,Unique,present,MISSING,PROVIDED,PROVIDED
MCH1789,Loke Chanda,5942,Books & Stationery,Partnership,Jaipur,Rajasthan,2023-02-25,,Active,15713.68,Unique,present,MISSING,PROVIDED,PROVIDED
MCH8556,"Rout, Dhillon And Sinha",5942,Books & Stationery,Sole Proprietorship,Jaipur,Rajasthan,2023-04-05,,Active,975.635,Unique,present,MISSING,PROVIDED,MISSING_OR_INVALID
MCH7294,"Singh, Ramanathan And Setty",5942,Books & Stationery,Private Limited,Jalandhar,Punjab,2025-02-04,,Suspended,0.169,Found Duplicate,present,MISSING,PROVIDED,PROVIDED
MCH8912,Nagar Plc,5942,Books & Stationery,Private Limited,Mumbai,Maharashtra,2024-02-17,,Active,196.56,Found Duplicate,present,MISSING,PROVIDED,PROVIDED
MCH5258,Kibe Ramanathan,5942,Books & Stationery,Partnership,Delhi,Delhi,2024-08-15,IIKD1145736850427,Unknown,3143.33,Unique,present,ALPHANUMERIC_IBAN,PROVIDED,PROVIDED
MCH7096,Saxena Kara,5942,Books & Stationery,Partnership,Jaipur,Rajasthan,2025-01-25,,Active,1167.73,Found Duplicate,present,MISSING,PROVIDED,PROVIDED
MCH7403,Prabhakar Group,5942,Books & Stationery,Sole Proprietorship,Chennai,Tamil Nadu,2025-12-29,XXXX4472,Inactive,657.74,Found Duplicate,present,MASKED,PROVIDED,PROVIDED
MCH5972,Mane Ltd,5942,Books & Stationery,Individual,Amritsar,Punjab,2024-03-06,XXXX0204,Active,644.97,Found Duplicate,present,MASKED,PROVIDED,PROVIDED
MCH7105,"Palan, Doctor And Arora",5942,Books & Stationery,Sole Proprietorship,Hyderabad,Telangana,2025-04-18,1349306323,Active,969.67,Found Duplicate,present,VALID_NUMERIC,PROVIDED,PROVIDED
MCH1483,Mohan Kari,5942,Books & Stationery,Private Limited,Amritsar,Punjab,2026-02-11,XXXX3338,Active,1901.08,Unique,present,MASKED,PROVIDED,PROVIDED
MCH1179,Suresh Chand,5942,Books & Stationery,Partnership,Chennai,Tamil Nadu,2025-11-19,,Active,975.635,Unique,present,MISSING,PROVIDED,MISSING_OR_INVALID
MCH8496,Sandhu Plc,5942,Books & Stationery,Partnership,Hyderabad,Telangana,2025-10-01,PCDO3725942171870,Inactive,975.635,Unique,present,ALPHANUMERIC_IBAN,PROVIDED,MISSING_OR_INVALID
MCH3354,"Barad, Ahluwalia And Mahal",5942,Books & Stationery,Partnership,Lucknow,Uttar Pradesh,2026-02-06,XXXX7924,Unknown,906.14,Unique,present,MASKED,PROVIDED,PROVIDED
MCH2726,"Rastogi, Behl And Purohit",5942,Books & Stationery,Sole Proprietorship,Mumbai,Maharashtra,2025-04-04,XYEE0098710788916,Active,1692.27,Found Duplicate,present,ALPHANUMERIC_IBAN,PROVIDED,PROVIDED
MCH9550,Chandra Sangha,5942,Books & Stationery,Sole Proprietorship,Hyderabad,Telangana,2025-12-18,,Active,674.9,Unique,present,MISSING,PROVIDED,PROVIDED
MCH1917,"Bera, Bhakta And Dhillon",5942,Books & Stationery,Sole Proprietorship,Mumbai,Maharashtra,2023-08-06,9839969668,Active,0.293,Found Duplicate,present,VALID_NUMERIC,PROVIDED,PROVIDED
MCH7904,Kapadia Pandya,5942,Books & Stationery,Partnership,Chennai,Tamil Nadu,2023-09-20,XXXX8842,Active,6260.03,Unique,present,MASKED,PROVIDED,PROVIDED
MCH2412,Nadig Inc,5942,Books & Stationery,Individual,Hyderabad,Telangana,2024-12-08,XXXX9581,Active,144.12,Unique,present,MASKED,PROVIDED,PROVIDED
MCH6615,Pillay Group,5942,Books & Stationery,Individual,Hyderabad,Telangana,2025-09-12,3204013146,Suspended,785.64,Unique,present,VALID_NUMERIC,PROVIDED,PROVIDED
MCH1926,"Bail, Bala And Bahl",5942,Books & Stationery,Partnership,Pune,Maharashtra,2024-05-07,,Active,1485.21,Found Duplicate,present,MISSING,PROVIDED,PROVIDED
MCH9547,Anne Narasimhan,5311,Department Store,Individual,Delhi,Delhi,2025-11-04,,Active,823.12,Unique,present,MISSING,PROVIDED,PROVIDED
MCH8521,"Sankaran, Mangat And Gaba",5311,Department Store,Sole Proprietorship,Delhi,Delhi,2024-11-24,MNDO2443340838612,Active,1028.11,Found Duplicate,present,ALPHANUMERIC_IBAN,PROVIDED,PROVIDED
MCH4574,Cherian And Sons,5311,Department Store,Individual,Lucknow,Uttar Pradesh,2024-08-31,XXXX0148,Active,789.16,Unique,present,MASKED,PROVIDED,PROVIDED
MCH4094,Jani Mistry,5311,Department Store,Partnership,Amritsar,Punjab,2024-05-06,,Unknown,5482.47,Found Duplicate,present,MISSING,PROVIDED,PROVIDED
MCH7726,Modi Ltd,5311,Department Store,Individual,Lucknow,Uttar Pradesh,2025-05-17,XXXX3760,Unknown,1955.14,Unique,present,MASKED,PROVIDED,PROVIDED
MCH3179,"Sarma, Singh And Char",5311,Department Store,Individual,Hyderabad,Telangana,,,Active,1817.49,Found Duplicate,missing,MISSING,PROVIDED,PROVIDED
MCH5164,"Yohannan,Sahniandbasak",5311,Department Store,Individual,Mumbay,Maharashtra,2023-09-01,8938397659,Inactive,830.61,Unique,present,VALID_NUMERIC,PROVIDED,PROVIDED
MCH5335,Shroff And Sons,5311,Department Store,Sole Proprietorship,Chennai,Tamil Nadu,,XXXX4486,Inactive,0.1166,Found Duplicate,missing,MASKED,PROVIDED,PROVIDED
MCH1056,Mital Jhaveri,5311,Department Store,Partnership,Amritsar,Punjab,2023-09-10,6820698589,Active,5938.05,Unique,present,VALID_NUMERIC,PROVIDED,PROVIDED
MCH4706,"Varughese, Mani And Ch0Udhary",5311,Department Store,Individual,Bengaluru,Karnataka,2025-11-11,3980025472,Active,1658.13,Found Duplicate,present,VALID_NUMERIC,PROVIDED,PROVIDED
MCH4037,Chaudhuri Llc,5311,Department Store,Individual,Hyderabad,Telangana,2024-11-23,0677487191,Active,2168.76,Unique,present,VALID_NUMERIC,PROVIDED,PROVIDED
MCH4441,"Sachdev, Doctor And Subramanian",5311,Department Store,Partnership,Chennai,Tamil Nadu,2023-06-08,6376514375,Inactive,3222.79,Unique,present,VALID_NUMERIC,PROVIDED,PROVIDED
MCH3869,Hegde Ltd,5311,Department Store,Partnership,Pune,Maharashtra,2026-01-28,,Active,342.59,Unique,present,MISSING,PROVIDED,PROVIDED
MCH5737,"Mangat, Parmer And Khosla",5311,Department Store,Sole Proprietorship,Pune,Maharashtra,,ERHY5292307870912,Active,2850.24,Found Duplicate,missing,ALPHANUMERIC_IBAN,PROVIDED,PROVIDED
MCH2027,"Boase, Ghosh And Manda",5311,Department Store,Partnership,Chennai,Tamil Nadu,2023-12-16,XXXX6284,Unknown,1163.7,Unique,present,MASKED,PROVIDED,PROVIDED
MCH2789,Peri Panchal,5311,Department Store,Partnership,Jalandhar,Punjab,,,Active,1044.19,Unique,missing,MISSING,PROVIDED,PROVIDED
MCH6731,Dhar Llc,5311,Department Store,Private Limited,Kolkata,West Bengal,2023-03-11,,Active,1373.69,Found Duplicate,present,MISSING,PROVIDED,PROVIDED
MCH8640,"Vasa, Nanda And Bhat",5311,Department Store,Sole Proprietorship,Pune,Maharashtra,2025-03-05,,Unknown,347.11,Unique,present,MISSING,PROVIDED,PROVIDED
MCH9857,Mitra Bala,5311,Department Store,Partnership,Bengaluru,Karnataka,2024-01-15,7322976024,Active,507.74,Unique,present,VALID_NUMERIC,PROVIDED,PROVIDED
MCH5968,"Soman, Issac And Goswami",5311,Department Store,Private Limited,Jalandhar,Punjab,2025-10-16,2039525092,Unknown,5598.75,Unique,present,VALID_NUMERIC,PROVIDED,PROVIDED
MCH8076,"Sani, Sanghvi And Butala",5311,Department Store,Individual,Ludhiana,Punjab,2024-07-02,9096281984,Active,470.52,Found Duplicate,present,VALID_NUMERIC,PROVIDED,PROVIDED
MCH3143,"Zacharia, Buch And Yadav",5311,Department Store,Partnership,Hyderabad,Telangana,2023-03-13,UMIZ4082572641807,Active,0.4822,Unique,present,ALPHANUMERIC_IBAN,PROVIDED,PROVIDED
MCH8044,"Sant, Nadkarni And Rajan",5311,Department Store,Individual,Bengaluru,Karnataka,2024-10-13,,Unknown,794.78,Unique,present,MISSING,PROVIDED,PROVIDED
MCH9914,Nayar Group,5311,Department Store,Individual,Amritsar,Punjab,2024-05-26,PBUY1561698017263,Unknown,5811.91,Found Duplicate,present,ALPHANUMERIC_IBAN,PROVIDED,PROVIDED
MCH4729,Parmer Kulkarni,5311,Department Store,Individual,Bengaluru,Karnataka,2023-03-09,,Unknown,1384.93,Found Duplicate,present,MISSING,PROVIDED,PROVIDED
MCH7586,"Hayer, Savant And Tiwari",5311,Department Store,Partnership,Pune,Maharashtra,2024-03-31,ODJU9409130463225,Unknown,765.1,Found Duplicate,present,ALPHANUMERIC_IBAN,PROVIDED,PROVIDED
MCH8719,Kala Llc,5311,Department Store,Individual,Kolkata,West Bengal,2025-10-25,,Active,2779.32,Unique,present,MISSING,PROVIDED,PROVIDED
MCH6566,"Kala, Talwar And Keer",5311,Department Store,Private Limited,Chennai,Tamil Nadu,2024-02-15,2935227590,Active,2110.86,Found Duplicate,present,VALID_NUMERIC,PROVIDED,PROVIDED
MCH3382,Walla Rau,5311,Department Store,Individual,Mumbai,Maharashtra,,,Suspended,2452.74,Found Duplicate,missing,MISSING,PROVIDED,PROVIDED
MCH2636,Rau Plc,5311,Department Store,Partnership,Delhi,Delhi,2024-04-06,,Active,5739.27,Unique,present,MISSING,PROVIDED,PROVIDED
MCH8505,"Joshi, Sarin And Krishnamurthy",5311,Department Store,Partnership,Jaipur,Rajasthan,2023-04-08,,Active,811.55,Found Duplicate,present,MISSING,PROVIDED,PROVIDED
MCH1965,Kata Inc,5311,Department Store,Private Limited,Amritsar,Punjab,2023-04-04,,Active,686.92,Found Duplicate,present,MISSING,PROVIDED,PROVIDED
MCH7737,Pal Rama,5311,Department Store,Partnership,Ludhiana,Punjab,2023-01-09,XXXX1213,Active,1196.31,Found Duplicate,present,MASKED,PROVIDED,PROVIDED
MCH3779,Aggarwal Hans,5311,Department Store,Private Limited,Kolkata,West Bengal,2024-12-04,VKLU5024337304270,Active,1502.01,Unique,present,ALPHANUMERIC_IBAN,PROVIDED,PROVIDED
MCH8198,Buch Sengupta,5311,Department Store,Individual,Kolkata,West Bengal,2023-01-18,,Inactive,2004.67,Found Duplicate,present,MISSING,PROVIDED,PROVIDED
MCH8139,"Mani, Kala And Verma",5311,Department Store,Individual,Amritsar,Punjab,2024-02-07,6294042962,Active,2137.68,Unique,present,VALID_NUMERIC,PROVIDED,PROVIDED
MCH8130,"Kale, Kumer And Chand",5311,Department Store,Partnership,Ludhiana,Punjab,2026-02-05,GYEV9276514828192,Active,419.61,Unique,present,ALPHANUMERIC_IBAN,PROVIDED,PROVIDED
MCH6802,"Deo, Vohra And Palla",5311,Department Store,Private Limited,Delhi,Delhi,2024-04-11,,Active,1823.92,Unique,present,MISSING,PROVIDED,PROVIDED
MCH9942,"Joshi,Pradhanandbawa",5311,Department Store,Partnership,Mumbai,Maharashtra,2023-08-22,7937476711,Active,289.38,Found Duplicate,present,VALID_NUMERIC,PROVIDED,PROVIDED
MCH6205,"Manne, Zachariah And Arora",5311,Department Store,Private Limited,Mumbai,Maharashtra,2025-06-23,4034175727,Active,0.756,Found Duplicate,present,VALID_NUMERIC,PROVIDED,PROVIDED
MCH2220,Tailor And Sons,5311,Department Store,Sole Proprietorship,Mumbay,Maharashtra,2025-06-23,,Active,940.64,Unique,present,MISSING,PROVIDED,PROVIDED
MCH4165,Nayar Plc,5311,Department Store,Private Limited,Delhi,Delhi,2023-06-03,,Suspended,1388.15,Found Duplicate,present,MISSING,PROVIDED,PROVIDED
MCH4248,"Bahl, Prashad And Reddy",5311,Department Store,Sole Proprietorship,Lucknow,Uttar Pradesh,2025-06-30,,Active,4921.5,Unique,present,MISSING,PROVIDED,PROVIDED
MCH5110,"Anne, Nayak And Chada",5311,Department Store,Private Limited,Amritsar,Punjab,2023-04-26,6381447674,Active,0.478,Found Duplicate,present,VALID_NUMERIC,PROVIDED,PROVIDED
MCH6513,"Krishna, Deshpande And Kar",5311,Department Store,Individual,Mumbai,Maharashtra,2025-08-13,XXXX3471,Active,2622.03,Found Duplicate,present,MASKED,PROVIDED,PROVIDED
MCH5401,Dave Plc,5311,Department Store,Partnership,Mumbai,Maharashtra,2023-06-03,,Unknown,0.3231,Found Duplicate,present,MISSING,PROVIDED,PROVIDED
MCH4383,Vala Llc,5311,Department Store,Sole Proprietorship,Lucknow,Uttar Pradesh,2025-06-15,,Unknown,219.66,Found Duplicate,present,MISSING,PROVIDED,PROVIDED
MCH2197,Palan Bhatti,5311,Department Store,Partnership,Delhi,Delhi,,YPNI1403413664050,Active,2800.25,Unique,missing,ALPHANUMERIC_IBAN,PROVIDED,PROVIDED
MCH5442,Sarkar Prabhu,5311,Department Store,Private Limited,Ludhiana,Punjab,2023-12-19,,Unknown,0.3121,Found Duplicate,present,MISSING,PROVIDED,PROVIDED
MCH6805,Dora Ltd,5311,Department Store,Private Limited,Mumbai,Maharashtra,2025-09-17,4896284694,Unknown,371.73,Unique,present,VALID_NUMERIC,PROVIDED,PROVIDED
MCH3330,"Keer, Gupta And Som",5311,Department Store,Private Limited,Jalandhar,Punjab,2025-11-26,LOCM5644673929837,Active,3134.69,Unique,present,ALPHANUMERIC_IBAN,PROVIDED,PROVIDED
MCH7685,"Badal, Khurana And Bansal",5311,Department Store,Individual,Jalandhar,Punjab,2025-05-06,XXXX6889,Inactive,3304.25,Unique,present,MASKED,PROVIDED,PROVIDED
MCH4244,"Doctor, Pillay And Nori",5311,Department Store,Individual,Ludhiana,Punjab,2026-02-22,8115439991,Unknown,2111.57,Found Duplicate,present,VALID_NUMERIC,PROVIDED,PROVIDED
MCH5890,Apte Sant,5311,Department Store,Partnership,Amritsar,Punjab,2026-01-27,BNKX3894227656030,Inactive,2687.77,Unique,present,ALPHANUMERIC_IBAN,PROVIDED,PROVIDED
MCH1153,"Oommen, Sastry And Varty",5311,Department Store,Private Limited,Amritsar,Punjab,2024-06-17,XXXX3616,Active,873.51,Found Duplicate,present,MASKED,PROVIDED,PROVIDED
MCH2257,Mandal Sankaran,5311,Department Store,Individual,Mumbai,Maharashtra,2024-04-18,,Active,4831.04,Unique,present,MISSING,PROVIDED,PROVIDED
MCH6848,Dora Llc,5311,Department Store,Partnership,Chennai,Tamil Nadu,2025-09-20,DUSD7272281625368,Active,1272.49,Unique,present,ALPHANUMERIC_IBAN,PROVIDED,PROVIDED
MCH3105,Bandi Plc,5311,Department Store,Sole Proprietorship,Mumbay,Maharashtra,2026-01-05,1280850023,Active,1578.41,Unique,present,VALID_NUMERIC,PROVIDED,PROVIDED
MCH8929,Nagi Bala,5311,Department Store,Sole Proprietorship,Kolkata,West Bengal,2024-12-17,XXXX2967,Active,0.232,Found Duplicate,present,MASKED,PROVIDED,PROVIDED
MCH3119,Chana Deshmukh,5311,Department Store,Private Limited,Hyderabad,Telangana,2024-02-12,,Active,0.4993,Unique,present,MISSING,PROVIDED,PROVIDED
MCH3555,Chaudhari Dutta,5311,Department Store,Partnership,Kolkata,West Bengal,2023-03-31,FYRB6292482908836,Active,712.21,Unique,present,ALPHANUMERIC_IBAN,PROVIDED,PROVIDED
MCH5097,Sathe Inc,5311,Department Store,Sole Proprietorship,Jaipur,Rajasthan,2023-05-07,XXXX5532,Active,997.33,Unique,present,MASKED,PROVIDED,PROVIDED
MCH1792,"Suresh, Chada And Mahal",5311,Department Store,Sole Proprietorship,Kolkata,West Bengal,2025-03-24,XXXX6459,Unknown,1181.5500000000002,Found Duplicate,present,MASKED,PROVIDED,MISSING_OR_INVALID
MCH2941,Sengroup,5311,Department Store,Sole Proprietorship,Mumbai,Maharashtra,2024-09-22,XXXX4390,Active,1783.76,Unique,present,MASKED,PROVIDED,PROVIDED
MCH6365,Bora Sood,5311,Department Store,Individual,Pune,Maharashtra,2025-06-28,,Active,3013.41,Found Duplicate,present,MISSING,PROVIDED,PROVIDED
MCH1130,"K0Thari, Singh And Sura",5311,Department Store,Sole Proprietorship,Ludhiana,Punjab,2025-09-20,,Active,3514.91,Found Duplicate,present,MISSING,PROVIDED,PROVIDED
MCH7355,"Rastogi, Ahluwalia And Tata",5311,Department Store,Private Limited,Mumbai,Maharashtra,,XJBM2228557617179,Unknown,0.2172,Found Duplicate,missing,ALPHANUMERIC_IBAN,PROVIDED,PROVIDED
MCH2851,Minhas Group,5311,Department Store,Sole Proprietorship,Hyderabad,Telangana,2023-01-25,XXXX8636,Active,1535.83,Found Duplicate,present,MASKED,PROVIDED,PROVIDED
MCH8579,Om Llc,5311,Department Store,Sole Proprietorship,Bengaluru,Karnataka,2024-05-10,IKJV1180612753786,Unknown,3034.67,Unique,present,ALPHANUMERIC_IBAN,PROVIDED,PROVIDED
MCH9827,Chaudry And Sons,5311,Department Store,Private Limited,Bengaluru,Karnataka,2025-04-02,WKDN2531235762305,Active,1686.75,Unique,present,ALPHANUMERIC_IBAN,PROVIDED,PROVIDED
MCH9125,"Mallick, Walia And Kanda",5311,Department Store,Partnership,Chennai,Tamil Nadu,2023-10-21,,Active,3007.21,Found Duplicate,present,MISSING,PROVIDED,PROVIDED
MCH5683,Subramanian Group,5311,Department Store,Private Limited,Lucknow,Uttar Pradesh,2024-10-24,XUFZ9750077803623,Suspended,774.44,Found Duplicate,present,ALPHANUMERIC_IBAN,PROVIDED,PROVIDED
MCH5037,Chadha Llc,5311,Department Store,Private Limited,Jaipur,Rajasthan,2025-03-05,5877889834,Active,5536.23,Found Duplicate,present,VALID_NUMERIC,PROVIDED,PROVIDED
MCH9786,"Pai, Thakkar And Krish",5311,Department Store,Private Limited,Hyderabad,Telangana,,,Active,1876.06,Unique,missing,MISSING,PROVIDED,PROVIDED
MCH4261,More Ltd,5311,Department Store,Partnership,Pune,Maharashtra,2023-04-06,8057436193,Active,761.11,Found Duplicate,present,VALID_NUMERIC,PROVIDED,PROVIDED
MCH4475,"Ray, Kulkarni And Suresh",5311,Department Store,Private Limited,Ludhiana,Punjab,2024-03-03,XXXX5127,Active,3417.23,Found Duplicate,present,MASKED,PROVIDED,PROVIDED
MCH9906,Sani Tailor,5311,Department Store,Partnership,Chennai,Tamil Nadu,2024-11-20,,Unknown,0.3953,Found Duplicate,present,MISSING,PROVIDED,PROVIDED
MCH9624,Brar Chad,5311,Department Store,Individual,Amritsar,Punjab,2025-02-04,XXXX6058,Suspended,2595.66,Unique,present,MASKED,PROVIDED,PROVIDED
MCH9322,"Khosla, Walia And Deep",5311,Department Store,Partnership,Kolkata,West Bengal,2024-07-15,BPNH2377464616036,Unknown,1060.15,Unique,present,ALPHANUMERIC_IBAN,PROVIDED,PROVIDED
MCH5914,"Agarwal, Pant And Ravi",5311,Department Store,Private Limited,Hyderabad,Telangana,2023-10-23,XXXX4508,Active,1447.48,Found Duplicate,present,MASKED,PROVIDED,PROVIDED
MCH3274,Sen Chawla,5311,Department Store,Private Limited,Chennai,Tamil Nadu,2023-02-25,8919947096,Active,1472.57,Unique,present,VALID_NUMERIC,PROVIDED,PROVIDED
MCH2081,Date Plc,5311,Department Store,Private Limited,Lucknow,Uttar Pradesh,2023-04-01,XXXX3660,Active,275.64,Found Duplicate,present,MASKED,PROVIDED,PROVIDED
MCH7185,Prasad Ltd,5311,Department Store,Individual,Mumbai,Maharashtra,2023-06-04,XXXX4284,Active,853.37,Found Duplicate,present,MASKED,PROVIDED,PROVIDED
MCH5316,Madan Ltd,5311,Department Store,Individual,Kolkata,West Bengal,2023-05-11,,Inactive,706.61,Found Duplicate,present,MISSING,PROVIDED,PROVIDED
MCH3011,"Ahluwalia, Contractor And Comar",5311,Department Store,Sole Proprietorship,Delhi,Delhi,2023-11-30,XXXX1217,Inactive,2626.62,Unique,present,MASKED,PROVIDED,PROVIDED
MCH6469,"Bahl, Barad And Dhillon",5311,Department Store,Private Limited,Chennai,Tamil Nadu,2025-10-02,,Active,931.21,Unique,present,MISSING,PROVIDED,PROVIDED
MCH4047,Kaul Barad,5311,Department Store,Sole Proprietorship,Mumbay,Maharashtra,2025-05-13,XXXX0729,Active,986.5,Unique,present,MASKED,PROVIDED,PROVIDED
MCH2038,Keer Inc,5311,Department Store,Partnership,Pune,Maharashtra,2025-07-06,,Inactive,1181.5500000000002,Found Duplicate,present,MISSING,PROVIDED,MISSING_OR_INVALID
MCH4170,Saha Sangha,5311,Department Store,Individual,Lucknow,Uttar Pradesh,2024-05-31,YABO3956354404742,Active,1858.07,Found Duplicate,present,ALPHANUMERIC_IBAN,PROVIDED,PROVIDED
MCH7413,Uppal Chaudhry,5311,Department Store,Private Limited,Bengaluru,Karnataka,2024-09-13,3706152456,Active,3645.54,Unique,present,VALID_NUMERIC,PROVIDED,PROVIDED
MCH5263,"Narang, Kata And Pillai",5311,Department Store,Private Limited,Ludhiana,Punjab,2024-12-08,,Unknown,1181.5500000000002,Unique,present,MISSING,PROVIDED,MISSING_OR_INVALID
MCH4066,Swaminathan And Sons,5311,Department Store,Partnership,Hyderabad,Telangana,2025-05-24,,Unknown,972.63,Found Duplicate,present,MISSING,PROVIDED,PROVIDED
MCH5683,Subramanian Group,5311,Department Store,Private Limited,Lucknow,Uttar Pradesh,2024-10-24,XUFZ9750077803623,Active,774.44,Found Duplicate,present,ALPHANUMERIC_IBAN,PROVIDED,PROVIDED
MCH3199,Deshmukh Karnik,5311,Department Store,Partnership,Jaipur,Rajasthan,2023-08-10,GHWA0359999214011,Active,2251.19,Unique,present,ALPHANUMERIC_IBAN,PROVIDED,PROVIDED
MCH1541,Chopra Llc,5311,Department Store,Private Limited,Chennai,Tamil Nadu,2023-10-31,XXXX8788,Active,2438.12,Found Duplicate,present,MASKED,PROVIDED,PROVIDED
MCH1058,"Vyas,Virkanddatta",5311,Department Store,Partnership,Pune,Maharashtra,2023-01-20,XXXX0826,Unknown,1504.39,Unique,present,MASKED,PROVIDED,PROVIDED
MCH8736,Dora Sachar,5311,Department Store,Private Limited,Mumbai,Maharashtra,2024-10-11,XXXX8019,Active,2228.33,Found Duplicate,present,MASKED,PROVIDED,PROVIDED
MCH9195,"Manne, Parsa And Ratta",5311,Department Store,Individual,Kolkata,West Bengal,2025-01-08,XXXX4221,Unknown,1304.69,Unique,present,MASKED,PROVIDED,PROVIDED
MCH1585,Khalsa Kulkarni,5311,Department Store,Partnership,Delhi,Delhi,2023-05-22,XXXX6587,Active,3398.13,Unique,present,MASKED,PROVIDED,PROVIDED
MCH7023,Walla Raj,5311,Department Store,Individual,Delhi,Delhi,2023-03-16,,Active,1307.24,Found Duplicate,present,MISSING,PROVIDED,PROVIDED
MCH1109,Solanki Ltd,5311,Department Store,Partnership,Mumbai,Maharashtra,2023-07-23,XXXX9384,Active,1262.18,Found Duplicate,present,MASKED,PROVIDED,PROVIDED
MCH7540,Buch Das,5311,Department Store,Sole Proprietorship,Hyderabad,Telangana,2025-05-17,ILTI6803944844549,Active,2362.92,Found Duplicate,present,ALPHANUMERIC_IBAN,PROVIDED,PROVIDED
MCH1772,Grover Group,5311,Department Store,Partnership,Kolkata,West Bengal,2023-03-18,0665098924,Active,1962.32,Found Duplicate,present,VALID_NUMERIC,PROVIDED,PROVIDED
MCH3956,Kota Ltd,5311,Department Store,Private Limited,Hyderabad,Telangana,2023-11-14,,Active,656.81,Unique,present,MISSING,PROVIDED,PROVIDED
MCH1405,Chandra Inc,5311,Department Store,Partnership,Ludhiana,Punjab,2026-10-02,4121935460,Inactive,0.1248,Found Duplicate,present,VALID_NUMERIC,PROVIDED,PROVIDED
MCH7470,"Din,Guptaandratti",5311,Department Store,Partnership,Delhi,Delhi,2023-09-21,UMQY7730271159180,Inactive,684.47,Found Duplicate,present,ALPHANUMERIC_IBAN,PROVIDED,PROVIDED
MCH3780,Hegde Group,5311,Department Store,Private Limited,Lucknow,Uttar Pradesh,2026-02-27,XXXX3079,Active,315.62,Found Duplicate,present,MASKED,PROVIDED,PROVIDED
MCH6440,"Rajagopalan,Parsaandrana",5311,Department Store,Partnership,Kolkata,West Bengal,,XXXX7920,Active,1181.5500000000002,Found Duplicate,missing,MASKED,PROVIDED,MISSING_OR_INVALID
MCH3219,Aggarwal Group,5311,Department Store,Partnership,Lucknow,Uttar Pradesh,2025-08-29,RNPG2912069741191,Active,1058.64,Unique,present,ALPHANUMERIC_IBAN,PROVIDED,PROVIDED
MCH1856,Baria Balay,5311,Department Store,Sole Proprietorship,Lucknow,Uttar Pradesh,2023-12-26,XXXX1618,Active,2071.73,Found Duplicate,present,MASKED,PROVIDED,PROVIDED
MCH9002,Manne Ltd,5311,Department Store,Partnership,Amritsar,Punjab,2023-04-11,XXXX2471,Active,2336.66,Unique,present,MASKED,PROVIDED,PROVIDED
MCH9640,Basu Group,5311,Department Store,Sole Proprietorship,Bengaluru,Karnataka,2025-05-21,,Active,8379.99,Found Duplicate,present,MISSING,PROVIDED,PROVIDED
MCH4802,"Mistry, Roy And Salvi",5311,Department Store,Sole Proprietorship,Chennai,Tamil Nadu,2024-08-23,2812418940,Inactive,0.468,Found Duplicate,present,VALID_NUMERIC,PROVIDED,PROVIDED
MCH6970,Chopra Loke,5311,Department Store,Partnership,Jaipur,Rajasthan,2025-02-13,,Active,564.18,Found Duplicate,present,MISSING,PROVIDED,PROVIDED
MCH1599,Rastogi Kumer,5311,Department Store,Partnership,Jalandhar,Punjab,2025-12-25,EEOR2299289390848,Unknown,361.82,Unique,present,ALPHANUMERIC_IBAN,PROVIDED,PROVIDED
MCH1696,Rai And Sons,5311,Department Store,Individual,Jaipur,Rajasthan,2023-04-24,,Active,2898.12,Found Duplicate,present,MISSING,PROVIDED,PROVIDED
MCH4290,Konda Memon,5311,Department Store,Private Limited,Delhi,Delhi,2024-11-08,,Inactive,3295.4,Found Duplicate,present,MISSING,PROVIDED,PROVIDED
MCH1345,Bhat Inc,5311,Department Store,Private Limited,Hyderabad,Telangana,2025-01-28,XXXX9759,Active,1702.79,Unique,present,MASKED,PROVIDED,PROVIDED
MCH3060,Deep Tata,5311,Department Store,Individual,Amritsar,Punjab,2023-04-17,,Active,2601.81,Unique,present,MISSING,PROVIDED,PROVIDED
MCH6974,Ramaswamy Ltd,5311,Department Store,Individual,Delhi,Delhi,2026-01-01,XXXX1883,Active,0.1499,Unique,present,MASKED,PROVIDED,PROVIDED
MCH1014,"Agate, Saxena And Pandit",5311,Department Store,Partnership,Jalandhar,Punjab,2023-12-21,3851769270,Active,1096.96,Found Duplicate,present,VALID_NUMERIC,PROVIDED,PROVIDED
MCH2445,"Vohra, Gill And Saini",5311,Department Store,Individual,Jaipur,Rajasthan,2025-05-01,XXXX4477,Inactive,887.98,Found Duplicate,present,MASKED,PROVIDED,PROVIDED
MCH2037,"Kaul, Peri And Viswanathan",5311,Department Store,Private Limited,Kolkata,West Bengal,2023-09-23,,Active,1457.35,Found Duplicate,present,MISSING,PROVIDED,PROVIDED
MCH9947,Sarkar Ltd,5311,Department Store,Individual,Ludhiana,Punjab,2023-06-25,GOFP4316530582610,Unknown,1181.5500000000002,Unique,present,ALPHANUMERIC_IBAN,PROVIDED,MISSING_OR_INVALID
MCH5983,"Morar, Memon And Kala",5311,Department Store,Sole Proprietorship,Pune,Maharashtra,2025-05-06,4976019828,Active,306.11,Unique,present,VALID_NUMERIC,PROVIDED,PROVIDED
MCH9822,Thaman Parsa,5311,Department Store,Private Limited,Bengaluru,Karnataka,,0500860031,Unknown,534.71,Unique,missing,VALID_NUMERIC,PROVIDED,PROVIDED
MCH1018,Kannan Khatri,5311,Department Store,Individual,Jalandhar,Punjab,2023-03-19,,Active,0.1791,Unique,present,MISSING,PROVIDED,PROVIDED
MCH2813,"Sha, Bhatia And Vig",5311,Department Store,Individual,Chennai,Tamil Nadu,2024-10-24,5399147177,Active,3821.16,Found Duplicate,present,VALID_NUMERIC,PROVIDED,PROVIDED
MCH2232,Borde Sule,5311,Department Store,Partnership,Hyderabad,Telangana,2025-02-24,9040784909,Unknown,642.26,Found Duplicate,present,VALID_NUMERIC,PROVIDED,PROVIDED
MCH2934,Sama Plc,5311,Department Store,Individual,Jalandhar,Punjab,2023-10-13,6130921180,Active,1759.02,Found Duplicate,present,VALID_NUMERIC,PROVIDED,PROVIDED
MCH6665,Wadhwainc,5311,Department Store,Private Limited,Delhi,Delhi,2025-07-05,,Active,1714.72,Unique,present,MISSING,PROVIDED,PROVIDED
MCH3935,Majumdar Aggarwal,5311,Department Store,Private Limited,Delhi,Delhi,2024-07-07,5282295543,Active,3614.23,Found Duplicate,present,VALID_NUMERIC,PROVIDED,PROVIDED
MCH5489,Nath Ltd,5311,Department Store,Individual,Jaipur,Rajasthan,2025-01-22,XXXX9871,Active,3788.36,Unique,present,MASKED,PROVIDED,PROVIDED
MCH3739,Murty Ltd,5311,Department Store,Private Limited,Chennai,Tamil Nadu,2025-09-15,XXXX2052,Active,571.15,Unique,present,MASKED,PROVIDED,PROVIDED
MCH3837,Bhat Group,5311,Department Store,Individual,Delhi,Delhi,2026-01-17,XXXX7816,Suspended,2613.11,Found Duplicate,present,MASKED,PROVIDED,PROVIDED
MCH2398,Kapur Dani,5311,Department Store,Individual,Chennai,Tamil Nadu,2023-09-15,IWCQ2998069556193,Active,711.05,Found Duplicate,present,ALPHANUMERIC_IBAN,PROVIDED,PROVIDED
MCH7870,Sahota Chand,5311,Department Store,Sole Proprietorship,Delhi,Delhi,2024-06-12,2012661045,Active,1123.31,Found Duplicate,present,VALID_NUMERIC,PROVIDED,PROVIDED
MCH3155,Agarwal Ltd,5311,Department Store,Partnership,Chennai,Tamil Nadu,2023-11-23,,Active,1414.89,Unique,present,MISSING,PROVIDED,PROVIDED
MCH3616,"Comar, Munshi And Kakar",5311,Department Store,Private Limited,Amritsar,Punjab,2023-09-07,,Unknown,377.75,Found Duplicate,present,MISSING,PROVIDED,PROVIDED
MCH7849,Lal Wagle,5311,Department Store,Sole Proprietorship,Jaipur,Rajasthan,2025-12-02,XXXX0377,Active,4061.65,Unique,present,MASKED,PROVIDED,PROVIDED
MCH1656,Dhar Plc,5311,Department Store,Partnership,Amritsar,Punjab,2025-05-29,OTBM8790953463908,Unknown,0.2992,Unique,present,ALPHANUMERIC_IBAN,PROVIDED,PROVIDED
MCH7403,"Naik, Badami And Raj",5311,Department Store,Sole Proprietorship,Pune,Maharashtra,,,Active,1191.42,Found Duplicate,missing,MISSING,PROVIDED,PROVIDED
MCH7948,Sachdeva Buch,5311,Department Store,Partnership,Mumbai,Maharashtra,2025-07-03,XXXX0532,Active,656.76,Unique,present,MASKED,PROVIDED,PROVIDED
MCH5205,"Yogi, Minhas And Goda",5311,Department Store,Partnership,Ludhiana,Punjab,2025-06-01,,Inactive,0.455,Unique,present,MISSING,PROVIDED,PROVIDED
MCH2813,"Sha, Bhatia And Vig",5311,Department Store,Individual,Chennai,Tamil Nadu,2024-10-24,5399147177,Suspended,3821.16,Found Duplicate,present,VALID_NUMERIC,PROVIDED,PROVIDED
MCH9580,"Murthy, Virk And Lad",5311,Department Store,Partnership,Ludhiana,Punjab,2025-09-20,,Active,1520.62,Unique,present,MISSING,PROVIDED,PROVIDED
MCH5775,Srinivas Ltd,5311,Department Store,Individual,Kolkata,West Bengal,2025-11-01,AIEV2153769743983,Active,7152.05,Found Duplicate,present,ALPHANUMERIC_IBAN,PROVIDED,PROVIDED
MCH7866,Bhattacharyya And Sons,5311,Department Store,Partnership,Delhi,Delhi,2025-10-31,QKIU3712061004002,Active,2522.0,Found Duplicate,present,ALPHANUMERIC_IBAN,PROVIDED,PROVIDED
MCH1887,Peri Inc,5311,Department Store,Private Limited,Bengaluru,Karnataka,2023-02-26,,Active,2706.7,Unique,present,MISSING,PROVIDED,PROVIDED
MCH8033,"Kala, Mahal And Dash",5311,Department Store,Individual,Hyderabad,Telangana,2025-02-12,XXXX2251,Active,1390.13,Found Duplicate,present,MASKED,PROVIDED,PROVIDED
MCH5498,"Gera, Narayan And Sankaran",5311,Department Store,Partnership,Kolkata,West Bengal,2025-10-11,8296349363,Active,849.49,Unique,present,VALID_NUMERIC,PROVIDED,PROVIDED
MCH7930,"Bhatt, Ganguly And Dhingra",5311,Department Store,Sole Proprietorship,Delhi,Delhi,2025-12-16,,Suspended,1892.15,Found Duplicate,present,MISSING,PROVIDED,PROVIDED
MCH2229,"Kala, Baral And Subramanian",5311,Department Store,Private Limited,Mumbai,Maharashtra,2025-12-21,,Active,0.577,Found Duplicate,present,MISSING,PROVIDED,PROVIDED
MCH5045,More Doctor,5311,Department Store,Individual,Bengaluru,Karnataka,2025-09-15,,Suspended,145.75,Unique,present,MISSING,PROVIDED,PROVIDED
MCH3404,"Parekh, Lad And Soman",5311,Department Store,Individual,Mumbai,Maharashtra,2023-02-16,PSMJ2500672647390,Active,1405.46,Unique,present,ALPHANUMERIC_IBAN,PROVIDED,PROVIDED
MCH2263,Puri D’Alia,5311,Department Store,Private Limited,Amritsar,Punjab,2024-08-29,CMUQ0128896673333,Active,2781.79,Unique,present,ALPHANUMERIC_IBAN,PROVIDED,PROVIDED
MCH2309,"Bajaj, Chakraborty And Malhotra",5311,Department Store,Individual,Amritsar,Punjab,2026-01-24,RUZB5463334435942,Active,355.13,Found Duplicate,present,ALPHANUMERIC_IBAN,PROVIDED,PROVIDED
MCH6104,Keer Gade,5311,Department Store,Individual,Kolkata,West Bengal,2023-01-01,DQNV8530720672123,Inactive,935.82,Unique,present,ALPHANUMERIC_IBAN,PROVIDED,PROVIDED
MCH8210,Kannan Inc,5311,Department Store,Partnership,Ludhiana,Punjab,2025-02-04,,Suspended,0.37,Found Duplicate,present,MISSING,PROVIDED,PROVIDED
MCH4914,Bora Inc,5311,Department Store,Sole Proprietorship,Jaipur,Rajasthan,2024-05-12,,Active,4227.85,Unique,present,MISSING,PROVIDED,PROVIDED
MCH8546,Jani Plc,5311,Department Store,Partnership,Kolkata,West Bengal,2024-09-21,,Unknown,1691.74,Unique,present,MISSING,PROVIDED,PROVIDED
MCH9424,Sur Bajaj,5311,Department Store,Sole Proprietorship,Bengaluru,Karnataka,2025-04-18,XXXX3219,Unknown,1902.79,Found Duplicate,present,MASKED,PROVIDED,PROVIDED
MCH5112,"Agate, Atwal And Yohannan",5311,Department Store,Private Limited,Ludhiana,Punjab,2023-06-27,JBYC7644035129509,Inactive,669.14,Found Duplicate,present,ALPHANUMERIC_IBAN,PROVIDED,PROVIDED
MCH7627,Maharaj Narain,5311,Department Store,Individual,Lucknow,Uttar Pradesh,2023-03-26,YXZM1071683755810,Active,508.95,Found Duplicate,present,ALPHANUMERIC_IBAN,PROVIDED,PROVIDED
MCH2632,Agate Gandhi,5311,Department Store,Partnership,Chennai,Tamil Nadu,2026-01-14,ZCSO2053232739383,Active,243.56,Unique,present,ALPHANUMERIC_IBAN,PROVIDED,PROVIDED
MCH2398,"Nagarajan, Radhakrishnan And Amble",5311,Department Store,Individual,Kolkata,West Bengal,2023-10-08,UTUF0431950842048,Active,3317.39,Found Duplicate,present,ALPHANUMERIC_IBAN,PROVIDED,PROVIDED
MCH4322,Khanna Sarma,5311,Department Store,Sole Proprietorship,Jalandhar,Punjab,2025-05-02,,Active,575.07,Found Duplicate,present,MISSING,PROVIDED,PROVIDED
MCH9207,"Gola, Prabhu And Sood",5311,Department Store,Private Limited,Kolkata,West Bengal,2025-02-14,YDIJ7187856499079,Active,1107.16,Found Duplicate,present,ALPHANUMERIC_IBAN,PROVIDED,PROVIDED
MCH2576,"Shan,Semandpau",5311,Department Store,Partnership,Hyderabad,Telangana,2023-12-03,3390811191,Active,472.21,Unique,present,VALID_NUMERIC,PROVIDED,PROVIDED
MCH7430,Pingle Lata,5311,Department Store,Individual,Lucknow,Uttar Pradesh,2024-09-07,XXXX3604,Active,2426.91,Found Duplicate,present,MASKED,PROVIDED,PROVIDED
MCH2766,Kanda Brahmbhatt,5311,Department Store,Sole Proprietorship,Chennai,Tamil Nadu,2025-06-18,5339281473,Active,1540.08,Found Duplicate,present,VALID_NUMERIC,PROVIDED,PROVIDED
MCH2875,Chander Parmer,5311,Department Store,Partnership,Ludhiana,Punjab,2024-12-11,XXXX0207,Unknown,351.55,Unique,present,MASKED,PROVIDED,PROVIDED
MCH5186,"Iyer, Sarma And Issac",5311,Department Store,Private Limited,Jaipur,Rajasthan,2023-03-27,WHOY9873117052427,Inactive,830.18,Found Duplicate,present,ALPHANUMERIC_IBAN,PROVIDED,PROVIDED
MCH1769,"Jha, Samra And Jhaveri",5311,Department Store,Private Limited,Mumbai,Maharashtra,2023-10-20,XXXX5444,Active,522.35,Found Duplicate,present,MASKED,PROVIDED,PROVIDED
MCH3913,Tank Pathak,5311,Department Store,Individual,Jalandhar,Punjab,,,Active,2215.86,Unique,missing,MISSING,PROVIDED,PROVIDED
MCH4334,"Nazareth, Loyal And Dhar",5311,Department Store,Individual,Ludhiana,Punjab,2025-09-11,6420363344,Active,6505.28,Unique,present,VALID_NUMERIC,PROVIDED,PROVIDED
MCH5366,Bali Ltd,5311,Department Store,Private Limited,Lucknow,Uttar Pradesh,2024-02-25,XXXX6307,Inactive,1551.58,Unique,present,MASKED,PROVIDED,PROVIDED
MCH5186,"Iyer, Sarma And Issac",5311,Department Store,Private Limited,Jaipur,Rajasthan,2023-03-27,WHOY9873117052427,Inactive,830.18,Found Duplicate,present,ALPHANUMERIC_IBAN,PROVIDED,PROVIDED
MCH5079,Ramaswamy Trivedi,5311,Department Store,Private Limited,Bengaluru,Karnataka,2024-07-01,MSIB5848944508855,Suspended,549.02,Unique,present,ALPHANUMERIC_IBAN,PROVIDED,PROVIDED
MCH3057,Nagy Banik,5311,Department Store,Partnership,Kolkata,West Bengal,2024-03-15,PCQH3034924487610,Active,764.15,Unique,present,ALPHANUMERIC_IBAN,PROVIDED,PROVIDED
MCH8768,"Garde, Mohan And Sridhar",5311,Department Store,Individual,Kolkata,West Bengal,2024-12-05,,Suspended,1569.36,Found Duplicate,present,MISSING,PROVIDED,PROVIDED
MCH9176,Jayaraman Plc,5311,Department Store,Private Limited,Jalandhar,Punjab,2025-08-16,,Suspended,609.42,Unique,present,MISSING,PROVIDED,PROVIDED
MCH6062,"Suresh, Kibe And Sa1Vi",5311,Department Store,Private Limited,Amritsar,Punjab,2023-11-27,XXXX9135,Active,3660.19,Found Duplicate,present,MASKED,PROVIDED,PROVIDED
MCH9032,Johal Vaidya,5311,Department Store,Partnership,Mumbai,Maharashtra,2023-07-06,,Active,821.89,Unique,present,MISSING,PROVIDED,PROVIDED
MCH4903,Khatri Gr0Up,5311,Department Store,Individual,Delhi,Delhi,2024-07-07,,Active,1181.5500000000002,Unique,present,MISSING,PROVIDED,MISSING_OR_INVALID
MCH3455,Singhal Llc,5311,Department Store,Individual,Jalandhar,Punjab,2026-06-01,,Active,11222.95,Unique,present,MISSING,PROVIDED,PROVIDED
MCH3907,"Andra, Chakrabarti And Khalsa",5311,Department Store,Sole Proprietorship,Mumbai,Maharashtra,,OAMS4252276899430,Unknown,1320.29,Found Duplicate,missing,ALPHANUMERIC_IBAN,PROVIDED,PROVIDED
MCH9492,Sahni Ravel,5311,Department Store,Individual,Lucknow,Uttar Pradesh,2024-03-01,1939900223,Active,3080.63,Found Duplicate,present,VALID_NUMERIC,PROVIDED,PROVIDED
MCH9968,Swamy Was0N,5311,Department Store,Sole Proprietorship,Mumbai,Maharashtra,2024-04-29,,Inactive,526.26,Found Duplicate,present,MISSING,PROVIDED,PROVIDED
MCH3265,Rau Plc,5311,Department Store,Partnership,Pune,Maharashtra,2023-01-07,,Unknown,843.84,Found Duplicate,present,MISSING,PROVIDED,PROVIDED
MCH8355,Chacko D’Alia,5311,Department Store,Private Limited,Bengaluru,Karnataka,2024-08-14,ZJXY9541779110030,Inactive,413.17,Found Duplicate,present,ALPHANUMERIC_IBAN,PROVIDED,PROVIDED
MCH3388,"Ha1Der, Chander And Krishnamurthy",5311,Department Store,Individual,Ludhiana,Punjab,2025-03-23,FTJO6113858465780,Inactive,447.14,Found Duplicate,present,ALPHANUMERIC_IBAN,PROVIDED,PROVIDED
MCH6572,Naidu Plc,5311,Department Store,Private Limited,Pune,Maharashtra,2025-03-17,HNFH7484368794581,Active,402.0,Found Duplicate,present,ALPHANUMERIC_IBAN,PROVIDED,PROVIDED
MCH8999,"Panchal, Aurora And Kamdar",5311,Department Store,Private Limited,Lucknow,Uttar Pradesh,2023-10-25,XXXX8730,Active,1181.5500000000002,Found Duplicate,present,MASKED,PROVIDED,MISSING_OR_INVALID
MCH4084,Mitra Plc,5311,Department Store,Individual,Jalandhar,Punjab,2023-12-15,XXXX5719,Active,973.94,Unique,present,MASKED,PROVIDED,PROVIDED
MCH2610,Chopra Narayanan,5311,Department Store,Sole Proprietorship,Delhi,Delhi,2023-05-07,,Active,1284.93,Found Duplicate,present,MISSING,PROVIDED,PROVIDED
MCH1054,Cheema Ltd,5311,Department Store,Private Limited,Pune,Maharashtra,2023-05-27,,Active,868.09,Unique,present,MISSING,PROVIDED,PROVIDED
MCH2255,Lal Ltd,5311,Department Store,Individual,Jaipur,Rajasthan,2023-05-29,6674150314,Active,1404.67,Unique,present,VALID_NUMERIC,PROVIDED,PROVIDED
MCH1800,Mall Plc,5311,Department Store,Private Limited,Hyderabad,Telangana,2025-10-24,,Active,0.103,Unique,present,MISSING,PROVIDED,PROVIDED
MCH6451,Chandran Group,5311,Department Store,Individual,Jalandhar,Punjab,2025-10-07,5694147499,Inactive,165.95,Found Duplicate,present,VALID_NUMERIC,PROVIDED,PROVIDED
MCH7983,Karpe Raval,5311,Department Store,Individual,Lucknow,Uttar Pradesh,2024-01-11,XXXX7464,Unknown,3843.3,Unique,present,MASKED,PROVIDED,PROVIDED
MCH3955,"Swamy, Dhingra And Sheth",5311,Department Store,Individual,Chennai,Tamil Nadu,2024-11-25,,Suspended,0.508,Found Duplicate,present,MISSING,PROVIDED,PROVIDED
MCH1170,"Wali, Bala And Sanghvi",5311,Department Store,Sole Proprietorship,Bengaluru,Karnataka,2023-01-04,,Inactive,1109.65,Unique,present,MISSING,PROVIDED,PROVIDED
MCH8455,Chauhan Raju,5311,Department Store,Private Limited,Pune,Maharashtra,2023-03-29,5585488676,Active,1832.78,Unique,present,VALID_NUMERIC,PROVIDED,PROVIDED
MCH7020,Dalal Llc,5311,Department Store,Partnership,Chennai,Tamil Nadu,2023-10-01,,Active,1105.4,Unique,present,MISSING,PROVIDED,PROVIDED
MCH3776,"Kapadia, Sathe And Shenoy",5311,Department Store,Partnership,Delhi,Delhi,,2896927884,Active,1854.99,Unique,missing,VALID_NUMERIC,PROVIDED,PROVIDED
MCH1809,Grewal Inc,5311,Department Store,Private Limited,Bengaluru,Karnataka,2025-10-31,1597132394,Active,2181.93,Unique,present,VALID_NUMERIC,PROVIDED,PROVIDED
MCH8509,"Majumdar, Deshpande And Solanki",5311,Department Store,Partnership,Bengaluru,Karnataka,2024-09-17,XXXX5135,Inactive,1098.85,Found Duplicate,present,MASKED,PROVIDED,PROVIDED
MCH8125,Sahni Ahuja,5311,Department Store,Partnership,Hyderabad,Telangana,2025-07-23,,Active,0.6045,Found Duplicate,present,MISSING,PROVIDED,PROVIDED
MCH7384,Ahuja Group,5311,Department Store,Individual,Delhi,Delhi,2023-05-18,XXXX3860,Active,0.1058,Found Duplicate,present,MASKED,PROVIDED,PROVIDED
MCH6242,Som Inc,5311,Department Store,Sole Proprietorship,Jaipur,Rajasthan,2023-06-27,ELTM3518126936690,Active,1984.97,Unique,present,ALPHANUMERIC_IBAN,PROVIDED,PROVIDED
MCH5242,Mishra Dua,5311,Department Store,Individual,Mumbai,Maharashtra,2024-06-08,XXXX0138,Active,3063.29,Unique,present,MASKED,PROVIDED,PROVIDED
MCH8174,Bera Group,5311,Department Store,Private Limited,Pune,Maharashtra,2023-12-23,XXXX5992,Active,1502.14,Found Duplicate,present,MASKED,PROVIDED,PROVIDED
MCH2765,Mukhopadhyay Inc,5311,Department Store,Sole Proprietorship,Lucknow,Uttar Pradesh,2024-11-19,XXXX9677,Active,3568.4,Found Duplicate,present,MASKED,PROVIDED,PROVIDED
MCH7371,"Anand, Bains And Parmer",5311,Department Store,Partnership,Lucknow,Uttar Pradesh,2023-04-13,3361678460,Active,1724.45,Found Duplicate,present,VALID_NUMERIC,PROVIDED,PROVIDED
MCH8344,Purohit Ravi,5311,Department Store,Private Limited,Pune,Maharashtra,2023-09-04,,Unknown,337.58,Unique,present,MISSING,PROVIDED,PROVIDED
MCH7692,Ratti Patla,5311,Department Store,Individual,Amritsar,Punjab,2025-07-10,XXXX7379,Unknown,2270.3,Unique,present,MASKED,PROVIDED,PROVIDED
MCH8384,"Tella, Batra And Baral",5311,Department Store,Individual,Jalandhar,Punjab,2023-08-04,,Active,1181.5500000000002,Unique,present,MISSING,PROVIDED,MISSING_OR_INVALID
MCH5632,Tandon Ltd,5311,Department Store,Sole Proprietorship,Bengaluru,Karnataka,2025-05-29,,Active,270.52,Unique,present,MISSING,PROVIDED,PROVIDED
MCH7394,Dhar Saxena,5311,Department Store,Individual,Lucknow,Uttar Pradesh,2024-06-28,XXXX8622,Active,1562.3,Found Duplicate,present,MASKED,PROVIDED,PROVIDED
MCH3250,Bose Kalita,5311,Department Store,Sole Proprietorship,Mumbai,Maharashtra,,,Inactive,1514.47,Unique,missing,MISSING,PROVIDED,PROVIDED
MCH6983,Barman Chand,5311,Department Store,Partnership,Delhi,Delhi,2024-10-07,,Active,3713.18,Unique,present,MISSING,PROVIDED,PROVIDED
MCH1785,Shere Pall,5311,Department Store,Sole Proprietorship,Kolkata,West Bengal,2023-05-08,,Unknown,2271.85,Unique,present,MISSING,PROVIDED,PROVIDED
MCH7982,De0 Ltd,5311,Department Store,Partnership,Ludhiana,Punjab,2023-01-14,KDBH6204467913349,Active,0.579,Unique,present,ALPHANUMERIC_IBAN,PROVIDED,PROVIDED
MCH5823,Garde Llc,5311,Department Store,Sole Proprietorship,Bengaluru,Karnataka,2023-03-15,XXXX1484,Inactive,1075.77,Found Duplicate,present,MASKED,PROVIDED,PROVIDED
MCH5146,Wadhwa Swamy,5311,Department Store,Partnership,Jalandhar,Punjab,2023-05-11,,Unknown,1181.5500000000002,Unique,present,MISSING,PROVIDED,MISSING_OR_INVALID
MCH3061,Bansal Inc,5311,Department Store,Private Limited,Chennai,Tamil Nadu,2024-09-02,XXXX4596,Active,2114.75,Found Duplicate,present,MASKED,PROVIDED,PROVIDED
MCH7772,"Chatterjee, Wason And Nadkarni",5311,Department Store,Partnership,Mumbai,Maharashtra,2026-01-02,XXXX1871,Active,541.48,Unique,present,MASKED,PROVIDED,PROVIDED
MCH1600,"Warrior, Anand And Kata",5311,Department Store,Individual,Chennai,Tamil Nadu,2025-07-10,DNAN6947992423478,Active,2937.03,Unique,present,ALPHANUMERIC_IBAN,PROVIDED,PROVIDED
MCH3820,Behl Llc,5311,Department Store,Partnership,Jalandhar,Punjab,2023-05-30,8600214749,Inactive,983.06,Unique,present,VALID_NUMERIC,PROVIDED,PROVIDED
MCH4424,"Date, Soman And Lall",5311,Department Store,Private Limited,Chennai,Tamil Nadu,2024-02-01,GBLD6739471452450,Active,410.17,Unique,present,ALPHANUMERIC_IBAN,PROVIDED,PROVIDED
MCH8288,Kakar Sood,5311,Department Store,Private Limited,Bengaluru,Karnataka,2024-05-04,1654192370,Active,1556.66,Unique,present,VALID_NUMERIC,PROVIDED,PROVIDED
MCH2126,Golla And Sons,5311,Department Store,Partnership,Hyderabad,Telangana,2024-04-15,VOOP9800619907319,Active,0.342,Unique,present,ALPHANUMERIC_IBAN,PROVIDED,PROVIDED
MCH6148,"Sem, Aggarwa1 And Uppa1",5311,Department Store,Sole Proprietorship,Lucknow,Uttar Pradesh,2025-11-29,8892638195,Inactive,3148.18,Found Duplicate,present,VALID_NUMERIC,PROVIDED,PROVIDED
MCH7172,Chandran Palla,5311,Department Store,Partnership,Pune,Maharashtra,2025-09-23,XXXX0145,Active,1177.65,Unique,present,MASKED,PROVIDED,PROVIDED
MCH4094,Thakur Shah,5311,Department Store,Individual,Chennai,Tamil Nadu,2024-12-25,8582719146,Active,1848.8,Found Duplicate,present,VALID_NUMERIC,PROVIDED,PROVIDED
MCH7353,"Tara, Rajag0Pa1An And Ramanathan",5311,Department Store,Partnership,Mumbai,Maharashtra,2024-10-16,6926383860,Unknown,840.14,Found Duplicate,present,VALID_NUMERIC,PROVIDED,PROVIDED
MCH4475,"Ray, Kulkarni And Suresh",5311,Department Store,Private Limited,Ludhiana,Punjab,2024-03-03,XXXX5127,Active,3417.23,Found Duplicate,present,MASKED,PROVIDED,PROVIDED
MCH8043,Lalla Group,5311,Department Store,Private Limited,Ludhiana,Punjab,2024-07-31,,Active,0.1064,Unique,present,MISSING,PROVIDED,PROVIDED
MCH3829,"Seshadri, Bansal And Ahluwalia",5311,Department Store,Sole Proprietorship,Pune,Maharashtra,2024-09-20,8781513092,Inactive,0.1296,Found Duplicate,present,VALID_NUMERIC,PROVIDED,PROVIDED
MCH5370,Lala Llc,5311,Department Store,Individual,Delhi,Delhi,2025-05-07,,Active,1448.94,Found Duplicate,present,MISSING,PROVIDED,PROVIDED
MCH8038,"Sane, Bir And Singhal",5311,Department Store,Individual,Amritsar,Punjab,,,Inactive,1346.16,Found Duplicate,missing,MISSING,PROVIDED,PROVIDED
MCH9782,"Prashad, Sura And Mutti",5311,Department Store,Sole Proprietorship,Amritsar,Punjab,2025-04-17,,Unknown,0.2734,Found Duplicate,present,MISSING,PROVIDED,PROVIDED
MCH9082,"Dutt, Behl And Sant",5311,Department Store,Individual,Hyderabad,Telangana,,6486570374,Active,621.31,Found Duplicate,missing,VALID_NUMERIC,PROVIDED,PROVIDED
MCH7030,Shan Ltd,5311,Department Store,Individual,Ludhiana,Punjab,,,Suspended,466.83,Unique,missing,MISSING,PROVIDED,PROVIDED
MCH8680,Bhatt Toor,5311,Department Store,Private Limited,Jaipur,Rajasthan,2025-12-02,,Active,1399.6,Found Duplicate,present,MISSING,PROVIDED,PROVIDED
MCH1813,Balan Deo,5311,Department Store,Partnership,Pune,Maharashtra,2024-08-28,UAJB1335544875863,Unknown,610.94,Unique,present,ALPHANUMERIC_IBAN,PROVIDED,PROVIDED
MCH7881,Menon Plc,5311,Department Store,Partnership,Pune,Maharashtra,2024-02-04,1137446678,Active,1357.1,Unique,present,VALID_NUMERIC,PROVIDED,PROVIDED
MCH7088,Prabhu Agarwal,5311,Department Store,Sole Proprietorship,Mumbai,Maharashtra,2025-11-30,1353265918,Inactive,5426.05,Unique,present,VALID_NUMERIC,PROVIDED,PROVIDED
MCH3145,Chaudry And Sons,5311,Department Store,Individual,Bengaluru,Karnataka,2026-01-29,,Active,1181.5500000000002,Unique,present,MISSING,PROVIDED,MISSING_OR_INVALID
MCH8549,"Tandon, Tella And Srinivas",5311,Department Store,Partnership,Jalandhar,Punjab,2025-09-22,,Active,649.65,Found Duplicate,present,MISSING,PROVIDED,PROVIDED
MCH7428,Vohra Ltd,5311,Department Store,Sole Proprietorship,Kolkata,West Bengal,,,Active,1227.52,Found Duplicate,missing,MISSING,PROVIDED,PROVIDED
MCH9651,Thakkar Dass,5311,Department Store,Private Limited,Jalandhar,Punjab,2023-03-28,,Active,0.2535,Unique,present,MISSING,PROVIDED,PROVIDED
MCH4831,Gala Group,5311,Department Store,Sole Proprietorship,Pune,Maharashtra,2025-05-05,,Unknown,1889.75,Found Duplicate,present,MISSING,PROVIDED,PROVIDED
MCH2205,Parmer Lad,5311,Department Store,Individual,Delhi,Delhi,2023-07-01,QDLE8658067283923,Active,0.986,Found Duplicate,present,ALPHANUMERIC_IBAN,PROVIDED,PROVIDED
MCH1894,Chandra Kapur,5311,Department Store,Partnership,Jalandhar,Punjab,2023-02-22,,Active,3951.56,Found Duplicate,present,MISSING,PROVIDED,PROVIDED
MCH2199,Subramanian Inc,5311,Department Store,Private Limited,Bengaluru,Karnataka,2024-01-14,,Suspended,369.25,Unique,present,MISSING,PROVIDED,PROVIDED
MCH1122,Bakshi And Sons,5311,Department Store,Private Limited,Chennai,Tamil Nadu,2023-03-09,,Active,638.59,Found Duplicate,present,MISSING,PROVIDED,PROVIDED
MCH9800,"Om, Rana And Bhatti",5311,Department Store,Partnership,Hyderabad,Telangana,,XXXX5409,Active,1181.5500000000002,Found Duplicate,missing,MASKED,PROVIDED,MISSING_OR_INVALID
MCH4752,"Chaudhuri, Sampath And Wali",5311,Department Store,Individual,Bengaluru,Karnataka,2024-01-10,0013923003,Unknown,399.3,Unique,present,VALID_NUMERIC,PROVIDED,PROVIDED
MCH8920,"Parekh, Srivastava And Choudhury",5311,Department Store,Private Limited,Delhi,Delhi,2023-12-15,XXXX5523,Active,19788.99,Unique,present,MASKED,PROVIDED,PROVIDED
MCH1378,Patil Deshmukh,5311,Department Store,Private Limited,Chennai,Tamil Nadu,2023-09-10,HYZE0588457086111,Active,387.99,Unique,present,ALPHANUMERIC_IBAN,PROVIDED,PROVIDED
MCH4275,"Boase, Chanda And Bajaj",5311,Department Store,Individual,Delhi,Delhi,2025-06-29,XXXX6193,Active,684.1,Found Duplicate,present,MASKED,PROVIDED,PROVIDED
MCH7574,"Saini, Dubey And Bava",5311,Department Store,Private Limited,Pune,Maharashtra,2024-09-28,,Active,1109.44,Found Duplicate,present,MISSING,PROVIDED,PROVIDED
MCH8241,"Mane, Wagle And Ganesan",5311,Department Store,Partnership,Kolkata,West Bengal,2024-09-22,GUGG0514416234988,Active,814.25,Found Duplicate,present,ALPHANUMERIC_IBAN,PROVIDED,PROVIDED
MCH6920,"Bhagat, Nadkarni And Dyal",5311,Department Store,Individual,Kolkata,West Bengal,2026-01-01,JTIZ3629800274600,Active,410.54,Unique,present,ALPHANUMERIC_IBAN,PROVIDED,PROVIDED
MCH2078,Chada Dubey,5311,Department Store,Individual,Bengaluru,Karnataka,2025-03-14,,Active,1915.85,Unique,present,MISSING,PROVIDED,PROVIDED
MCH6262,Saran Ltd,5311,Department Store,Partnership,Mumbay,Maharashtra,2025-08-04,XXXX7596,Inactive,0.656,Unique,present,MASKED,PROVIDED,PROVIDED
MCH7495,"Biswas, Mane And Hari",5311,Department Store,Private Limited,Delhi,Delhi,,,Active,993.25,Found Duplicate,missing,MISSING,PROVIDED,PROVIDED
MCH7058,"Barad,Palandboase",5311,Department Store,Individual,Kolkata,West Bengal,2025-06-12,XXXX2802,Active,1284.51,Found Duplicate,present,MASKED,PROVIDED,PROVIDED
MCH4090,Dubegroup,5311,Department Store,Individual,Jaipur,Rajasthan,2024-12-06,NPEH3410333318653,Unknown,5497.54,Found Duplicate,present,ALPHANUMERIC_IBAN,PROVIDED,PROVIDED
MCH1458,Chatterjee Saran,5311,Department Store,Sole Proprietorship,Jalandhar,Punjab,2025-09-05,XXXX1187,Inactive,658.54,Unique,present,MASKED,PROVIDED,PROVIDED
MCH2724,Saha Group,5311,Department Store,Individual,Jaipur,Rajasthan,2026-02-09,LOPJ0201883436603,Inactive,1181.5500000000002,Found Duplicate,present,ALPHANUMERIC_IBAN,PROVIDED,MISSING_OR_INVALID
MCH8138,Chaudhuri Varma,5311,Department Store,Individual,Chennai,Tamil Nadu,2025-12-05,,Unknown,0.1502,Found Duplicate,present,MISSING,PROVIDED,PROVIDED
MCH1591,Ramaswamy Babu,5311,Department Store,Partnership,Amritsar,Punjab,2024-04-18,,Active,1638.46,Unique,present,MISSING,PROVIDED,PROVIDED
MCH4051,Dixit Chaudry,5311,Department Store,Private Limited,Lucknow,Uttar Pradesh,2024-08-17,RUAK0632911011346,Unknown,1181.5500000000002,Found Duplicate,present,ALPHANUMERIC_IBAN,PROVIDED,MISSING_OR_INVALID
MCH3558,Balakrishnan Llc,5311,Department Store,Sole Proprietorship,Bengaluru,Karnataka,2023-06-17,XXXX0210,Suspended,0.918,Found Duplicate,present,MASKED,PROVIDED,PROVIDED
MCH1706,"Vala, Nagarajan And Saxena",5311,Department Store,Partnership,Mumbai,Maharashtra,2023-08-27,XXXX3189,Inactive,513.27,Found Duplicate,present,MASKED,PROVIDED,PROVIDED
MCH4375,"Mani, Pillai And Soman",5311,Department Store,Sole Proprietorship,Lucknow,Uttar Pradesh,2024-03-08,,Active,1050.41,Unique,present,MISSING,PROVIDED,PROVIDED
MCH8272,Bava And Sons,5311,Department Store,Sole Proprietorship,Bengaluru,Karnataka,2024-08-08,1994793915,Active,946.17,Found Duplicate,present,VALID_NUMERIC,PROVIDED,PROVIDED
MCH8826,Mallick Dasgupta,5311,Department Store,Private Limited,Jalandhar,Punjab,2023-02-09,2382228031,Active,1719.24,Unique,present,VALID_NUMERIC,PROVIDED,PROVIDED
MCH9731,Chaudhry Pillay,5311,Department Store,Individual,Jaipur,Rajasthan,2025-09-19,4390962437,Active,516.39,Unique,present,VALID_NUMERIC,PROVIDED,PROVIDED
MCH3426,"Morar, Dar And Raja",5311,Department Store,Individual,Jalandhar,Punjab,2023-10-25,XXXX0393,Inactive,0.1252,Unique,present,MASKED,PROVIDED,PROVIDED
MCH8509,"Majumdar, Deshpande And Solanki",5311,Department Store,Partnership,Bengaluru,Karnataka,2024-09-17,XXXX5135,Inactive,1098.85,Found Duplicate,present,MASKED,PROVIDED,PROVIDED
MCH3780,"Dass, Bath And Halder",5311,Department Store,Sole Proprietorship,Chennai,Tamil Nadu,2024-02-11,,Unknown,2876.39,Found Duplicate,present,MISSING,PROVIDED,PROVIDED
MCH5316,Madan Ltd,5311,Department Store,Individual,Kolkata,West Bengal,2023-05-11,,Active,706.61,Found Duplicate,present,MISSING,PROVIDED,PROVIDED
MCH4040,"Bahri, Solanki And Magar",5311,Department Store,Private Limited,Chennai,Tamil Nadu,2025-01-28,DNQF3989342164675,Active,0.1173,Unique,present,ALPHANUMERIC_IBAN,PROVIDED,PROVIDED
MCH1077,"Peri, Pai And Dani",5311,Department Store,Individual,Pune,Maharashtra,2025-07-24,OBKX2096371467257,Active,1189.85,Found Duplicate,present,ALPHANUMERIC_IBAN,PROVIDED,PROVIDED
MCH6338,Dutta Plc,5311,Department Store,Individual,Kolkata,West Bengal,2024-06-29,,Active,1835.5,Unique,present,MISSING,PROVIDED,PROVIDED
MCH4277,Khalsa Inc,5311,Department Store,Individual,Amritsar,Punjab,2023-01-31,FHSK9777802879372,Active,1332.99,Found Duplicate,present,ALPHANUMERIC_IBAN,PROVIDED,PROVIDED
MCH5423,"Chanda, Mallick And Butala",5311,Department Store,Sole Proprietorship,Jaipur,Rajasthan,2024-08-25,XXXX3345,Unknown,458.56,Unique,present,MASKED,PROVIDED,PROVIDED
MCH4690,Natt Bhattacharyya,5311,Department Store,Private Limited,Amritsar,Punjab,,HZVJ1693332420203,Inactive,150.96,Found Duplicate,missing,ALPHANUMERIC_IBAN,PROVIDED,PROVIDED
MCH3682,"Dash, Kashyap And Goda",5311,Department Store,Private Limited,Amritsar,Punjab,2025-01-12,UMOT0203540180050,Inactive,0.1702,Found Duplicate,present,ALPHANUMERIC_IBAN,PROVIDED,PROVIDED
MCH6998,Jani Nayak,5311,Department Store,Individual,Delhi,Delhi,2026-01-27,,Unknown,3349.13,Unique,present,MISSING,PROVIDED,PROVIDED
MCH5505,Shan Cherian,5311,Department Store,Individual,Delhi,Delhi,2023-08-19,,Unknown,3177.98,Found Duplicate,present,MISSING,PROVIDED,PROVIDED
MCH3386,"Balay, Chacko And Dani",5311,Department Store,Private Limited,Jaipur,Rajasthan,2025-10-27,XXXX2339,Active,2775.53,Found Duplicate,present,MASKED,PROVIDED,PROVIDED
MCH2258,Walia Group,5311,Department Store,Sole Proprietorship,Jalandhar,Punjab,2025-10-14,XXXX1416,Active,1902.49,Unique,present,MASKED,PROVIDED,PROVIDED
MCH9710,"Mohanty, Lanka And Kamdar",5311,Department Store,Individual,Mumbai,Maharashtra,2024-11-13,EZNF2282969074066,Inactive,1462.25,Found Duplicate,present,ALPHANUMERIC_IBAN,PROVIDED,PROVIDED
MCH4745,Divan Rao,5311,Department Store,Sole Proprietorship,Jalandhar,Punjab,2023-12-05,9446528330,Active,778.92,Found Duplicate,present,VALID_NUMERIC,PROVIDED,PROVIDED
MCH4324,Choudhury Group,5311,Department Store,Individual,Chennai,Tamil Nadu,2024-02-11,ZMED4163796029617,Active,0.1068,Unique,present,ALPHANUMERIC_IBAN,PROVIDED,PROVIDED
MCH7839,Chandra Borra,5311,Department Store,Sole Proprietorship,Lucknow,Uttar Pradesh,2024-11-02,,Unknown,710.2,Found Duplicate,present,MISSING,PROVIDED,PROVIDED
MCH4080,Jhaveri Andra,5311,Department Store,Sole Proprietorship,Jalandhar,Punjab,2024-06-18,,Active,4912.37,Found Duplicate,present,MISSING,PROVIDED,PROVIDED
MCH8412,Sachdeva Mutti,5311,Department Store,Private Limited,Bengaluru,Karnataka,2023-03-01,,Active,2327.41,Unique,present,MISSING,PROVIDED,PROVIDED
MCH5371,Tailor Ltd,5311,Department Store,Sole Proprietorship,Jalandhar,Punjab,2024-10-08,3819002392,Active,2851.53,Unique,present,VALID_NUMERIC,PROVIDED,PROVIDED
MCH9199,"Bail, Peri And Baria",5311,Department Store,Partnership,Chennai,Tamil Nadu,2024-01-14,MIRO8677255410818,Active,7748.66,Found Duplicate,present,ALPHANUMERIC_IBAN,PROVIDED,PROVIDED
MCH1130,Bhargava Dara,5311,Department Store,Individual,Amritsar,Punjab,2025-06-14,8689036086,Active,2188.62,Found Duplicate,present,VALID_NUMERIC,PROVIDED,PROVIDED
MCH1349,Mital Narasimhan,5311,Department Store,Private Limited,Jaipur,Rajasthan,2025-02-14,0965472450,Active,538.14,Found Duplicate,present,VALID_NUMERIC,PROVIDED,PROVIDED
MCH1977,Mukherjee Menon,5311,Department Store,Partnership,Hyderabad,Telangana,2025-04-29,XXXX1090,Active,4221.17,Found Duplicate,present,MASKED,PROVIDED,PROVIDED
MCH9335,Srinivasan Shere,5311,Department Store,Partnership,Ludhiana,Punjab,2024-04-13,,Active,1875.12,Found Duplicate,present,MISSING,PROVIDED,PROVIDED
MCH7536,Kalla Deo,5311,Department Store,Partnership,Kolkata,West Bengal,2024-08-29,5654813293,Active,803.42,Unique,present,VALID_NUMERIC,PROVIDED,PROVIDED
MCH7027,"Vyas, Ghose And Narasimhan",5311,Department Store,Sole Proprietorship,Hyderabad,Telangana,2023-04-05,GJGE7959201596190,Unknown,0.86,Unique,present,ALPHANUMERIC_IBAN,PROVIDED,PROVIDED
MCH1060,Goda And Sons,5311,Department Store,Sole Proprietorship,Chennai,Tamil Nadu,2023-05-18,2862334269,Inactive,2371.8,Found Duplicate,present,VALID_NUMERIC,PROVIDED,PROVIDED
MCH2628,Muni Plc,5311,Department Store,Individual,Pune,Maharashtra,2024-07-13,1524505804,Active,1382.04,Unique,present,VALID_NUMERIC,PROVIDED,PROVIDED
MCH8316,Bakshi Rout,5311,Department Store,Private Limited,Delhi,Delhi,2024-11-10,,Active,0.618,Found Duplicate,present,MISSING,PROVIDED,PROVIDED
MCH4972,Seshadri Dalal,5311,Department Store,Partnership,Pune,Maharashtra,2025-10-03,8465114405,Active,1064.98,Found Duplicate,present,VALID_NUMERIC,PROVIDED,PROVIDED
MCH1581,"Nayak, Verma And Sawhney",5311,Department Store,Partnership,Mumbai,Maharashtra,2025-01-11,,Active,3655.93,Unique,present,MISSING,PROVIDED,PROVIDED
MCH6873,Dar And Sons,5311,Department Store,Sole Proprietorship,Jalandhar,Punjab,,XXXX7759,Active,75.71,Unique,missing,MASKED,PROVIDED,PROVIDED
MCH4774,Wadhwa Plc,5311,Department Store,Partnership,Jalandhar,Punjab,2026-01-09,4049174087,Active,374.94,Unique,present,VALID_NUMERIC,PROVIDED,PROVIDED
MCH8129,"Devan, Ramesh And 0Ak",5311,Department Store,Individual,Kolkata,West Bengal,2025-03-22,XXXX5824,Active,0.294,Unique,present,MASKED,PROVIDED,PROVIDED
MCH8003,Tank Ltd,5311,Department Store,Sole Proprietorship,Hyderabad,Telangana,2023-12-14,RVNR6882512785280,Active,614.4,Unique,present,ALPHANUMERIC_IBAN,PROVIDED,PROVIDED
MCH9424,Sur Bajaj,5311,Department Store,Sole Proprietorship,Bengaluru,Karnataka,2025-04-18,XXXX3219,Active,1902.79,Found Duplicate,present,MASKED,PROVIDED,PROVIDED
MCH9968,Kata Bawa,5311,Department Store,Private Limited,Lucknow,Uttar Pradesh,2025-09-01,,Active,2070.31,Found Duplicate,present,MISSING,PROVIDED,PROVIDED
MCH2249,"Rout, Thaker And Pal",5311,Department Store,Partnership,Mumbay,Maharashtra,2023-06-15,XXXX2277,Unknown,1367.02,Found Duplicate,present,MASKED,PROVIDED,PROVIDED
MCH8033,"Kala, Mahal And Dash",5311,Department Store,Individual,Hyderabad,Telangana,2025-02-12,XXXX2251,Suspended,1390.13,Found Duplicate,present,MASKED,PROVIDED,PROVIDED
MCH4600,Devi Group,5311,Department Store,Individual,Delhi,Delhi,2024-02-17,2508192627,Inactive,1126.47,Unique,present,VALID_NUMERIC,PROVIDED,PROVIDED
MCH1652,Tripathi Vasa,5311,Department Store,Private Limited,Amritsar,Punjab,2025-03-08,7462856821,Inactive,1419.63,Unique,present,VALID_NUMERIC,PROVIDED,PROVIDED
MCH7501,Jayaraman Inc,5311,Department Store,Partnership,Kolkata,West Bengal,2024-03-10,XXXX9347,Active,2898.16,Unique,present,MASKED,PROVIDED,PROVIDED
MCH3172,Kumarandsons,5311,Department Store,Partnership,Amritsar,Punjab,2026-01-14,,Active,3144.22,Found Duplicate,present,MISSING,PROVIDED,PROVIDED
MCH4459,Suresh Mane,5311,Department Store,Individual,Kolkata,West Bengal,2023-12-25,6103544959,Inactive,0.3983,Found Duplicate,present,VALID_NUMERIC,PROVIDED,PROVIDED
MCH3313,Comar Sidhu,5311,Department Store,Sole Proprietorship,Lucknow,Uttar Pradesh,2023-07-30,GKCY1460435380907,Inactive,408.55,Unique,present,ALPHANUMERIC_IBAN,PROVIDED,PROVIDED
MCH9104,Goel Plc,5311,Department Store,Private Limited,Bengaluru,Karnataka,2025-06-30,,Unknown,2640.29,Found Duplicate,present,MISSING,PROVIDED,PROVIDED
MCH9302,Savant Dave,5311,Department Store,Partnership,Bengaluru,Karnataka,2025-08-17,,Active,543.56,Unique,present,MISSING,PROVIDED,PROVIDED
MCH8944,"Zachariah, Ratta And Contractor",5311,Department Store,Private Limited,Hyderabad,Telangana,2024-07-16,0653764901,Active,0.2179,Unique,present,VALID_NUMERIC,PROVIDED,PROVIDED
MCH5502,Dutta And Sons,5311,Department Store,Partnership,Kolkata,West Bengal,2025-04-08,5772238249,Active,595.34,Found Duplicate,present,VALID_NUMERIC,PROVIDED,PROVIDED
MCH1617,Cherian Llc,5311,Department Store,Individual,Hyderabad,Telangana,2024-02-09,4300505477,Active,11340.36,Unique,present,VALID_NUMERIC,PROVIDED,PROVIDED
MCH2040,Atwal Varughese,5311,Department Store,Individual,Bengaluru,Karnataka,2025-06-26,,Unknown,2009.33,Found Duplicate,present,MISSING,PROVIDED,PROVIDED
MCH5303,Walla Inc,5311,Department Store,Private Limited,Chennai,Tamil Nadu,,,Active,0.1019,Unique,missing,MISSING,PROVIDED,PROVIDED
MCH1204,Rana Group,5311,Department Store,Private Limited,Jaipur,Rajasthan,2025-05-24,,Active,733.33,Unique,present,MISSING,PROVIDED,PROVIDED
MCH1675,"Sarma, Saxena And Chandran",5311,Department Store,Private Limited,Jaipur,Rajasthan,2023-06-09,,Active,1777.8,Found Duplicate,present,MISSING,PROVIDED,PROVIDED
MCH5734,Balan Inc,5311,Department Store,Private Limited,Jalandhar,Punjab,2025-05-20,,Active,2000.53,Unique,present,MISSING,PROVIDED,PROVIDED
MCH4727,Dua Mishra,5311,Department Store,Sole Proprietorship,Pune,Maharashtra,2024-05-18,9730998246,Inactive,0.1242,Found Duplicate,present,VALID_NUMERIC,PROVIDED,PROVIDED
MCH3780,Hegde Group,5311,Department Store,Private Limited,Lucknow,Uttar Pradesh,2026-02-27,XXXX3079,Suspended,315.62,Found Duplicate,present,MASKED,PROVIDED,PROVIDED
MCH9457,Som Ravi,5311,Department Store,Sole Proprietorship,Jaipur,Rajasthan,2025-02-19,,Active,672.31,Found Duplicate,present,MISSING,PROVIDED,PROVIDED
MCH3017,Ramanathan And Sons,5311,Department Store,Partnership,Delhi,Delhi,2024-06-07,,Active,3967.02,Unique,present,MISSING,PROVIDED,PROVIDED
MCH6889,Vala Plc,5311,Department Store,Sole Proprietorship,Ludhiana,Punjab,2024-07-03,XXXX2033,Active,2028.13,Found Duplicate,present,MASKED,PROVIDED,PROVIDED
MCH6904,Master Bhat,5311,Department Store,Partnership,Mumbai,Maharashtra,2023-05-08,,Active,252.96,Found Duplicate,present,MISSING,PROVIDED,PROVIDED
MCH7502,Gokhale Llc,5311,Department Store,Individual,Amritsar,Punjab,2024-07-06,5976838930,Unknown,1185.45,Unique,present,VALID_NUMERIC,PROVIDED,PROVIDED
MCH4112,Sodhi Desai,5311,Department Store,Sole Proprietorship,Hyderabad,Telangana,2023-06-06,,Inactive,0.3193,Unique,present,MISSING,PROVIDED,PROVIDED
MCH6818,"Bava, Badami And Sodhi",5311,Department Store,Partnership,Mumbai,Maharashtra,2023-03-16,JOTB5244966377910,Active,3479.78,Found Duplicate,present,ALPHANUMERIC_IBAN,PROVIDED,PROVIDED
MCH6818,Kaur Ltd,5311,Department Store,Individual,Ludhiana,Punjab,2024-02-23,,Unknown,333.34,Found Duplicate,present,MISSING,PROVIDED,PROVIDED
MCH7297,Kala Sibal,5311,Department Store,Partnership,Chennai,Tamil Nadu,2024-02-09,UMLP7890709268939,Unknown,2004.49,Found Duplicate,present,ALPHANUMERIC_IBAN,PROVIDED,PROVIDED
MCH7156,"Sathe, Patla And Tailor",5311,Department Store,Individual,Jaipur,Rajasthan,2023-04-07,3942092126,Active,2168.89,Found Duplicate,present,VALID_NUMERIC,PROVIDED,PROVIDED
MCH4964,Sarkar Goda,5311,Department Store,Private Limited,Pune,Maharashtra,2025-07-14,,Active,0.1517,Found Duplicate,present,MISSING,PROVIDED,PROVIDED
MCH9083,"Gera, Varghese And Karpe",5311,Department Store,Private Limited,Jaipur,Rajasthan,2025-05-19,9824715725,Active,3755.09,Found Duplicate,present,VALID_NUMERIC,PROVIDED,PROVIDED
MCH4322,Khanna Sarma,5311,Department Store,Sole Proprietorship,Jalandhar,Punjab,2025-05-02,,Active,575.07,Found Duplicate,present,MISSING,PROVIDED,PROVIDED
MCH3008,"Datta, Sarkar And Nori",5311,Department Store,Partnership,Ludhiana,Punjab,2024-11-11,,Active,522.31,Unique,present,MISSING,PROVIDED,PROVIDED
MCH3837,Bhat Group,5311,Department Store,Individual,Delhi,Delhi,2026-01-17,XXXX7816,Active,2613.11,Found Duplicate,present,MASKED,PROVIDED,PROVIDED
MCH4951,Cheema Dugal,5311,Department Store,Individual,Amritsar,Punjab,2024-04-03,,Unknown,1181.5500000000002,Found Duplicate,present,MISSING,PROVIDED,MISSING_OR_INVALID
MCH3817,Subramanian Group,5311,Department Store,Sole Proprietorship,Ludhiana,Punjab,,XXXX6376,Unknown,3916.72,Unique,missing,MASKED,PROVIDED,PROVIDED
MCH7868,Chander Ramakrishnan,5311,Department Store,Individual,Pune,Maharashtra,2025-09-21,XXXX9717,Unknown,563.96,Found Duplicate,present,MASKED,PROVIDED,PROVIDED
MCH1214,Patel Bhatti,5311,Department Store,Individual,Jalandhar,Punjab,2024-10-05,XXXX0366,Active,1829.91,Found Duplicate,present,MASKED,PROVIDED,PROVIDED
MCH6051,"Prashad, Date And Sodhi",5311,Department Store,Private Limited,Jalandhar,Punjab,2026-01-18,,Active,212.27,Unique,present,MISSING,PROVIDED,PROVIDED
MCH1763,Dhillon Ltd,5311,Department Store,Partnership,Jalandhar,Punjab,2026-02-22,4567982166,Active,231.69,Unique,present,VALID_NUMERIC,PROVIDED,PROVIDED
MCH2236,Yohannan Chada,5311,Department Store,Private Limited,Kolkata,West Bengal,2023-01-24,3926948531,Inactive,5340.64,Found Duplicate,present,VALID_NUMERIC,PROVIDED,PROVIDED
MCH2861,Hayer Inc,5311,Department Store,Private Limited,Pune,Maharashtra,2024-11-09,XXXX6916,Active,0.676,Unique,present,MASKED,PROVIDED,PROVIDED
MCH9632,Kade Shere,5311,Department Store,Sole Proprietorship,Delhi,Delhi,2025-11-28,,Active,895.55,Unique,present,MISSING,PROVIDED,PROVIDED
MCH5684,Dua Ghose,5311,Department Store,Partnership,Pune,Maharashtra,2024-07-10,,Active,465.0,Found Duplicate,present,MISSING,PROVIDED,PROVIDED
MCH3266,"Lalla, Baral And Pau",5311,Department Store,Private Limited,Chennai,Tamil Nadu,2025-09-17,ZAAY3109374136824,Active,1627.34,Unique,present,ALPHANUMERIC_IBAN,PROVIDED,PROVIDED
MCH9059,Shroff Ltd,5311,Department Store,Private Limited,Jalandhar,Punjab,2023-07-18,,Active,399.71,Unique,present,MISSING,PROVIDED,PROVIDED
MCH9112,Pingle Natt,5311,Department Store,Sole Proprietorship,Lucknow,Uttar Pradesh,2023-09-18,GWBM3117902848580,Inactive,0.356,Found Duplicate,present,ALPHANUMERIC_IBAN,PROVIDED,PROVIDED
MCH5807,Madan Ltd,5311,Department Store,Sole Proprietorship,Jalandhar,Punjab,2023-06-11,XXXX1600,Active,1974.14,Unique,present,MASKED,PROVIDED,PROVIDED
MCH9804,Bhasin Peri,5311,Department Store,Sole Proprietorship,Chennai,Tamil Nadu,2023-12-21,,Suspended,962.52,Unique,present,MISSING,PROVIDED,PROVIDED
MCH7452,Kala Llc,5311,Department Store,Sole Proprietorship,Bengaluru,Karnataka,2025-07-07,4973608976,Active,1838.62,Found Duplicate,present,VALID_NUMERIC,PROVIDED,PROVIDED
MCH6617,"Aurora, Bhakta And Bawa",5311,Department Store,Private Limited,Pune,Maharashtra,2023-11-30,,Unknown,324.91,Found Duplicate,present,MISSING,PROVIDED,PROVIDED
MCH3438,Sodhi Khosla,5311,Department Store,Private Limited,Amritsar,Punjab,,XXXX2260,Active,1181.5500000000002,Found Duplicate,missing,MASKED,PROVIDED,MISSING_OR_INVALID
MCH7619,"Ranganathan, Kumer And Pandya",5311,Department Store,Private Limited,Kolkata,West Bengal,2023-11-02,XXXX7479,Unknown,1181.5500000000002,Unique,present,MASKED,PROVIDED,MISSING_OR_INVALID
MCH4101,"Sani, Ben And Subramaniam",5311,Department Store,Private Limited,Pune,Maharashtra,2025-10-20,XXXX9217,Active,1377.51,Found Duplicate,present,MASKED,PROVIDED,PROVIDED
MCH9358,Shroff Ltd,5311,Department Store,Sole Proprietorship,Kolkata,West Bengal,2023-05-21,RLLU5222765967468,Active,1856.54,Unique,present,ALPHANUMERIC_IBAN,PROVIDED,PROVIDED
MCH6273,"Dubey, Narula And Jhaveri",5311,Department Store,Private Limited,Pune,Maharashtra,2025-05-06,,Active,754.63,Unique,present,MISSING,PROVIDED,PROVIDED
MCH1811,Varkey Inc,5311,Department Store,Sole Proprietorship,Bengaluru,Karnataka,2026-02-25,,Active,0.592,Found Duplicate,present,MISSING,PROVIDED,PROVIDED
MCH5678,Kumar And Sons,5311,Department Store,Private Limited,Jaipur,Rajasthan,2024-03-25,JJQM4342551832633,Active,0.6122,Found Duplicate,present,ALPHANUMERIC_IBAN,PROVIDED,PROVIDED
MCH4278,Thakkar Gupta,5311,Department Store,Private Limited,Amritsar,Punjab,2025-05-31,,Inactive,703.48,Unique,present,MISSING,PROVIDED,PROVIDED
MCH9584,"Bhat, Shukla And Bajaj",5311,Department Store,Private Limited,Mumbai,Maharashtra,2025-02-04,XXXX2185,Inactive,4140.74,Found Duplicate,present,MASKED,PROVIDED,PROVIDED
MCH1446,Sunder Sathe,5311,Department Store,Sole Proprietorship,Chennai,Tamil Nadu,2024-11-18,XXXX0028,Unknown,3885.08,Unique,present,MASKED,PROVIDED,PROVIDED
MCH8698,"Boase, Bal And Mand",5311,Department Store,Private Limited,Kolkata,West Bengal,2025-06-13,,Active,3054.52,Unique,present,MISSING,PROVIDED,PROVIDED
MCH8080,"Koshy, Das And Handa",5311,Department Store,Partnership,Amritsar,Punjab,2023-10-07,,Unknown,3825.94,Found Duplicate,present,MISSING,PROVIDED,PROVIDED
MCH9566,Batra Kaul,5311,Department Store,Private Limited,Delhi,Delhi,2025-11-28,LYAO0984012362521,Active,1260.75,Unique,present,ALPHANUMERIC_IBAN,PROVIDED,PROVIDED
MCH3765,Mohanty Llc,5311,Department Store,Partnership,Hyderabad,Telangana,2023-06-20,0770998127,Active,1911.75,Unique,present,VALID_NUMERIC,PROVIDED,PROVIDED
MCH8212,Taneja Ltd,5311,Department Store,Private Limited,Chennai,Tamil Nadu,2023-07-03,,Inactive,2159.07,Unique,present,MISSING,PROVIDED,PROVIDED
MCH5413,"K0Shy, Batra And K0H1I",5311,Department Store,Sole Proprietorship,Lucknow,Uttar Pradesh,2023-04-09,,Active,0.608,Unique,present,MISSING,PROVIDED,PROVIDED
MCH6372,"Memon, Master And Oak",5311,Department Store,Partnership,Amritsar,Punjab,2024-02-16,,Active,2524.29,Found Duplicate,present,MISSING,PROVIDED,PROVIDED
MCH6863,Mani Group,5311,Department Store,Individual,Jaipur,Rajasthan,2024-05-30,EJVY0425294699404,Active,0.2985,Unique,present,ALPHANUMERIC_IBAN,PROVIDED,PROVIDED
MCH5611,"Bawa, Grewal And Chakrabarti",5311,Department Store,Partnership,Mumbai,Maharashtra,,,Active,0.764,Found Duplicate,missing,MISSING,PROVIDED,PROVIDED
MCH5448,"Bala, Sha And Bera",5311,Department Store,Private Limited,Bengaluru,Karnataka,2025-08-12,,Active,523.59,Unique,present,MISSING,PROVIDED,PROVIDED
MCH2308,Bhattacharyya Llc,5311,Department Store,Sole Proprietorship,Jalandhar,Punjab,2023-10-14,,Inactive,4753.89,Unique,present,MISSING,PROVIDED,PROVIDED
MCH7560,Chakraborty And Sons,5311,Department Store,Partnership,Pune,Maharashtra,,WVEJ5381131962008,Active,2097.03,Unique,missing,ALPHANUMERIC_IBAN,PROVIDED,PROVIDED
MCH2665,"Goswami, Savant And Kar",5311,Department Store,Sole Proprietorship,Hyderabad,Telangana,2024-03-23,XXXX6615,Active,1516.75,Found Duplicate,present,MASKED,PROVIDED,PROVIDED
MCH8377,"Agate, Suresh And Bahri",5311,Department Store,Individual,Hyderabad,Telangana,2024-05-02,XXXX2261,Active,1519.49,Found Duplicate,present,MASKED,PROVIDED,PROVIDED
MCH9757,Venkataraman Vig,5311,Department Store,Sole Proprietorship,Amritsar,Punjab,2025-03-26,,Active,1622.73,Unique,present,MISSING,PROVIDED,PROVIDED
MCH7323,Koshy Comar,5311,Department Store,Sole Proprietorship,Chennai,Tamil Nadu,2026-02-15,,Active,0.973,Found Duplicate,present,MISSING,PROVIDED,PROVIDED
MCH8460,Luthra Plc,5311,Department Store,Private Limited,Jaipur,Rajasthan,2023-03-10,XXXX0930,Active,2927.81,Unique,present,MASKED,PROVIDED,PROVIDED
MCH4964,Sarkar Goda,5311,Department Store,Private Limited,Pune,Maharashtra,2025-07-14,,Suspended,0.1517,Found Duplicate,present,MISSING,PROVIDED,PROVIDED
MCH2123,Lala And Sons,5311,Department Store,Private Limited,Mumbai,Maharashtra,2025-03-01,,Active,13187.41,Found Duplicate,present,MISSING,PROVIDED,PROVIDED
MCH2236,Yohannan Chada,5311,Department Store,Private Limited,Kolkata,West Bengal,2023-01-24,3926948531,Inactive,5340.64,Found Duplicate,present,VALID_NUMERIC,PROVIDED,PROVIDED
MCH9910,"Karan, Ram And Sengupta",5311,Department Store,Individual,Delhi,Delhi,2025-10-14,IIRT4821012999661,Active,191.17,Unique,present,ALPHANUMERIC_IBAN,PROVIDED,PROVIDED
MCH6583,"Iyengar, Puri And Tiwari",5311,Department Store,Partnership,Jalandhar,Punjab,2025-07-20,OTYU4679169024065,Inactive,4193.64,Found Duplicate,present,ALPHANUMERIC_IBAN,PROVIDED,PROVIDED
MCH1270,Tiwari And Sons,5311,Department Store,Private Limited,Hyderabad,Telangana,2023-06-02,,Unknown,1107.02,Unique,present,MISSING,PROVIDED,PROVIDED
MCH9082,Din Batta,5311,Department Store,Private Limited,Mumbai,Maharashtra,2024-02-18,XXXX5721,Inactive,4454.42,Found Duplicate,present,MASKED,PROVIDED,PROVIDED
MCH8176,Bala Plc,5311,Department Store,Sole Proprietorship,Hyderabad,Telangana,,,Active,0.3488,Unique,missing,MISSING,PROVIDED,PROVIDED
MCH5951,"Sahni, Gour And Sama",5311,Department Store,Private Limited,Pune,Maharashtra,2024-05-13,,Active,2353.06,Unique,present,MISSING,PROVIDED,PROVIDED
MCH2589,Dhawan Thaker,5311,Department Store,Sole Proprietorship,Hyderabad,Telangana,2025-12-01,XXXX8775,Inactive,611.95,Unique,present,MASKED,PROVIDED,PROVIDED
MCH9956,"Sanghvi, Ghose And Din",5311,Department Store,Private Limited,Delhi,Delhi,2025-11-29,,Unknown,2309.81,Found Duplicate,present,MISSING,PROVIDED,PROVIDED
MCH6118,"Radhakrishnan, Lala And Devi",5311,Department Store,Sole Proprietorship,Delhi,Delhi,2024-06-01,6215610983,Active,0.11547,Unique,present,VALID_NUMERIC,PROVIDED,PROVIDED
MCH3661,"Tak, Sandhu And Baria",5311,Department Store,Individual,Bengaluru,Karnataka,2023-04-02,UIJD2569404575285,Suspended,865.02,Found Duplicate,present,ALPHANUMERIC_IBAN,PROVIDED,PROVIDED
MCH6332,Shuk1A Hayre,5311,Department Store,Sole Proprietorship,Lucknow,Uttar Pradesh,2026-12-01,,Active,788.91,Found Duplicate,present,MISSING,PROVIDED,PROVIDED
MCH2003,Rajagopalan Inc,5311,Department Store,Individual,Pune,Maharashtra,2023-06-16,3428467704,Active,0.567,Unique,present,VALID_NUMERIC,PROVIDED,PROVIDED
MCH7332,"Mutti, Reddy And Guha",5311,Department Store,Private Limited,Kolkata,West Bengal,2025-05-04,XXXX9186,Active,1708.81,Unique,present,MASKED,PROVIDED,PROVIDED
MCH8680,Bhatt Toor,5311,Department Store,Private Limited,Jaipur,Rajasthan,2025-12-02,,Active,1399.6,Found Duplicate,present,MISSING,PROVIDED,PROVIDED
MCH4447,"Sodhi, Dalal And Iyengar",5311,Department Store,Private Limited,Bengaluru,Karnataka,,XXXX0235,Unknown,208.51,Unique,missing,MASKED,PROVIDED,PROVIDED
MCH1450,"Hora, Kunda And Dani",5311,Department Store,Sole Proprietorship,Ludhiana,Punjab,2023-10-30,XXXX1537,Inactive,1853.9,Unique,present,MASKED,PROVIDED,PROVIDED
MCH9755,Anand Inc,5311,Department Store,Private Limited,Lucknow,Uttar Pradesh,2024-09-10,EWFI4945547358021,Unknown,2048.19,Found Duplicate,present,ALPHANUMERIC_IBAN,PROVIDED,PROVIDED
MCH5381,Jaggi And Sons,5311,Department Store,Private Limited,Delhi,Delhi,2025-06-11,,Active,550.97,Unique,present,MISSING,PROVIDED,PROVIDED
MCH8125,Dar Plc,5311,Department Store,Partnership,Ludhiana,Punjab,2025-09-16,VZMM0683609991755,Inactive,176.19,Found Duplicate,present,ALPHANUMERIC_IBAN,PROVIDED,PROVIDED
MCH8530,Chopra Khanna,5311,Department Store,Partnership,Hyderabad,Telangana,,,Active,442.28,Unique,missing,MISSING,PROVIDED,PROVIDED
MCH4727,Dua Mishra,5311,Department Store,Sole Proprietorship,Pune,Maharashtra,2024-05-18,9730998246,Active,0.1242,Found Duplicate,present,VALID_NUMERIC,PROVIDED,PROVIDED
MCH9594,Ben Group,5311,Department Store,Sole Proprietorship,Jaipur,Rajasthan,2023-01-10,3846101369,Unknown,4070.31,Unique,present,VALID_NUMERIC,PROVIDED,PROVIDED
MCH7449,"Brahmbhatt, Nagarajan And Kaul",5311,Department Store,Sole Proprietorship,Amritsar,Punjab,,,Active,397.32,Unique,missing,MISSING,PROVIDED,PROVIDED
MCH5902,"Iyer, Pal And Kaur",5311,Department Store,Private Limited,Pune,Maharashtra,2024-08-14,,Active,441.19,Unique,present,MISSING,PROVIDED,PROVIDED
MCH1973,Pau H0Ra,5311,Department Store,Individual,Amritsar,Punjab,2023-02-23,,Active,1264.21,Found Duplicate,present,MISSING,PROVIDED,PROVIDED
MCH1475,"Bora, Bhakta And Aurora",5311,Department Store,Private Limited,Kolkata,West Bengal,2024-06-11,8871048979,Active,1652.87,Unique,present,VALID_NUMERIC,PROVIDED,PROVIDED
MCH3134,Rajan Plc,5311,Department Store,Individual,Jaipur,Rajasthan,2024-09-30,YYBA4456378455566,Active,0.993,Unique,present,ALPHANUMERIC_IBAN,PROVIDED,PROVIDED
MCH6071,Nagy Inc,5311,Department Store,Private Limited,Delhi,Delhi,,XXXX2349,Unknown,2743.11,Unique,missing,MASKED,PROVIDED,PROVIDED
MCH6325,Mannan Rattan,5311,Department Store,Private Limited,Kolkata,West Bengal,2023-12-29,XXXX9688,Active,1405.47,Found Duplicate,present,MASKED,PROVIDED,PROVIDED
MCH7398,Bhavsar And Sons,5311,Department Store,Sole Proprietorship,Chennai,Tamil Nadu,2025-04-24,,Active,6060.9,Unique,present,MISSING,PROVIDED,PROVIDED
MCH4438,Vasa Divan,5311,Department Store,Partnership,Kolkata,West Bengal,2025-10-09,DDPR9154239625573,Unknown,1288.65,Unique,present,ALPHANUMERIC_IBAN,PROVIDED,PROVIDED
MCH2800,Raja Naik,5311,Department Store,Private Limited,Bengaluru,Karnataka,2024-04-18,9493307388,Inactive,1096.85,Unique,present,VALID_NUMERIC,PROVIDED,PROVIDED
MCH6440,Taneja Mahajan,5311,Department Store,Individual,Jalandhar,Punjab,2025-04-17,2419488462,Active,6682.66,Found Duplicate,present,VALID_NUMERIC,PROVIDED,PROVIDED
MCH8798,Ch0Wdhury Su1E,5311,Department Store,Individual,Jalandhar,Punjab,2024-12-28,CPUC4526229447155,Unknown,207.92,Found Duplicate,present,ALPHANUMERIC_IBAN,PROVIDED,PROVIDED
MCH5111,Ramachandran Group,5311,Department Store,Private Limited,Ludhiana,Punjab,2026-05-01,9740232667,Active,541.94,Unique,present,VALID_NUMERIC,PROVIDED,PROVIDED
MCH6325,"Sathe, Seth And Varghese",5311,Department Store,Partnership,Delhi,Delhi,2025-04-03,,Inactive,422.65,Found Duplicate,present,MISSING,PROVIDED,PROVIDED
MCH7840,Sood Llc,5311,Department Store,Individual,Pune,Maharashtra,2023-09-26,XXXX2181,Active,0.394,Unique,present,MASKED,PROVIDED,PROVIDED
MCH7574,Loke Ltd,5311,Department Store,Sole Proprietorship,Kolkata,West Bengal,,XXXX9656,Active,302.53,Found Duplicate,missing,MASKED,PROVIDED,PROVIDED
MCH5117,Bava Sani,5311,Department Store,Private Limited,Amritsar,Punjab,2023-05-07,ICYL7735321082205,Active,557.72,Found Duplicate,present,ALPHANUMERIC_IBAN,PROVIDED,PROVIDED
MCH9394,Balay Group,5311,Department Store,Sole Proprietorship,Chennai,Tamil Nadu,2023-08-08,,Unknown,0.279,Found Duplicate,present,MISSING,PROVIDED,PROVIDED
MCH6396,Ganesan Lad,5311,Department Store,Private Limited,Jaipur,Rajasthan,2023-03-16,1072029777,Suspended,3700.61,Found Duplicate,present,VALID_NUMERIC,PROVIDED,PROVIDED
MCH9021,Sandhu Jayaraman,5311,Department Store,Private Limited,Delhi,Delhi,,,Active,1258.68,Found Duplicate,missing,MISSING,PROVIDED,PROVIDED
MCH2731,Krishna Kumar,5311,Department Store,Private Limited,Ludhiana,Punjab,2025-12-18,XXXX8549,Active,1031.53,Unique,present,MASKED,PROVIDED,PROVIDED
MCH6482,Mitra Agate,5311,Department Store,Individual,Amritsar,Punjab,2024-04-06,,Inactive,0.134,Unique,present,MISSING,PROVIDED,PROVIDED
MCH7865,Rout Inc,5311,Department Store,Individual,Hyderabad,Telangana,2023-11-13,XXXX3299,Active,2187.26,Unique,present,MASKED,PROVIDED,PROVIDED
MCH3568,"Choudhury, Trivedi And Bhatnagar",5311,Department Store,Private Limited,Ludhiana,Punjab,2025-10-04,XXXX4927,Active,1208.3,Unique,present,MASKED,PROVIDED,PROVIDED
MCH4725,Joshi Plc,5311,Department Store,Private Limited,Amritsar,Punjab,2023-05-23,UNBB3297911061225,Active,639.24,Unique,present,ALPHANUMERIC_IBAN,PROVIDED,PROVIDED
MCH4205,Behl Narula,5311,Department Store,Sole Proprietorship,Kolkata,West Bengal,2023-11-27,,Active,0.4442,Unique,present,MISSING,PROVIDED,PROVIDED
MCH8198,Buch Sengupta,5311,Department Store,Individual,Kolkata,West Bengal,2023-01-18,,Active,2004.67,Found Duplicate,present,MISSING,PROVIDED,PROVIDED
MCH8050,Bora Oommen,5311,Department Store,Individual,Jalandhar,Punjab,2023-12-16,YBIM5056880883544,Active,587.46,Unique,present,ALPHANUMERIC_IBAN,PROVIDED,PROVIDED
MCH1675,"Sarma, Saxena And Chandran",5311,Department Store,Private Limited,Jaipur,Rajasthan,2023-06-09,,Suspended,1777.8,Found Duplicate,present,MISSING,PROVIDED,PROVIDED
MCH6446,Contractor Llc,5311,Department Store,Individual,Jaipur,Rajasthan,2024-09-23,,Unknown,1356.41,Found Duplicate,present,MISSING,PROVIDED,PROVIDED
MCH1336,Tandon Pant,5311,Department Store,Sole Proprietorship,Jaipur,Rajasthan,2025-09-04,EOFD1587956050833,Active,0.991,Found Duplicate,present,ALPHANUMERIC_IBAN,PROVIDED,PROVIDED
MCH8417,Bhalla Batta,5311,Department Store,Partnership,Bengaluru,Karnataka,2025-07-07,,Active,544.37,Unique,present,MISSING,PROVIDED,PROVIDED
MCH7087,Prashad Llc,5311,Department Store,Partnership,Chennai,Tamil Nadu,2023-05-29,,Active,0.955,Unique,present,MISSING,PROVIDED,PROVIDED
MCH1772,Grover Group,5311,Department Store,Partnership,Kolkata,West Bengal,2023-03-18,0665098924,Active,1962.32,Found Duplicate,present,VALID_NUMERIC,PROVIDED,PROVIDED
MCH3477,"Mangal, Comar And Krish",5311,Department Store,Sole Proprietorship,Mumbai,Maharashtra,2025-03-30,,Active,13897.21,Unique,present,MISSING,PROVIDED,PROVIDED
MCH7146,"Brar, Chadha And Choudhary",5311,Department Store,Partnership,Hyderabad,Telangana,2024-09-05,,Active,573.35,Found Duplicate,present,MISSING,PROVIDED,PROVIDED
MCH2624,Pandya Group,5311,Department Store,Individual,Mumbai,Maharashtra,2023-09-12,3278618323,Suspended,606.95,Unique,present,VALID_NUMERIC,PROVIDED,PROVIDED
MCH1926,Bhattacharyya Om,5311,Department Store,Individual,Mumbay,Maharashtra,2025-06-16,3013938494,Unknown,2425.42,Found Duplicate,present,VALID_NUMERIC,PROVIDED,PROVIDED
MCH7965,Magar Kant,5311,Department Store,Sole Proprietorship,Pune,Maharashtra,2024-05-13,XXXX3832,Active,567.32,Unique,present,MASKED,PROVIDED,PROVIDED
MCH9972,"Bakshi, Tata And Parmer",5311,Department Store,Sole Proprietorship,Hyderabad,Telangana,2024-08-14,ATOC5117985834296,Active,1398.48,Unique,present,ALPHANUMERIC_IBAN,PROVIDED,PROVIDED
MCH4487,Randhawa Mallick,5311,Department Store,Individual,Ludhiana,Punjab,2023-08-22,,Active,1290.99,Found Duplicate,present,MISSING,PROVIDED,PROVIDED
MCH6293,Bora Nigam,5311,Department Store,Partnership,Jalandhar,Punjab,,,Active,4957.97,Unique,missing,MISSING,PROVIDED,PROVIDED
MCH4167,Banerjeeplc,5812,Food & Restaurant,Private Limited,Jaipur,Rajasthan,2023-10-26,0359713913,Active,3120.61,Found Duplicate,present,VALID_NUMERIC,PROVIDED,PROVIDED
MCH2118,Kakar Group,5812,Food & Restaurant,Sole Proprietorship,Delhi,Delhi,2023-07-08,,Unknown,0.683,Found Duplicate,present,MISSING,PROVIDED,PROVIDED
MCH4187,"Tella, Hayre And Patla",5812,Food & Restaurant,Sole Proprietorship,Jaipur,Rajasthan,2023-09-08,,Suspended,2332.84,Unique,present,MISSING,PROVIDED,PROVIDED
MCH8411,Chopra Group,5812,Food & Restaurant,Private Limited,Jalandhar,Punjab,2023-01-01,,Inactive,1067.4,Unique,present,MISSING,PROVIDED,PROVIDED
MCH6137,"Saxena, Aggarwa1 And Sem",5812,Food & Restaurant,Individual,Hyderabad,Telangana,,3824594690,Active,421.31,Found Duplicate,missing,VALID_NUMERIC,PROVIDED,PROVIDED
MCH6388,Raval Cherian,5812,Food & Restaurant,Partnership,Mumbay,Maharashtra,2023-11-15,,Active,2297.8,Found Duplicate,present,MISSING,PROVIDED,PROVIDED
MCH6731,Wagle Pau,5812,Food & Restaurant,Private Limited,Amritsar,Punjab,2025-09-26,,Active,2980.89,Found Duplicate,present,MISSING,PROVIDED,PROVIDED
MCH9015,Prashad Inc,5812,Food & Restaurant,Sole Proprietorship,Chennai,Tamil Nadu,2025-08-05,ZMCX8700350444666,Active,787.45,Unique,present,ALPHANUMERIC_IBAN,PROVIDED,PROVIDED
MCH6447,"Mody, Dara And Ray",5812,Food & Restaurant,Individual,Kolkata,West Bengal,2023-05-19,XXXX4551,Unknown,860.24,Found Duplicate,present,MASKED,PROVIDED,PROVIDED
MCH1533,Wason And Sons,5812,Food & Restaurant,Partnership,Amritsar,Punjab,2025-03-27,,Inactive,419.64,Unique,present,MISSING,PROVIDED,PROVIDED
MCH7795,Maharaj Plc,5812,Food & Restaurant,Sole Proprietorship,Amritsar,Punjab,2023-01-14,,Active,0.1446,Found Duplicate,present,MISSING,PROVIDED,PROVIDED
MCH4948,Dass Dhaliwal,5812,Food & Restaurant,Partnership,Jalandhar,Punjab,2024-06-25,XXXX1800,Active,1356.31,Unique,present,MASKED,PROVIDED,PROVIDED
MCH8968,"Majumdar, Setty And Sahni",5812,Food & Restaurant,Private Limited,Amritsar,Punjab,2026-02-23,,Inactive,477.9,Found Duplicate,present,MISSING,PROVIDED,PROVIDED
MCH7237,Reddy Majumdar,5812,Food & Restaurant,Partnership,Delhi,Delhi,2024-12-13,,Active,987.48,Unique,present,MISSING,PROVIDED,PROVIDED
MCH3487,Subramanian Inc,5812,Food & Restaurant,Individual,Pune,Maharashtra,2025-07-26,,Active,1612.87,Found Duplicate,present,MISSING,PROVIDED,PROVIDED
MCH4484,"Mukherjee, Tella And Malhotra",5812,Food & Restaurant,Partnership,Bengaluru,Karnataka,2025-02-10,8422535984,Active,2091.93,Unique,present,VALID_NUMERIC,PROVIDED,PROVIDED
MCH5749,Master Llc,5812,Food & Restaurant,Private Limited,Kolkata,West Bengal,2024-04-30,PVNW9033788560313,Active,6699.41,Found Duplicate,present,ALPHANUMERIC_IBAN,PROVIDED,PROVIDED
MCH3071,Misra Padmanabhan,5812,Food & Restaurant,Sole Proprietorship,Ludhiana,Punjab,2024-07-24,IJYT4830685989652,Active,958.85,Unique,present,ALPHANUMERIC_IBAN,PROVIDED,MISSING_OR_INVALID
MCH1093,"Dubey, Uppal And Bhatt",5812,Food & Restaurant,Private Limited,Pune,Maharashtra,2025-04-26,,Inactive,4005.67,Unique,present,MISSING,PROVIDED,PROVIDED
MCH9187,Mane And Sons,5812,Food & Restaurant,Individual,Hyderabad,Telangana,2025-12-18,,Active,508.01,Unique,present,MISSING,PROVIDED,PROVIDED
MCH9542,"Buch, Singhal And Bhardwaj",5812,Food & Restaurant,Individual,Chennai,Tamil Nadu,2023-05-01,ATYU2810542090525,Inactive,0.2703,Found Duplicate,present,ALPHANUMERIC_IBAN,PROVIDED,PROVIDED
MCH5271,Choudhary Chaudhry,5812,Food & Restaurant,Partnership,Ludhiana,Punjab,2025-11-30,1480455412,Active,605.6,Unique,present,VALID_NUMERIC,PROVIDED,PROVIDED
MCH9082,Seshadri Group,5812,Food & Restaurant,Sole Proprietorship,Jaipur,Rajasthan,2025-11-24,,Unknown,0.862,Found Duplicate,present,MISSING,PROVIDED,PROVIDED
MCH8149,"Chandran, Mander And Parmar",5812,Food & Restaurant,Partnership,Kolkata,West Bengal,,,Active,0.1378,Unique,missing,MISSING,PROVIDED,PROVIDED
MCH3577,"Ratta, Mane And Kapadia",5812,Food & Restaurant,Individual,Amritsar,Punjab,,XXXX9384,Active,1820.36,Found Duplicate,missing,MASKED,PROVIDED,PROVIDED
MCH6097,Mannan Plc,5812,Food & Restaurant,Partnership,Lucknow,Uttar Pradesh,2025-02-13,XXXX8307,Active,258.41,Unique,present,MASKED,PROVIDED,PROVIDED
MCH1219,Khare Puri,5812,Food & Restaurant,Partnership,Amritsar,Punjab,2024-11-21,,Active,0.2174,Found Duplicate,present,MISSING,PROVIDED,PROVIDED
MCH2450,Bail Plc,5812,Food & Restaurant,Private Limited,Hyderabad,Telangana,2024-04-25,XXXX3279,Unknown,0.3923,Unique,present,MASKED,PROVIDED,PROVIDED
MCH2492,"Dhawan, Salvi And Dara",5812,Food & Restaurant,Partnership,Lucknow,Uttar Pradesh,2025-07-08,XXXX8560,Inactive,3500.9,Found Duplicate,present,MASKED,PROVIDED,PROVIDED
MCH9185,Om Ltd,5812,Food & Restaurant,Partnership,Kolkata,West Bengal,2025-09-22,RKEJ2980134292377,Inactive,311.59,Found Duplicate,present,ALPHANUMERIC_IBAN,PROVIDED,PROVIDED
MCH4952,"Anne,Choudhryandbhattacharyya",5812,Food & Restaurant,Individual,Delhi,Delhi,,XAPW5259361506192,Active,0.4302,Unique,missing,ALPHANUMERIC_IBAN,PROVIDED,PROVIDED
MCH5479,"Mukherjee, Nazareth And Palla",5812,Food & Restaurant,Sole Proprietorship,Ludhiana,Punjab,2024-02-19,XXXX2442,Active,958.85,Unique,present,MASKED,PROVIDED,MISSING_OR_INVALID
MCH5597,"Shankar, Pandey And Sridhar",5812,Food & Restaurant,Private Limited,Lucknow,Uttar Pradesh,,,Active,380.65,Unique,missing,MISSING,PROVIDED,PROVIDED
MCH3559,Chokshi Inc,5812,Food & Restaurant,Private Limited,Bengaluru,Karnataka,2024-12-23,XXXX5330,Active,535.7,Found Duplicate,present,MASKED,PROVIDED,PROVIDED
MCH3656,Kurian Chad,5812,Food & Restaurant,Individual,Kolkata,West Bengal,2024-12-18,,Unknown,958.85,Found Duplicate,present,MISSING,PROVIDED,MISSING_OR_INVALID
MCH2964,"Nanda, Comar And Sachdev",5812,Food & Restaurant,Sole Proprietorship,Delhi,Delhi,2023-05-03,,Inactive,1238.67,Found Duplicate,present,MISSING,PROVIDED,PROVIDED
MCH4792,Agrawal Prabhu,5812,Food & Restaurant,Sole Proprietorship,Chennai,Tamil Nadu,2025-11-02,,Inactive,0.1844,Unique,present,MISSING,PROVIDED,PROVIDED
MCH7838,"Yohannan, Sethi And Khare",5812,Food & Restaurant,Sole Proprietorship,Amritsar,Punjab,2024-03-25,,Active,974.3,Unique,present,MISSING,PROVIDED,PROVIDED
MCH1944,Morar Ltd,5812,Food & Restaurant,Individual,Pune,Maharashtra,2023-04-23,XXXX8672,Active,1207.98,Found Duplicate,present,MASKED,PROVIDED,PROVIDED
MCH1377,"Taneja, Din And Kaul",5812,Food & Restaurant,Sole Proprietorship,Delhi,Delhi,2025-10-05,QWQZ7332733729369,Active,767.08,Found Duplicate,present,ALPHANUMERIC_IBAN,PROVIDED,PROVIDED
MCH3435,"Mitter, Chakrabarti And Swaminathan",5812,Food & Restaurant,Individual,Ludhiana,Punjab,2023-04-23,XXXX3745,Active,1050.63,Unique,present,MASKED,PROVIDED,PROVIDED
MCH2959,Kanda Llc,5812,Food & Restaurant,Private Limited,Kolkata,West Bengal,2023-08-10,,Active,6588.76,Unique,present,MISSING,PROVIDED,PROVIDED
MCH9967,Kaul Llc,5812,Food & Restaurant,Individual,Lucknow,Uttar Pradesh,2023-12-23,HXGW3877013830442,Active,0.42,Unique,present,ALPHANUMERIC_IBAN,PROVIDED,PROVIDED
MCH7814,Mallick Puri,5812,Food & Restaurant,Sole Proprietorship,Jaipur,Rajasthan,2024-01-03,,Active,2963.54,Unique,present,MISSING,PROVIDED,PROVIDED
MCH8497,"Pandey, Dutta And Thakkar",5812,Food & Restaurant,Private Limited,Delhi,Delhi,2025-09-18,0266895023,Active,802.0,Unique,present,VALID_NUMERIC,PROVIDED,PROVIDED
MCH2090,Upadhyay Plc,5812,Food & Restaurant,Sole Proprietorship,Delhi,Delhi,2026-01-05,KZDI9850791739312,Active,439.31,Unique,present,ALPHANUMERIC_IBAN,PROVIDED,PROVIDED
MCH4508,Prakash Ltd,5812,Food & Restaurant,Private Limited,Mumbai,Maharashtra,2023-12-12,9822144537,Suspended,1744.61,Unique,present,VALID_NUMERIC,PROVIDED,PROVIDED
MCH5606,"Hayer, Mukherjee And Kohli",5812,Food & Restaurant,Partnership,Kolkata,West Bengal,2023-06-16,,Active,0.1765,Found Duplicate,present,MISSING,PROVIDED,PROVIDED
MCH2128,Ghosh Sharaf,5812,Food & Restaurant,Partnership,Amritsar,Punjab,2023-12-21,6688236722,Active,3157.17,Unique,present,VALID_NUMERIC,PROVIDED,PROVIDED
MCH5493,Roy Group,5812,Food & Restaurant,Partnership,Lucknow,Uttar Pradesh,2024-05-11,8876014777,Active,958.85,Found Duplicate,present,VALID_NUMERIC,PROVIDED,MISSING_OR_INVALID
MCH1649,Venkatesh Plc,5812,Food & Restaurant,Private Limited,Delhi,Delhi,2024-08-03,6043188789,Suspended,851.41,Unique,present,VALID_NUMERIC,PROVIDED,PROVIDED
MCH2825,Koshy Gola,5812,Food & Restaurant,Partnership,Bengaluru,Karnataka,2025-09-25,YLMF2374015161502,Active,3012.53,Found Duplicate,present,ALPHANUMERIC_IBAN,PROVIDED,PROVIDED
MCH6370,"Dass, Hegde And Viswanathan",5812,Food & Restaurant,Partnership,Jaipur,Rajasthan,2023-03-24,PUYW3534134349316,Active,2201.27,Unique,present,ALPHANUMERIC_IBAN,PROVIDED,PROVIDED
MCH8692,"Dubey, Nair And Bobal",5812,Food & Restaurant,Sole Proprietorship,Ludhiana,Punjab,2023-04-17,9956125917,Active,2839.54,Found Duplicate,present,VALID_NUMERIC,PROVIDED,PROVIDED
MCH7930,"Boase, Barman And Virk",5812,Food & Restaurant,Private Limited,Amritsar,Punjab,2025-02-05,,Active,1076.5,Found Duplicate,present,MISSING,PROVIDED,PROVIDED
MCH1352,Mukherjee Sethi,5812,Food & Restaurant,Sole Proprietorship,Pune,Maharashtra,2024-03-19,,Active,737.77,Found Duplicate,present,MISSING,PROVIDED,PROVIDED
MCH3269,Kara Ramaswamy,5812,Food & Restaurant,Partnership,Pune,Maharashtra,2023-12-07,,Active,1481.0,Unique,present,MISSING,PROVIDED,PROVIDED
MCH7615,"Dar, Parekh And De",5812,Food & Restaurant,Sole Proprietorship,Lucknow,Uttar Pradesh,,4443349499,Inactive,2530.9,Unique,missing,VALID_NUMERIC,PROVIDED,PROVIDED
MCH9609,Saran Iyengar,5812,Food & Restaurant,Sole Proprietorship,Bengaluru,Karnataka,2023-11-14,,Active,3223.75,Found Duplicate,present,MISSING,PROVIDED,PROVIDED
MCH6155,"Varghese, Mahal And Nadkarni",5812,Food & Restaurant,Private Limited,Jaipur,Rajasthan,2024-07-20,MGRT6859674527943,Active,958.85,Found Duplicate,present,ALPHANUMERIC_IBAN,PROVIDED,MISSING_OR_INVALID
MCH1882,Kamdar Banik,5812,Food & Restaurant,Partnership,Ludhiana,Punjab,,,Inactive,427.5,Unique,missing,MISSING,PROVIDED,PROVIDED
MCH5587,"Rama, Bail And Garde",5812,Food & Restaurant,Sole Proprietorship,Jaipur,Rajasthan,2024-11-26,,Inactive,0.3401,Found Duplicate,present,MISSING,PROVIDED,PROVIDED
MCH8982,Deo Nath,5812,Food & Restaurant,Private Limited,Amritsar,Punjab,2023-07-18,,Active,1840.43,Unique,present,MISSING,PROVIDED,PROVIDED
MCH1101,Sethi Ltd,5812,Food & Restaurant,Partnership,Kolkata,West Bengal,2023-08-10,,Unknown,840.25,Found Duplicate,present,MISSING,PROVIDED,PROVIDED
MCH8632,"Koshy, Suri And Dey",5812,Food & Restaurant,Individual,Delhi,Delhi,2025-11-14,BRHB3883781562442,Active,3705.21,Unique,present,ALPHANUMERIC_IBAN,PROVIDED,PROVIDED
MCH8159,"Gade, Gala And Bhatti",5812,Food & Restaurant,Individual,Jaipur,Rajasthan,2024-01-31,,Active,1186.29,Found Duplicate,present,MISSING,PROVIDED,PROVIDED
MCH4170,Bahri Mangat,5812,Food & Restaurant,Sole Proprietorship,Pune,Maharashtra,2023-03-15,XXXX2954,Active,926.11,Found Duplicate,present,MASKED,PROVIDED,PROVIDED
MCH2943,Kuruvilla And Sons,5812,Food & Restaurant,Sole Proprietorship,Pune,Maharashtra,,2379382640,Active,1517.82,Found Duplicate,missing,VALID_NUMERIC,PROVIDED,PROVIDED
MCH3572,"V0Hra, Chander And Padmanabhan",5812,Food & Restaurant,Sole Proprietorship,Hyderabad,Telangana,2024-05-16,,Active,793.52,Found Duplicate,present,MISSING,PROVIDED,PROVIDED
MCH5963,Goyal Sur,5812,Food & Restaurant,Private Limited,Chennai,Tamil Nadu,2025-09-14,XXXX6740,Active,0.3785,Found Duplicate,present,MASKED,PROVIDED,PROVIDED
MCH6473,Tata Group,5812,Food & Restaurant,Private Limited,Lucknow,Uttar Pradesh,2023-04-09,3128582685,Suspended,2924.69,Unique,present,VALID_NUMERIC,PROVIDED,PROVIDED
MCH9605,Chokshi Llc,5812,Food & Restaurant,Sole Proprietorship,Bengaluru,Karnataka,2026-01-31,,Active,0.2523,Unique,present,MISSING,PROVIDED,PROVIDED
MCH9846,Mukherjee Ltd,5812,Food & Restaurant,Sole Proprietorship,Chennai,Tamil Nadu,2024-09-15,XXXX2201,Active,1799.62,Found Duplicate,present,MASKED,PROVIDED,PROVIDED
MCH1710,"Talwar, Goyal And Dhillon",5812,Food & Restaurant,Partnership,Delhi,Delhi,2025-11-26,,Active,542.31,Found Duplicate,present,MISSING,PROVIDED,PROVIDED
MCH4072,Singhal Natarajan,5812,Food & Restaurant,Sole Proprietorship,Chennai,Tamil Nadu,,XXXX4620,Active,2593.54,Unique,missing,MASKED,PROVIDED,PROVIDED
MCH6992,"Srivastava, Sha And Natarajan",5812,Food & Restaurant,Partnership,Amritsar,Punjab,2026-01-21,5921074250,Active,0.893,Unique,present,VALID_NUMERIC,PROVIDED,PROVIDED
MCH8736,Mitter Sura,5812,Food & Restaurant,Individual,Jalandhar,Punjab,2023-07-22,XXXX0698,Active,801.85,Found Duplicate,present,MASKED,PROVIDED,PROVIDED
MCH7724,Bir Mitra,5812,Food & Restaurant,Private Limited,Chennai,Tamil Nadu,2023-04-04,BIAX4725507902960,Active,347.01,Found Duplicate,present,ALPHANUMERIC_IBAN,PROVIDED,PROVIDED
MCH3499,"Gaba, Nanda And Pillay",5812,Food & Restaurant,Private Limited,Mumbai,Maharashtra,2023-09-30,,Active,804.98,Found Duplicate,present,MISSING,PROVIDED,PROVIDED
MCH5518,Bhalla Chaudhuri,5812,Food & Restaurant,Individual,Lucknow,Uttar Pradesh,2025-04-19,,Active,1038.42,Found Duplicate,present,MISSING,PROVIDED,PROVIDED
MCH4994,"Uppal, Bawa And Gera",5812,Food & Restaurant,Sole Proprietorship,Delhi,Delhi,2023-04-21,,Active,0.171,Unique,present,MISSING,PROVIDED,PROVIDED
MCH1567,Bhargava Bora,5812,Food & Restaurant,Private Limited,Jalandhar,Punjab,2024-12-20,PRCN9599813480981,Active,101.33,Found Duplicate,present,ALPHANUMERIC_IBAN,PROVIDED,PROVIDED
MCH8779,Tak Wali,5812,Food & Restaurant,Individual,Bengaluru,Karnataka,2024-01-24,3182666424,Active,0.206,Unique,present,VALID_NUMERIC,PROVIDED,PROVIDED
MCH6607,Bedi Bhandari,5812,Food & Restaurant,Sole Proprietorship,Ludhiana,Punjab,2023-12-30,,Active,1203.0,Unique,present,MISSING,PROVIDED,PROVIDED
MCH1537,Goswami Sibal,5812,Food & Restaurant,Partnership,Hyderabad,Telangana,2023-04-05,VFGD4255370364176,Active,360.35,Unique,present,ALPHANUMERIC_IBAN,PROVIDED,PROVIDED
MCH5541,Sheth And Sons,5812,Food & Restaurant,Individual,Bengaluru,Karnataka,2024-07-13,,Active,548.54,Unique,present,MISSING,PROVIDED,PROVIDED
MCH1193,"Padmanabhan, Sekhon And Dhawan",5812,Food & Restaurant,Partnership,Lucknow,Uttar Pradesh,2025-01-16,,Active,1712.05,Unique,present,MISSING,PROVIDED,PROVIDED
MCH6107,"Bhattacharyya, Narayanan And Samra",5812,Food & Restaurant,Partnership,Pune,Maharashtra,2025-02-21,,Unknown,1215.85,Found Duplicate,present,MISSING,PROVIDED,PROVIDED
MCH8060,"Pall, Lal And Ahluwalia",5812,Food & Restaurant,Individual,Lucknow,Uttar Pradesh,2023-07-10,OYJG7569387470582,Active,4990.63,Found Duplicate,present,ALPHANUMERIC_IBAN,PROVIDED,PROVIDED
MCH8939,"Dhawan, Kamdar And Dalal",5812,Food & Restaurant,Individual,Bengaluru,Karnataka,2023-01-06,0807622113,Active,0.729,Unique,present,VALID_NUMERIC,PROVIDED,PROVIDED
MCH1946,Kanda Group,5812,Food & Restaurant,Partnership,Kolkata,West Bengal,,YUNT1236584633844,Active,0.1028,Found Duplicate,missing,ALPHANUMERIC_IBAN,PROVIDED,PROVIDED
MCH2723,Mandal Plc,5812,Food & Restaurant,Individual,Ludhiana,Punjab,2023-07-28,1234084041,Unknown,6532.68,Found Duplicate,present,VALID_NUMERIC,PROVIDED,PROVIDED
MCH1277,Bhatnagar Borah,5812,Food & Restaurant,Individual,Kolkata,West Bengal,,4086473586,Active,3540.87,Found Duplicate,missing,VALID_NUMERIC,PROVIDED,PROVIDED
MCH5125,Dave And Sons,5812,Food & Restaurant,Private Limited,Ludhiana,Punjab,2025-06-15,XXXX1925,Active,838.15,Unique,present,MASKED,PROVIDED,PROVIDED
MCH3637,Pai Parikh,5812,Food & Restaurant,Sole Proprietorship,Hyderabad,Telangana,2024-06-26,,Active,3420.81,Found Duplicate,present,MISSING,PROVIDED,PROVIDED
MCH8931,Ramaswamy Bhasin,5812,Food & Restaurant,Partnership,Hyderabad,Telangana,2024-05-23,,Inactive,0.1406,Found Duplicate,present,MISSING,PROVIDED,PROVIDED
MCH1612,"Andra, Chana And Saha",5812,Food & Restaurant,Sole Proprietorship,Lucknow,Uttar Pradesh,2025-10-27,5702735332,Inactive,655.56,Found Duplicate,present,VALID_NUMERIC,PROVIDED,PROVIDED
MCH7044,Chanda Gaba,5812,Food & Restaurant,Private Limited,Bengaluru,Karnataka,2023-06-04,SOPQ0539518853543,Active,402.62,Found Duplicate,present,ALPHANUMERIC_IBAN,PROVIDED,PROVIDED
MCH1465,"Garg, Mallick And Chadha",5812,Food & Restaurant,Private Limited,Delhi,Delhi,2024-03-24,AINO3925620579339,Unknown,443.93,Found Duplicate,present,ALPHANUMERIC_IBAN,PROVIDED,PROVIDED
MCH5762,Dyal Loke,5812,Food & Restaurant,Individual,Kolkata,West Bengal,2023-06-29,,Active,5081.8,Found Duplicate,present,MISSING,PROVIDED,PROVIDED
MCH5122,"Chand, Gupta And Bhargava",5812,Food & Restaurant,Individual,Jalandhar,Punjab,2024-04-01,XXXX9761,Active,2946.92,Found Duplicate,present,MASKED,PROVIDED,PROVIDED
MCH8261,"Sridhar, Manda And Arora",5812,Food & Restaurant,Sole Proprietorship,Jaipur,Rajasthan,2023-02-12,,Suspended,8032.44,Unique,present,MISSING,PROVIDED,PROVIDED
MCH7058,"Biswas, Arya And Chaudhary",5812,Food & Restaurant,Sole Proprietorship,Hyderabad,Telangana,2023-04-09,,Active,822.57,Found Duplicate,present,MISSING,PROVIDED,PROVIDED
MCH8601,Chahal Parekh,5812,Food & Restaurant,Private Limited,Amritsar,Punjab,2025-02-20,SPNT7219401023773,Unknown,600.58,Unique,present,ALPHANUMERIC_IBAN,PROVIDED,PROVIDED
MCH5121,Din Dar,5812,Food & Restaurant,Individual,Jalandhar,Punjab,,,Active,2367.99,Found Duplicate,missing,MISSING,PROVIDED,PROVIDED
MCH8389,Thaman Group,5812,Food & Restaurant,Individual,Mumbai,Maharashtra,2024-02-17,XXXX0828,Inactive,1716.78,Unique,present,MASKED,PROVIDED,PROVIDED
MCH8563,Brar Plc,5812,Food & Restaurant,Partnership,Pune,Maharashtra,2024-11-21,,Suspended,943.44,Found Duplicate,present,MISSING,PROVIDED,PROVIDED
MCH4588,"Gole, Raval And Hans",5812,Food & Restaurant,Sole Proprietorship,Bengaluru,Karnataka,2025-03-14,2064667231,Active,1061.34,Unique,present,VALID_NUMERIC,PROVIDED,PROVIDED
MCH6172,Raja Inc,5812,Food & Restaurant,Sole Proprietorship,Hyderabad,Telangana,2024-11-09,,Active,0.105,Unique,present,MISSING,PROVIDED,PROVIDED
MCH4811,Rattan Raval,5812,Food & Restaurant,Partnership,Lucknow,Uttar Pradesh,2025-06-05,PPVP9119915286785,Active,896.7,Found Duplicate,present,ALPHANUMERIC_IBAN,PROVIDED,PROVIDED
MCH2492,Chandran Group,5812,Food & Restaurant,Partnership,Amritsar,Punjab,2023-11-13,,Active,0.136,Found Duplicate,present,MISSING,PROVIDED,PROVIDED
MCH9537,"Kohli, Bedi And Khatri",5812,Food & Restaurant,Partnership,Lucknow,Uttar Pradesh,2023-02-03,ETHU3692414694902,Unknown,2200.76,Found Duplicate,present,ALPHANUMERIC_IBAN,PROVIDED,PROVIDED
MCH6507,Kadakia Plc,5812,Food & Restaurant,Partnership,Chennai,Tamil Nadu,2023-05-01,XXXX3350,Suspended,740.55,Found Duplicate,present,MASKED,PROVIDED,PROVIDED
MCH5064,Bassi Inc,5812,Food & Restaurant,Individual,Delhi,Delhi,2025-12-27,,Inactive,0.1024,Found Duplicate,present,MISSING,PROVIDED,PROVIDED
MCH8718,Chaudhari Bhalla,5812,Food & Restaurant,Individual,Pune,Maharashtra,2024-07-23,,Active,958.85,Unique,present,MISSING,PROVIDED,MISSING_OR_INVALID
MCH9940,Mutti Chakraborty,5812,Food & Restaurant,Private Limited,Jaipur,Rajasthan,2024-05-03,,Inactive,1326.53,Found Duplicate,present,MISSING,PROVIDED,PROVIDED
MCH4507,Bassi Merchant,5812,Food & Restaurant,Sole Proprietorship,Chennai,Tamil Nadu,2024-05-30,XXXX7969,Active,3598.7,Unique,present,MASKED,PROVIDED,PROVIDED
MCH4369,"Tandon, Viswanathan And Chaudhary",5812,Food & Restaurant,Private Limited,Pune,Maharashtra,2023-01-13,1839441599,Suspended,226.61,Found Duplicate,present,VALID_NUMERIC,PROVIDED,PROVIDED
MCH2928,"Hans, Parmer And Buch",5812,Food & Restaurant,Private Limited,Ludhiana,Punjab,2025-04-12,,Inactive,0.1903,Unique,present,MISSING,PROVIDED,PROVIDED
MCH9729,Prabhakar Ltd,5812,Food & Restaurant,Individual,Bengaluru,Karnataka,2025-12-28,,Active,0.1127,Unique,present,MISSING,PROVIDED,PROVIDED
MCH3703,Khatri Shuk1A,5812,Food & Restaurant,Private Limited,Jalandhar,Punjab,,,Suspended,3523.05,Unique,missing,MISSING,PROVIDED,PROVIDED
MCH7164,Lata Parmar,5812,Food & Restaurant,Individual,Chennai,Tamil Nadu,2023-11-18,8876915291,Active,958.85,Found Duplicate,present,VALID_NUMERIC,PROVIDED,MISSING_OR_INVALID
MCH2203,"Dar, Khurana And Vasa",5812,Food & Restaurant,Sole Proprietorship,Jaipur,Rajasthan,2024-05-07,,Active,14312.42,Unique,present,MISSING,PROVIDED,PROVIDED
MCH2571,Deep Chakraborty,5812,Food & Restaurant,Partnership,Delhi,Delhi,2024-07-31,,Suspended,3828.75,Unique,present,MISSING,PROVIDED,PROVIDED
MCH7919,"Dugar, Buch And Bhatti",5812,Food & Restaurant,Private Limited,Hyderabad,Telangana,2023-11-17,,Active,3138.05,Found Duplicate,present,MISSING,PROVIDED,PROVIDED
MCH3086,Pant Inc,5812,Food & Restaurant,Private Limited,Chennai,Tamil Nadu,2023-10-13,XXXX6152,Active,287.52,Found Duplicate,present,MASKED,PROVIDED,PROVIDED
MCH1729,Ganesh Plc,5812,Food & Restaurant,Private Limited,Hyderabad,Telangana,2025-05-23,XXXX6365,Active,958.85,Found Duplicate,present,MASKED,PROVIDED,MISSING_OR_INVALID
MCH3911,"Majumdar, Sane And Raval",5812,Food & Restaurant,Sole Proprietorship,Pune,Maharashtra,2025-09-05,2993218520,Suspended,2093.32,Found Duplicate,present,VALID_NUMERIC,PROVIDED,PROVIDED
MCH2394,Rajagopalan Llc,5812,Food & Restaurant,Partnership,Kolkata,West Bengal,,XXXX3997,Active,2001.35,Unique,missing,MASKED,PROVIDED,PROVIDED
MCH5054,"Kara, Mandal And Mitra",5812,Food & Restaurant,Sole Proprietorship,Kolkata,West Bengal,2024-01-29,,Suspended,5895.31,Unique,present,MISSING,PROVIDED,PROVIDED
MCH7236,"Ramanathan, Varkey And Iyengar",5812,Food & Restaurant,Partnership,Ludhiana,Punjab,2024-01-17,8807064129,Active,843.44,Found Duplicate,present,VALID_NUMERIC,PROVIDED,PROVIDED
MCH9048,Sastry Prakash,5812,Food & Restaurant,Private Limited,Pune,Maharashtra,2023-01-02,,Suspended,469.83,Found Duplicate,present,MISSING,PROVIDED,PROVIDED
MCH2885,"Varkey, Goda And Bala",5812,Food & Restaurant,Private Limited,Mumbai,Maharashtra,2023-01-23,0317882844,Active,4853.92,Found Duplicate,present,VALID_NUMERIC,PROVIDED,PROVIDED
MCH8934,Kakar Group,5812,Food & Restaurant,Sole Proprietorship,Ludhiana,Punjab,,WUVU9130782874849,Active,1507.45,Found Duplicate,missing,ALPHANUMERIC_IBAN,PROVIDED,PROVIDED
MCH8548,Karpe Ltd,5812,Food & Restaurant,Partnership,Delhi,Delhi,,,Active,0.699,Unique,missing,MISSING,PROVIDED,PROVIDED
MCH4075,Sankar Mandal,5812,Food & Restaurant,Partnership,Ludhiana,Punjab,,XXXX6718,Active,1056.32,Unique,missing,MASKED,PROVIDED,PROVIDED
MCH6171,Naik And Sons,5812,Food & Restaurant,Individual,Amritsar,Punjab,2023-08-09,,Inactive,4084.17,Unique,present,MISSING,PROVIDED,PROVIDED
MCH6268,"Pillay, Borah And Roy",5812,Food & Restaurant,Sole Proprietorship,Amritsar,Punjab,2024-08-07,2204602404,Active,0.1108,Found Duplicate,present,VALID_NUMERIC,PROVIDED,PROVIDED
MCH8813,Dey Dua,5812,Food & Restaurant,Partnership,Hyderabad,Telangana,2023-11-10,7101082372,Active,1432.39,Unique,present,VALID_NUMERIC,PROVIDED,PROVIDED
MCH2894,Nori Kurian,5812,Food & Restaurant,Partnership,Lucknow,Uttar Pradesh,2024-12-15,RJBD4464019057563,Suspended,2634.83,Found Duplicate,present,ALPHANUMERIC_IBAN,PROVIDED,PROVIDED
MCH2350,"Gill, Sura And Doshi",5812,Food & Restaurant,Individual,Pune,Maharashtra,2026-02-19,,Active,0.668,Found Duplicate,present,MISSING,PROVIDED,PROVIDED
MCH5834,Sundaram Sarkar,5812,Food & Restaurant,Partnership,Hyderabad,Telangana,2025-07-27,XXXX6821,Unknown,1502.09,Unique,present,MASKED,PROVIDED,PROVIDED
MCH3502,"Bail, Sawhney And Majumdar",5812,Food & Restaurant,Individual,Hyderabad,Telangana,2024-02-05,,Active,4792.39,Unique,present,MISSING,PROVIDED,PROVIDED
MCH6257,"Parsa, Rana And Raja",5812,Food & Restaurant,Partnership,Bengaluru,Karnataka,2023-03-28,0948269604,Unknown,2744.98,Found Duplicate,present,VALID_NUMERIC,PROVIDED,PROVIDED
MCH7225,Apte Wadhwa,5812,Food & Restaurant,Individual,Jalandhar,Punjab,2025-03-07,XXXX2773,Active,5618.9,Unique,present,MASKED,PROVIDED,PROVIDED
MCH5036,Dutt Nagy,5812,Food & Restaurant,Individual,Delhi,Delhi,2023-03-15,,Unknown,0.1947,Found Duplicate,present,MISSING,PROVIDED,PROVIDED
MCH2487,"Virk, Ganguly And Saraf",5812,Food & Restaurant,Partnership,Bengaluru,Karnataka,2024-04-24,,Inactive,362.02,Found Duplicate,present,MISSING,PROVIDED,PROVIDED
MCH9476,Sama Plc,5812,Food & Restaurant,Private Limited,Hyderabad,Telangana,,XXXX6830,Active,165.93,Unique,missing,MASKED,PROVIDED,PROVIDED
MCH8060,Nayar Ahluwalia,5812,Food & Restaurant,Private Limited,Pune,Maharashtra,2025-04-03,6259970343,Inactive,2824.32,Found Duplicate,present,VALID_NUMERIC,PROVIDED,PROVIDED
MCH9772,"Memon, Virk And Mital",5812,Food & Restaurant,Individual,Amritsar,Punjab,,,Active,2402.93,Found Duplicate,missing,MISSING,PROVIDED,PROVIDED
MCH9751,Memon Sinha,5812,Food & Restaurant,Sole Proprietorship,Ludhiana,Punjab,2023-07-16,4462778035,Active,2265.65,Unique,present,VALID_NUMERIC,PROVIDED,PROVIDED
MCH5995,Palla Group,5812,Food & Restaurant,Individual,Kolkata,West Bengal,2023-12-06,TCYK9099122126833,Unknown,958.85,Found Duplicate,present,ALPHANUMERIC_IBAN,PROVIDED,MISSING_OR_INVALID
MCH3072,"Bhargava, Shan And Char",5812,Food & Restaurant,Private Limited,Jalandhar,Punjab,2025-11-24,TOQS1924554113450,Unknown,2675.68,Found Duplicate,present,ALPHANUMERIC_IBAN,PROVIDED,PROVIDED
MCH5749,"Chaudry, Minhas And Chatterjee",5812,Food & Restaurant,Private Limited,Mumbai,Maharashtra,2024-05-09,,Active,0.1621,Found Duplicate,present,MISSING,PROVIDED,PROVIDED
MCH9716,"Kadakia, Mishra And Ba1I",5812,Food & Restaurant,Private Limited,Lucknow,Uttar Pradesh,2023-09-09,4695594803,Active,1762.09,Unique,present,VALID_NUMERIC,PROVIDED,PROVIDED
MCH4553,Zachariah Dara,5812,Food & Restaurant,Private Limited,Jalandhar,Punjab,2024-03-07,,Unknown,343.99,Unique,present,MISSING,PROVIDED,PROVIDED
MCH9443,"Chowdhury, Kapadia And Chada",5812,Food & Restaurant,Partnership,Chennai,Tamil Nadu,2024-02-20,,Unknown,1660.16,Found Duplicate,present,MISSING,PROVIDED,PROVIDED
MCH8086,Contractor Narain,5812,Food & Restaurant,Partnership,Pune,Maharashtra,2024-08-28,,Active,0.1394,Found Duplicate,present,MISSING,PROVIDED,PROVIDED
MCH4972,Prabhu Murty,5812,Food & Restaurant,Partnership,Amritsar,Punjab,2023-05-01,YKBG1517599142176,Unknown,327.77,Found Duplicate,present,ALPHANUMERIC_IBAN,PROVIDED,PROVIDED
MCH8559,"Gokhale, Dugal And Pradhan",5812,Food & Restaurant,Private Limited,Pune,Maharashtra,2023-09-07,,Suspended,2171.47,Unique,present,MISSING,PROVIDED,PROVIDED
MCH1016,"Char, Bhargava And Chaudhary",5812,Food & Restaurant,Private Limited,Hyderabad,Telangana,,TODJ2902550918108,Unknown,0.1933,Found Duplicate,missing,ALPHANUMERIC_IBAN,PROVIDED,PROVIDED
MCH7335,"Narayan, Cheema And Chana",5812,Food & Restaurant,Private Limited,Chennai,Tamil Nadu,2025-03-18,EHXK3209295259680,Active,699.42,Found Duplicate,present,ALPHANUMERIC_IBAN,PROVIDED,PROVIDED
MCH1352,"Bandi, Soman And Manne",5812,Food & Restaurant,Individual,Jalandhar,Punjab,2026-01-28,,Active,0.4146,Found Duplicate,present,MISSING,PROVIDED,PROVIDED
MCH6231,"Chand, Johal And Chawla",5812,Food & Restaurant,Private Limited,Jalandhar,Punjab,2023-06-26,1062018479,Active,0.919,Unique,present,VALID_NUMERIC,PROVIDED,PROVIDED
MCH7709,Sangha Llc,5812,Food & Restaurant,Sole Proprietorship,Jalandhar,Punjab,2024-07-11,LORK7301099084726,Active,968.83,Found Duplicate,present,ALPHANUMERIC_IBAN,PROVIDED,PROVIDED
MCH1713,Dubey Inc,5812,Food & Restaurant,Sole Proprietorship,Kolkata,West Bengal,2025-02-06,XXXX0557,Unknown,0.1132,Unique,present,MASKED,PROVIDED,PROVIDED
MCH8789,"Pingle,Nadigandnarula",5812,Food & Restaurant,Individual,Ludhiana,Punjab,2025-02-07,3828234177,Unknown,1463.08,Unique,present,VALID_NUMERIC,PROVIDED,PROVIDED
MCH5287,Dhillon Inc,5812,Food & Restaurant,Partnership,Chennai,Tamil Nadu,2025-05-25,0377274505,Unknown,958.85,Found Duplicate,present,VALID_NUMERIC,PROVIDED,MISSING_OR_INVALID
MCH6256,Rana Walia,5812,Food & Restaurant,Sole Proprietorship,Ludhiana,Punjab,2025-02-27,XXXX5533,Inactive,330.34,Found Duplicate,present,MASKED,PROVIDED,PROVIDED
MCH3760,Das Ahuja,5812,Food & Restaurant,Sole Proprietorship,Lucknow,Uttar Pradesh,2023-01-13,QOFI2681256583657,Active,755.0,Unique,present,ALPHANUMERIC_IBAN,PROVIDED,PROVIDED
MCH3499,"Gaba, Nanda And Pillay",5812,Food & Restaurant,Private Limited,Mumbai,Maharashtra,2023-09-30,,Active,804.98,Found Duplicate,present,MISSING,PROVIDED,PROVIDED
MCH5747,"Narasimhan, Doshi And Pall",5812,Food & Restaurant,Private Limited,Kolkata,West Bengal,2025-05-08,XXXX9034,Active,4280.12,Unique,present,MASKED,PROVIDED,PROVIDED
MCH1083,Chaudhry Bhat,5812,Food & Restaurant,Sole Proprietorship,Jalandhar,Punjab,2025-04-30,DSMZ2555394666399,Inactive,730.39,Found Duplicate,present,ALPHANUMERIC_IBAN,PROVIDED,PROVIDED
MCH5798,Divan Mahal,5812,Food & Restaurant,Individual,Jaipur,Rajasthan,2023-02-19,1492699438,Active,110.98,Unique,present,VALID_NUMERIC,PROVIDED,PROVIDED
MCH7804,Deo Pandya,5812,Food & Restaurant,Partnership,Jaipur,Rajasthan,,XXXX1482,Suspended,492.54,Found Duplicate,missing,MASKED,PROVIDED,PROVIDED
MCH7804,Deo Pandya,5812,Food & Restaurant,Partnership,Jaipur,Rajasthan,,XXXX1482,Suspended,492.54,Found Duplicate,missing,MASKED,PROVIDED,PROVIDED
MCH2788,"Dash, Mallick And Sachdev",5812,Food & Restaurant,Individual,Bengaluru,Karnataka,2025-04-06,WZXG3956270476463,Active,3989.94,Unique,present,ALPHANUMERIC_IBAN,PROVIDED,PROVIDED
MCH3705,"Prakash, Korpal And Narasimhan",5812,Food & Restaurant,Sole Proprietorship,Jaipur,Rajasthan,2025-11-10,,Unknown,753.96,Found Duplicate,present,MISSING,PROVIDED,PROVIDED
MCH1083,Chaudhry Bhat,5812,Food & Restaurant,Sole Proprietorship,Jalandhar,Punjab,2025-04-30,DSMZ2555394666399,Suspended,730.39,Found Duplicate,present,ALPHANUMERIC_IBAN,PROVIDED,PROVIDED
MCH9414,Banik Garde,5812,Food & Restaurant,Individual,Jalandhar,Punjab,2025-01-16,VESW9193556812149,Unknown,942.13,Unique,present,ALPHANUMERIC_IBAN,PROVIDED,PROVIDED
MCH1060,Sampath Dora,5812,Food & Restaurant,Partnership,Jalandhar,Punjab,2023-07-27,,Active,2594.73,Found Duplicate,present,MISSING,PROVIDED,PROVIDED
MCH3232,"Sarraf,Chaudhuriandacharya",5812,Food & Restaurant,Sole Proprietorship,Kolkata,West Bengal,2024-05-29,,Active,958.85,Found Duplicate,present,MISSING,PROVIDED,MISSING_OR_INVALID
MCH4041,Salvi Mishra,5812,Food & Restaurant,Sole Proprietorship,Amritsar,Punjab,,IIMZ0020327103815,Inactive,1291.58,Unique,missing,ALPHANUMERIC_IBAN,PROVIDED,PROVIDED
MCH9692,Pandey Behl,5812,Food & Restaurant,Private Limited,Hyderabad,Telangana,2024-08-31,XXXX3446,Unknown,522.57,Found Duplicate,present,MASKED,PROVIDED,PROVIDED
MCH3854,"Was0N, Chauhan And Gh0Se",5812,Food & Restaurant,Private Limited,Hyderabad,Telangana,2025-09-01,FZNK7723155067265,Active,0.528,Unique,present,ALPHANUMERIC_IBAN,PROVIDED,PROVIDED
MCH4732,"Ramanathan, Kanda And Karnik",5812,Food & Restaurant,Private Limited,Lucknow,Uttar Pradesh,2025-08-13,,Unknown,3954.51,Unique,present,MISSING,PROVIDED,PROVIDED
MCH1661,Mani Jayaraman,5812,Food & Restaurant,Private Limited,Hyderabad,Telangana,2024-09-16,XXXX6928,Active,813.04,Found Duplicate,present,MASKED,PROVIDED,PROVIDED
MCH9866,"Lad,Shereandkarpe",5812,Food & Restaurant,Individual,Lucknow,Uttar Pradesh,2023-07-07,,Active,0.1173,Found Duplicate,present,MISSING,PROVIDED,PROVIDED
MCH2314,"Tank, Bera And Dash",5812,Food & Restaurant,Sole Proprietorship,Kolkata,West Bengal,2023-01-02,,Active,2905.93,Unique,present,MISSING,PROVIDED,PROVIDED
MCH6819,"Krishnan, Pal And Nayar",5812,Food & Restaurant,Sole Proprietorship,Hyderabad,Telangana,2025-10-17,,Active,0.499,Found Duplicate,present,MISSING,PROVIDED,PROVIDED
MCH4051,Desai Tank,5812,Food & Restaurant,Partnership,Lucknow,Uttar Pradesh,2025-02-21,XXXX7388,Active,0.389,Found Duplicate,present,MASKED,PROVIDED,PROVIDED
MCH9740,Jain And Sons,5812,Food & Restaurant,Individual,Jaipur,Rajasthan,2025-01-31,BHGC5407337420204,Active,1510.42,Unique,present,ALPHANUMERIC_IBAN,PROVIDED,PROVIDED
MCH2881,J0Ha1 Plc,5812,Food & Restaurant,Partnership,Amritsar,Punjab,2023-05-16,WTST5086684279337,Unknown,807.63,Unique,present,ALPHANUMERIC_IBAN,PROVIDED,PROVIDED
MCH6210,Sem Group,5812,Food & Restaurant,Private Limited,Amritsar,Punjab,2024-01-03,,Unknown,2370.64,Unique,present,MISSING,PROVIDED,PROVIDED
MCH8613,Comar Tata,5812,Food & Restaurant,Individual,Lucknow,Uttar Pradesh,2023-09-05,,Suspended,2485.09,Unique,present,MISSING,PROVIDED,PROVIDED
MCH8821,Mukhopadhyay Cherian,5812,Food & Restaurant,Sole Proprietorship,Jalandhar,Punjab,2023-11-26,2404954167,Unknown,703.03,Unique,present,VALID_NUMERIC,PROVIDED,PROVIDED
MCH1894,Tara Gupta,5812,Food & Restaurant,Individual,Hyderabad,Telangana,2024-11-27,,Inactive,0.2112,Found Duplicate,present,MISSING,PROVIDED,PROVIDED
MCH4490,"Chawla, Prabhakar And Gupta",5812,Food & Restaurant,Private Limited,Chennai,Tamil Nadu,,XXXX6406,Active,0.279,Found Duplicate,missing,MASKED,PROVIDED,PROVIDED
MCH3454,Rajagopal Wason,5812,Food & Restaurant,Partnership,Hyderabad,Telangana,2024-08-22,XXXX7731,Active,1479.06,Unique,present,MASKED,PROVIDED,PROVIDED
MCH5958,"Panchal, Krishnan And Thakkar",5812,Food & Restaurant,Private Limited,Chennai,Tamil Nadu,2025-06-16,1176480578,Inactive,999.64,Unique,present,VALID_NUMERIC,PROVIDED,PROVIDED
MCH7280,Baral Ltd,5812,Food & Restaurant,Individual,Jalandhar,Punjab,2025-12-18,,Active,5521.6,Found Duplicate,present,MISSING,PROVIDED,PROVIDED
MCH9541,"Grover, Bhatia And Tandon",5812,Food & Restaurant,Partnership,Lucknow,Uttar Pradesh,2025-07-02,,Active,2401.33,Unique,present,MISSING,PROVIDED,PROVIDED
MCH4163,Rajag0Pa1An Hans,5812,Food & Restaurant,Sole Proprietorship,Pune,Maharashtra,2023-06-29,GQKM7843504448024,Active,958.85,Found Duplicate,present,ALPHANUMERIC_IBAN,PROVIDED,MISSING_OR_INVALID
MCH7220,Rege Sharaf,5812,Food & Restaurant,Private Limited,Amritsar,Punjab,2023-12-15,RRUP8952328372225,Unknown,978.47,Unique,present,ALPHANUMERIC_IBAN,PROVIDED,PROVIDED
MCH9299,Pathak Menon,5812,Food & Restaurant,Sole Proprietorship,Ludhiana,Punjab,2024-04-28,,Active,0.3015,Unique,present,MISSING,PROVIDED,PROVIDED
MCH6907,Dhillon Sama,5812,Food & Restaurant,Private Limited,Jalandhar,Punjab,2024-12-21,,Unknown,4335.88,Unique,present,MISSING,PROVIDED,PROVIDED
MCH7513,Buch Inc,5812,Food & Restaurant,Individual,Kolkata,West Bengal,2024-09-02,MLTA1304721995984,Active,0.584,Unique,present,ALPHANUMERIC_IBAN,PROVIDED,PROVIDED
MCH6654,Tella Group,5812,Food & Restaurant,Sole Proprietorship,Hyderabad,Telangana,,,Active,0.1438,Found Duplicate,missing,MISSING,PROVIDED,PROVIDED
MCH9567,"Dar, Gera And Sane",5812,Food & Restaurant,Private Limited,Delhi,Delhi,2026-01-09,,Active,850.48,Unique,present,MISSING,PROVIDED,PROVIDED
MCH6731,Thakurplc,5812,Food & Restaurant,Individual,Hyderabad,Telangana,2025-10-25,,Active,305.3,Found Duplicate,present,MISSING,PROVIDED,PROVIDED
MCH2607,Garg Plc,5812,Food & Restaurant,Individual,Hyderabad,Telangana,2023-01-31,,Active,0.3395,Found Duplicate,present,MISSING,PROVIDED,PROVIDED
MCH5954,"Chand, Dora And Dey",5812,Food & Restaurant,Private Limited,Chennai,Tamil Nadu,2025-08-28,,Active,1159.45,Unique,present,MISSING,PROVIDED,PROVIDED
MCH1729,Vora Llc,5812,Food & Restaurant,Individual,Ludhiana,Punjab,2023-12-25,SJMV2211374932495,Active,2759.18,Found Duplicate,present,ALPHANUMERIC_IBAN,PROVIDED,PROVIDED
MCH1855,Kala Shan,5812,Food & Restaurant,Private Limited,Kolkata,West Bengal,2023-11-13,,Suspended,0.1474,Unique,present,MISSING,PROVIDED,PROVIDED
MCH3475,"Wadhwa, Banik And Prakash",5812,Food & Restaurant,Private Limited,Jaipur,Rajasthan,2025-01-16,4792307270,Unknown,335.53,Unique,present,VALID_NUMERIC,PROVIDED,PROVIDED
MCH9203,Lad Llc,5812,Food & Restaurant,Individual,Chennai,Tamil Nadu,2023-09-29,,Active,12917.19,Found Duplicate,present,MISSING,PROVIDED,PROVIDED
MCH9530,B0Rah Plc,5812,Food & Restaurant,Individual,Hyderabad,Telangana,2023-11-01,,Suspended,999.86,Unique,present,MISSING,PROVIDED,PROVIDED
MCH2914,Bassi Varghese,5812,Food & Restaurant,Sole Proprietorship,Hyderabad,Telangana,2025-01-01,VBYI2823908948465,Inactive,0.9,Found Duplicate,present,ALPHANUMERIC_IBAN,PROVIDED,PROVIDED
MCH1021,Varghese Ramachandran,5812,Food & Restaurant,Private Limited,Amritsar,Punjab,,,Active,0.734,Found Duplicate,missing,MISSING,PROVIDED,PROVIDED
MCH3536,"Chaudry, Halder And Kota",5812,Food & Restaurant,Partnership,Jaipur,Rajasthan,2023-11-05,UYBS8259834217447,Inactive,3533.21,Found Duplicate,present,ALPHANUMERIC_IBAN,PROVIDED,PROVIDED
MCH4652,Mistry Inc,5812,Food & Restaurant,Private Limited,Ludhiana,Punjab,2024-07-25,0761661593,Active,3458.11,Found Duplicate,present,VALID_NUMERIC,PROVIDED,PROVIDED
MCH5950,Nath Lad,5812,Food & Restaurant,Individual,Jalandhar,Punjab,2023-12-17,,Active,0.318,Found Duplicate,present,MISSING,PROVIDED,PROVIDED
MCH3564,Chadha Sarin,5812,Food & Restaurant,Individual,Lucknow,Uttar Pradesh,2024-06-09,XXXX4527,Active,506.02,Found Duplicate,present,MASKED,PROVIDED,PROVIDED
MCH5307,"Balan, Varughese And Dave",5812,Food & Restaurant,Partnership,Pune,Maharashtra,,SMCN8377573336751,Active,204.07,Unique,missing,ALPHANUMERIC_IBAN,PROVIDED,PROVIDED
MCH4439,Deshpande Ltd,5812,Food & Restaurant,Partnership,Bengaluru,Karnataka,2025-04-02,XXXX4378,Active,917.66,Unique,present,MASKED,PROVIDED,PROVIDED
MCH8055,"Gade, Dani And Daya1",5812,Food & Restaurant,Private Limited,Bengaluru,Karnataka,2024-06-02,VCUQ2055885788947,Inactive,1539.89,Found Duplicate,present,ALPHANUMERIC_IBAN,PROVIDED,PROVIDED
MCH9858,"Kapur, Doshi And Nayak",5812,Food & Restaurant,Partnership,Delhi,Delhi,2025-02-22,,Active,791.03,Found Duplicate,present,MISSING,PROVIDED,PROVIDED
MCH5091,Rau Ratta,5812,Food & Restaurant,Partnership,Kolkata,West Bengal,2024-03-24,ZHRH0362265719965,Active,0.755,Unique,present,ALPHANUMERIC_IBAN,PROVIDED,PROVIDED
MCH7154,"Raj, Ram And Chokshi",5812,Food & Restaurant,Private Limited,Chennai,Tamil Nadu,2023-05-11,,Active,242.8,Unique,present,MISSING,PROVIDED,PROVIDED
MCH3946,Dhar Buch,5812,Food & Restaurant,Partnership,Delhi,Delhi,2025-07-02,YGDI8437831559376,Active,1451.62,Unique,present,ALPHANUMERIC_IBAN,PROVIDED,PROVIDED
MCH4454,"Varghese, Shenoy And Mahajan",5812,Food & Restaurant,Partnership,Mumbai,Maharashtra,2025-06-21,,Unknown,0.1952,Found Duplicate,present,MISSING,PROVIDED,PROVIDED
MCH2159,Sawhney Llc,5812,Food & Restaurant,Sole Proprietorship,Jalandhar,Punjab,2024-05-16,MGFR5989061568022,Active,1420.0,Unique,present,ALPHANUMERIC_IBAN,PROVIDED,PROVIDED
MCH4390,Ar0Ra Llc,5812,Food & Restaurant,Sole Proprietorship,Hyderabad,Telangana,2025-06-07,XXXX2296,Active,0.1372,Unique,present,MASKED,PROVIDED,PROVIDED
MCH2754,"Lata,Wadhwaandparsa",5812,Food & Restaurant,Sole Proprietorship,Bengaluru,Karnataka,2023-06-11,,Unknown,11880.54,Found Duplicate,present,MISSING,PROVIDED,PROVIDED
MCH3900,Mand Bedi,5812,Food & Restaurant,Private Limited,Kolkata,West Bengal,2025-02-20,XXXX1674,Active,1036.74,Unique,present,MASKED,PROVIDED,PROVIDED
MCH8597,Hayre Badami,5812,Food & Restaurant,Private Limited,Amritsar,Punjab,2023-05-26,XXXX4723,Active,1847.81,Unique,present,MASKED,PROVIDED,PROVIDED
MCH3483,"Puri, Sachdeva And Jhaveri",5812,Food & Restaurant,Private Limited,Jaipur,Rajasthan,2025-08-15,XXXX0583,Inactive,1128.9,Unique,present,MASKED,PROVIDED,PROVIDED
MCH9811,"Dyal, Ranganathan And Sinha",5812,Food & Restaurant,Private Limited,Delhi,Delhi,2025-04-11,RQQY2365576077878,Active,972.81,Found Duplicate,present,ALPHANUMERIC_IBAN,PROVIDED,PROVIDED
MCH4092,Mukhopadhyay Group,5812,Food & Restaurant,Private Limited,Hyderabad,Telangana,2025-12-24,XXXX3479,Active,504.84,Found Duplicate,present,MASKED,PROVIDED,PROVIDED
MCH1064,Nanda Ltd,5812,Food & Restaurant,Individual,Amritsar,Punjab,2025-09-09,,Active,1182.15,Found Duplicate,present,MISSING,PROVIDED,PROVIDED
MCH3549,Khalsa And Sons,5812,Food & Restaurant,Individual,Amritsar,Punjab,2025-07-01,AXNC2296857054867,Active,1756.73,Unique,present,ALPHANUMERIC_IBAN,PROVIDED,PROVIDED
MCH7939,Mand Llc,5812,Food & Restaurant,Private Limited,Bengaluru,Karnataka,2025-01-23,,Active,2096.4,Unique,present,MISSING,PROVIDED,PROVIDED
MCH4517,"Madan, Gola And Srivastava",5812,Food & Restaurant,Sole Proprietorship,Kolkata,West Bengal,2025-05-07,,Active,671.65,Unique,present,MISSING,PROVIDED,PROVIDED
MCH3263,Sarna Chauhan,5812,Food & Restaurant,Sole Proprietorship,Lucknow,Uttar Pradesh,2025-05-18,4897875203,Active,2348.1,Found Duplicate,present,VALID_NUMERIC,PROVIDED,PROVIDED
MCH2077,Kara Plc,5812,Food & Restaurant,Individual,Amritsar,Punjab,2025-11-15,XXXX1473,Active,239.1,Found Duplicate,present,MASKED,PROVIDED,PROVIDED
MCH7297,"Bhasin, Sankar And Pradhan",5812,Food & Restaurant,Private Limited,Delhi,Delhi,2025-05-03,,Active,958.85,Found Duplicate,present,MISSING,PROVIDED,MISSING_OR_INVALID
MCH2327,Kibe Char,5812,Food & Restaurant,Partnership,Hyderabad,Telangana,2025-09-10,XXXX0303,Active,848.32,Found Duplicate,present,MASKED,PROVIDED,PROVIDED
MCH9158,"Sachdeva, Va1A And Bedi",5812,Food & Restaurant,Sole Proprietorship,Lucknow,Uttar Pradesh,,8244922873,Inactive,6181.65,Unique,missing,VALID_NUMERIC,PROVIDED,PROVIDED
MCH9571,Buch Inc,5812,Food & Restaurant,Individual,Hyderabad,Telangana,,DKEU4746665718428,Active,1270.83,Unique,missing,ALPHANUMERIC_IBAN,PROVIDED,PROVIDED
MCH1612,Salvi Patel,5812,Food & Restaurant,Partnership,Delhi,Delhi,2023-09-05,3960939473,Suspended,1940.8,Found Duplicate,present,VALID_NUMERIC,PROVIDED,PROVIDED
MCH2813,"Panchal, Pradhan And Bora",5812,Food & Restaurant,Individual,Jalandhar,Punjab,2026-05-01,,Active,169.64,Found Duplicate,present,MISSING,PROVIDED,PROVIDED
MCH8316,Nagi Plc,5812,Food & Restaurant,Private Limited,Chennai,Tamil Nadu,2023-09-23,XXXX1199,Active,1504.17,Found Duplicate,present,MASKED,PROVIDED,PROVIDED
MCH9858,"Devi, Thaker And Master",5812,Food & Restaurant,Private Limited,Amritsar,Punjab,2024-07-20,,Active,255.83,Found Duplicate,present,MISSING,PROVIDED,PROVIDED
MCH7412,Chand Bada1,5812,Food & Restaurant,Private Limited,Mumbai,Maharashtra,2025-08-15,,Inactive,539.2,Found Duplicate,present,MISSING,PROVIDED,PROVIDED
MCH1621,Pandey Soni,5812,Food & Restaurant,Sole Proprietorship,Pune,Maharashtra,2023-11-15,XXXX4420,Inactive,0.769,Unique,present,MASKED,PROVIDED,PROVIDED
MCH2289,Tank Datta,5812,Food & Restaurant,Private Limited,Hyderabad,Telangana,2025-10-26,2288122436,Active,372.03,Found Duplicate,present,VALID_NUMERIC,PROVIDED,PROVIDED
MCH5227,"Yogi, Varghese And Balay",5812,Food & Restaurant,Individual,Mumbai,Maharashtra,2024-02-10,,Unknown,2005.26,Found Duplicate,present,MISSING,PROVIDED,PROVIDED
MCH1583,Sarin More,5812,Food & Restaurant,Private Limited,Amritsar,Punjab,2023-10-05,1923155303,Active,1435.48,Unique,present,VALID_NUMERIC,PROVIDED,PROVIDED
MCH7934,Srinivasan Maharaj,5812,Food & Restaurant,Partnership,Chennai,Tamil Nadu,2023-02-23,,Inactive,1154.88,Unique,present,MISSING,PROVIDED,PROVIDED
MCH6776,"Bhat, Hans And Maharaj",5812,Food & Restaurant,Individual,Ludhiana,Punjab,2024-09-17,XXXX5302,Inactive,0.699,Found Duplicate,present,MASKED,PROVIDED,PROVIDED
MCH4577,"Atwal, Sura And Bhatti",5812,Food & Restaurant,Partnership,Hyderabad,Telangana,2026-03-01,PWDW0230553443063,Suspended,316.9,Found Duplicate,present,ALPHANUMERIC_IBAN,PROVIDED,PROVIDED
MCH4501,Barman And Sons,5812,Food & Restaurant,Private Limited,Delhi,Delhi,2025-04-24,,Active,523.04,Unique,present,MISSING,PROVIDED,PROVIDED
MCH1883,"Bahl, Kashyap And Sibal",5812,Food & Restaurant,Private Limited,Jalandhar,Punjab,2023-01-04,XXXX4248,Active,958.85,Unique,present,MASKED,PROVIDED,MISSING_OR_INVALID
MCH4052,Bal Choudhary,5812,Food & Restaurant,Partnership,Jalandhar,Punjab,,XXXX5480,Active,2217.99,Unique,missing,MASKED,PROVIDED,PROVIDED
MCH7524,"Babu, Banerjee And Parsa",5812,Food & Restaurant,Individual,Kolkata,West Bengal,2023-04-06,XXXX7557,Active,811.7,Found Duplicate,present,MASKED,PROVIDED,PROVIDED
MCH6351,Mahal Padmanabhan,5812,Food & Restaurant,Partnership,Bengaluru,Karnataka,2025-03-30,IXWO1858083433710,Active,3129.06,Unique,present,ALPHANUMERIC_IBAN,PROVIDED,PROVIDED
MCH7289,Rajagopal Contractor,5812,Food & Restaurant,Private Limited,Lucknow,Uttar Pradesh,2023-04-20,7395909166,Unknown,1484.26,Found Duplicate,present,VALID_NUMERIC,PROVIDED,PROVIDED
MCH7910,Shenoy Llc,5812,Food & Restaurant,Partnership,Hyderabad,Telangana,2024-03-25,5996954160,Inactive,741.5,Unique,present,VALID_NUMERIC,PROVIDED,PROVIDED
MCH7156,Lata Som,5812,Food & Restaurant,Private Limited,Bengaluru,Karnataka,2023-02-24,,Active,739.29,Found Duplicate,present,MISSING,PROVIDED,PROVIDED
MCH4871,Kunda Ltd,5812,Food & Restaurant,Partnership,Lucknow,Uttar Pradesh,2024-09-02,,Suspended,648.87,Unique,present,MISSING,PROVIDED,PROVIDED
MCH6598,Rajagopalan Inc,5812,Food & Restaurant,Individual,Hyderabad,Telangana,2023-04-27,,Active,0.2194,Found Duplicate,present,MISSING,PROVIDED,PROVIDED
MCH2754,Chahal Group,5812,Food & Restaurant,Sole Proprietorship,Amritsar,Punjab,2023-09-27,,Active,1452.51,Found Duplicate,present,MISSING,PROVIDED,PROVIDED
MCH2064,Date And Sons,5812,Food & Restaurant,Private Limited,Delhi,Delhi,2025-05-08,,Active,0.1715,Unique,present,MISSING,PROVIDED,PROVIDED
MCH6024,"Saran, Sinha And Barman",5812,Food & Restaurant,Sole Proprietorship,Jalandhar,Punjab,2026-01-18,XXXX8830,Active,1185.95,Found Duplicate,present,MASKED,PROVIDED,PROVIDED
MCH8276,"Kakar, Handa And Sachdeva",5812,Food & Restaurant,Sole Proprietorship,Mumbai,Maharashtra,2025-09-23,XXXX1898,Active,2410.37,Unique,present,MASKED,PROVIDED,PROVIDED
MCH4055,Rai Plc,5812,Food & Restaurant,Private Limited,Ludhiana,Punjab,2023-08-12,XXXX0097,Active,283.42,Found Duplicate,present,MASKED,PROVIDED,PROVIDED
MCH4863,Gill Plc,5812,Food & Restaurant,Individual,Hyderabad,Telangana,2024-01-07,5619003847,Active,552.87,Unique,present,VALID_NUMERIC,PROVIDED,PROVIDED
MCH7412,Chand Bada1,5812,Food & Restaurant,Private Limited,Mumbai,Maharashtra,2025-08-15,,Suspended,539.2,Found Duplicate,present,MISSING,PROVIDED,PROVIDED
MCH7700,"Lanka, Setty And Muni",5812,Food & Restaurant,Partnership,Delhi,Delhi,2025-06-14,,Inactive,4782.98,Unique,present,MISSING,PROVIDED,PROVIDED
MCH6035,Brar Kohli,5812,Food & Restaurant,Partnership,Ludhiana,Punjab,2023-10-06,,Unknown,4518.69,Found Duplicate,present,MISSING,PROVIDED,PROVIDED
MCH5482,"Baral, Tak And Rajan",5812,Food & Restaurant,Individual,Kolkata,West Bengal,2025-06-23,XXXX1905,Inactive,710.53,Found Duplicate,present,MASKED,PROVIDED,PROVIDED
MCH2885,"Varkey, Goda And Bala",5812,Food & Restaurant,Private Limited,Mumbai,Maharashtra,2023-01-23,0317882844,Inactive,4853.92,Found Duplicate,present,VALID_NUMERIC,PROVIDED,PROVIDED
MCH2261,Gr0Ver Inc,5812,Food & Restaurant,Sole Proprietorship,Mumbai,Maharashtra,2025-11-25,,Active,0.1519,Unique,present,MISSING,PROVIDED,PROVIDED
MCH1812,Om Plc,5812,Food & Restaurant,Sole Proprietorship,Amritsar,Punjab,2024-11-26,,Active,2079.98,Unique,present,MISSING,PROVIDED,PROVIDED
MCH8603,Mane Ltd,5812,Food & Restaurant,Sole Proprietorship,Ludhiana,Punjab,2023-04-01,9861979521,Active,258.46,Found Duplicate,present,VALID_NUMERIC,PROVIDED,PROVIDED
MCH5664,"Om, Kari And Pandit",5812,Food & Restaurant,Partnership,Hyderabad,Telangana,2024-07-15,7995815997,Inactive,6853.27,Unique,present,VALID_NUMERIC,PROVIDED,PROVIDED
MCH3754,Dugal Chawla,5812,Food & Restaurant,Partnership,Kolkata,West Bengal,2025-01-18,MIWY6996336112119,Active,581.93,Unique,present,ALPHANUMERIC_IBAN,PROVIDED,PROVIDED
MCH6228,"Kar, Agarwal And Karpe",5812,Food & Restaurant,Private Limited,Bengaluru,Karnataka,2024-08-05,,Suspended,1145.75,Found Duplicate,present,MISSING,PROVIDED,PROVIDED
MCH8521,Rao Ltd,5812,Food & Restaurant,Sole Proprietorship,Jaipur,Rajasthan,2023-02-05,1686745515,Suspended,2388.44,Found Duplicate,present,VALID_NUMERIC,PROVIDED,PROVIDED
MCH7249,Prakash Group,5812,Food & Restaurant,Sole Proprietorship,Mumbai,Maharashtra,2024-11-30,4410967035,Active,0.1855,Unique,present,VALID_NUMERIC,PROVIDED,PROVIDED
MCH7817,Lata Plc,5812,Food & Restaurant,Private Limited,Chennai,Tamil Nadu,2025-07-27,,Inactive,3090.66,Unique,present,MISSING,PROVIDED,PROVIDED
MCH1250,Kata Group,5812,Food & Restaurant,Private Limited,Chennai,Tamil Nadu,2023-12-22,,Active,1162.22,Found Duplicate,present,MISSING,PROVIDED,PROVIDED
MCH5355,"Sundaram, Gara And Bajwa",5812,Food & Restaurant,Sole Proprietorship,Kolkata,West Bengal,2023-08-03,,Active,3350.71,Unique,present,MISSING,PROVIDED,PROVIDED
MCH7095,Soni Dubey,5812,Food & Restaurant,Individual,Mumbai,Maharashtra,2025-05-01,,Active,589.1,Found Duplicate,present,MISSING,PROVIDED,PROVIDED
MCH8138,Deol And Sons,5812,Food & Restaurant,Partnership,Chennai,Tamil Nadu,2023-07-23,,Active,1238.62,Found Duplicate,present,MISSING,PROVIDED,PROVIDED
MCH3968,"Peri, Sane And Mohanty",5812,Food & Restaurant,Individual,Mumbai,Maharashtra,2024-10-06,,Unknown,1174.15,Unique,present,MISSING,PROVIDED,PROVIDED
MCH2169,"Yogi, Bhakta And Suresh",5812,Food & Restaurant,Private Limited,Hyderabad,Telangana,2023-04-25,XXXX3751,Active,5225.51,Found Duplicate,present,MASKED,PROVIDED,PROVIDED
MCH7829,"Tara, Deo And More",5812,Food & Restaurant,Private Limited,Delhi,Delhi,2024-01-13,,Active,1127.59,Found Duplicate,present,MISSING,PROVIDED,PROVIDED
MCH3096,"Pradhan, Anne And Dhillon",5812,Food & Restaurant,Individual,Kolkata,West Bengal,2025-02-25,XXXX9447,Unknown,958.85,Unique,present,MASKED,PROVIDED,MISSING_OR_INVALID
MCH7156,Lata Som,5812,Food & Restaurant,Private Limited,Bengaluru,Karnataka,2023-02-24,,Suspended,739.29,Found Duplicate,present,MISSING,PROVIDED,PROVIDED
MCH9083,Vohra Mishra,5812,Food & Restaurant,Partnership,Pune,Maharashtra,2024-06-16,,Unknown,0.2189,Found Duplicate,present,MISSING,PROVIDED,PROVIDED
MCH7558,Lanka Dixit,5812,Food & Restaurant,Sole Proprietorship,Pune,Maharashtra,2024-04-21,DPGO5407180491231,Active,1010.63,Found Duplicate,present,ALPHANUMERIC_IBAN,PROVIDED,PROVIDED
MCH6064,"Wable, Virk And Gaba",5812,Food & Restaurant,Private Limited,Amritsar,Punjab,2025-06-09,0328512355,Active,5256.61,Found Duplicate,present,VALID_NUMERIC,PROVIDED,PROVIDED
MCH4547,Rout Inc,5812,Food & Restaurant,Private Limited,Bengaluru,Karnataka,2026-01-28,4666460002,Active,307.37,Unique,present,VALID_NUMERIC,PROVIDED,PROVIDED
MCH1183,Rajan Llc,5812,Food & Restaurant,Private Limited,Bengaluru,Karnataka,2023-02-02,,Active,1717.84,Unique,present,MISSING,PROVIDED,PROVIDED
MCH2741,"Palan, Bhalla And Srinivasan",5812,Food & Restaurant,Individual,Jaipur,Rajasthan,2025-12-19,XXXX0289,Unknown,0.1319,Found Duplicate,present,MASKED,PROVIDED,PROVIDED
MCH2724,Aggarwal Group,5812,Food & Restaurant,Individual,Bengaluru,Karnataka,,2736138598,Active,7977.75,Found Duplicate,missing,VALID_NUMERIC,PROVIDED,PROVIDED
MCH2725,Varma Loke,5812,Food & Restaurant,Partnership,Kolkata,West Bengal,2023-12-21,,Inactive,4486.37,Found Duplicate,present,MISSING,PROVIDED,PROVIDED
MCH5587,Pau Gour,5812,Food & Restaurant,Private Limited,Pune,Maharashtra,2025-10-13,AIKN3298712438615,Active,246.08,Found Duplicate,present,ALPHANUMERIC_IBAN,PROVIDED,PROVIDED
MCH2327,Kibe Char,5812,Food & Restaurant,Partnership,Hyderabad,Telangana,2025-09-10,XXXX0303,Active,848.32,Found Duplicate,present,MASKED,PROVIDED,PROVIDED
MCH2480,Banik Nagar,5812,Food & Restaurant,Private Limited,Jaipur,Rajasthan,2025-07-27,XXXX7952,Active,0.3594,Unique,present,MASKED,PROVIDED,PROVIDED
MCH4581,"Tailor, Ganesh And Menon",5812,Food & Restaurant,Partnership,Mumbai,Maharashtra,2025-11-02,,Inactive,0.1137,Found Duplicate,present,MISSING,PROVIDED,PROVIDED
MCH9130,Chhabra Llc,5812,Food & Restaurant,Private Limited,Jalandhar,Punjab,2024-09-12,,Active,1786.29,Unique,present,MISSING,PROVIDED,PROVIDED
MCH7051,Ramachandran Rajan,5812,Food & Restaurant,Partnership,Mumbai,Maharashtra,2023-12-26,XXXX3526,Active,1183.53,Unique,present,MASKED,PROVIDED,PROVIDED
MCH7471,Dass Llc,5812,Food & Restaurant,Sole Proprietorship,Lucknow,Uttar Pradesh,2023-02-14,XXXX4634,Active,390.54,Unique,present,MASKED,PROVIDED,PROVIDED
MCH9048,Kalla Plc,5812,Food & Restaurant,Partnership,Jalandhar,Punjab,2023-09-18,,Active,544.22,Found Duplicate,present,MISSING,PROVIDED,PROVIDED
MCH7469,Dua Llc,5812,Food & Restaurant,Sole Proprietorship,Pune,Maharashtra,,0464385224,Inactive,0.1848,Unique,missing,VALID_NUMERIC,PROVIDED,PROVIDED
MCH4932,Khosla And Sons,5812,Food & Restaurant,Sole Proprietorship,Jalandhar,Punjab,2024-08-09,QSCW5400259337785,Inactive,340.55,Unique,present,ALPHANUMERIC_IBAN,PROVIDED,PROVIDED
MCH8399,"La11A, Wadhwa And Bhardwaj",5812,Food & Restaurant,Private Limited,Kolkata,West Bengal,2025-09-05,XXXX6906,Unknown,1773.81,Unique,present,MASKED,PROVIDED,PROVIDED
MCH3625,Singhal Ltd,5812,Food & Restaurant,Sole Proprietorship,Mumbai,Maharashtra,2025-10-28,XXXX0908,Unknown,10079.36,Found Duplicate,present,MASKED,PROVIDED,PROVIDED
MCH5223,"Dua, Raj And Aurora",5812,Food & Restaurant,Private Limited,Ludhiana,Punjab,2024-06-08,XXXX3071,Active,986.86,Unique,present,MASKED,PROVIDED,PROVIDED
MCH6449,Chakraborty Hans,5812,Food & Restaurant,Sole Proprietorship,Hyderabad,Telangana,2024-03-01,XXXX5646,Active,1506.6,Found Duplicate,present,MASKED,PROVIDED,PROVIDED
MCH8569,Tara Ltd,5812,Food & Restaurant,Individual,Lucknow,Uttar Pradesh,2025-11-18,,Active,1022.19,Unique,present,MISSING,PROVIDED,PROVIDED
MCH5669,"Sodhi, Luthra And Batta",5812,Food & Restaurant,Private Limited,Jalandhar,Punjab,2025-10-08,XXXX1040,Active,1557.34,Unique,present,MASKED,PROVIDED,PROVIDED
MCH4048,"Lall, Kara And Uppal",5812,Food & Restaurant,Partnership,Jalandhar,Punjab,2024-06-14,,Inactive,1748.0,Unique,present,MISSING,PROVIDED,PROVIDED
MCH7387,Lad Comar,5812,Food & Restaurant,Sole Proprietorship,Jalandhar,Punjab,2025-02-25,DFES3088920437736,Active,4968.31,Unique,present,ALPHANUMERIC_IBAN,PROVIDED,PROVIDED
MCH9837,Raval Aurora,5812,Food & Restaurant,Sole Proprietorship,Kolkata,West Bengal,2023-04-26,,Active,0.299,Unique,present,MISSING,PROVIDED,PROVIDED
MCH6498,"Banik, Nadig And Mann",5812,Food & Restaurant,Individual,Ludhiana,Punjab,2024-10-30,,Active,1076.6,Found Duplicate,present,MISSING,PROVIDED,PROVIDED
MCH9516,"Sule, Borra And Rattan",5812,Food & Restaurant,Partnership,Amritsar,Punjab,2023-01-19,,Active,397.19,Unique,present,MISSING,PROVIDED,PROVIDED
MCH3612,Kala Inc,5812,Food & Restaurant,Sole Proprietorship,Mumbai,Maharashtra,2025-08-17,GCWT7054433892701,Active,0.577,Found Duplicate,present,ALPHANUMERIC_IBAN,PROVIDED,PROVIDED
MCH4695,Patel Halder,5812,Food & Restaurant,Sole Proprietorship,Pune,Maharashtra,2026-02-11,,Active,652.55,Unique,present,MISSING,PROVIDED,PROVIDED
MCH7458,"Hans, Som And Krish",5812,Food & Restaurant,Sole Proprietorship,Bengaluru,Karnataka,2025-09-20,,Active,8448.66,Unique,present,MISSING,PROVIDED,PROVIDED
MCH7389,Basu Bedi,5812,Food & Restaurant,Partnership,Bengaluru,Karnataka,2023-07-04,XXXX3335,Unknown,958.85,Unique,present,MASKED,PROVIDED,MISSING_OR_INVALID
MCH7765,Dyal Llc,5812,Food & Restaurant,Individual,Amritsar,Punjab,2025-02-27,XXXX8941,Active,3067.55,Unique,present,MASKED,PROVIDED,PROVIDED
MCH8451,"Kala, Pradhan And Hayre",5812,Food & Restaurant,Partnership,Hyderabad,Telangana,2024-06-14,9996900448,Active,1874.56,Found Duplicate,present,VALID_NUMERIC,PROVIDED,PROVIDED
MCH3563,Dhar Wable,5812,Food & Restaurant,Sole Proprietorship,Chennai,Tamil Nadu,2023-12-25,XXXX0345,Active,748.96,Found Duplicate,present,MASKED,PROVIDED,PROVIDED
MCH7863,"Lal, Hegde And Hora",5812,Food & Restaurant,Partnership,Lucknow,Uttar Pradesh,2024-11-18,BRCS2990278425539,Active,673.1,Found Duplicate,present,ALPHANUMERIC_IBAN,PROVIDED,PROVIDED
MCH7029,"Vasa, Zachariah And Narula",5812,Food & Restaurant,Private Limited,Kolkata,West Bengal,2025-01-15,6099382833,Unknown,2526.83,Found Duplicate,present,VALID_NUMERIC,PROVIDED,PROVIDED
MCH4237,"Deshmukh, Ghose And Chhabra",5812,Food & Restaurant,Sole Proprietorship,Pune,Maharashtra,2024-02-12,,Suspended,5905.65,Unique,present,MISSING,PROVIDED,PROVIDED
MCH1072,Kalla Khalsa,5812,Food & Restaurant,Private Limited,Mumbai,Maharashtra,2025-11-10,,Inactive,422.23,Unique,present,MISSING,PROVIDED,PROVIDED
MCH2658,"Parmar, Purohit And Bhasin",5812,Food & Restaurant,Sole Proprietorship,Bengaluru,Karnataka,,8958415885,Active,548.82,Unique,missing,VALID_NUMERIC,PROVIDED,PROVIDED
MCH9801,"Manda, Bansal And Devan",5812,Food & Restaurant,Partnership,Pune,Maharashtra,2025-12-09,XXXX9062,Suspended,1106.68,Unique,present,MASKED,PROVIDED,PROVIDED
MCH9823,Kunda Parekh,5812,Food & Restaurant,Individual,Mumbai,Maharashtra,2023-04-10,YIKU2339191619475,Unknown,1308.28,Unique,present,ALPHANUMERIC_IBAN,PROVIDED,PROVIDED
MCH7187,Sandhu Inc,5812,Food & Restaurant,Individual,Amritsar,Punjab,,0356861723,Active,4006.56,Unique,missing,VALID_NUMERIC,PROVIDED,PROVIDED
MCH1434,Kale And Sons,5812,Food & Restaurant,Private Limited,Jalandhar,Punjab,2023-04-25,0258989067,Active,985.73,Unique,present,VALID_NUMERIC,PROVIDED,PROVIDED
MCH7591,Gour Hora,5812,Food & Restaurant,Sole Proprietorship,Amritsar,Punjab,2023-12-07,XXXX5661,Active,1230.68,Unique,present,MASKED,PROVIDED,PROVIDED
MCH8449,Vaidya Gulati,5812,Food & Restaurant,Private Limited,Chennai,Tamil Nadu,2024-04-06,TCOQ6253751311209,Active,118.49,Found Duplicate,present,ALPHANUMERIC_IBAN,PROVIDED,PROVIDED
MCH9143,Prakash Inc,5812,Food & Restaurant,Partnership,Lucknow,Uttar Pradesh,2023-03-02,XXXX9977,Active,1791.89,Found Duplicate,present,MASKED,PROVIDED,PROVIDED
MCH7106,Master And Sons,5812,Food & Restaurant,Partnership,Lucknow,Uttar Pradesh,2023-01-27,6057584489,Unknown,1328.09,Found Duplicate,present,VALID_NUMERIC,PROVIDED,PROVIDED
MCH1199,"Chatterjee, Chada And Ghose",5812,Food & Restaurant,Private Limited,Chennai,Tamil Nadu,2025-04-14,,Active,6574.56,Found Duplicate,present,MISSING,PROVIDED,PROVIDED
MCH1658,Khatri Mohanty,5812,Food & Restaurant,Sole Proprietorship,Jaipur,Rajasthan,2025-08-08,DGXZ0949885183603,Inactive,2016.79,Unique,present,ALPHANUMERIC_IBAN,PROVIDED,PROVIDED
MCH3893,"Kapadia, Keer And Oak",5812,Food & Restaurant,Private Limited,Amritsar,Punjab,2023-10-12,LOCC9278519241012,Active,590.57,Found Duplicate,present,ALPHANUMERIC_IBAN,PROVIDED,PROVIDED
MCH6004,Raval And Sons,5812,Food & Restaurant,Partnership,Bengaluru,Karnataka,2025-10-20,,Active,477.72,Unique,present,MISSING,PROVIDED,PROVIDED
MCH5001,Narayan Llc,5812,Food & Restaurant,Partnership,Pune,Maharashtra,2023-06-17,JVBH8016822587770,Active,1893.51,Found Duplicate,present,ALPHANUMERIC_IBAN,PROVIDED,PROVIDED
MCH6050,"Choudhary, Shanker And Rajan",5812,Food & Restaurant,Individual,Ludhiana,Punjab,2024-03-26,1328212555,Active,2324.79,Unique,present,VALID_NUMERIC,PROVIDED,PROVIDED
MCH1101,"Deo, Gill And Dhaliwal",5812,Food & Restaurant,Private Limited,Delhi,Delhi,2023-05-26,,Active,1076.28,Found Duplicate,present,MISSING,PROVIDED,PROVIDED
MCH2102,"Mand, Bobal And Saini",5812,Food & Restaurant,Individual,Ludhiana,Punjab,2024-04-25,,Active,2985.52,Unique,present,MISSING,PROVIDED,PROVIDED
MCH3755,Hayer And Sons,5812,Food & Restaurant,Private Limited,Pune,Maharashtra,2025-08-02,1710186455,Active,1098.64,Unique,present,VALID_NUMERIC,PROVIDED,PROVIDED
MCH8598,"Raghavan, Nadig And Karpe",5812,Food & Restaurant,Sole Proprietorship,Pune,Maharashtra,2024-06-16,XXXX2019,Active,1385.16,Found Duplicate,present,MASKED,PROVIDED,PROVIDED
MCH4926,Shankar Ltd,5812,Food & Restaurant,Individual,Hyderabad,Telangana,2024-12-28,6804229881,Active,958.85,Found Duplicate,present,VALID_NUMERIC,PROVIDED,MISSING_OR_INVALID
MCH3856,"Sankaran, Anne And Buch",5812,Food & Restaurant,Individual,Kolkata,West Bengal,2025-05-06,XXXX0835,Unknown,0.454,Found Duplicate,present,MASKED,PROVIDED,PROVIDED
MCH2719,"Ranganathan, Mall And Aggarwal",5812,Food & Restaurant,Partnership,Lucknow,Uttar Pradesh,2024-05-24,,Active,2283.24,Found Duplicate,present,MISSING,PROVIDED,PROVIDED
MCH8385,Thaker Hegde,5812,Food & Restaurant,Partnership,Amritsar,Punjab,2024-05-14,,Active,2913.48,Unique,present,MISSING,PROVIDED,PROVIDED
MCH3907,"Oza, Sachdev And Sarkar",5812,Food & Restaurant,Private Limited,Jalandhar,Punjab,,XXXX6224,Active,2184.56,Found Duplicate,missing,MASKED,PROVIDED,PROVIDED
MCH5553,Sarna And Sons,5812,Food & Restaurant,Private Limited,Mumbay,Maharashtra,2023-06-07,XXXX7273,Inactive,871.71,Found Duplicate,present,MASKED,PROVIDED,PROVIDED
MCH9261,Gupta Manne,5812,Food & Restaurant,Individual,Jaipur,Rajasthan,2025-07-10,,Active,0.2734,Unique,present,MISSING,PROVIDED,PROVIDED
MCH7842,J0Ha1 Ltd,5812,Food & Restaurant,Private Limited,Kolkata,West Bengal,2025-02-06,XXXX0929,Inactive,0.1856,Unique,present,MASKED,PROVIDED,PROVIDED
MCH4934,Gill Llc,5812,Food & Restaurant,Private Limited,Ludhiana,Punjab,2024-07-29,7355149958,Active,958.85,Found Duplicate,present,VALID_NUMERIC,PROVIDED,MISSING_OR_INVALID
MCH9098,Manda And Sons,5812,Food & Restaurant,Partnership,Bengaluru,Karnataka,2024-03-03,XXXX2826,Active,0.87,Found Duplicate,present,MASKED,PROVIDED,PROVIDED
MCH7432,Agate Plc,5812,Food & Restaurant,Individual,Chennai,Tamil Nadu,2024-06-11,OKRJ7586561022456,Active,88.41,Found Duplicate,present,ALPHANUMERIC_IBAN,PROVIDED,PROVIDED
MCH5037,"Sekhon, Dhillon And Bath",5812,Food & Restaurant,Partnership,Delhi,Delhi,2024-01-10,8639611595,Suspended,958.85,Found Duplicate,present,VALID_NUMERIC,PROVIDED,MISSING_OR_INVALID
MCH8437,"Kurian, Yadav And Sidhu",5812,Food & Restaurant,Partnership,Amritsar,Punjab,2024-09-09,,Active,1382.63,Found Duplicate,present,MISSING,PROVIDED,PROVIDED
MCH7062,"Upadhyay, Sethi And Tella",5812,Food & Restaurant,Partnership,Amritsar,Punjab,2024-06-03,,Active,84.66,Found Duplicate,present,MISSING,PROVIDED,PROVIDED
MCH7985,"Ba1Ay, Mammen And Raman",5812,Food & Restaurant,Partnership,Lucknow,Uttar Pradesh,2023-12-16,,Active,2429.67,Unique,present,MISSING,PROVIDED,PROVIDED
MCH4073,Gopal Plc,5812,Food & Restaurant,Individual,Jaipur,Rajasthan,2024-12-27,XXXX0031,Active,958.85,Unique,present,MASKED,PROVIDED,MISSING_OR_INVALID
MCH4077,"Khalsa, Jaggi And Bumb",5812,Food & Restaurant,Sole Proprietorship,Jaipur,Rajasthan,2023-10-26,,Active,583.76,Found Duplicate,present,MISSING,PROVIDED,PROVIDED
MCH6019,Chatterjee Ltd,5812,Food & Restaurant,Private Limited,Delhi,Delhi,2026-01-25,UFWO7733965180914,Active,100.27,Unique,present,ALPHANUMERIC_IBAN,PROVIDED,PROVIDED
MCH9190,"Dugar, Babu And Ba1A",5812,Food & Restaurant,Individual,Chennai,Tamil Nadu,2025-01-24,,Unknown,471.43,Unique,present,MISSING,PROVIDED,PROVIDED
MCH2248,Mutti Manne,5812,Food & Restaurant,Partnership,Ludhiana,Punjab,2023-11-22,,Inactive,0.1021,Unique,present,MISSING,PROVIDED,PROVIDED
MCH6832,"Chaudry, Barman And Patla",5812,Food & Restaurant,Sole Proprietorship,Lucknow,Uttar Pradesh,2024-09-03,3762925357,Inactive,617.14,Unique,present,VALID_NUMERIC,PROVIDED,PROVIDED
MCH1169,Dey Gupta,5812,Food & Restaurant,Individual,Bengaluru,Karnataka,2023-03-17,0295503532,Unknown,1427.7,Unique,present,VALID_NUMERIC,PROVIDED,PROVIDED
MCH4581,"Tailor, Ganesh And Menon",5812,Food & Restaurant,Partnership,Mumbai,Maharashtra,2025-11-02,,Inactive,0.1137,Found Duplicate,present,MISSING,PROVIDED,PROVIDED
MCH3415,Keer Inc,5812,Food & Restaurant,Sole Proprietorship,Chennai,Tamil Nadu,2025-06-05,XXXX8129,Active,184.25,Unique,present,MASKED,PROVIDED,PROVIDED
MCH1667,Prashad Samra,5812,Food & Restaurant,Private Limited,Delhi,Delhi,2025-10-20,XXXX1144,Active,7788.38,Found Duplicate,present,MASKED,PROVIDED,PROVIDED
MCH4249,Jhaveri Ltd,5812,Food & Restaurant,Sole Proprietorship,Bengaluru,Karnataka,2024-04-01,,Active,6385.99,Found Duplicate,present,MISSING,PROVIDED,PROVIDED
MCH4275,Raval Bora,5812,Food & Restaurant,Sole Proprietorship,Jaipur,Rajasthan,2024-04-18,3945076989,Active,0.1335,Found Duplicate,present,VALID_NUMERIC,PROVIDED,PROVIDED
MCH9583,"Borra, Mutti And Chaudhary",5812,Food & Restaurant,Private Limited,Ludhiana,Punjab,2023-05-13,3322589465,Active,1408.6,Found Duplicate,present,VALID_NUMERIC,PROVIDED,PROVIDED
MCH6960,Das Dhawan,5812,Food & Restaurant,Partnership,Jaipur,Rajasthan,2023-01-22,,Active,0.1832,Unique,present,MISSING,PROVIDED,PROVIDED
MCH6137,"Sidhu, Ahuja And Kumar",5812,Food & Restaurant,Partnership,Bengaluru,Karnataka,,0510702134,Active,1574.67,Found Duplicate,missing,VALID_NUMERIC,PROVIDED,PROVIDED
MCH4530,"Bhandari, Ramakrishnan And Srinivasan",5812,Food & Restaurant,Partnership,Pune,Maharashtra,2023-12-10,8219848716,Active,669.95,Found Duplicate,present,VALID_NUMERIC,PROVIDED,PROVIDED
MCH1199,Chad Grewal,5812,Food & Restaurant,Sole Proprietorship,Hyderabad,Telangana,2024-11-22,8520358001,Unknown,187.18,Found Duplicate,present,VALID_NUMERIC,PROVIDED,PROVIDED
MCH2748,"Banerjee, Wason And Dyal",5812,Food & Restaurant,Private Limited,Pune,Maharashtra,2023-11-16,XXXX5034,Active,1037.44,Unique,present,MASKED,PROVIDED,PROVIDED
MCH7394,Brahmbhatt Plc,5812,Food & Restaurant,Private Limited,Delhi,Delhi,2024-07-29,IKKI3369443713209,Active,3620.77,Found Duplicate,present,ALPHANUMERIC_IBAN,PROVIDED,PROVIDED
MCH7331,"Bakshi,Pillaianddhaliwal",5812,Food & Restaurant,Sole Proprietorship,Lucknow,Uttar Pradesh,,2802277765,Inactive,490.55,Found Duplicate,missing,VALID_NUMERIC,PROVIDED,PROVIDED
MCH4497,Padmanabhan Group,5812,Food & Restaurant,Individual,Mumbai,Maharashtra,,,Unknown,2142.62,Unique,missing,MISSING,PROVIDED,PROVIDED
MCH8844,Bains Plc,5812,Food & Restaurant,Individual,Delhi,Delhi,2023-08-25,,Unknown,1442.98,Found Duplicate,present,MISSING,PROVIDED,PROVIDED
MCH1077,Mitter And Sons,5812,Food & Restaurant,Individual,Chennai,Tamil Nadu,2026-01-12,,Inactive,606.84,Found Duplicate,present,MISSING,PROVIDED,PROVIDED
MCH3614,Morar Sundaram,5812,Food & Restaurant,Individual,Mumbai,Maharashtra,2023-08-09,XXXX5060,Active,1484.85,Unique,present,MASKED,PROVIDED,PROVIDED
MCH1207,"Pillai, Oak And Barman",5812,Food & Restaurant,Individual,Delhi,Delhi,2024-04-11,,Active,1280.08,Unique,present,MISSING,PROVIDED,PROVIDED
MCH9049,Babu Bali,5812,Food & Restaurant,Individual,Bengaluru,Karnataka,2023-02-07,4401897773,Unknown,2337.3,Found Duplicate,present,VALID_NUMERIC,PROVIDED,PROVIDED
MCH8299,Garde Plc,5812,Food & Restaurant,Partnership,Jaipur,Rajasthan,2023-01-06,,Active,1496.13,Unique,present,MISSING,PROVIDED,PROVIDED
MCH8851,"Kanda, Kohli And Thaman",5812,Food & Restaurant,Sole Proprietorship,Jalandhar,Punjab,,,Suspended,5573.07,Unique,missing,MISSING,PROVIDED,PROVIDED
MCH4077,Verma Dugar,5812,Food & Restaurant,Private Limited,Kolkata,West Bengal,2023-07-31,7415298015,Active,1359.17,Found Duplicate,present,VALID_NUMERIC,PROVIDED,PROVIDED
MCH8900,Nadkarni Khare,5812,Food & Restaurant,Individual,Lucknow,Uttar Pradesh,2025-06-11,ORVR2313413068698,Inactive,0.1349,Found Duplicate,present,ALPHANUMERIC_IBAN,PROVIDED,PROVIDED
MCH5974,Padmanabhan Llc,5812,Food & Restaurant,Individual,Lucknow,Uttar Pradesh,2023-03-11,XXXX9484,Unknown,0.1194,Unique,present,MASKED,PROVIDED,PROVIDED
MCH7323,Mital Inc,5812,Food & Restaurant,Individual,Lucknow,Uttar Pradesh,2025-01-03,1221388018,Active,1194.36,Found Duplicate,present,VALID_NUMERIC,PROVIDED,PROVIDED
MCH9393,"Sehgal, Chawla And Korpal",5812,Food & Restaurant,Individual,Amritsar,Punjab,2025-03-09,XXXX8440,Active,896.96,Found Duplicate,present,MASKED,PROVIDED,PROVIDED
MCH8355,"Virk, Sarna And Sangha",5812,Food & Restaurant,Individual,Mumbai,Maharashtra,2023-09-10,0702210119,Active,0.3279,Found Duplicate,present,VALID_NUMERIC,PROVIDED,PROVIDED
MCH4383,"Sabharwal, Patla And Nagy",5812,Food & Restaurant,Individual,Jaipur,Rajasthan,2024-12-13,,Active,4027.8,Found Duplicate,present,MISSING,PROVIDED,PROVIDED
MCH1438,"Memon, Chaudhuri And Choudhry",5812,Food & Restaurant,Sole Proprietorship,Amritsar,Punjab,2024-05-17,,Active,0.2393,Found Duplicate,present,MISSING,PROVIDED,PROVIDED
MCH4906,Gaba Llc,5812,Food & Restaurant,Private Limited,Jaipur,Rajasthan,2024-01-31,,Active,1902.8,Unique,present,MISSING,PROVIDED,PROVIDED
MCH5608,Raman Behl,5812,Food & Restaurant,Individual,Amritsar,Punjab,2023-05-10,,Active,251.88,Unique,present,MISSING,PROVIDED,PROVIDED
MCH7622,Banerjee Raman,5812,Food & Restaurant,Sole Proprietorship,Pune,Maharashtra,2023-11-24,,Active,1374.5,Found Duplicate,present,MISSING,PROVIDED,PROVIDED
MCH1384,Naidu Bhatti,5812,Food & Restaurant,Individual,Ludhiana,Punjab,2024-03-04,,Active,3910.34,Found Duplicate,present,MISSING,PROVIDED,PROVIDED
MCH5768,Brar Inc,5812,Food & Restaurant,Sole Proprietorship,Hyderabad,Telangana,2023-04-04,PTPO3474925086916,Unknown,1354.3,Found Duplicate,present,ALPHANUMERIC_IBAN,PROVIDED,PROVIDED
MCH8876,Apte And Sons,5812,Food & Restaurant,Partnership,Kolkata,West Bengal,2024-02-03,,Active,0.262,Found Duplicate,present,MISSING,PROVIDED,PROVIDED
MCH4427,Deshpande Llc,5812,Food & Restaurant,Private Limited,Mumbai,Maharashtra,2023-02-05,0253333340,Active,1587.13,Unique,present,VALID_NUMERIC,PROVIDED,PROVIDED
MCH1221,"Sastry, Kapoor And Varughese",5812,Food & Restaurant,Partnership,Jalandhar,Punjab,2025-04-26,,Inactive,0.343,Found Duplicate,present,MISSING,PROVIDED,PROVIDED
MCH5405,Balan Sabharwal,5812,Food & Restaurant,Individual,Bengaluru,Karnataka,2023-04-07,,Active,2280.95,Unique,present,MISSING,PROVIDED,PROVIDED
MCH1395,Venkatesh Llc,5812,Food & Restaurant,Partnership,Lucknow,Uttar Pradesh,2023-04-16,2640758547,Active,0.641,Unique,present,VALID_NUMERIC,PROVIDED,PROVIDED
MCH7955,Sura Gr0Up,5812,Food & Restaurant,Individual,Amritsar,Punjab,,FIJI5501070753851,Unknown,833.11,Found Duplicate,missing,ALPHANUMERIC_IBAN,PROVIDED,PROVIDED
MCH1894,Setty Doshi,5812,Food & Restaurant,Partnership,Bengaluru,Karnataka,2025-08-11,1742153273,Unknown,2961.06,Found Duplicate,present,VALID_NUMERIC,PROVIDED,PROVIDED
MCH3607,Va1A D0Ra,5812,Food & Restaurant,Individual,Ludhiana,Punjab,2024-11-09,,Unknown,1953.09,Unique,present,MISSING,PROVIDED,PROVIDED
MCH9380,Chakrabarti Group,5812,Food & Restaurant,Private Limited,Ludhiana,Punjab,2023-11-23,ECMM7078142170981,Active,0.199,Unique,present,ALPHANUMERIC_IBAN,PROVIDED,PROVIDED
MCH4026,Nagy Ltd,5812,Food & Restaurant,Private Limited,Kolkata,West Bengal,,,Active,0.1027,Unique,missing,MISSING,PROVIDED,PROVIDED
MCH1683,"Sampath, Anne And Madan",5812,Food & Restaurant,Partnership,Chennai,Tamil Nadu,2026-02-14,XXXX9435,Active,2458.98,Unique,present,MASKED,PROVIDED,PROVIDED
MCH5892,"Dara, Goswami And Purohit",5812,Food & Restaurant,Individual,Bengaluru,Karnataka,2025-02-21,,Active,0.1175,Found Duplicate,present,MISSING,PROVIDED,PROVIDED
MCH4667,Kapur Gara,5812,Food & Restaurant,Private Limited,Delhi,Delhi,2025-10-30,9822186565,Unknown,1043.72,Found Duplicate,present,VALID_NUMERIC,PROVIDED,PROVIDED
MCH1014,"Raghavan, Barad And Bahl",5812,Food & Restaurant,Partnership,Pune,Maharashtra,2024-03-23,PDTL9868386773357,Active,958.85,Found Duplicate,present,ALPHANUMERIC_IBAN,PROVIDED,MISSING_OR_INVALID
MCH1035,Minhas Khatri,5812,Food & Restaurant,Sole Proprietorship,Mumbay,Maharashtra,2024-01-24,LDCT0604920639781,Active,5777.68,Unique,present,ALPHANUMERIC_IBAN,PROVIDED,PROVIDED
MCH5905,Karnik Ltd,5812,Food & Restaurant,Individual,Pune,Maharashtra,2026-02-05,XXXX6996,Active,653.53,Found Duplicate,present,MASKED,PROVIDED,PROVIDED
MCH8098,"Babu, Gupta And Bir",5812,Food & Restaurant,Partnership,Lucknow,Uttar Pradesh,,FYXA2708849715447,Unknown,320.71,Found Duplicate,missing,ALPHANUMERIC_IBAN,PROVIDED,PROVIDED
MCH4184,Sachdeva Kara,5812,Food & Restaurant,Partnership,Jaipur,Rajasthan,2025-02-02,,Active,704.96,Found Duplicate,present,MISSING,PROVIDED,PROVIDED
MCH9584,Kakar Plc,5812,Food & Restaurant,Individual,Pune,Maharashtra,2024-05-13,FJCP5342966624704,Inactive,653.19,Found Duplicate,present,ALPHANUMERIC_IBAN,PROVIDED,PROVIDED
MCH3561,Kumar Llc,5812,Food & Restaurant,Partnership,Chennai,Tamil Nadu,2025-10-18,9204267445,Active,0.715,Found Duplicate,present,VALID_NUMERIC,PROVIDED,PROVIDED
MCH9226,Bhatnagar Magar,5812,Food & Restaurant,Partnership,Chennai,Tamil Nadu,2024-11-27,CSVM1025081118272,Suspended,500.21,Found Duplicate,present,ALPHANUMERIC_IBAN,PROVIDED,PROVIDED
MCH3955,"Dutta, Boase And Jha",5812,Food & Restaurant,Partnership,Jaipur,Rajasthan,,7839475828,Inactive,935.24,Found Duplicate,missing,VALID_NUMERIC,PROVIDED,PROVIDED
MCH6206,"Johal, Verma And Sane",5812,Food & Restaurant,Private Limited,Jalandhar,Punjab,2024-04-26,,Active,765.75,Found Duplicate,present,MISSING,PROVIDED,PROVIDED
MCH4876,"Dugar, Prasad And Pal",5812,Food & Restaurant,Partnership,Chennai,Tamil Nadu,2023-09-09,XXXX5946,Active,1346.64,Unique,present,MASKED,PROVIDED,PROVIDED
MCH9406,Randhawa And Sons,5812,Food & Restaurant,Individual,Lucknow,Uttar Pradesh,2025-08-11,XXXX6795,Active,2159.94,Found Duplicate,present,MASKED,PROVIDED,PROVIDED
MCH4398,"Bose, Dhar And Oza",5812,Food & Restaurant,Individual,Jalandhar,Punjab,2024-06-03,VPBZ3389716321736,Unknown,580.38,Unique,present,ALPHANUMERIC_IBAN,PROVIDED,PROVIDED
MCH2799,Kadakia Nayak,5812,Food & Restaurant,Sole Proprietorship,Delhi,Delhi,2025-05-04,LDOE2045126421896,Active,249.35,Unique,present,ALPHANUMERIC_IBAN,PROVIDED,PROVIDED
MCH7698,Sachdev And Sons,5812,Food & Restaurant,Sole Proprietorship,Amritsar,Punjab,2023-07-23,,Active,958.85,Found Duplicate,present,MISSING,PROVIDED,MISSING_OR_INVALID
MCH4583,Krish Dar,5812,Food & Restaurant,Sole Proprietorship,Mumbai,Maharashtra,2025-11-23,5472564311,Unknown,4726.0,Found Duplicate,present,VALID_NUMERIC,PROVIDED,PROVIDED
MCH9353,Ray Gaba,5812,Food & Restaurant,Private Limited,Pune,Maharashtra,2023-09-21,4567108215,Active,1357.72,Found Duplicate,present,VALID_NUMERIC,PROVIDED,PROVIDED
MCH5753,Handa Inc,5812,Food & Restaurant,Sole Proprietorship,Hyderabad,Telangana,2025-11-04,XXXX3053,Active,3518.1,Found Duplicate,present,MASKED,PROVIDED,PROVIDED
MCH4841,"Soman, Chhabra And Rau",5812,Food & Restaurant,Individual,Hyderabad,Telangana,2025-06-04,7481277314,Active,611.25,Unique,present,VALID_NUMERIC,PROVIDED,PROVIDED
MCH6017,Hayer Group,5812,Food & Restaurant,Private Limited,Mumbai,Maharashtra,2024-11-24,,Active,944.21,Found Duplicate,present,MISSING,PROVIDED,PROVIDED
MCH6756,Mangal Plc,5812,Food & Restaurant,Individual,Kolkata,West Bengal,2024-12-21,XXXX7752,Active,689.85,Unique,present,MASKED,PROVIDED,PROVIDED
MCH4930,Dasgupta Dua,5812,Food & Restaurant,Partnership,Jaipur,Rajasthan,2025-06-25,,Active,1023.36,Unique,present,MISSING,PROVIDED,PROVIDED
MCH9185,Om Ltd,5812,Food & Restaurant,Partnership,Kolkata,West Bengal,2025-09-22,RKEJ2980134292377,Inactive,311.59,Found Duplicate,present,ALPHANUMERIC_IBAN,PROVIDED,PROVIDED
MCH7197,Raval Chadha,5812,Food & Restaurant,Individual,Mumbai,Maharashtra,2023-09-25,,Active,218.4,Unique,present,MISSING,PROVIDED,PROVIDED
MCH8603,Mane Ltd,5812,Food & Restaurant,Sole Proprietorship,Ludhiana,Punjab,2023-04-01,9861979521,Active,258.46,Found Duplicate,present,VALID_NUMERIC,PROVIDED,PROVIDED
MCH7621,"Sankaran, Sur And Panchal",5812,Food & Restaurant,Individual,Jaipur,Rajasthan,2023-01-03,XXXX7790,Unknown,1992.6,Found Duplicate,present,MASKED,PROVIDED,PROVIDED
MCH6035,Radhakrishnan Chad,5812,Food & Restaurant,Partnership,Delhi,Delhi,2026-01-25,,Active,706.81,Found Duplicate,present,MISSING,PROVIDED,PROVIDED
MCH4867,"Nath, Taneja And Dey",5812,Food & Restaurant,Partnership,Bengaluru,Karnataka,2024-05-08,7096325090,Unknown,726.56,Found Duplicate,present,VALID_NUMERIC,PROVIDED,PROVIDED
MCH6228,"Kar, Agarwal And Karpe",5812,Food & Restaurant,Private Limited,Bengaluru,Karnataka,2024-08-05,,Unknown,1145.75,Found Duplicate,present,MISSING,PROVIDED,PROVIDED
MCH4859,Vasa Raju,5812,Food & Restaurant,Sole Proprietorship,Hyderabad,Telangana,2025-03-17,XXXX9523,Suspended,0.214,Found Duplicate,present,MASKED,PROVIDED,PROVIDED
MCH8896,"Luthra, Kata And Bansal",5812,Food & Restaurant,Private Limited,Jaipur,Rajasthan,2025-09-18,,Active,958.85,Found Duplicate,present,MISSING,PROVIDED,MISSING_OR_INVALID
MCH9718,Raval And Sons,5812,Food & Restaurant,Individual,Bengaluru,Karnataka,2026-01-04,6381850074,Active,3311.57,Found Duplicate,present,VALID_NUMERIC,PROVIDED,PROVIDED
MCH3955,"Dutta, Boase And Jha",5812,Food & Restaurant,Partnership,Jaipur,Rajasthan,,7839475828,Active,935.24,Found Duplicate,missing,VALID_NUMERIC,PROVIDED,PROVIDED
MCH6507,Kadakia Plc,5812,Food & Restaurant,Partnership,Chennai,Tamil Nadu,2023-05-01,XXXX3350,Unknown,740.55,Found Duplicate,present,MASKED,PROVIDED,PROVIDED
MCH6240,"Dutta, Aggarwal And Devan",5812,Food & Restaurant,Sole Proprietorship,Amritsar,Punjab,2025-09-04,,Active,905.07,Found Duplicate,present,MISSING,PROVIDED,PROVIDED
MCH7586,Randhawainc,5812,Food & Restaurant,Partnership,Chennai,Tamil Nadu,2025-06-21,,Inactive,629.75,Found Duplicate,present,MISSING,PROVIDED,PROVIDED
MCH1747,Ray Inc,5812,Food & Restaurant,Sole Proprietorship,Pune,Maharashtra,2023-04-11,YGJM1546623351510,Active,115.81,Found Duplicate,present,ALPHANUMERIC_IBAN,PROVIDED,PROVIDED
MCH8091,"Trivedi, Vohra And Dash",5812,Food & Restaurant,Sole Proprietorship,Ludhiana,Punjab,2023-03-26,XXXX3774,Unknown,1507.11,Found Duplicate,present,MASKED,PROVIDED,PROVIDED
MCH6025,Korpal Mutti,5812,Food & Restaurant,Private Limited,Delhi,Delhi,2024-02-16,,Inactive,3367.31,Found Duplicate,present,MISSING,PROVIDED,PROVIDED
MCH7095,Soni Dubey,5812,Food & Restaurant,Individual,Mumbai,Maharashtra,2025-05-01,,Active,589.1,Found Duplicate,present,MISSING,PROVIDED,PROVIDED
MCH6481,"Virk, Shan And Chopra",5812,Food & Restaurant,Individual,Pune,Maharashtra,2024-08-07,3425983900,Active,2726.92,Found Duplicate,present,VALID_NUMERIC,PROVIDED,PROVIDED
MCH5829,Batta Ltd,5812,Food & Restaurant,Sole Proprietorship,Jalandhar,Punjab,2024-11-07,SFSR8195478520780,Suspended,690.13,Found Duplicate,present,ALPHANUMERIC_IBAN,PROVIDED,PROVIDED
MCH3232,Shroff Bobal,5812,Food & Restaurant,Partnership,Kolkata,West Bengal,2024-04-26,,Active,613.79,Found Duplicate,present,MISSING,PROVIDED,PROVIDED
MCH5861,Manne Chatterjee,5812,Food & Restaurant,Sole Proprietorship,Delhi,Delhi,2024-10-28,,Active,174.45,Unique,present,MISSING,PROVIDED,PROVIDED
MCH5603,Saha Sahota,5812,Food & Restaurant,Partnership,Mumbai,Maharashtra,2025-09-12,XXXX8202,Active,1242.85,Unique,present,MASKED,PROVIDED,PROVIDED
MCH6354,"Gulati, Khosla And Peri",5812,Food & Restaurant,Partnership,Lucknow,Uttar Pradesh,2025-08-14,,Active,122.8,Unique,present,MISSING,PROVIDED,PROVIDED
MCH3886,Gandhi Inc,5812,Food & Restaurant,Sole Proprietorship,Kolkata,West Bengal,2025-12-18,XXXX0009,Active,3831.0,Unique,present,MASKED,PROVIDED,PROVIDED
MCH8400,Banerjee Inc,5812,Food & Restaurant,Sole Proprietorship,Lucknow,Uttar Pradesh,,,Active,958.85,Unique,missing,MISSING,PROVIDED,MISSING_OR_INVALID
MCH3431,Ghosh And Sons,5812,Food & Restaurant,Sole Proprietorship,Mumbai,Maharashtra,2025-11-24,LTDQ5015892785519,Suspended,1904.92,Unique,present,ALPHANUMERIC_IBAN,PROVIDED,PROVIDED
MCH4319,"Chaudhry, Rajan And Lad",5812,Food & Restaurant,Private Limited,Jaipur,Rajasthan,2025-07-13,,Suspended,1128.44,Found Duplicate,present,MISSING,PROVIDED,PROVIDED
MCH8177,Soman Inc,5812,Food & Restaurant,Private Limited,Kolkata,West Bengal,2024-04-03,XXXX3095,Active,2423.6,Found Duplicate,present,MASKED,PROVIDED,PROVIDED
MCH6143,"Murthy, Kala And Mangat",5812,Food & Restaurant,Individual,Hyderabad,Telangana,2023-03-26,3144502115,Active,618.37,Found Duplicate,present,VALID_NUMERIC,PROVIDED,PROVIDED
MCH6939,"Memon, Gole And Pingle",5812,Food & Restaurant,Private Limited,Lucknow,Uttar Pradesh,2023-09-13,VYGQ0383354923460,Inactive,1508.63,Found Duplicate,present,ALPHANUMERIC_IBAN,PROVIDED,PROVIDED
MCH6101,Rout Barman,5812,Food & Restaurant,Sole Proprietorship,Kolkata,West Bengal,2024-10-11,,Unknown,2918.42,Found Duplicate,present,MISSING,PROVIDED,PROVIDED
MCH4926,Shankar Ltd,5812,Food & Restaurant,Individual,Hyderabad,Telangana,2024-12-28,6804229881,Active,958.85,Found Duplicate,present,VALID_NUMERIC,PROVIDED,MISSING_OR_INVALID
MCH6635,Sehgal Inc,5812,Food & Restaurant,Private Limited,Bengaluru,Karnataka,,,Active,1810.23,Unique,missing,MISSING,PROVIDED,PROVIDED
MCH2723,Purohit Dani,5812,Food & Restaurant,Individual,Amritsar,Punjab,2024-04-16,XXXX6527,Active,1384.67,Found Duplicate,present,MASKED,PROVIDED,PROVIDED
MCH9444,Narainandsons,5812,Food & Restaurant,Private Limited,Hyderabad,Telangana,2023-09-08,XXXX4479,Suspended,1056.16,Found Duplicate,present,MASKED,PROVIDED,PROVIDED
MCH6612,Sule Pillay,5812,Food & Restaurant,Partnership,Pune,Maharashtra,2025-09-09,ATSN3885757440400,Unknown,2010.07,Unique,present,ALPHANUMERIC_IBAN,PROVIDED,PROVIDED
MCH8338,Basu Ltd,5812,Food & Restaurant,Private Limited,Pune,Maharashtra,2025-06-21,XXXX2977,Active,279.5,Found Duplicate,present,MASKED,PROVIDED,PROVIDED
MCH2577,Dua Inc,5812,Food & Restaurant,Sole Proprietorship,Bengaluru,Karnataka,2023-11-23,,Active,23536.65,Unique,present,MISSING,PROVIDED,PROVIDED
MCH5660,Goda Goda,5812,Food & Restaurant,Partnership,Ludhiana,Punjab,,XXXX9971,Active,1213.87,Found Duplicate,missing,MASKED,PROVIDED,PROVIDED
MCH3523,"Khare, Radhakrishnan And Gala",5812,Food & Restaurant,Individual,Jaipur,Rajasthan,2025-12-04,,Active,577.79,Unique,present,MISSING,PROVIDED,PROVIDED
MCH6783,Raju Group,5812,Food & Restaurant,Individual,Mumbay,Maharashtra,2025-05-17,XXXX7297,Active,958.85,Found Duplicate,present,MASKED,PROVIDED,MISSING_OR_INVALID
MCH5995,Bassi Ltd,5812,Food & Restaurant,Private Limited,Lucknow,Uttar Pradesh,2024-02-01,XXXX5294,Active,2631.68,Found Duplicate,present,MASKED,PROVIDED,PROVIDED
MCH8673,Goswami And Sons,5812,Food & Restaurant,Private Limited,Delhi,Delhi,2026-02-25,1774013903,Active,979.86,Found Duplicate,present,VALID_NUMERIC,PROVIDED,PROVIDED
MCH8612,Kurian Goda,5812,Food & Restaurant,Sole Proprietorship,Mumbai,Maharashtra,2023-07-18,XXXX5561,Active,1133.93,Unique,present,MASKED,PROVIDED,PROVIDED
MCH4209,Garg Goel,5812,Food & Restaurant,Partnership,Amritsar,Punjab,2025-08-02,VSHI3966663578716,Active,1244.58,Found Duplicate,present,ALPHANUMERIC_IBAN,PROVIDED,PROVIDED
MCH8820,Mistry Group,5812,Food & Restaurant,Partnership,Kolkata,West Bengal,2025-10-19,VDFR2877623309973,Active,1132.45,Found Duplicate,present,ALPHANUMERIC_IBAN,PROVIDED,PROVIDED
MCH6514,Lalla Palan,5812,Food & Restaurant,Individual,Kolkata,West Bengal,2025-03-26,XXXX0164,Active,958.85,Unique,present,MASKED,PROVIDED,MISSING_OR_INVALID
MCH1007,"Sunder, Wason And Pau",5812,Food & Restaurant,Partnership,Jaipur,Rajasthan,2023-11-19,,Active,164.45,Found Duplicate,present,MISSING,PROVIDED,PROVIDED
MCH5354,Datta Vala,5812,Food & Restaurant,Partnership,Ludhiana,Punjab,2023-02-16,XXXX9615,Unknown,0.2213,Found Duplicate,present,MASKED,PROVIDED,PROVIDED
MCH6672,Nagarajan Inc,5812,Food & Restaurant,Partnership,Lucknow,Uttar Pradesh,2024-10-11,,Active,9245.49,Found Duplicate,present,MISSING,PROVIDED,PROVIDED
MCH7922,Dara Llc,5812,Food & Restaurant,Partnership,Mumbai,Maharashtra,2024-05-13,4216494567,Active,1260.96,Unique,present,VALID_NUMERIC,PROVIDED,PROVIDED
MCH7933,Baradinc,5812,Food & Restaurant,Individual,Amritsar,Punjab,2025-07-26,,Inactive,0.1177,Unique,present,MISSING,PROVIDED,PROVIDED
MCH5308,Shukla Trivedi,5812,Food & Restaurant,Individual,Jaipur,Rajasthan,2025-11-06,7037226511,Unknown,958.85,Unique,present,VALID_NUMERIC,PROVIDED,MISSING_OR_INVALID
MCH2198,"Arya, Dalal And Keer",5812,Food & Restaurant,Private Limited,Jaipur,Rajasthan,2023-09-08,,Active,2776.31,Unique,present,MISSING,PROVIDED,PROVIDED
MCH5961,Batra Ltd,5812,Food & Restaurant,Individual,Jalandhar,Punjab,2024-05-24,CHMJ2049480871128,Active,0.608,Unique,present,ALPHANUMERIC_IBAN,PROVIDED,PROVIDED
MCH3547,Ramanathan Dada,5812,Food & Restaurant,Private Limited,Delhi,Delhi,2025-02-03,,Active,5262.6,Unique,present,MISSING,PROVIDED,PROVIDED
MCH5119,Raghavan Shere,5812,Food & Restaurant,Sole Proprietorship,Chennai,Tamil Nadu,2025-09-14,,Active,0.1149,Unique,present,MISSING,PROVIDED,PROVIDED
MCH9839,Natarajan Keer,5812,Food & Restaurant,Individual,Delhi,Delhi,2025-03-03,XXXX6434,Active,2189.15,Unique,present,MASKED,PROVIDED,PROVIDED
MCH9434,Srinivasan Savant,5812,Food & Restaurant,Partnership,Chennai,Tamil Nadu,2023-05-01,XXXX0171,Active,958.85,Unique,present,MASKED,PROVIDED,MISSING_OR_INVALID
MCH7266,Sule Plc,5812,Food & Restaurant,Partnership,Jaipur,Rajasthan,2025-08-30,XXXX3283,Active,958.85,Unique,present,MASKED,PROVIDED,MISSING_OR_INVALID
MCH2943,Kh0S1A Llc,5812,Food & Restaurant,Private Limited,Mumbay,Maharashtra,2024-03-29,XXXX8006,Active,2741.64,Found Duplicate,present,MASKED,PROVIDED,PROVIDED
MCH6731,Wagle Pau,5812,Food & Restaurant,Private Limited,Amritsar,Punjab,2025-09-26,,Active,2980.89,Found Duplicate,present,MISSING,PROVIDED,PROVIDED
MCH2580,Rajag0Pa1An S0Man,5812,Food & Restaurant,Private Limited,Jaipur,Rajasthan,2023-07-17,XXXX4205,Active,7864.69,Unique,present,MASKED,PROVIDED,PROVIDED
MCH3725,Puri Plc,5812,Food & Restaurant,Sole Proprietorship,Amritsar,Punjab,2023-01-23,XXXX0142,Unknown,0.6457,Found Duplicate,present,MASKED,PROVIDED,PROVIDED
MCH2870,"Loyal, Buch And Ghose",5812,Food & Restaurant,Sole Proprietorship,Delhi,Delhi,2025-05-27,,Active,2213.61,Unique,present,MISSING,PROVIDED,PROVIDED
MCH7843,Rastogi Das,5812,Food & Restaurant,Partnership,Amritsar,Punjab,2025-04-03,XXXX7401,Unknown,1274.89,Unique,present,MASKED,PROVIDED,PROVIDED
MCH8140,"Chokshi, Johal And Sachdeva",5812,Food & Restaurant,Sole Proprietorship,Kolkata,West Bengal,2024-08-24,,Unknown,1136.04,Unique,present,MISSING,PROVIDED,PROVIDED
MCH3700,Nath Chakrabarti,5812,Food & Restaurant,Partnership,Chennai,Tamil Nadu,2025-03-25,,Active,0.1733,Found Duplicate,present,MISSING,PROVIDED,PROVIDED
MCH2605,Swamy Inc,5812,Food & Restaurant,Individual,Chennai,Tamil Nadu,2026-01-22,,Inactive,1335.82,Found Duplicate,present,MISSING,PROVIDED,PROVIDED
MCH8674,"Mani, Dutta And Issac",5812,Food & Restaurant,Private Limited,Chennai,Tamil Nadu,2023-05-05,1748773482,Active,958.85,Unique,present,VALID_NUMERIC,PROVIDED,MISSING_OR_INVALID
MCH4836,"Sidhu, Krish And Wadhwa",5812,Food & Restaurant,Individual,Pune,Maharashtra,2025-11-15,OUBF1585452700403,Active,0.431,Unique,present,ALPHANUMERIC_IBAN,PROVIDED,PROVIDED
MCH3659,Samra Inc,5812,Food & Restaurant,Individual,Chennai,Tamil Nadu,2023-11-04,3971816049,Unknown,2958.27,Found Duplicate,present,VALID_NUMERIC,PROVIDED,PROVIDED
MCH4859,Vasa Raju,5812,Food & Restaurant,Sole Proprietorship,Hyderabad,Telangana,2025-03-17,XXXX9523,Unknown,0.214,Found Duplicate,present,MASKED,PROVIDED,PROVIDED
MCH1002,"Apte, Saha And Edwin",5812,Food & Restaurant,Private Limited,Bengaluru,Karnataka,2026-07-01,XXXX8596,Unknown,1671.2,Unique,present,MASKED,PROVIDED,PROVIDED
MCH7336,Krishnan And Sons,5812,Food & Restaurant,Partnership,Jalandhar,Punjab,2024-09-03,2456383296,Unknown,1122.92,Unique,present,VALID_NUMERIC,PROVIDED,PROVIDED
MCH3875,Natt Ltd,5812,Food & Restaurant,Private Limited,Jalandhar,Punjab,2025-07-04,,Active,4372.03,Found Duplicate,present,MISSING,PROVIDED,PROVIDED
MCH3654,Ganesan Ltd,5812,Food & Restaurant,Sole Proprietorship,Jalandhar,Punjab,2024-02-11,XXXX6762,Unknown,286.1,Unique,present,MASKED,PROVIDED,PROVIDED
MCH7105,Saini Plc,5812,Food & Restaurant,Partnership,Kolkata,West Bengal,2023-09-17,,Active,717.73,Found Duplicate,present,MISSING,PROVIDED,PROVIDED
MCH3024,Kade Bhatia,5812,Food & Restaurant,Partnership,Delhi,Delhi,2025-09-22,,Unknown,0.2093,Unique,present,MISSING,PROVIDED,PROVIDED
MCH5567,"Apte, Sanghvi And Varkey",5812,Food & Restaurant,Partnership,Chennai,Tamil Nadu,2023-06-05,XXXX9947,Inactive,0.2121,Found Duplicate,present,MASKED,PROVIDED,PROVIDED
MCH9927,"Lall, Bali And Varughese",5812,Food & Restaurant,Sole Proprietorship,Lucknow,Uttar Pradesh,2025-12-09,IDZP0771497763313,Active,0.141,Unique,present,ALPHANUMERIC_IBAN,PROVIDED,PROVIDED
MCH4712,"Gulati, Koshy And Purohit",5812,Food & Restaurant,Individual,Lucknow,Uttar Pradesh,2023-06-13,,Suspended,576.59,Found Duplicate,present,MISSING,PROVIDED,PROVIDED
MCH9402,Vyas Nath,5812,Food & Restaurant,Private Limited,Lucknow,Uttar Pradesh,2023-09-18,,Active,640.89,Unique,present,MISSING,PROVIDED,PROVIDED
MCH9307,"Bajwa, Dhawan And Guha",5812,Food & Restaurant,Sole Proprietorship,Jalandhar,Punjab,2024-03-07,,Active,468.19,Unique,present,MISSING,PROVIDED,PROVIDED
MCH5015,"Pall, Mand And Balakrishnan",5812,Food & Restaurant,Sole Proprietorship,Lucknow,Uttar Pradesh,2024-12-23,9471379053,Active,2215.59,Unique,present,VALID_NUMERIC,PROVIDED,PROVIDED
MCH3686,Prasad Inc,5812,Food & Restaurant,Sole Proprietorship,Mumbai,Maharashtra,2024-04-09,GHWB3739951927219,Active,1179.14,Unique,present,ALPHANUMERIC_IBAN,PROVIDED,PROVIDED
MCH6656,Uppal Llc,5812,Food & Restaurant,Individual,Ludhiana,Punjab,2023-10-11,XXXX4591,Active,488.8,Unique,present,MASKED,PROVIDED,PROVIDED
MCH2816,Behl Group,5812,Food & Restaurant,Sole Proprietorship,Amritsar,Punjab,2023-02-17,UHYF4970596803050,Inactive,5297.33,Found Duplicate,present,ALPHANUMERIC_IBAN,PROVIDED,PROVIDED
MCH8164,"Devan, Basu And Buch",5812,Food & Restaurant,Private Limited,Delhi,Delhi,2023-04-26,KRTZ4526793978232,Active,3036.35,Unique,present,ALPHANUMERIC_IBAN,PROVIDED,PROVIDED
MCH6446,Upadhyay Upadhyay,5812,Food & Restaurant,Partnership,Jalandhar,Punjab,2024-05-12,,Active,2923.06,Found Duplicate,present,MISSING,PROVIDED,PROVIDED
MCH8421,"Wali, Chowdhury And Barman",5812,Food & Restaurant,Private Limited,Bengaluru,Karnataka,2023-08-10,7007867420,Active,966.94,Found Duplicate,present,VALID_NUMERIC,PROVIDED,PROVIDED
MCH1618,Muni Ltd,5812,Food & Restaurant,Individual,Delhi,Delhi,2023-11-01,,Active,1051.73,Unique,present,MISSING,PROVIDED,PROVIDED
MCH1081,Mistry Group,5812,Food & Restaurant,Private Limited,Mumbay,Maharashtra,2025-05-27,XXXX5682,Active,2299.04,Unique,present,MASKED,PROVIDED,PROVIDED
MCH8330,Trivedi Shan,5812,Food & Restaurant,Partnership,Hyderabad,Telangana,2024-05-11,2548494928,Unknown,4115.86,Found Duplicate,present,VALID_NUMERIC,PROVIDED,PROVIDED
MCH4369,"Gupta,Maneandbhasin",5812,Food & Restaurant,Individual,Hyderabad,Telangana,2025-03-03,,Unknown,950.76,Found Duplicate,present,MISSING,PROVIDED,PROVIDED
MCH4323,"Ben, Wagle And Shan",5812,Food & Restaurant,Sole Proprietorship,Chennai,Tamil Nadu,2023-05-11,4367668757,Suspended,958.85,Unique,present,VALID_NUMERIC,PROVIDED,MISSING_OR_INVALID
MCH1551,Malhotra Subramanian,5812,Food & Restaurant,Partnership,Pune,Maharashtra,2024-06-13,,Active,1909.07,Unique,present,MISSING,PROVIDED,PROVIDED
MCH5753,Zachariah Rai,5812,Food & Restaurant,Private Limited,Hyderabad,Telangana,2023-12-01,,Active,3163.49,Found Duplicate,present,MISSING,PROVIDED,PROVIDED
MCH1454,"Bali, Kurian And Garde",5812,Food & Restaurant,Partnership,Lucknow,Uttar Pradesh,2023-07-29,,Active,1592.02,Found Duplicate,present,MISSING,PROVIDED,PROVIDED
MCH8660,"Ben, Guha And Sabharwa1",5812,Food & Restaurant,Sole Proprietorship,Lucknow,Uttar Pradesh,2025-07-22,XXXX9591,Active,958.85,Unique,present,MASKED,PROVIDED,MISSING_OR_INVALID
MCH2988,"Mangal, Gokhale And Malhotra",5812,Food & Restaurant,Sole Proprietorship,Mumbay,Maharashtra,2023-10-10,,Active,3595.96,Unique,present,MISSING,PROVIDED,PROVIDED
MCH9349,Mahajan Ghosh,5812,Food & Restaurant,Individual,Chennai,Tamil Nadu,2023-02-21,,Inactive,0.3266,Found Duplicate,present,MISSING,PROVIDED,PROVIDED
MCH8565,"Mammen, Modi And Sankar",5812,Food & Restaurant,Sole Proprietorship,Jaipur,Rajasthan,2024-07-27,,Active,609.89,Unique,present,MISSING,PROVIDED,PROVIDED
MCH7627,Chanda Murty,5812,Food & Restaurant,Partnership,Jaipur,Rajasthan,2024-10-15,,Active,3236.88,Found Duplicate,present,MISSING,PROVIDED,PROVIDED
MCH3796,Mani Saha,5812,Food & Restaurant,Individual,Chennai,Tamil Nadu,2023-08-06,GQAE5409560780073,Active,860.72,Found Duplicate,present,ALPHANUMERIC_IBAN,PROVIDED,PROVIDED
MCH3737,Raval Kurian,5812,Food & Restaurant,Individual,Mumbai,Maharashtra,2026-01-23,,Active,352.99,Unique,present,MISSING,PROVIDED,PROVIDED
MCH1430,"Bhavsar, Dora And Singh",5812,Food & Restaurant,Private Limited,Delhi,Delhi,2024-03-07,,Active,238.76,Unique,present,MISSING,PROVIDED,PROVIDED
MCH9784,Lal Ltd,5812,Food & Restaurant,Partnership,Chennai,Tamil Nadu,2024-12-28,XXXX3001,Active,1442.84,Unique,present,MASKED,PROVIDED,PROVIDED
MCH3674,Wason And Sons,5812,Food & Restaurant,Individual,Delhi,Delhi,2025-07-19,6823891084,Unknown,582.77,Unique,present,VALID_NUMERIC,PROVIDED,PROVIDED
MCH2201,"Chandra, Sen And Ray",5812,Food & Restaurant,Private Limited,Bengaluru,Karnataka,2025-11-17,XXXX8373,Active,384.1,Found Duplicate,present,MASKED,PROVIDED,PROVIDED
MCH1227,"Nazareth, Zacharia And Swaminathan",5812,Food & Restaurant,Private Limited,Ludhiana,Punjab,2023-03-21,MUJQ0020831226650,Active,870.36,Found Duplicate,present,ALPHANUMERIC_IBAN,PROVIDED,PROVIDED
MCH5328,Dhaliwal Inc,5812,Food & Restaurant,Private Limited,Kolkata,West Bengal,2025-04-19,,Unknown,375.06,Found Duplicate,present,MISSING,PROVIDED,PROVIDED
MCH8562,Radhakrishnan Apte,5812,Food & Restaurant,Private Limited,Chennai,Tamil Nadu,2023-04-12,,Active,0.1647,Unique,present,MISSING,PROVIDED,PROVIDED
MCH6449,Chakraborty Hans,5812,Food & Restaurant,Sole Proprietorship,Hyderabad,Telangana,2024-03-01,XXXX5646,Unknown,1506.6,Found Duplicate,present,MASKED,PROVIDED,PROVIDED
MCH6216,Agarwal Group,5812,Food & Restaurant,Private Limited,Amritsar,Punjab,2024-03-28,XXXX1409,Unknown,0.121,Found Duplicate,present,MASKED,PROVIDED,PROVIDED
MCH3559,Chokshi Inc,5812,Food & Restaurant,Private Limited,Bengaluru,Karnataka,2024-12-23,XXXX5330,Suspended,535.7,Found Duplicate,present,MASKED,PROVIDED,PROVIDED
MCH8091,"Kata, Mangat And Tiwari",5812,Food & Restaurant,Partnership,Amritsar,Punjab,2023-09-18,XDJG1975759254930,Inactive,723.01,Found Duplicate,present,ALPHANUMERIC_IBAN,PROVIDED,PROVIDED
MCH6639,Sandal Group,5812,Food & Restaurant,Sole Proprietorship,Amritsar,Punjab,2024-05-29,7230745501,Unknown,3334.16,Unique,present,VALID_NUMERIC,PROVIDED,PROVIDED
MCH3630,Chacko Ltd,5812,Food & Restaurant,Partnership,Mumbai,Maharashtra,2023-06-11,,Inactive,2433.39,Unique,present,MISSING,PROVIDED,PROVIDED
MCH2442,Gole Plc,5812,Food & Restaurant,Partnership,Mumbai,Maharashtra,2024-08-28,7767111670,Unknown,625.13,Unique,present,VALID_NUMERIC,PROVIDED,PROVIDED
MCH2879,"Pillay, Vora And Karnik",5812,Food & Restaurant,Individual,Ludhiana,Punjab,2024-05-20,9486638654,Active,958.85,Found Duplicate,present,VALID_NUMERIC,PROVIDED,MISSING_OR_INVALID
MCH7096,Mukhopadhyay Din,5812,Food & Restaurant,Private Limited,Delhi,Delhi,2023-09-21,8048297168,Active,616.51,Found Duplicate,present,VALID_NUMERIC,PROVIDED,PROVIDED
MCH2917,Gole Rau,5812,Food & Restaurant,Sole Proprietorship,Chennai,Tamil Nadu,2025-10-10,XXXX0356,Inactive,1917.48,Found Duplicate,present,MASKED,PROVIDED,PROVIDED
MCH6903,Gu1Ati Thaker,5812,Food & Restaurant,Partnership,Chennai,Tamil Nadu,2023-07-07,,Active,958.85,Found Duplicate,present,MISSING,PROVIDED,MISSING_OR_INVALID
MCH6672,"Mittal, Bajwa And Guha",5812,Food & Restaurant,Individual,Delhi,Delhi,2023-08-09,XXXX4811,Active,3663.66,Found Duplicate,present,MASKED,PROVIDED,PROVIDED
MCH2548,Anne Llc,5812,Food & Restaurant,Partnership,Kolkata,West Bengal,2024-03-28,,Unknown,2367.01,Unique,present,MISSING,PROVIDED,PROVIDED
MCH4577,"Atwal, Sura And Bhatti",5812,Food & Restaurant,Partnership,Hyderabad,Telangana,2026-03-01,PWDW0230553443063,Active,316.9,Found Duplicate,present,ALPHANUMERIC_IBAN,PROVIDED,PROVIDED
MCH7868,Ah1Uwa1Ia Inc,5812,Food & Restaurant,Private Limited,Hyderabad,Telangana,2023-02-24,AZWU9148172427914,Inactive,4268.0,Found Duplicate,present,ALPHANUMERIC_IBAN,PROVIDED,PROVIDED
MCH7748,Chhabra Group,5812,Food & Restaurant,Individual,Pune,Maharashtra,2025-12-26,0225226630,Active,1602.16,Unique,present,VALID_NUMERIC,PROVIDED,PROVIDED
MCH3279,"Zachariah, Gill And Palla",5812,Food & Restaurant,Individual,Pune,Maharashtra,2025-12-25,,Active,958.85,Unique,present,MISSING,PROVIDED,MISSING_OR_INVALID
MCH3856,"Mukhopadhyay, Loyal And Parsa",5812,Food & Restaurant,Sole Proprietorship,Delhi,Delhi,2024-12-10,,Active,9442.27,Found Duplicate,present,MISSING,PROVIDED,PROVIDED
MCH6377,"Sharma, Bedi And Pandya",5812,Food & Restaurant,Partnership,Hyderabad,Telangana,2023-10-03,,Suspended,531.47,Found Duplicate,present,MISSING,PROVIDED,PROVIDED
MCH2224,Nadig Varma,5812,Food & Restaurant,Private Limited,Chennai,Tamil Nadu,2025-10-29,,Active,0.2261,Found Duplicate,present,MISSING,PROVIDED,PROVIDED
MCH8915,Sur Ltd,5812,Food & Restaurant,Individual,Mumbay,Maharashtra,2025-04-08,2079428373,Inactive,665.18,Found Duplicate,present,VALID_NUMERIC,PROVIDED,PROVIDED
MCH5549,Bahri Ltd,5812,Food & Restaurant,Partnership,Chennai,Tamil Nadu,2023-10-06,XXXX0036,Active,1045.04,Unique,present,MASKED,PROVIDED,PROVIDED
MCH7901,Bala Group,5812,Food & Restaurant,Partnership,Jaipur,Rajasthan,2023-03-02,VXJE9106968913579,Active,958.85,Unique,present,ALPHANUMERIC_IBAN,PROVIDED,MISSING_OR_INVALID
MCH2032,"Doshi, Sur And Sarna",5812,Food & Restaurant,Private Limited,Pune,Maharashtra,2023-07-15,,Active,771.07,Unique,present,MISSING,PROVIDED,PROVIDED
MCH3824,Chand Sarna,5812,Food & Restaurant,Sole Proprietorship,Kolkata,West Bengal,2025-08-24,,Active,733.85,Unique,present,MISSING,PROVIDED,PROVIDED
MCH8600,"Kalita, Bains And Gandhi",5812,Food & Restaurant,Sole Proprietorship,Delhi,Delhi,2024-07-06,RRYJ6587686551997,Active,0.855,Found Duplicate,present,ALPHANUMERIC_IBAN,PROVIDED,PROVIDED
MCH8984,Sharma Group,5812,Food & Restaurant,Private Limited,Ludhiana,Punjab,2023-06-21,,Active,590.58,Unique,present,MISSING,PROVIDED,PROVIDED
MCH7288,Sandhu Inc,5812,Food & Restaurant,Partnership,Bengaluru,Karnataka,2025-02-16,,Active,1887.15,Found Duplicate,present,MISSING,PROVIDED,PROVIDED
MCH2551,Nagarajan And Sons,5812,Food & Restaurant,Sole Proprietorship,Bengaluru,Karnataka,,NFIY9606847093350,Active,0.79,Found Duplicate,missing,ALPHANUMERIC_IBAN,PROVIDED,PROVIDED
MCH6999,Srinivasan Agate,5812,Food & Restaurant,Partnership,Hyderabad,Telangana,2023-02-22,,Active,1015.19,Found Duplicate,present,MISSING,PROVIDED,PROVIDED
MCH6782,Basu Plc,5812,Food & Restaurant,Private Limited,Delhi,Delhi,2025-08-30,,Active,406.96,Found Duplicate,present,MISSING,PROVIDED,PROVIDED
MCH2899,Sampath Mannan,5812,Food & Restaurant,Individual,Bengaluru,Karnataka,2023-05-27,,Active,379.53,Found Duplicate,present,MISSING,PROVIDED,PROVIDED
MCH3837,"Balakrishnan, Mane And Ranganathan",5812,Food & Restaurant,Partnership,Delhi,Delhi,2025-03-22,XXXX2369,Active,866.44,Found Duplicate,present,MASKED,PROVIDED,PROVIDED
MCH8893,Anand Dada,5411,Grocery,Private Limited,Delhi,Delhi,2023-02-15,,Unknown,598.72,Unique,present,MISSING,PROVIDED,PROVIDED
MCH8505,"Dora, Bhatia And Bhatia",5411,Grocery,Partnership,Amritsar,Punjab,2023-05-17,SAIK5515592782318,Active,2376.66,Found Duplicate,present,ALPHANUMERIC_IBAN,PROVIDED,PROVIDED
MCH1856,"Sem, Dhawan And Bakshi",5411,Grocery,Sole Proprietorship,Bengaluru,Karnataka,2023-07-27,9292167540,Suspended,2232.22,Found Duplicate,present,VALID_NUMERIC,PROVIDED,PROVIDED
MCH9834,Handa Chaudhari,5411,Grocery,Private Limited,Lucknow,Uttar Pradesh,2025-04-27,XXXX0961,Active,3989.9,Found Duplicate,present,MASKED,PROVIDED,PROVIDED
MCH4233,Shankar And Sons,5411,Grocery,Sole Proprietorship,Jalandhar,Punjab,2023-10-12,4534914137,Inactive,2257.76,Found Duplicate,present,VALID_NUMERIC,PROVIDED,PROVIDED
MCH7628,"Chawla, Datta And Ahuja",5411,Grocery,Partnership,Pune,Maharashtra,2024-05-01,,Active,979.26,Found Duplicate,present,MISSING,PROVIDED,PROVIDED
MCH8765,"Kamdar, Sehgal And Tata",5411,Grocery,Partnership,Delhi,Delhi,2025-01-06,XXXX8883,Active,4863.17,Unique,present,MASKED,PROVIDED,PROVIDED
MCH5559,Muni Raval,5411,Grocery,Private Limited,Jalandhar,Punjab,2026-01-21,,Active,723.26,Found Duplicate,present,MISSING,PROVIDED,PROVIDED
MCH7391,"Vora, Lad And Sekhon",5411,Grocery,Partnership,Pune,Maharashtra,2023-07-08,,Inactive,4971.16,Unique,present,MISSING,PROVIDED,PROVIDED
MCH8607,Dash Dora,5411,Grocery,Private Limited,Delhi,Delhi,2023-01-29,XXXX9578,Unknown,3092.32,Found Duplicate,present,MASKED,PROVIDED,PROVIDED
MCH3240,"Roy, Dash And Bobal",5411,Grocery,Partnership,Pune,Maharashtra,2023-11-13,CMDO7903517998811,Active,1077.02,Unique,present,ALPHANUMERIC_IBAN,PROVIDED,PROVIDED
MCH1106,"Agrawal, Ganguly And Kalla",5411,Grocery,Private Limited,Delhi,Delhi,2024-08-25,ZKGK4764088745020,Active,1100.28,Found Duplicate,present,ALPHANUMERIC_IBAN,PROVIDED,PROVIDED
MCH5100,Garde Mody,5411,Grocery,Sole Proprietorship,Hyderabad,Telangana,2023-12-02,HBWM0411273165352,Unknown,347.68,Found Duplicate,present,ALPHANUMERIC_IBAN,PROVIDED,PROVIDED
MCH4361,"Dugal, Barad And Nagi",5411,Grocery,Private Limited,Pune,Maharashtra,2025-10-27,XXXX1186,Active,4047.59,Found Duplicate,present,MASKED,PROVIDED,PROVIDED
MCH7339,"Purohit, Dhingra And Barman",5411,Grocery,Individual,Chennai,Tamil Nadu,2023-08-16,IUQD2113343232449,Active,2247.46,Unique,present,ALPHANUMERIC_IBAN,PROVIDED,PROVIDED
MCH7701,Ravel Lala,5411,Grocery,Private Limited,Ludhiana,Punjab,2025-05-12,XXXX7294,Active,1411.44,Unique,present,MASKED,PROVIDED,PROVIDED
MCH9482,"Vasa, Chada And Iyengar",5411,Grocery,Partnership,Hyderabad,Telangana,,XXXX4559,Unknown,600.13,Unique,missing,MASKED,PROVIDED,PROVIDED
MCH3736,"Morar, Roy And Bali",5411,Grocery,Private Limited,Ludhiana,Punjab,2023-05-18,1010746003,Active,1684.27,Found Duplicate,present,VALID_NUMERIC,PROVIDED,PROVIDED
MCH3683,Mander Group,5411,Grocery,Individual,Mumbai,Maharashtra,2023-09-10,3019047562,Active,4247.99,Unique,present,VALID_NUMERIC,PROVIDED,PROVIDED
MCH5707,De01 Gr0Up,5411,Grocery,Partnership,Hyderabad,Telangana,2023-09-19,NRWL7844875974966,Unknown,666.58,Found Duplicate,present,ALPHANUMERIC_IBAN,PROVIDED,PROVIDED
MCH7953,Deep Group,5411,Grocery,Sole Proprietorship,Mumbai,Maharashtra,2025-08-07,4208218333,Active,1668.75,Unique,present,VALID_NUMERIC,PROVIDED,PROVIDED
MCH6721,Pradhan Taneja,5411,Grocery,Individual,Bengaluru,Karnataka,,XXXX4118,Active,433.36,Found Duplicate,missing,MASKED,PROVIDED,PROVIDED
MCH1106,"Narang, Wali And Aurora",5411,Grocery,Sole Proprietorship,Jalandhar,Punjab,2023-10-04,XKBE4857491773438,Active,1853.84,Found Duplicate,present,ALPHANUMERIC_IBAN,PROVIDED,PROVIDED
MCH4367,"Wason, Chanda And Panchal",5411,Grocery,Sole Proprietorship,Lucknow,Uttar Pradesh,2023-09-29,QEDA5086052954128,Unknown,0.1778,Found Duplicate,present,ALPHANUMERIC_IBAN,PROVIDED,PROVIDED
MCH6593,Sharma Ahuja,5411,Grocery,Sole Proprietorship,Jalandhar,Punjab,2025-06-27,RJHM5836701029342,Active,3094.86,Found Duplicate,present,ALPHANUMERIC_IBAN,PROVIDED,PROVIDED
MCH3362,Chander Sangha,5411,Grocery,Private Limited,Amritsar,Punjab,2026-02-26,,Suspended,12795.59,Unique,present,MISSING,PROVIDED,PROVIDED
MCH9704,"Maharaj, Sangha And Suresh",5411,Grocery,Private Limited,Pune,Maharashtra,2023-01-01,FJDE3725342913526,Active,1435.77,Found Duplicate,present,ALPHANUMERIC_IBAN,PROVIDED,PROVIDED
MCH4458,"Gola, Dixit And Banik",5411,Grocery,Sole Proprietorship,Amritsar,Punjab,2023-08-25,XXXX8441,Active,991.85,Unique,present,MASKED,PROVIDED,PROVIDED
MCH6861,Gandhi Shukla,5411,Grocery,Partnership,Kolkata,West Bengal,2024-01-09,,Active,0.154,Found Duplicate,present,MISSING,PROVIDED,PROVIDED
MCH7495,"Subramaniam, Radhakrishnan And Bahri",5411,Grocery,Individual,Amritsar,Punjab,2023-05-14,XXXX3800,Inactive,1584.42,Found Duplicate,present,MASKED,PROVIDED,PROVIDED
MCH3684,Chahal Reddy,5411,Grocery,Partnership,Delhi,Delhi,,,Unknown,629.48,Unique,missing,MISSING,PROVIDED,PROVIDED
MCH7917,Parsa Madan,5411,Grocery,Sole Proprietorship,Pune,Maharashtra,2023-04-02,XXXX8810,Inactive,1524.64,Unique,present,MASKED,PROVIDED,PROVIDED
MCH2418,Majumdar Hegde,5411,Grocery,Partnership,Pune,Maharashtra,2023-09-06,,Unknown,2787.7,Found Duplicate,present,MISSING,PROVIDED,PROVIDED
MCH3662,"Mand, Walia And Bhalla",5411,Grocery,Private Limited,Chennai,Tamil Nadu,2023-08-04,KFML5342009384721,Active,677.63,Found Duplicate,present,ALPHANUMERIC_IBAN,PROVIDED,PROVIDED
MCH3822,Anne And Sons,5411,Grocery,Private Limited,Amritsar,Punjab,2026-01-21,,Unknown,2115.91,Unique,present,MISSING,PROVIDED,PROVIDED
MCH3376,Sama Gaba,5411,Grocery,Individual,Hyderabad,Telangana,,XXXX4890,Active,732.24,Unique,missing,MASKED,PROVIDED,PROVIDED
MCH6837,"Wali, Upadhyay And Shukla",5411,Grocery,Sole Proprietorship,Hyderabad,Telangana,2025-05-22,MLUM4465205062232,Suspended,413.96,Found Duplicate,present,ALPHANUMERIC_IBAN,PROVIDED,PROVIDED
MCH3037,Gokhale Plc,5411,Grocery,Partnership,Kolkata,West Bengal,2024-12-13,XXXX1304,Suspended,1146.48,Found Duplicate,present,MASKED,PROVIDED,PROVIDED
MCH4720,Sha Ltd,5411,Grocery,Partnership,Chennai,Tamil Nadu,2024-04-05,0136765801,Active,874.68,Unique,present,VALID_NUMERIC,PROVIDED,PROVIDED
MCH4544,"Som, Deshmukh And Narang",5411,Grocery,Partnership,Bengaluru,Karnataka,2023-04-28,,Active,4619.33,Unique,present,MISSING,PROVIDED,PROVIDED
MCH5114,Lal Group,5411,Grocery,Private Limited,Bengaluru,Karnataka,2024-06-23,XXXX3035,Active,1143.5,Found Duplicate,present,MASKED,PROVIDED,PROVIDED
MCH3659,Tandon Plc,5411,Grocery,Individual,Lucknow,Uttar Pradesh,2024-01-30,,Suspended,1421.27,Found Duplicate,present,MISSING,PROVIDED,PROVIDED
MCH9207,"Jani, Mittal And Narasimhan",5411,Grocery,Partnership,Bengaluru,Karnataka,2025-01-15,XJLY4559421802745,Inactive,1049.45,Found Duplicate,present,ALPHANUMERIC_IBAN,PROVIDED,PROVIDED
MCH2249,Konda Ltd,5411,Grocery,Private Limited,Kolkata,West Bengal,2023-10-28,IPUT2600707533349,Active,0.1258,Found Duplicate,present,ALPHANUMERIC_IBAN,PROVIDED,PROVIDED
MCH1756,"Borah, Sura And Kunda",5411,Grocery,Private Limited,Jaipur,Rajasthan,2025-10-21,,Active,1371.78,Found Duplicate,present,MISSING,PROVIDED,PROVIDED
MCH9416,Kulkarni And Sons,5411,Grocery,Partnership,Mumbai,Maharashtra,2024-12-13,0558936473,Unknown,0.755,Unique,present,VALID_NUMERIC,PROVIDED,PROVIDED
MCH9710,Trivedi Plc,5411,Grocery,Partnership,Ludhiana,Punjab,2025-01-24,,Unknown,718.83,Found Duplicate,present,MISSING,PROVIDED,PROVIDED
MCH9922,Chand Jain,5411,Grocery,Partnership,Chennai,Tamil Nadu,2023-09-10,XXXX1121,Active,0.18,Unique,present,MASKED,PROVIDED,PROVIDED
MCH2623,"Oak, Nadig And Doshi",5411,Grocery,Sole Proprietorship,Jalandhar,Punjab,2025-03-18,SGLM9352062021997,Active,1380.47,Found Duplicate,present,ALPHANUMERIC_IBAN,PROVIDED,PROVIDED
MCH3280,"Vohra, Bora And Vasa",5411,Grocery,Private Limited,Pune,Maharashtra,2023-10-16,,Suspended,412.76,Unique,present,MISSING,PROVIDED,PROVIDED
MCH8456,Srinivasan And Sons,5411,Grocery,Individual,Jalandhar,Punjab,2023-04-03,XXXX9275,Active,0.3454,Unique,present,MASKED,PROVIDED,PROVIDED
MCH4831,"Raja, Rout And Singh",5411,Grocery,Individual,Kolkata,West Bengal,2023-01-09,XXXX4829,Active,1885.15,Found Duplicate,present,MASKED,PROVIDED,PROVIDED
MCH6657,Atwal Sarraf,5411,Grocery,Partnership,Hyderabad,Telangana,,,Active,0.804,Unique,missing,MISSING,PROVIDED,PROVIDED
MCH2846,"Sha, Ramanathan And Kota",5411,Grocery,Individual,Jaipur,Rajasthan,2025-09-30,2763596998,Inactive,2995.95,Unique,present,VALID_NUMERIC,PROVIDED,PROVIDED
MCH1839,Krish Group,5411,Grocery,Sole Proprietorship,Jalandhar,Punjab,2024-01-29,,Active,1503.47,Unique,present,MISSING,PROVIDED,PROVIDED
MCH3433,"Pathak, Sathe And Rama",5411,Grocery,Private Limited,Kolkata,West Bengal,2025-12-22,XXXX0746,Inactive,0.3697,Unique,present,MASKED,PROVIDED,PROVIDED
MCH2534,Shetty Sundaram,5411,Grocery,Private Limited,Pune,Maharashtra,2025-03-10,,Active,709.87,Unique,present,MISSING,PROVIDED,PROVIDED
MCH4459,"Gola, Dara And Anne",5411,Grocery,Private Limited,Amritsar,Punjab,2024-10-20,2438786419,Active,1003.895,Found Duplicate,present,VALID_NUMERIC,PROVIDED,MISSING_OR_INVALID
MCH2336,Narasimhan Inc,5411,Grocery,Sole Proprietorship,Jalandhar,Punjab,2025-06-18,,Inactive,791.05,Unique,present,MISSING,PROVIDED,PROVIDED
MCH5411,Kale Inc,5411,Grocery,Partnership,Pune,Maharashtra,2024-06-21,,Active,0.708,Unique,present,MISSING,PROVIDED,PROVIDED
MCH6641,Sunder Taneja,5411,Grocery,Individual,Kolkata,West Bengal,2025-12-24,,Active,126.11,Unique,present,MISSING,PROVIDED,PROVIDED
MCH9846,"Nadig, Saran And Prabhakar",5411,Grocery,Private Limited,Amritsar,Punjab,2023-05-30,,Active,0.672,Found Duplicate,present,MISSING,PROVIDED,PROVIDED
MCH9196,Brahmbhatt Inc,5411,Grocery,Partnership,Bengaluru,Karnataka,2023-03-16,,Active,4354.3,Found Duplicate,present,MISSING,PROVIDED,PROVIDED
MCH9772,Sachdeva Llc,5411,Grocery,Sole Proprietorship,Kolkata,West Bengal,2025-10-23,BDSV5277645088008,Active,1003.895,Found Duplicate,present,ALPHANUMERIC_IBAN,PROVIDED,MISSING_OR_INVALID
MCH7473,"Goswami, Narang And Chaudhari",5411,Grocery,Partnership,Hyderabad,Telangana,,,Active,1709.42,Found Duplicate,missing,MISSING,PROVIDED,PROVIDED
MCH1751,Bava Mukherjee,5411,Grocery,Sole Proprietorship,Jaipur,Rajasthan,2023-05-20,EFFJ4269274300862,Active,0.1591,Found Duplicate,present,ALPHANUMERIC_IBAN,PROVIDED,PROVIDED
MCH3424,Tandon Raja,5411,Grocery,Private Limited,Pune,Maharashtra,2023-08-09,LJDU7390595746498,Inactive,1643.97,Unique,present,ALPHANUMERIC_IBAN,PROVIDED,PROVIDED
MCH9754,Khanna Group,5411,Grocery,Partnership,Ludhiana,Punjab,2023-11-20,EDBE0893143652084,Active,3682.51,Unique,present,ALPHANUMERIC_IBAN,PROVIDED,PROVIDED
MCH2997,Nadkarni Inc,5411,Grocery,Private Limited,Hyderabad,Telangana,2025-08-10,,Unknown,761.67,Found Duplicate,present,MISSING,PROVIDED,PROVIDED
MCH9371,Mand Oommen,5411,Grocery,Private Limited,Chennai,Tamil Nadu,2023-11-11,,Active,284.42,Unique,present,MISSING,PROVIDED,PROVIDED
MCH8159,Grover Barad,5411,Grocery,Partnership,Chennai,Tamil Nadu,2024-12-18,,Suspended,768.97,Found Duplicate,present,MISSING,PROVIDED,PROVIDED
MCH8233,Patel Ltd,5411,Grocery,Partnership,Jalandhar,Punjab,2024-12-28,,Active,1942.94,Unique,present,MISSING,PROVIDED,PROVIDED
MCH7724,"Johal, Khatri And Sant",5411,Grocery,Individual,Jalandhar,Punjab,2026-02-18,BSAD5422938420269,Active,3132.9,Found Duplicate,present,ALPHANUMERIC_IBAN,PROVIDED,PROVIDED
MCH9620,Prakash Group,5411,Grocery,Partnership,Ludhiana,Punjab,2023-02-02,,Active,2975.01,Found Duplicate,present,MISSING,PROVIDED,PROVIDED
MCH1397,"Bir,Ravelandswaminathan",5411,Grocery,Partnership,Pune,Maharashtra,2023-07-16,,Active,6150.31,Found Duplicate,present,MISSING,PROVIDED,PROVIDED
MCH3393,"Panchal, Mistry And Sawhney",5411,Grocery,Sole Proprietorship,Amritsar,Punjab,,,Active,0.612,Unique,missing,MISSING,PROVIDED,PROVIDED
MCH1640,Trivedi Agrawal,5411,Grocery,Private Limited,Jalandhar,Punjab,2025-01-25,WQQD1666405545072,Active,2316.65,Found Duplicate,present,ALPHANUMERIC_IBAN,PROVIDED,PROVIDED
MCH6970,Mani Sankaran,5411,Grocery,Partnership,Delhi,Delhi,2024-09-25,8930276730,Active,511.17,Found Duplicate,present,VALID_NUMERIC,PROVIDED,PROVIDED
MCH5019,Bah1 L0Ya1,5411,Grocery,Sole Proprietorship,Bengaluru,Karnataka,2025-05-12,,Active,1093.52,Found Duplicate,present,MISSING,PROVIDED,PROVIDED
MCH7891,Bakshi Plc,5411,Grocery,Individual,Bengaluru,Karnataka,2024-02-03,5025889978,Active,3419.67,Unique,present,VALID_NUMERIC,PROVIDED,PROVIDED
MCH2416,"Gokhale, Dua And Murty",5411,Grocery,Sole Proprietorship,Delhi,Delhi,2024-09-15,0489469400,Active,4341.41,Unique,present,VALID_NUMERIC,PROVIDED,PROVIDED
MCH7702,Ahuja Nayar,5411,Grocery,Private Limited,Ludhiana,Punjab,2024-10-04,,Suspended,1003.895,Unique,present,MISSING,PROVIDED,MISSING_OR_INVALID
MCH1197,"Gaba, Wadhwa And Sahni",5411,Grocery,Private Limited,Mumbai,Maharashtra,2024-01-08,8143796682,Active,488.96,Unique,present,VALID_NUMERIC,PROVIDED,PROVIDED
MCH3511,"Konda, Venkatesh And Jha",5411,Grocery,Individual,Lucknow,Uttar Pradesh,2025-06-28,BGWP5416829581598,Active,1003.895,Unique,present,ALPHANUMERIC_IBAN,PROVIDED,MISSING_OR_INVALID
MCH2177,Ramakrishnan Inc,5411,Grocery,Individual,Jaipur,Rajasthan,2023-10-13,UGOR9246572099156,Unknown,1755.18,Found Duplicate,present,ALPHANUMERIC_IBAN,PROVIDED,PROVIDED
MCH4322,Bumb Arya,5411,Grocery,Sole Proprietorship,Kolkata,West Bengal,2024-12-06,XXXX0050,Active,2473.26,Found Duplicate,present,MASKED,PROVIDED,PROVIDED
MCH6543,Nagi Pradhan,5411,Grocery,Private Limited,Mumbai,Maharashtra,2025-07-17,,Active,2785.85,Found Duplicate,present,MISSING,PROVIDED,PROVIDED
MCH6143,Baral Plc,5411,Grocery,Partnership,Kolkata,West Bengal,2024-12-05,7112045329,Active,1054.97,Found Duplicate,present,VALID_NUMERIC,PROVIDED,PROVIDED
MCH2542,Thakur Group,5411,Grocery,Sole Proprietorship,Kolkata,West Bengal,2023-12-15,7251186427,Inactive,3711.74,Unique,present,VALID_NUMERIC,PROVIDED,PROVIDED
MCH5594,Savant Bhargava,5411,Grocery,Sole Proprietorship,Bengaluru,Karnataka,2025-01-19,1080833717,Suspended,1235.6,Found Duplicate,present,VALID_NUMERIC,PROVIDED,PROVIDED
MCH6697,Andra Sengupta,5411,Grocery,Partnership,Bengaluru,Karnataka,2025-10-09,,Inactive,1006.44,Found Duplicate,present,MISSING,PROVIDED,PROVIDED
MCH6225,"Loyal, Mander And Agrawal",5411,Grocery,Sole Proprietorship,Kolkata,West Bengal,2023-12-17,,Active,859.91,Unique,present,MISSING,PROVIDED,PROVIDED
MCH3037,Wagle Ltd,5411,Grocery,Individual,Hyderabad,Telangana,2026-01-30,XXXX1382,Active,2391.24,Found Duplicate,present,MASKED,PROVIDED,PROVIDED
MCH6043,Saran Rai,5411,Grocery,Private Limited,Jaipur,Rajasthan,2025-11-17,,Unknown,2845.67,Found Duplicate,present,MISSING,PROVIDED,PROVIDED
MCH7233,Kamdar Bhakta,5411,Grocery,Private Limited,Kolkata,West Bengal,2024-03-08,,Active,1003.895,Found Duplicate,present,MISSING,PROVIDED,MISSING_OR_INVALID
MCH9012,"Goel, Devan And Grover",5411,Grocery,Sole Proprietorship,Amritsar,Punjab,2025-09-16,7133638417,Inactive,603.58,Found Duplicate,present,VALID_NUMERIC,PROVIDED,PROVIDED
MCH4336,"Prasad, Bhagat And De",5411,Grocery,Partnership,Hyderabad,Telangana,2023-05-22,FQWT9362753717033,Active,614.99,Found Duplicate,present,ALPHANUMERIC_IBAN,PROVIDED,PROVIDED
MCH3720,"Bedi, Sanghvi And Balakrishnan",5411,Grocery,Individual,Delhi,Delhi,2024-04-14,ECCR6940813795514,Active,0.61,Unique,present,ALPHANUMERIC_IBAN,PROVIDED,PROVIDED
MCH8511,Narain Nori,5411,Grocery,Partnership,Kolkata,West Bengal,2023-04-02,,Active,4133.84,Found Duplicate,present,MISSING,PROVIDED,PROVIDED
MCH1040,Krishnan And S0Ns,5411,Grocery,Sole Proprietorship,Jalandhar,Punjab,2023-01-06,5805252531,Active,1030.03,Found Duplicate,present,VALID_NUMERIC,PROVIDED,PROVIDED
MCH4000,"Dewan, Sunder And Bhakta",5411,Grocery,Private Limited,Kolkata,West Bengal,2023-06-25,KUHA3646516215943,Active,3205.97,Unique,present,ALPHANUMERIC_IBAN,PROVIDED,PROVIDED
MCH4414,"Manne, Arora And Goel",5411,Grocery,Private Limited,Hyderabad,Telangana,2025-07-15,,Active,618.59,Unique,present,MISSING,PROVIDED,PROVIDED
MCH1021,Naik Karpe,5411,Grocery,Sole Proprietorship,Mumbai,Maharashtra,2025-11-16,BPUY6277335937444,Active,2341.57,Found Duplicate,present,ALPHANUMERIC_IBAN,PROVIDED,PROVIDED
MCH6216,"Bhatti, Dass And Deshpande",5411,Grocery,Individual,Ludhiana,Punjab,2024-08-09,XXXX5234,Active,1325.06,Found Duplicate,present,MASKED,PROVIDED,PROVIDED
MCH4770,Mahal Sood,5411,Grocery,Sole Proprietorship,Jaipur,Rajasthan,2024-12-17,5162215595,Inactive,489.82,Unique,present,VALID_NUMERIC,PROVIDED,PROVIDED
MCH5488,Chaudry Garde,5411,Grocery,Individual,Kolkata,West Bengal,2023-03-31,,Unknown,0.405,Found Duplicate,present,MISSING,PROVIDED,PROVIDED
MCH1227,"Madan, More And Pal",5411,Grocery,Sole Proprietorship,Hyderabad,Telangana,2025-08-12,3802553962,Active,1078.83,Found Duplicate,present,VALID_NUMERIC,PROVIDED,PROVIDED
MCH6511,"Doctor, Sur And Badal",5411,Grocery,Sole Proprietorship,Pune,Maharashtra,2024-07-27,XXXX9778,Active,778.51,Unique,present,MASKED,PROVIDED,PROVIDED
MCH7138,Shere Shankar,5411,Grocery,Sole Proprietorship,Chennai,Tamil Nadu,2024-03-07,CDLC2524893044250,Active,1960.27,Unique,present,ALPHANUMERIC_IBAN,PROVIDED,PROVIDED
MCH6840,Saini Group,5411,Grocery,Private Limited,Bengaluru,Karnataka,2024-09-15,4326022170,Unknown,731.68,Unique,present,VALID_NUMERIC,PROVIDED,PROVIDED
MCH3846,Nagi Chacko,5411,Grocery,Private Limited,Hyderabad,Telangana,2024-08-21,EAUK5999855393021,Active,1055.18,Found Duplicate,present,ALPHANUMERIC_IBAN,PROVIDED,PROVIDED
MCH6711,Loyal Srinivasan,5411,Grocery,Partnership,Hyderabad,Telangana,2025-06-15,XXXX4153,Inactive,931.24,Unique,present,MASKED,PROVIDED,PROVIDED
MCH3604,"Shetty, Bali And Sama",5411,Grocery,Partnership,Ludhiana,Punjab,2023-01-04,IQHJ3383226507557,Inactive,0.394,Found Duplicate,present,ALPHANUMERIC_IBAN,PROVIDED,PROVIDED
MCH7604,"Varkey, Hayer And Ratti",5411,Grocery,Partnership,Chennai,Tamil Nadu,2025-02-17,XXXX6093,Active,868.52,Unique,present,MASKED,PROVIDED,PROVIDED
MCH5447,Chhabra Bajaj,5411,Grocery,Sole Proprietorship,Hyderabad,Telangana,2025-04-08,3031826064,Unknown,363.53,Found Duplicate,present,VALID_NUMERIC,PROVIDED,PROVIDED
MCH8794,Mani Zachariah,5411,Grocery,Partnership,Bengaluru,Karnataka,2026-01-04,AKYW5964261838493,Inactive,6393.53,Found Duplicate,present,ALPHANUMERIC_IBAN,PROVIDED,PROVIDED
MCH4716,Ahuja Konda,5411,Grocery,Private Limited,Hyderabad,Telangana,2025-05-05,UWUR7932224500135,Active,1206.68,Found Duplicate,present,ALPHANUMERIC_IBAN,PROVIDED,PROVIDED
MCH4135,Sunder Ltd,5411,Grocery,Partnership,Ludhiana,Punjab,2025-01-28,,Unknown,6745.05,Unique,present,MISSING,PROVIDED,PROVIDED
MCH2649,Pandya Plc,5411,Grocery,Individual,Pune,Maharashtra,2025-05-31,XXXX1050,Active,6206.32,Unique,present,MASKED,PROVIDED,PROVIDED
MCH6498,Sankaran Gupta,5411,Grocery,Partnership,Hyderabad,Telangana,2023-10-29,LBQV8100985155327,Suspended,992.12,Found Duplicate,present,ALPHANUMERIC_IBAN,PROVIDED,PROVIDED
MCH3753,"Raj, Gole And Bansal",5411,Grocery,Private Limited,Jalandhar,Punjab,2024-12-02,XXXX3925,Active,2699.51,Found Duplicate,present,MASKED,PROVIDED,PROVIDED
MCH7178,Devan And Sons,5411,Grocery,Sole Proprietorship,Kolkata,West Bengal,2023-11-11,,Inactive,758.21,Unique,present,MISSING,PROVIDED,PROVIDED
MCH9918,Lanka Oommen,5411,Grocery,Private Limited,Amritsar,Punjab,2023-02-08,,Active,562.01,Found Duplicate,present,MISSING,PROVIDED,PROVIDED
MCH9239,Balakrishnan Das,5411,Grocery,Partnership,Bengaluru,Karnataka,2025-12-11,EHOI0009201922607,Active,1003.895,Unique,present,ALPHANUMERIC_IBAN,PROVIDED,MISSING_OR_INVALID
MCH7162,Panchal Ratti,5411,Grocery,Private Limited,Delhi,Delhi,2023-11-03,RYQU3238280392506,Active,1176.97,Found Duplicate,present,ALPHANUMERIC_IBAN,PROVIDED,PROVIDED
MCH3571,"Aurora, Kamdar And Vasa",5411,Grocery,Private Limited,Lucknow,Uttar Pradesh,2023-02-03,,Unknown,583.65,Unique,present,MISSING,PROVIDED,PROVIDED
MCH9104,Parmar And Sons,5411,Grocery,Sole Proprietorship,Pune,Maharashtra,,DUAU1962867484687,Active,1913.35,Found Duplicate,missing,ALPHANUMERIC_IBAN,PROVIDED,PROVIDED
MCH8968,Sankar Zachariah,5411,Grocery,Individual,Chennai,Tamil Nadu,,VDPY3965638190434,Active,7171.02,Found Duplicate,missing,ALPHANUMERIC_IBAN,PROVIDED,PROVIDED
MCH4983,"Magar, Ratta And Choudhary",5411,Grocery,Partnership,Ludhiana,Punjab,2023-05-07,ZMSE7382357273196,Active,617.98,Unique,present,ALPHANUMERIC_IBAN,PROVIDED,PROVIDED
MCH7366,Bora Nadkarni,5411,Grocery,Partnership,Bengaluru,Karnataka,2024-03-17,,Suspended,0.2024,Found Duplicate,present,MISSING,PROVIDED,PROVIDED
MCH5356,Rege Llc,5411,Grocery,Sole Proprietorship,Ludhiana,Punjab,2024-02-10,,Inactive,917.24,Found Duplicate,present,MISSING,PROVIDED,PROVIDED
MCH6083,"Shah, Deep And Swaminathan",5411,Grocery,Partnership,Amritsar,Punjab,2025-06-28,,Active,0.1417,Unique,present,MISSING,PROVIDED,PROVIDED
MCH9266,Chatterjee Group,5411,Grocery,Sole Proprietorship,Bengaluru,Karnataka,,XXXX2510,Suspended,726.18,Found Duplicate,missing,MASKED,PROVIDED,PROVIDED
MCH1260,Oommen Jha,5411,Grocery,Individual,Delhi,Delhi,,XXXX3006,Unknown,1093.23,Found Duplicate,missing,MASKED,PROVIDED,PROVIDED
MCH5441,Sur Group,5411,Grocery,Private Limited,Ludhiana,Punjab,2023-02-08,UQUC6317470493069,Active,1094.34,Unique,present,ALPHANUMERIC_IBAN,PROVIDED,PROVIDED
MCH2656,"Kala, Shetty And Sheth",5411,Grocery,Sole Proprietorship,Delhi,Delhi,2023-12-06,,Active,5073.35,Found Duplicate,present,MISSING,PROVIDED,PROVIDED
MCH1861,Vora Balan,5411,Grocery,Sole Proprietorship,Pune,Maharashtra,2025-10-17,MBHV3858162453364,Inactive,2646.57,Unique,present,ALPHANUMERIC_IBAN,PROVIDED,PROVIDED
MCH4802,Jain Inc,5411,Grocery,Individual,Mumbay,Maharashtra,,WAKX1731194726020,Suspended,1158.19,Found Duplicate,missing,ALPHANUMERIC_IBAN,PROVIDED,PROVIDED
MCH9439,Jani Llc,5411,Grocery,Sole Proprietorship,Bengaluru,Karnataka,2024-02-24,2073250929,Active,275.02,Found Duplicate,present,VALID_NUMERIC,PROVIDED,PROVIDED
MCH6218,Chad Bhakta,5411,Grocery,Sole Proprietorship,Chennai,Tamil Nadu,2023-12-23,TDSR2442651102267,Unknown,0.218,Unique,present,ALPHANUMERIC_IBAN,PROVIDED,PROVIDED
MCH4283,Joshi Srinivas,5411,Grocery,Partnership,Amritsar,Punjab,2023-09-01,,Active,1135.0,Unique,present,MISSING,PROVIDED,PROVIDED
MCH6183,"Goel, Swaminathan And Padmanabhan",5411,Grocery,Private Limited,Amritsar,Punjab,2025-06-03,4104440790,Active,0.817,Found Duplicate,present,VALID_NUMERIC,PROVIDED,PROVIDED
MCH4527,Bansalinc,5411,Grocery,Private Limited,Lucknow,Uttar Pradesh,2025-10-29,BWHM6431375051395,Unknown,0.3449,Unique,present,ALPHANUMERIC_IBAN,PROVIDED,PROVIDED
MCH6772,"Sarin,Kaleandbava",5411,Grocery,Individual,Amritsar,Punjab,2024-12-03,4810020944,Inactive,893.58,Unique,present,VALID_NUMERIC,PROVIDED,PROVIDED
MCH5265,Natt Munshi,5411,Grocery,Private Limited,Pune,Maharashtra,2024-07-22,4213217107,Active,2606.12,Found Duplicate,present,VALID_NUMERIC,PROVIDED,PROVIDED
MCH8410,Kade Llc,5411,Grocery,Partnership,Lucknow,Uttar Pradesh,2024-11-08,5959501337,Active,893.08,Found Duplicate,present,VALID_NUMERIC,PROVIDED,PROVIDED
MCH6527,"Lalla, Bhandari And Mane",5411,Grocery,Sole Proprietorship,Pune,Maharashtra,2025-07-09,AWSX7915320511081,Active,1832.42,Found Duplicate,present,ALPHANUMERIC_IBAN,PROVIDED,PROVIDED
MCH3216,K0Thari Bhatia,5411,Grocery,Sole Proprietorship,Hyderabad,Telangana,2025-01-28,3754349166,Active,1987.15,Unique,present,VALID_NUMERIC,PROVIDED,PROVIDED
MCH8725,Ganesan Inc,5411,Grocery,Private Limited,Jalandhar,Punjab,2023-02-24,,Inactive,1002.32,Found Duplicate,present,MISSING,PROVIDED,PROVIDED
MCH3940,Chad Dara,5411,Grocery,Partnership,Chennai,Tamil Nadu,2024-09-11,XXXX0176,Active,3610.64,Unique,present,MASKED,PROVIDED,PROVIDED
MCH1134,"Shenoy, Gokhale And Soman",5411,Grocery,Individual,Delhi,Delhi,2024-11-12,KZYJ5215017385369,Active,284.86,Found Duplicate,present,ALPHANUMERIC_IBAN,PROVIDED,PROVIDED
MCH6450,Mishra Plc,5411,Grocery,Individual,Chennai,Tamil Nadu,2024-04-02,,Inactive,1003.895,Found Duplicate,present,MISSING,PROVIDED,MISSING_OR_INVALID
MCH3012,Sathe Llc,5411,Grocery,Private Limited,Chennai,Tamil Nadu,2024-10-23,,Suspended,448.76,Unique,present,MISSING,PROVIDED,PROVIDED
MCH2013,"Nanda, Saraf And Halder",5411,Grocery,Individual,Kolkata,West Bengal,2025-04-22,,Active,1721.62,Unique,present,MISSING,PROVIDED,PROVIDED
MCH9806,Hari Kant,5411,Grocery,Individual,Amritsar,Punjab,2023-12-26,JKYA8958406507555,Unknown,1398.42,Unique,present,ALPHANUMERIC_IBAN,PROVIDED,PROVIDED
MCH1770,Prabhu Inc,5411,Grocery,Partnership,Kolkata,West Bengal,2026-02-19,STER3056508036813,Active,1130.22,Unique,present,ALPHANUMERIC_IBAN,PROVIDED,PROVIDED
MCH9949,Balan Llc,5411,Grocery,Private Limited,Amritsar,Punjab,2024-06-27,XXXX7461,Active,2493.77,Found Duplicate,present,MASKED,PROVIDED,PROVIDED
MCH8724,Sethi Reddy,5411,Grocery,Private Limited,Hyderabad,Telangana,2025-04-09,3785181664,Inactive,425.41,Found Duplicate,present,VALID_NUMERIC,PROVIDED,PROVIDED
MCH9009,Badami Sani,5411,Grocery,Individual,Mumbay,Maharashtra,2024-03-31,XXXX8465,Active,1732.46,Found Duplicate,present,MASKED,PROVIDED,PROVIDED
MCH1782,Kari Plc,5411,Grocery,Sole Proprietorship,Mumbai,Maharashtra,2024-06-26,,Unknown,4762.58,Unique,present,MISSING,PROVIDED,PROVIDED
MCH2818,Sibal Inc,5411,Grocery,Sole Proprietorship,Jalandhar,Punjab,2025-06-03,HHRP3016788161129,Active,600.04,Unique,present,ALPHANUMERIC_IBAN,PROVIDED,PROVIDED
MCH4431,"Wali, Zachariah And Toor",5411,Grocery,Sole Proprietorship,Mumbai,Maharashtra,2023-05-13,,Suspended,3595.68,Unique,present,MISSING,PROVIDED,PROVIDED
MCH5565,Chatterjee And Sons,5411,Grocery,Sole Proprietorship,Pune,Maharashtra,2025-12-11,NMWT6772454974745,Unknown,1083.09,Unique,present,ALPHANUMERIC_IBAN,PROVIDED,PROVIDED
MCH2591,"Deol, Palla And Goel",5411,Grocery,Individual,Hyderabad,Telangana,2025-08-22,2241068743,Active,468.59,Unique,present,VALID_NUMERIC,PROVIDED,PROVIDED
MCH9683,Pillai Inc,5411,Grocery,Partnership,Bengaluru,Karnataka,2024-11-28,,Suspended,1862.68,Unique,present,MISSING,PROVIDED,PROVIDED
MCH7280,"Sathe, Shan And Oommen",5411,Grocery,Individual,Ludhiana,Punjab,2025-10-21,XXXX0221,Active,466.99,Found Duplicate,present,MASKED,PROVIDED,PROVIDED
MCH9439,Dhingra Inc,5411,Grocery,Individual,Mumbay,Maharashtra,2023-06-06,,Inactive,619.52,Found Duplicate,present,MISSING,PROVIDED,PROVIDED
MCH2475,Bains Sahota,5411,Grocery,Individual,Bengaluru,Karnataka,2023-08-16,XXXX6630,Active,619.32,Unique,present,MASKED,PROVIDED,PROVIDED
MCH3088,Suresh Llc,5411,Grocery,Partnership,Chennai,Tamil Nadu,2024-03-08,,Active,4739.6,Unique,present,MISSING,PROVIDED,PROVIDED
MCH5627,"Sridhar, Yogi And Panchal",5411,Grocery,Sole Proprietorship,Jaipur,Rajasthan,2025-09-23,,Active,0.483,Unique,present,MISSING,PROVIDED,PROVIDED
MCH5090,Chacko Dora,5411,Grocery,Sole Proprietorship,Hyderabad,Telangana,2023-12-27,DVGQ3463891046958,Unknown,658.73,Unique,present,ALPHANUMERIC_IBAN,PROVIDED,PROVIDED
MCH8724,"Gole, Roy And Khurana",5411,Grocery,Sole Proprietorship,Bengaluru,Karnataka,2024-03-31,XXXX8526,Active,926.44,Found Duplicate,present,MASKED,PROVIDED,PROVIDED
MCH5707,De01 Gr0Up,5411,Grocery,Partnership,Hyderabad,Telangana,2023-09-19,NRWL7844875974966,Active,666.58,Found Duplicate,present,ALPHANUMERIC_IBAN,PROVIDED,PROVIDED
MCH6746,"Tank, Chanda And Kothari",5411,Grocery,Private Limited,Ludhiana,Punjab,2024-02-04,2882499145,Unknown,2445.51,Unique,present,VALID_NUMERIC,PROVIDED,PROVIDED
MCH2733,Chauhan Ltd,5411,Grocery,Sole Proprietorship,Delhi,Delhi,2024-12-27,,Active,872.28,Unique,present,MISSING,PROVIDED,PROVIDED
MCH8066,Sane Shukla,5411,Grocery,Partnership,Amritsar,Punjab,2023-08-03,0222417187,Active,665.07,Found Duplicate,present,VALID_NUMERIC,PROVIDED,PROVIDED
MCH3039,Murty Inc,5411,Grocery,Individual,Delhi,Delhi,2023-12-03,SVKA2268543185915,Active,1465.47,Unique,present,ALPHANUMERIC_IBAN,PROVIDED,PROVIDED
MCH7796,"Kari, Sridhar And J0Ha1",5411,Grocery,Partnership,Pune,Maharashtra,2024-09-12,5623137802,Active,489.31,Found Duplicate,present,VALID_NUMERIC,PROVIDED,PROVIDED
MCH8423,Balasubramanian And Sons,5411,Grocery,Private Limited,Mumbai,Maharashtra,2025-01-26,5080169849,Active,1838.16,Unique,present,VALID_NUMERIC,PROVIDED,PROVIDED
MCH9738,Barman Rastogi,5411,Grocery,Partnership,Chennai,Tamil Nadu,2024-11-19,XXXX3047,Active,2419.77,Unique,present,MASKED,PROVIDED,PROVIDED
MCH4681,"Sengupta,Venkataramanandkonda",5411,Grocery,Individual,Pune,Maharashtra,2026-10-01,,Unknown,526.79,Found Duplicate,present,MISSING,PROVIDED,PROVIDED
MCH6585,Bansal Ltd,5411,Grocery,Private Limited,Mumbai,Maharashtra,2025-01-25,WOEP4190245385925,Inactive,729.86,Found Duplicate,present,ALPHANUMERIC_IBAN,PROVIDED,PROVIDED
MCH8602,Raghavan Ah1Uwa1Ia,5411,Grocery,Individual,Chennai,Tamil Nadu,2023-01-19,,Active,292.78,Unique,present,MISSING,PROVIDED,PROVIDED
MCH6251,"Sodhi, Handa And Venkatesh",5411,Grocery,Sole Proprietorship,Lucknow,Uttar Pradesh,2025-09-18,2729847488,Suspended,291.55,Unique,present,VALID_NUMERIC,PROVIDED,PROVIDED
MCH2533,Khatri Devi,5411,Grocery,Sole Proprietorship,Jaipur,Rajasthan,2024-11-23,3534229147,Active,3147.37,Found Duplicate,present,VALID_NUMERIC,PROVIDED,PROVIDED
MCH5019,"Mahajan, Gulati And Chakrabarti",5411,Grocery,Partnership,Amritsar,Punjab,2024-08-08,,Active,448.34,Found Duplicate,present,MISSING,PROVIDED,PROVIDED
MCH6535,Nagy And Sons,5411,Grocery,Sole Proprietorship,Hyderabad,Telangana,2023-11-24,,Active,291.26,Unique,present,MISSING,PROVIDED,PROVIDED
MCH7288,"Lalla, Sant And Mutti",5411,Grocery,Private Limited,Delhi,Delhi,2025-10-18,XXXX5071,Active,1003.895,Found Duplicate,present,MASKED,PROVIDED,MISSING_OR_INVALID
MCH1675,Chokshi Mukherjee,5411,Grocery,Individual,Ludhiana,Punjab,2023-01-11,XXXX1927,Active,1694.04,Found Duplicate,present,MASKED,PROVIDED,PROVIDED
MCH5040,Lala Pandit,5411,Grocery,Individual,Kolkata,West Bengal,,,Active,709.71,Found Duplicate,missing,MISSING,PROVIDED,PROVIDED
MCH9074,Thaman Ramesh,5411,Grocery,Private Limited,Delhi,Delhi,2024-04-08,YVFC7381559709766,Active,2298.62,Found Duplicate,present,ALPHANUMERIC_IBAN,PROVIDED,PROVIDED
MCH1247,"Nayak, Lala And Pillai",5411,Grocery,Sole Proprietorship,Bengaluru,Karnataka,2023-01-19,9109437765,Inactive,677.02,Unique,present,VALID_NUMERIC,PROVIDED,PROVIDED
MCH5281,Ramaswamy Bhandari,5411,Grocery,Partnership,Bengaluru,Karnataka,2023-04-04,,Active,113.91,Found Duplicate,present,MISSING,PROVIDED,PROVIDED
MCH5529,"Ganguly, Mukherjee And Boase",5411,Grocery,Private Limited,Chennai,Tamil Nadu,2025-04-01,EMNT5419387001495,Active,0.879,Unique,present,ALPHANUMERIC_IBAN,PROVIDED,PROVIDED
MCH7034,Kohli Inc,5411,Grocery,Partnership,Bengaluru,Karnataka,2023-03-27,2103247749,Active,0.4369,Found Duplicate,present,VALID_NUMERIC,PROVIDED,PROVIDED
MCH8837,Tata Rajagopal,5411,Grocery,Partnership,Ludhiana,Punjab,2023-09-03,,Suspended,2586.19,Unique,present,MISSING,PROVIDED,PROVIDED
MCH3129,"Ghose,Hariandgarde",5411,Grocery,Sole Proprietorship,Ludhiana,Punjab,2025-06-27,GWXI4589298577824,Active,1908.27,Unique,present,ALPHANUMERIC_IBAN,PROVIDED,PROVIDED
MCH5077,"Chauhan, Thakur And Chacko",5411,Grocery,Individual,Jaipur,Rajasthan,2023-11-12,9740262322,Inactive,250.88,Unique,present,VALID_NUMERIC,PROVIDED,PROVIDED
MCH4211,Amb1E Saha,5411,Grocery,Sole Proprietorship,Delhi,Delhi,2023-06-27,,Active,0.525,Unique,present,MISSING,PROVIDED,PROVIDED
MCH9888,Lalla Cherian,5411,Grocery,Sole Proprietorship,Mumbai,Maharashtra,2023-09-01,,Active,0.2,Found Duplicate,present,MISSING,PROVIDED,PROVIDED
MCH1968,Shroff Mani,5411,Grocery,Partnership,Mumbai,Maharashtra,2024-10-04,FIQR5425866491953,Active,0.1674,Unique,present,ALPHANUMERIC_IBAN,PROVIDED,PROVIDED
MCH7847,Ramakrishnan Misra,5411,Grocery,Individual,Mumbay,Maharashtra,2025-04-12,,Active,0.2108,Unique,present,MISSING,PROVIDED,PROVIDED
MCH8509,Merchant Kalita,5411,Grocery,Private Limited,Hyderabad,Telangana,2025-02-11,5703041030,Unknown,329.11,Found Duplicate,present,VALID_NUMERIC,PROVIDED,PROVIDED
MCH7133,Dininc,5411,Grocery,Private Limited,Pune,Maharashtra,2023-05-05,,Inactive,1003.895,Unique,present,MISSING,PROVIDED,MISSING_OR_INVALID
MCH2510,Kakar Group,5411,Grocery,Sole Proprietorship,Hyderabad,Telangana,2024-03-29,XXXX3606,Active,744.85,Found Duplicate,present,MASKED,PROVIDED,PROVIDED
MCH2404,Mutti Seshadri,5411,Grocery,Individual,Ludhiana,Punjab,2026-01-13,,Active,233.4,Unique,present,MISSING,PROVIDED,PROVIDED
MCH8553,Kumar And Sons,5411,Grocery,Partnership,Jalandhar,Punjab,2025-11-15,,Active,1412.27,Found Duplicate,present,MISSING,PROVIDED,PROVIDED
MCH5384,Sibal Inc,5411,Grocery,Private Limited,Jaipur,Rajasthan,,,Active,951.53,Unique,missing,MISSING,PROVIDED,PROVIDED
MCH1152,Raman Choudhury,5411,Grocery,Partnership,Chennai,Tamil Nadu,2025-12-19,XXXX0685,Active,0.233,Unique,present,MASKED,PROVIDED,PROVIDED
MCH3440,"Sahni, Thakur And Kale",5411,Grocery,Partnership,Hyderabad,Telangana,2024-10-14,SWXL8005196412661,Active,0.797,Unique,present,ALPHANUMERIC_IBAN,PROVIDED,PROVIDED
MCH8132,Biswas Plc,5411,Grocery,Sole Proprietorship,Pune,Maharashtra,2024-11-22,CXST4288098118218,Active,1347.49,Found Duplicate,present,ALPHANUMERIC_IBAN,PROVIDED,PROVIDED
MCH4212,Raman Kohli,5411,Grocery,Partnership,Ludhiana,Punjab,2024-10-27,AIWO1178745904405,Unknown,0.3361,Unique,present,ALPHANUMERIC_IBAN,PROVIDED,PROVIDED
MCH5602,Kaul Plc,5411,Grocery,Private Limited,Hyderabad,Telangana,2023-05-17,2312889197,Inactive,469.06,Unique,present,VALID_NUMERIC,PROVIDED,PROVIDED
MCH5553,Salvi Contractor,5411,Grocery,Individual,Kolkata,West Bengal,2024-03-21,,Unknown,3894.89,Found Duplicate,present,MISSING,PROVIDED,PROVIDED
MCH6268,"Yogi, Sachar And Mammen",5411,Grocery,Sole Proprietorship,Jalandhar,Punjab,2025-11-05,XXXX1380,Unknown,0.1773,Found Duplicate,present,MASKED,PROVIDED,PROVIDED
MCH2859,"Doctor, Bir And Lanka",5411,Grocery,Private Limited,Hyderabad,Telangana,2025-04-03,,Active,2296.45,Unique,present,MISSING,PROVIDED,PROVIDED
MCH2912,Natt Kohli,5411,Grocery,Private Limited,Jalandhar,Punjab,2024-07-09,XXXX0399,Inactive,1895.43,Found Duplicate,present,MASKED,PROVIDED,PROVIDED
MCH1010,Menon Andra,5411,Grocery,Private Limited,Delhi,Delhi,2024-11-17,XXXX4837,Active,678.36,Unique,present,MASKED,PROVIDED,PROVIDED
MCH9035,Merchant Plc,5411,Grocery,Private Limited,Jaipur,Rajasthan,2023-02-04,UCPE5658691269773,Active,1280.34,Unique,present,ALPHANUMERIC_IBAN,PROVIDED,PROVIDED
MCH6405,Jaggi Ltd,5411,Grocery,Partnership,Delhi,Delhi,2024-01-26,XXXX6470,Unknown,0.4074,Unique,present,MASKED,PROVIDED,PROVIDED
MCH2695,Patil Inc,5411,Grocery,Partnership,Pune,Maharashtra,2024-06-26,9565066028,Active,792.09,Unique,present,VALID_NUMERIC,PROVIDED,PROVIDED
MCH4306,"Narula, Hegde And Minhas",5411,Grocery,Private Limited,Bengaluru,Karnataka,2025-08-03,,Active,2023.94,Unique,present,MISSING,PROVIDED,PROVIDED
MCH8619,Salvi Nazareth,5411,Grocery,Sole Proprietorship,Delhi,Delhi,2024-07-25,,Active,860.21,Found Duplicate,present,MISSING,PROVIDED,PROVIDED
MCH1377,Sinha Gaba,5411,Grocery,Private Limited,Pune,Maharashtra,2025-12-04,YBUL0961027329909,Inactive,1471.43,Found Duplicate,present,ALPHANUMERIC_IBAN,PROVIDED,PROVIDED
MCH4274,Bhat Tailor,5411,Grocery,Private Limited,Ludhiana,Punjab,2025-03-17,0718437905,Inactive,168.98,Found Duplicate,present,VALID_NUMERIC,PROVIDED,PROVIDED
MCH8192,"Oza, Sant And Loke",5411,Grocery,Private Limited,Kolkata,West Bengal,2024-11-05,XXXX6524,Inactive,0.408,Unique,present,MASKED,PROVIDED,PROVIDED
MCH4716,Goda Agate,5411,Grocery,Sole Proprietorship,Delhi,Delhi,2026-01-07,5226052062,Suspended,1438.61,Found Duplicate,present,VALID_NUMERIC,PROVIDED,PROVIDED
MCH4002,"Bora, Kant And Chauhan",5411,Grocery,Individual,Bengaluru,Karnataka,2023-06-16,7171127147,Active,1003.895,Unique,present,VALID_NUMERIC,PROVIDED,MISSING_OR_INVALID
MCH9609,Bhatti Inc,5411,Grocery,Individual,Hyderabad,Telangana,2026-01-29,BTIY5631851884644,Suspended,1792.34,Found Duplicate,present,ALPHANUMERIC_IBAN,PROVIDED,PROVIDED
MCH8325,"Kaul, Bumb And Bal",5411,Grocery,Sole Proprietorship,Amritsar,Punjab,2025-03-19,,Inactive,183.98,Found Duplicate,present,MISSING,PROVIDED,PROVIDED
MCH6400,Sem Keer,5411,Grocery,Partnership,Ludhiana,Punjab,2025-12-21,4217077300,Unknown,13683.2,Unique,present,VALID_NUMERIC,PROVIDED,PROVIDED
MCH5573,"Guha, Dayal And Mutti",5411,Grocery,Sole Proprietorship,Chennai,Tamil Nadu,,XXXX9546,Active,2684.58,Found Duplicate,missing,MASKED,PROVIDED,PROVIDED
MCH8855,"Rau, Dua And Nadkarni",5411,Grocery,Private Limited,Ludhiana,Punjab,2025-06-06,5829674472,Unknown,2893.79,Unique,present,VALID_NUMERIC,PROVIDED,PROVIDED
MCH6155,"Mukhopadhyay, Doshi And Gopal",5411,Grocery,Sole Proprietorship,Jalandhar,Punjab,2025-10-03,XXXX5418,Active,830.87,Found Duplicate,present,MASKED,PROVIDED,PROVIDED
MCH2046,Konda Garde,5411,Grocery,Sole Proprietorship,Lucknow,Uttar Pradesh,2026-01-28,,Active,1405.98,Unique,present,MISSING,PROVIDED,PROVIDED
MCH8416,"Bal, Kant And Gola",5411,Grocery,Private Limited,Chennai,Tamil Nadu,2025-03-31,XXXX9605,Active,5069.39,Found Duplicate,present,MASKED,PROVIDED,PROVIDED
MCH1610,Sodhi Parekh,5411,Grocery,Partnership,Amritsar,Punjab,,XXXX7277,Unknown,1488.13,Unique,missing,MASKED,PROVIDED,PROVIDED
MCH5696,Mittal Group,5411,Grocery,Private Limited,Chennai,Tamil Nadu,2024-05-18,,Active,2595.13,Unique,present,MISSING,PROVIDED,PROVIDED
MCH3983,Behl Viswanathan,5411,Grocery,Partnership,Ludhiana,Punjab,2024-04-23,PHDB4189535389714,Active,1037.83,Found Duplicate,present,ALPHANUMERIC_IBAN,PROVIDED,PROVIDED
MCH8433,"Gill, Taneja And Bhardwaj",5411,Grocery,Individual,Lucknow,Uttar Pradesh,2023-05-12,9035895384,Suspended,5465.01,Unique,present,VALID_NUMERIC,PROVIDED,PROVIDED
MCH2074,"Kaur, Minhas And Ramakrishnan",5411,Grocery,Sole Proprietorship,Hyderabad,Telangana,2023-08-02,4592290564,Unknown,0.5123,Found Duplicate,present,VALID_NUMERIC,PROVIDED,PROVIDED
MCH2135,"Singh, Talwar And Sur",5411,Grocery,Private Limited,Jalandhar,Punjab,2025-01-15,,Suspended,704.34,Unique,present,MISSING,PROVIDED,PROVIDED
MCH8902,Sabharwal Ltd,5411,Grocery,Sole Proprietorship,Amritsar,Punjab,2024-12-27,8958186574,Active,270.57,Unique,present,VALID_NUMERIC,PROVIDED,PROVIDED
MCH3080,Lad Soman,5411,Grocery,Sole Proprietorship,Jalandhar,Punjab,2024-12-01,,Active,152.69,Unique,present,MISSING,PROVIDED,PROVIDED
MCH5937,"Babu, Contractor And Sem",5411,Grocery,Private Limited,Hyderabad,Telangana,2023-04-01,,Inactive,415.88,Unique,present,MISSING,PROVIDED,PROVIDED
MCH9718,"Trivedi, Yohannan And Garde",5411,Grocery,Sole Proprietorship,Pune,Maharashtra,2025-06-14,6798429963,Active,1881.34,Found Duplicate,present,VALID_NUMERIC,PROVIDED,PROVIDED
MCH4027,"Hegde, Ratti And Gera",5411,Grocery,Private Limited,Hyderabad,Telangana,2025-02-08,,Active,659.89,Unique,present,MISSING,PROVIDED,PROVIDED
MCH8215,"Brar, Ramesh And Kaul",5411,Grocery,Partnership,Chennai,Tamil Nadu,2023-05-23,DOZI8655958280664,Inactive,1544.34,Unique,present,ALPHANUMERIC_IBAN,PROVIDED,PROVIDED
MCH8903,Keer Sagar,5411,Grocery,Partnership,Lucknow,Uttar Pradesh,2024-09-16,,Unknown,841.61,Unique,present,MISSING,PROVIDED,PROVIDED
MCH5833,Deep And Sons,5411,Grocery,Partnership,Jaipur,Rajasthan,2024-04-04,,Active,4335.22,Unique,present,MISSING,PROVIDED,PROVIDED
MCH3723,Wagle Dugar,5411,Grocery,Individual,Bengaluru,Karnataka,2023-05-31,0970612973,Active,1906.51,Unique,present,VALID_NUMERIC,PROVIDED,PROVIDED
MCH8600,Lata Khurana,5411,Grocery,Individual,Jalandhar,Punjab,2023-06-16,5082992374,Active,861.64,Found Duplicate,present,VALID_NUMERIC,PROVIDED,PROVIDED
MCH8527,"Varkey, Chacko And Sarraf",5411,Grocery,Private Limited,Delhi,Delhi,2025-07-20,,Active,128.48,Found Duplicate,present,MISSING,PROVIDED,PROVIDED
MCH9920,Oommen Mitra,5411,Grocery,Private Limited,Jaipur,Rajasthan,2024-01-17,7684049085,Active,767.57,Unique,present,VALID_NUMERIC,PROVIDED,PROVIDED
MCH8741,Venkateshgroup,5411,Grocery,Private Limited,Ludhiana,Punjab,2024-08-03,,Active,0.1511,Found Duplicate,present,MISSING,PROVIDED,PROVIDED
MCH7476,Sundaram Ltd,5411,Grocery,Sole Proprietorship,Ludhiana,Punjab,2025-07-09,MKAI7735339239141,Active,1389.53,Unique,present,ALPHANUMERIC_IBAN,PROVIDED,PROVIDED
MCH8934,Dubey And Sons,5411,Grocery,Sole Proprietorship,Bengaluru,Karnataka,2025-09-12,,Inactive,0.1359,Found Duplicate,present,MISSING,PROVIDED,PROVIDED
MCH1711,"Sastry, Kota And Merchant",5411,Grocery,Sole Proprietorship,Ludhiana,Punjab,2023-12-17,NEUM7554192097058,Unknown,1991.22,Unique,present,ALPHANUMERIC_IBAN,PROVIDED,PROVIDED
MCH7335,Keer Goyal,5411,Grocery,Sole Proprietorship,Mumbai,Maharashtra,2025-01-25,XXXX8870,Active,470.18,Found Duplicate,present,MASKED,PROVIDED,PROVIDED
MCH1611,Karan Kibe,5411,Grocery,Sole Proprietorship,Jalandhar,Punjab,2024-06-03,,Unknown,343.64,Unique,present,MISSING,PROVIDED,PROVIDED
MCH8279,Lala Plc,5411,Grocery,Sole Proprietorship,Chennai,Tamil Nadu,,,Active,416.0,Unique,missing,MISSING,PROVIDED,PROVIDED
MCH4250,"Subramaniam, Datta And Patel",5411,Grocery,Partnership,Kolkata,West Bengal,2023-07-06,,Active,1320.67,Found Duplicate,present,MISSING,PROVIDED,PROVIDED
MCH5133,Sawhney Group,5411,Grocery,Individual,Hyderabad,Telangana,2024-12-10,0959364769,Active,1388.77,Unique,present,VALID_NUMERIC,PROVIDED,PROVIDED
MCH5166,Rastogi Ltd,5411,Grocery,Individual,Hyderabad,Telangana,2025-11-10,XXXX4606,Active,1432.96,Found Duplicate,present,MASKED,PROVIDED,PROVIDED
MCH4022,"Kade, Sethi And Balakrishnan",5411,Grocery,Sole Proprietorship,Ludhiana,Punjab,2025-03-27,XXXX9200,Active,1344.13,Found Duplicate,present,MASKED,PROVIDED,PROVIDED
MCH8211,Parekh Atwal,5411,Grocery,Private Limited,Jaipur,Rajasthan,2025-05-22,9728363988,Unknown,1003.895,Found Duplicate,present,VALID_NUMERIC,PROVIDED,MISSING_OR_INVALID
MCH1696,Prakash Dhar,5411,Grocery,Partnership,Bengaluru,Karnataka,2025-01-09,TXHI7483173386178,Unknown,567.04,Found Duplicate,present,ALPHANUMERIC_IBAN,PROVIDED,PROVIDED
MCH1786,"Ganguly, Mammen And Babu",5411,Grocery,Sole Proprietorship,Pune,Maharashtra,2025-05-22,YNDF5378176701295,Active,0.1212,Found Duplicate,present,ALPHANUMERIC_IBAN,PROVIDED,PROVIDED
MCH8098,"Chauhan, Magar And Parsa",5411,Grocery,Private Limited,Delhi,Delhi,2024-06-29,0112525902,Active,1003.895,Found Duplicate,present,VALID_NUMERIC,PROVIDED,MISSING_OR_INVALID
MCH9356,Waglellc,5411,Grocery,Partnership,Delhi,Delhi,2025-09-15,XXXX8552,Active,0.862,Unique,present,MASKED,PROVIDED,PROVIDED
MCH8239,"Brahmbhatt, 0Ak And Dhar",5411,Grocery,Partnership,Jaipur,Rajasthan,2025-05-19,,Unknown,0.266,Unique,present,MISSING,PROVIDED,PROVIDED
MCH9831,"Nayar, Sridhar And Shankar",5411,Grocery,Sole Proprietorship,Bengaluru,Karnataka,2023-05-03,,Active,2558.5,Found Duplicate,present,MISSING,PROVIDED,PROVIDED
MCH3736,Goyal Thakur,5411,Grocery,Individual,Bengaluru,Karnataka,2023-12-08,,Active,1865.39,Found Duplicate,present,MISSING,PROVIDED,PROVIDED
MCH5378,Biswas Seshadri,5411,Grocery,Sole Proprietorship,Kolkata,West Bengal,2025-11-05,,Active,815.52,Found Duplicate,present,MISSING,PROVIDED,PROVIDED
MCH9856,"Gala, Nadig And Borra",5411,Grocery,Partnership,Lucknow,Uttar Pradesh,2025-10-13,DZVT3507500653540,Unknown,1744.37,Unique,present,ALPHANUMERIC_IBAN,PROVIDED,PROVIDED
MCH3718,"S0M, Barman And Bhavsar",5411,Grocery,Sole Proprietorship,Pune,Maharashtra,,2345441898,Active,312.19,Unique,missing,VALID_NUMERIC,PROVIDED,PROVIDED
MCH6343,Prabhakar Ltd,5411,Grocery,Sole Proprietorship,Ludhiana,Punjab,2025-11-13,,Inactive,8227.32,Found Duplicate,present,MISSING,PROVIDED,PROVIDED
MCH6683,Pai Inc,5411,Grocery,Individual,Chennai,Tamil Nadu,2025-11-29,XSXE7944444672498,Active,808.55,Found Duplicate,present,ALPHANUMERIC_IBAN,PROVIDED,PROVIDED
MCH3439,"Palan, Bora And Puri",5411,Grocery,Private Limited,Ludhiana,Punjab,2024-05-03,AHWJ3061043363701,Unknown,1840.58,Found Duplicate,present,ALPHANUMERIC_IBAN,PROVIDED,PROVIDED
MCH9398,"Soman, Murthy And Mangat",5411,Grocery,Partnership,Bengaluru,Karnataka,2026-02-21,,Active,5429.9,Found Duplicate,present,MISSING,PROVIDED,PROVIDED
MCH7108,Krishnan Group,5411,Grocery,Sole Proprietorship,Delhi,Delhi,2023-05-14,,Active,567.27,Unique,present,MISSING,PROVIDED,PROVIDED
MCH4990,"Ramakrishnan, Dey And Thakkar",5411,Grocery,Private Limited,Mumbai,Maharashtra,,OWGO7691795560125,Unknown,1003.895,Unique,missing,ALPHANUMERIC_IBAN,PROVIDED,MISSING_OR_INVALID
MCH9350,Singh Sane,5411,Grocery,Private Limited,Ludhiana,Punjab,2023-04-13,1346716181,Active,840.43,Unique,present,VALID_NUMERIC,PROVIDED,PROVIDED
MCH5217,Swamy Ltd,5411,Grocery,Private Limited,Kolkata,West Bengal,2023-02-22,5295856120,Unknown,1618.62,Found Duplicate,present,VALID_NUMERIC,PROVIDED,PROVIDED
MCH9826,Rana And Sons,5411,Grocery,Private Limited,Bengaluru,Karnataka,2023-07-07,ZBMZ7199667891551,Active,739.28,Unique,present,ALPHANUMERIC_IBAN,PROVIDED,PROVIDED
MCH2403,Chana Yohannan,5411,Grocery,Partnership,Kolkata,West Bengal,2025-07-28,,Active,574.13,Unique,present,MISSING,PROVIDED,PROVIDED
MCH7729,"Jain, Bail And Rattan",5411,Grocery,Private Limited,Pune,Maharashtra,2023-03-04,,Unknown,2571.4,Found Duplicate,present,MISSING,PROVIDED,PROVIDED
MCH1126,"Nayak, Dhaliwal And Soman",5411,Grocery,Partnership,Jalandhar,Punjab,2026-02-12,,Unknown,564.83,Unique,present,MISSING,PROVIDED,PROVIDED
MCH2902,Samra Kapur,5411,Grocery,Individual,Chennai,Tamil Nadu,2024-04-24,XXXX9404,Active,1003.895,Found Duplicate,present,MASKED,PROVIDED,MISSING_OR_INVALID
MCH1401,Din And Sons,5411,Grocery,Individual,Amritsar,Punjab,2025-07-20,2717124397,Active,286.09,Unique,present,VALID_NUMERIC,PROVIDED,PROVIDED
MCH3490,Sachdev Din,5411,Grocery,Individual,Delhi,Delhi,2023-02-21,VNMY8994386086089,Suspended,570.0,Unique,present,ALPHANUMERIC_IBAN,PROVIDED,PROVIDED
MCH4050,"Arya, Dyal And Aurora",5411,Grocery,Partnership,Kolkata,West Bengal,2026-01-23,,Unknown,980.29,Found Duplicate,present,MISSING,PROVIDED,PROVIDED
MCH4614,"Savant, Sur And Sani",5411,Grocery,Sole Proprietorship,Chennai,Tamil Nadu,2023-05-03,,Inactive,0.1483,Found Duplicate,present,MISSING,PROVIDED,PROVIDED
MCH7639,Comar Plc,5411,Grocery,Private Limited,Delhi,Delhi,2023-11-29,,Active,2058.56,Found Duplicate,present,MISSING,PROVIDED,PROVIDED
MCH2726,Sant Sani,5411,Grocery,Individual,Lucknow,Uttar Pradesh,2024-01-28,,Suspended,2020.62,Found Duplicate,present,MISSING,PROVIDED,PROVIDED
MCH5723,Doctor Llc,5411,Grocery,Private Limited,Kolkata,West Bengal,2023-04-08,XXXX6555,Active,574.8,Unique,present,MASKED,PROVIDED,PROVIDED
MCH4944,"Pillai, Kurian And Sunder",5411,Grocery,Sole Proprietorship,Mumbai,Maharashtra,2023-04-08,XXXX3249,Active,907.45,Unique,present,MASKED,PROVIDED,PROVIDED
MCH8326,"Bassi, Lalla And Sastry",5411,Grocery,Individual,Amritsar,Punjab,2025-12-30,XXXX1031,Active,0.1031,Unique,present,MASKED,PROVIDED,PROVIDED
MCH4956,Kant Setty,5411,Grocery,Sole Proprietorship,Jaipur,Rajasthan,2025-01-22,DOXB7877644685999,Active,6450.59,Unique,present,ALPHANUMERIC_IBAN,PROVIDED,PROVIDED
MCH3966,Nath Dixit,5411,Grocery,Partnership,Pune,Maharashtra,2023-08-21,XXXX2614,Active,1005.47,Unique,present,MASKED,PROVIDED,PROVIDED
MCH7960,Comar Ramesh,5411,Grocery,Sole Proprietorship,Amritsar,Punjab,2023-01-05,XXXX2411,Unknown,1003.895,Unique,present,MASKED,PROVIDED,MISSING_OR_INVALID
MCH5190,"Saini,Ranaandaggarwal",5411,Grocery,Sole Proprietorship,Mumbai,Maharashtra,,4016367368,Active,1844.01,Found Duplicate,missing,VALID_NUMERIC,PROVIDED,PROVIDED
MCH2962,"Bala, Grover And Dutta",5411,Grocery,Partnership,Ludhiana,Punjab,2024-07-12,,Active,0.1134,Found Duplicate,present,MISSING,PROVIDED,PROVIDED
MCH4980,Batra Llc,5411,Grocery,Individual,Pune,Maharashtra,,XXXX6176,Active,2806.42,Found Duplicate,missing,MASKED,PROVIDED,PROVIDED
MCH5547,Raju Group,5411,Grocery,Partnership,Bengaluru,Karnataka,2025-04-15,,Active,915.94,Found Duplicate,present,MISSING,PROVIDED,PROVIDED
MCH8639,"Sodhi, Kala And Ramaswamy",5411,Grocery,Partnership,Pune,Maharashtra,2023-09-18,,Unknown,0.1544,Found Duplicate,present,MISSING,PROVIDED,PROVIDED
MCH5208,Mann Inc,5411,Grocery,Private Limited,Hyderabad,Telangana,2023-10-04,,Suspended,1269.59,Unique,present,MISSING,PROVIDED,PROVIDED
MCH4912,Devi Group,5411,Grocery,Sole Proprietorship,Kolkata,West Bengal,2025-07-07,DTHN1330740328006,Unknown,1738.86,Unique,present,ALPHANUMERIC_IBAN,PROVIDED,PROVIDED
MCH3859,"Mall, Bassi And Seshadri",5411,Grocery,Partnership,Mumbay,Maharashtra,,,Active,0.61,Unique,missing,MISSING,PROVIDED,PROVIDED
MCH6839,Saha Llc,5411,Grocery,Individual,Chennai,Tamil Nadu,2025-07-20,XXXX2777,Active,1531.04,Found Duplicate,present,MASKED,PROVIDED,PROVIDED
MCH2639,Sunder Keer,5411,Grocery,Partnership,Jaipur,Rajasthan,2025-04-19,,Active,853.1,Unique,present,MISSING,PROVIDED,PROVIDED
MCH2392,Shetty And Sons,5411,Grocery,Individual,Amritsar,Punjab,2025-12-18,XXXX1862,Active,655.01,Unique,present,MASKED,PROVIDED,PROVIDED
MCH8537,Mital And Sons,5411,Grocery,Partnership,Jalandhar,Punjab,2023-05-14,XXXX8286,Active,3683.74,Found Duplicate,present,MASKED,PROVIDED,PROVIDED
MCH4124,"Dara, Salvi And Sawhney",5411,Grocery,Sole Proprietorship,Bengaluru,Karnataka,2025-10-12,INFT7849125820167,Active,2121.35,Found Duplicate,present,ALPHANUMERIC_IBAN,PROVIDED,PROVIDED
MCH2516,Ben Varghese,5411,Grocery,Sole Proprietorship,Chennai,Tamil Nadu,2023-04-08,,Suspended,398.68,Unique,present,MISSING,PROVIDED,PROVIDED
MCH7679,Sodhi Dugal,5411,Grocery,Individual,Jalandhar,Punjab,2023-01-23,8562313994,Active,975.38,Found Duplicate,present,VALID_NUMERIC,PROVIDED,PROVIDED
MCH2585,Roy Llc,5411,Grocery,Sole Proprietorship,Jaipur,Rajasthan,2025-10-13,2320667701,Active,2233.97,Unique,present,VALID_NUMERIC,PROVIDED,PROVIDED
MCH4463,"Kant, Varma And Madan",5411,Grocery,Individual,Amritsar,Punjab,2023-01-26,XXXX8058,Inactive,703.89,Found Duplicate,present,MASKED,PROVIDED,PROVIDED
MCH5292,Shankar Dhawan,5411,Grocery,Individual,Delhi,Delhi,,XXXX7847,Active,1003.895,Found Duplicate,missing,MASKED,PROVIDED,MISSING_OR_INVALID
MCH4010,"Barad, Mukherjee And Joshi",5411,Grocery,Sole Proprietorship,Amritsar,Punjab,2024-01-28,,Active,992.35,Unique,present,MISSING,PROVIDED,PROVIDED
MCH5408,"Setty, Mangal And Dhar",5411,Grocery,Individual,Mumbai,Maharashtra,2026-01-31,XXXX4132,Unknown,1231.49,Found Duplicate,present,MASKED,PROVIDED,PROVIDED
MCH8464,"Kapadia, Sarin And Bhargava",5411,Grocery,Sole Proprietorship,Ludhiana,Punjab,2024-07-19,,Active,1536.1,Unique,present,MISSING,PROVIDED,PROVIDED
MCH2767,Banik Biswas,5411,Grocery,Individual,Mumbai,Maharashtra,2024-04-01,,Inactive,4259.84,Found Duplicate,present,MISSING,PROVIDED,PROVIDED
MCH6594,Varkey Bhatti,5411,Grocery,Partnership,Pune,Maharashtra,2025-01-24,7425361686,Unknown,0.1271,Unique,present,VALID_NUMERIC,PROVIDED,PROVIDED
MCH3446,Ganesan Contractor,5411,Grocery,Sole Proprietorship,Lucknow,Uttar Pradesh,2026-01-24,7922786735,Inactive,348.14,Unique,present,VALID_NUMERIC,PROVIDED,PROVIDED
MCH4006,Thakur Narayan,5411,Grocery,Private Limited,Amritsar,Punjab,2024-06-23,0693723278,Inactive,282.17,Found Duplicate,present,VALID_NUMERIC,PROVIDED,PROVIDED
MCH4624,"Loke, Swamy And Mishra",5411,Grocery,Sole Proprietorship,Bengaluru,Karnataka,2023-09-03,,Active,0.228,Found Duplicate,present,MISSING,PROVIDED,PROVIDED
MCH1383,Dubey Group,5411,Grocery,Individual,Hyderabad,Telangana,2023-03-09,JDGO5125225131187,Active,1003.895,Unique,present,ALPHANUMERIC_IBAN,PROVIDED,MISSING_OR_INVALID
MCH4599,Majumdar Choudhary,5411,Grocery,Private Limited,Mumbai,Maharashtra,2023-05-03,5607530943,Inactive,1341.81,Unique,present,VALID_NUMERIC,PROVIDED,PROVIDED
MCH9136,Mody Ltd,5411,Grocery,Individual,Chennai,Tamil Nadu,2024-07-10,MHEB9502738400073,Active,1976.5,Unique,present,ALPHANUMERIC_IBAN,PROVIDED,PROVIDED
MCH7298,"Sangha, Sangha And Kulkarni",5411,Grocery,Individual,Delhi,Delhi,2024-01-28,VEZZ6158628097451,Active,1661.92,Unique,present,ALPHANUMERIC_IBAN,PROVIDED,PROVIDED
MCH7111,Kohli Zachariah,5411,Grocery,Partnership,Ludhiana,Punjab,2025-04-08,XXXX9398,Unknown,585.6,Unique,present,MASKED,PROVIDED,PROVIDED
MCH9635,Parekh Mammen,5411,Grocery,Private Limited,Pune,Maharashtra,2025-05-07,,Active,1533.7,Found Duplicate,present,MISSING,PROVIDED,PROVIDED
MCH2094,Ratti Ltd,5411,Grocery,Sole Proprietorship,Bengaluru,Karnataka,,2357394958,Unknown,4897.48,Unique,missing,VALID_NUMERIC,PROVIDED,PROVIDED
MCH7206,Srivastava And Sons,5411,Grocery,Private Limited,Lucknow,Uttar Pradesh,2025-08-18,1550287427,Active,1434.41,Unique,present,VALID_NUMERIC,PROVIDED,PROVIDED
MCH3567,"Ahuja, Mody And Radhakrishnan",5411,Grocery,Sole Proprietorship,Lucknow,Uttar Pradesh,2023-09-24,,Unknown,1060.67,Found Duplicate,present,MISSING,PROVIDED,PROVIDED
MCH8504,Kohli Plc,5411,Grocery,Sole Proprietorship,Chennai,Tamil Nadu,2025-05-05,5858195769,Active,977.26,Found Duplicate,present,VALID_NUMERIC,PROVIDED,PROVIDED
MCH3452,"Tandon, Oza And Sharma",5411,Grocery,Sole Proprietorship,Pune,Maharashtra,2025-04-08,,Inactive,186.45,Unique,present,MISSING,PROVIDED,PROVIDED
MCH8968,"Mukherjee,Moraranddesai",5411,Grocery,Individual,Amritsar,Punjab,2023-09-04,,Active,8122.94,Found Duplicate,present,MISSING,PROVIDED,PROVIDED
MCH3787,"Boase, Mand And Khatri",5411,Grocery,Partnership,Pune,Maharashtra,2025-03-21,4292433603,Active,1436.68,Found Duplicate,present,VALID_NUMERIC,PROVIDED,PROVIDED
MCH9165,"Iyengar, Raja And Bhasin",5411,Grocery,Private Limited,Lucknow,Uttar Pradesh,2024-03-01,XXXX0194,Active,1898.13,Found Duplicate,present,MASKED,PROVIDED,PROVIDED
MCH2726,"Shukla, Trivedi And Balan",5411,Grocery,Private Limited,Amritsar,Punjab,2023-04-04,DPXX2201328447445,Active,7491.26,Found Duplicate,present,ALPHANUMERIC_IBAN,PROVIDED,PROVIDED
MCH7932,Kaur De,5411,Grocery,Sole Proprietorship,Delhi,Delhi,2024-06-20,EEPU7483825861961,Active,0.883,Found Duplicate,present,ALPHANUMERIC_IBAN,PROVIDED,PROVIDED
MCH8910,Hayer Mandal,5411,Grocery,Sole Proprietorship,Ludhiana,Punjab,,XXXX1730,Active,597.8,Found Duplicate,missing,MASKED,PROVIDED,PROVIDED
MCH2623,"Oak, Nadig And Doshi",5411,Grocery,Sole Proprietorship,Jalandhar,Punjab,2025-03-18,SGLM9352062021997,Active,1380.47,Found Duplicate,present,ALPHANUMERIC_IBAN,PROVIDED,PROVIDED
MCH8296,Gara Inc,5411,Grocery,Partnership,Jalandhar,Punjab,2025-07-16,MFEL4687001236835,Unknown,1003.895,Found Duplicate,present,ALPHANUMERIC_IBAN,PROVIDED,MISSING_OR_INVALID
MCH8018,Lad Plc,5411,Grocery,Private Limited,Kolkata,West Bengal,2025-03-27,XXXX3019,Active,655.7,Unique,present,MASKED,PROVIDED,PROVIDED
MCH4776,Bobal Dutta,5411,Grocery,Individual,Hyderabad,Telangana,2026-02-26,1427903652,Active,831.82,Found Duplicate,present,VALID_NUMERIC,PROVIDED,PROVIDED
MCH2839,"Brar, Varughese And Cherian",5411,Grocery,Partnership,Pune,Maharashtra,2025-04-21,,Unknown,614.31,Unique,present,MISSING,PROVIDED,PROVIDED
MCH2917,Edwin Ahuja,5411,Grocery,Sole Proprietorship,Jalandhar,Punjab,2023-06-08,8964022658,Inactive,0.49,Found Duplicate,present,VALID_NUMERIC,PROVIDED,PROVIDED
MCH9418,"Bora, Venkatesh And Loke",5411,Grocery,Individual,Bengaluru,Karnataka,2024-05-22,ZTOW0641939254087,Suspended,1520.21,Found Duplicate,present,ALPHANUMERIC_IBAN,PROVIDED,PROVIDED
MCH7353,Gh0Se Llc,5411,Grocery,Private Limited,Pune,Maharashtra,2025-01-11,,Suspended,1477.74,Found Duplicate,present,MISSING,PROVIDED,PROVIDED
MCH7972,Lata Inc,5411,Grocery,Partnership,Bengaluru,Karnataka,2024-12-16,6873256015,Active,401.1,Unique,present,VALID_NUMERIC,PROVIDED,PROVIDED
MCH3656,"Sani, Rajagopalan And Sachar",5411,Grocery,Individual,Chennai,Tamil Nadu,2024-11-26,EFFS9159320721097,Active,901.19,Found Duplicate,present,ALPHANUMERIC_IBAN,PROVIDED,PROVIDED
MCH6806,Badal Bhasin,5411,Grocery,Individual,Hyderabad,Telangana,2025-12-05,,Unknown,23208.4,Found Duplicate,present,MISSING,PROVIDED,PROVIDED
MCH9814,Sekhon Luthra,5411,Grocery,Individual,Hyderabad,Telangana,2023-06-12,,Active,2338.35,Unique,present,MISSING,PROVIDED,PROVIDED
MCH1174,Mander Kari,5411,Grocery,Partnership,Jalandhar,Punjab,2023-01-05,,Active,1013.97,Unique,present,MISSING,PROVIDED,PROVIDED
MCH3167,"Grewal, Biswas And Naidu",5411,Grocery,Sole Proprietorship,Jaipur,Rajasthan,2024-02-19,,Active,2704.22,Unique,present,MISSING,PROVIDED,PROVIDED
MCH5881,"Bandi, Krishnamurthy And Saran",5411,Grocery,Partnership,Amritsar,Punjab,2025-12-13,XXXX6576,Active,345.76,Found Duplicate,present,MASKED,PROVIDED,PROVIDED
MCH9813,"Padmanabhan,Brahmbhattandtrivedi",5411,Grocery,Private Limited,Ludhiana,Punjab,2025-01-27,XXXX5772,Active,2491.37,Found Duplicate,present,MASKED,PROVIDED,PROVIDED
MCH1786,"Ganguly, Mammen And Babu",5411,Grocery,Sole Proprietorship,Pune,Maharashtra,2025-05-22,YNDF5378176701295,Active,0.1212,Found Duplicate,present,ALPHANUMERIC_IBAN,PROVIDED,PROVIDED
MCH9503,"Lanka, Bhasin And Srinivas",5411,Grocery,Partnership,Kolkata,West Bengal,2024-10-29,,Active,1065.1,Found Duplicate,present,MISSING,PROVIDED,PROVIDED
MCH7709,Kala Llc,5411,Grocery,Partnership,Jalandhar,Punjab,2023-06-21,,Active,1003.895,Found Duplicate,present,MISSING,PROVIDED,MISSING_OR_INVALID
MCH4490,"Doshi, Raj And Bumb",5411,Grocery,Partnership,Ludhiana,Punjab,2025-07-28,XXXX2409,Active,748.4,Found Duplicate,present,MASKED,PROVIDED,PROVIDED
MCH3031,Morar And Sons,5411,Grocery,Individual,Pune,Maharashtra,2025-04-23,,Active,4053.43,Unique,present,MISSING,PROVIDED,PROVIDED
MCH6023,Datta Plc,5411,Grocery,Partnership,Ludhiana,Punjab,2026-01-27,6184043041,Active,2183.74,Unique,present,VALID_NUMERIC,PROVIDED,PROVIDED
MCH3659,Tandon Plc,5411,Grocery,Individual,Lucknow,Uttar Pradesh,2024-01-30,,Suspended,1421.27,Found Duplicate,present,MISSING,PROVIDED,PROVIDED
MCH5251,Sehgal Yadav,5411,Grocery,Sole Proprietorship,Bengaluru,Karnataka,2024-11-18,XUHW6533831586352,Active,625.43,Found Duplicate,present,ALPHANUMERIC_IBAN,PROVIDED,PROVIDED
MCH7145,Ratti And Sons,5411,Grocery,Sole Proprietorship,Pune,Maharashtra,2025-01-07,9050093816,Active,1161.56,Unique,present,VALID_NUMERIC,PROVIDED,PROVIDED
MCH3442,"Thaman, Tata And Divan",5411,Grocery,Sole Proprietorship,Jalandhar,Punjab,2024-01-07,5904029606,Suspended,0.486,Found Duplicate,present,VALID_NUMERIC,PROVIDED,PROVIDED
MCH6904,"Dora, Buch And Dara",5411,Grocery,Individual,Lucknow,Uttar Pradesh,2026-01-27,3574033912,Unknown,1003.895,Found Duplicate,present,VALID_NUMERIC,PROVIDED,MISSING_OR_INVALID
MCH3075,Setty Ltd,5411,Grocery,Private Limited,Mumbay,Maharashtra,,,Active,1370.51,Found Duplicate,missing,MISSING,PROVIDED,PROVIDED
MCH6593,"Thakur, V0Hra And Kar",5411,Grocery,Private Limited,Hyderabad,Telangana,2025-05-26,,Active,0.5861,Found Duplicate,present,MISSING,PROVIDED,PROVIDED
MCH1775,Karnik Inc,5411,Grocery,Private Limited,Lucknow,Uttar Pradesh,2023-04-13,MCRQ9864671908344,Active,0.313,Unique,present,ALPHANUMERIC_IBAN,PROVIDED,PROVIDED
MCH5020,Sarna Sarraf,5411,Grocery,Individual,Lucknow,Uttar Pradesh,2023-02-27,,Active,3351.89,Unique,present,MISSING,PROVIDED,PROVIDED
MCH1128,Srinivasan Group,5411,Grocery,Private Limited,Chennai,Tamil Nadu,2024-04-19,,Unknown,749.84,Found Duplicate,present,MISSING,PROVIDED,PROVIDED
MCH5093,Khatri Kata,5411,Grocery,Partnership,Jaipur,Rajasthan,2024-10-28,,Inactive,1344.37,Unique,present,MISSING,PROVIDED,PROVIDED
MCH1366,"Shah, Roy And Srinivasan",5411,Grocery,Sole Proprietorship,Kolkata,West Bengal,2023-08-03,5320028837,Active,935.11,Unique,present,VALID_NUMERIC,PROVIDED,PROVIDED
MCH4733,Sankar Inc,5411,Grocery,Sole Proprietorship,Jaipur,Rajasthan,2023-01-25,XXXX7201,Active,1176.53,Unique,present,MASKED,PROVIDED,PROVIDED
MCH5100,Garde Mody,5411,Grocery,Sole Proprietorship,Hyderabad,Telangana,2023-12-02,HBWM0411273165352,Active,347.68,Found Duplicate,present,ALPHANUMERIC_IBAN,PROVIDED,PROVIDED
MCH5023,Rastogi Ltd,5411,Grocery,Individual,Ludhiana,Punjab,2024-09-22,6206604276,Active,532.62,Found Duplicate,present,VALID_NUMERIC,PROVIDED,PROVIDED
MCH3251,Balan Kunda,5411,Grocery,Individual,Ludhiana,Punjab,2024-12-14,,Active,3266.06,Unique,present,MISSING,PROVIDED,PROVIDED
MCH3040,"Dhar, Kunda And Desai",5411,Grocery,Partnership,Jaipur,Rajasthan,2025-03-05,,Active,0.267,Unique,present,MISSING,PROVIDED,PROVIDED
MCH1836,"Nazareth, Bahl And Manda",5411,Grocery,Private Limited,Hyderabad,Telangana,2023-11-15,IUQT6934618863943,Active,1003.895,Unique,present,ALPHANUMERIC_IBAN,PROVIDED,MISSING_OR_INVALID
MCH5442,"Ray, Bajaj And Shetty",5411,Grocery,Individual,Pune,Maharashtra,2024-01-11,9826997670,Active,448.9,Found Duplicate,present,VALID_NUMERIC,PROVIDED,PROVIDED
MCH6391,"Saxena, Sarma And Menon",5411,Grocery,Individual,Hyderabad,Telangana,2023-05-31,,Active,0.337,Found Duplicate,present,MISSING,PROVIDED,PROVIDED
MCH5204,Gokhale Ltd,5411,Grocery,Sole Proprietorship,Hyderabad,Telangana,,IWXN3869048789492,Active,955.33,Found Duplicate,missing,ALPHANUMERIC_IBAN,PROVIDED,PROVIDED
MCH4456,Krish Panchal,5411,Grocery,Individual,Lucknow,Uttar Pradesh,2024-11-05,,Active,1642.08,Unique,present,MISSING,PROVIDED,PROVIDED
MCH4261,"Kar, Krishnan And Nadig",5411,Grocery,Partnership,Mumbai,Maharashtra,2024-10-07,,Active,1395.9,Found Duplicate,present,MISSING,PROVIDED,PROVIDED
MCH1852,Prabhu Group,5411,Grocery,Individual,Mumbai,Maharashtra,2024-03-31,8479119924,Unknown,786.71,Unique,present,VALID_NUMERIC,PROVIDED,PROVIDED
MCH9397,Ramaswamy Goel,5411,Grocery,Private Limited,Jalandhar,Punjab,2025-12-20,3711511693,Active,0.1519,Unique,present,VALID_NUMERIC,PROVIDED,PROVIDED
MCH8125,"Nadig, Arora And Raj",5411,Grocery,Private Limited,Ludhiana,Punjab,2023-03-13,RTPE2593701073993,Suspended,1340.53,Found Duplicate,present,ALPHANUMERIC_IBAN,PROVIDED,PROVIDED
MCH9617,Ranganathan Ha1Der,5411,Grocery,Private Limited,Chennai,Tamil Nadu,2024-08-12,6857352456,Active,904.23,Unique,present,VALID_NUMERIC,PROVIDED,PROVIDED
MCH2473,"Gill, Deol And Deep",5411,Grocery,Private Limited,Lucknow,Uttar Pradesh,2024-07-09,YWZO7271967683864,Active,1433.28,Found Duplicate,present,ALPHANUMERIC_IBAN,PROVIDED,PROVIDED
MCH1161,"Kuruvilla, Pall And Ravel",5411,Grocery,Private Limited,Jalandhar,Punjab,2023-12-29,,Active,549.82,Unique,present,MISSING,PROVIDED,PROVIDED
MCH2786,Cheema And Sons,5411,Grocery,Sole Proprietorship,Bengaluru,Karnataka,2024-10-11,,Inactive,5082.9,Found Duplicate,present,MISSING,PROVIDED,PROVIDED
MCH7010,Kuruvilla Shanker,5411,Grocery,Sole Proprietorship,Delhi,Delhi,2023-07-22,,Suspended,524.4,Unique,present,MISSING,PROVIDED,PROVIDED
MCH3616,Trivedi Ramachandran,5411,Grocery,Partnership,Jalandhar,Punjab,2025-07-02,XXXX1853,Inactive,181.96,Found Duplicate,present,MASKED,PROVIDED,PROVIDED
MCH8453,"Jaggi, Saxena And Ratta",5411,Grocery,Partnership,Amritsar,Punjab,2023-11-19,,Active,599.17,Found Duplicate,present,MISSING,PROVIDED,PROVIDED
MCH4421,"Dua, Lad And Bassi",5411,Grocery,Sole Proprietorship,Amritsar,Punjab,2024-06-21,,Active,1610.18,Found Duplicate,present,MISSING,PROVIDED,PROVIDED
MCH4821,"Kade, Dhawan And Kadakia",5411,Grocery,Private Limited,Mumbai,Maharashtra,2024-03-14,,Active,0.2277,Unique,present,MISSING,PROVIDED,PROVIDED
MCH8537,Mital And Sons,5411,Grocery,Partnership,Jalandhar,Punjab,2023-05-14,XXXX8286,Active,3683.74,Found Duplicate,present,MASKED,PROVIDED,PROVIDED
MCH9593,"Vora, Natt And Butala",5411,Grocery,Sole Proprietorship,Ludhiana,Punjab,2023-03-06,XXXX8685,Active,2670.56,Found Duplicate,present,MASKED,PROVIDED,PROVIDED
MCH4936,"Bhalla, Gour And Khare",5411,Grocery,Individual,Jalandhar,Punjab,2025-10-14,0586737361,Active,739.83,Found Duplicate,present,VALID_NUMERIC,PROVIDED,PROVIDED
MCH1960,Bail Chand,5411,Grocery,Partnership,Hyderabad,Telangana,2024-08-26,XXXX7716,Active,0.613,Unique,present,MASKED,PROVIDED,PROVIDED
MCH6313,Ramanathan Plc,5411,Grocery,Sole Proprietorship,Mumbai,Maharashtra,,THOM0066375833437,Active,3430.73,Unique,missing,ALPHANUMERIC_IBAN,PROVIDED,PROVIDED
MCH3481,"Raja, Brar And Nagar",5411,Grocery,Private Limited,Delhi,Delhi,2023-03-13,XXXX8620,Active,1791.83,Unique,present,MASKED,PROVIDED,PROVIDED
MCH3379,Sura Inc,5411,Grocery,Sole Proprietorship,Chennai,Tamil Nadu,2023-11-28,,Unknown,851.53,Unique,present,MISSING,PROVIDED,PROVIDED
MCH4864,Date Ltd,5411,Grocery,Private Limited,Bengaluru,Karnataka,2023-06-12,XXXX6587,Active,4042.64,Unique,present,MASKED,PROVIDED,PROVIDED
MCH9126,Anne Chahal,5411,Grocery,Partnership,Hyderabad,Telangana,2023-03-05,,Unknown,1003.895,Unique,present,MISSING,PROVIDED,MISSING_OR_INVALID
MCH6877,Nadkarni And Sons,5411,Grocery,Individual,Ludhiana,Punjab,2025-10-12,,Active,0.1757,Found Duplicate,present,MISSING,PROVIDED,PROVIDED
MCH3642,Prabhu Pai,5411,Grocery,Sole Proprietorship,Kolkata,West Bengal,2025-11-24,,Active,3223.63,Unique,present,MISSING,PROVIDED,PROVIDED
MCH7885,Vaidya Bhatt,5411,Grocery,Sole Proprietorship,Lucknow,Uttar Pradesh,2025-08-25,,Active,648.72,Found Duplicate,present,MISSING,PROVIDED,PROVIDED
MCH7280,"Sathe, Shan And Oommen",5411,Grocery,Individual,Ludhiana,Punjab,2025-10-21,XXXX0221,Active,466.99,Found Duplicate,present,MASKED,PROVIDED,PROVIDED
MCH2712,"Rai, Ghose And Wadhwa",5411,Grocery,Private Limited,Amritsar,Punjab,2023-09-30,XXXX9691,Active,2957.32,Unique,present,MASKED,PROVIDED,PROVIDED
MCH5451,Divan Llc,5411,Grocery,Partnership,Jaipur,Rajasthan,2025-05-14,,Active,2492.35,Unique,present,MISSING,PROVIDED,PROVIDED
MCH8504,Gala Bath,5411,Grocery,Private Limited,Bengaluru,Karnataka,2023-05-24,HUGZ7718103709815,Active,0.422,Found Duplicate,present,ALPHANUMERIC_IBAN,PROVIDED,PROVIDED
MCH8545,Taneja And Sons,5411,Grocery,Private Limited,Jaipur,Rajasthan,2025-07-06,,Active,0.1926,Unique,present,MISSING,PROVIDED,PROVIDED
MCH9353,"Baral, Raj And Mishra",5411,Grocery,Partnership,Bengaluru,Karnataka,2025-03-19,1787550452,Unknown,1003.895,Found Duplicate,present,VALID_NUMERIC,PROVIDED,MISSING_OR_INVALID
MCH4503,Acharya Llc,5411,Grocery,Private Limited,Delhi,Delhi,2024-09-12,,Active,241.19,Found Duplicate,present,MISSING,PROVIDED,PROVIDED
MCH6984,Wadhwa Llc,5411,Grocery,Individual,Pune,Maharashtra,2025-01-23,3976512741,Active,542.76,Unique,present,VALID_NUMERIC,PROVIDED,PROVIDED
MCH5148,"Bose, Ranganathan And Bose",5411,Grocery,Individual,Amritsar,Punjab,2024-10-20,,Active,1003.895,Unique,present,MISSING,PROVIDED,MISSING_OR_INVALID
MCH8735,Ha1Der Mane,5411,Grocery,Partnership,Pune,Maharashtra,2023-04-12,PJBJ0308854019653,Active,0.7303,Found Duplicate,present,ALPHANUMERIC_IBAN,PROVIDED,PROVIDED
MCH8972,Vig Inc,5411,Grocery,Partnership,Kolkata,West Bengal,2024-08-17,,Active,835.08,Unique,present,MISSING,PROVIDED,PROVIDED
MCH3439,"Palan, Bora And Puri",5411,Grocery,Private Limited,Ludhiana,Punjab,2024-05-03,AHWJ3061043363701,Unknown,1840.58,Found Duplicate,present,ALPHANUMERIC_IBAN,PROVIDED,PROVIDED
MCH2776,"Mittal, Shah And Kade",5411,Grocery,Private Limited,Mumbai,Maharashtra,2023-01-27,EGXV9123448025042,Unknown,10044.9,Found Duplicate,present,ALPHANUMERIC_IBAN,PROVIDED,PROVIDED
MCH2217,"Rai, Bala And Shenoy",5411,Grocery,Individual,Mumbay,Maharashtra,2023-08-15,2506258510,Active,728.77,Unique,present,VALID_NUMERIC,PROVIDED,PROVIDED
MCH3953,"Ray, Minhas And Yohannan",5411,Grocery,Sole Proprietorship,Kolkata,West Bengal,2023-03-18,XXXX6303,Unknown,8126.93,Unique,present,MASKED,PROVIDED,PROVIDED
MCH4716,Goda Agate,5411,Grocery,Sole Proprietorship,Delhi,Delhi,2026-01-07,5226052062,Active,1438.61,Found Duplicate,present,VALID_NUMERIC,PROVIDED,PROVIDED
MCH4739,Karpe Doshi,5411,Grocery,Individual,Lucknow,Uttar Pradesh,2023-10-20,DQQT0527144866471,Active,1100.69,Found Duplicate,present,ALPHANUMERIC_IBAN,PROVIDED,PROVIDED
MCH3806,Parmerllc,5411,Grocery,Sole Proprietorship,Jaipur,Rajasthan,2024-11-04,6810844450,Active,0.1939,Found Duplicate,present,VALID_NUMERIC,PROVIDED,PROVIDED
MCH9129,"Sinha, Chauhan And Sathe",5411,Grocery,Partnership,Kolkata,West Bengal,2025-07-06,VXNZ5598805748177,Active,914.12,Unique,present,ALPHANUMERIC_IBAN,PROVIDED,PROVIDED
MCH5056,Subramaniam Plc,5411,Grocery,Partnership,Bengaluru,Karnataka,,WHRV5412713701234,Suspended,473.92,Unique,missing,ALPHANUMERIC_IBAN,PROVIDED,PROVIDED
MCH7311,Dhar Plc,5411,Grocery,Private Limited,Mumbai,Maharashtra,,,Active,148.28,Found Duplicate,missing,MISSING,PROVIDED,PROVIDED
MCH4900,Karpe Plc,5411,Grocery,Sole Proprietorship,Jalandhar,Punjab,2025-02-04,,Active,2695.78,Found Duplicate,present,MISSING,PROVIDED,PROVIDED
MCH5108,Bora Llc,5411,Grocery,Private Limited,Jalandhar,Punjab,2025-03-16,DLNH5334244521006,Unknown,1003.895,Found Duplicate,present,ALPHANUMERIC_IBAN,PROVIDED,MISSING_OR_INVALID
MCH2912,"Singhal, Iyengar And Balasubramanian",5411,Grocery,Sole Proprietorship,Lucknow,Uttar Pradesh,2023-03-08,MPVF3803985979560,Inactive,4518.86,Found Duplicate,present,ALPHANUMERIC_IBAN,PROVIDED,PROVIDED
MCH8563,"Sen, Saxena And Chopra",5411,Grocery,Sole Proprietorship,Pune,Maharashtra,2025-12-18,XXXX7720,Active,1384.68,Found Duplicate,present,MASKED,PROVIDED,PROVIDED
MCH7621,Iyer Mangal,5411,Grocery,Sole Proprietorship,Jalandhar,Punjab,2023-09-14,9620926226,Active,1096.69,Found Duplicate,present,VALID_NUMERIC,PROVIDED,PROVIDED
MCH7595,Subramaniam Balasubramanian,5411,Grocery,Individual,Ludhiana,Punjab,2026-01-07,4323936215,Unknown,3392.31,Unique,present,VALID_NUMERIC,PROVIDED,PROVIDED
MCH9320,Char Inc,5411,Grocery,Private Limited,Hyderabad,Telangana,2025-11-22,OFHR1997447322569,Unknown,0.695,Unique,present,ALPHANUMERIC_IBAN,PROVIDED,PROVIDED
MCH1389,Munshi Behl,5411,Grocery,Individual,Pune,Maharashtra,2023-06-17,,Unknown,0.3913,Unique,present,MISSING,PROVIDED,PROVIDED
MCH3788,Kuruvilla Ltd,5411,Grocery,Sole Proprietorship,Hyderabad,Telangana,2024-10-03,,Active,4329.09,Found Duplicate,present,MISSING,PROVIDED,PROVIDED
MCH8832,"Korpal, Dugar And Grover",5411,Grocery,Individual,Ludhiana,Punjab,2025-10-27,XXXX3528,Active,2140.7,Found Duplicate,present,MASKED,PROVIDED,PROVIDED
MCH8126,Bassi Hari,5411,Grocery,Individual,Jalandhar,Punjab,2024-12-31,4590614037,Active,0.502,Found Duplicate,present,VALID_NUMERIC,PROVIDED,PROVIDED
MCH3853,Bhat Dutt,5411,Grocery,Sole Proprietorship,Hyderabad,Telangana,2023-03-05,,Active,1003.895,Unique,present,MISSING,PROVIDED,MISSING_OR_INVALID
MCH6650,Reddy Llc,5411,Grocery,Sole Proprietorship,Pune,Maharashtra,2024-02-28,XXXX5775,Active,3251.25,Found Duplicate,present,MASKED,PROVIDED,PROVIDED
MCH9728,"Dass, Sengupta And Halder",5411,Grocery,Sole Proprietorship,Chennai,Tamil Nadu,2024-10-29,,Unknown,6287.55,Unique,present,MISSING,PROVIDED,PROVIDED
MCH4818,Trivedi Randhawa,5411,Grocery,Partnership,Bengaluru,Karnataka,,XXXX9024,Active,1275.92,Found Duplicate,missing,MASKED,PROVIDED,PROVIDED
MCH6061,Anand Savant,5411,Grocery,Sole Proprietorship,Amritsar,Punjab,2026-02-08,,Active,625.71,Found Duplicate,present,MISSING,PROVIDED,PROVIDED
MCH1773,Prakash Malhotra,5411,Grocery,Individual,Jalandhar,Punjab,,XEKJ5137440988369,Active,1551.73,Unique,missing,ALPHANUMERIC_IBAN,PROVIDED,PROVIDED
MCH8086,Kala Llc,5411,Grocery,Partnership,Jalandhar,Punjab,2024-12-29,XXXX1156,Active,1335.85,Found Duplicate,present,MASKED,PROVIDED,PROVIDED
MCH8467,"Tara, Nagi And Keer",5411,Grocery,Sole Proprietorship,Chennai,Tamil Nadu,2024-08-06,YVFX0584692360896,Inactive,3292.09,Found Duplicate,present,ALPHANUMERIC_IBAN,PROVIDED,PROVIDED
MCH1297,Luthra And Sons,5411,Grocery,Private Limited,Delhi,Delhi,2023-06-12,5942366474,Active,381.86,Unique,present,VALID_NUMERIC,PROVIDED,PROVIDED
MCH5528,"Bhagat, Sathe And Iyengar",5411,Grocery,Sole Proprietorship,Pune,Maharashtra,2026-02-13,,Active,668.43,Unique,present,MISSING,PROVIDED,PROVIDED
MCH1180,Sangha And Sons,5411,Grocery,Individual,Hyderabad,Telangana,2023-11-03,VUOK6265318074983,Active,993.08,Unique,present,ALPHANUMERIC_IBAN,PROVIDED,PROVIDED
MCH5402,"Mandal, Chada And Deshpande",5411,Grocery,Sole Proprietorship,Delhi,Delhi,2025-08-11,,Suspended,503.34,Unique,present,MISSING,PROVIDED,PROVIDED
MCH4097,"Kala, Khatri And D’Alia",5411,Grocery,Private Limited,Ludhiana,Punjab,2024-05-17,EPRC2590629110289,Inactive,1958.39,Found Duplicate,present,ALPHANUMERIC_IBAN,PROVIDED,PROVIDED
MCH2568,"Dhaliwal, Bhat And Sarin",5411,Grocery,Partnership,Mumbai,Maharashtra,2023-04-28,3925852137,Active,0.803,Unique,present,VALID_NUMERIC,PROVIDED,PROVIDED
MCH9140,Dugar Uppal,5411,Grocery,Partnership,Jaipur,Rajasthan,2024-12-06,,Unknown,1470.42,Found Duplicate,present,MISSING,PROVIDED,PROVIDED
MCH8896,Savant Plc,5411,Grocery,Individual,Ludhiana,Punjab,2023-08-20,UQGT6646060473971,Active,2636.98,Found Duplicate,present,ALPHANUMERIC_IBAN,PROVIDED,PROVIDED
MCH5343,Sangha Pillay,5411,Grocery,Individual,Lucknow,Uttar Pradesh,,4912596257,Inactive,1724.67,Unique,missing,VALID_NUMERIC,PROVIDED,PROVIDED
MCH9193,Shroff Inc,5411,Grocery,Sole Proprietorship,Jalandhar,Punjab,2023-02-10,,Active,804.73,Found Duplicate,present,MISSING,PROVIDED,PROVIDED
MCH9718,Mammen And Sons,5411,Grocery,Sole Proprietorship,Jalandhar,Punjab,2023-06-20,3331553891,Active,678.94,Found Duplicate,present,VALID_NUMERIC,PROVIDED,PROVIDED
MCH8619,Salvi Nazareth,5411,Grocery,Sole Proprietorship,Delhi,Delhi,2024-07-25,,Active,860.21,Found Duplicate,present,MISSING,PROVIDED,PROVIDED
MCH6670,Sawhney Inc,5411,Grocery,Individual,Bengaluru,Karnataka,2026-01-17,XXXX5717,Active,2332.15,Unique,present,MASKED,PROVIDED,PROVIDED
MCH7233,Kamdar Bhakta,5411,Grocery,Private Limited,Kolkata,West Bengal,2024-03-08,,Active,1003.895,Found Duplicate,present,MISSING,PROVIDED,MISSING_OR_INVALID
MCH8262,Sanghvi Ltd,5411,Grocery,Sole Proprietorship,Bengaluru,Karnataka,2024-06-10,,Unknown,0.4676,Unique,present,MISSING,PROVIDED,PROVIDED
MCH7548,Kalla Llc,5411,Grocery,Individual,Bengaluru,Karnataka,2024-05-26,JVRD8475866858020,Active,3106.71,Found Duplicate,present,ALPHANUMERIC_IBAN,PROVIDED,PROVIDED
MCH8654,Bhavsar Subramanian,5411,Grocery,Individual,Mumbai,Maharashtra,2025-12-15,,Active,714.58,Found Duplicate,present,MISSING,PROVIDED,PROVIDED
MCH3231,Gokhale Group,5411,Grocery,Individual,Jalandhar,Punjab,,,Active,0.205,Unique,missing,MISSING,PROVIDED,PROVIDED
MCH6296,"Goyal, Vora And Loke",5411,Grocery,Private Limited,Lucknow,Uttar Pradesh,,,Active,0.538,Unique,missing,MISSING,PROVIDED,PROVIDED
MCH9316,Bandi Ltd,5411,Grocery,Sole Proprietorship,Ludhiana,Punjab,2025-08-21,9331997992,Unknown,1198.18,Unique,present,VALID_NUMERIC,PROVIDED,PROVIDED
MCH2830,"Joshi,Chaudhariandtoor",5411,Grocery,Individual,Bengaluru,Karnataka,2023-04-15,,Active,0.756,Unique,present,MISSING,PROVIDED,PROVIDED
MCH8328,Raman Dass,5411,Grocery,Partnership,Jalandhar,Punjab,2024-09-29,,Active,2484.83,Unique,present,MISSING,PROVIDED,PROVIDED
MCH2696,"Dave, Chaudhari And Bhatti",5411,Grocery,Individual,Delhi,Delhi,2024-11-25,XXXX0248,Active,9658.06,Found Duplicate,present,MASKED,PROVIDED,PROVIDED
MCH7302,Murthy And Sons,5411,Grocery,Partnership,Bengaluru,Karnataka,2025-01-23,,Active,3381.11,Unique,present,MISSING,PROVIDED,PROVIDED
MCH6986,"Joshi, Chacko And Sawhney",5411,Grocery,Individual,Mumbai,Maharashtra,2025-11-05,3156013270,Active,606.88,Found Duplicate,present,VALID_NUMERIC,PROVIDED,PROVIDED
MCH5652,"Borde, Bhasin And Dua",5411,Grocery,Individual,Mumbai,Maharashtra,2023-12-10,XXXX7597,Active,669.05,Unique,present,MASKED,PROVIDED,PROVIDED
MCH5114,Lal Group,5411,Grocery,Private Limited,Bengaluru,Karnataka,2024-06-23,XXXX3035,Active,1143.5,Found Duplicate,present,MASKED,PROVIDED,PROVIDED
MCH5391,Nagi Pandya,5411,Grocery,Partnership,Kolkata,West Bengal,2025-12-24,,Suspended,0.1471,Unique,present,MISSING,PROVIDED,PROVIDED
MCH5531,"Dhingra, Sangha And Sidhu",5411,Grocery,Partnership,Mumbay,Maharashtra,2025-04-25,0878189587,Inactive,414.79,Unique,present,VALID_NUMERIC,PROVIDED,PROVIDED
MCH8431,"Bail, Sura And Misra",5411,Grocery,Partnership,Lucknow,Uttar Pradesh,2023-02-24,BOES1880983766713,Active,6861.27,Found Duplicate,present,ALPHANUMERIC_IBAN,PROVIDED,PROVIDED
MCH5245,Aggarwal Inc,5411,Grocery,Sole Proprietorship,Kolkata,West Bengal,2024-07-15,,Unknown,1003.895,Found Duplicate,present,MISSING,PROVIDED,MISSING_OR_INVALID
MCH1077,Taneja Nagar,5411,Grocery,Individual,Amritsar,Punjab,2026-02-27,QQWI6101172213624,Active,358.21,Found Duplicate,present,ALPHANUMERIC_IBAN,PROVIDED,PROVIDED
MCH1842,Bedi Vohra,5411,Grocery,Private Limited,Lucknow,Uttar Pradesh,,XXXX6666,Active,1241.96,Found Duplicate,missing,MASKED,PROVIDED,PROVIDED
MCH5618,Mital Sandhu,5411,Grocery,Partnership,Pune,Maharashtra,,4978324715,Active,0.862,Found Duplicate,missing,VALID_NUMERIC,PROVIDED,PROVIDED
MCH8850,"Sachdev, Nayar And Arora",5411,Grocery,Partnership,Ludhiana,Punjab,2025-04-07,,Suspended,1003.895,Unique,present,MISSING,PROVIDED,MISSING_OR_INVALID
MCH8024,Banik Plc,5411,Grocery,Individual,Jalandhar,Punjab,2026-02-02,OAOZ8994715452448,Active,1100.96,Found Duplicate,present,ALPHANUMERIC_IBAN,PROVIDED,PROVIDED
MCH7094,Narasimhan And Sons,5411,Grocery,Partnership,Lucknow,Uttar Pradesh,2023-03-04,5172263250,Unknown,522.74,Found Duplicate,present,VALID_NUMERIC,PROVIDED,PROVIDED
MCH4637,Mitter Pandya,5411,Grocery,Individual,Chennai,Tamil Nadu,2023-09-05,XXXX4099,Active,2198.28,Unique,present,MASKED,PROVIDED,PROVIDED
MCH1429,Pal Ltd,5411,Grocery,Individual,Jaipur,Rajasthan,2024-10-13,YBSQ5701995451285,Active,0.258,Unique,present,ALPHANUMERIC_IBAN,PROVIDED,PROVIDED
MCH8416,Kha1Sa Prashad,5411,Grocery,Private Limited,Delhi,Delhi,2023-02-12,8760894033,Active,478.64,Found Duplicate,present,VALID_NUMERIC,PROVIDED,PROVIDED
MCH2980,Mander And Sons,5411,Grocery,Sole Proprietorship,Kolkata,West Bengal,2023-04-03,,Unknown,1129.72,Unique,present,MISSING,PROVIDED,PROVIDED
MCH6608,"Puri, Dar And Mann",5411,Grocery,Private Limited,Delhi,Delhi,2024-02-10,,Active,410.36,Unique,present,MISSING,PROVIDED,PROVIDED
MCH1089,"Mann, Edwin And Misra",5411,Grocery,Individual,Jaipur,Rajasthan,,7489263549,Active,0.678,Found Duplicate,missing,VALID_NUMERIC,PROVIDED,PROVIDED
MCH8945,"Sankar, Swamy And Char",5411,Grocery,Sole Proprietorship,Kolkata,West Bengal,2026-02-26,XXXX4564,Active,0.1329,Found Duplicate,present,MASKED,PROVIDED,PROVIDED
MCH4336,"Dube, Baria And Nath",5411,Grocery,Private Limited,Jalandhar,Punjab,2026-01-06,,Active,1545.59,Found Duplicate,present,MISSING,PROVIDED,PROVIDED
MCH6024,Thakkar Kunda,5411,Grocery,Sole Proprietorship,Chennai,Tamil Nadu,2025-05-14,,Active,1751.16,Found Duplicate,present,MISSING,PROVIDED,PROVIDED
MCH8809,"Doshi, Ghose And Amble",5411,Grocery,Individual,Mumbai,Maharashtra,,,Active,3965.67,Found Duplicate,missing,MISSING,PROVIDED,PROVIDED
MCH7712,Sehgal Ltd,5411,Grocery,Partnership,Lucknow,Uttar Pradesh,,XXXX7167,Active,2215.59,Unique,missing,MASKED,PROVIDED,PROVIDED
MCH8272,"Kaur, Barad And Sengupta",5411,Grocery,Partnership,Amritsar,Punjab,2023-11-04,5098196386,Unknown,0.225,Found Duplicate,present,VALID_NUMERIC,PROVIDED,PROVIDED
MCH4089,Mistry And Sons,5411,Grocery,Sole Proprietorship,Mumbai,Maharashtra,2024-07-20,FZNP2052339077080,Active,1563.22,Unique,present,ALPHANUMERIC_IBAN,PROVIDED,PROVIDED
MCH2179,Prakash Inc,5411,Grocery,Partnership,Jalandhar,Punjab,2025-05-14,XBTI4209602657255,Active,5901.01,Found Duplicate,present,ALPHANUMERIC_IBAN,PROVIDED,PROVIDED
MCH8220,Sarkar Plc,5411,Grocery,Private Limited,Pune,Maharashtra,2024-06-11,,Active,142.34,Unique,present,MISSING,PROVIDED,PROVIDED
MCH4029,Kuruvilla And Sons,5411,Grocery,Private Limited,Pune,Maharashtra,,DGMS6783095939908,Unknown,55.43,Unique,missing,ALPHANUMERIC_IBAN,PROVIDED,PROVIDED
MCH4455,Iyer Llc,5411,Grocery,Individual,Bengaluru,Karnataka,,JMHS4435674556652,Active,586.02,Unique,missing,ALPHANUMERIC_IBAN,PROVIDED,PROVIDED
MCH9149,Varghese Plc,5411,Grocery,Individual,Jaipur,Rajasthan,2025-12-26,,Active,3708.64,Found Duplicate,present,MISSING,PROVIDED,PROVIDED
MCH4232,Sehgal Rama,5411,Grocery,Partnership,Kolkata,West Bengal,2023-03-31,XXXX1805,Active,4112.72,Found Duplicate,present,MASKED,PROVIDED,PROVIDED
MCH8253,Dutt Narain,5411,Grocery,Sole Proprietorship,Hyderabad,Telangana,2024-04-15,XXXX4097,Active,1104.19,Unique,present,MASKED,PROVIDED,PROVIDED
MCH9279,Choudhury Llc,5411,Grocery,Sole Proprietorship,Kolkata,West Bengal,2024-11-18,0970198759,Active,644.81,Unique,present,VALID_NUMERIC,PROVIDED,PROVIDED
MCH3037,Gokhale Plc,5411,Grocery,Partnership,Kolkata,West Bengal,2024-12-13,XXXX1304,Suspended,1146.48,Found Duplicate,present,MASKED,PROVIDED,PROVIDED
MCH3604,"Shetty, Bali And Sama",5411,Grocery,Partnership,Ludhiana,Punjab,2023-01-04,IQHJ3383226507557,Unknown,0.394,Found Duplicate,present,ALPHANUMERIC_IBAN,PROVIDED,PROVIDED
MCH5477,Chopra Inc,5411,Grocery,Individual,Ludhiana,Punjab,2025-01-14,HOQQ9340168679590,Active,878.29,Found Duplicate,present,ALPHANUMERIC_IBAN,PROVIDED,PROVIDED
MCH4106,Dey And Sons,5411,Grocery,Private Limited,Hyderabad,Telangana,2026-01-31,XXXX0072,Active,4216.77,Found Duplicate,present,MASKED,PROVIDED,PROVIDED
MCH4385,Bera S0M,5411,Grocery,Private Limited,Jalandhar,Punjab,2023-05-08,XXXX8868,Active,2548.67,Unique,present,MASKED,PROVIDED,PROVIDED
MCH2067,"Barad, Rai And Kapur",5411,Grocery,Private Limited,Jaipur,Rajasthan,2023-03-04,5177364796,Active,999.18,Found Duplicate,present,VALID_NUMERIC,PROVIDED,PROVIDED
MCH2696,"Dave, Chaudhari And Bhatti",5411,Grocery,Individual,Delhi,Delhi,2024-11-25,XXXX0248,Suspended,9658.06,Found Duplicate,present,MASKED,PROVIDED,PROVIDED
MCH6651,"Mahajan, Vig And Balakrishnan",5411,Grocery,Partnership,Delhi,Delhi,2023-02-17,ZZEW6214809734757,Unknown,1407.45,Found Duplicate,present,ALPHANUMERIC_IBAN,PROVIDED,PROVIDED
MCH9531,Lad Ltd,5411,Grocery,Private Limited,Ludhiana,Punjab,2025-12-02,CDSZ2178272638566,Suspended,545.56,Unique,present,ALPHANUMERIC_IBAN,PROVIDED,PROVIDED
MCH4739,Karpe Doshi,5411,Grocery,Individual,Lucknow,Uttar Pradesh,2023-10-20,DQQT0527144866471,Suspended,1100.69,Found Duplicate,present,ALPHANUMERIC_IBAN,PROVIDED,PROVIDED
MCH6352,Chadhagroup,5411,Grocery,Private Limited,Chennai,Tamil Nadu,2024-05-19,QWFC2198127321151,Suspended,419.41,Found Duplicate,present,ALPHANUMERIC_IBAN,PROVIDED,PROVIDED
MCH1222,Dass Dugar,5411,Grocery,Sole Proprietorship,Kolkata,West Bengal,2023-11-07,,Active,1003.895,Unique,present,MISSING,PROVIDED,MISSING_OR_INVALID
MCH3936,Bath Inc,5411,Grocery,Individual,Lucknow,Uttar Pradesh,2023-06-13,,Active,879.38,Unique,present,MISSING,PROVIDED,PROVIDED
MCH7875,Narasimhan Plc,5411,Grocery,Private Limited,Amritsar,Punjab,2025-01-03,,Unknown,585.43,Unique,present,MISSING,PROVIDED,PROVIDED
MCH2710,"Ramanathan, Bandi And Edwin",5411,Grocery,Sole Proprietorship,Delhi,Delhi,2024-11-07,9267399474,Active,5021.08,Found Duplicate,present,VALID_NUMERIC,PROVIDED,PROVIDED
MCH8921,"Palla, Kanda And Kohli",5411,Grocery,Individual,Jaipur,Rajasthan,2023-04-01,,Inactive,1560.65,Unique,present,MISSING,PROVIDED,PROVIDED
MCH9008,"Gour, Amble And Bakshi",5411,Grocery,Sole Proprietorship,Amritsar,Punjab,2024-12-18,NUSH9143769186873,Active,1167.35,Unique,present,ALPHANUMERIC_IBAN,PROVIDED,PROVIDED
MCH2037,Kadakia Llc,5411,Grocery,Partnership,Delhi,Delhi,2024-10-13,ZTLJ8328872113925,Active,426.54,Found Duplicate,present,ALPHANUMERIC_IBAN,PROVIDED,PROVIDED
MCH2996,Rege Khanna,5411,Grocery,Individual,Lucknow,Uttar Pradesh,2023-10-15,,Inactive,745.45,Unique,present,MISSING,PROVIDED,PROVIDED
MCH3401,Chana Llc,5411,Grocery,Individual,Chennai,Tamil Nadu,,XXXX4048,Active,3703.23,Unique,missing,MASKED,PROVIDED,PROVIDED
MCH9583,Khurana Johal,5411,Grocery,Partnership,Delhi,Delhi,2024-04-30,9658176597,Active,5627.6,Found Duplicate,present,VALID_NUMERIC,PROVIDED,PROVIDED
MCH2425,Suri Kurian,5411,Grocery,Partnership,Ludhiana,Punjab,2023-06-06,,Active,1800.35,Unique,present,MISSING,PROVIDED,PROVIDED
MCH7493,Nanda Llc,5411,Grocery,Partnership,Delhi,Delhi,2024-12-01,,Unknown,537.94,Found Duplicate,present,MISSING,PROVIDED,PROVIDED
MCH5312,Choudhary Inc,5411,Grocery,Partnership,Kolkata,West Bengal,2023-07-27,,Active,1438.2,Unique,present,MISSING,PROVIDED,PROVIDED
MCH3460,Chand Bora,5411,Grocery,Individual,Kolkata,West Bengal,2025-02-05,,Unknown,1003.895,Unique,present,MISSING,PROVIDED,MISSING_OR_INVALID
MCH7796,"Kari, Sridhar And J0Ha1",5411,Grocery,Partnership,Pune,Maharashtra,2024-09-12,5623137802,Active,489.31,Found Duplicate,present,VALID_NUMERIC,PROVIDED,PROVIDED
MCH3189,Kapoor Hegde,5411,Grocery,Partnership,Hyderabad,Telangana,2023-02-01,XXXX4992,Active,3153.88,Found Duplicate,present,MASKED,PROVIDED,PROVIDED
MCH1874,"Bail, Madan And Mahal",5411,Grocery,Private Limited,Jalandhar,Punjab,2025-11-03,0723751803,Active,928.89,Found Duplicate,present,VALID_NUMERIC,PROVIDED,PROVIDED
MCH1732,"Bal, Loke And Chadha",5411,Grocery,Private Limited,Delhi,Delhi,2024-10-24,9581945425,Active,3477.98,Found Duplicate,present,VALID_NUMERIC,PROVIDED,PROVIDED
MCH7974,"Verma, Koshy And Bhardwaj",5411,Grocery,Individual,Jaipur,Rajasthan,2023-10-04,7985944544,Active,460.5,Found Duplicate,present,VALID_NUMERIC,PROVIDED,PROVIDED
MCH9933,Bali Zachariah,5411,Grocery,Sole Proprietorship,Jaipur,Rajasthan,2023-07-06,TWPF4694358713410,Active,0.1549,Unique,present,ALPHANUMERIC_IBAN,PROVIDED,PROVIDED
MCH9459,Bala And Sons,5411,Grocery,Partnership,Chennai,Tamil Nadu,2023-11-12,,Active,558.21,Found Duplicate,present,MISSING,PROVIDED,PROVIDED
MCH1375,"Sahota, Johal And Shanker",5411,Grocery,Individual,Jalandhar,Punjab,2025-03-02,PHOZ2706415438619,Suspended,1836.94,Found Duplicate,present,ALPHANUMERIC_IBAN,PROVIDED,PROVIDED
MCH7184,Dara Inc,5411,Grocery,Sole Proprietorship,Mumbay,Maharashtra,2023-08-31,,Active,1095.25,Unique,present,MISSING,PROVIDED,PROVIDED
MCH3989,Madan Llc,5411,Grocery,Partnership,Jaipur,Rajasthan,2023-09-18,9575202686,Active,238.33,Unique,present,VALID_NUMERIC,PROVIDED,PROVIDED
MCH8912,Chada Ltd,5411,Grocery,Partnership,Amritsar,Punjab,2023-09-12,MSHJ5068707529037,Active,1015.47,Found Duplicate,present,ALPHANUMERIC_IBAN,PROVIDED,PROVIDED
MCH8693,Mukhopadhyay Rama,5411,Grocery,Individual,Lucknow,Uttar Pradesh,2024-10-07,XXXX9284,Active,406.79,Found Duplicate,present,MASKED,PROVIDED,PROVIDED
MCH9769,Yogi Dixit,5411,Grocery,Private Limited,Amritsar,Punjab,,ITST4174155209610,Suspended,1299.88,Found Duplicate,missing,ALPHANUMERIC_IBAN,PROVIDED,PROVIDED
MCH4642,Jaggi Ltd,5411,Grocery,Partnership,Delhi,Delhi,2024-04-16,XXXX5243,Suspended,1180.53,Unique,present,MASKED,PROVIDED,PROVIDED
MCH6152,"Hayer, Jha And Tata",5411,Grocery,Private Limited,Lucknow,Uttar Pradesh,2025-06-23,6225747550,Active,0.2396,Found Duplicate,present,VALID_NUMERIC,PROVIDED,PROVIDED
MCH2938,"Babu, Lata And Zacharia",5411,Grocery,Private Limited,Pune,Maharashtra,2024-09-06,ZZOP9174222804228,Active,823.9,Unique,present,ALPHANUMERIC_IBAN,PROVIDED,PROVIDED
MCH1856,"Sem, Dhawan And Bakshi",5411,Grocery,Sole Proprietorship,Bengaluru,Karnataka,2023-07-27,9292167540,Inactive,2232.22,Found Duplicate,present,VALID_NUMERIC,PROVIDED,PROVIDED
MCH3070,Agate Chopra,5411,Grocery,Sole Proprietorship,Mumbai,Maharashtra,2025-04-29,4174323514,Active,0.1355,Found Duplicate,present,VALID_NUMERIC,PROVIDED,PROVIDED
MCH5966,"Bala, Tandon And Keer",5411,Grocery,Individual,Lucknow,Uttar Pradesh,2023-02-06,,Active,255.77,Unique,present,MISSING,PROVIDED,PROVIDED
MCH6282,"Chacko, Chakrabarti And Suresh",5411,Grocery,Private Limited,Jaipur,Rajasthan,2024-06-16,XXXX6827,Active,0.1078,Found Duplicate,present,MASKED,PROVIDED,PROVIDED
MCH1816,Modi Sinha,5411,Grocery,Individual,Hyderabad,Telangana,2023-11-24,XXXX5140,Active,1003.895,Found Duplicate,present,MASKED,PROVIDED,MISSING_OR_INVALID
MCH6611,Mand Plc,5411,Grocery,Private Limited,Chennai,Tamil Nadu,2023-01-01,,Unknown,1110.3,Unique,present,MISSING,PROVIDED,PROVIDED
MCH2378,"Rau, Pradhan And Bansa1",5411,Grocery,Individual,Lucknow,Uttar Pradesh,2024-02-09,8007526864,Active,0.6158,Unique,present,VALID_NUMERIC,PROVIDED,PROVIDED
MCH1168,Sekhon Inc,5411,Grocery,Sole Proprietorship,Hyderabad,Telangana,2025-07-26,,Active,0.6003,Found Duplicate,present,MISSING,PROVIDED,PROVIDED
MCH6743,Zacharia Inc,5411,Grocery,Individual,Delhi,Delhi,2024-03-31,XXXX6034,Active,1075.68,Found Duplicate,present,MASKED,PROVIDED,PROVIDED
MCH2965,Shroff Prabhakar,5411,Grocery,Partnership,Amritsar,Punjab,,FISH8890557164281,Unknown,0.2028,Unique,missing,ALPHANUMERIC_IBAN,PROVIDED,PROVIDED
MCH7950,Om Andra,5411,Grocery,Individual,Ludhiana,Punjab,,,Active,3471.68,Unique,missing,MISSING,PROVIDED,PROVIDED
MCH4911,"Nigam, Mahajan And Misra",5411,Grocery,Individual,Bengaluru,Karnataka,2025-06-14,,Active,689.3,Unique,present,MISSING,PROVIDED,PROVIDED
MCH2309,Tripathiplc,5411,Grocery,Individual,Jaipur,Rajasthan,2025-12-22,5026901266,Active,869.28,Found Duplicate,present,VALID_NUMERIC,PROVIDED,PROVIDED
MCH2353,Sood Vasa,5411,Grocery,Sole Proprietorship,Mumbai,Maharashtra,2026-01-24,,Active,2728.11,Unique,present,MISSING,PROVIDED,PROVIDED
MCH1639,Halder Inc,5411,Grocery,Sole Proprietorship,Chennai,Tamil Nadu,2023-04-12,OKNU6888775607813,Inactive,2075.47,Found Duplicate,present,ALPHANUMERIC_IBAN,PROVIDED,PROVIDED
MCH3264,"Narayanan, Krishnan And Bail",5411,Grocery,Sole Proprietorship,Jaipur,Rajasthan,2025-03-25,XXXX4525,Active,3885.91,Found Duplicate,present,MASKED,PROVIDED,PROVIDED
MCH4802,Jain Inc,5411,Grocery,Individual,Mumbay,Maharashtra,,WAKX1731194726020,Inactive,1158.19,Found Duplicate,missing,ALPHANUMERIC_IBAN,PROVIDED,PROVIDED
MCH6855,"Soman, Ravel And Anand",5411,Grocery,Private Limited,Kolkata,West Bengal,2026-02-06,XXXX2710,Active,1385.58,Unique,present,MASKED,PROVIDED,PROVIDED
MCH9983,Bhagat Group,5411,Grocery,Individual,Pune,Maharashtra,2025-11-27,XXXX2568,Active,3669.57,Unique,present,MASKED,PROVIDED,PROVIDED
MCH5955,Lad K0Nda,5411,Grocery,Sole Proprietorship,Jaipur,Rajasthan,2023-07-26,,Unknown,1069.21,Found Duplicate,present,MISSING,PROVIDED,PROVIDED
MCH8724,"Ganesh, Sarin And Gera",5411,Grocery,Partnership,Delhi,Delhi,2024-11-20,8119568584,Unknown,639.73,Found Duplicate,present,VALID_NUMERIC,PROVIDED,PROVIDED
MCH4951,"Natt, Dyal And Gill",5411,Grocery,Private Limited,Pune,Maharashtra,2026-01-02,,Active,430.18,Found Duplicate,present,MISSING,PROVIDED,PROVIDED
MCH8963,"Aggarwal,Nagiandborde",5411,Grocery,Sole Proprietorship,Ludhiana,Punjab,2024-01-08,UGNI2119725168826,Unknown,474.91,Unique,present,ALPHANUMERIC_IBAN,PROVIDED,PROVIDED
MCH1011,Wable And Sons,5411,Grocery,Private Limited,Ludhiana,Punjab,2023-02-11,,Active,6536.07,Found Duplicate,present,MISSING,PROVIDED,PROVIDED
MCH1250,Ben Thaman,5411,Grocery,Sole Proprietorship,Bengaluru,Karnataka,,BWCW6486975518274,Suspended,1524.37,Found Duplicate,missing,ALPHANUMERIC_IBAN,PROVIDED,PROVIDED
MCH5998,Joshi Inc,5411,Grocery,Private Limited,Chennai,Tamil Nadu,2024-08-30,,Active,1152.74,Unique,present,MISSING,PROVIDED,PROVIDED
MCH1642,Zacharia Dhawan,5411,Grocery,Partnership,Kolkata,West Bengal,2023-01-02,XXXX3812,Active,0.363,Unique,present,MASKED,PROVIDED,PROVIDED
MCH3810,Mallick Lall,5411,Grocery,Private Limited,Lucknow,Uttar Pradesh,2025-07-12,XXXX7137,Suspended,630.92,Unique,present,MASKED,PROVIDED,PROVIDED
MCH5231,Varghese Rattan,5411,Grocery,Partnership,Delhi,Delhi,2026-05-02,,Active,692.04,Found Duplicate,present,MISSING,PROVIDED,PROVIDED
MCH7282,Chopra Llc,5411,Grocery,Partnership,Amritsar,Punjab,2025-12-14,XXXX9513,Active,0.1111,Unique,present,MASKED,PROVIDED,PROVIDED
MCH9881,Kalla Tara,5411,Grocery,Private Limited,Delhi,Delhi,2025-10-04,,Active,1174.86,Unique,present,MISSING,PROVIDED,PROVIDED
MCH7462,"Malhotra, Sachdeva And Sant",5411,Grocery,Sole Proprietorship,Hyderabad,Telangana,2025-11-11,EIQX3043472487822,Active,1601.35,Unique,present,ALPHANUMERIC_IBAN,PROVIDED,PROVIDED
MCH8792,Nagarllc,5411,Grocery,Sole Proprietorship,Jaipur,Rajasthan,2025-01-22,4320527012,Active,1003.895,Found Duplicate,present,VALID_NUMERIC,PROVIDED,MISSING_OR_INVALID
MCH1445,Wali Plc,5411,Grocery,Sole Proprietorship,Hyderabad,Telangana,2023-11-09,8128323198,Active,0.12,Unique,present,VALID_NUMERIC,PROVIDED,PROVIDED
MCH2310,Raj Ltd,5411,Grocery,Partnership,Jaipur,Rajasthan,2026-02-13,,Inactive,681.98,Found Duplicate,present,MISSING,PROVIDED,PROVIDED
MCH6748,Sathe Inc,5411,Grocery,Sole Proprietorship,Kolkata,West Bengal,2023-07-05,,Inactive,1451.17,Unique,present,MISSING,PROVIDED,PROVIDED
MCH6080,"Kanda, Krishnan And Chaudry",5411,Grocery,Private Limited,Chennai,Tamil Nadu,2023-02-27,,Inactive,1675.16,Unique,present,MISSING,PROVIDED,PROVIDED
MCH7844,Singh Mane,5411,Grocery,Sole Proprietorship,Ludhiana,Punjab,2024-10-31,,Unknown,0.1309,Unique,present,MISSING,PROVIDED,PROVIDED
MCH9883,Modi Plc,5411,Grocery,Sole Proprietorship,Delhi,Delhi,2024-08-25,XXXX9460,Active,492.1,Found Duplicate,present,MASKED,PROVIDED,PROVIDED
MCH5851,"Chakrabarti, Sen And Misra",5411,Grocery,Sole Proprietorship,Pune,Maharashtra,2026-02-15,XXXX3366,Active,1867.35,Found Duplicate,present,MASKED,PROVIDED,PROVIDED
MCH5872,Sandal Ltd,5411,Grocery,Private Limited,Bengaluru,Karnataka,,,Active,2434.63,Found Duplicate,missing,MISSING,PROVIDED,PROVIDED
MCH1011,Wable And Sons,5411,Grocery,Private Limited,Ludhiana,Punjab,2023-02-11,,Suspended,6536.07,Found Duplicate,present,MISSING,PROVIDED,PROVIDED
MCH4998,"Sura, Kanda And Chopra",5411,Grocery,Partnership,Pune,Maharashtra,2023-12-11,6601172673,Inactive,2782.68,Unique,present,VALID_NUMERIC,PROVIDED,PROVIDED
MCH5939,"Mohan, Varughese And Johal",5411,Grocery,Partnership,Bengaluru,Karnataka,2024-12-20,XXXX0991,Active,4307.34,Unique,present,MASKED,PROVIDED,PROVIDED
MCH2766,"Chakraborty, Nazareth And Dasgupta",5411,Grocery,Private Limited,Chennai,Tamil Nadu,2025-05-19,WBWU7279932189451,Suspended,2967.83,Found Duplicate,present,ALPHANUMERIC_IBAN,PROVIDED,PROVIDED
MCH3788,Kuruvilla Ltd,5411,Grocery,Sole Proprietorship,Hyderabad,Telangana,2024-10-03,,Suspended,4329.09,Found Duplicate,present,MISSING,PROVIDED,PROVIDED
MCH1001,Anand Kothari,5411,Grocery,Partnership,Pune,Maharashtra,2026-02-17,7962506762,Active,332.55,Unique,present,VALID_NUMERIC,PROVIDED,PROVIDED
MCH7866,"Raval, Sane And Dua",5411,Grocery,Partnership,Amritsar,Punjab,2025-01-27,,Unknown,292.43,Found Duplicate,present,MISSING,PROVIDED,PROVIDED
MCH5575,Sandal Llc,5411,Grocery,Partnership,Chennai,Tamil Nadu,2024-02-13,XXXX5528,Unknown,5255.72,Unique,present,MASKED,PROVIDED,PROVIDED
MCH7503,Raval Llc,5411,Grocery,Partnership,Delhi,Delhi,2025-10-30,6775545242,Active,1167.54,Found Duplicate,present,VALID_NUMERIC,PROVIDED,PROVIDED
MCH6777,Lall Date,5411,Grocery,Partnership,Lucknow,Uttar Pradesh,2023-12-20,XXXX6676,Active,1143.87,Unique,present,MASKED,PROVIDED,PROVIDED
MCH1646,Golla And Sons,5411,Grocery,Individual,Mumbai,Maharashtra,2024-09-23,,Inactive,790.28,Found Duplicate,present,MISSING,PROVIDED,PROVIDED
MCH3442,Kuruvilla Ltd,5411,Grocery,Partnership,Hyderabad,Telangana,2023-11-04,,Inactive,1281.68,Found Duplicate,present,MISSING,PROVIDED,PROVIDED
MCH2905,Goyal Gopal,5912,Healthcare & Pharmacy,Individual,Delhi,Delhi,2024-02-13,,Suspended,2312.5,Unique,present,MISSING,PROVIDED,PROVIDED
MCH2749,Issac And Sons,5912,Healthcare & Pharmacy,Sole Proprietorship,Mumbai,Maharashtra,2025-03-09,1616970087,Active,1050.315,Found Duplicate,present,VALID_NUMERIC,PROVIDED,MISSING_OR_INVALID
MCH5129,Dayal Saran,5912,Healthcare & Pharmacy,Sole Proprietorship,Chennai,Tamil Nadu,2024-09-30,1476589127,Active,1504.46,Found Duplicate,present,VALID_NUMERIC,PROVIDED,PROVIDED
MCH9088,Bajaj Karnik,5912,Healthcare & Pharmacy,Individual,Mumbay,Maharashtra,2025-03-11,,Suspended,1838.62,Found Duplicate,present,MISSING,PROVIDED,PROVIDED
MCH2504,"Pau, Mody And Dora",5912,Healthcare & Pharmacy,Private Limited,Mumbai,Maharashtra,2023-04-08,XXXX3089,Inactive,1050.315,Found Duplicate,present,MASKED,PROVIDED,MISSING_OR_INVALID
MCH8210,Bains Group,5912,Healthcare & Pharmacy,Partnership,Delhi,Delhi,2025-05-06,4433554214,Active,0.2128,Found Duplicate,present,VALID_NUMERIC,PROVIDED,PROVIDED
MCH4815,"Karan, Bhattacharyya And Saran",5912,Healthcare & Pharmacy,Private Limited,Kolkata,West Bengal,2025-04-10,4505912973,Active,1152.86,Found Duplicate,present,VALID_NUMERIC,PROVIDED,PROVIDED
MCH4606,"Morar, Dalal And Mukherjee",5912,Healthcare & Pharmacy,Partnership,Bengaluru,Karnataka,2023-05-26,,Inactive,1103.98,Found Duplicate,present,MISSING,PROVIDED,PROVIDED
MCH7724,Gade Tata,5912,Healthcare & Pharmacy,Sole Proprietorship,Delhi,Delhi,2023-07-04,8406773720,Active,1191.59,Found Duplicate,present,VALID_NUMERIC,PROVIDED,PROVIDED
MCH7379,"Doctor, Dyal And Vaidya",5912,Healthcare & Pharmacy,Partnership,Jalandhar,Punjab,2023-03-07,XXXX4037,Active,198.46,Found Duplicate,present,MASKED,PROVIDED,PROVIDED
MCH4389,"Bobal, Chakrabarti And Dash",5912,Healthcare & Pharmacy,Sole Proprietorship,Pune,Maharashtra,2026-02-04,,Unknown,445.95,Unique,present,MISSING,PROVIDED,PROVIDED
MCH8036,"Sarma, Madan And Pandey",5912,Healthcare & Pharmacy,Partnership,Mumbai,Maharashtra,2025-07-12,,Active,2055.77,Unique,present,MISSING,PROVIDED,PROVIDED
MCH6420,Wadhwa And Sons,5912,Healthcare & Pharmacy,Partnership,Bengaluru,Karnataka,,0724197412,Active,160.44,Unique,missing,VALID_NUMERIC,PROVIDED,PROVIDED
MCH4233,Parmar And Sons,5912,Healthcare & Pharmacy,Sole Proprietorship,Bengaluru,Karnataka,2024-07-30,4132683121,Inactive,3068.07,Found Duplicate,present,VALID_NUMERIC,PROVIDED,PROVIDED
MCH7862,Pandit Ratti,5912,Healthcare & Pharmacy,Individual,Amritsar,Punjab,2023-04-23,,Active,558.23,Unique,present,MISSING,PROVIDED,PROVIDED
MCH8624,Kannan Mital,5912,Healthcare & Pharmacy,Sole Proprietorship,Pune,Maharashtra,2023-05-20,BFXZ1340418444371,Unknown,1202.33,Unique,present,ALPHANUMERIC_IBAN,PROVIDED,PROVIDED
MCH3107,Kapoor Inc,5912,Healthcare & Pharmacy,Partnership,Pune,Maharashtra,2023-10-28,7807494643,Active,1009.16,Unique,present,VALID_NUMERIC,PROVIDED,PROVIDED
MCH1256,Vala Inc,5912,Healthcare & Pharmacy,Sole Proprietorship,Kolkata,West Bengal,2025-01-17,,Suspended,1415.24,Unique,present,MISSING,PROVIDED,PROVIDED
MCH1375,Golla And Sons,5912,Healthcare & Pharmacy,Partnership,Bengaluru,Karnataka,2023-08-01,,Active,503.66,Found Duplicate,present,MISSING,PROVIDED,PROVIDED
MCH7395,Bera Group,5912,Healthcare & Pharmacy,Partnership,Jalandhar,Punjab,,,Active,307.59,Found Duplicate,missing,MISSING,PROVIDED,PROVIDED
MCH8933,Karpe Inc,5912,Healthcare & Pharmacy,Private Limited,Amritsar,Punjab,,UYYR5964634247104,Active,0.2968,Found Duplicate,missing,ALPHANUMERIC_IBAN,PROVIDED,PROVIDED
MCH4308,Natt Group,5912,Healthcare & Pharmacy,Partnership,Delhi,Delhi,2023-01-16,3010499558,Unknown,2114.37,Unique,present,VALID_NUMERIC,PROVIDED,PROVIDED
MCH1392,Johal Gaba,5912,Healthcare & Pharmacy,Private Limited,Pune,Maharashtra,2024-02-20,XXXX9354,Inactive,4352.7,Unique,present,MASKED,PROVIDED,PROVIDED
MCH1122,"Rana, Choudhury And Garde",5912,Healthcare & Pharmacy,Partnership,Ludhiana,Punjab,2024-11-30,XXXX6047,Unknown,4792.92,Found Duplicate,present,MASKED,PROVIDED,PROVIDED
MCH1133,Shere Ltd,5912,Healthcare & Pharmacy,Partnership,Bengaluru,Karnataka,2025-10-06,,Active,11501.53,Unique,present,MISSING,PROVIDED,PROVIDED
MCH5080,"Shere, Jha And Sarma",5912,Healthcare & Pharmacy,Sole Proprietorship,Kolkata,West Bengal,2025-02-22,,Active,2711.51,Unique,present,MISSING,PROVIDED,PROVIDED
MCH9355,Vig Plc,5912,Healthcare & Pharmacy,Partnership,Jalandhar,Punjab,2024-11-01,KRTG3596169904435,Active,1697.72,Unique,present,ALPHANUMERIC_IBAN,PROVIDED,PROVIDED
MCH4352,Suri Ltd,5912,Healthcare & Pharmacy,Individual,Lucknow,Uttar Pradesh,2023-08-21,,Active,2179.96,Unique,present,MISSING,PROVIDED,PROVIDED
MCH5260,"Memon, Ben And Sant",5912,Healthcare & Pharmacy,Sole Proprietorship,Jalandhar,Punjab,2024-07-25,XXXX7324,Active,0.1467,Unique,present,MASKED,PROVIDED,PROVIDED
MCH9919,"Ramaswamy,Pallandbahri",5912,Healthcare & Pharmacy,Private Limited,Mumbai,Maharashtra,2026-02-09,,Unknown,1346.24,Unique,present,MISSING,PROVIDED,PROVIDED
MCH3328,Singh Comar,5912,Healthcare & Pharmacy,Sole Proprietorship,Pune,Maharashtra,2025-12-14,XXXX6840,Active,3993.96,Found Duplicate,present,MASKED,PROVIDED,PROVIDED
MCH5496,Bhagat And Sons,5912,Healthcare & Pharmacy,Partnership,Lucknow,Uttar Pradesh,2024-08-13,DOMQ3055982121356,Unknown,199.73,Found Duplicate,present,ALPHANUMERIC_IBAN,PROVIDED,PROVIDED
MCH9523,"Tank, Uppal And Malhotra",5912,Healthcare & Pharmacy,Partnership,Pune,Maharashtra,2025-10-25,,Active,5060.01,Unique,present,MISSING,PROVIDED,PROVIDED
MCH1936,"Batra, Ramanathan And Din",5912,Healthcare & Pharmacy,Sole Proprietorship,Hyderabad,Telangana,2024-07-16,XXXX3173,Active,143.98,Found Duplicate,present,MASKED,PROVIDED,PROVIDED
MCH9548,Sur Plc,5912,Healthcare & Pharmacy,Sole Proprietorship,Bengaluru,Karnataka,2024-08-14,,Unknown,1050.315,Found Duplicate,present,MISSING,PROVIDED,MISSING_OR_INVALID
MCH1477,Ahluwalia Devan,5912,Healthcare & Pharmacy,Partnership,Jaipur,Rajasthan,2024-04-15,XXXX2364,Unknown,551.17,Unique,present,MASKED,PROVIDED,PROVIDED
MCH3419,"Bansal, Naidu And Baria",5912,Healthcare & Pharmacy,Private Limited,Pune,Maharashtra,2024-03-26,,Active,357.64,Unique,present,MISSING,PROVIDED,PROVIDED
MCH8439,Bala And Sons,5912,Healthcare & Pharmacy,Individual,Jalandhar,Punjab,2024-09-14,,Active,1591.75,Unique,present,MISSING,PROVIDED,PROVIDED
MCH9623,Subramanian Llc,5912,Healthcare & Pharmacy,Individual,Hyderabad,Telangana,2025-06-07,XXXX2659,Active,1226.76,Found Duplicate,present,MASKED,PROVIDED,PROVIDED
MCH5055,Aggarwal Doctor,5912,Healthcare & Pharmacy,Private Limited,Hyderabad,Telangana,2024-07-04,,Active,3805.08,Unique,present,MISSING,PROVIDED,PROVIDED
MCH1587,Srivastava Saha,5912,Healthcare & Pharmacy,Private Limited,Kolkata,West Bengal,,XXXX9260,Active,0.1502,Unique,missing,MASKED,PROVIDED,PROVIDED
MCH6221,Dey Maharaj,5912,Healthcare & Pharmacy,Private Limited,Ludhiana,Punjab,2026-01-22,8909550882,Inactive,402.9,Found Duplicate,present,VALID_NUMERIC,PROVIDED,PROVIDED
MCH4397,Tailor Pandey,5912,Healthcare & Pharmacy,Private Limited,Pune,Maharashtra,2024-10-24,,Active,1050.315,Unique,present,MISSING,PROVIDED,MISSING_OR_INVALID
MCH5618,Biswas And Sons,5912,Healthcare & Pharmacy,Partnership,Delhi,Delhi,2024-03-04,XXXX7039,Active,833.5,Found Duplicate,present,MASKED,PROVIDED,PROVIDED
MCH5081,"Bhatia, Srinivasan And Sampath",5912,Healthcare & Pharmacy,Private Limited,Chennai,Tamil Nadu,2024-01-19,6512242126,Active,869.22,Found Duplicate,present,VALID_NUMERIC,PROVIDED,PROVIDED
MCH8790,Thaman Singh,5912,Healthcare & Pharmacy,Individual,Kolkata,West Bengal,2024-02-04,,Active,1050.315,Unique,present,MISSING,PROVIDED,MISSING_OR_INVALID
MCH5678,Bhat Borra,5912,Healthcare & Pharmacy,Private Limited,Amritsar,Punjab,2024-08-06,5991796313,Active,677.93,Found Duplicate,present,VALID_NUMERIC,PROVIDED,PROVIDED
MCH4419,Gill Ratta,5912,Healthcare & Pharmacy,Sole Proprietorship,Jaipur,Rajasthan,2024-09-15,ETZF4377515836271,Active,1442.51,Found Duplicate,present,ALPHANUMERIC_IBAN,PROVIDED,PROVIDED
MCH2108,Sankar Desai,5912,Healthcare & Pharmacy,Sole Proprietorship,Ludhiana,Punjab,2023-10-30,9695114754,Suspended,1535.43,Unique,present,VALID_NUMERIC,PROVIDED,PROVIDED
MCH6965,Lala Group,5912,Healthcare & Pharmacy,Private Limited,Pune,Maharashtra,2023-08-26,,Unknown,0.256,Unique,present,MISSING,PROVIDED,PROVIDED
MCH5556,Pau Kale,5912,Healthcare & Pharmacy,Private Limited,Mumbai,Maharashtra,2023-10-31,FLTM9160494360696,Active,513.95,Unique,present,ALPHANUMERIC_IBAN,PROVIDED,PROVIDED
MCH7870,"Kalla,Moreandswamy",5912,Healthcare & Pharmacy,Private Limited,Jaipur,Rajasthan,2025-03-04,JRSV4497187312439,Active,681.25,Found Duplicate,present,ALPHANUMERIC_IBAN,PROVIDED,PROVIDED
MCH9951,Natt Group,5912,Healthcare & Pharmacy,Partnership,Chennai,Tamil Nadu,2024-02-05,TSMH8783182679043,Active,1765.37,Unique,present,ALPHANUMERIC_IBAN,PROVIDED,PROVIDED
MCH1101,Mangal Inc,5912,Healthcare & Pharmacy,Individual,Chennai,Tamil Nadu,2023-06-19,XXXX7862,Active,2025.16,Found Duplicate,present,MASKED,PROVIDED,PROVIDED
MCH1375,Doctor Srinivasan,5912,Healthcare & Pharmacy,Private Limited,Chennai,Tamil Nadu,,,Unknown,0.3,Found Duplicate,missing,MISSING,PROVIDED,PROVIDED
MCH3341,Ramesh Inc,5912,Healthcare & Pharmacy,Individual,Mumbay,Maharashtra,2024-11-15,,Unknown,1745.15,Unique,present,MISSING,PROVIDED,PROVIDED
MCH1075,Pingle Mohan,5912,Healthcare & Pharmacy,Sole Proprietorship,Ludhiana,Punjab,2025-02-24,XXXX2118,Active,1639.19,Found Duplicate,present,MASKED,PROVIDED,PROVIDED
MCH6278,"Keer, Sha And Sama",5912,Healthcare & Pharmacy,Partnership,Kolkata,West Bengal,2025-08-23,2867105387,Active,8713.68,Unique,present,VALID_NUMERIC,PROVIDED,PROVIDED
MCH4476,Parikh Group,5912,Healthcare & Pharmacy,Partnership,Kolkata,West Bengal,2025-09-10,,Active,1050.315,Unique,present,MISSING,PROVIDED,MISSING_OR_INVALID
MCH1473,Lata Khurana,5912,Healthcare & Pharmacy,Partnership,Hyderabad,Telangana,,,Inactive,326.76,Unique,missing,MISSING,PROVIDED,PROVIDED
MCH4807,"Dutt, Pandey And Tella",5912,Healthcare & Pharmacy,Individual,Chennai,Tamil Nadu,2024-05-14,RXUW0906720577178,Active,0.1458,Unique,present,ALPHANUMERIC_IBAN,PROVIDED,PROVIDED
MCH3122,"Bobal, Ramachandran And Guha",5912,Healthcare & Pharmacy,Sole Proprietorship,Kolkata,West Bengal,2025-01-21,FHGU4599451146972,Active,1010.17,Found Duplicate,present,ALPHANUMERIC_IBAN,PROVIDED,PROVIDED
MCH1154,Saran And Sons,5912,Healthcare & Pharmacy,Private Limited,Pune,Maharashtra,2023-12-26,TCTB2753134775657,Active,871.24,Found Duplicate,present,ALPHANUMERIC_IBAN,PROVIDED,PROVIDED
MCH1772,"Sarin,Kothariandlal",5912,Healthcare & Pharmacy,Individual,Jalandhar,Punjab,2025-09-11,GQQF2119444967880,Active,342.59,Found Duplicate,present,ALPHANUMERIC_IBAN,PROVIDED,PROVIDED
MCH1625,Handallc,5912,Healthcare & Pharmacy,Private Limited,Ludhiana,Punjab,2024-07-27,,Inactive,4123.17,Found Duplicate,present,MISSING,PROVIDED,PROVIDED
MCH7784,Dave Babu,5912,Healthcare & Pharmacy,Partnership,Ludhiana,Punjab,2023-03-16,XXXX3111,Active,0.643,Found Duplicate,present,MASKED,PROVIDED,PROVIDED
MCH8974,"Shukla, Gaba And Sani",5912,Healthcare & Pharmacy,Sole Proprietorship,Delhi,Delhi,2026-02-15,EPWM9547022186249,Active,438.78,Found Duplicate,present,ALPHANUMERIC_IBAN,PROVIDED,PROVIDED
MCH6224,La1 Anand,5912,Healthcare & Pharmacy,Private Limited,Delhi,Delhi,2025-07-28,3453251138,Active,0.3823,Found Duplicate,present,VALID_NUMERIC,PROVIDED,PROVIDED
MCH9845,Misra Varghese,5912,Healthcare & Pharmacy,Sole Proprietorship,Ludhiana,Punjab,2025-12-30,,Active,186.59,Unique,present,MISSING,PROVIDED,PROVIDED
MCH2902,Karpe Llc,5912,Healthcare & Pharmacy,Private Limited,Jaipur,Rajasthan,2023-07-25,JHGQ1740219623528,Active,1088.17,Found Duplicate,present,ALPHANUMERIC_IBAN,PROVIDED,PROVIDED
MCH8953,Narayan Uppal,5912,Healthcare & Pharmacy,Private Limited,Ludhiana,Punjab,2025-06-28,AXNQ2993996148384,Active,2726.98,Found Duplicate,present,ALPHANUMERIC_IBAN,PROVIDED,PROVIDED
MCH3351,"Loke, Narasimhan And Gandhi",5912,Healthcare & Pharmacy,Partnership,Amritsar,Punjab,2023-06-22,,Suspended,1029.99,Unique,present,MISSING,PROVIDED,PROVIDED
MCH4477,Edwin Group,5912,Healthcare & Pharmacy,Partnership,Pune,Maharashtra,2025-12-19,,Active,1145.96,Found Duplicate,present,MISSING,PROVIDED,PROVIDED
MCH8014,Mukherjee Inc,5912,Healthcare & Pharmacy,Sole Proprietorship,Jaipur,Rajasthan,2026-01-25,,Active,702.0,Unique,present,MISSING,PROVIDED,PROVIDED
MCH3086,Nori Mishra,5912,Healthcare & Pharmacy,Sole Proprietorship,Kolkata,West Bengal,2023-05-20,,Inactive,1788.09,Found Duplicate,present,MISSING,PROVIDED,PROVIDED
MCH5997,"Kothari,Basuandkothari",5912,Healthcare & Pharmacy,Sole Proprietorship,Delhi,Delhi,2025-09-07,4059468429,Inactive,2459.46,Unique,present,VALID_NUMERIC,PROVIDED,PROVIDED
MCH9335,"Sarraf, Wable And Deshmukh",5912,Healthcare & Pharmacy,Individual,Amritsar,Punjab,2023-03-05,,Active,0.399,Found Duplicate,present,MISSING,PROVIDED,PROVIDED
MCH7566,Kade Bhattacharyya,5912,Healthcare & Pharmacy,Individual,Mumbai,Maharashtra,2024-12-11,,Inactive,748.55,Found Duplicate,present,MISSING,PROVIDED,PROVIDED
MCH8038,"Singh, Baria And Kakar",5912,Healthcare & Pharmacy,Private Limited,Lucknow,Uttar Pradesh,2024-12-20,5855829731,Unknown,1174.3,Found Duplicate,present,VALID_NUMERIC,PROVIDED,PROVIDED
MCH4009,Batra Inc,5912,Healthcare & Pharmacy,Individual,Bengaluru,Karnataka,2023-02-01,XXXX5230,Inactive,0.1109,Found Duplicate,present,MASKED,PROVIDED,PROVIDED
MCH6207,"Ganesan, Bajwa And Reddy",5912,Healthcare & Pharmacy,Partnership,Jaipur,Rajasthan,2023-03-21,1318873894,Active,391.96,Unique,present,VALID_NUMERIC,PROVIDED,PROVIDED
MCH8177,"Ghose, Om And Dada",5912,Healthcare & Pharmacy,Individual,Jaipur,Rajasthan,2023-01-25,VAWO9622110634974,Active,578.46,Found Duplicate,present,ALPHANUMERIC_IBAN,PROVIDED,PROVIDED
MCH6583,Raval Badal,5912,Healthcare & Pharmacy,Individual,Kolkata,West Bengal,2025-11-07,6285750236,Unknown,0.2083,Found Duplicate,present,VALID_NUMERIC,PROVIDED,PROVIDED
MCH1447,Uppal Ltd,5912,Healthcare & Pharmacy,Partnership,Lucknow,Uttar Pradesh,2026-02-20,,Unknown,236.04,Found Duplicate,present,MISSING,PROVIDED,PROVIDED
MCH2679,"Barman, Bains And Shan",5912,Healthcare & Pharmacy,Private Limited,Mumbai,Maharashtra,2024-12-25,2613968880,Active,1334.82,Unique,present,VALID_NUMERIC,PROVIDED,PROVIDED
MCH7647,"Bala, Mody And Kumer",5912,Healthcare & Pharmacy,Partnership,Mumbay,Maharashtra,2025-12-30,XXXX0768,Inactive,0.3285,Unique,present,MASKED,PROVIDED,PROVIDED
MCH7074,Lalla Iyengar,5912,Healthcare & Pharmacy,Individual,Jalandhar,Punjab,2026-01-10,9351816139,Active,732.21,Found Duplicate,present,VALID_NUMERIC,PROVIDED,PROVIDED
MCH5648,Jain Bera,5912,Healthcare & Pharmacy,Sole Proprietorship,Ludhiana,Punjab,,,Inactive,1745.3,Found Duplicate,missing,MISSING,PROVIDED,PROVIDED
MCH3325,Varty Vig,5912,Healthcare & Pharmacy,Partnership,Kolkata,West Bengal,2023-10-29,XXXX1753,Unknown,0.4212,Found Duplicate,present,MASKED,PROVIDED,PROVIDED
MCH6979,Nadig Ltd,5912,Healthcare & Pharmacy,Sole Proprietorship,Chennai,Tamil Nadu,2023-05-18,SYHI9438066539953,Inactive,640.32,Found Duplicate,present,ALPHANUMERIC_IBAN,PROVIDED,PROVIDED
MCH5642,Ganguly Kalla,5912,Healthcare & Pharmacy,Private Limited,Jalandhar,Punjab,2025-11-19,9623880565,Active,870.56,Found Duplicate,present,VALID_NUMERIC,PROVIDED,PROVIDED
MCH8746,Kari Inc,5912,Healthcare & Pharmacy,Partnership,Pune,Maharashtra,2024-11-10,XXXX5648,Active,1050.315,Unique,present,MASKED,PROVIDED,MISSING_OR_INVALID
MCH2368,Chadha Barman,5912,Healthcare & Pharmacy,Individual,Jalandhar,Punjab,2025-11-27,7857705450,Suspended,3326.29,Unique,present,VALID_NUMERIC,PROVIDED,PROVIDED
MCH8450,Narayanan Llc,5912,Healthcare & Pharmacy,Sole Proprietorship,Ludhiana,Punjab,,XXXX4013,Unknown,1022.45,Found Duplicate,missing,MASKED,PROVIDED,PROVIDED
MCH7919,Nadkarni Group,5912,Healthcare & Pharmacy,Private Limited,Mumbai,Maharashtra,2023-05-22,,Active,4687.28,Found Duplicate,present,MISSING,PROVIDED,PROVIDED
MCH3229,Keer Kale,5912,Healthcare & Pharmacy,Sole Proprietorship,Mumbay,Maharashtra,2024-02-28,UDDZ7214972649948,Active,276.23,Unique,present,ALPHANUMERIC_IBAN,PROVIDED,PROVIDED
MCH5360,Pillai And Sons,5912,Healthcare & Pharmacy,Individual,Lucknow,Uttar Pradesh,2025-05-07,,Active,745.28,Unique,present,MISSING,PROVIDED,PROVIDED
MCH9714,Issac Pall,5912,Healthcare & Pharmacy,Private Limited,Chennai,Tamil Nadu,2024-07-06,,Inactive,925.43,Unique,present,MISSING,PROVIDED,PROVIDED
MCH5881,Sengupta Bhat,5912,Healthcare & Pharmacy,Sole Proprietorship,Kolkata,West Bengal,2025-12-16,XXXX8685,Active,1381.95,Found Duplicate,present,MASKED,PROVIDED,PROVIDED
MCH6765,Sengupta Keer,5912,Healthcare & Pharmacy,Individual,Delhi,Delhi,2025-11-17,XXXX7076,Active,1250.47,Found Duplicate,present,MASKED,PROVIDED,PROVIDED
MCH1213,Ray Llc,5912,Healthcare & Pharmacy,Partnership,Pune,Maharashtra,2024-01-07,1805958295,Inactive,0.1556,Found Duplicate,present,VALID_NUMERIC,PROVIDED,PROVIDED
MCH7600,"Karnik, Thakur And Palla",5912,Healthcare & Pharmacy,Sole Proprietorship,Hyderabad,Telangana,2023-04-24,,Unknown,1154.91,Found Duplicate,present,MISSING,PROVIDED,PROVIDED
MCH1522,Mody Inc,5912,Healthcare & Pharmacy,Sole Proprietorship,Jaipur,Rajasthan,2024-08-04,,Unknown,631.57,Unique,present,MISSING,PROVIDED,PROVIDED
MCH2021,Shenoy Wable,5912,Healthcare & Pharmacy,Sole Proprietorship,Delhi,Delhi,2025-05-06,BNOS2436378037599,Active,2287.51,Unique,present,ALPHANUMERIC_IBAN,PROVIDED,PROVIDED
MCH6144,Ravi Dhingra,5912,Healthcare & Pharmacy,Private Limited,Hyderabad,Telangana,2023-04-28,,Active,0.2686,Found Duplicate,present,MISSING,PROVIDED,PROVIDED
MCH9506,"Savant, Bains And Bali",5912,Healthcare & Pharmacy,Partnership,Pune,Maharashtra,2025-12-01,XXXX0299,Active,353.01,Unique,present,MASKED,PROVIDED,PROVIDED
MCH2166,Sant Venkatesh,5912,Healthcare & Pharmacy,Individual,Amritsar,Punjab,2024-09-20,9608426270,Active,789.14,Unique,present,VALID_NUMERIC,PROVIDED,PROVIDED
MCH7645,Majumdar Nagarajan,5912,Healthcare & Pharmacy,Sole Proprietorship,Amritsar,Punjab,2024-09-21,7530870851,Active,1396.81,Unique,present,VALID_NUMERIC,PROVIDED,PROVIDED
MCH3725,Balan Inc,5912,Healthcare & Pharmacy,Sole Proprietorship,Kolkata,West Bengal,2024-04-10,XXXX4682,Active,2579.6,Found Duplicate,present,MASKED,PROVIDED,PROVIDED
MCH3764,Tandon And Sons,5912,Healthcare & Pharmacy,Partnership,Mumbai,Maharashtra,2025-12-30,,Active,0.3428,Unique,present,MISSING,PROVIDED,PROVIDED
MCH5321,Maharaj Ltd,5912,Healthcare & Pharmacy,Sole Proprietorship,Mumbai,Maharashtra,2024-08-29,9534555078,Inactive,2746.79,Unique,present,VALID_NUMERIC,PROVIDED,PROVIDED
MCH2123,"Pandey, Swamy And Desai",5912,Healthcare & Pharmacy,Private Limited,Hyderabad,Telangana,2024-03-31,1343743370,Unknown,0.2367,Found Duplicate,present,VALID_NUMERIC,PROVIDED,PROVIDED
MCH8255,Sastry Group,5912,Healthcare & Pharmacy,Partnership,Ludhiana,Punjab,2023-08-13,,Active,1386.59,Found Duplicate,present,MISSING,PROVIDED,PROVIDED
MCH3882,Kannan Plc,5912,Healthcare & Pharmacy,Individual,Pune,Maharashtra,2024-08-06,4780136395,Active,1470.9,Unique,present,VALID_NUMERIC,PROVIDED,PROVIDED
MCH1816,Samra Bhattacharyya,5912,Healthcare & Pharmacy,Individual,Kolkata,West Bengal,2024-07-11,,Active,1868.22,Found Duplicate,present,MISSING,PROVIDED,PROVIDED
MCH2075,"Dhar,Deoandrau",5912,Healthcare & Pharmacy,Individual,Delhi,Delhi,2024-09-01,0032289516,Active,1584.12,Unique,present,VALID_NUMERIC,PROVIDED,PROVIDED
MCH6903,Sanghvi Suresh,5912,Healthcare & Pharmacy,Sole Proprietorship,Pune,Maharashtra,2024-12-01,XXXX6921,Unknown,3930.65,Found Duplicate,present,MASKED,PROVIDED,PROVIDED
MCH5476,Buch Group,5912,Healthcare & Pharmacy,Private Limited,Delhi,Delhi,2024-03-08,,Active,1311.87,Unique,present,MISSING,PROVIDED,PROVIDED
MCH4963,Atwalltd,5912,Healthcare & Pharmacy,Sole Proprietorship,Hyderabad,Telangana,2024-09-17,,Active,1050.315,Unique,present,MISSING,PROVIDED,MISSING_OR_INVALID
MCH2186,Venkatesh And Sons,5912,Healthcare & Pharmacy,Sole Proprietorship,Lucknow,Uttar Pradesh,2025-11-23,,Active,661.82,Unique,present,MISSING,PROVIDED,PROVIDED
MCH5362,"Kunda, Tiwari And Nagi",5912,Healthcare & Pharmacy,Private Limited,Jaipur,Rajasthan,2024-08-09,,Active,1922.99,Found Duplicate,present,MISSING,PROVIDED,PROVIDED
MCH2907,Varughese Mani,5912,Healthcare & Pharmacy,Sole Proprietorship,Chennai,Tamil Nadu,2023-04-25,,Active,0.1106,Unique,present,MISSING,PROVIDED,PROVIDED
MCH1073,"Dasgupta,Rayanddara",5912,Healthcare & Pharmacy,Partnership,Lucknow,Uttar Pradesh,2024-09-22,XXXX7293,Suspended,1002.63,Unique,present,MASKED,PROVIDED,PROVIDED
MCH9853,Dhar Raval,5912,Healthcare & Pharmacy,Sole Proprietorship,Kolkata,West Bengal,,,Active,795.17,Unique,missing,MISSING,PROVIDED,PROVIDED
MCH2582,Lal Plc,5912,Healthcare & Pharmacy,Sole Proprietorship,Delhi,Delhi,2025-09-13,,Active,1344.48,Unique,present,MISSING,PROVIDED,PROVIDED
MCH7906,"Ganesan, Gopal And Ratta",5912,Healthcare & Pharmacy,Individual,Jaipur,Rajasthan,2023-08-04,6930056996,Unknown,733.85,Unique,present,VALID_NUMERIC,PROVIDED,PROVIDED
MCH2202,"Dass, Vala And Goda",5912,Healthcare & Pharmacy,Private Limited,Hyderabad,Telangana,2023-06-19,EGTB4563622891580,Suspended,1191.83,Unique,present,ALPHANUMERIC_IBAN,PROVIDED,PROVIDED
MCH1881,"Bawa, Ganesan And Oak",5912,Healthcare & Pharmacy,Partnership,Chennai,Tamil Nadu,2023-12-14,,Suspended,1349.05,Unique,present,MISSING,PROVIDED,PROVIDED
MCH3207,"Gala, Khatri And Khalsa",5912,Healthcare & Pharmacy,Partnership,Amritsar,Punjab,2024-04-23,7398854821,Unknown,929.51,Unique,present,VALID_NUMERIC,PROVIDED,PROVIDED
MCH4712,"Zacharia, Shere And Dhar",5912,Healthcare & Pharmacy,Private Limited,Jalandhar,Punjab,2023-04-27,XXXX2361,Active,2235.26,Found Duplicate,present,MASKED,PROVIDED,PROVIDED
MCH3698,Khanna Bail,5912,Healthcare & Pharmacy,Partnership,Lucknow,Uttar Pradesh,2024-11-10,,Active,2901.24,Found Duplicate,present,MISSING,PROVIDED,PROVIDED
MCH2954,Gour Group,5912,Healthcare & Pharmacy,Partnership,Kolkata,West Bengal,2024-02-13,,Active,0.1398,Found Duplicate,present,MISSING,PROVIDED,PROVIDED
MCH2347,"Dara, Ravel And Soni",5912,Healthcare & Pharmacy,Sole Proprietorship,Amritsar,Punjab,2023-12-09,LYBJ8156884625938,Active,3169.93,Unique,present,ALPHANUMERIC_IBAN,PROVIDED,PROVIDED
MCH7294,"Kuruvilla, Ahluwalia And Gole",5912,Healthcare & Pharmacy,Partnership,Pune,Maharashtra,2023-06-11,FATQ4333129690113,Active,1573.98,Found Duplicate,present,ALPHANUMERIC_IBAN,PROVIDED,PROVIDED
MCH2148,Dora Ltd,5912,Healthcare & Pharmacy,Private Limited,Amritsar,Punjab,2024-05-30,,Active,343.34,Unique,present,MISSING,PROVIDED,PROVIDED
MCH3244,Murthy Group,5912,Healthcare & Pharmacy,Private Limited,Jalandhar,Punjab,2025-03-07,,Active,3366.47,Unique,present,MISSING,PROVIDED,PROVIDED
MCH2157,Parmer Sinha,5912,Healthcare & Pharmacy,Partnership,Delhi,Delhi,2023-10-22,,Active,1536.42,Found Duplicate,present,MISSING,PROVIDED,PROVIDED
MCH4382,"Bahl, Ratta And Mann",5912,Healthcare & Pharmacy,Individual,Mumbai,Maharashtra,2023-07-18,,Active,0.1094,Found Duplicate,present,MISSING,PROVIDED,PROVIDED
MCH6419,"Bhalla, Dubey And Salvi",5912,Healthcare & Pharmacy,Sole Proprietorship,Jaipur,Rajasthan,2024-01-15,,Unknown,3881.01,Unique,present,MISSING,PROVIDED,PROVIDED
MCH1405,Sawhney Naru1A,5912,Healthcare & Pharmacy,Sole Proprietorship,Lucknow,Uttar Pradesh,2024-12-31,,Suspended,3091.86,Found Duplicate,present,MISSING,PROVIDED,PROVIDED
MCH8561,Mahal Talwar,5912,Healthcare & Pharmacy,Individual,Pune,Maharashtra,2024-11-21,XXXX1106,Unknown,892.64,Found Duplicate,present,MASKED,PROVIDED,PROVIDED
MCH1422,Merchant And Sons,5912,Healthcare & Pharmacy,Individual,Hyderabad,Telangana,2023-04-25,,Active,4074.0,Unique,present,MISSING,PROVIDED,PROVIDED
MCH7338,"Verma, Rai And Patla",5912,Healthcare & Pharmacy,Private Limited,Bengaluru,Karnataka,2024-05-06,XXXX7454,Active,2235.57,Unique,present,MASKED,PROVIDED,PROVIDED
MCH1388,"Kala, Kunda And Pandit",5912,Healthcare & Pharmacy,Sole Proprietorship,Bengaluru,Karnataka,2025-07-22,PZDL0297294331143,Active,3155.43,Unique,present,ALPHANUMERIC_IBAN,PROVIDED,PROVIDED
MCH6329,Srinivas Banerjee,5912,Healthcare & Pharmacy,Individual,Kolkata,West Bengal,2024-05-12,XXXX2718,Active,199.46,Unique,present,MASKED,PROVIDED,PROVIDED
MCH1226,Nadkarni Ltd,5912,Healthcare & Pharmacy,Sole Proprietorship,Ludhiana,Punjab,,,Active,602.21,Found Duplicate,missing,MISSING,PROVIDED,PROVIDED
MCH7735,Nanda Plc,5912,Healthcare & Pharmacy,Individual,Kolkata,West Bengal,,4101693364,Active,763.99,Found Duplicate,missing,VALID_NUMERIC,PROVIDED,PROVIDED
MCH7268,Mand Char,5912,Healthcare & Pharmacy,Private Limited,Mumbay,Maharashtra,2025-06-20,,Active,1359.5,Unique,present,MISSING,PROVIDED,PROVIDED
MCH7780,Jain Plc,5912,Healthcare & Pharmacy,Sole Proprietorship,Lucknow,Uttar Pradesh,2025-07-19,,Active,1050.315,Found Duplicate,present,MISSING,PROVIDED,MISSING_OR_INVALID
MCH4168,"Jani, Khalsa And Minhas",5912,Healthcare & Pharmacy,Individual,Jaipur,Rajasthan,2023-05-28,,Inactive,358.74,Found Duplicate,present,MISSING,PROVIDED,PROVIDED
MCH7272,Bansal Das,5912,Healthcare & Pharmacy,Sole Proprietorship,Ludhiana,Punjab,2023-12-20,XXXX6496,Active,391.71,Found Duplicate,present,MASKED,PROVIDED,PROVIDED
MCH6922,"Walia, Mukherjee And Sodhi",5912,Healthcare & Pharmacy,Private Limited,Mumbai,Maharashtra,,FUTM3546823667854,Inactive,0.371,Found Duplicate,missing,ALPHANUMERIC_IBAN,PROVIDED,PROVIDED
MCH1308,Subramaniam Shankar,5912,Healthcare & Pharmacy,Partnership,Bengaluru,Karnataka,2024-12-28,RSHZ2134290298030,Inactive,2112.78,Unique,present,ALPHANUMERIC_IBAN,PROVIDED,PROVIDED
MCH6722,Khalsa Kapadia,5912,Healthcare & Pharmacy,Partnership,Bengaluru,Karnataka,2023-03-06,4686133127,Active,2042.78,Found Duplicate,present,VALID_NUMERIC,PROVIDED,PROVIDED
MCH9906,"Raj, Goda And Rastogi",5912,Healthcare & Pharmacy,Private Limited,Pune,Maharashtra,2025-01-31,2812012011,Active,543.33,Found Duplicate,present,VALID_NUMERIC,PROVIDED,PROVIDED
MCH2656,"Patla, Deo And Babu",5912,Healthcare & Pharmacy,Partnership,Jaipur,Rajasthan,2026-02-02,2362196367,Active,1217.69,Found Duplicate,present,VALID_NUMERIC,PROVIDED,PROVIDED
MCH1806,Dugar Rege,5912,Healthcare & Pharmacy,Private Limited,Delhi,Delhi,,7841679256,Suspended,0.1498,Found Duplicate,missing,VALID_NUMERIC,PROVIDED,PROVIDED
MCH9362,"Lala, Oza And Chahal",5912,Healthcare & Pharmacy,Sole Proprietorship,Delhi,Delhi,2024-04-25,XXXX6427,Active,1820.41,Unique,present,MASKED,PROVIDED,PROVIDED
MCH4356,"Guha, Sheth And Ravi",5912,Healthcare & Pharmacy,Partnership,Kolkata,West Bengal,2024-07-06,3427547300,Active,2725.51,Found Duplicate,present,VALID_NUMERIC,PROVIDED,PROVIDED
MCH2915,"Vohra, Pathak And Bumb",5912,Healthcare & Pharmacy,Individual,Kolkata,West Bengal,2025-06-09,,Active,459.58,Found Duplicate,present,MISSING,PROVIDED,PROVIDED
MCH5745,Sawhney Apte,5912,Healthcare & Pharmacy,Private Limited,Delhi,Delhi,2025-06-04,6957896911,Unknown,2109.42,Found Duplicate,present,VALID_NUMERIC,PROVIDED,PROVIDED
MCH6520,Manda Shah,5912,Healthcare & Pharmacy,Individual,Kolkata,West Bengal,2024-01-08,,Active,1457.02,Unique,present,MISSING,PROVIDED,PROVIDED
MCH9406,Goyal Bhakta,5912,Healthcare & Pharmacy,Individual,Delhi,Delhi,2023-11-20,,Unknown,280.93,Found Duplicate,present,MISSING,PROVIDED,PROVIDED
MCH9946,Jain Llc,5912,Healthcare & Pharmacy,Partnership,Pune,Maharashtra,2024-12-10,WESP3308956963595,Active,0.1421,Found Duplicate,present,ALPHANUMERIC_IBAN,PROVIDED,PROVIDED
MCH1774,Patla Warrior,5912,Healthcare & Pharmacy,Partnership,Mumbai,Maharashtra,2023-01-02,XREO9787326188727,Unknown,442.29,Found Duplicate,present,ALPHANUMERIC_IBAN,PROVIDED,PROVIDED
MCH8945,Krish And Sons,5912,Healthcare & Pharmacy,Partnership,Mumbay,Maharashtra,2024-01-11,XXXX9324,Active,411.91,Found Duplicate,present,MASKED,PROVIDED,PROVIDED
MCH5438,"Krishna, Vohra And Ghose",5912,Healthcare & Pharmacy,Sole Proprietorship,Chennai,Tamil Nadu,2023-11-12,XXXX0401,Active,1326.9,Unique,present,MASKED,PROVIDED,PROVIDED
MCH7913,Ganesan S00D,5912,Healthcare & Pharmacy,Individual,Delhi,Delhi,2024-08-15,,Active,562.1,Found Duplicate,present,MISSING,PROVIDED,PROVIDED
MCH8078,Thaman Ganguly,5912,Healthcare & Pharmacy,Sole Proprietorship,Mumbai,Maharashtra,2023-07-12,7715038972,Active,1158.31,Unique,present,VALID_NUMERIC,PROVIDED,PROVIDED
MCH4900,Issac Venkataraman,5912,Healthcare & Pharmacy,Sole Proprietorship,Kolkata,West Bengal,2023-08-15,,Active,1519.72,Found Duplicate,present,MISSING,PROVIDED,PROVIDED
MCH8109,"Nadkarni, Sawhney And Singh",5912,Healthcare & Pharmacy,Partnership,Delhi,Delhi,2024-04-28,0836014923,Active,0.5729,Unique,present,VALID_NUMERIC,PROVIDED,PROVIDED
MCH3399,Rana Talwar,5912,Healthcare & Pharmacy,Private Limited,Mumbai,Maharashtra,2024-03-30,6585786984,Active,575.9,Found Duplicate,present,VALID_NUMERIC,PROVIDED,PROVIDED
MCH2356,Baria Plc,5912,Healthcare & Pharmacy,Individual,Ludhiana,Punjab,2024-04-02,,Unknown,2672.62,Found Duplicate,present,MISSING,PROVIDED,PROVIDED
MCH6445,Shere And Sons,5912,Healthcare & Pharmacy,Individual,Ludhiana,Punjab,2025-01-28,,Unknown,0.766,Unique,present,MISSING,PROVIDED,PROVIDED
MCH4102,Dass Llc,5912,Healthcare & Pharmacy,Partnership,Kolkata,West Bengal,2026-02-19,XXXX9287,Active,375.32,Found Duplicate,present,MASKED,PROVIDED,PROVIDED
MCH6079,"Chaudhuri, Mody And Goswami",5912,Healthcare & Pharmacy,Partnership,Ludhiana,Punjab,2025-10-04,IGWP7360975530260,Inactive,1050.315,Found Duplicate,present,ALPHANUMERIC_IBAN,PROVIDED,MISSING_OR_INVALID
MCH4578,Khare Warrior,5912,Healthcare & Pharmacy,Private Limited,Amritsar,Punjab,2023-11-01,4489355946,Active,504.9,Found Duplicate,present,VALID_NUMERIC,PROVIDED,PROVIDED
MCH6384,"Rave1, Mane And Madan",5912,Healthcare & Pharmacy,Partnership,Delhi,Delhi,2023-04-26,8497490345,Unknown,334.08,Unique,present,VALID_NUMERIC,PROVIDED,PROVIDED
MCH1263,Memon Choudhary,5912,Healthcare & Pharmacy,Private Limited,Hyderabad,Telangana,2025-11-27,,Active,1888.17,Found Duplicate,present,MISSING,PROVIDED,PROVIDED
MCH7567,Bora Venkatesh,5912,Healthcare & Pharmacy,Partnership,Lucknow,Uttar Pradesh,,,Active,664.14,Found Duplicate,missing,MISSING,PROVIDED,PROVIDED
MCH1646,"Sane, Zacharia And Samra",5912,Healthcare & Pharmacy,Individual,Jaipur,Rajasthan,2023-12-31,5847905998,Active,1891.86,Found Duplicate,present,VALID_NUMERIC,PROVIDED,PROVIDED
MCH6730,"Babu, Sarma And Setty",5912,Healthcare & Pharmacy,Partnership,Lucknow,Uttar Pradesh,2023-10-28,XXXX4738,Active,1118.53,Unique,present,MASKED,PROVIDED,PROVIDED
MCH2115,Modi Kari,5912,Healthcare & Pharmacy,Sole Proprietorship,Delhi,Delhi,2023-04-10,XXXX4594,Active,1597.33,Found Duplicate,present,MASKED,PROVIDED,PROVIDED
MCH1936,"Batra, Ramanathan And Din",5912,Healthcare & Pharmacy,Sole Proprietorship,Hyderabad,Telangana,2024-07-16,XXXX3173,Unknown,143.98,Found Duplicate,present,MASKED,PROVIDED,PROVIDED
MCH3487,Soni And Sons,5912,Healthcare & Pharmacy,Sole Proprietorship,Lucknow,Uttar Pradesh,2023-05-16,XXXX5287,Unknown,1671.71,Found Duplicate,present,MASKED,PROVIDED,PROVIDED
MCH1259,"Wagle, Verma And Ramanathan",5912,Healthcare & Pharmacy,Private Limited,Jaipur,Rajasthan,2025-08-12,,Active,548.2,Unique,present,MISSING,PROVIDED,PROVIDED
MCH8614,Singhal Group,5912,Healthcare & Pharmacy,Sole Proprietorship,Bengaluru,Karnataka,2025-03-27,XXXX4582,Active,4570.35,Found Duplicate,present,MASKED,PROVIDED,PROVIDED
MCH6390,Barman Plc,5912,Healthcare & Pharmacy,Individual,Kolkata,West Bengal,2023-11-24,XXXX9714,Active,904.29,Unique,present,MASKED,PROVIDED,PROVIDED
MCH2791,"Rastogi, Mannan And Sabharwal",5912,Healthcare & Pharmacy,Sole Proprietorship,Delhi,Delhi,2025-08-21,,Active,1050.315,Unique,present,MISSING,PROVIDED,MISSING_OR_INVALID
MCH4835,Hari Inc,5912,Healthcare & Pharmacy,Individual,Hyderabad,Telangana,2024-10-06,XXXX3222,Active,348.86,Unique,present,MASKED,PROVIDED,PROVIDED
MCH7900,Lala Kashyap,5912,Healthcare & Pharmacy,Individual,Chennai,Tamil Nadu,2024-01-06,DYCG4683635893934,Unknown,0.1298,Found Duplicate,present,ALPHANUMERIC_IBAN,PROVIDED,PROVIDED
MCH6010,"Tak, Sani And Jaggi",5912,Healthcare & Pharmacy,Individual,Jaipur,Rajasthan,2024-01-20,TXCH9949373918886,Active,1022.54,Unique,present,ALPHANUMERIC_IBAN,PROVIDED,PROVIDED
MCH5502,Kaul Nayar,5912,Healthcare & Pharmacy,Sole Proprietorship,Chennai,Tamil Nadu,2024-10-18,0267393457,Active,0.716,Found Duplicate,present,VALID_NUMERIC,PROVIDED,PROVIDED
MCH3987,Pandya Inc,5912,Healthcare & Pharmacy,Partnership,Amritsar,Punjab,2025-10-14,,Active,1050.315,Found Duplicate,present,MISSING,PROVIDED,MISSING_OR_INVALID
MCH5683,"Magar, Cherian And Wable",5912,Healthcare & Pharmacy,Partnership,Amritsar,Punjab,2024-08-07,3259910905,Active,1544.64,Found Duplicate,present,VALID_NUMERIC,PROVIDED,PROVIDED
MCH2501,Ravel Inc,5912,Healthcare & Pharmacy,Partnership,Ludhiana,Punjab,2024-08-13,XXXX9432,Active,2494.94,Unique,present,MASKED,PROVIDED,PROVIDED
MCH6256,Manda Inc,5912,Healthcare & Pharmacy,Partnership,Ludhiana,Punjab,2024-09-27,,Active,574.96,Found Duplicate,present,MISSING,PROVIDED,PROVIDED
MCH7359,Rajagopalan Rattan,5912,Healthcare & Pharmacy,Sole Proprietorship,Kolkata,West Bengal,2025-03-13,,Active,825.72,Found Duplicate,present,MISSING,PROVIDED,PROVIDED
MCH5322,Parsa Llc,5912,Healthcare & Pharmacy,Individual,Jalandhar,Punjab,2023-03-26,XXXX3422,Unknown,2329.55,Unique,present,MASKED,PROVIDED,PROVIDED
MCH7609,Mitta1 Plc,5912,Healthcare & Pharmacy,Individual,Jalandhar,Punjab,2025-03-10,XXXX5424,Active,7169.86,Found Duplicate,present,MASKED,PROVIDED,PROVIDED
MCH6570,Venkataraman Ltd,5912,Healthcare & Pharmacy,Private Limited,Delhi,Delhi,2024-01-23,,Unknown,332.15,Unique,present,MISSING,PROVIDED,PROVIDED
MCH1005,Sagar And Sons,5912,Healthcare & Pharmacy,Partnership,Ludhiana,Punjab,2024-02-06,IPTY9767700049775,Unknown,967.53,Unique,present,ALPHANUMERIC_IBAN,PROVIDED,PROVIDED
MCH9471,"Bajaj, Sandal And Barad",5912,Healthcare & Pharmacy,Sole Proprietorship,Mumbai,Maharashtra,2025-05-23,XXXX5365,Active,457.15,Found Duplicate,present,MASKED,PROVIDED,PROVIDED
MCH6875,Buch Ltd,5912,Healthcare & Pharmacy,Individual,Lucknow,Uttar Pradesh,2023-02-07,,Active,2704.27,Found Duplicate,present,MISSING,PROVIDED,PROVIDED
MCH2240,"Shenoy, Tara And Kala",5912,Healthcare & Pharmacy,Partnership,Chennai,Tamil Nadu,2023-03-25,,Active,1500.77,Unique,present,MISSING,PROVIDED,PROVIDED
MCH2690,Nagarajan Inc,5912,Healthcare & Pharmacy,Sole Proprietorship,Lucknow,Uttar Pradesh,2023-06-22,LDEV4758391652112,Suspended,3091.83,Unique,present,ALPHANUMERIC_IBAN,PROVIDED,PROVIDED
MCH4897,Bedi Mitra,5912,Healthcare & Pharmacy,Individual,Lucknow,Uttar Pradesh,,,Inactive,851.98,Found Duplicate,missing,MISSING,PROVIDED,PROVIDED
MCH6626,Zacharia Kapadia,5912,Healthcare & Pharmacy,Private Limited,Lucknow,Uttar Pradesh,2024-07-25,,Inactive,2864.89,Unique,present,MISSING,PROVIDED,PROVIDED
MCH2264,Sandal Nadig,5912,Healthcare & Pharmacy,Individual,Kolkata,West Bengal,2024-04-27,,Active,0.138,Found Duplicate,present,MISSING,PROVIDED,PROVIDED
MCH7943,Chaudhary Rana,5912,Healthcare & Pharmacy,Individual,Kolkata,West Bengal,2024-12-27,IEWV4741965388466,Active,3927.63,Unique,present,ALPHANUMERIC_IBAN,PROVIDED,PROVIDED
MCH9675,Mand Varkey,5912,Healthcare & Pharmacy,Individual,Jalandhar,Punjab,2025-11-05,,Inactive,843.13,Unique,present,MISSING,PROVIDED,PROVIDED
MCH6926,Bhattacharyya And S0Ns,5912,Healthcare & Pharmacy,Private Limited,Jaipur,Rajasthan,2025-08-28,,Active,3997.27,Unique,present,MISSING,PROVIDED,PROVIDED
MCH1530,"Suresh, Kadakia And Iyer",5912,Healthcare & Pharmacy,Private Limited,Jalandhar,Punjab,2024-08-23,,Active,158.58,Found Duplicate,present,MISSING,PROVIDED,PROVIDED
MCH9745,"Datta, Kibe And Barad",5912,Healthcare & Pharmacy,Sole Proprietorship,Ludhiana,Punjab,2023-03-05,UQJV3362810389691,Inactive,0.1003,Found Duplicate,present,ALPHANUMERIC_IBAN,PROVIDED,PROVIDED
MCH6541,"Mahal, Panchal And Doshi",5912,Healthcare & Pharmacy,Individual,Mumbay,Maharashtra,2024-06-12,XXXX5174,Active,0.307,Unique,present,MASKED,PROVIDED,PROVIDED
MCH5917,"Tara, Bhasin And Singh",5912,Healthcare & Pharmacy,Sole Proprietorship,Pune,Maharashtra,2023-08-26,6037353463,Suspended,443.4,Unique,present,VALID_NUMERIC,PROVIDED,PROVIDED
MCH8240,Sur Llc,5912,Healthcare & Pharmacy,Partnership,Lucknow,Uttar Pradesh,2025-08-10,0641477724,Active,1777.69,Unique,present,VALID_NUMERIC,PROVIDED,PROVIDED
MCH8901,Raghavan Bhavsar,5912,Healthcare & Pharmacy,Private Limited,Jalandhar,Punjab,2023-12-13,,Inactive,2886.4,Found Duplicate,present,MISSING,PROVIDED,PROVIDED
MCH5283,"Verma, Narasimhan And Balan",5912,Healthcare & Pharmacy,Individual,Delhi,Delhi,2026-02-05,,Inactive,0.1266,Found Duplicate,present,MISSING,PROVIDED,PROVIDED
MCH5770,Kari Llc,5912,Healthcare & Pharmacy,Private Limited,Hyderabad,Telangana,2025-01-29,,Active,573.41,Unique,present,MISSING,PROVIDED,PROVIDED
MCH8879,Raju And Sons,5912,Healthcare & Pharmacy,Sole Proprietorship,Lucknow,Uttar Pradesh,2023-08-30,,Active,0.906,Unique,present,MISSING,PROVIDED,PROVIDED
MCH9868,"Bedi, Konda And Kant",5912,Healthcare & Pharmacy,Individual,Jaipur,Rajasthan,2023-02-01,XXXX9285,Active,444.97,Found Duplicate,present,MASKED,PROVIDED,PROVIDED
MCH7028,Jain Merchant,5912,Healthcare & Pharmacy,Partnership,Lucknow,Uttar Pradesh,2025-10-16,,Unknown,542.31,Found Duplicate,present,MISSING,PROVIDED,PROVIDED
MCH5106,Sagar Llc,5912,Healthcare & Pharmacy,Individual,Jalandhar,Punjab,2026-02-23,,Active,1707.71,Found Duplicate,present,MISSING,PROVIDED,PROVIDED
MCH7780,Jain Plc,5912,Healthcare & Pharmacy,Sole Proprietorship,Lucknow,Uttar Pradesh,2025-07-19,,Inactive,1050.315,Found Duplicate,present,MISSING,PROVIDED,MISSING_OR_INVALID
MCH3281,Thakur Gade,5912,Healthcare & Pharmacy,Sole Proprietorship,Delhi,Delhi,,XXXX4216,Inactive,432.42,Found Duplicate,missing,MASKED,PROVIDED,PROVIDED
MCH8364,Kataplc,5912,Healthcare & Pharmacy,Individual,Mumbai,Maharashtra,2023-11-21,,Unknown,753.31,Unique,present,MISSING,PROVIDED,PROVIDED
MCH8648,"Kumer, Pradhan And Pai",5912,Healthcare & Pharmacy,Sole Proprietorship,Jalandhar,Punjab,2023-12-17,CPHP6408157927970,Active,2147.87,Found Duplicate,present,ALPHANUMERIC_IBAN,PROVIDED,PROVIDED
MCH6866,Shroff Plc,5912,Healthcare & Pharmacy,Partnership,Ludhiana,Punjab,2023-01-16,4290543649,Active,1819.8,Found Duplicate,present,VALID_NUMERIC,PROVIDED,PROVIDED
MCH9433,Chhabra Naik,5912,Healthcare & Pharmacy,Individual,Jalandhar,Punjab,2023-12-14,CQOU4085851260723,Active,4629.09,Unique,present,ALPHANUMERIC_IBAN,PROVIDED,PROVIDED
MCH2387,Dar Dass,5912,Healthcare & Pharmacy,Partnership,Lucknow,Uttar Pradesh,,,Active,1022.15,Unique,missing,MISSING,PROVIDED,PROVIDED
MCH9296,Ramanathan Ltd,5912,Healthcare & Pharmacy,Individual,Jaipur,Rajasthan,2025-01-29,,Unknown,1253.48,Found Duplicate,present,MISSING,PROVIDED,PROVIDED
MCH8058,"Jayaraman, Pall And Goel",5912,Healthcare & Pharmacy,Partnership,Kolkata,West Bengal,2023-06-25,DJCR4230820318730,Active,1476.23,Found Duplicate,present,ALPHANUMERIC_IBAN,PROVIDED,PROVIDED
MCH2185,Wagle Inc,5912,Healthcare & Pharmacy,Private Limited,Pune,Maharashtra,,XXXX8242,Suspended,0.828,Unique,missing,MASKED,PROVIDED,PROVIDED
MCH1492,"Panchal, Bail And Nadkarni",5912,Healthcare & Pharmacy,Sole Proprietorship,Jaipur,Rajasthan,2024-07-05,,Suspended,6674.02,Found Duplicate,present,MISSING,PROVIDED,PROVIDED
MCH1409,Baral Llc,5912,Healthcare & Pharmacy,Individual,Hyderabad,Telangana,2023-06-03,,Active,1891.12,Unique,present,MISSING,PROVIDED,PROVIDED
MCH6545,"Chanda, Mittal And Venkatesh",5912,Healthcare & Pharmacy,Individual,Kolkata,West Bengal,,0281511993,Active,909.37,Found Duplicate,missing,VALID_NUMERIC,PROVIDED,PROVIDED
MCH1168,"Seshadri, Borah And Sachdeva",5912,Healthcare & Pharmacy,Individual,Pune,Maharashtra,2026-01-04,CWXA5916653675162,Unknown,4780.41,Found Duplicate,present,ALPHANUMERIC_IBAN,PROVIDED,PROVIDED
MCH7386,Tara Plc,5912,Healthcare & Pharmacy,Private Limited,Hyderabad,Telangana,2025-12-17,,Suspended,1062.8,Found Duplicate,present,MISSING,PROVIDED,PROVIDED
MCH1101,Ramaswamy Prabhakar,5912,Healthcare & Pharmacy,Sole Proprietorship,Chennai,Tamil Nadu,2025-06-02,,Unknown,0.8687,Found Duplicate,present,MISSING,PROVIDED,PROVIDED
MCH9565,Gaba Llc,5912,Healthcare & Pharmacy,Individual,Kolkata,West Bengal,2025-03-08,5752723069,Inactive,715.93,Found Duplicate,present,VALID_NUMERIC,PROVIDED,PROVIDED
MCH2244,Master Plc,5912,Healthcare & Pharmacy,Private Limited,Jalandhar,Punjab,2024-10-06,,Inactive,0.2383,Unique,present,MISSING,PROVIDED,PROVIDED
MCH1959,Khatri Kumar,5912,Healthcare & Pharmacy,Private Limited,Mumbai,Maharashtra,2025-01-09,VKRC9106963270153,Unknown,0.622,Found Duplicate,present,ALPHANUMERIC_IBAN,PROVIDED,PROVIDED
MCH6935,"Sagar,Badalandjha",5912,Healthcare & Pharmacy,Private Limited,Delhi,Delhi,2025-11-06,,Active,319.7,Unique,present,MISSING,PROVIDED,PROVIDED
MCH2754,"Rastogi, Kamdar And Kumer",5912,Healthcare & Pharmacy,Sole Proprietorship,Chennai,Tamil Nadu,2023-04-27,,Active,2871.91,Found Duplicate,present,MISSING,PROVIDED,PROVIDED
MCH2105,"Savant, Chauhan And Kumer",5912,Healthcare & Pharmacy,Private Limited,Amritsar,Punjab,2024-09-28,,Active,898.76,Found Duplicate,present,MISSING,PROVIDED,PROVIDED
MCH8152,Chaudhari Plc,5912,Healthcare & Pharmacy,Sole Proprietorship,Jalandhar,Punjab,2023-07-24,,Active,1648.01,Unique,present,MISSING,PROVIDED,PROVIDED
MCH1478,Sah0Ta Llc,5912,Healthcare & Pharmacy,Individual,Jaipur,Rajasthan,2024-09-12,1321864172,Inactive,0.2037,Unique,present,VALID_NUMERIC,PROVIDED,PROVIDED
MCH7546,Koshy Llc,5912,Healthcare & Pharmacy,Individual,Delhi,Delhi,2024-11-17,XXXX1749,Active,0.356,Unique,present,MASKED,PROVIDED,PROVIDED
MCH8137,"Sankar,Guhaandkara",5912,Healthcare & Pharmacy,Private Limited,Hyderabad,Telangana,2023-08-20,OYZH8287026186914,Unknown,425.78,Found Duplicate,present,ALPHANUMERIC_IBAN,PROVIDED,PROVIDED
MCH8852,Bali Hora,5912,Healthcare & Pharmacy,Individual,Delhi,Delhi,2024-07-09,,Active,2821.74,Unique,present,MISSING,PROVIDED,PROVIDED
MCH2265,"Bail, Gopal And Khare",5912,Healthcare & Pharmacy,Partnership,Lucknow,Uttar Pradesh,2024-08-04,VZCP3787385327453,Inactive,785.4,Found Duplicate,present,ALPHANUMERIC_IBAN,PROVIDED,PROVIDED
MCH5154,Bhargava Dey,5912,Healthcare & Pharmacy,Partnership,Jalandhar,Punjab,2025-03-22,XPFJ2723277827453,Active,861.82,Found Duplicate,present,ALPHANUMERIC_IBAN,PROVIDED,PROVIDED
MCH1497,Lanka Plc,5912,Healthcare & Pharmacy,Private Limited,Amritsar,Punjab,2025-09-24,,Active,0.1817,Unique,present,MISSING,PROVIDED,PROVIDED
MCH9223,Ram Llc,5912,Healthcare & Pharmacy,Sole Proprietorship,Delhi,Delhi,,,Unknown,633.68,Found Duplicate,missing,MISSING,PROVIDED,PROVIDED
MCH1506,Gandhi Loke,5912,Healthcare & Pharmacy,Partnership,Chennai,Tamil Nadu,2024-06-13,,Active,0.967,Unique,present,MISSING,PROVIDED,PROVIDED
MCH7600,Panchal Ltd,5912,Healthcare & Pharmacy,Individual,Lucknow,Uttar Pradesh,2023-10-13,,Active,1148.2,Found Duplicate,present,MISSING,PROVIDED,PROVIDED
MCH4363,Bhagatinc,5912,Healthcare & Pharmacy,Private Limited,Jalandhar,Punjab,2023-07-22,2625500394,Active,1657.41,Found Duplicate,present,VALID_NUMERIC,PROVIDED,PROVIDED
MCH5038,"Din, Som And Bahl",5912,Healthcare & Pharmacy,Partnership,Lucknow,Uttar Pradesh,2024-10-20,DJBJ3245727756471,Active,1056.12,Unique,present,ALPHANUMERIC_IBAN,PROVIDED,PROVIDED
MCH1294,Rajagopalan Group,5912,Healthcare & Pharmacy,Individual,Amritsar,Punjab,2024-08-29,XXXX1888,Active,539.82,Unique,present,MASKED,PROVIDED,PROVIDED
MCH1628,"Rao, Buch And Kala",5912,Healthcare & Pharmacy,Individual,Lucknow,Uttar Pradesh,2025-01-08,,Active,789.95,Unique,present,MISSING,PROVIDED,PROVIDED
MCH6825,Viswanathan Ltd,5912,Healthcare & Pharmacy,Partnership,Mumbai,Maharashtra,2023-01-10,7090133493,Active,1083.22,Found Duplicate,present,VALID_NUMERIC,PROVIDED,PROVIDED
MCH3677,Toor And Sons,5912,Healthcare & Pharmacy,Sole Proprietorship,Amritsar,Punjab,2025-03-03,XXXX6857,Active,4703.03,Found Duplicate,present,MASKED,PROVIDED,PROVIDED
MCH7013,"Batra,Narangandgala",5912,Healthcare & Pharmacy,Sole Proprietorship,Delhi,Delhi,2025-03-02,XXXX0133,Active,2875.47,Found Duplicate,present,MASKED,PROVIDED,PROVIDED
MCH8277,"Patil, Goyal And Sarin",5912,Healthcare & Pharmacy,Individual,Amritsar,Punjab,2025-07-04,XXXX6940,Inactive,1542.69,Unique,present,MASKED,PROVIDED,PROVIDED
MCH2744,"Divan, Narang And Jhaveri",5912,Healthcare & Pharmacy,Partnership,Lucknow,Uttar Pradesh,2025-11-04,2199444279,Suspended,734.64,Unique,present,VALID_NUMERIC,PROVIDED,PROVIDED
MCH2384,Sarkar Aur0Ra,5912,Healthcare & Pharmacy,Sole Proprietorship,Jaipur,Rajasthan,2025-01-22,,Active,4909.55,Found Duplicate,present,MISSING,PROVIDED,PROVIDED
MCH1040,Chand Plc,5912,Healthcare & Pharmacy,Individual,Pune,Maharashtra,2024-09-08,,Unknown,653.92,Found Duplicate,present,MISSING,PROVIDED,PROVIDED
MCH8819,Acharyainc,5912,Healthcare & Pharmacy,Private Limited,Ludhiana,Punjab,2024-02-27,XXXX4379,Active,2075.22,Unique,present,MASKED,PROVIDED,PROVIDED
MCH3292,Sehgal Kapur,5912,Healthcare & Pharmacy,Private Limited,Jalandhar,Punjab,2025-03-06,,Active,751.44,Found Duplicate,present,MISSING,PROVIDED,PROVIDED
MCH4043,Choudhry And Sons,5912,Healthcare & Pharmacy,Private Limited,Bengaluru,Karnataka,2024-02-05,XXXX3422,Unknown,367.6,Found Duplicate,present,MASKED,PROVIDED,PROVIDED
MCH5023,Chatterjee Kalla,5912,Healthcare & Pharmacy,Partnership,Mumbai,Maharashtra,2024-12-31,XXXX9987,Active,5484.78,Found Duplicate,present,MASKED,PROVIDED,PROVIDED
MCH6758,"Kaul, Vyas And Bobal",5912,Healthcare & Pharmacy,Sole Proprietorship,Jaipur,Rajasthan,,OLOU3337406191926,Active,1560.09,Unique,missing,ALPHANUMERIC_IBAN,PROVIDED,PROVIDED
MCH1243,"Buch, Atwal And Roy",5912,Healthcare & Pharmacy,Partnership,Ludhiana,Punjab,2025-12-06,,Active,1323.94,Unique,present,MISSING,PROVIDED,PROVIDED
MCH5547,Chander Menon,5912,Healthcare & Pharmacy,Partnership,Pune,Maharashtra,2024-03-02,,Suspended,1421.71,Found Duplicate,present,MISSING,PROVIDED,PROVIDED
MCH8286,"Chadha, Chaudhari And Edwin",5912,Healthcare & Pharmacy,Private Limited,Hyderabad,Telangana,2023-08-09,XXXX2952,Active,1828.46,Unique,present,MASKED,PROVIDED,PROVIDED
MCH8769,Dara Keer,5912,Healthcare & Pharmacy,Private Limited,Jaipur,Rajasthan,2024-12-29,,Unknown,637.83,Unique,present,MISSING,PROVIDED,PROVIDED
MCH2051,Deshpande Plc,5912,Healthcare & Pharmacy,Private Limited,Chennai,Tamil Nadu,2024-10-06,6948597427,Unknown,625.93,Unique,present,VALID_NUMERIC,PROVIDED,PROVIDED
MCH8157,"Mahal, Srinivas And Vasa",5912,Healthcare & Pharmacy,Sole Proprietorship,Delhi,Delhi,2024-10-09,XFHS0358306861946,Inactive,1033.09,Found Duplicate,present,ALPHANUMERIC_IBAN,PROVIDED,PROVIDED
MCH1619,Divan Bhatti,5912,Healthcare & Pharmacy,Sole Proprietorship,Delhi,Delhi,2025-12-24,,Active,477.85,Unique,present,MISSING,PROVIDED,PROVIDED
MCH9070,"Buch, Samra And Tata",5912,Healthcare & Pharmacy,Partnership,Lucknow,Uttar Pradesh,2023-11-19,6049785311,Active,5075.53,Unique,present,VALID_NUMERIC,PROVIDED,PROVIDED
MCH9613,Tella Group,5912,Healthcare & Pharmacy,Partnership,Hyderabad,Telangana,2024-07-29,IJFC0895713811161,Unknown,1050.315,Unique,present,ALPHANUMERIC_IBAN,PROVIDED,MISSING_OR_INVALID
MCH1134,"Sani, Uppal And Pillai",5912,Healthcare & Pharmacy,Partnership,Kolkata,West Bengal,2025-11-04,,Active,6246.52,Found Duplicate,present,MISSING,PROVIDED,PROVIDED
MCH2474,"Setty, Reddy And Singh",5912,Healthcare & Pharmacy,Sole Proprietorship,Kolkata,West Bengal,2023-12-11,XXXX1604,Active,3043.1,Unique,present,MASKED,PROVIDED,PROVIDED
MCH8953,Oak Inc,5912,Healthcare & Pharmacy,Partnership,Mumbai,Maharashtra,2025-04-18,,Active,1051.63,Found Duplicate,present,MISSING,PROVIDED,PROVIDED
MCH6839,Varughese Llc,5912,Healthcare & Pharmacy,Individual,Jaipur,Rajasthan,2025-05-05,4050131250,Active,0.1354,Found Duplicate,present,VALID_NUMERIC,PROVIDED,PROVIDED
MCH6979,Nadig Ltd,5912,Healthcare & Pharmacy,Sole Proprietorship,Chennai,Tamil Nadu,2023-05-18,SYHI9438066539953,Active,640.32,Found Duplicate,present,ALPHANUMERIC_IBAN,PROVIDED,PROVIDED
MCH3671,"Vala, Dhar And Wason",5912,Healthcare & Pharmacy,Individual,Chennai,Tamil Nadu,,,Active,0.2167,Unique,missing,MISSING,PROVIDED,PROVIDED
MCH4934,Shroff Inc,5912,Healthcare & Pharmacy,Private Limited,Amritsar,Punjab,2025-08-12,OBRZ2207838983000,Active,1471.24,Found Duplicate,present,ALPHANUMERIC_IBAN,PROVIDED,PROVIDED
MCH6258,"Mitra, Nori And Venkataraman",5912,Healthcare & Pharmacy,Private Limited,Hyderabad,Telangana,2025-10-02,,Active,353.34,Unique,present,MISSING,PROVIDED,PROVIDED
MCH3743,Doctor Ltd,5912,Healthcare & Pharmacy,Sole Proprietorship,Hyderabad,Telangana,2023-01-16,BRVO9557812490695,Active,12417.3,Unique,present,ALPHANUMERIC_IBAN,PROVIDED,PROVIDED
MCH9888,"Contractor, Mohanty And Devi",5912,Healthcare & Pharmacy,Sole Proprietorship,Chennai,Tamil Nadu,2025-09-23,XXXX3253,Suspended,1367.96,Found Duplicate,present,MASKED,PROVIDED,PROVIDED
MCH4548,Sarin Ltd,5912,Healthcare & Pharmacy,Private Limited,Delhi,Delhi,,3265650948,Inactive,1050.315,Found Duplicate,missing,VALID_NUMERIC,PROVIDED,MISSING_OR_INVALID
MCH2886,"Raja, Hayre And Deshmukh",5912,Healthcare & Pharmacy,Private Limited,Kolkata,West Bengal,2024-04-07,,Active,0.511,Found Duplicate,present,MISSING,PROVIDED,PROVIDED
MCH7128,Agarwal Group,5912,Healthcare & Pharmacy,Private Limited,Jalandhar,Punjab,2023-06-06,,Active,6405.9,Unique,present,MISSING,PROVIDED,PROVIDED
MCH1171,Sampath Shroff,5912,Healthcare & Pharmacy,Partnership,Delhi,Delhi,2026-01-19,,Active,393.94,Unique,present,MISSING,PROVIDED,PROVIDED
MCH5494,Bhavsar Jhaveri,5912,Healthcare & Pharmacy,Individual,Ludhiana,Punjab,2023-05-23,SVWM6177755227439,Active,0.325,Found Duplicate,present,ALPHANUMERIC_IBAN,PROVIDED,PROVIDED
MCH2265,"Bail, Gopal And Khare",5912,Healthcare & Pharmacy,Partnership,Lucknow,Uttar Pradesh,2024-08-04,VZCP3787385327453,Inactive,785.4,Found Duplicate,present,ALPHANUMERIC_IBAN,PROVIDED,PROVIDED
MCH8493,Buch Inc,5912,Healthcare & Pharmacy,Individual,Chennai,Tamil Nadu,2025-01-17,YMCT2319815382495,Active,2394.24,Unique,present,ALPHANUMERIC_IBAN,PROVIDED,PROVIDED
MCH7942,Parmar Oza,5912,Healthcare & Pharmacy,Sole Proprietorship,Hyderabad,Telangana,2024-08-10,,Active,1133.78,Unique,present,MISSING,PROVIDED,PROVIDED
MCH3451,Amble Nair,5912,Healthcare & Pharmacy,Sole Proprietorship,Amritsar,Punjab,2025-10-06,XXXX8569,Suspended,1050.315,Unique,present,MASKED,PROVIDED,MISSING_OR_INVALID
MCH8781,Gade Plc,5912,Healthcare & Pharmacy,Private Limited,Mumbay,Maharashtra,2023-02-27,,Active,714.3,Unique,present,MISSING,PROVIDED,PROVIDED
MCH1296,Gaba Rama,5912,Healthcare & Pharmacy,Individual,Delhi,Delhi,2023-01-16,6728414996,Active,2547.8,Unique,present,VALID_NUMERIC,PROVIDED,PROVIDED
MCH5283,"Ganesh, Parekh And Subramanian",5912,Healthcare & Pharmacy,Partnership,Hyderabad,Telangana,2025-03-02,,Active,307.25,Found Duplicate,present,MISSING,PROVIDED,PROVIDED
MCH8517,"Bandi, Bir And Buch",5912,Healthcare & Pharmacy,Individual,Delhi,Delhi,2025-05-12,XXXX8958,Active,2544.34,Unique,present,MASKED,PROVIDED,PROVIDED
MCH2533,"Chhabra, Shah And Tella",5912,Healthcare & Pharmacy,Sole Proprietorship,Jaipur,Rajasthan,2025-03-05,,Active,2439.28,Found Duplicate,present,MISSING,PROVIDED,PROVIDED
MCH8379,"B0Rah, Kaur And Gera",5912,Healthcare & Pharmacy,Individual,Jaipur,Rajasthan,,,Active,351.15,Found Duplicate,missing,MISSING,PROVIDED,PROVIDED
MCH9147,Bedi Dugar,5912,Healthcare & Pharmacy,Sole Proprietorship,Bengaluru,Karnataka,2024-05-31,,Active,1264.98,Found Duplicate,present,MISSING,PROVIDED,PROVIDED
MCH8449,Mani Ramachandran,5912,Healthcare & Pharmacy,Partnership,Delhi,Delhi,2024-12-27,XXXX6183,Active,461.73,Found Duplicate,present,MASKED,PROVIDED,PROVIDED
MCH5497,Devan Ltd,5912,Healthcare & Pharmacy,Partnership,Kolkata,West Bengal,2023-11-20,,Unknown,266.7,Found Duplicate,present,MISSING,PROVIDED,PROVIDED
MCH6465,Chadha Char,5912,Healthcare & Pharmacy,Partnership,Kolkata,West Bengal,2023-04-22,5666974983,Active,749.37,Found Duplicate,present,VALID_NUMERIC,PROVIDED,PROVIDED
MCH4419,Sankaran Inc,5912,Healthcare & Pharmacy,Partnership,Chennai,Tamil Nadu,2023-08-04,,Active,291.65,Found Duplicate,present,MISSING,PROVIDED,PROVIDED
MCH8126,"Saxena, Mitra And Chada",5912,Healthcare & Pharmacy,Individual,Lucknow,Uttar Pradesh,2025-03-12,XXXX5937,Suspended,844.44,Found Duplicate,present,MASKED,PROVIDED,PROVIDED
MCH5114,Sarraf Iyengar,5912,Healthcare & Pharmacy,Individual,Delhi,Delhi,2025-02-26,XRZF4644234669872,Active,452.11,Found Duplicate,present,ALPHANUMERIC_IBAN,PROVIDED,PROVIDED
MCH2575,Rast0Gi Verma,5912,Healthcare & Pharmacy,Individual,Pune,Maharashtra,2025-04-09,XXXX2986,Active,549.08,Unique,present,MASKED,PROVIDED,PROVIDED
MCH2470,Mutti Bawa,5912,Healthcare & Pharmacy,Individual,Jalandhar,Punjab,2025-12-13,XXXX5194,Suspended,444.91,Found Duplicate,present,MASKED,PROVIDED,PROVIDED
MCH4573,"Edwin, Manda And Biswas",5912,Healthcare & Pharmacy,Sole Proprietorship,Pune,Maharashtra,2025-02-28,3049901910,Active,2824.05,Found Duplicate,present,VALID_NUMERIC,PROVIDED,PROVIDED
MCH2676,Subramanian Inc,5912,Healthcare & Pharmacy,Partnership,Kolkata,West Bengal,2025-01-04,2515678335,Active,1679.3,Found Duplicate,present,VALID_NUMERIC,PROVIDED,PROVIDED
MCH6219,"Morar, Walla And Behl",5912,Healthcare & Pharmacy,Partnership,Delhi,Delhi,2024-06-24,,Active,4347.57,Unique,present,MISSING,PROVIDED,PROVIDED
MCH9192,Gandhi Llc,5912,Healthcare & Pharmacy,Individual,Jaipur,Rajasthan,2025-03-01,,Active,1758.06,Unique,present,MISSING,PROVIDED,PROVIDED
MCH3700,"Sinha, Purohit And Shetty",5912,Healthcare & Pharmacy,Individual,Bengaluru,Karnataka,2025-01-04,2727095091,Inactive,1238.03,Found Duplicate,present,VALID_NUMERIC,PROVIDED,PROVIDED
MCH8446,Pingle Inc,5912,Healthcare & Pharmacy,Individual,Jalandhar,Punjab,2024-02-11,IMWK0138526461627,Inactive,1069.0,Found Duplicate,present,ALPHANUMERIC_IBAN,PROVIDED,PROVIDED
MCH7661,Mutti Group,5912,Healthcare & Pharmacy,Sole Proprietorship,Ludhiana,Punjab,2023-12-19,,Active,1349.43,Found Duplicate,present,MISSING,PROVIDED,PROVIDED
MCH1349,Bahri And Sons,5912,Healthcare & Pharmacy,Individual,Hyderabad,Telangana,2025-06-08,BGVV4182827632214,Active,2320.2,Found Duplicate,present,ALPHANUMERIC_IBAN,PROVIDED,PROVIDED
MCH9418,Dixit Ranganathan,5912,Healthcare & Pharmacy,Partnership,Delhi,Delhi,2024-02-24,,Unknown,1164.23,Found Duplicate,present,MISSING,PROVIDED,PROVIDED
MCH3211,"Mani, Hora And Hayer",5912,Healthcare & Pharmacy,Private Limited,Bengaluru,Karnataka,2026-01-31,SYDI3812560844687,Active,3678.27,Unique,present,ALPHANUMERIC_IBAN,PROVIDED,PROVIDED
MCH5283,"Verma, Narasimhan And Balan",5912,Healthcare & Pharmacy,Individual,Delhi,Delhi,2026-02-05,,Active,0.1266,Found Duplicate,present,MISSING,PROVIDED,PROVIDED
MCH5231,Om Shah,5912,Healthcare & Pharmacy,Individual,Jaipur,Rajasthan,2023-04-29,2208124689,Active,165.39,Found Duplicate,present,VALID_NUMERIC,PROVIDED,PROVIDED
MCH2778,Buch Lala,5912,Healthcare & Pharmacy,Individual,Hyderabad,Telangana,2023-04-27,XXXX6570,Active,1050.315,Found Duplicate,present,MASKED,PROVIDED,MISSING_OR_INVALID
MCH6928,Tata Wagle,5912,Healthcare & Pharmacy,Partnership,Bengaluru,Karnataka,2023-12-31,RIXU6958241048195,Unknown,0.1008,Found Duplicate,present,ALPHANUMERIC_IBAN,PROVIDED,PROVIDED
MCH7523,"Sharaf, Chad And Prashad",5912,Healthcare & Pharmacy,Sole Proprietorship,Lucknow,Uttar Pradesh,2023-09-11,XXXX3383,Active,2848.66,Found Duplicate,present,MASKED,PROVIDED,PROVIDED
MCH7600,Salvi Mishra,5912,Healthcare & Pharmacy,Private Limited,Bengaluru,Karnataka,2025-05-25,,Active,0.577,Found Duplicate,present,MISSING,PROVIDED,PROVIDED
MCH6337,Chander Llc,5912,Healthcare & Pharmacy,Individual,Kolkata,West Bengal,2025-12-28,,Active,1428.08,Unique,present,MISSING,PROVIDED,PROVIDED
MCH1534,"Merchant, Sarna And Korpal",5912,Healthcare & Pharmacy,Private Limited,Hyderabad,Telangana,2023-02-04,,Inactive,3752.5,Unique,present,MISSING,PROVIDED,PROVIDED
MCH4743,Ahluwalia Bansal,5912,Healthcare & Pharmacy,Private Limited,Ludhiana,Punjab,2023-08-23,KIYE1462195754397,Inactive,486.29,Unique,present,ALPHANUMERIC_IBAN,PROVIDED,PROVIDED
MCH7987,Mangat Sundaram,5912,Healthcare & Pharmacy,Individual,Chennai,Tamil Nadu,2023-02-25,XXXX1113,Active,2275.51,Unique,present,MASKED,PROVIDED,PROVIDED
MCH3327,Balay Ltd,5912,Healthcare & Pharmacy,Partnership,Amritsar,Punjab,2024-10-06,4132109142,Active,799.92,Unique,present,VALID_NUMERIC,PROVIDED,PROVIDED
MCH4528,Memon Llc,5912,Healthcare & Pharmacy,Partnership,Hyderabad,Telangana,2023-01-05,VOFY4004091833640,Active,490.99,Unique,present,ALPHANUMERIC_IBAN,PROVIDED,PROVIDED
MCH4678,"Yogi, Goel And Chaudry",5912,Healthcare & Pharmacy,Sole Proprietorship,Amritsar,Punjab,2025-10-11,8030844375,Unknown,1363.28,Unique,present,VALID_NUMERIC,PROVIDED,PROVIDED
MCH1540,Mohan Hegde,5912,Healthcare & Pharmacy,Individual,Mumbay,Maharashtra,2023-02-15,,Inactive,2002.37,Found Duplicate,present,MISSING,PROVIDED,PROVIDED
MCH5992,"Anne, Gole And Bhatnagar",5912,Healthcare & Pharmacy,Private Limited,Ludhiana,Punjab,2025-12-31,QOVD2358529671548,Active,1637.97,Unique,present,ALPHANUMERIC_IBAN,PROVIDED,PROVIDED
MCH2354,"Toor, Nagi And Dara",5912,Healthcare & Pharmacy,Sole Proprietorship,Pune,Maharashtra,2024-04-12,AIXG4946165098881,Active,1954.79,Unique,present,ALPHANUMERIC_IBAN,PROVIDED,PROVIDED
MCH8838,"Kala, Sidhu And Kuruvilla",5912,Healthcare & Pharmacy,Partnership,Chennai,Tamil Nadu,2023-02-11,,Inactive,593.62,Unique,present,MISSING,PROVIDED,PROVIDED
MCH1219,Srinivas Bobal,5912,Healthcare & Pharmacy,Sole Proprietorship,Chennai,Tamil Nadu,2023-08-27,,Active,2814.27,Found Duplicate,present,MISSING,PROVIDED,PROVIDED
MCH6765,Handa Plc,5912,Healthcare & Pharmacy,Individual,Kolkata,West Bengal,2023-10-30,,Unknown,2771.02,Found Duplicate,present,MISSING,PROVIDED,PROVIDED
MCH2402,Dhillon Group,5912,Healthcare & Pharmacy,Individual,Mumbay,Maharashtra,2024-02-12,IEQW6694363532348,Active,1477.89,Unique,present,ALPHANUMERIC_IBAN,PROVIDED,PROVIDED
MCH7945,"Barad, Wagle And Raju",5912,Healthcare & Pharmacy,Individual,Ludhiana,Punjab,2023-01-24,EHNZ2779616653327,Unknown,268.67,Unique,present,ALPHANUMERIC_IBAN,PROVIDED,PROVIDED
MCH6107,Bassi And Sons,5912,Healthcare & Pharmacy,Sole Proprietorship,Hyderabad,Telangana,,,Inactive,0.1888,Found Duplicate,missing,MISSING,PROVIDED,PROVIDED
MCH5370,Shenoy Ltd,5912,Healthcare & Pharmacy,Private Limited,Hyderabad,Telangana,2023-06-26,XXXX5771,Active,1465.66,Found Duplicate,present,MASKED,PROVIDED,PROVIDED
MCH8142,Mane And Sons,5912,Healthcare & Pharmacy,Private Limited,Ludhiana,Punjab,2025-08-25,WMPI8979622395583,Active,5955.63,Unique,present,ALPHANUMERIC_IBAN,PROVIDED,PROVIDED
MCH3247,Nagarajan Shan,5912,Healthcare & Pharmacy,Individual,Chennai,Tamil Nadu,2025-07-04,5730507447,Inactive,2666.23,Unique,present,VALID_NUMERIC,PROVIDED,PROVIDED
MCH2888,Chahal Llc,5912,Healthcare & Pharmacy,Private Limited,Mumbai,Maharashtra,2023-04-21,XXXX3951,Active,631.05,Unique,present,MASKED,PROVIDED,PROVIDED
MCH6397,Tella Lad,5912,Healthcare & Pharmacy,Private Limited,Lucknow,Uttar Pradesh,2025-10-10,,Active,0.872,Found Duplicate,present,MISSING,PROVIDED,PROVIDED
MCH9036,Banerjee Shenoy,5912,Healthcare & Pharmacy,Sole Proprietorship,Pune,Maharashtra,2025-11-19,,Active,1613.75,Found Duplicate,present,MISSING,PROVIDED,PROVIDED
MCH7679,Sama And Sons,5912,Healthcare & Pharmacy,Partnership,Bengaluru,Karnataka,2026-02-25,2230627789,Active,3295.19,Found Duplicate,present,VALID_NUMERIC,PROVIDED,PROVIDED
MCH4881,"Wadhwa, Morar And Kara",5912,Healthcare & Pharmacy,Sole Proprietorship,Jalandhar,Punjab,2023-08-26,XXXX1836,Active,367.72,Unique,present,MASKED,PROVIDED,PROVIDED
MCH4172,"Khosla, Tak And Mahajan",5912,Healthcare & Pharmacy,Partnership,Kolkata,West Bengal,2024-03-23,,Active,1964.28,Unique,present,MISSING,PROVIDED,PROVIDED
MCH6101,Dora Bajwa,5912,Healthcare & Pharmacy,Private Limited,Pune,Maharashtra,2025-07-28,2854493333,Active,3328.35,Found Duplicate,present,VALID_NUMERIC,PROVIDED,PROVIDED
MCH4113,"Anand,Choudharyandcontractor",5912,Healthcare & Pharmacy,Individual,Chennai,Tamil Nadu,2023-07-09,6952372771,Active,418.15,Unique,present,VALID_NUMERIC,PROVIDED,PROVIDED
MCH5900,Sarraf Nagar,5912,Healthcare & Pharmacy,Sole Proprietorship,Kolkata,West Bengal,2024-03-23,0859371893,Active,380.94,Unique,present,VALID_NUMERIC,PROVIDED,PROVIDED
MCH1956,"Magar, Ramakrishnan And Dhingra",5912,Healthcare & Pharmacy,Private Limited,Ludhiana,Punjab,2024-05-02,XXXX9114,Unknown,919.28,Found Duplicate,present,MASKED,PROVIDED,PROVIDED
MCH1245,"Kumer, Varghese And Dhawan",5912,Healthcare & Pharmacy,Partnership,Pune,Maharashtra,2023-08-23,,Unknown,725.32,Unique,present,MISSING,PROVIDED,PROVIDED
MCH1304,Sama Ltd,5912,Healthcare & Pharmacy,Individual,Bengaluru,Karnataka,2024-02-27,9710613459,Active,4095.57,Unique,present,VALID_NUMERIC,PROVIDED,PROVIDED
MCH4477,Edwin Group,5912,Healthcare & Pharmacy,Partnership,Pune,Maharashtra,2025-12-19,,Active,1145.96,Found Duplicate,present,MISSING,PROVIDED,PROVIDED
MCH8527,Tella Mani,5912,Healthcare & Pharmacy,Partnership,Ludhiana,Punjab,2025-09-11,,Active,1050.315,Found Duplicate,present,MISSING,PROVIDED,MISSING_OR_INVALID
MCH8484,"Grover, Swamy And Johal",5912,Healthcare & Pharmacy,Private Limited,Kolkata,West Bengal,2023-08-17,,Suspended,1273.08,Unique,present,MISSING,PROVIDED,PROVIDED
MCH2743,Joshi Plc,5912,Healthcare & Pharmacy,Private Limited,Kolkata,West Bengal,2024-12-02,,Active,1050.315,Unique,present,MISSING,PROVIDED,MISSING_OR_INVALID
MCH8592,Rajagopal Nagarajan,5912,Healthcare & Pharmacy,Individual,Hyderabad,Telangana,2023-11-20,,Unknown,1002.86,Found Duplicate,present,MISSING,PROVIDED,PROVIDED
MCH1956,Sodhi Plc,5912,Healthcare & Pharmacy,Individual,Amritsar,Punjab,2025-09-28,TLKU2109519549509,Inactive,1459.74,Found Duplicate,present,ALPHANUMERIC_IBAN,PROVIDED,PROVIDED
MCH7912,"Dewan, Tak And Subramanian",5912,Healthcare & Pharmacy,Partnership,Chennai,Tamil Nadu,2025-01-17,XOLJ5859104474839,Active,1050.315,Found Duplicate,present,ALPHANUMERIC_IBAN,PROVIDED,MISSING_OR_INVALID
MCH4359,Mistry Parekh,5912,Healthcare & Pharmacy,Private Limited,Mumbai,Maharashtra,2023-10-06,YQCO7150849658211,Suspended,0.684,Unique,present,ALPHANUMERIC_IBAN,PROVIDED,PROVIDED
MCH4706,Ghosh Tailor,5912,Healthcare & Pharmacy,Partnership,Chennai,Tamil Nadu,2025-07-17,,Active,418.32,Found Duplicate,present,MISSING,PROVIDED,PROVIDED
MCH2129,Bhavsar De,5912,Healthcare & Pharmacy,Sole Proprietorship,Hyderabad,Telangana,,2500999511,Active,0.4898,Unique,missing,VALID_NUMERIC,PROVIDED,PROVIDED
MCH9774,Trivedi Group,5912,Healthcare & Pharmacy,Partnership,Jaipur,Rajasthan,2024-03-08,5443660478,Active,0.1811,Unique,present,VALID_NUMERIC,PROVIDED,PROVIDED
MCH7205,Dara Plc,5912,Healthcare & Pharmacy,Sole Proprietorship,Ludhiana,Punjab,2023-09-26,,Unknown,1778.94,Unique,present,MISSING,PROVIDED,PROVIDED
MCH9094,"Yadav, Zacharia And Dutt",5912,Healthcare & Pharmacy,Sole Proprietorship,Ludhiana,Punjab,2023-09-24,2133770313,Suspended,1081.32,Unique,present,VALID_NUMERIC,PROVIDED,PROVIDED
MCH7490,Datta Ltd,5912,Healthcare & Pharmacy,Sole Proprietorship,Kolkata,West Bengal,2023-11-12,,Active,1590.69,Unique,present,MISSING,PROVIDED,PROVIDED
MCH6720,"Dhingra, Shukla And Edwin",5912,Healthcare & Pharmacy,Partnership,Amritsar,Punjab,2025-07-08,XXXX5057,Active,0.638,Unique,present,MASKED,PROVIDED,PROVIDED
MCH8633,Pillai Lata,5912,Healthcare & Pharmacy,Individual,Amritsar,Punjab,2025-04-02,6437885672,Unknown,1325.55,Unique,present,VALID_NUMERIC,PROVIDED,PROVIDED
MCH6783,"Deep, Pall And Suri",5912,Healthcare & Pharmacy,Individual,Lucknow,Uttar Pradesh,2025-11-28,,Active,0.1131,Found Duplicate,present,MISSING,PROVIDED,PROVIDED
MCH4888,Chanda And Sons,5912,Healthcare & Pharmacy,Sole Proprietorship,Kolkata,West Bengal,2023-08-14,,Active,2635.13,Found Duplicate,present,MISSING,PROVIDED,PROVIDED
MCH9835,Manda Inc,5912,Healthcare & Pharmacy,Individual,Kolkata,West Bengal,2024-10-22,,Active,293.75,Found Duplicate,present,MISSING,PROVIDED,PROVIDED
MCH5210,"Gill, Acharya And Naidu",5912,Healthcare & Pharmacy,Partnership,Amritsar,Punjab,2024-12-10,1435006704,Suspended,1319.3,Found Duplicate,present,VALID_NUMERIC,PROVIDED,PROVIDED
MCH1163,Chauhan Group,5912,Healthcare & Pharmacy,Sole Proprietorship,Kolkata,West Bengal,2024-10-04,,Active,2218.96,Found Duplicate,present,MISSING,PROVIDED,PROVIDED
MCH3325,Varty Vig,5912,Healthcare & Pharmacy,Partnership,Kolkata,West Bengal,2023-10-29,XXXX1753,Suspended,0.4212,Found Duplicate,present,MASKED,PROVIDED,PROVIDED
MCH4382,Modi Sengupta,5912,Healthcare & Pharmacy,Individual,Mumbai,Maharashtra,2025-02-15,9182714411,Active,650.1,Found Duplicate,present,VALID_NUMERIC,PROVIDED,PROVIDED
MCH2407,Chaudhry Plc,5912,Healthcare & Pharmacy,Private Limited,Pune,Maharashtra,,4475713369,Active,5215.07,Unique,missing,VALID_NUMERIC,PROVIDED,PROVIDED
MCH3722,Jhaveri Ltd,5912,Healthcare & Pharmacy,Private Limited,Ludhiana,Punjab,2024-06-29,6603889131,Unknown,0.4309,Found Duplicate,present,VALID_NUMERIC,PROVIDED,PROVIDED
MCH9348,"Solanki, Chaudhary And Nori",5912,Healthcare & Pharmacy,Partnership,Pune,Maharashtra,2023-09-09,ACBK1959673899093,Active,0.1188,Found Duplicate,present,ALPHANUMERIC_IBAN,PROVIDED,PROVIDED
MCH4989,Din Bhatia,5912,Healthcare & Pharmacy,Sole Proprietorship,Amritsar,Punjab,2024-07-22,8027810029,Unknown,2169.45,Found Duplicate,present,VALID_NUMERIC,PROVIDED,PROVIDED
MCH3990,Dey Chaudhari,5912,Healthcare & Pharmacy,Individual,Chennai,Tamil Nadu,2025-03-14,IPYG2797181414167,Unknown,1780.37,Unique,present,ALPHANUMERIC_IBAN,PROVIDED,PROVIDED
MCH5237,"Dave, Sani And Swaminathan",5912,Healthcare & Pharmacy,Partnership,Delhi,Delhi,2026-02-09,5721792105,Suspended,1955.24,Found Duplicate,present,VALID_NUMERIC,PROVIDED,PROVIDED
MCH2266,Natarajan And Sons,5912,Healthcare & Pharmacy,Individual,Chennai,Tamil Nadu,2025-04-17,NABB6271790214696,Active,447.78,Unique,present,ALPHANUMERIC_IBAN,PROVIDED,PROVIDED
MCH3778,Karnik Inc,5912,Healthcare & Pharmacy,Sole Proprietorship,Jaipur,Rajasthan,,2560479060,Inactive,0.1211,Found Duplicate,missing,VALID_NUMERIC,PROVIDED,PROVIDED
MCH4937,Mand And Sons,5912,Healthcare & Pharmacy,Partnership,Kolkata,West Bengal,,FBXP3192759861569,Inactive,2054.97,Unique,missing,ALPHANUMERIC_IBAN,PROVIDED,PROVIDED
MCH6052,Nayak Wadhwa,5912,Healthcare & Pharmacy,Private Limited,Jaipur,Rajasthan,2023-07-12,XXXX8602,Active,600.38,Unique,present,MASKED,PROVIDED,PROVIDED
MCH3418,Parsa Parikh,5912,Healthcare & Pharmacy,Partnership,Hyderabad,Telangana,2024-07-15,CWGO5653761986608,Active,8725.31,Unique,present,ALPHANUMERIC_IBAN,PROVIDED,PROVIDED
MCH8369,"Vyas, Dutt And Ganesan",5912,Healthcare & Pharmacy,Individual,Kolkata,West Bengal,2023-09-15,0639952317,Active,410.34,Found Duplicate,present,VALID_NUMERIC,PROVIDED,PROVIDED
MCH8057,Kalla Group,5912,Healthcare & Pharmacy,Sole Proprietorship,Mumbai,Maharashtra,2025-08-29,,Active,437.01,Unique,present,MISSING,PROVIDED,PROVIDED
MCH2674,Rajagopalan Inc,5912,Healthcare & Pharmacy,Partnership,Amritsar,Punjab,2023-03-08,,Active,0.1499,Found Duplicate,present,MISSING,PROVIDED,PROVIDED
MCH9001,Sangha Ravi,5912,Healthcare & Pharmacy,Individual,Bengaluru,Karnataka,2024-10-17,,Active,242.09,Found Duplicate,present,MISSING,PROVIDED,PROVIDED
MCH4639,Chaudhry Bath,5912,Healthcare & Pharmacy,Partnership,Jalandhar,Punjab,2023-05-11,XXXX7667,Active,295.45,Unique,present,MASKED,PROVIDED,PROVIDED
MCH1924,"Choudhary, Iyer And Boase",5912,Healthcare & Pharmacy,Partnership,Jaipur,Rajasthan,2024-11-12,XXXX3944,Active,7220.04,Unique,present,MASKED,PROVIDED,PROVIDED
MCH8467,Gara Sarkar,5912,Healthcare & Pharmacy,Individual,Pune,Maharashtra,2025-03-12,,Active,0.826,Found Duplicate,present,MISSING,PROVIDED,PROVIDED
MCH6783,"Deep, Pall And Suri",5912,Healthcare & Pharmacy,Individual,Lucknow,Uttar Pradesh,2025-11-28,,Active,0.1131,Found Duplicate,present,MISSING,PROVIDED,PROVIDED
MCH9555,"Nadig, Kumer And Nath",5912,Healthcare & Pharmacy,Partnership,Lucknow,Uttar Pradesh,2023-01-02,9648467253,Active,1050.315,Found Duplicate,present,VALID_NUMERIC,PROVIDED,MISSING_OR_INVALID
MCH4761,Khalsa Plc,5912,Healthcare & Pharmacy,Individual,Jaipur,Rajasthan,2025-01-17,DXWD4550992976599,Inactive,4970.84,Unique,present,ALPHANUMERIC_IBAN,PROVIDED,PROVIDED
MCH9377,"Badal, Mitter And Mitter",5912,Healthcare & Pharmacy,Sole Proprietorship,Lucknow,Uttar Pradesh,2024-08-22,USJW2353874844902,Active,1050.315,Found Duplicate,present,ALPHANUMERIC_IBAN,PROVIDED,MISSING_OR_INVALID
MCH5186,Dey Bansal,5912,Healthcare & Pharmacy,Sole Proprietorship,Chennai,Tamil Nadu,2025-09-21,,Active,0.365,Found Duplicate,present,MISSING,PROVIDED,PROVIDED
MCH8799,"Tailor,Rattiandanne",5912,Healthcare & Pharmacy,Sole Proprietorship,Kolkata,West Bengal,2023-03-13,XXXX2356,Suspended,1556.57,Found Duplicate,present,MASKED,PROVIDED,PROVIDED
MCH8358,Tripathi Borah,5912,Healthcare & Pharmacy,Private Limited,Kolkata,West Bengal,2025-06-12,BKSI3267781366733,Active,1758.66,Found Duplicate,present,ALPHANUMERIC_IBAN,PROVIDED,PROVIDED
MCH4419,Gill Ratta,5912,Healthcare & Pharmacy,Sole Proprietorship,Jaipur,Rajasthan,2024-09-15,ETZF4377515836271,Active,1442.51,Found Duplicate,present,ALPHANUMERIC_IBAN,PROVIDED,PROVIDED
MCH9237,Gokhale Inc,5912,Healthcare & Pharmacy,Private Limited,Ludhiana,Punjab,2025-09-28,LPZT4038353121229,Active,1901.54,Unique,present,ALPHANUMERIC_IBAN,PROVIDED,PROVIDED
MCH5737,"Chaudhary, Raghavan And Brahmbhatt",5912,Healthcare & Pharmacy,Individual,Amritsar,Punjab,2026-02-25,,Active,1419.52,Found Duplicate,present,MISSING,PROVIDED,PROVIDED
MCH9931,Ray Ltd,5912,Healthcare & Pharmacy,Private Limited,Chennai,Tamil Nadu,2023-06-28,8013465643,Active,7044.3,Found Duplicate,present,VALID_NUMERIC,PROVIDED,PROVIDED
MCH5715,"Bansal,Aryaandbhat",5912,Healthcare & Pharmacy,Private Limited,Bengaluru,Karnataka,2025-01-20,,Active,1290.0,Unique,present,MISSING,PROVIDED,PROVIDED
MCH8801,Bedi Inc,5912,Healthcare & Pharmacy,Sole Proprietorship,Lucknow,Uttar Pradesh,2024-08-11,XXXX1264,Active,3479.49,Unique,present,MASKED,PROVIDED,PROVIDED
MCH6474,Bakshi Ltd,5912,Healthcare & Pharmacy,Private Limited,Lucknow,Uttar Pradesh,2025-09-06,UIQO0757463991116,Active,3871.85,Found Duplicate,present,ALPHANUMERIC_IBAN,PROVIDED,PROVIDED
MCH3389,"Barad, Murthy And Muni",5912,Healthcare & Pharmacy,Individual,Amritsar,Punjab,2025-03-19,,Active,234.09,Found Duplicate,present,MISSING,PROVIDED,PROVIDED
MCH7463,Chaudry Natarajan,5912,Healthcare & Pharmacy,Partnership,Chennai,Tamil Nadu,2025-05-07,VIFS4477584866493,Active,1050.315,Unique,present,ALPHANUMERIC_IBAN,PROVIDED,MISSING_OR_INVALID
MCH8910,Varkey Group,5912,Healthcare & Pharmacy,Individual,Ludhiana,Punjab,2025-02-07,XXXX9985,Active,9929.86,Found Duplicate,present,MASKED,PROVIDED,PROVIDED
MCH2510,Sathe Plc,5912,Healthcare & Pharmacy,Partnership,Chennai,Tamil Nadu,2024-02-02,XXXX9018,Active,596.36,Found Duplicate,present,MASKED,PROVIDED,PROVIDED
MCH5295,"Goda, Prashad And Narain",5912,Healthcare & Pharmacy,Individual,Lucknow,Uttar Pradesh,2024-10-27,,Active,888.39,Unique,present,MISSING,PROVIDED,PROVIDED
MCH4021,"Balakrishnan, Mistry And Vig",5912,Healthcare & Pharmacy,Individual,Hyderabad,Telangana,2025-12-04,4335587264,Active,1395.91,Unique,present,VALID_NUMERIC,PROVIDED,PROVIDED
MCH2588,"Kala, Mahajan And Kumar",5912,Healthcare & Pharmacy,Individual,Jalandhar,Punjab,2023-08-15,,Active,641.02,Found Duplicate,present,MISSING,PROVIDED,PROVIDED
MCH3259,Deep And Sons,5912,Healthcare & Pharmacy,Partnership,Delhi,Delhi,,7747336061,Unknown,308.57,Found Duplicate,missing,VALID_NUMERIC,PROVIDED,PROVIDED
MCH9942,"Sarma, Butala And Ganguly",5912,Healthcare & Pharmacy,Sole Proprietorship,Lucknow,Uttar Pradesh,2025-10-16,,Active,1050.315,Found Duplicate,present,MISSING,PROVIDED,MISSING_OR_INVALID
MCH3218,"Keer, Soni And Deshpande",5912,Healthcare & Pharmacy,Sole Proprietorship,Mumbai,Maharashtra,2024-03-10,8214766650,Active,3727.56,Unique,present,VALID_NUMERIC,PROVIDED,PROVIDED
MCH6947,Sen Llc,5912,Healthcare & Pharmacy,Individual,Hyderabad,Telangana,2025-05-29,0155753762,Active,820.37,Found Duplicate,present,VALID_NUMERIC,PROVIDED,PROVIDED
MCH6708,Soman And Sons,5912,Healthcare & Pharmacy,Private Limited,Ludhiana,Punjab,2025-06-03,9694442119,Active,0.957,Found Duplicate,present,VALID_NUMERIC,PROVIDED,PROVIDED
MCH7566,Minhas Group,5912,Healthcare & Pharmacy,Partnership,Mumbai,Maharashtra,2024-03-08,,Unknown,880.25,Found Duplicate,present,MISSING,PROVIDED,PROVIDED
MCH5663,"Goyal, Brahmbhatt And Raja",5912,Healthcare & Pharmacy,Individual,Ludhiana,Punjab,2023-05-31,,Suspended,2417.27,Unique,present,MISSING,PROVIDED,PROVIDED
MCH2919,Menon Vaidya,5912,Healthcare & Pharmacy,Sole Proprietorship,Delhi,Delhi,2023-03-20,,Active,3825.85,Unique,present,MISSING,PROVIDED,PROVIDED
MCH2546,Kant Group,5912,Healthcare & Pharmacy,Sole Proprietorship,Amritsar,Punjab,2025-04-04,VVGC5802490491946,Active,4120.12,Unique,present,ALPHANUMERIC_IBAN,PROVIDED,PROVIDED
MCH6401,"Shenoy, Doctor And Gola",5912,Healthcare & Pharmacy,Individual,Mumbai,Maharashtra,2025-02-09,,Suspended,690.47,Found Duplicate,present,MISSING,PROVIDED,PROVIDED
MCH7996,Bhargava Llc,5912,Healthcare & Pharmacy,Private Limited,Amritsar,Punjab,2024-12-18,BYTJ9061277350740,Inactive,830.56,Unique,present,ALPHANUMERIC_IBAN,PROVIDED,PROVIDED
MCH3259,Deep And Sons,5912,Healthcare & Pharmacy,Partnership,Delhi,Delhi,,7747336061,Unknown,308.57,Found Duplicate,missing,VALID_NUMERIC,PROVIDED,PROVIDED
MCH5019,"Sah0Ta, Rama And Rama",5912,Healthcare & Pharmacy,Partnership,Lucknow,Uttar Pradesh,2025-07-27,XXXX3502,Active,0.955,Found Duplicate,present,MASKED,PROVIDED,PROVIDED
MCH8372,Banerjeeltd,5912,Healthcare & Pharmacy,Individual,Hyderabad,Telangana,2023-10-26,,Active,0.4531,Found Duplicate,present,MISSING,PROVIDED,PROVIDED
MCH2896,Jayaraman Nazareth,5912,Healthcare & Pharmacy,Private Limited,Kolkata,West Bengal,2025-07-30,,Active,1312.79,Found Duplicate,present,MISSING,PROVIDED,PROVIDED
MCH2424,Patil Ltd,5912,Healthcare & Pharmacy,Partnership,Chennai,Tamil Nadu,2023-08-10,,Unknown,737.41,Found Duplicate,present,MISSING,PROVIDED,PROVIDED
MCH4487,Maharaj Murthy,5912,Healthcare & Pharmacy,Individual,Amritsar,Punjab,2024-04-23,TWRO4245073175794,Unknown,1455.08,Found Duplicate,present,ALPHANUMERIC_IBAN,PROVIDED,PROVIDED
MCH3801,"Arya, Sachar And Khanna",5912,Healthcare & Pharmacy,Partnership,Bengaluru,Karnataka,2024-01-03,XXXX2457,Suspended,639.86,Unique,present,MASKED,PROVIDED,PROVIDED
MCH3880,Raja And Sons,5912,Healthcare & Pharmacy,Private Limited,Jaipur,Rajasthan,,,Active,641.53,Found Duplicate,missing,MISSING,PROVIDED,PROVIDED
MCH7089,"Reddy, Dua And Trivedi",5912,Healthcare & Pharmacy,Private Limited,Kolkata,West Bengal,2023-08-03,LAWF4141310421548,Inactive,819.59,Unique,present,ALPHANUMERIC_IBAN,PROVIDED,PROVIDED
MCH4194,Hegde Chahal,5912,Healthcare & Pharmacy,Sole Proprietorship,Amritsar,Punjab,2025-11-15,,Inactive,1050.315,Found Duplicate,present,MISSING,PROVIDED,MISSING_OR_INVALID
MCH6360,"Garg, Char And Sharaf",5912,Healthcare & Pharmacy,Sole Proprietorship,Mumbai,Maharashtra,2024-02-14,DELE6172573272913,Active,242.87,Found Duplicate,present,ALPHANUMERIC_IBAN,PROVIDED,PROVIDED
MCH3081,"Anne, Choudhry And Nanda",5912,Healthcare & Pharmacy,Partnership,Hyderabad,Telangana,2024-12-23,4317690840,Active,0.59,Unique,present,VALID_NUMERIC,PROVIDED,PROVIDED
MCH3659,Ch0Udhary Sama,5912,Healthcare & Pharmacy,Sole Proprietorship,Chennai,Tamil Nadu,2024-06-13,XXXX0305,Inactive,1376.76,Found Duplicate,present,MASKED,PROVIDED,PROVIDED
MCH2814,"Sani, Khare And Ramachandran",5912,Healthcare & Pharmacy,Partnership,Jalandhar,Punjab,2024-02-24,XXXX1070,Active,1581.52,Unique,present,MASKED,PROVIDED,PROVIDED
MCH5496,Dar Plc,5912,Healthcare & Pharmacy,Sole Proprietorship,Jalandhar,Punjab,2023-01-03,,Active,374.06,Found Duplicate,present,MISSING,PROVIDED,PROVIDED
MCH9474,"Bajwa, Bhandari And Parmar",5912,Healthcare & Pharmacy,Sole Proprietorship,Kolkata,West Bengal,2024-03-16,0765979563,Unknown,0.1464,Found Duplicate,present,VALID_NUMERIC,PROVIDED,PROVIDED
MCH5841,Nori Group,5912,Healthcare & Pharmacy,Sole Proprietorship,Mumbai,Maharashtra,2023-11-01,,Active,466.44,Unique,present,MISSING,PROVIDED,PROVIDED
MCH5598,"Thakur, Verma And Venkataraman",5912,Healthcare & Pharmacy,Individual,Jalandhar,Punjab,2023-09-13,,Active,2948.79,Unique,present,MISSING,PROVIDED,PROVIDED
MCH4230,Jha Group,5912,Healthcare & Pharmacy,Private Limited,Jaipur,Rajasthan,,XXXX6774,Active,911.06,Unique,missing,MASKED,PROVIDED,PROVIDED
MCH9514,Prakash Gr0Up,5912,Healthcare & Pharmacy,Partnership,Lucknow,Uttar Pradesh,2024-10-06,XXXX7878,Inactive,2338.36,Unique,present,MASKED,PROVIDED,PROVIDED
MCH4843,Dugar Master,5912,Healthcare & Pharmacy,Sole Proprietorship,Hyderabad,Telangana,2024-05-18,4521971795,Unknown,1023.41,Found Duplicate,present,VALID_NUMERIC,PROVIDED,PROVIDED
MCH5897,Mutti Doshi,5912,Healthcare & Pharmacy,Private Limited,Amritsar,Punjab,2026-06-01,,Active,0.1302,Unique,present,MISSING,PROVIDED,PROVIDED
MCH8952,"Varghese, Korpal And Dora",5912,Healthcare & Pharmacy,Sole Proprietorship,Chennai,Tamil Nadu,2024-08-10,,Active,987.96,Unique,present,MISSING,PROVIDED,PROVIDED
MCH1983,Jayaraman Plc,5912,Healthcare & Pharmacy,Sole Proprietorship,Hyderabad,Telangana,2024-12-13,6619790480,Unknown,657.32,Unique,present,VALID_NUMERIC,PROVIDED,PROVIDED
MCH5622,"Biswas, Shetty And Nazareth",5912,Healthcare & Pharmacy,Partnership,Lucknow,Uttar Pradesh,2025-11-13,,Active,1250.67,Found Duplicate,present,MISSING,PROVIDED,PROVIDED
MCH7060,"Nayak, Parmer And Anand",5912,Healthcare & Pharmacy,Private Limited,Kolkata,West Bengal,2023-05-26,,Active,1299.1,Unique,present,MISSING,PROVIDED,PROVIDED
MCH9216,Amble Thaman,5912,Healthcare & Pharmacy,Partnership,Ludhiana,Punjab,2025-02-10,TRSX1584484080188,Unknown,2329.15,Unique,present,ALPHANUMERIC_IBAN,PROVIDED,PROVIDED
MCH1213,Ray Llc,5912,Healthcare & Pharmacy,Partnership,Pune,Maharashtra,2024-01-07,1805958295,Active,0.1556,Found Duplicate,present,VALID_NUMERIC,PROVIDED,PROVIDED
MCH9332,Gupta Inc,5912,Healthcare & Pharmacy,Private Limited,Pune,Maharashtra,2023-09-24,,Unknown,1393.93,Found Duplicate,present,MISSING,PROVIDED,PROVIDED
MCH1661,Kothari Dara,5912,Healthcare & Pharmacy,Partnership,Hyderabad,Telangana,2026-01-16,XXXX7371,Active,1050.315,Found Duplicate,present,MASKED,PROVIDED,MISSING_OR_INVALID
MCH6827,Mangat And Sons,5912,Healthcare & Pharmacy,Sole Proprietorship,Jalandhar,Punjab,,4120235225,Active,1859.4,Unique,missing,VALID_NUMERIC,PROVIDED,PROVIDED
MCH8150,Hegde Doctor,5912,Healthcare & Pharmacy,Partnership,Pune,Maharashtra,2023-11-02,MNHK7085418913677,Active,0.143,Unique,present,ALPHANUMERIC_IBAN,PROVIDED,PROVIDED
MCH8574,Vohra Group,5912,Healthcare & Pharmacy,Individual,Jaipur,Rajasthan,2026-02-04,NSHE9263060444640,Inactive,746.57,Unique,present,ALPHANUMERIC_IBAN,PROVIDED,PROVIDED
MCH2525,Narayan Mallick,5912,Healthcare & Pharmacy,Sole Proprietorship,Amritsar,Punjab,2025-03-17,,Active,1084.48,Found Duplicate,present,MISSING,PROVIDED,PROVIDED
MCH3893,Dhingra Chaudhuri,5912,Healthcare & Pharmacy,Sole Proprietorship,Chennai,Tamil Nadu,2025-08-03,XXXX2466,Active,2445.5,Found Duplicate,present,MASKED,PROVIDED,PROVIDED
MCH1625,Handallc,5912,Healthcare & Pharmacy,Private Limited,Ludhiana,Punjab,2024-07-27,,Inactive,4123.17,Found Duplicate,present,MISSING,PROVIDED,PROVIDED
MCH9954,Mitra Llc,5912,Healthcare & Pharmacy,Sole Proprietorship,Lucknow,Uttar Pradesh,2023-06-30,,Active,412.84,Found Duplicate,present,MISSING,PROVIDED,PROVIDED
MCH3353,Bhardwaj And Sons,5912,Healthcare & Pharmacy,Partnership,Bengaluru,Karnataka,2023-02-23,,Suspended,4012.28,Found Duplicate,present,MISSING,PROVIDED,PROVIDED
MCH7050,Chand And Sons,5912,Healthcare & Pharmacy,Private Limited,Bengaluru,Karnataka,2025-02-04,XXXX7630,Active,781.34,Unique,present,MASKED,PROVIDED,PROVIDED
MCH4408,Dhar Shetty,5912,Healthcare & Pharmacy,Individual,Amritsar,Punjab,2023-12-19,XXXX8510,Inactive,425.49,Unique,present,MASKED,PROVIDED,PROVIDED
MCH6422,"Bhatnagar, Bora And Venkataraman",5912,Healthcare & Pharmacy,Sole Proprietorship,Pune,Maharashtra,2025-11-05,,Active,1587.75,Found Duplicate,present,MISSING,PROVIDED,PROVIDED
MCH6492,Peri Llc,5912,Healthcare & Pharmacy,Individual,Mumbai,Maharashtra,2025-08-20,,Active,3574.25,Unique,present,MISSING,PROVIDED,PROVIDED
MCH7371,"Ghose, Handa And Golla",5912,Healthcare & Pharmacy,Individual,Chennai,Tamil Nadu,2025-04-08,DGYJ0066359514769,Unknown,456.21,Found Duplicate,present,ALPHANUMERIC_IBAN,PROVIDED,PROVIDED
MCH2763,Thaman Virk,5912,Healthcare & Pharmacy,Private Limited,Bengaluru,Karnataka,2025-07-23,XXXX7625,Active,563.88,Unique,present,MASKED,PROVIDED,PROVIDED
MCH2676,Subramanian Inc,5912,Healthcare & Pharmacy,Partnership,Kolkata,West Bengal,2025-01-04,2515678335,Active,1679.3,Found Duplicate,present,VALID_NUMERIC,PROVIDED,PROVIDED
MCH8766,Shanker Ltd,5912,Healthcare & Pharmacy,Sole Proprietorship,Chennai,Tamil Nadu,2025-07-02,LBCS6149751072464,Active,0.801,Unique,present,ALPHANUMERIC_IBAN,PROVIDED,PROVIDED
MCH4197,Chaudry Group,5912,Healthcare & Pharmacy,Private Limited,Pune,Maharashtra,,UHGU5811611698099,Active,4814.44,Unique,missing,ALPHANUMERIC_IBAN,PROVIDED,PROVIDED
MCH8714,Guptagroup,5912,Healthcare & Pharmacy,Sole Proprietorship,Pune,Maharashtra,2023-08-10,XXXX2445,Inactive,569.38,Unique,present,MASKED,PROVIDED,PROVIDED
MCH6950,"Bal, Swaminathan And Desai",5912,Healthcare & Pharmacy,Partnership,Jaipur,Rajasthan,2025-10-04,XXXX4795,Active,1101.05,Unique,present,MASKED,PROVIDED,PROVIDED
MCH2610,"Dhar, Mahajan And Sarkar",5912,Healthcare & Pharmacy,Private Limited,Delhi,Delhi,2025-08-09,GLOR5725383010765,Active,3319.36,Found Duplicate,present,ALPHANUMERIC_IBAN,PROVIDED,PROVIDED
MCH3618,"Narang, Atwal And Merchant",5912,Healthcare & Pharmacy,Sole Proprietorship,Mumbai,Maharashtra,2023-07-25,LZII0053942814377,Active,1728.22,Found Duplicate,present,ALPHANUMERIC_IBAN,PROVIDED,PROVIDED
MCH7127,"Thakur, Hayre And Kalla",5912,Healthcare & Pharmacy,Individual,Chennai,Tamil Nadu,2023-07-15,,Unknown,1116.33,Found Duplicate,present,MISSING,PROVIDED,PROVIDED
MCH7436,Mane Trivedi,5912,Healthcare & Pharmacy,Individual,Bengaluru,Karnataka,2024-09-14,,Active,1384.27,Unique,present,MISSING,PROVIDED,PROVIDED
MCH4688,Hora Plc,5912,Healthcare & Pharmacy,Individual,Ludhiana,Punjab,2024-05-18,XXXX6054,Suspended,0.1146,Found Duplicate,present,MASKED,PROVIDED,PROVIDED
MCH7198,Rama And Sons,5912,Healthcare & Pharmacy,Partnership,Jaipur,Rajasthan,2023-02-15,6060043689,Active,1594.96,Found Duplicate,present,VALID_NUMERIC,PROVIDED,PROVIDED
MCH6260,Mittal Plc,5912,Healthcare & Pharmacy,Private Limited,Lucknow,Uttar Pradesh,2025-01-27,XXXX9807,Active,1050.315,Unique,present,MASKED,PROVIDED,MISSING_OR_INVALID
MCH5253,Balakrishnan Plc,5912,Healthcare & Pharmacy,Sole Proprietorship,Mumbai,Maharashtra,2025-07-23,3588777363,Active,1050.315,Unique,present,VALID_NUMERIC,PROVIDED,MISSING_OR_INVALID
MCH7967,Chandran Inc,5912,Healthcare & Pharmacy,Individual,Bengaluru,Karnataka,2025-06-19,,Active,1630.08,Found Duplicate,present,MISSING,PROVIDED,PROVIDED
MCH1379,Chokshi Ltd,5912,Healthcare & Pharmacy,Individual,Chennai,Tamil Nadu,2024-01-23,XXXX4340,Unknown,2729.5,Unique,present,MASKED,PROVIDED,PROVIDED
MCH9888,"Contractor, Mohanty And Devi",5912,Healthcare & Pharmacy,Sole Proprietorship,Chennai,Tamil Nadu,2025-09-23,XXXX3253,Active,1367.96,Found Duplicate,present,MASKED,PROVIDED,PROVIDED
MCH5648,Jain Bera,5912,Healthcare & Pharmacy,Sole Proprietorship,Ludhiana,Punjab,,,Active,1745.3,Found Duplicate,missing,MISSING,PROVIDED,PROVIDED
MCH7828,Samra Ltd,5912,Healthcare & Pharmacy,Private Limited,Kolkata,West Bengal,2023-10-03,,Active,0.2295,Found Duplicate,present,MISSING,PROVIDED,PROVIDED
MCH6667,Konda Jain,5912,Healthcare & Pharmacy,Sole Proprietorship,Hyderabad,Telangana,2024-10-16,,Unknown,2831.62,Unique,present,MISSING,PROVIDED,PROVIDED
MCH2105,Nagar Misra,5912,Healthcare & Pharmacy,Private Limited,Jaipur,Rajasthan,2024-03-17,DJMK6141720098442,Active,1101.76,Found Duplicate,present,ALPHANUMERIC_IBAN,PROVIDED,PROVIDED
MCH5683,Chauhan Chakraborty,5912,Healthcare & Pharmacy,Private Limited,Chennai,Tamil Nadu,2025-06-06,8678287299,Active,1050.315,Found Duplicate,present,VALID_NUMERIC,PROVIDED,MISSING_OR_INVALID
MCH6331,Wagle Sinha,5912,Healthcare & Pharmacy,Sole Proprietorship,Bengaluru,Karnataka,2024-10-05,IOKV1240109633121,Active,2605.3,Found Duplicate,present,ALPHANUMERIC_IBAN,PROVIDED,PROVIDED
MCH2083,Patla Basak,5912,Healthcare & Pharmacy,Individual,Kolkata,West Bengal,2024-08-10,,Suspended,556.93,Unique,present,MISSING,PROVIDED,PROVIDED
MCH3694,"Date, Naidu And Raja",5912,Healthcare & Pharmacy,Partnership,Jalandhar,Punjab,2024-11-22,GPTO7610757270352,Active,4933.54,Unique,present,ALPHANUMERIC_IBAN,PROVIDED,PROVIDED
MCH7362,"Rege, Thaker And Sinha",5912,Healthcare & Pharmacy,Private Limited,Pune,Maharashtra,2025-01-29,,Active,1915.79,Found Duplicate,present,MISSING,PROVIDED,PROVIDED
MCH2836,Rai And Sons,5912,Healthcare & Pharmacy,Private Limited,Chennai,Tamil Nadu,2024-07-15,XXXX2773,Inactive,3262.99,Unique,present,MASKED,PROVIDED,PROVIDED
MCH8132,Jain Peri,5912,Healthcare & Pharmacy,Sole Proprietorship,Ludhiana,Punjab,2024-10-25,,Active,594.94,Found Duplicate,present,MISSING,PROVIDED,PROVIDED
MCH9004,"Nigam, Hegde And Sura",5912,Healthcare & Pharmacy,Partnership,Hyderabad,Telangana,,,Inactive,926.37,Found Duplicate,missing,MISSING,PROVIDED,PROVIDED
MCH8489,"Nadkarni, Murty And Chad",5912,Healthcare & Pharmacy,Partnership,Ludhiana,Punjab,2023-11-29,,Active,713.56,Found Duplicate,present,MISSING,PROVIDED,PROVIDED
MCH6829,"Natarajan, Thaker And Aggarwal",5912,Healthcare & Pharmacy,Sole Proprietorship,Mumbai,Maharashtra,2024-01-24,,Active,1746.05,Unique,present,MISSING,PROVIDED,PROVIDED
MCH6002,Bal Group,5912,Healthcare & Pharmacy,Partnership,Delhi,Delhi,2025-05-14,,Active,0.718,Found Duplicate,present,MISSING,PROVIDED,PROVIDED
MCH9764,More Bhavsar,5912,Healthcare & Pharmacy,Sole Proprietorship,Pune,Maharashtra,2024-09-06,XXXX9274,Active,3514.68,Found Duplicate,present,MASKED,PROVIDED,PROVIDED
MCH3618,"Narang, Atwal And Merchant",5912,Healthcare & Pharmacy,Sole Proprietorship,Mumbai,Maharashtra,2023-07-25,LZII0053942814377,Active,1728.22,Found Duplicate,present,ALPHANUMERIC_IBAN,PROVIDED,PROVIDED
MCH2107,"Wali, Srinivas And Vyas",5912,Healthcare & Pharmacy,Private Limited,Chennai,Tamil Nadu,2023-08-29,KNZL1450578164711,Active,679.27,Unique,present,ALPHANUMERIC_IBAN,PROVIDED,PROVIDED
MCH5587,"Parmar,Bobalandbatra",5912,Healthcare & Pharmacy,Private Limited,Bengaluru,Karnataka,2024-06-25,,Active,996.25,Found Duplicate,present,MISSING,PROVIDED,PROVIDED
MCH4133,Buch Hayre,5912,Healthcare & Pharmacy,Partnership,Kolkata,West Bengal,2024-02-16,,Suspended,1903.02,Found Duplicate,present,MISSING,PROVIDED,PROVIDED
MCH8098,"Sahni, Bahri And Apte",5912,Healthcare & Pharmacy,Individual,Pune,Maharashtra,2025-08-27,XXXX6599,Active,0.197,Found Duplicate,present,MASKED,PROVIDED,PROVIDED
MCH6144,Ravi Dhingra,5912,Healthcare & Pharmacy,Private Limited,Hyderabad,Telangana,2023-04-28,,Active,0.2686,Found Duplicate,present,MISSING,PROVIDED,PROVIDED
MCH4980,Gaba Sankaran,5912,Healthcare & Pharmacy,Sole Proprietorship,Amritsar,Punjab,,,Inactive,857.86,Found Duplicate,missing,MISSING,PROVIDED,PROVIDED
MCH7600,Panchal Ltd,5912,Healthcare & Pharmacy,Individual,Lucknow,Uttar Pradesh,2023-10-13,,Active,1148.2,Found Duplicate,present,MISSING,PROVIDED,PROVIDED
MCH1285,Hayer Plc,5912,Healthcare & Pharmacy,Individual,Bengaluru,Karnataka,2023-09-24,,Unknown,436.7,Unique,present,MISSING,PROVIDED,PROVIDED
MCH9988,"Johal, Padmanabhan And Sagar",5912,Healthcare & Pharmacy,Individual,Delhi,Delhi,2026-02-02,,Unknown,1620.14,Unique,present,MISSING,PROVIDED,PROVIDED
MCH5193,Shetty Inc,5912,Healthcare & Pharmacy,Partnership,Amritsar,Punjab,2025-07-13,QQWR4601081024609,Active,1291.02,Unique,present,ALPHANUMERIC_IBAN,PROVIDED,PROVIDED
MCH8297,Nayar Ltd,5912,Healthcare & Pharmacy,Partnership,Kolkata,West Bengal,,5258052297,Inactive,465.08,Found Duplicate,missing,VALID_NUMERIC,PROVIDED,PROVIDED
MCH9396,Baria Bhasin,5912,Healthcare & Pharmacy,Partnership,Pune,Maharashtra,2025-01-24,WSGG2231313442332,Active,157.3,Found Duplicate,present,ALPHANUMERIC_IBAN,PROVIDED,PROVIDED
MCH1393,Hegde Bahri,5912,Healthcare & Pharmacy,Partnership,Ludhiana,Punjab,2024-11-15,BAUM6641100955450,Active,6478.07,Unique,present,ALPHANUMERIC_IBAN,PROVIDED,PROVIDED
MCH3925,Rana Sehga1,5912,Healthcare & Pharmacy,Individual,Chennai,Tamil Nadu,,IFJH9817043350326,Suspended,1111.78,Found Duplicate,missing,ALPHANUMERIC_IBAN,PROVIDED,PROVIDED
MCH4232,Raj Group,5912,Healthcare & Pharmacy,Individual,Hyderabad,Telangana,2023-06-23,,Suspended,479.88,Found Duplicate,present,MISSING,PROVIDED,PROVIDED
MCH4811,Chaudhry Majumdar,5912,Healthcare & Pharmacy,Private Limited,Delhi,Delhi,2024-06-26,XXXX5566,Active,615.9,Found Duplicate,present,MASKED,PROVIDED,PROVIDED
MCH9807,Pillay Sule,5912,Healthcare & Pharmacy,Partnership,Ludhiana,Punjab,2024-09-17,,Active,3555.86,Unique,present,MISSING,PROVIDED,PROVIDED
MCH6377,Balasubramanianllc,5912,Healthcare & Pharmacy,Individual,Mumbai,Maharashtra,2025-06-12,LULW1753905866525,Unknown,1259.93,Found Duplicate,present,ALPHANUMERIC_IBAN,PROVIDED,PROVIDED
MCH9012,"Bada1, Saxena And Banik",5912,Healthcare & Pharmacy,Sole Proprietorship,Chennai,Tamil Nadu,2023-04-06,BQEZ6789281493194,Active,275.88,Found Duplicate,present,ALPHANUMERIC_IBAN,PROVIDED,PROVIDED
MCH9641,Andra Ltd,5912,Healthcare & Pharmacy,Private Limited,Kolkata,West Bengal,2025-10-15,2325222758,Active,3323.59,Unique,present,VALID_NUMERIC,PROVIDED,PROVIDED
MCH3509,Dara Rajagopalan,5912,Healthcare & Pharmacy,Sole Proprietorship,Kolkata,West Bengal,2023-09-09,JSXR7999494577088,Unknown,1651.56,Found Duplicate,present,ALPHANUMERIC_IBAN,PROVIDED,PROVIDED
MCH2165,Venkataraman Seshadri,5912,Healthcare & Pharmacy,Sole Proprietorship,Pune,Maharashtra,2024-06-26,,Unknown,137.68,Unique,present,MISSING,PROVIDED,PROVIDED
MCH7688,"Kata, Bobal And Basu",5912,Healthcare & Pharmacy,Sole Proprietorship,Ludhiana,Punjab,2025-07-29,7749062073,Unknown,0.3346,Unique,present,VALID_NUMERIC,PROVIDED,PROVIDED
MCH8634,Palla Brar,5912,Healthcare & Pharmacy,Partnership,Jalandhar,Punjab,2023-06-13,FVKP3398609583042,Active,843.2,Unique,present,ALPHANUMERIC_IBAN,PROVIDED,PROVIDED
MCH9484,"Bail, Sen And Bava",5912,Healthcare & Pharmacy,Sole Proprietorship,Jalandhar,Punjab,2024-11-30,,Unknown,0.1401,Unique,present,MISSING,PROVIDED,PROVIDED
MCH6045,"Bajwa, Wali And Walla",5912,Healthcare & Pharmacy,Private Limited,Bengaluru,Karnataka,2023-09-28,2003662760,Active,0.2897,Unique,present,VALID_NUMERIC,PROVIDED,PROVIDED
MCH4233,Parmar And Sons,5912,Healthcare & Pharmacy,Sole Proprietorship,Bengaluru,Karnataka,2024-07-30,4132683121,Inactive,3068.07,Found Duplicate,present,VALID_NUMERIC,PROVIDED,PROVIDED
MCH7435,"Puri, Biswas And Roy",5912,Healthcare & Pharmacy,Partnership,Jaipur,Rajasthan,2023-11-12,XXXX1625,Suspended,1536.78,Unique,present,MASKED,PROVIDED,PROVIDED
MCH1071,"Keer, Roy And Narayanan",5912,Healthcare & Pharmacy,Sole Proprietorship,Jaipur,Rajasthan,2025-04-17,4373595007,Active,619.21,Found Duplicate,present,VALID_NUMERIC,PROVIDED,PROVIDED
MCH2923,Bahri Plc,5912,Healthcare & Pharmacy,Sole Proprietorship,Bengaluru,Karnataka,2024-11-11,,Active,1195.19,Found Duplicate,present,MISSING,PROVIDED,PROVIDED
MCH3187,"Mand, Singhal And Raman",5912,Healthcare & Pharmacy,Sole Proprietorship,Kolkata,West Bengal,2023-07-11,ZOEN9168175383897,Active,4276.66,Unique,present,ALPHANUMERIC_IBAN,PROVIDED,PROVIDED
MCH2122,"Bava, Bal And Mittal",5912,Healthcare & Pharmacy,Individual,Pune,Maharashtra,2024-04-01,,Active,1119.03,Unique,present,MISSING,PROVIDED,PROVIDED
MCH3289,Rajagopalan Master,5912,Healthcare & Pharmacy,Private Limited,Mumbai,Maharashtra,2025-05-17,UTKH3152831159971,Active,1050.315,Found Duplicate,present,ALPHANUMERIC_IBAN,PROVIDED,MISSING_OR_INVALID
MCH4776,Lall Inc,5912,Healthcare & Pharmacy,Private Limited,Amritsar,Punjab,2023-07-22,6483794741,Unknown,4262.37,Found Duplicate,present,VALID_NUMERIC,PROVIDED,PROVIDED
MCH6034,Sane Inc,5912,Healthcare & Pharmacy,Private Limited,Jaipur,Rajasthan,2025-10-18,5791425986,Active,1353.34,Unique,present,VALID_NUMERIC,PROVIDED,PROVIDED
MCH9049,"Badami, Pathak And Murty",5912,Healthcare & Pharmacy,Partnership,Pune,Maharashtra,2023-03-10,XXXX1304,Active,2072.82,Found Duplicate,present,MASKED,PROVIDED,PROVIDED
MCH9492,Mitra Gr0Up,5912,Healthcare & Pharmacy,Private Limited,Kolkata,West Bengal,2024-07-13,8155802263,Unknown,1049.0,Found Duplicate,present,VALID_NUMERIC,PROVIDED,PROVIDED
MCH2020,"Gole, Bera And Patla",5912,Healthcare & Pharmacy,Sole Proprietorship,Bengaluru,Karnataka,2024-03-31,,Active,4119.49,Found Duplicate,present,MISSING,PROVIDED,PROVIDED
MCH8923,Choudhury Group,5912,Healthcare & Pharmacy,Individual,Jaipur,Rajasthan,2024-06-12,WVVA0613994696185,Inactive,2880.15,Found Duplicate,present,ALPHANUMERIC_IBAN,PROVIDED,PROVIDED
MCH8125,"Sane, Misra And Mitter",5912,Healthcare & Pharmacy,Individual,Bengaluru,Karnataka,2025-10-29,,Active,2004.37,Found Duplicate,present,MISSING,PROVIDED,PROVIDED
MCH8046,Muni Llc,5912,Healthcare & Pharmacy,Partnership,Mumbai,Maharashtra,2024-11-12,GNMM4947998232253,Active,401.9,Unique,present,ALPHANUMERIC_IBAN,PROVIDED,PROVIDED
MCH7343,Dixit Ltd,5912,Healthcare & Pharmacy,Partnership,Jaipur,Rajasthan,,XXXX6255,Active,0.3142,Unique,missing,MASKED,PROVIDED,PROVIDED
MCH3180,Sanghvi And S0Ns,5912,Healthcare & Pharmacy,Private Limited,Delhi,Delhi,2023-06-03,XXXX6774,Active,0.2608,Unique,present,MASKED,PROVIDED,PROVIDED
MCH3389,Korpal Hegde,5912,Healthcare & Pharmacy,Individual,Ludhiana,Punjab,2023-04-11,,Active,877.98,Found Duplicate,present,MISSING,PROVIDED,PROVIDED
MCH4097,Venkataraman Plc,5912,Healthcare & Pharmacy,Sole Proprietorship,Bengaluru,Karnataka,2025-05-25,,Unknown,405.21,Found Duplicate,present,MISSING,PROVIDED,PROVIDED
MCH5042,Nagi Raja,5912,Healthcare & Pharmacy,Individual,Kolkata,West Bengal,2024-04-25,3533096055,Active,3524.4,Found Duplicate,present,VALID_NUMERIC,PROVIDED,PROVIDED
MCH3563,Shan Inc,5912,Healthcare & Pharmacy,Sole Proprietorship,Bengaluru,Karnataka,2024-04-01,XXXX8095,Unknown,335.55,Found Duplicate,present,MASKED,PROVIDED,PROVIDED
MCH6582,Sagar Group,5912,Healthcare & Pharmacy,Partnership,Kolkata,West Bengal,2023-06-09,,Active,0.1999,Found Duplicate,present,MISSING,PROVIDED,PROVIDED
MCH8926,Ramesh Mukhopadhyay,5912,Healthcare & Pharmacy,Sole Proprietorship,Delhi,Delhi,2024-01-16,3730788940,Active,5318.08,Found Duplicate,present,VALID_NUMERIC,PROVIDED,PROVIDED
MCH2287,Baral Inc,5912,Healthcare & Pharmacy,Individual,Delhi,Delhi,2025-11-06,,Active,920.82,Unique,present,MISSING,PROVIDED,PROVIDED
MCH3856,"Pandit, Karnik And Kurian",5912,Healthcare & Pharmacy,Individual,Ludhiana,Punjab,2025-07-07,,Unknown,755.4,Found Duplicate,present,MISSING,PROVIDED,PROVIDED
MCH9813,Modi Group,5912,Healthcare & Pharmacy,Sole Proprietorship,Kolkata,West Bengal,2023-01-13,NMVQ7058285918265,Inactive,3354.47,Found Duplicate,present,ALPHANUMERIC_IBAN,PROVIDED,PROVIDED
MCH7794,Kalita Plc,5912,Healthcare & Pharmacy,Partnership,Delhi,Delhi,2025-05-01,GLZI3360162189324,Unknown,622.63,Unique,present,ALPHANUMERIC_IBAN,PROVIDED,PROVIDED
MCH3655,Batra Llc,5912,Healthcare & Pharmacy,Sole Proprietorship,Pune,Maharashtra,2024-08-17,,Active,528.59,Unique,present,MISSING,PROVIDED,PROVIDED
MCH1772,"Thakur, Talwar And Chahal",5912,Healthcare & Pharmacy,Partnership,Pune,Maharashtra,2025-11-19,XXXX1519,Unknown,645.09,Found Duplicate,present,MASKED,PROVIDED,PROVIDED
MCH8864,Lala Ben,5912,Healthcare & Pharmacy,Individual,Ludhiana,Punjab,2025-12-28,,Active,869.2,Unique,present,MISSING,PROVIDED,PROVIDED
MCH1188,M0Rar Ltd,5912,Healthcare & Pharmacy,Individual,Hyderabad,Telangana,2024-02-19,3674511273,Active,1156.7,Unique,present,VALID_NUMERIC,PROVIDED,PROVIDED
MCH1710,"Tara, Dash And Pau",5912,Healthcare & Pharmacy,Partnership,Lucknow,Uttar Pradesh,2026-02-26,,Active,804.19,Found Duplicate,present,MISSING,PROVIDED,PROVIDED
MCH9004,Vaidya Subramanian,5912,Healthcare & Pharmacy,Private Limited,Ludhiana,Punjab,2025-08-03,UZFO1636955430005,Suspended,1239.93,Found Duplicate,present,ALPHANUMERIC_IBAN,PROVIDED,PROVIDED
MCH4097,Nori Plc,5912,Healthcare & Pharmacy,Private Limited,Pune,Maharashtra,,,Unknown,930.77,Found Duplicate,missing,MISSING,PROVIDED,PROVIDED
MCH6623,Kakar And Sons,5912,Healthcare & Pharmacy,Individual,Pune,Maharashtra,,8474818927,Active,1424.35,Unique,missing,VALID_NUMERIC,PROVIDED,PROVIDED
MCH3586,Dayal Nagar,5912,Healthcare & Pharmacy,Partnership,Hyderabad,Telangana,2026-01-28,1143347480,Active,2093.13,Found Duplicate,present,VALID_NUMERIC,PROVIDED,PROVIDED
MCH3395,"Boase, Dutt And Sami",5912,Healthcare & Pharmacy,Partnership,Jaipur,Rajasthan,2024-07-22,,Inactive,0.619,Found Duplicate,present,MISSING,PROVIDED,PROVIDED
MCH6677,"Deshmukh, Choudhry And Lad",5912,Healthcare & Pharmacy,Private Limited,Jalandhar,Punjab,2024-12-05,,Inactive,2949.0,Unique,present,MISSING,PROVIDED,PROVIDED
MCH7802,Venkatesh Llc,5912,Healthcare & Pharmacy,Partnership,Lucknow,Uttar Pradesh,2024-04-12,5184855438,Active,1493.43,Found Duplicate,present,VALID_NUMERIC,PROVIDED,PROVIDED
MCH6892,Chacko Gaba,5912,Healthcare & Pharmacy,Sole Proprietorship,Bengaluru,Karnataka,2025-05-07,XXXX0824,Active,684.73,Unique,present,MASKED,PROVIDED,PROVIDED
MCH6862,"Agrawal, Butala And Ravi",5912,Healthcare & Pharmacy,Private Limited,Mumbai,Maharashtra,2025-01-25,,Active,1279.37,Found Duplicate,present,MISSING,PROVIDED,PROVIDED
MCH6061,Kaur Llc,5912,Healthcare & Pharmacy,Individual,Chennai,Tamil Nadu,2025-12-20,PCHM7779378281911,Active,1323.16,Found Duplicate,present,ALPHANUMERIC_IBAN,PROVIDED,PROVIDED
MCH8869,Tella Roy,5912,Healthcare & Pharmacy,Sole Proprietorship,Ludhiana,Punjab,2025-05-17,3757131975,Active,618.72,Unique,present,VALID_NUMERIC,PROVIDED,PROVIDED
MCH2910,"Mitter, Sekhon And Kunda",5912,Healthcare & Pharmacy,Sole Proprietorship,Lucknow,Uttar Pradesh,2023-11-04,XXXX8939,Active,1288.6,Found Duplicate,present,MASKED,PROVIDED,PROVIDED
MCH8431,"Brahmbhatt, Ranganathan And Sangha",5912,Healthcare & Pharmacy,Partnership,Hyderabad,Telangana,2023-04-29,,Active,1715.36,Found Duplicate,present,MISSING,PROVIDED,PROVIDED
MCH9955,Bumb Ltd,5912,Healthcare & Pharmacy,Individual,Bengaluru,Karnataka,2024-02-20,,Inactive,5375.4,Found Duplicate,present,MISSING,PROVIDED,PROVIDED
MCH7830,Narayanan Barad,5912,Healthcare & Pharmacy,Private Limited,Jaipur,Rajasthan,2025-12-14,9447863643,Suspended,1497.41,Found Duplicate,present,VALID_NUMERIC,PROVIDED,PROVIDED
MCH6164,"Bir, Patil And Chahal",5912,Healthcare & Pharmacy,Sole Proprietorship,Mumbay,Maharashtra,2023-01-03,4503250362,Active,0.1451,Unique,present,VALID_NUMERIC,PROVIDED,PROVIDED
MCH6729,Khatri And Sons,5912,Healthcare & Pharmacy,Partnership,Chennai,Tamil Nadu,2023-07-01,TABO6915851442100,Active,1050.315,Found Duplicate,present,ALPHANUMERIC_IBAN,PROVIDED,MISSING_OR_INVALID
MCH2417,"Reddy, Patel And Manda",5912,Healthcare & Pharmacy,Individual,Bengaluru,Karnataka,2025-03-13,XXXX5551,Active,1553.29,Unique,present,MASKED,PROVIDED,PROVIDED
MCH9413,Kala Sarkar,5912,Healthcare & Pharmacy,Sole Proprietorship,Hyderabad,Telangana,2023-10-25,XXXX4409,Active,869.76,Unique,present,MASKED,PROVIDED,PROVIDED
MCH3890,Tata Bal,5912,Healthcare & Pharmacy,Individual,Pune,Maharashtra,2026-02-22,,Active,0.668,Unique,present,MISSING,PROVIDED,PROVIDED
MCH1336,Contractor Dube,5912,Healthcare & Pharmacy,Partnership,Jalandhar,Punjab,2025-05-26,,Active,0.885,Found Duplicate,present,MISSING,PROVIDED,PROVIDED
MCH1913,"Sandal, Srinivas And Lata",5912,Healthcare & Pharmacy,Partnership,Lucknow,Uttar Pradesh,2023-09-06,3453698993,Active,468.17,Unique,present,VALID_NUMERIC,PROVIDED,PROVIDED
MCH9145,"Naik, Bhargava And Cherian",5912,Healthcare & Pharmacy,Partnership,Lucknow,Uttar Pradesh,2024-06-13,EJTD8248302454682,Active,1754.6,Found Duplicate,present,ALPHANUMERIC_IBAN,PROVIDED,PROVIDED
MCH5567,"Kibe, Halder And Saraf",5912,Healthcare & Pharmacy,Sole Proprietorship,Bengaluru,Karnataka,2023-01-28,IXRG4736294294938,Active,1983.35,Found Duplicate,present,ALPHANUMERIC_IBAN,PROVIDED,PROVIDED
MCH6508,Varty Inc,5912,Healthcare & Pharmacy,Individual,Jalandhar,Punjab,2025-09-18,,Unknown,3434.37,Found Duplicate,present,MISSING,PROVIDED,PROVIDED
MCH6721,"Saran, Varughese And Savant",5912,Healthcare & Pharmacy,Individual,Ludhiana,Punjab,2025-11-11,EEDF3505931890281,Active,1696.94,Found Duplicate,present,ALPHANUMERIC_IBAN,PROVIDED,PROVIDED
MCH6146,Handa Llc,5912,Healthcare & Pharmacy,Individual,Amritsar,Punjab,2023-01-01,BIZN7645519547179,Active,1061.38,Unique,present,ALPHANUMERIC_IBAN,PROVIDED,PROVIDED
MCH7913,Khare Inc,5912,Healthcare & Pharmacy,Partnership,Pune,Maharashtra,2025-02-22,QFFQ8944942522196,Active,1243.32,Found Duplicate,present,ALPHANUMERIC_IBAN,PROVIDED,PROVIDED
MCH9834,"Gill, Varghese And Ganesh",5912,Healthcare & Pharmacy,Private Limited,Kolkata,West Bengal,2023-03-26,,Active,0.1416,Found Duplicate,present,MISSING,PROVIDED,PROVIDED
MCH9684,Bhasin Inc,5912,Healthcare & Pharmacy,Private Limited,Delhi,Delhi,2025-01-20,XXXX1695,Inactive,2227.2,Unique,present,MASKED,PROVIDED,PROVIDED
MCH4106,"Ramanathan, Bava And Dasgupta",5912,Healthcare & Pharmacy,Private Limited,Ludhiana,Punjab,2023-09-23,,Inactive,902.18,Found Duplicate,present,MISSING,PROVIDED,PROVIDED
MCH6119,Hayerltd,5912,Healthcare & Pharmacy,Individual,Amritsar,Punjab,2025-12-11,,Active,1262.04,Found Duplicate,present,MISSING,PROVIDED,PROVIDED
MCH9990,Mishra Inc,5912,Healthcare & Pharmacy,Private Limited,Mumbay,Maharashtra,2023-02-18,XXXX3137,Active,970.05,Unique,present,MASKED,PROVIDED,PROVIDED
MCH7763,"Choudhury, Mody And Tank",5912,Healthcare & Pharmacy,Individual,Chennai,Tamil Nadu,2023-11-03,,Active,777.85,Unique,present,MISSING,PROVIDED,PROVIDED
MCH2279,Sarma Inc,5912,Healthcare & Pharmacy,Private Limited,Mumbai,Maharashtra,2024-07-29,CIPY5229888115398,Active,2197.82,Unique,present,ALPHANUMERIC_IBAN,PROVIDED,PROVIDED
MCH3163,Dada Kalita,5912,Healthcare & Pharmacy,Partnership,Hyderabad,Telangana,2026-01-16,,Active,963.91,Found Duplicate,present,MISSING,PROVIDED,PROVIDED
MCH7353,Bhat Munshi,5912,Healthcare & Pharmacy,Partnership,Chennai,Tamil Nadu,2023-09-08,,Active,1050.315,Found Duplicate,present,MISSING,PROVIDED,MISSING_OR_INVALID
MCH3983,"Magar, Tara And Gera",5912,Healthcare & Pharmacy,Sole Proprietorship,Amritsar,Punjab,2024-12-15,XXXX1963,Unknown,0.511,Found Duplicate,present,MASKED,PROVIDED,PROVIDED
MCH2778,Madan Plc,5912,Healthcare & Pharmacy,Sole Proprietorship,Amritsar,Punjab,2024-03-25,XXXX3934,Active,4029.72,Found Duplicate,present,MASKED,PROVIDED,PROVIDED
MCH8312,"Ramanathan, Andra And Sarma",5912,Healthcare & Pharmacy,Partnership,Lucknow,Uttar Pradesh,2023-02-20,XXXX8360,Active,1966.71,Unique,present,MASKED,PROVIDED,PROVIDED
MCH6838,Wali Nair,5912,Healthcare & Pharmacy,Private Limited,Delhi,Delhi,2023-11-12,3622849709,Active,1461.29,Unique,present,VALID_NUMERIC,PROVIDED,PROVIDED
MCH3911,Bera Pingle,5912,Healthcare & Pharmacy,Private Limited,Hyderabad,Telangana,2023-09-13,,Inactive,1548.45,Found Duplicate,present,MISSING,PROVIDED,PROVIDED
MCH8197,Virk Venkataraman,5912,Healthcare & Pharmacy,Sole Proprietorship,Kolkata,West Bengal,2024-01-03,,Unknown,964.03,Unique,present,MISSING,PROVIDED,PROVIDED
MCH1956,Sodhi Plc,5912,Healthcare & Pharmacy,Individual,Amritsar,Punjab,2025-09-28,TLKU2109519549509,Active,1459.74,Found Duplicate,present,ALPHANUMERIC_IBAN,PROVIDED,PROVIDED
MCH2676,"Kohli, Biswas And Aggarwal",5912,Healthcare & Pharmacy,Partnership,Pune,Maharashtra,2026-01-30,LQDP7543612313020,Inactive,1050.315,Found Duplicate,present,ALPHANUMERIC_IBAN,PROVIDED,MISSING_OR_INVALID
MCH5362,"Kunda, Tiwari And Nagi",5912,Healthcare & Pharmacy,Private Limited,Jaipur,Rajasthan,2024-08-09,,Inactive,1922.99,Found Duplicate,present,MISSING,PROVIDED,PROVIDED
MCH1462,Swamy Inc,5912,Healthcare & Pharmacy,Private Limited,Jalandhar,Punjab,2023-09-13,CPHK2049802773880,Inactive,0.1411,Unique,present,ALPHANUMERIC_IBAN,PROVIDED,PROVIDED
MCH3627,"Chandra, Venkataraman And Palla",5912,Healthcare & Pharmacy,Sole Proprietorship,Jaipur,Rajasthan,2025-09-10,1981451941,Active,379.66,Unique,present,VALID_NUMERIC,PROVIDED,PROVIDED
MCH7651,Sur Inc,5912,Healthcare & Pharmacy,Sole Proprietorship,Jalandhar,Punjab,2025-07-24,VAPP7301302357942,Active,1138.07,Unique,present,ALPHANUMERIC_IBAN,PROVIDED,PROVIDED
MCH3553,"Bajwa, Tata And Narula",5912,Healthcare & Pharmacy,Private Limited,Lucknow,Uttar Pradesh,2023-02-01,7783034910,Active,1334.71,Found Duplicate,present,VALID_NUMERIC,PROVIDED,PROVIDED
MCH8844,"Lad, Walia And Raj",5912,Healthcare & Pharmacy,Individual,Ludhiana,Punjab,2025-11-26,5044649266,Active,1050.315,Found Duplicate,present,VALID_NUMERIC,PROVIDED,MISSING_OR_INVALID
MCH4643,"Dha1Iwa1, Pathak And Ping1E",7011,Hospitality & Hotels,Partnership,Chennai,Tamil Nadu,,,Active,382.94,Found Duplicate,missing,MISSING,PROVIDED,PROVIDED
MCH7699,Chakraborty Llc,7011,Hospitality & Hotels,Sole Proprietorship,Bengaluru,Karnataka,2023-01-29,,Unknown,145.86,Found Duplicate,present,MISSING,PROVIDED,PROVIDED
MCH1391,"Kale, Shroff And Barad",7011,Hospitality & Hotels,Individual,Kolkata,West Bengal,2025-10-31,,Suspended,0.2757,Unique,present,MISSING,PROVIDED,PROVIDED
MCH5420,Sahni Ghosh,7011,Hospitality & Hotels,Sole Proprietorship,Kolkata,West Bengal,2025-09-26,1296057901,Active,1993.6,Unique,present,VALID_NUMERIC,PROVIDED,PROVIDED
MCH1878,Narula Group,7011,Hospitality & Hotels,Private Limited,Delhi,Delhi,2025-02-26,XXXX5015,Active,939.26,Unique,present,MASKED,PROVIDED,MISSING_OR_INVALID
MCH7013,"Menon, Bahri And Pal",7011,Hospitality & Hotels,Partnership,Lucknow,Uttar Pradesh,2024-02-23,YKID8300912408123,Active,419.34,Found Duplicate,present,ALPHANUMERIC_IBAN,PROVIDED,PROVIDED
MCH2332,Toor Inc,7011,Hospitality & Hotels,Individual,Ludhiana,Punjab,2023-04-20,PKCI7470482397105,Active,3555.73,Unique,present,ALPHANUMERIC_IBAN,PROVIDED,PROVIDED
MCH1335,"Wagle, Kamdar And Mallick",7011,Hospitality & Hotels,Sole Proprietorship,Mumbai,Maharashtra,2024-05-03,OQHA9321120180853,Suspended,0.398,Unique,present,ALPHANUMERIC_IBAN,PROVIDED,PROVIDED
MCH6285,Kumer Mane,7011,Hospitality & Hotels,Private Limited,Bengaluru,Karnataka,2024-10-01,,Active,567.98,Unique,present,MISSING,PROVIDED,PROVIDED
MCH2471,"Pillai, Chopra And Modi",7011,Hospitality & Hotels,Private Limited,Delhi,Delhi,,QSMG3289733481830,Active,606.04,Found Duplicate,missing,ALPHANUMERIC_IBAN,PROVIDED,PROVIDED
MCH6067,Chaw1A Gangu1Y,7011,Hospitality & Hotels,Sole Proprietorship,Mumbai,Maharashtra,2025-12-03,FNQE1460028710860,Inactive,700.95,Unique,present,ALPHANUMERIC_IBAN,PROVIDED,PROVIDED
MCH2120,"Yohannan, Patla And Parmer",7011,Hospitality & Hotels,Partnership,Delhi,Delhi,2024-01-01,XXXX7380,Active,3366.53,Found Duplicate,present,MASKED,PROVIDED,PROVIDED
MCH1779,"Maharaj, Jaggi And Reddy",7011,Hospitality & Hotels,Partnership,Bengaluru,Karnataka,2024-02-09,,Active,1540.91,Found Duplicate,present,MISSING,PROVIDED,PROVIDED
MCH7503,Dixit Lala,7011,Hospitality & Hotels,Individual,Mumbai,Maharashtra,2024-06-10,6328103560,Active,2699.2,Found Duplicate,present,VALID_NUMERIC,PROVIDED,PROVIDED
MCH6524,Chaudry Lall,7011,Hospitality & Hotels,Sole Proprietorship,Delhi,Delhi,2023-12-25,RGKG5701905439053,Inactive,939.26,Unique,present,ALPHANUMERIC_IBAN,PROVIDED,MISSING_OR_INVALID
MCH8678,Dani Talwar,7011,Hospitality & Hotels,Partnership,Lucknow,Uttar Pradesh,2024-07-07,XXXX8500,Inactive,393.54,Unique,present,MASKED,PROVIDED,PROVIDED
MCH3988,Barad Bawa,7011,Hospitality & Hotels,Individual,Amritsar,Punjab,2023-11-20,XXXX1285,Active,602.31,Unique,present,MASKED,PROVIDED,PROVIDED
MCH9992,Rajagopalan Plc,7011,Hospitality & Hotels,Sole Proprietorship,Bengaluru,Karnataka,2024-02-07,5652803993,Active,577.93,Found Duplicate,present,VALID_NUMERIC,PROVIDED,PROVIDED
MCH8425,"Bhatnagar,Comarandhans",7011,Hospitality & Hotels,Individual,Jalandhar,Punjab,2025-12-06,NAVX0262232106872,Unknown,637.53,Unique,present,ALPHANUMERIC_IBAN,PROVIDED,PROVIDED
MCH7728,"Banerjee, Iyengar And Ganguly",7011,Hospitality & Hotels,Individual,Jaipur,Rajasthan,2024-10-11,XXXX5198,Active,750.16,Found Duplicate,present,MASKED,PROVIDED,PROVIDED
MCH6857,Barad And Sons,7011,Hospitality & Hotels,Partnership,Jalandhar,Punjab,2025-09-24,8351493566,Active,2452.63,Unique,present,VALID_NUMERIC,PROVIDED,PROVIDED
MCH8401,Pandey Plc,7011,Hospitality & Hotels,Partnership,Chennai,Tamil Nadu,2025-09-09,0328253862,Inactive,0.625,Found Duplicate,present,VALID_NUMERIC,PROVIDED,PROVIDED
MCH8448,"Roy, Parekh And Ratti",7011,Hospitality & Hotels,Private Limited,Jaipur,Rajasthan,2024-07-25,,Unknown,364.74,Unique,present,MISSING,PROVIDED,PROVIDED
MCH4124,Kakar Prabhu,7011,Hospitality & Hotels,Partnership,Jalandhar,Punjab,2023-01-21,DOCW0340939340492,Unknown,0.93,Found Duplicate,present,ALPHANUMERIC_IBAN,PROVIDED,PROVIDED
MCH5127,Sankar Group,7011,Hospitality & Hotels,Partnership,Delhi,Delhi,2024-06-09,3303273399,Active,2034.47,Found Duplicate,present,VALID_NUMERIC,PROVIDED,PROVIDED
MCH2612,Vala Ltd,7011,Hospitality & Hotels,Sole Proprietorship,Lucknow,Uttar Pradesh,2023-08-11,,Unknown,939.26,Unique,present,MISSING,PROVIDED,MISSING_OR_INVALID
MCH1420,"Nath, Setty And Pai",7011,Hospitality & Hotels,Partnership,Kolkata,West Bengal,2023-08-04,,Inactive,0.1986,Found Duplicate,present,MISSING,PROVIDED,PROVIDED
MCH2691,Pathak And Sons,7011,Hospitality & Hotels,Private Limited,Lucknow,Uttar Pradesh,2024-09-06,,Active,5340.32,Unique,present,MISSING,PROVIDED,PROVIDED
MCH8933,Magar Inc,7011,Hospitality & Hotels,Sole Proprietorship,Lucknow,Uttar Pradesh,2025-08-03,XXXX1861,Active,1568.46,Found Duplicate,present,MASKED,PROVIDED,PROVIDED
MCH7896,Samra Llc,7011,Hospitality & Hotels,Private Limited,Kolkata,West Bengal,2023-10-16,SGTY6881761008390,Suspended,2276.65,Unique,present,ALPHANUMERIC_IBAN,PROVIDED,PROVIDED
MCH9912,"Gade, Bajaj And Zachariah",7011,Hospitality & Hotels,Sole Proprietorship,Ludhiana,Punjab,2023-02-22,,Active,0.564,Unique,present,MISSING,PROVIDED,PROVIDED
MCH7021,"Dewan, Banerjee And Purohit",7011,Hospitality & Hotels,Sole Proprietorship,Bengaluru,Karnataka,2024-07-01,XXXX8572,Active,969.81,Unique,present,MASKED,PROVIDED,PROVIDED
MCH2564,Bumb And Sons,7011,Hospitality & Hotels,Private Limited,Hyderabad,Telangana,2025-04-18,XXXX0675,Active,1155.71,Unique,present,MASKED,PROVIDED,PROVIDED
MCH9679,Raman Ltd,7011,Hospitality & Hotels,Sole Proprietorship,Delhi,Delhi,2024-07-09,PIVF1729636161305,Inactive,310.73,Unique,present,ALPHANUMERIC_IBAN,PROVIDED,PROVIDED
MCH1541,Bhattacharyya Hans,7011,Hospitality & Hotels,Private Limited,Kolkata,West Bengal,2024-03-24,XXXX2848,Active,621.01,Found Duplicate,present,MASKED,PROVIDED,PROVIDED
MCH7061,Grover And Sons,7011,Hospitality & Hotels,Individual,Jaipur,Rajasthan,2023-06-12,,Unknown,462.72,Unique,present,MISSING,PROVIDED,PROVIDED
MCH5108,"Te11A, Naik And Rajag0Pa1",7011,Hospitality & Hotels,Private Limited,Delhi,Delhi,2023-02-17,,Unknown,1054.85,Found Duplicate,present,MISSING,PROVIDED,PROVIDED
MCH6554,Vora Llc,7011,Hospitality & Hotels,Individual,Bengaluru,Karnataka,2024-10-06,,Inactive,3625.66,Unique,present,MISSING,PROVIDED,PROVIDED
MCH5443,Loyal Narasimhan,7011,Hospitality & Hotels,Individual,Kolkata,West Bengal,2023-09-12,VCRF1570737200411,Active,1593.65,Unique,present,ALPHANUMERIC_IBAN,PROVIDED,PROVIDED
MCH4093,Krishnamurthy Plc,7011,Hospitality & Hotels,Private Limited,Lucknow,Uttar Pradesh,2024-03-15,XXXX5675,Inactive,1291.9,Unique,present,MASKED,PROVIDED,PROVIDED
MCH9956,Khatri Inc,7011,Hospitality & Hotels,Sole Proprietorship,Pune,Maharashtra,2023-05-19,5037831406,Suspended,2099.08,Found Duplicate,present,VALID_NUMERIC,PROVIDED,PROVIDED
MCH8136,Bora Inc,7011,Hospitality & Hotels,Sole Proprietorship,Amritsar,Punjab,2025-10-27,XXXX8920,Inactive,0.635,Unique,present,MASKED,PROVIDED,PROVIDED
MCH3079,"Bobal, Balay And Batra",7011,Hospitality & Hotels,Private Limited,Bengaluru,Karnataka,,XXXX1002,Active,486.3,Found Duplicate,missing,MASKED,PROVIDED,PROVIDED
MCH4844,Trivedi De01,7011,Hospitality & Hotels,Individual,Bengaluru,Karnataka,2024-06-23,,Active,798.53,Unique,present,MISSING,PROVIDED,PROVIDED
MCH1612,Khare Jha,7011,Hospitality & Hotels,Sole Proprietorship,Pune,Maharashtra,2024-07-05,XXXX6820,Unknown,3967.18,Found Duplicate,present,MASKED,PROVIDED,PROVIDED
MCH8768,"Rout, Dixit And Malhotra",7011,Hospitality & Hotels,Private Limited,Jalandhar,Punjab,2024-06-05,,Inactive,556.74,Found Duplicate,present,MISSING,PROVIDED,PROVIDED
MCH2997,Karan Inc,7011,Hospitality & Hotels,Private Limited,Lucknow,Uttar Pradesh,2023-10-16,1402967436,Active,1286.53,Found Duplicate,present,VALID_NUMERIC,PROVIDED,PROVIDED
MCH7218,Varghese Arya,7011,Hospitality & Hotels,Private Limited,Lucknow,Uttar Pradesh,2025-12-25,VAFX9362941506530,Unknown,2725.82,Unique,present,ALPHANUMERIC_IBAN,PROVIDED,PROVIDED
MCH8931,"Pau, Chatterjee And Deol",7011,Hospitality & Hotels,Partnership,Pune,Maharashtra,2024-03-02,,Active,1739.01,Found Duplicate,present,MISSING,PROVIDED,PROVIDED
MCH6392,Nazareth Plc,7011,Hospitality & Hotels,Individual,Hyderabad,Telangana,2023-05-06,2855125611,Active,3645.82,Found Duplicate,present,VALID_NUMERIC,PROVIDED,PROVIDED
MCH7248,Rajagopalan Group,7011,Hospitality & Hotels,Partnership,Hyderabad,Telangana,2024-05-22,,Active,859.24,Unique,present,MISSING,PROVIDED,PROVIDED
MCH1592,Cherian Bhavsar,7011,Hospitality & Hotels,Sole Proprietorship,Mumbai,Maharashtra,2024-06-12,7646312300,Active,2941.81,Found Duplicate,present,VALID_NUMERIC,PROVIDED,PROVIDED
MCH9800,Dasgupta Sathe,7011,Hospitality & Hotels,Partnership,Ludhiana,Punjab,2024-06-13,4290574632,Active,939.26,Found Duplicate,present,VALID_NUMERIC,PROVIDED,MISSING_OR_INVALID
MCH2765,"Sant, Natt And Sawhney",7011,Hospitality & Hotels,Private Limited,Kolkata,West Bengal,2023-04-04,XXXX8678,Inactive,1191.66,Found Duplicate,present,MASKED,PROVIDED,PROVIDED
MCH8725,Gala Group,7011,Hospitality & Hotels,Private Limited,Jaipur,Rajasthan,2024-08-14,PIMP1040686768002,Active,0.7512,Found Duplicate,present,ALPHANUMERIC_IBAN,PROVIDED,PROVIDED
MCH2886,"Kurian, Dash And Walla",7011,Hospitality & Hotels,Private Limited,Bengaluru,Karnataka,2023-05-25,XXXX6301,Suspended,8233.35,Found Duplicate,present,MASKED,PROVIDED,PROVIDED
MCH1793,Jaggi Plc,7011,Hospitality & Hotels,Sole Proprietorship,Delhi,Delhi,2024-08-21,,Active,2705.89,Unique,present,MISSING,PROVIDED,PROVIDED
MCH2698,Kalallc,7011,Hospitality & Hotels,Individual,Lucknow,Uttar Pradesh,2023-08-19,YXNF3515433387898,Inactive,3590.19,Found Duplicate,present,ALPHANUMERIC_IBAN,PROVIDED,PROVIDED
MCH1347,D’Alia Group,7011,Hospitality & Hotels,Private Limited,Chennai,Tamil Nadu,2023-07-02,XXXX4418,Active,0.1739,Unique,present,MASKED,PROVIDED,PROVIDED
MCH1449,"Chadha, Ramakrishnan And Badami",7011,Hospitality & Hotels,Partnership,Hyderabad,Telangana,2023-09-28,,Suspended,1634.83,Unique,present,MISSING,PROVIDED,PROVIDED
MCH5631,Chada Buch,7011,Hospitality & Hotels,Sole Proprietorship,Lucknow,Uttar Pradesh,2023-03-06,YVOF0855521464981,Suspended,2202.48,Found Duplicate,present,ALPHANUMERIC_IBAN,PROVIDED,PROVIDED
MCH9457,"Rege, Kalita And Sibal",7011,Hospitality & Hotels,Partnership,Hyderabad,Telangana,,,Active,3319.89,Found Duplicate,missing,MISSING,PROVIDED,PROVIDED
MCH8281,Krishnan Kuruvilla,7011,Hospitality & Hotels,Individual,Chennai,Tamil Nadu,2024-01-16,5487927446,Active,1408.93,Found Duplicate,present,VALID_NUMERIC,PROVIDED,PROVIDED
MCH2486,"Mohanty, Iyer And Sharma",7011,Hospitality & Hotels,Individual,Chennai,Tamil Nadu,2023-10-23,FCPB2927426048520,Unknown,0.2266,Unique,present,ALPHANUMERIC_IBAN,PROVIDED,PROVIDED
MCH4326,Morar Jani,7011,Hospitality & Hotels,Partnership,Lucknow,Uttar Pradesh,2025-12-14,,Active,9768.01,Unique,present,MISSING,PROVIDED,PROVIDED
MCH5042,Narasimhan Ltd,7011,Hospitality & Hotels,Private Limited,Pune,Maharashtra,2025-11-03,,Active,939.26,Found Duplicate,present,MISSING,PROVIDED,MISSING_OR_INVALID
MCH2833,Kapoor Shankar,7011,Hospitality & Hotels,Sole Proprietorship,Jalandhar,Punjab,,VEQH1532066637768,Active,474.69,Unique,missing,ALPHANUMERIC_IBAN,PROVIDED,PROVIDED
MCH6105,Lala Group,7011,Hospitality & Hotels,Sole Proprietorship,Bengaluru,Karnataka,2023-01-25,,Active,1595.66,Found Duplicate,present,MISSING,PROVIDED,PROVIDED
MCH3085,Mander Mital,7011,Hospitality & Hotels,Private Limited,Chennai,Tamil Nadu,2024-08-20,,Active,3842.0,Found Duplicate,present,MISSING,PROVIDED,PROVIDED
MCH9442,Issac Batra,7011,Hospitality & Hotels,Partnership,Delhi,Delhi,2025-08-12,,Active,1049.17,Unique,present,MISSING,PROVIDED,PROVIDED
MCH4363,Narayan Sangha,7011,Hospitality & Hotels,Sole Proprietorship,Jalandhar,Punjab,,,Active,598.32,Found Duplicate,missing,MISSING,PROVIDED,PROVIDED
MCH7032,"Mangat, Naik And Kakar",7011,Hospitality & Hotels,Private Limited,Amritsar,Punjab,2023-01-09,,Active,939.26,Unique,present,MISSING,PROVIDED,MISSING_OR_INVALID
MCH5787,Bassi Inc,7011,Hospitality & Hotels,Sole Proprietorship,Mumbai,Maharashtra,2025-06-24,XXXX0298,Active,555.97,Unique,present,MASKED,PROVIDED,PROVIDED
MCH9447,Singh And Sons,7011,Hospitality & Hotels,Private Limited,Chennai,Tamil Nadu,2023-01-10,XXXX0990,Unknown,1158.32,Found Duplicate,present,MASKED,PROVIDED,PROVIDED
MCH8581,"Sundaram, Sekhon And Andra",7011,Hospitality & Hotels,Partnership,Jalandhar,Punjab,2024-11-14,,Active,953.97,Unique,present,MISSING,PROVIDED,PROVIDED
MCH4593,Dube Ravel,7011,Hospitality & Hotels,Partnership,Hyderabad,Telangana,2025-08-30,,Active,0.1285,Unique,present,MISSING,PROVIDED,PROVIDED
MCH4809,Viswanathan Plc,7011,Hospitality & Hotels,Individual,Kolkata,West Bengal,2023-07-12,,Active,1713.6,Unique,present,MISSING,PROVIDED,PROVIDED
MCH6206,"Chander, Bawa And Setty",7011,Hospitality & Hotels,Sole Proprietorship,Lucknow,Uttar Pradesh,2025-08-12,,Active,1545.95,Found Duplicate,present,MISSING,PROVIDED,PROVIDED
MCH2232,Saha Plc,7011,Hospitality & Hotels,Partnership,Delhi,Delhi,2023-09-28,8260481168,Inactive,0.1033,Found Duplicate,present,VALID_NUMERIC,PROVIDED,PROVIDED
MCH2849,"Bhavsar, Kota And Zacharia",7011,Hospitality & Hotels,Private Limited,Ludhiana,Punjab,2025-09-23,,Unknown,2432.18,Found Duplicate,present,MISSING,PROVIDED,PROVIDED
MCH3640,Parikh Raghavan,7011,Hospitality & Hotels,Sole Proprietorship,Hyderabad,Telangana,2023-11-04,0058678829,Active,400.1,Unique,present,VALID_NUMERIC,PROVIDED,PROVIDED
MCH1032,Manda Hayer,7011,Hospitality & Hotels,Partnership,Amritsar,Punjab,2025-04-20,XXXX4099,Active,674.56,Found Duplicate,present,MASKED,PROVIDED,PROVIDED
MCH5812,Aurora And Sons,7011,Hospitality & Hotels,Sole Proprietorship,Hyderabad,Telangana,2024-03-03,7984668048,Active,410.12,Unique,present,VALID_NUMERIC,PROVIDED,PROVIDED
MCH1082,Oommen Inc,7011,Hospitality & Hotels,Partnership,Amritsar,Punjab,,6717543820,Active,833.19,Unique,missing,VALID_NUMERIC,PROVIDED,PROVIDED
MCH7239,Tata Hayer,7011,Hospitality & Hotels,Individual,Chennai,Tamil Nadu,2025-06-09,MPZF9929757844428,Active,1929.61,Found Duplicate,present,ALPHANUMERIC_IBAN,PROVIDED,PROVIDED
MCH1990,Mitra Plc,7011,Hospitality & Hotels,Partnership,Amritsar,Punjab,2024-04-12,5026245001,Active,1251.23,Found Duplicate,present,VALID_NUMERIC,PROVIDED,PROVIDED
MCH6726,Boase Chatterjee,7011,Hospitality & Hotels,Individual,Chennai,Tamil Nadu,2024-04-10,,Suspended,1583.09,Unique,present,MISSING,PROVIDED,PROVIDED
MCH5929,Chaudry Pal,7011,Hospitality & Hotels,Private Limited,Chennai,Tamil Nadu,2024-11-12,RXEM4030982599966,Active,705.57,Found Duplicate,present,ALPHANUMERIC_IBAN,PROVIDED,PROVIDED
MCH6422,Dayal Kapur,7011,Hospitality & Hotels,Individual,Lucknow,Uttar Pradesh,2023-11-17,XXXX3524,Inactive,0.869,Found Duplicate,present,MASKED,PROVIDED,PROVIDED
MCH7728,Gaba Ltd,7011,Hospitality & Hotels,Partnership,Jalandhar,Punjab,2024-06-07,,Active,970.98,Found Duplicate,present,MISSING,PROVIDED,PROVIDED
MCH5117,"Parikh, Sengupta And Chander",7011,Hospitality & Hotels,Partnership,Chennai,Tamil Nadu,2023-01-26,,Suspended,266.62,Found Duplicate,present,MISSING,PROVIDED,PROVIDED
MCH4867,"Bedi, Ganesan And Radhakrishnan",7011,Hospitality & Hotels,Private Limited,Pune,Maharashtra,2023-05-04,,Active,2651.67,Found Duplicate,present,MISSING,PROVIDED,PROVIDED
MCH9401,Ravi Llc,7011,Hospitality & Hotels,Sole Proprietorship,Pune,Maharashtra,2025-11-14,1215375647,Active,1824.72,Found Duplicate,present,VALID_NUMERIC,PROVIDED,PROVIDED
MCH2860,Ahluwalia Ltd,7011,Hospitality & Hotels,Private Limited,Bengaluru,Karnataka,2026-01-27,EAAS5526551207941,Unknown,0.25,Unique,present,ALPHANUMERIC_IBAN,PROVIDED,PROVIDED
MCH4176,Sani Bhalla,7011,Hospitality & Hotels,Individual,Delhi,Delhi,2024-07-22,XXXX6805,Active,1216.13,Unique,present,MASKED,PROVIDED,PROVIDED
MCH7835,"Dugar, Dhawan And De",7011,Hospitality & Hotels,Private Limited,Lucknow,Uttar Pradesh,2023-12-26,,Suspended,1744.59,Unique,present,MISSING,PROVIDED,PROVIDED
MCH9905,Pate1 S00D,7011,Hospitality & Hotels,Sole Proprietorship,Jaipur,Rajasthan,2025-11-21,ZWIP5852637363100,Active,939.26,Unique,present,ALPHANUMERIC_IBAN,PROVIDED,MISSING_OR_INVALID
MCH6165,Sibal Bora,7011,Hospitality & Hotels,Sole Proprietorship,Jaipur,Rajasthan,2024-06-17,XXXX5672,Active,820.87,Found Duplicate,present,MASKED,PROVIDED,PROVIDED
MCH2085,Loke Inc,7011,Hospitality & Hotels,Individual,Hyderabad,Telangana,2023-05-12,CQUN5447672400868,Suspended,939.26,Found Duplicate,present,ALPHANUMERIC_IBAN,PROVIDED,MISSING_OR_INVALID
MCH3410,Mutti Plc,7011,Hospitality & Hotels,Sole Proprietorship,Chennai,Tamil Nadu,2023-05-23,5994810528,Unknown,4042.64,Unique,present,VALID_NUMERIC,PROVIDED,PROVIDED
MCH6853,Prashad Plc,7011,Hospitality & Hotels,Private Limited,Delhi,Delhi,2024-06-13,KVIV4494971706487,Active,410.64,Unique,present,ALPHANUMERIC_IBAN,PROVIDED,PROVIDED
MCH2806,Jhaveri Babu,7011,Hospitality & Hotels,Sole Proprietorship,Lucknow,Uttar Pradesh,2023-09-15,XXXX2533,Inactive,0.1939,Found Duplicate,present,MASKED,PROVIDED,PROVIDED
MCH3388,"Chaudhary, Patel And Bhatti",7011,Hospitality & Hotels,Partnership,Delhi,Delhi,2026-02-10,,Inactive,2198.14,Found Duplicate,present,MISSING,PROVIDED,PROVIDED
MCH9755,"Mane, Dey And Nagy",7011,Hospitality & Hotels,Individual,Lucknow,Uttar Pradesh,2023-09-05,,Active,2207.77,Found Duplicate,present,MISSING,PROVIDED,PROVIDED
MCH7431,Nagarajan And Sons,7011,Hospitality & Hotels,Sole Proprietorship,Jaipur,Rajasthan,2023-01-04,XXXX7904,Active,0.1657,Unique,present,MASKED,PROVIDED,PROVIDED
MCH1854,"Sule, Prashad And Balay",7011,Hospitality & Hotels,Partnership,Amritsar,Punjab,2023-09-21,XXXX8005,Active,5318.31,Unique,present,MASKED,PROVIDED,PROVIDED
MCH2278,"Mohanty, Bobal And Minhas",7011,Hospitality & Hotels,Sole Proprietorship,Pune,Maharashtra,2023-08-25,2573696997,Unknown,4540.82,Unique,present,VALID_NUMERIC,PROVIDED,PROVIDED
MCH9343,Sridhar Sarna,7011,Hospitality & Hotels,Partnership,Chennai,Tamil Nadu,2025-08-16,XXXX5274,Active,287.96,Unique,present,MASKED,PROVIDED,PROVIDED
MCH4482,Sawhney Raman,7011,Hospitality & Hotels,Private Limited,Ludhiana,Punjab,,8584867343,Active,246.88,Unique,missing,VALID_NUMERIC,PROVIDED,PROVIDED
MCH6274,Mall Inc,7011,Hospitality & Hotels,Partnership,Amritsar,Punjab,2025-06-21,XXXX1310,Active,1700.39,Unique,present,MASKED,PROVIDED,PROVIDED
MCH7395,Bose And Sons,7011,Hospitality & Hotels,Individual,Bengaluru,Karnataka,2024-07-01,XXXX9489,Active,0.431,Found Duplicate,present,MASKED,PROVIDED,PROVIDED
MCH3938,Acharya Group,7011,Hospitality & Hotels,Sole Proprietorship,Kolkata,West Bengal,2024-10-17,,Active,2349.37,Unique,present,MISSING,PROVIDED,PROVIDED
MCH4338,Johal Dara,7011,Hospitality & Hotels,Individual,Jaipur,Rajasthan,2025-06-07,XXXX8581,Suspended,3419.42,Unique,present,MASKED,PROVIDED,PROVIDED
MCH9423,Apte Group,7011,Hospitality & Hotels,Sole Proprietorship,Chennai,Tamil Nadu,2025-10-24,HHBU3998361677128,Active,3132.43,Unique,present,ALPHANUMERIC_IBAN,PROVIDED,PROVIDED
MCH8761,Chokshi Llc,7011,Hospitality & Hotels,Individual,Hyderabad,Telangana,2025-01-12,9822762385,Active,963.43,Found Duplicate,present,VALID_NUMERIC,PROVIDED,PROVIDED
MCH1636,"Natt, Mitter And Oza",7011,Hospitality & Hotels,Sole Proprietorship,Delhi,Delhi,2025-01-17,,Active,0.987,Found Duplicate,present,MISSING,PROVIDED,PROVIDED
MCH3255,"Shah, Kala And Sarraf",7011,Hospitality & Hotels,Private Limited,Jalandhar,Punjab,2024-06-09,XXXX8773,Unknown,0.807,Unique,present,MASKED,PROVIDED,PROVIDED
MCH7192,Nanda And Sons,7011,Hospitality & Hotels,Private Limited,Bengaluru,Karnataka,2025-01-02,4205108918,Unknown,650.92,Found Duplicate,present,VALID_NUMERIC,PROVIDED,PROVIDED
MCH8245,"Dhillon, Saran And Kalita",7011,Hospitality & Hotels,Partnership,Ludhiana,Punjab,2025-09-06,,Active,0.2778,Found Duplicate,present,MISSING,PROVIDED,PROVIDED
MCH6079,"Seshadri, Muni And Banik",7011,Hospitality & Hotels,Individual,Kolkata,West Bengal,2026-02-24,,Active,434.97,Found Duplicate,present,MISSING,PROVIDED,PROVIDED
MCH3078,"Gandhi, Rout And Sankaran",7011,Hospitality & Hotels,Sole Proprietorship,Bengaluru,Karnataka,2023-07-10,,Active,752.09,Unique,present,MISSING,PROVIDED,PROVIDED
MCH5017,"Datta, Sinha And Pat1A",7011,Hospitality & Hotels,Sole Proprietorship,Kolkata,West Bengal,2024-11-25,6167636642,Active,0.617,Unique,present,VALID_NUMERIC,PROVIDED,PROVIDED
MCH4362,Sura Llc,7011,Hospitality & Hotels,Individual,Jaipur,Rajasthan,2023-04-23,2143307806,Suspended,0.218,Unique,present,VALID_NUMERIC,PROVIDED,PROVIDED
MCH1033,Virk Plc,7011,Hospitality & Hotels,Individual,Amritsar,Punjab,2023-08-07,XXXX6158,Inactive,1825.13,Found Duplicate,present,MASKED,PROVIDED,PROVIDED
MCH4261,Swaminathan Ltd,7011,Hospitality & Hotels,Private Limited,Lucknow,Uttar Pradesh,2025-06-08,XXXX1395,Active,965.51,Found Duplicate,present,MASKED,PROVIDED,PROVIDED
MCH7504,Balay Plc,7011,Hospitality & Hotels,Individual,Chennai,Tamil Nadu,2025-10-24,1818420938,Unknown,1030.01,Found Duplicate,present,VALID_NUMERIC,PROVIDED,PROVIDED
MCH1154,"Oommen, Tata And Randhawa",7011,Hospitality & Hotels,Partnership,Kolkata,West Bengal,2025-04-18,RBFJ6015227406897,Active,655.3,Found Duplicate,present,ALPHANUMERIC_IBAN,PROVIDED,PROVIDED
MCH9627,Randhawa Gr0Up,7011,Hospitality & Hotels,Private Limited,Chennai,Tamil Nadu,2023-08-31,,Active,714.24,Unique,present,MISSING,PROVIDED,PROVIDED
MCH8428,"Keer, Batra And Kapadia",7011,Hospitality & Hotels,Partnership,Jalandhar,Punjab,2024-08-19,,Active,2475.47,Unique,present,MISSING,PROVIDED,PROVIDED
MCH3811,"Bhat, Anand And Bakshi",7011,Hospitality & Hotels,Individual,Bengaluru,Karnataka,,4680162216,Active,563.14,Unique,missing,VALID_NUMERIC,PROVIDED,PROVIDED
MCH4769,"Venkataraman, Dey And Patil",7011,Hospitality & Hotels,Partnership,Ludhiana,Punjab,2023-11-01,,Active,145.49,Found Duplicate,present,MISSING,PROVIDED,PROVIDED
MCH6844,"Bedi, Gill And Dube",7011,Hospitality & Hotels,Partnership,Kolkata,West Bengal,2025-11-06,MUIE3650763763562,Active,713.58,Unique,present,ALPHANUMERIC_IBAN,PROVIDED,PROVIDED
MCH2487,Venkatesh Ltd,7011,Hospitality & Hotels,Partnership,Ludhiana,Punjab,,MCTW2396874836471,Active,2913.12,Found Duplicate,missing,ALPHANUMERIC_IBAN,PROVIDED,PROVIDED
MCH2100,"Jani, Bobal And Singhal",7011,Hospitality & Hotels,Individual,Bengaluru,Karnataka,,,Active,0.1281,Unique,missing,MISSING,PROVIDED,PROVIDED
MCH4406,"Chand, Ahuja And Behl",7011,Hospitality & Hotels,Private Limited,Pune,Maharashtra,2023-06-09,,Active,0.3629,Unique,present,MISSING,PROVIDED,PROVIDED
MCH3677,Choudhury Radhakrishnan,7011,Hospitality & Hotels,Partnership,Jalandhar,Punjab,2025-01-29,,Active,226.71,Found Duplicate,present,MISSING,PROVIDED,PROVIDED
MCH4606,Vyas Mukhopadhyay,7011,Hospitality & Hotels,Private Limited,Hyderabad,Telangana,2025-09-29,XXXX6697,Active,745.57,Found Duplicate,present,MASKED,PROVIDED,PROVIDED
MCH2718,"Krishna, Prabhu And Kara",7011,Hospitality & Hotels,Individual,Bengaluru,Karnataka,2024-12-20,VEWG4998867762324,Unknown,529.14,Unique,present,ALPHANUMERIC_IBAN,PROVIDED,PROVIDED
MCH2081,Swaminathan And Sons,7011,Hospitality & Hotels,Individual,Jalandhar,Punjab,2026-02-24,,Active,0.515,Found Duplicate,present,MISSING,PROVIDED,PROVIDED
MCH9050,"Oza, Shukla And Chandra",7011,Hospitality & Hotels,Individual,Jalandhar,Punjab,2024-05-12,XXXX1789,Active,2974.94,Found Duplicate,present,MASKED,PROVIDED,PROVIDED
MCH4556,Parmar And S0Ns,7011,Hospitality & Hotels,Private Limited,Jaipur,Rajasthan,2024-05-16,CXEA6616163600300,Active,933.34,Found Duplicate,present,ALPHANUMERIC_IBAN,PROVIDED,PROVIDED
MCH6562,Kant Inc,7011,Hospitality & Hotels,Sole Proprietorship,Chennai,Tamil Nadu,2024-10-14,XXXX2723,Active,2590.35,Unique,present,MASKED,PROVIDED,PROVIDED
MCH1841,Kadakia Rao,7011,Hospitality & Hotels,Sole Proprietorship,Kolkata,West Bengal,2025-07-01,7706295964,Active,532.17,Unique,present,VALID_NUMERIC,PROVIDED,PROVIDED
MCH3144,Raval Korpal,7011,Hospitality & Hotels,Partnership,Delhi,Delhi,,,Active,1879.74,Unique,missing,MISSING,PROVIDED,PROVIDED
MCH3085,Reddy Wagle,7011,Hospitality & Hotels,Sole Proprietorship,Bengaluru,Karnataka,2025-05-27,,Active,0.258,Found Duplicate,present,MISSING,PROVIDED,PROVIDED
MCH1721,"Mammen, Ka1A And Gara",7011,Hospitality & Hotels,Individual,Kolkata,West Bengal,2023-10-07,,Active,1736.83,Unique,present,MISSING,PROVIDED,PROVIDED
MCH9749,"Vasa, Jha And Babu",7011,Hospitality & Hotels,Sole Proprietorship,Chennai,Tamil Nadu,2025-04-08,KYLU7872860441516,Active,276.87,Found Duplicate,present,ALPHANUMERIC_IBAN,PROVIDED,PROVIDED
MCH6441,Bhatia And Sons,7011,Hospitality & Hotels,Partnership,Lucknow,Uttar Pradesh,2025-12-20,,Active,995.16,Found Duplicate,present,MISSING,PROVIDED,PROVIDED
MCH5921,Saraf Saraf,7011,Hospitality & Hotels,Individual,Jaipur,Rajasthan,2025-05-31,XXXX9547,Inactive,352.95,Unique,present,MASKED,PROVIDED,PROVIDED
MCH1531,Savant And Sons,7011,Hospitality & Hotels,Private Limited,Delhi,Delhi,2026-02-10,,Inactive,1019.94,Unique,present,MISSING,PROVIDED,PROVIDED
MCH1087,"Mitter, Sawhney And Luthra",7011,Hospitality & Hotels,Partnership,Chennai,Tamil Nadu,2025-04-19,,Suspended,2381.71,Unique,present,MISSING,PROVIDED,PROVIDED
MCH5626,"Borah, Bedi And Khalsa",7011,Hospitality & Hotels,Sole Proprietorship,Hyderabad,Telangana,2026-02-25,,Suspended,1422.38,Unique,present,MISSING,PROVIDED,PROVIDED
MCH3221,Baria Dube,7011,Hospitality & Hotels,Sole Proprietorship,Kolkata,West Bengal,,CKDG4069954350716,Inactive,338.34,Unique,missing,ALPHANUMERIC_IBAN,PROVIDED,PROVIDED
MCH2749,Borde Plc,7011,Hospitality & Hotels,Partnership,Jalandhar,Punjab,2025-11-15,AKGD7711918524900,Active,299.85,Found Duplicate,present,ALPHANUMERIC_IBAN,PROVIDED,PROVIDED
MCH3971,Sura Plc,7011,Hospitality & Hotels,Individual,Delhi,Delhi,2024-04-17,,Unknown,748.82,Found Duplicate,present,MISSING,PROVIDED,PROVIDED
MCH7185,Agarwal Plc,7011,Hospitality & Hotels,Individual,Pune,Maharashtra,2025-08-26,,Active,1255.08,Found Duplicate,present,MISSING,PROVIDED,PROVIDED
MCH5639,"Viswanathan, Gupta And Varghese",7011,Hospitality & Hotels,Sole Proprietorship,Mumbai,Maharashtra,2023-09-02,,Active,0.2712,Unique,present,MISSING,PROVIDED,PROVIDED
MCH9310,Ganguly Tella,7011,Hospitality & Hotels,Individual,Pune,Maharashtra,2024-03-29,XXXX9831,Unknown,482.88,Unique,present,MASKED,PROVIDED,PROVIDED
MCH3672,"Ray, Radhakrishnan And Parmar",7011,Hospitality & Hotels,Private Limited,Lucknow,Uttar Pradesh,2024-11-30,GKAL4059180951446,Active,801.35,Found Duplicate,present,ALPHANUMERIC_IBAN,PROVIDED,PROVIDED
MCH9884,Sidhu Group,7011,Hospitality & Hotels,Partnership,Chennai,Tamil Nadu,2023-10-27,PILQ9149941231060,Active,1570.58,Unique,present,ALPHANUMERIC_IBAN,PROVIDED,PROVIDED
MCH5611,Walia Lad,7011,Hospitality & Hotels,Partnership,Lucknow,Uttar Pradesh,2025-01-07,XXXX6019,Active,269.25,Found Duplicate,present,MASKED,PROVIDED,PROVIDED
MCH7323,Buch Plc,7011,Hospitality & Hotels,Partnership,Amritsar,Punjab,2023-08-11,XXXX4242,Unknown,552.97,Found Duplicate,present,MASKED,PROVIDED,PROVIDED
MCH4055,Sinha Sundaram,7011,Hospitality & Hotels,Individual,Chennai,Tamil Nadu,,BRZM1208408639064,Suspended,978.27,Found Duplicate,missing,ALPHANUMERIC_IBAN,PROVIDED,PROVIDED
MCH7364,Vig Bala,7011,Hospitality & Hotels,Sole Proprietorship,Mumbai,Maharashtra,2024-08-29,XXXX1900,Active,1242.0,Unique,present,MASKED,PROVIDED,PROVIDED
MCH8037,Hans Llc,7011,Hospitality & Hotels,Sole Proprietorship,Kolkata,West Bengal,2024-08-09,CEOR0731906884915,Active,2212.52,Found Duplicate,present,ALPHANUMERIC_IBAN,PROVIDED,PROVIDED
MCH8031,Chokshi Ltd,7011,Hospitality & Hotels,Individual,Hyderabad,Telangana,2025-07-26,3288481391,Active,2110.06,Unique,present,VALID_NUMERIC,PROVIDED,PROVIDED
MCH4693,Dhingra Bava,7011,Hospitality & Hotels,Private Limited,Mumbai,Maharashtra,2024-12-28,,Active,3445.16,Unique,present,MISSING,PROVIDED,PROVIDED
MCH4354,Natarajan Lad,7011,Hospitality & Hotels,Partnership,Amritsar,Punjab,2023-08-18,XXXX6382,Unknown,703.43,Unique,present,MASKED,PROVIDED,PROVIDED
MCH6291,"Bal, Divan And Natt",7011,Hospitality & Hotels,Private Limited,Amritsar,Punjab,2023-01-18,9816350407,Unknown,0.908,Found Duplicate,present,VALID_NUMERIC,PROVIDED,PROVIDED
MCH2231,"Goyal, Balakrishnan And Patla",7011,Hospitality & Hotels,Private Limited,Bengaluru,Karnataka,2024-11-10,,Inactive,1360.71,Unique,present,MISSING,PROVIDED,PROVIDED
MCH6559,Patla Ltd,7011,Hospitality & Hotels,Sole Proprietorship,Bengaluru,Karnataka,2025-12-18,,Active,922.45,Found Duplicate,present,MISSING,PROVIDED,PROVIDED
MCH6600,Raju Inc,7011,Hospitality & Hotels,Individual,Bengaluru,Karnataka,2025-04-18,IHUG8298515768880,Active,484.58,Unique,present,ALPHANUMERIC_IBAN,PROVIDED,PROVIDED
MCH4622,Toor Rajan,7011,Hospitality & Hotels,Private Limited,Ludhiana,Punjab,2024-06-20,,Active,2524.16,Unique,present,MISSING,PROVIDED,PROVIDED
MCH2921,Bakshi Narayanan,7011,Hospitality & Hotels,Private Limited,Lucknow,Uttar Pradesh,2024-06-18,XXXX0910,Unknown,6327.48,Unique,present,MASKED,PROVIDED,PROVIDED
MCH7580,"Setty, Kala And Ramesh",7011,Hospitality & Hotels,Partnership,Jaipur,Rajasthan,2025-10-20,,Active,377.84,Found Duplicate,present,MISSING,PROVIDED,PROVIDED
MCH3023,Arora Llc,7011,Hospitality & Hotels,Individual,Bengaluru,Karnataka,2025-03-02,,Inactive,1722.88,Found Duplicate,present,MISSING,PROVIDED,PROVIDED
MCH8501,Koshy Mukherjee,7011,Hospitality & Hotels,Partnership,Hyderabad,Telangana,2023-08-21,,Active,3180.8,Unique,present,MISSING,PROVIDED,PROVIDED
MCH9403,"Bains,Banerjeeandbansal",7011,Hospitality & Hotels,Partnership,Mumbai,Maharashtra,2025-02-22,,Inactive,1838.83,Unique,present,MISSING,PROVIDED,PROVIDED
MCH3139,Arya Rau,7011,Hospitality & Hotels,Sole Proprietorship,Kolkata,West Bengal,2024-05-17,,Active,10507.41,Found Duplicate,present,MISSING,PROVIDED,PROVIDED
MCH7098,"Bora, Char And Dube",7011,Hospitality & Hotels,Private Limited,Bengaluru,Karnataka,2024-09-24,,Active,0.2947,Found Duplicate,present,MISSING,PROVIDED,PROVIDED
MCH8895,Chakraborty Apte,7011,Hospitality & Hotels,Sole Proprietorship,Jalandhar,Punjab,2023-05-04,8501954276,Active,2412.11,Unique,present,VALID_NUMERIC,PROVIDED,PROVIDED
MCH2060,Grover Dugar,7011,Hospitality & Hotels,Individual,Chennai,Tamil Nadu,2025-10-02,DZGT5983407724510,Unknown,0.54,Unique,present,ALPHANUMERIC_IBAN,PROVIDED,PROVIDED
MCH9787,Nigam Llc,7011,Hospitality & Hotels,Private Limited,Jaipur,Rajasthan,2023-06-18,,Active,717.19,Found Duplicate,present,MISSING,PROVIDED,PROVIDED
MCH5606,Sunder Inc,7011,Hospitality & Hotels,Partnership,Ludhiana,Punjab,2023-06-25,TYTS3020219689289,Active,965.69,Found Duplicate,present,ALPHANUMERIC_IBAN,PROVIDED,PROVIDED
MCH2978,Deshpande Llc,7011,Hospitality & Hotels,Private Limited,Lucknow,Uttar Pradesh,2023-02-01,XXXX0228,Unknown,194.6,Unique,present,MASKED,PROVIDED,PROVIDED
MCH1484,"Uppal, Butala And Tata",7011,Hospitality & Hotels,Individual,Bengaluru,Karnataka,2025-02-18,,Active,3825.1,Unique,present,MISSING,PROVIDED,PROVIDED
MCH5213,Keer Yadav,7011,Hospitality & Hotels,Private Limited,Jalandhar,Punjab,2023-04-09,NHOQ3812159504524,Active,2157.19,Unique,present,ALPHANUMERIC_IBAN,PROVIDED,PROVIDED
MCH3445,"Madan, Naidu And Andra",7011,Hospitality & Hotels,Private Limited,Jaipur,Rajasthan,2023-07-09,2270103966,Active,983.3,Unique,present,VALID_NUMERIC,PROVIDED,PROVIDED
MCH7219,Dhawan Saha,7011,Hospitality & Hotels,Individual,Delhi,Delhi,2026-01-06,HJFW5603026154965,Inactive,2354.94,Unique,present,ALPHANUMERIC_IBAN,PROVIDED,PROVIDED
MCH5799,"Sankaran, Kadakia And Banerjee",7011,Hospitality & Hotels,Partnership,Amritsar,Punjab,2026-01-26,,Active,1412.02,Found Duplicate,present,MISSING,PROVIDED,PROVIDED
MCH3468,Aurora Ben,7011,Hospitality & Hotels,Private Limited,Hyderabad,Telangana,2025-03-16,,Active,0.199,Unique,present,MISSING,PROVIDED,PROVIDED
MCH3787,Rajan Swaminathan,7011,Hospitality & Hotels,Private Limited,Kolkata,West Bengal,2024-02-07,,Active,939.26,Found Duplicate,present,MISSING,PROVIDED,MISSING_OR_INVALID
MCH9388,"Mahajan, Dixit And Memon",7011,Hospitality & Hotels,Partnership,Kolkata,West Bengal,2024-11-21,,Active,1507.31,Unique,present,MISSING,PROVIDED,PROVIDED
MCH6651,"Choudhry, Sarma And Seshadri",7011,Hospitality & Hotels,Sole Proprietorship,Delhi,Delhi,2024-10-05,SMUJ2866206053187,Active,0.2606,Found Duplicate,present,ALPHANUMERIC_IBAN,PROVIDED,PROVIDED
MCH4975,"Nagy, Kuruvilla And Saxena",7011,Hospitality & Hotels,Sole Proprietorship,Delhi,Delhi,2025-05-25,,Active,621.98,Found Duplicate,present,MISSING,PROVIDED,PROVIDED
MCH7852,"Kapadia, K0Nda And Luthra",7011,Hospitality & Hotels,Sole Proprietorship,Chennai,Tamil Nadu,2023-05-12,XXXX7199,Suspended,4401.63,Unique,present,MASKED,PROVIDED,PROVIDED
MCH5219,"Prakash, Amble And Mukhopadhyay",7011,Hospitality & Hotels,Sole Proprietorship,Jaipur,Rajasthan,2024-06-21,,Active,2597.41,Found Duplicate,present,MISSING,PROVIDED,PROVIDED
MCH9690,Bai1 Sarin,7011,Hospitality & Hotels,Partnership,Amritsar,Punjab,2025-11-04,XXXX0228,Active,3320.22,Unique,present,MASKED,PROVIDED,PROVIDED
MCH1406,Parmer Goswami,7011,Hospitality & Hotels,Private Limited,Bengaluru,Karnataka,2024-07-11,XXXX3050,Active,2632.53,Unique,present,MASKED,PROVIDED,PROVIDED
MCH1321,Borah Dhaliwal,7011,Hospitality & Hotels,Sole Proprietorship,Amritsar,Punjab,2025-12-06,XXXX0908,Unknown,7973.89,Unique,present,MASKED,PROVIDED,PROVIDED
MCH5980,Arya Llc,7011,Hospitality & Hotels,Private Limited,Ludhiana,Punjab,,,Active,2432.63,Found Duplicate,missing,MISSING,PROVIDED,PROVIDED
MCH7925,Badami Group,7011,Hospitality & Hotels,Sole Proprietorship,Hyderabad,Telangana,2023-07-01,IVGP0940394312057,Active,939.26,Found Duplicate,present,ALPHANUMERIC_IBAN,PROVIDED,MISSING_OR_INVALID
MCH7731,Dalalplc,7011,Hospitality & Hotels,Individual,Chennai,Tamil Nadu,2024-05-25,,Active,2899.19,Found Duplicate,present,MISSING,PROVIDED,PROVIDED
MCH7007,Sastry Soni,7011,Hospitality & Hotels,Sole Proprietorship,Chennai,Tamil Nadu,2024-01-11,XXXX4092,Inactive,649.1,Unique,present,MASKED,PROVIDED,PROVIDED
MCH2267,Bobal And Sons,7011,Hospitality & Hotels,Partnership,Delhi,Delhi,2023-03-01,NKYD4958921832559,Active,2114.71,Unique,present,ALPHANUMERIC_IBAN,PROVIDED,PROVIDED
MCH6188,Balay Llc,7011,Hospitality & Hotels,Partnership,Pune,Maharashtra,2023-04-30,7260180361,Active,0.3749,Found Duplicate,present,VALID_NUMERIC,PROVIDED,PROVIDED
MCH3895,Wable Sarna,7011,Hospitality & Hotels,Private Limited,Jaipur,Rajasthan,2024-06-20,,Inactive,797.39,Unique,present,MISSING,PROVIDED,PROVIDED
MCH4749,Sane Kota,7011,Hospitality & Hotels,Partnership,Ludhiana,Punjab,2025-08-28,XXXX8682,Active,2066.82,Unique,present,MASKED,PROVIDED,PROVIDED
MCH1098,"Raval, Yadav And Yogi",7011,Hospitality & Hotels,Private Limited,Jaipur,Rajasthan,2023-01-12,XXXX3614,Active,0.181,Unique,present,MASKED,PROVIDED,PROVIDED
MCH1275,Kata Group,7011,Hospitality & Hotels,Partnership,Lucknow,Uttar Pradesh,2025-11-09,XXXX0284,Active,252.53,Unique,present,MASKED,PROVIDED,PROVIDED
MCH6165,"Luthra, Bala And Khurana",7011,Hospitality & Hotels,Individual,Lucknow,Uttar Pradesh,2025-01-29,XXXX9557,Unknown,1785.07,Found Duplicate,present,MASKED,PROVIDED,PROVIDED
MCH8999,Babu And Sons,7011,Hospitality & Hotels,Private Limited,Jaipur,Rajasthan,2023-02-19,6301987055,Active,0.1204,Found Duplicate,present,VALID_NUMERIC,PROVIDED,PROVIDED
MCH6692,"Mohan, Ravi And Sinha",7011,Hospitality & Hotels,Partnership,Jalandhar,Punjab,2023-05-10,UFCM4399349836488,Unknown,641.51,Found Duplicate,present,ALPHANUMERIC_IBAN,PROVIDED,PROVIDED
MCH8418,Jaggi Inc,7011,Hospitality & Hotels,Individual,Pune,Maharashtra,2023-01-12,5753448100,Inactive,1654.02,Unique,present,VALID_NUMERIC,PROVIDED,PROVIDED
MCH3697,Cherian Llc,7011,Hospitality & Hotels,Individual,Chennai,Tamil Nadu,2023-04-11,,Active,2525.65,Unique,present,MISSING,PROVIDED,PROVIDED
MCH7386,Thaman Group,7011,Hospitality & Hotels,Sole Proprietorship,Jalandhar,Punjab,,3740809096,Active,3859.08,Found Duplicate,missing,VALID_NUMERIC,PROVIDED,PROVIDED
MCH7357,Varkey Llc,7011,Hospitality & Hotels,Private Limited,Kolkata,West Bengal,2025-08-05,,Active,665.88,Unique,present,MISSING,PROVIDED,PROVIDED
MCH5249,Tak Inc,7011,Hospitality & Hotels,Private Limited,Lucknow,Uttar Pradesh,2025-03-10,,Unknown,1525.16,Unique,present,MISSING,PROVIDED,PROVIDED
MCH7429,"Sandal, Raja And Gopal",7011,Hospitality & Hotels,Sole Proprietorship,Bengaluru,Karnataka,2023-12-15,,Active,1419.21,Unique,present,MISSING,PROVIDED,PROVIDED
MCH7720,"Gulati, Kothari And Mital",7011,Hospitality & Hotels,Sole Proprietorship,Pune,Maharashtra,2025-02-21,,Active,501.87,Found Duplicate,present,MISSING,PROVIDED,PROVIDED
MCH1262,Lad And Sons,7011,Hospitality & Hotels,Individual,Jalandhar,Punjab,2025-11-17,XXXX6412,Active,503.65,Found Duplicate,present,MASKED,PROVIDED,PROVIDED
MCH9858,Nayar Group,7011,Hospitality & Hotels,Sole Proprietorship,Pune,Maharashtra,2024-11-23,,Active,648.23,Found Duplicate,present,MISSING,PROVIDED,PROVIDED
MCH9289,Lall Llc,7011,Hospitality & Hotels,Private Limited,Kolkata,West Bengal,2025-12-08,PFKV1152289254196,Active,3024.28,Found Duplicate,present,ALPHANUMERIC_IBAN,PROVIDED,PROVIDED
MCH6890,Pandit Narasimhan,7011,Hospitality & Hotels,Private Limited,Kolkata,West Bengal,2024-04-21,XXXX8046,Inactive,525.87,Found Duplicate,present,MASKED,PROVIDED,PROVIDED
MCH2283,"Dhawan, Pa11A And Krishnan",7011,Hospitality & Hotels,Partnership,Hyderabad,Telangana,,2734680306,Unknown,954.74,Unique,missing,VALID_NUMERIC,PROVIDED,PROVIDED
MCH2559,"Sastry, Dhar And Kibe",7011,Hospitality & Hotels,Partnership,Pune,Maharashtra,2023-05-08,0777710681,Unknown,1827.84,Unique,present,VALID_NUMERIC,PROVIDED,PROVIDED
MCH4943,Sawhney Dugar,7011,Hospitality & Hotels,Sole Proprietorship,Chennai,Tamil Nadu,2023-07-16,,Inactive,470.52,Unique,present,MISSING,PROVIDED,PROVIDED
MCH5799,Nagar Inc,7011,Hospitality & Hotels,Private Limited,Jalandhar,Punjab,2026-02-16,RWJB2008792112548,Active,209.08,Found Duplicate,present,ALPHANUMERIC_IBAN,PROVIDED,PROVIDED
MCH2709,"Iyengar, Dugar And Chacko",7011,Hospitality & Hotels,Private Limited,Jaipur,Rajasthan,2023-09-16,XXXX4012,Active,2413.11,Unique,present,MASKED,PROVIDED,PROVIDED
MCH9211,Dubey Kurian,7011,Hospitality & Hotels,Individual,Jalandhar,Punjab,2023-08-01,XXXX5476,Active,2981.74,Unique,present,MASKED,PROVIDED,PROVIDED
MCH6551,Oza Llc,7011,Hospitality & Hotels,Private Limited,Lucknow,Uttar Pradesh,2023-07-11,,Active,578.45,Found Duplicate,present,MISSING,PROVIDED,PROVIDED
MCH2997,Mohanty Ltd,7011,Hospitality & Hotels,Individual,Bengaluru,Karnataka,2024-10-16,AVZS8243524193975,Active,2948.35,Found Duplicate,present,ALPHANUMERIC_IBAN,PROVIDED,PROVIDED
MCH6284,Grewal Kulkarni,7011,Hospitality & Hotels,Private Limited,Chennai,Tamil Nadu,2025-02-07,,Active,1068.79,Found Duplicate,present,MISSING,PROVIDED,PROVIDED
MCH4630,Bhandari Group,7011,Hospitality & Hotels,Partnership,Hyderabad,Telangana,2025-07-13,GJVT8091874035086,Inactive,939.26,Found Duplicate,present,ALPHANUMERIC_IBAN,PROVIDED,MISSING_OR_INVALID
MCH3558,Brahmbhatt Peri,7011,Hospitality & Hotels,Sole Proprietorship,Pune,Maharashtra,2025-10-14,VGYH0383362932637,Active,939.26,Found Duplicate,present,ALPHANUMERIC_IBAN,PROVIDED,MISSING_OR_INVALID
MCH6059,Bhargava Plc,7011,Hospitality & Hotels,Private Limited,Jaipur,Rajasthan,2025-07-16,XXXX7802,Suspended,333.57,Unique,present,MASKED,PROVIDED,PROVIDED
MCH2725,"Sridhar, Jayaraman And Rajagopalan",7011,Hospitality & Hotels,Private Limited,Lucknow,Uttar Pradesh,,5996031822,Suspended,1550.81,Found Duplicate,missing,VALID_NUMERIC,PROVIDED,PROVIDED
MCH5493,Kant Bhandari,7011,Hospitality & Hotels,Individual,Chennai,Tamil Nadu,,,Active,2521.07,Found Duplicate,missing,MISSING,PROVIDED,PROVIDED
MCH4064,"Sidhu, Kunda And Hayre",7011,Hospitality & Hotels,Individual,Pune,Maharashtra,2025-05-02,XXXX9354,Active,1462.39,Found Duplicate,present,MASKED,PROVIDED,PROVIDED
MCH4325,Choudhry Llc,7011,Hospitality & Hotels,Private Limited,Jaipur,Rajasthan,2023-06-07,,Inactive,939.26,Unique,present,MISSING,PROVIDED,MISSING_OR_INVALID
MCH1667,Dalal Ltd,7011,Hospitality & Hotels,Sole Proprietorship,Hyderabad,Telangana,2025-02-16,,Active,3517.09,Found Duplicate,present,MISSING,PROVIDED,PROVIDED
MCH6105,Upadhyay Plc,7011,Hospitality & Hotels,Sole Proprietorship,Kolkata,West Bengal,2024-02-07,,Active,527.81,Found Duplicate,present,MISSING,PROVIDED,PROVIDED
MCH2213,"Dash,Soniandpalla",7011,Hospitality & Hotels,Individual,Kolkata,West Bengal,2023-04-30,,Active,4392.08,Unique,present,MISSING,PROVIDED,PROVIDED
MCH5305,Taneja Inc,7011,Hospitality & Hotels,Sole Proprietorship,Chennai,Tamil Nadu,2024-06-01,XXXX9718,Active,1731.48,Unique,present,MASKED,PROVIDED,PROVIDED
MCH2969,Randhawa Karnik,7011,Hospitality & Hotels,Sole Proprietorship,Bengaluru,Karnataka,2023-07-27,,Active,310.59,Unique,present,MISSING,PROVIDED,PROVIDED
MCH1944,Srinivas Singh,7011,Hospitality & Hotels,Individual,Mumbai,Maharashtra,2025-08-27,SBWS9188089804745,Active,1161.95,Found Duplicate,present,ALPHANUMERIC_IBAN,PROVIDED,PROVIDED
MCH7017,Deepgroup,7011,Hospitality & Hotels,Individual,Delhi,Delhi,,,Active,1258.92,Found Duplicate,missing,MISSING,PROVIDED,PROVIDED
MCH9110,Barad Llc,7011,Hospitality & Hotels,Individual,Lucknow,Uttar Pradesh,2024-08-01,XXXX8331,Inactive,1477.89,Unique,present,MASKED,PROVIDED,PROVIDED
MCH7856,"Sood, Dalal And Butala",7011,Hospitality & Hotels,Private Limited,Delhi,Delhi,2025-06-11,1705220103,Active,0.2048,Unique,present,VALID_NUMERIC,PROVIDED,PROVIDED
MCH9928,Krishnaninc,7011,Hospitality & Hotels,Private Limited,Jaipur,Rajasthan,2025-05-06,8263891927,Active,477.53,Found Duplicate,present,VALID_NUMERIC,PROVIDED,PROVIDED
MCH3797,"Dhaliwal, Parekh And Dey",7011,Hospitality & Hotels,Partnership,Jalandhar,Punjab,2024-11-02,XXXX1096,Suspended,939.26,Unique,present,MASKED,PROVIDED,MISSING_OR_INVALID
MCH9647,"Bhat, Tank And Aurora",7011,Hospitality & Hotels,Individual,Kolkata,West Bengal,2024-08-18,8968048918,Active,5590.39,Unique,present,VALID_NUMERIC,PROVIDED,PROVIDED
MCH2249,Bahri Nagarajan,7011,Hospitality & Hotels,Sole Proprietorship,Ludhiana,Punjab,2024-11-17,0364290572,Active,590.8,Found Duplicate,present,VALID_NUMERIC,PROVIDED,PROVIDED
MCH8069,Memon Inc,7011,Hospitality & Hotels,Individual,Amritsar,Punjab,2023-09-09,XXXX8900,Active,557.54,Unique,present,MASKED,PROVIDED,PROVIDED
MCH9175,Bhatt Ltd,7011,Hospitality & Hotels,Sole Proprietorship,Bengaluru,Karnataka,2025-04-27,2467254885,Active,567.73,Unique,present,VALID_NUMERIC,PROVIDED,PROVIDED
MCH3048,Kala Group,7011,Hospitality & Hotels,Private Limited,Jaipur,Rajasthan,2023-11-11,,Active,613.58,Unique,present,MISSING,PROVIDED,PROVIDED
MCH6315,"Pal, Zacharia And Narayan",7011,Hospitality & Hotels,Sole Proprietorship,Mumbai,Maharashtra,2023-04-01,5478307805,Active,529.2,Found Duplicate,present,VALID_NUMERIC,PROVIDED,PROVIDED
MCH8363,Salvi Group,7011,Hospitality & Hotels,Sole Proprietorship,Lucknow,Uttar Pradesh,2024-11-20,,Active,833.32,Unique,present,MISSING,PROVIDED,PROVIDED
MCH1216,"Agarwal, Dave And Vala",7011,Hospitality & Hotels,Sole Proprietorship,Chennai,Tamil Nadu,2024-10-18,,Active,2228.42,Found Duplicate,present,MISSING,PROVIDED,PROVIDED
MCH4847,Dhillon Pillay,7011,Hospitality & Hotels,Private Limited,Lucknow,Uttar Pradesh,2023-10-12,5738051147,Active,2178.15,Unique,present,VALID_NUMERIC,PROVIDED,PROVIDED
MCH9563,Sharaf Tella,7011,Hospitality & Hotels,Sole Proprietorship,Kolkata,West Bengal,2025-02-09,,Active,1375.95,Found Duplicate,present,MISSING,PROVIDED,PROVIDED
MCH2451,"Halder, Kannan And Dixit",7011,Hospitality & Hotels,Private Limited,Kolkata,West Bengal,2025-11-20,NIXX7228219214941,Inactive,610.7,Unique,present,ALPHANUMERIC_IBAN,PROVIDED,PROVIDED
MCH8941,Mutti Sharaf,7011,Hospitality & Hotels,Sole Proprietorship,Bengaluru,Karnataka,2025-01-26,,Active,153.27,Found Duplicate,present,MISSING,PROVIDED,PROVIDED
MCH2842,Patel Chacko,7011,Hospitality & Hotels,Individual,Bengaluru,Karnataka,2025-08-13,,Active,2354.89,Found Duplicate,present,MISSING,PROVIDED,PROVIDED
MCH6061,Basu And Sons,7011,Hospitality & Hotels,Private Limited,Amritsar,Punjab,2023-01-29,XXXX6131,Active,2357.91,Found Duplicate,present,MASKED,PROVIDED,PROVIDED
MCH4729,Deshpande Inc,7011,Hospitality & Hotels,Sole Proprietorship,Mumbai,Maharashtra,,XXXX6726,Inactive,1506.61,Found Duplicate,missing,MASKED,PROVIDED,PROVIDED
MCH2849,"Bhavsar, Kota And Zacharia",7011,Hospitality & Hotels,Private Limited,Ludhiana,Punjab,2025-09-23,,Inactive,2432.18,Found Duplicate,present,MISSING,PROVIDED,PROVIDED
MCH8436,Kapoor Inc,7011,Hospitality & Hotels,Individual,Bengaluru,Karnataka,2025-07-27,4749660100,Active,0.7117,Found Duplicate,present,VALID_NUMERIC,PROVIDED,PROVIDED
MCH1047,"Natarajan, Kashyap And Goel",7011,Hospitality & Hotels,Private Limited,Kolkata,West Bengal,2023-01-08,XXXX9448,Active,0.2594,Found Duplicate,present,MASKED,PROVIDED,PROVIDED
MCH6806,Virk Batra,7011,Hospitality & Hotels,Sole Proprietorship,Jaipur,Rajasthan,2024-01-04,1113737217,Unknown,687.46,Found Duplicate,present,VALID_NUMERIC,PROVIDED,PROVIDED
MCH9092,Deshmukh Inc,7011,Hospitality & Hotels,Individual,Jalandhar,Punjab,2024-02-11,PJZZ8412701337348,Inactive,859.52,Found Duplicate,present,ALPHANUMERIC_IBAN,PROVIDED,PROVIDED
MCH4567,Bhatti Inc,7011,Hospitality & Hotels,Partnership,Hyderabad,Telangana,2023-03-29,XXXX2555,Active,1514.65,Unique,present,MASKED,PROVIDED,PROVIDED
MCH3324,"Thaman, Rajagopal And Borde",7011,Hospitality & Hotels,Private Limited,Jalandhar,Punjab,2023-10-09,,Suspended,366.78,Found Duplicate,present,MISSING,PROVIDED,PROVIDED
MCH6284,Ta1War Ltd,7011,Hospitality & Hotels,Partnership,Amritsar,Punjab,2025-11-27,6681997576,Active,678.88,Found Duplicate,present,VALID_NUMERIC,PROVIDED,PROVIDED
MCH3793,"Sankar, Parsa And Shere",7011,Hospitality & Hotels,Sole Proprietorship,Ludhiana,Punjab,2025-03-30,3431564371,Active,6906.85,Unique,present,VALID_NUMERIC,PROVIDED,PROVIDED
MCH1216,"Agarwal, Dave And Vala",7011,Hospitality & Hotels,Sole Proprietorship,Chennai,Tamil Nadu,2024-10-18,,Active,2228.42,Found Duplicate,present,MISSING,PROVIDED,PROVIDED
MCH9836,"Nori, Malhotra And Deep",7011,Hospitality & Hotels,Sole Proprietorship,Chennai,Tamil Nadu,,XXXX5684,Active,0.3007,Unique,missing,MASKED,PROVIDED,PROVIDED
MCH1032,Nori Nigam,7011,Hospitality & Hotels,Sole Proprietorship,Pune,Maharashtra,2025-09-21,DXHQ1859405929058,Active,652.29,Found Duplicate,present,ALPHANUMERIC_IBAN,PROVIDED,PROVIDED
MCH6090,Bahl Ramanathan,7011,Hospitality & Hotels,Sole Proprietorship,Jalandhar,Punjab,2025-03-10,3270315873,Active,1685.43,Found Duplicate,present,VALID_NUMERIC,PROVIDED,PROVIDED
MCH2440,Hans Master,7011,Hospitality & Hotels,Sole Proprietorship,Ludhiana,Punjab,2023-02-15,IUZN5055483856054,Active,0.1395,Unique,present,ALPHANUMERIC_IBAN,PROVIDED,PROVIDED
MCH7326,"Mandal, Behl And Bhattacharyya",7011,Hospitality & Hotels,Sole Proprietorship,Chennai,Tamil Nadu,2024-10-26,,Unknown,1119.05,Unique,present,MISSING,PROVIDED,PROVIDED
MCH1892,Shanker De,7011,Hospitality & Hotels,Private Limited,Mumbai,Maharashtra,2024-02-12,4394256877,Active,987.4,Unique,present,VALID_NUMERIC,PROVIDED,PROVIDED
MCH5383,Ray Dara,7011,Hospitality & Hotels,Private Limited,Delhi,Delhi,2025-11-04,8306637821,Unknown,0.2541,Unique,present,VALID_NUMERIC,PROVIDED,PROVIDED
MCH3507,"Sundaram, Shan And Subramanian",7011,Hospitality & Hotels,Individual,Amritsar,Punjab,2023-01-28,7115308153,Active,950.31,Unique,present,VALID_NUMERIC,PROVIDED,PROVIDED
MCH6782,Jani Bhakta,7011,Hospitality & Hotels,Private Limited,Delhi,Delhi,2024-10-29,1624647213,Active,289.03,Found Duplicate,present,VALID_NUMERIC,PROVIDED,PROVIDED
MCH9393,Subramanian Llc,7011,Hospitality & Hotels,Individual,Bengaluru,Karnataka,2025-01-10,CNXK7674132644684,Unknown,1268.96,Found Duplicate,present,ALPHANUMERIC_IBAN,PROVIDED,PROVIDED
MCH5776,Date Mangat,7011,Hospitality & Hotels,Private Limited,Ludhiana,Punjab,2025-01-15,,Active,1509.26,Found Duplicate,present,MISSING,PROVIDED,PROVIDED
MCH8693,"Chawla, Goyal And Pau",7011,Hospitality & Hotels,Individual,Mumbai,Maharashtra,2024-01-22,,Active,0.818,Found Duplicate,present,MISSING,PROVIDED,PROVIDED
MCH6708,Wali Llc,7011,Hospitality & Hotels,Sole Proprietorship,Amritsar,Punjab,2023-09-04,1946521583,Active,469.66,Found Duplicate,present,VALID_NUMERIC,PROVIDED,PROVIDED
MCH8622,Choudhry Krishna,7011,Hospitality & Hotels,Partnership,Pune,Maharashtra,2025-03-18,,Active,196.86,Unique,present,MISSING,PROVIDED,PROVIDED
MCH4811,"Rege, Misra And Mander",7011,Hospitality & Hotels,Sole Proprietorship,Amritsar,Punjab,,,Active,458.06,Found Duplicate,missing,MISSING,PROVIDED,PROVIDED
MCH6044,Narain Srivastava,7011,Hospitality & Hotels,Sole Proprietorship,Hyderabad,Telangana,2026-11-02,,Active,141.65,Unique,present,MISSING,PROVIDED,PROVIDED
MCH6575,"Nagarajan, Rout And Suri",7011,Hospitality & Hotels,Individual,Bengaluru,Karnataka,2025-01-09,,Active,1355.19,Found Duplicate,present,MISSING,PROVIDED,PROVIDED
MCH1823,"Patla, Bhasin And Parsa",7011,Hospitality & Hotels,Partnership,Lucknow,Uttar Pradesh,2023-06-15,,Active,3003.2,Unique,present,MISSING,PROVIDED,PROVIDED
MCH3423,Sant Singh,7011,Hospitality & Hotels,Partnership,Delhi,Delhi,2023-01-01,9051549967,Active,11283.23,Unique,present,VALID_NUMERIC,PROVIDED,PROVIDED
MCH6949,"Dada, Suri And Chhabra",7011,Hospitality & Hotels,Sole Proprietorship,Pune,Maharashtra,2024-01-26,2829880140,Active,333.77,Unique,present,VALID_NUMERIC,PROVIDED,PROVIDED
MCH5023,"B0Rde, Venkataraman And Sura",7011,Hospitality & Hotels,Private Limited,Chennai,Tamil Nadu,2024-06-07,,Active,1983.28,Found Duplicate,present,MISSING,PROVIDED,PROVIDED
MCH6818,"Halder, Tata And Chand",7011,Hospitality & Hotels,Sole Proprietorship,Kolkata,West Bengal,2025-04-20,,Unknown,0.233,Found Duplicate,present,MISSING,PROVIDED,PROVIDED
MCH4322,Mane Plc,7011,Hospitality & Hotels,Individual,Lucknow,Uttar Pradesh,2023-10-12,,Active,0.1793,Found Duplicate,present,MISSING,PROVIDED,PROVIDED
MCH8854,Sabharwal Mitter,7011,Hospitality & Hotels,Sole Proprietorship,Jaipur,Rajasthan,2023-12-01,,Active,1003.79,Found Duplicate,present,MISSING,PROVIDED,PROVIDED
MCH7549,Narayan Plc,7011,Hospitality & Hotels,Sole Proprietorship,Kolkata,West Bengal,2023-02-22,8324142833,Inactive,0.272,Unique,present,VALID_NUMERIC,PROVIDED,PROVIDED
MCH8345,"Srinivas, Bali And Bhatt",7011,Hospitality & Hotels,Sole Proprietorship,Jalandhar,Punjab,2023-02-08,,Inactive,1909.16,Unique,present,MISSING,PROVIDED,PROVIDED
MCH5722,Kant Gara,7011,Hospitality & Hotels,Partnership,Lucknow,Uttar Pradesh,2024-12-16,3048409027,Unknown,1451.76,Unique,present,VALID_NUMERIC,PROVIDED,PROVIDED
MCH8145,Dhi110N Llc,7011,Hospitality & Hotels,Private Limited,Chennai,Tamil Nadu,2025-10-12,,Active,180.43,Unique,present,MISSING,PROVIDED,PROVIDED
MCH5704,Biswas Yohannan,7011,Hospitality & Hotels,Sole Proprietorship,Kolkata,West Bengal,,XXXX3443,Unknown,751.57,Found Duplicate,missing,MASKED,PROVIDED,PROVIDED
MCH3055,"Batta, Sha And Dugar",7011,Hospitality & Hotels,Private Limited,Chennai,Tamil Nadu,2025-08-18,XXXX2455,Active,262.1,Unique,present,MASKED,PROVIDED,PROVIDED
MCH8659,Sha Ltd,7011,Hospitality & Hotels,Partnership,Mumbay,Maharashtra,2024-10-23,6929887204,Active,939.26,Unique,present,VALID_NUMERIC,PROVIDED,MISSING_OR_INVALID
MCH2215,Maharaj Kale,7011,Hospitality & Hotels,Individual,Kolkata,West Bengal,2024-08-03,,Active,3526.35,Unique,present,MISSING,PROVIDED,PROVIDED
MCH7558,Nair Tandon,7011,Hospitality & Hotels,Individual,Delhi,Delhi,2025-09-24,WDIO8859498666425,Active,2209.65,Found Duplicate,present,ALPHANUMERIC_IBAN,PROVIDED,PROVIDED
MCH7576,Ramanathan Menon,7011,Hospitality & Hotels,Partnership,Jalandhar,Punjab,2024-10-14,,Active,757.61,Unique,present,MISSING,PROVIDED,PROVIDED
MCH8332,"Sethi, Buch And Sachdeva",7011,Hospitality & Hotels,Individual,Hyderabad,Telangana,2025-05-04,,Active,1666.61,Unique,present,MISSING,PROVIDED,PROVIDED
MCH9820,"Rai, Saha And Lalla",7011,Hospitality & Hotels,Individual,Amritsar,Punjab,2024-10-13,,Unknown,0.3129,Unique,present,MISSING,PROVIDED,PROVIDED
MCH6255,"Gupta, Kibe And Aurora",7011,Hospitality & Hotels,Partnership,Lucknow,Uttar Pradesh,2023-10-31,5876602681,Active,0.3182,Unique,present,VALID_NUMERIC,PROVIDED,PROVIDED
MCH9131,"Arya, Narang And Maharaj",7011,Hospitality & Hotels,Individual,Jaipur,Rajasthan,2024-04-19,,Active,6588.75,Unique,present,MISSING,PROVIDED,PROVIDED
MCH2701,"Prabhakar, Saraf And Mand",7011,Hospitality & Hotels,Private Limited,Hyderabad,Telangana,2023-01-25,1250735780,Active,2599.41,Found Duplicate,present,VALID_NUMERIC,PROVIDED,PROVIDED
MCH5378,Chaudhari Inc,7011,Hospitality & Hotels,Individual,Bengaluru,Karnataka,2023-12-12,XXXX0207,Active,939.26,Found Duplicate,present,MASKED,PROVIDED,MISSING_OR_INVALID
MCH1830,Shan Llc,7011,Hospitality & Hotels,Private Limited,Lucknow,Uttar Pradesh,,8821748714,Unknown,405.35,Unique,missing,VALID_NUMERIC,PROVIDED,PROVIDED
MCH9702,Ranganathan Madan,7011,Hospitality & Hotels,Individual,Hyderabad,Telangana,2025-04-10,RTHS3346421176187,Active,1980.13,Unique,present,ALPHANUMERIC_IBAN,PROVIDED,PROVIDED
MCH6572,"Sawhney, Bala And Krish",7011,Hospitality & Hotels,Individual,Hyderabad,Telangana,2024-08-06,XXXX3772,Inactive,874.21,Found Duplicate,present,MASKED,PROVIDED,PROVIDED
MCH8208,Tak Shankar,7011,Hospitality & Hotels,Individual,Mumbai,Maharashtra,2024-03-18,,Active,1309.39,Unique,present,MISSING,PROVIDED,PROVIDED
MCH7977,"Kohli, Vaidya And Nagar",7011,Hospitality & Hotels,Sole Proprietorship,Chennai,Tamil Nadu,2025-07-23,PYMW1543762535071,Active,0.479,Unique,present,ALPHANUMERIC_IBAN,PROVIDED,PROVIDED
MCH5874,Pandya Plc,7011,Hospitality & Hotels,Partnership,Hyderabad,Telangana,,XXXX1960,Suspended,3183.86,Found Duplicate,missing,MASKED,PROVIDED,PROVIDED
MCH8489,Mand And Sons,7011,Hospitality & Hotels,Individual,Pune,Maharashtra,2025-08-24,XXXX8251,Active,2744.11,Found Duplicate,present,MASKED,PROVIDED,PROVIDED
MCH7459,"Gara, Agarwal And Anne",7011,Hospitality & Hotels,Individual,Ludhiana,Punjab,2023-04-14,2572840529,Active,2650.18,Unique,present,VALID_NUMERIC,PROVIDED,PROVIDED
MCH1292,Gera Nayak,7011,Hospitality & Hotels,Sole Proprietorship,Chennai,Tamil Nadu,2023-09-25,,Active,0.267,Unique,present,MISSING,PROVIDED,PROVIDED
MCH9474,"Dutta, Ramesh And Buch",7011,Hospitality & Hotels,Sole Proprietorship,Hyderabad,Telangana,2024-10-13,,Suspended,290.21,Found Duplicate,present,MISSING,PROVIDED,PROVIDED
MCH3612,"Manne, Dutt And Sah0Ta",7011,Hospitality & Hotels,Sole Proprietorship,Jaipur,Rajasthan,2023-06-13,GSKL9256274813586,Unknown,605.01,Found Duplicate,present,ALPHANUMERIC_IBAN,PROVIDED,PROVIDED
MCH4503,Sunder Plc,7011,Hospitality & Hotels,Partnership,Mumbai,Maharashtra,2024-01-03,MTQA2966873504692,Active,540.93,Found Duplicate,present,ALPHANUMERIC_IBAN,PROVIDED,PROVIDED
MCH7563,Anne And Sons,7011,Hospitality & Hotels,Private Limited,Amritsar,Punjab,2023-05-16,XXXX7430,Active,300.06,Unique,present,MASKED,PROVIDED,PROVIDED
MCH3873,"Dugal, Thakur And Puri",7011,Hospitality & Hotels,Private Limited,Jalandhar,Punjab,2023-02-07,,Active,1499.22,Unique,present,MISSING,PROVIDED,PROVIDED
MCH9396,"Solanki, Kara And Saha",7011,Hospitality & Hotels,Sole Proprietorship,Bengaluru,Karnataka,2024-07-08,XXXX6974,Unknown,1428.59,Found Duplicate,present,MASKED,PROVIDED,PROVIDED
MCH8104,Chacko Group,7011,Hospitality & Hotels,Private Limited,Bengaluru,Karnataka,2024-01-02,4591497253,Active,939.26,Unique,present,VALID_NUMERIC,PROVIDED,MISSING_OR_INVALID
MCH2698,Kalallc,7011,Hospitality & Hotels,Individual,Lucknow,Uttar Pradesh,2023-08-19,YXNF3515433387898,Active,3590.19,Found Duplicate,present,ALPHANUMERIC_IBAN,PROVIDED,PROVIDED
MCH4649,"Mand,Dattaandsanghvi",7011,Hospitality & Hotels,Partnership,Ludhiana,Punjab,2024-10-16,,Unknown,666.8,Unique,present,MISSING,PROVIDED,PROVIDED
MCH2117,Lal Group,7011,Hospitality & Hotels,Partnership,Jaipur,Rajasthan,2025-10-28,,Active,2615.21,Unique,present,MISSING,PROVIDED,PROVIDED
MCH4101,Raval Plc,7011,Hospitality & Hotels,Individual,Bengaluru,Karnataka,2023-11-26,XXXX6243,Active,1096.15,Found Duplicate,present,MASKED,PROVIDED,PROVIDED
MCH9092,Mall Deshpande,7011,Hospitality & Hotels,Partnership,Delhi,Delhi,2025-12-26,JMDU2866891583451,Inactive,1485.1,Found Duplicate,present,ALPHANUMERIC_IBAN,PROVIDED,PROVIDED
MCH9290,"Gole, Viswanathan And Brahmbhatt",7011,Hospitality & Hotels,Partnership,Ludhiana,Punjab,,,Inactive,1704.51,Unique,missing,MISSING,PROVIDED,PROVIDED
MCH4691,"Deshmukh, Pant And Garg",7011,Hospitality & Hotels,Sole Proprietorship,Bengaluru,Karnataka,2025-05-10,,Unknown,2116.48,Unique,present,MISSING,PROVIDED,PROVIDED
MCH3712,Narain Vaidya,7011,Hospitality & Hotels,Individual,Hyderabad,Telangana,2025-05-07,PUJI3728932216325,Unknown,0.333,Unique,present,ALPHANUMERIC_IBAN,PROVIDED,PROVIDED
MCH9120,Sood Ltd,7011,Hospitality & Hotels,Sole Proprietorship,Mumbay,Maharashtra,2025-09-24,,Unknown,680.9,Unique,present,MISSING,PROVIDED,PROVIDED
MCH9242,"Kadakia, Yadav And Seshadri",7011,Hospitality & Hotels,Partnership,Hyderabad,Telangana,2023-03-10,XXXX4049,Suspended,1024.36,Unique,present,MASKED,PROVIDED,PROVIDED
MCH4163,Kamdar Jhaveri,7011,Hospitality & Hotels,Sole Proprietorship,Jalandhar,Punjab,,,Active,390.74,Found Duplicate,missing,MISSING,PROVIDED,PROVIDED
MCH3535,Kaur Llc,7011,Hospitality & Hotels,Individual,Ludhiana,Punjab,2023-04-22,XXXX4614,Active,438.79,Found Duplicate,present,MASKED,PROVIDED,PROVIDED
MCH3264,Gopal Ltd,7011,Hospitality & Hotels,Sole Proprietorship,Pune,Maharashtra,2023-05-14,,Active,1501.67,Found Duplicate,present,MISSING,PROVIDED,PROVIDED
MCH2498,Peri Sachdeva,7011,Hospitality & Hotels,Individual,Lucknow,Uttar Pradesh,2024-07-22,7968546113,Active,1576.69,Unique,present,VALID_NUMERIC,PROVIDED,PROVIDED
MCH7093,Pai Pau,7011,Hospitality & Hotels,Individual,Mumbai,Maharashtra,2025-03-19,,Suspended,1636.89,Unique,present,MISSING,PROVIDED,PROVIDED
MCH2990,Rout And Sons,7011,Hospitality & Hotels,Sole Proprietorship,Ludhiana,Punjab,2025-08-30,XXXX7294,Unknown,1050.53,Found Duplicate,present,MASKED,PROVIDED,PROVIDED
MCH9661,Ramanathan Group,7011,Hospitality & Hotels,Individual,Mumbay,Maharashtra,2023-11-10,,Unknown,735.62,Unique,present,MISSING,PROVIDED,PROVIDED
MCH7075,D’Alia Group,7011,Hospitality & Hotels,Partnership,Chennai,Tamil Nadu,2024-05-03,1415999033,Inactive,1262.21,Unique,present,VALID_NUMERIC,PROVIDED,PROVIDED
MCH3733,Ramakrishnan Chaudhuri,7011,Hospitality & Hotels,Sole Proprietorship,Amritsar,Punjab,2025-03-15,,Active,1213.25,Unique,present,MISSING,PROVIDED,PROVIDED
MCH7644,Mital Plc,7011,Hospitality & Hotels,Sole Proprietorship,Chennai,Tamil Nadu,2024-03-07,,Active,602.59,Unique,present,MISSING,PROVIDED,PROVIDED
MCH6277,"Mangat, Kaur And Guha",7011,Hospitality & Hotels,Partnership,Delhi,Delhi,2024-04-07,,Active,0.1786,Found Duplicate,present,MISSING,PROVIDED,PROVIDED
MCH8174,"Banerjee, Brahmbhatt And Dave",7011,Hospitality & Hotels,Individual,Jaipur,Rajasthan,2024-09-09,XXXX7104,Active,939.26,Found Duplicate,present,MASKED,PROVIDED,MISSING_OR_INVALID
MCH3206,Ray Inc,7011,Hospitality & Hotels,Individual,Kolkata,West Bengal,2024-08-27,QOEA8761018728907,Active,490.27,Found Duplicate,present,ALPHANUMERIC_IBAN,PROVIDED,PROVIDED
MCH9257,Deep Venkataraman,7011,Hospitality & Hotels,Partnership,Amritsar,Punjab,2023-12-17,AYAD9422325940628,Active,705.83,Unique,present,ALPHANUMERIC_IBAN,PROVIDED,PROVIDED
MCH5281,Rajagopalan Ltd,7011,Hospitality & Hotels,Sole Proprietorship,Bengaluru,Karnataka,2024-02-04,,Active,939.26,Found Duplicate,present,MISSING,PROVIDED,PROVIDED
MCH5648,Morar And Sons,7011,Hospitality & Hotels,Individual,Pune,Maharashtra,2023-06-08,DHOL8937164342491,Active,972.68,Found Duplicate,present,ALPHANUMERIC_IBAN,PROVIDED,PROVIDED
MCH6183,Dutt Plc,7011,Hospitality & Hotels,Sole Proprietorship,Kolkata,West Bengal,2026-02-23,,Active,1191.35,Found Duplicate,present,MISSING,PROVIDED,PROVIDED
MCH6418,Doctor Ltd,7011,Hospitality & Hotels,Sole Proprietorship,Jalandhar,Punjab,,,Active,1362.45,Unique,missing,MISSING,PROVIDED,PROVIDED
MCH4812,Rai Aurora,7011,Hospitality & Hotels,Private Limited,Jaipur,Rajasthan,2025-09-07,IKZY9727785883400,Active,1732.91,Unique,present,ALPHANUMERIC_IBAN,PROVIDED,PROVIDED
MCH9369,Kara Group,7011,Hospitality & Hotels,Sole Proprietorship,Kolkata,West Bengal,2024-07-06,,Active,0.2036,Unique,present,MISSING,PROVIDED,PROVIDED
MCH2038,Dara Sama,7011,Hospitality & Hotels,Individual,Hyderabad,Telangana,2023-08-20,1467343581,Active,801.94,Found Duplicate,present,VALID_NUMERIC,PROVIDED,PROVIDED
MCH9415,Krishnamurthy Warrior,7011,Hospitality & Hotels,Sole Proprietorship,Ludhiana,Punjab,2023-02-21,,Active,438.69,Unique,present,MISSING,PROVIDED,PROVIDED
MCH2730,Nayar And Sons,7011,Hospitality & Hotels,Sole Proprietorship,Jaipur,Rajasthan,2023-06-30,,Active,1113.62,Found Duplicate,present,MISSING,PROVIDED,PROVIDED
MCH9790,Yohannan Narang,7011,Hospitality & Hotels,Private Limited,Lucknow,Uttar Pradesh,2023-01-17,UQCA1861995078274,Active,1704.7,Found Duplicate,present,ALPHANUMERIC_IBAN,PROVIDED,PROVIDED
MCH3453,"Sangha, Minhas And Patil",7011,Hospitality & Hotels,Private Limited,Jaipur,Rajasthan,2023-11-15,5047749653,Unknown,1768.03,Unique,present,VALID_NUMERIC,PROVIDED,PROVIDED
MCH8352,Tailor And Sons,7011,Hospitality & Hotels,Sole Proprietorship,Lucknow,Uttar Pradesh,2024-06-11,,Active,1393.59,Unique,present,MISSING,PROVIDED,PROVIDED
MCH3887,Pa11A Sah0Ta,7011,Hospitality & Hotels,Partnership,Kolkata,West Bengal,2025-11-19,EUVX7549332799238,Inactive,1596.95,Unique,present,ALPHANUMERIC_IBAN,PROVIDED,PROVIDED
MCH5227,Gala Plc,7011,Hospitality & Hotels,Partnership,Kolkata,West Bengal,2026-01-21,,Unknown,939.26,Found Duplicate,present,MISSING,PROVIDED,MISSING_OR_INVALID
MCH9901,Oommen Ltd,7011,Hospitality & Hotels,Sole Proprietorship,Hyderabad,Telangana,2025-10-01,XXXX3340,Inactive,538.3,Unique,present,MASKED,PROVIDED,PROVIDED
MCH1640,Sem Plc,7011,Hospitality & Hotels,Private Limited,Mumbai,Maharashtra,2023-10-09,5367265975,Active,894.9,Found Duplicate,present,VALID_NUMERIC,PROVIDED,PROVIDED
MCH6431,"Batra, Pant And Devan",7011,Hospitality & Hotels,Partnership,Bengaluru,Karnataka,2026-01-31,XXXX1013,Inactive,0.1564,Unique,present,MASKED,PROVIDED,PROVIDED
MCH6392,Thaman Ltd,7011,Hospitality & Hotels,Partnership,Kolkata,West Bengal,2023-08-03,1989029067,Unknown,691.37,Found Duplicate,present,VALID_NUMERIC,PROVIDED,PROVIDED
MCH9098,Ghosh Roy,7011,Hospitality & Hotels,Partnership,Kolkata,West Bengal,,5455672154,Active,372.61,Found Duplicate,missing,VALID_NUMERIC,PROVIDED,PROVIDED
MCH8525,Bah1 Mangat,7011,Hospitality & Hotels,Individual,Mumbai,Maharashtra,2025-03-27,,Inactive,444.54,Unique,present,MISSING,PROVIDED,PROVIDED
MCH7618,"Thaman, Parikh And Dubey",7011,Hospitality & Hotels,Private Limited,Delhi,Delhi,2025-11-22,SGHB3691205385794,Unknown,244.24,Found Duplicate,present,ALPHANUMERIC_IBAN,PROVIDED,PROVIDED
MCH2634,"Duga1, G0Pa1 And La1A",7011,Hospitality & Hotels,Private Limited,Lucknow,Uttar Pradesh,2023-11-01,XXXX1684,Active,3213.29,Found Duplicate,present,MASKED,PROVIDED,PROVIDED
MCH5525,Nagy And Sons,7011,Hospitality & Hotels,Partnership,Bengaluru,Karnataka,2026-01-29,EFCT6045045841970,Unknown,1141.1,Unique,present,ALPHANUMERIC_IBAN,PROVIDED,PROVIDED
MCH4794,Borra Dutt,7011,Hospitality & Hotels,Private Limited,Jaipur,Rajasthan,2024-09-19,XRGH9133437458010,Active,1006.04,Unique,present,ALPHANUMERIC_IBAN,PROVIDED,PROVIDED
MCH3587,Sagar Raval,7011,Hospitality & Hotels,Partnership,Jalandhar,Punjab,2024-07-31,,Suspended,1064.25,Found Duplicate,present,MISSING,PROVIDED,PROVIDED
MCH1846,Kurian Chad,7011,Hospitality & Hotels,Partnership,Chennai,Tamil Nadu,2023-03-23,,Active,597.53,Unique,present,MISSING,PROVIDED,PROVIDED
MCH6755,Subramaniam Inc,7011,Hospitality & Hotels,Partnership,Delhi,Delhi,2024-03-23,,Active,1535.05,Unique,present,MISSING,PROVIDED,PROVIDED
MCH1328,Buch And Sons,7011,Hospitality & Hotels,Sole Proprietorship,Chennai,Tamil Nadu,2025-03-28,JVTH6188797527471,Active,0.711,Unique,present,ALPHANUMERIC_IBAN,PROVIDED,PROVIDED
MCH9398,"Suresh, Khosla And Kadakia",7011,Hospitality & Hotels,Sole Proprietorship,Bengaluru,Karnataka,,XXXX1590,Active,1404.91,Found Duplicate,missing,MASKED,PROVIDED,PROVIDED
MCH5317,Seth Plc,7011,Hospitality & Hotels,Sole Proprietorship,Bengaluru,Karnataka,2023-03-01,,Unknown,2738.46,Unique,present,MISSING,PROVIDED,PROVIDED
MCH6361,"Saran, Dhar And Chaudhry",7011,Hospitality & Hotels,Sole Proprietorship,Delhi,Delhi,2023-04-18,9705258117,Active,701.89,Unique,present,VALID_NUMERIC,PROVIDED,PROVIDED
MCH9736,Sant Plc,7011,Hospitality & Hotels,Sole Proprietorship,Lucknow,Uttar Pradesh,2024-12-07,4147851928,Active,1081.26,Unique,present,VALID_NUMERIC,PROVIDED,PROVIDED
MCH5934,Halder Llc,7011,Hospitality & Hotels,Private Limited,Amritsar,Punjab,2023-03-22,CBWB3662425285759,Unknown,1201.69,Found Duplicate,present,ALPHANUMERIC_IBAN,PROVIDED,PROVIDED
MCH5458,"Korpal, Venkatesh And Choudhary",7011,Hospitality & Hotels,Individual,Jaipur,Rajasthan,2024-03-17,,Active,939.26,Unique,present,MISSING,PROVIDED,MISSING_OR_INVALID
MCH4984,Rege Mane,7011,Hospitality & Hotels,Individual,Bengaluru,Karnataka,2023-08-14,,Inactive,693.28,Found Duplicate,present,MISSING,PROVIDED,PROVIDED
MCH1994,"Naik, Bhasin And Virk",7011,Hospitality & Hotels,Sole Proprietorship,Amritsar,Punjab,2024-09-24,3176426647,Active,886.83,Unique,present,VALID_NUMERIC,PROVIDED,PROVIDED
MCH6856,"Dalal, Morar And Gala",7011,Hospitality & Hotels,Private Limited,Chennai,Tamil Nadu,2025-11-18,XXXX3477,Active,1373.13,Unique,present,MASKED,PROVIDED,PROVIDED
MCH7311,Jhaveri Hans,7011,Hospitality & Hotels,Sole Proprietorship,Mumbai,Maharashtra,2025-05-12,RZUE2319491323812,Active,0.1009,Found Duplicate,present,ALPHANUMERIC_IBAN,PROVIDED,PROVIDED
MCH5335,Daya1 Gera,7011,Hospitality & Hotels,Partnership,Delhi,Delhi,,,Active,699.3,Found Duplicate,missing,MISSING,PROVIDED,PROVIDED
MCH9174,"Chander, Goswami And Butala",7011,Hospitality & Hotels,Partnership,Jalandhar,Punjab,2024-06-14,1722137543,Active,914.67,Unique,present,VALID_NUMERIC,PROVIDED,PROVIDED
MCH6654,Cheema Dara,7011,Hospitality & Hotels,Partnership,Mumbai,Maharashtra,2023-12-26,ETTT3125962256169,Unknown,581.25,Found Duplicate,present,ALPHANUMERIC_IBAN,PROVIDED,PROVIDED
MCH7635,Pant And Sons,7011,Hospitality & Hotels,Individual,Jalandhar,Punjab,2023-03-04,7323981612,Active,4941.43,Found Duplicate,present,VALID_NUMERIC,PROVIDED,PROVIDED
MCH6875,Anand Bajwa,7011,Hospitality & Hotels,Private Limited,Pune,Maharashtra,2025-06-15,5856572593,Active,1892.34,Found Duplicate,present,VALID_NUMERIC,PROVIDED,PROVIDED
MCH4104,"Som, Rege And Thaker",7011,Hospitality & Hotels,Individual,Bengaluru,Karnataka,2024-07-21,,Active,939.26,Found Duplicate,present,MISSING,PROVIDED,MISSING_OR_INVALID
MCH5874,Mann Ma11Ick,7011,Hospitality & Hotels,Partnership,Delhi,Delhi,2023-11-29,7898379818,Active,0.116,Found Duplicate,present,VALID_NUMERIC,PROVIDED,PROVIDED
MCH8393,Salvi Llc,7011,Hospitality & Hotels,Partnership,Jalandhar,Punjab,2024-10-18,XXXX4953,Active,1230.0,Unique,present,MASKED,PROVIDED,PROVIDED
MCH3602,"Panchal, Karpe And Bhatti",7011,Hospitality & Hotels,Partnership,Amritsar,Punjab,2023-08-29,NJWF8221387776765,Active,754.95,Unique,present,ALPHANUMERIC_IBAN,PROVIDED,PROVIDED
MCH5567,D’Alia Ltd,7011,Hospitality & Hotels,Individual,Bengaluru,Karnataka,2025-09-09,XXXX2596,Active,271.02,Found Duplicate,present,MASKED,PROVIDED,PROVIDED
MCH2463,"Pillai, Tank And Das",7011,Hospitality & Hotels,Sole Proprietorship,Chennai,Tamil Nadu,2025-08-13,1687933229,Active,1834.3,Found Duplicate,present,VALID_NUMERIC,PROVIDED,PROVIDED
MCH8308,Thakkar Plc,7011,Hospitality & Hotels,Sole Proprietorship,Mumbai,Maharashtra,2023-06-06,LHVQ2811292052937,Active,0.1612,Found Duplicate,present,ALPHANUMERIC_IBAN,PROVIDED,PROVIDED
MCH8338,"Sastry, Deo And Char",7011,Hospitality & Hotels,Individual,Mumbai,Maharashtra,2024-07-23,,Active,3821.74,Found Duplicate,present,MISSING,PROVIDED,PROVIDED
MCH7767,Nadkarni Pathak,7011,Hospitality & Hotels,Individual,Chennai,Tamil Nadu,2025-10-07,,Active,3595.48,Unique,present,MISSING,PROVIDED,PROVIDED
MCH2306,Goswami Inc,7011,Hospitality & Hotels,Sole Proprietorship,Bengaluru,Karnataka,,4771057298,Active,1562.95,Unique,missing,VALID_NUMERIC,PROVIDED,PROVIDED
MCH1424,"Goel, Balay And Dua",7011,Hospitality & Hotels,Private Limited,Jalandhar,Punjab,2025-10-19,,Active,5339.46,Unique,present,MISSING,PROVIDED,PROVIDED
MCH9649,Sachdeva Dey,7011,Hospitality & Hotels,Sole Proprietorship,Amritsar,Punjab,2025-06-12,XRSK3388415827357,Active,493.43,Unique,present,ALPHANUMERIC_IBAN,PROVIDED,PROVIDED
MCH3357,"Sundaram, Kara And Sibal",7011,Hospitality & Hotels,Partnership,Amritsar,Punjab,2025-11-14,XVJC4162540658234,Active,246.81,Found Duplicate,present,ALPHANUMERIC_IBAN,PROVIDED,PROVIDED
MCH1032,Manda Hayer,7011,Hospitality & Hotels,Partnership,Amritsar,Punjab,2025-04-20,XXXX4099,Inactive,674.56,Found Duplicate,present,MASKED,PROVIDED,PROVIDED
MCH3520,Jhaveri And Sons,7011,Hospitality & Hotels,Individual,Bengaluru,Karnataka,2023-03-22,2637882357,Active,0.1231,Found Duplicate,present,VALID_NUMERIC,PROVIDED,PROVIDED
MCH7951,Peri Group,7011,Hospitality & Hotels,Sole Proprietorship,Jaipur,Rajasthan,2024-02-21,,Unknown,981.55,Unique,present,MISSING,PROVIDED,PROVIDED
MCH3732,"Bhat, Sarin And Wag1E",7011,Hospitality & Hotels,Sole Proprietorship,Lucknow,Uttar Pradesh,2025-06-23,,Unknown,0.604,Unique,present,MISSING,PROVIDED,PROVIDED
MCH2954,"Keer, Borra And Hayre",7011,Hospitality & Hotels,Private Limited,Ludhiana,Punjab,2025-12-23,,Active,1556.07,Found Duplicate,present,MISSING,PROVIDED,PROVIDED
MCH8082,Contractor And Sons,7011,Hospitality & Hotels,Sole Proprietorship,Amritsar,Punjab,2025-02-20,XXXX4733,Unknown,4480.58,Unique,present,MASKED,PROVIDED,PROVIDED
MCH3288,"Bains, Arya And Sanghvi",7011,Hospitality & Hotels,Partnership,Mumbai,Maharashtra,2025-11-26,ZNEZ2979868781030,Suspended,3587.5,Found Duplicate,present,ALPHANUMERIC_IBAN,PROVIDED,PROVIDED
MCH1946,Sibal Llc,7011,Hospitality & Hotels,Sole Proprietorship,Jalandhar,Punjab,2026-01-24,QGEZ9290048707008,Unknown,2804.71,Found Duplicate,present,ALPHANUMERIC_IBAN,PROVIDED,PROVIDED
MCH9352,Chaudhary Munshi,7011,Hospitality & Hotels,Sole Proprietorship,Hyderabad,Telangana,2025-12-27,1982708228,Inactive,295.19,Found Duplicate,present,VALID_NUMERIC,PROVIDED,PROVIDED
MCH4729,"Karpe, Dhaliwal And Subramanian",7011,Hospitality & Hotels,Partnership,Amritsar,Punjab,2024-01-14,XMOP1907956771131,Active,2525.97,Found Duplicate,present,ALPHANUMERIC_IBAN,PROVIDED,PROVIDED
MCH2014,Bali Mani,7011,Hospitality & Hotels,Individual,Pune,Maharashtra,2023-08-01,ARLE1914445816062,Unknown,8107.98,Found Duplicate,present,ALPHANUMERIC_IBAN,PROVIDED,PROVIDED
MCH1237,Agarwal Kibe,7011,Hospitality & Hotels,Partnership,Mumbay,Maharashtra,2023-03-30,CKEI2680343648784,Active,750.84,Unique,present,ALPHANUMERIC_IBAN,PROVIDED,PROVIDED
MCH9354,"Srinivasan, Bhargava And Sathe",7011,Hospitality & Hotels,Private Limited,Pune,Maharashtra,2025-12-26,MCIS2962837592027,Active,272.4,Unique,present,ALPHANUMERIC_IBAN,PROVIDED,PROVIDED
MCH4918,Ganesh Inc,7011,Hospitality & Hotels,Individual,Lucknow,Uttar Pradesh,2023-12-09,XXXX3579,Unknown,651.04,Unique,present,MASKED,PROVIDED,PROVIDED
MCH9401,Ravi Llc,7011,Hospitality & Hotels,Sole Proprietorship,Pune,Maharashtra,2025-11-14,1215375647,Active,1824.72,Found Duplicate,present,VALID_NUMERIC,PROVIDED,PROVIDED
MCH5781,Bava And Sons,7011,Hospitality & Hotels,Partnership,Hyderabad,Telangana,2024-03-24,,Unknown,2364.14,Unique,present,MISSING,PROVIDED,PROVIDED
MCH6742,"Garde, Chaudhry And Mistry",7011,Hospitality & Hotels,Sole Proprietorship,Jalandhar,Punjab,2024-05-03,,Active,0.646,Found Duplicate,present,MISSING,PROVIDED,PROVIDED
MCH4433,"Patil, Subramanian And Madan",7011,Hospitality & Hotels,Partnership,Kolkata,West Bengal,2023-01-23,KNSD2742017347383,Active,830.16,Unique,present,ALPHANUMERIC_IBAN,PROVIDED,PROVIDED
MCH6972,Badal Kamdar,7011,Hospitality & Hotels,Private Limited,Pune,Maharashtra,2023-12-20,,Active,1516.57,Unique,present,MISSING,PROVIDED,PROVIDED
MCH6001,Murthy Batra,7011,Hospitality & Hotels,Sole Proprietorship,Jalandhar,Punjab,2024-08-31,DRAQ5734718978671,Unknown,1116.47,Unique,present,ALPHANUMERIC_IBAN,PROVIDED,PROVIDED
MCH7260,Kunda Inc,7011,Hospitality & Hotels,Private Limited,Jalandhar,Punjab,2024-06-20,,Active,391.11,Unique,present,MISSING,PROVIDED,PROVIDED
MCH3023,Arora Llc,7011,Hospitality & Hotels,Individual,Bengaluru,Karnataka,2025-03-02,,Suspended,1722.88,Found Duplicate,present,MISSING,PROVIDED,PROVIDED
MCH1015,Mannan Subramaniam,7011,Hospitality & Hotels,Individual,Hyderabad,Telangana,2024-05-19,,Active,1116.83,Unique,present,MISSING,PROVIDED,PROVIDED
MCH8306,"Wason, Saraf And Dube",7011,Hospitality & Hotels,Partnership,Bengaluru,Karnataka,2025-02-15,2587742511,Suspended,67.35,Found Duplicate,present,VALID_NUMERIC,PROVIDED,PROVIDED
MCH1722,Patel Warrior,7011,Hospitality & Hotels,Individual,Kolkata,West Bengal,2025-03-15,XXXX3839,Active,0.42,Unique,present,MASKED,PROVIDED,PROVIDED
MCH6741,Parikh Bhatt,7011,Hospitality & Hotels,Partnership,Delhi,Delhi,2025-06-20,,Suspended,664.53,Unique,present,MISSING,PROVIDED,PROVIDED
MCH5410,Ganesh Llc,7011,Hospitality & Hotels,Partnership,Delhi,Delhi,2023-01-13,,Unknown,1114.19,Unique,present,MISSING,PROVIDED,PROVIDED
MCH9992,Rajagopalan Plc,7011,Hospitality & Hotels,Sole Proprietorship,Bengaluru,Karnataka,2024-02-07,5652803993,Active,577.93,Found Duplicate,present,VALID_NUMERIC,PROVIDED,PROVIDED
MCH8937,"Mand, Bhatt And Pathak",7011,Hospitality & Hotels,Individual,Amritsar,Punjab,2023-06-10,OPXS5269399322215,Active,2746.33,Unique,present,ALPHANUMERIC_IBAN,PROVIDED,PROVIDED
MCH9517,Menon Inc,7011,Hospitality & Hotels,Sole Proprietorship,Mumbai,Maharashtra,2023-09-23,XXXX3518,Unknown,1486.34,Unique,present,MASKED,PROVIDED,PROVIDED
MCH7773,"Mannan, Rout And Dara",7011,Hospitality & Hotels,Individual,Jalandhar,Punjab,,2874939436,Unknown,649.31,Found Duplicate,missing,VALID_NUMERIC,PROVIDED,PROVIDED
MCH5744,Dalal Lall,7011,Hospitality & Hotels,Private Limited,Chennai,Tamil Nadu,2023-05-31,XXXX1007,Active,3350.6,Unique,present,MASKED,PROVIDED,PROVIDED
MCH7026,Ganesan Manda,7011,Hospitality & Hotels,Sole Proprietorship,Mumbai,Maharashtra,2025-09-30,6953234378,Active,0.1364,Unique,present,VALID_NUMERIC,PROVIDED,PROVIDED
MCH4180,"Iyer, Saha And Kumar",7011,Hospitality & Hotels,Partnership,Lucknow,Uttar Pradesh,2025-04-16,2796320001,Unknown,3864.5,Found Duplicate,present,VALID_NUMERIC,PROVIDED,PROVIDED
MCH5559,Kata Ltd,7011,Hospitality & Hotels,Sole Proprietorship,Ludhiana,Punjab,,XXXX7757,Active,939.26,Found Duplicate,missing,MASKED,PROVIDED,MISSING_OR_INVALID
MCH5028,"Chhabra, Deo And Chakrabarti",7011,Hospitality & Hotels,Partnership,Ludhiana,Punjab,2024-03-14,RQQO5337522783830,Inactive,716.94,Unique,present,ALPHANUMERIC_IBAN,PROVIDED,PROVIDED
MCH1816,Kohli Hans,7011,Hospitality & Hotels,Individual,Kolkata,West Bengal,2025-01-22,,Active,0.487,Found Duplicate,present,MISSING,PROVIDED,PROVIDED
MCH5595,"Menon, Ahluwalia And Mistry",7011,Hospitality & Hotels,Sole Proprietorship,Jaipur,Rajasthan,2026-02-10,,Active,376.55,Unique,present,MISSING,PROVIDED,PROVIDED
MCH5404,Cherian Group,7011,Hospitality & Hotels,Sole Proprietorship,Pune,Maharashtra,2025-04-05,DZIB4073572435126,Active,0.144,Unique,present,ALPHANUMERIC_IBAN,PROVIDED,PROVIDED
MCH7439,Jayaraman Plc,7011,Hospitality & Hotels,Private Limited,Kolkata,West Bengal,2024-07-04,,Active,7697.49,Unique,present,MISSING,PROVIDED,PROVIDED
MCH5847,"Kar, Gupta And Choudhry",7011,Hospitality & Hotels,Sole Proprietorship,Kolkata,West Bengal,2023-05-20,8964900216,Unknown,4487.3,Found Duplicate,present,VALID_NUMERIC,PROVIDED,PROVIDED
MCH1007,Jain Wadhwa,7011,Hospitality & Hotels,Private Limited,Chennai,Tamil Nadu,2025-06-30,,Inactive,927.51,Found Duplicate,present,MISSING,PROVIDED,PROVIDED
MCH6745,Chaudry Plc,7011,Hospitality & Hotels,Individual,Lucknow,Uttar Pradesh,2023-05-16,,Inactive,2605.91,Unique,present,MISSING,PROVIDED,PROVIDED
MCH2681,Upadhyay Bava,7011,Hospitality & Hotels,Individual,Pune,Maharashtra,2024-02-16,YHMW6591611383032,Active,230.72,Found Duplicate,present,ALPHANUMERIC_IBAN,PROVIDED,PROVIDED
MCH3085,Mander Mital,7011,Hospitality & Hotels,Private Limited,Chennai,Tamil Nadu,2024-08-20,,Inactive,3842.0,Found Duplicate,present,MISSING,PROVIDED,PROVIDED
MCH9835,Mahajan Pingle,7011,Hospitality & Hotels,Private Limited,Jaipur,Rajasthan,2025-09-22,,Active,2477.71,Found Duplicate,present,MISSING,PROVIDED,PROVIDED
MCH6595,More Sharma,7011,Hospitality & Hotels,Sole Proprietorship,Jalandhar,Punjab,2023-11-12,,Active,308.54,Unique,present,MISSING,PROVIDED,PROVIDED
MCH8628,Pai Upadhyay,7011,Hospitality & Hotels,Sole Proprietorship,Amritsar,Punjab,,,Active,12455.57,Found Duplicate,missing,MISSING,PROVIDED,PROVIDED
MCH4790,Date Plc,7011,Hospitality & Hotels,Individual,Amritsar,Punjab,2025-12-11,XXXX3526,Suspended,0.199,Unique,present,MASKED,PROVIDED,PROVIDED
MCH5414,Bhandari Ltd,7011,Hospitality & Hotels,Private Limited,Delhi,Delhi,2025-03-26,VQLO7234241275182,Unknown,155.88,Unique,present,ALPHANUMERIC_IBAN,PROVIDED,PROVIDED
MCH6598,"Banik, Halder And Sabharwal",7011,Hospitality & Hotels,Individual,Mumbai,Maharashtra,2025-06-02,XXXX2729,Suspended,230.53,Found Duplicate,present,MASKED,PROVIDED,PROVIDED
MCH2044,"Upadhyay, Kapoor And Nazareth",7011,Hospitality & Hotels,Individual,Lucknow,Uttar Pradesh,2023-01-02,3913922043,Active,368.05,Unique,present,VALID_NUMERIC,PROVIDED,PROVIDED
MCH4249,"Narasimhan, Natt And Chada",7011,Hospitality & Hotels,Sole Proprietorship,Pune,Maharashtra,2023-12-28,8565095769,Active,1048.88,Found Duplicate,present,VALID_NUMERIC,PROVIDED,PROVIDED
MCH1324,"Edwin, Savant And Tandon",7011,Hospitality & Hotels,Partnership,Bengaluru,Karnataka,2026-01-26,,Active,1192.31,Unique,present,MISSING,PROVIDED,PROVIDED
MCH2120,"Yohannan, Patla And Parmer",7011,Hospitality & Hotels,Partnership,Delhi,Delhi,2024-01-01,XXXX7380,Active,3366.53,Found Duplicate,present,MASKED,PROVIDED,PROVIDED
MCH4503,"Varghese, Hora And Narayanan",7011,Hospitality & Hotels,Sole Proprietorship,Ludhiana,Punjab,,,Active,0.1258,Found Duplicate,missing,MISSING,PROVIDED,PROVIDED
MCH8380,Chaudhari Behl,7011,Hospitality & Hotels,Partnership,Mumbay,Maharashtra,2024-05-18,XXXX2808,Active,780.2,Found Duplicate,present,MASKED,PROVIDED,PROVIDED
MCH9426,Singh Narula,7011,Hospitality & Hotels,Sole Proprietorship,Chennai,Tamil Nadu,2023-08-07,CZYQ5289749024896,Unknown,615.87,Found Duplicate,present,ALPHANUMERIC_IBAN,PROVIDED,PROVIDED
MCH4989,Khanna And Sons,7011,Hospitality & Hotels,Private Limited,Ludhiana,Punjab,2025-09-25,,Unknown,1981.95,Found Duplicate,present,MISSING,PROVIDED,PROVIDED
MCH8324,Golla Chaudhuri,7011,Hospitality & Hotels,Private Limited,Jalandhar,Punjab,2025-04-06,,Active,939.26,Unique,present,MISSING,PROVIDED,MISSING_OR_INVALID
MCH2886,"Kurian, Dash And Walla",7011,Hospitality & Hotels,Private Limited,Bengaluru,Karnataka,2023-05-25,XXXX6301,Inactive,8233.35,Found Duplicate,present,MASKED,PROVIDED,PROVIDED
MCH1034,Devi Chaudhari,7011,Hospitality & Hotels,Private Limited,Delhi,Delhi,2024-06-17,XXXX9097,Active,243.38,Unique,present,MASKED,PROVIDED,PROVIDED
MCH6447,Kant Tella,7011,Hospitality & Hotels,Partnership,Delhi,Delhi,2026-01-22,,Unknown,994.25,Found Duplicate,present,MISSING,PROVIDED,PROVIDED
MCH2797,Sandhu Singh,7011,Hospitality & Hotels,Partnership,Bengaluru,Karnataka,2025-05-27,XXXX2336,Active,1083.54,Unique,present,MASKED,PROVIDED,PROVIDED
MCH6999,Solanki Plc,7011,Hospitality & Hotels,Partnership,Chennai,Tamil Nadu,2024-02-26,,Active,926.71,Found Duplicate,present,MISSING,PROVIDED,PROVIDED
MCH6568,Minhas Plc,7011,Hospitality & Hotels,Sole Proprietorship,Amritsar,Punjab,2024-04-10,8442730412,Active,0.1486,Unique,present,VALID_NUMERIC,PROVIDED,PROVIDED
MCH3533,Tiwari Gulati,7011,Hospitality & Hotels,Private Limited,Mumbai,Maharashtra,2025-10-07,SWEX6777199199579,Active,709.41,Unique,present,ALPHANUMERIC_IBAN,PROVIDED,PROVIDED
MCH5630,Srinivas Doshi,7011,Hospitality & Hotels,Sole Proprietorship,Amritsar,Punjab,2023-04-28,BCPS7283289501457,Inactive,2338.55,Unique,present,ALPHANUMERIC_IBAN,PROVIDED,PROVIDED
MCH6244,Maharaj Ltd,7011,Hospitality & Hotels,Individual,Jaipur,Rajasthan,2023-07-29,,Suspended,1112.58,Found Duplicate,present,MISSING,PROVIDED,PROVIDED
MCH4129,"Lad, Raja And Sachdev",7011,Hospitality & Hotels,Partnership,Mumbai,Maharashtra,2023-11-09,0929537946,Active,954.07,Unique,present,VALID_NUMERIC,PROVIDED,PROVIDED
MCH4973,Vala Raval,7011,Hospitality & Hotels,Private Limited,Chennai,Tamil Nadu,2024-05-04,XXXX2841,Unknown,859.46,Unique,present,MASKED,PROVIDED,PROVIDED
MCH2356,"Vyas, Chhabra And Kala",7011,Hospitality & Hotels,Private Limited,Chennai,Tamil Nadu,2024-08-07,,Active,2064.97,Found Duplicate,present,MISSING,PROVIDED,PROVIDED
MCH9027,"Dani, Soni And Nagy",7011,Hospitality & Hotels,Partnership,Jalandhar,Punjab,2023-10-26,XXXX0115,Active,905.68,Unique,present,MASKED,PROVIDED,PROVIDED
MCH9234,"Jhaveri, Chandran And Shukla",7011,Hospitality & Hotels,Partnership,Lucknow,Uttar Pradesh,2024-07-26,XXXX3221,Inactive,762.04,Found Duplicate,present,MASKED,PROVIDED,PROVIDED
MCH7589,"Mangat, Din And Chatterjee",7011,Hospitality & Hotels,Partnership,Mumbai,Maharashtra,2024-01-17,XXXX6278,Active,1692.13,Found Duplicate,present,MASKED,PROVIDED,PROVIDED
MCH5558,"Rao, Sidhu And Barad",7011,Hospitality & Hotels,Partnership,Amritsar,Punjab,2024-09-14,,Active,0.626,Unique,present,MISSING,PROVIDED,PROVIDED
MCH1459,"Palla, Saini And Date",7011,Hospitality & Hotels,Individual,Ludhiana,Punjab,2024-02-20,,Suspended,1582.79,Unique,present,MISSING,PROVIDED,PROVIDED
MCH7341,Varughese Inc,7011,Hospitality & Hotels,Partnership,Kolkata,West Bengal,2023-04-24,,Active,3711.54,Unique,present,MISSING,PROVIDED,PROVIDED
MCH6904,Dixit Mallick,7011,Hospitality & Hotels,Sole Proprietorship,Hyderabad,Telangana,2023-03-25,UXIZ6468526873602,Inactive,402.95,Found Duplicate,present,ALPHANUMERIC_IBAN,PROVIDED,PROVIDED
MCH9196,"Dani, Palla And Ramachandran",7011,Hospitality & Hotels,Sole Proprietorship,Hyderabad,Telangana,2023-04-02,5171234438,Active,403.86,Found Duplicate,present,VALID_NUMERIC,PROVIDED,PROVIDED
MCH1124,Andra Inc,7011,Hospitality & Hotels,Partnership,Lucknow,Uttar Pradesh,2023-08-07,,Active,0.5664,Found Duplicate,present,MISSING,PROVIDED,PROVIDED
MCH1221,"Bakshi, Doctor And Bobal",7011,Hospitality & Hotels,Partnership,Mumbai,Maharashtra,,XXXX9345,Active,1302.2,Found Duplicate,missing,MASKED,PROVIDED,PROVIDED
MCH7077,Basu Llc,7011,Hospitality & Hotels,Individual,Lucknow,Uttar Pradesh,2025-08-18,5226667486,Suspended,0.484,Found Duplicate,present,VALID_NUMERIC,PROVIDED,PROVIDED
MCH3984,"Wadhwa, Sunder And Bobal",7011,Hospitality & Hotels,Private Limited,Chennai,Tamil Nadu,2023-10-08,QUQR5120846966545,Active,1305.55,Unique,present,ALPHANUMERIC_IBAN,PROVIDED,PROVIDED
MCH3837,"Sankar, Dass And Sarna",7011,Hospitality & Hotels,Sole Proprietorship,Lucknow,Uttar Pradesh,2024-04-01,,Active,568.41,Found Duplicate,present,MISSING,PROVIDED,PROVIDED
MCH7198,Dar Sani,7011,Hospitality & Hotels,Private Limited,Hyderabad,Telangana,2023-06-27,HWWD0144016589581,Active,1840.43,Found Duplicate,present,ALPHANUMERIC_IBAN,PROVIDED,PROVIDED
MCH6527,"Menon, Subramanian And Pai",7011,Hospitality & Hotels,Individual,Ludhiana,Punjab,,,Active,1220.94,Found Duplicate,missing,MISSING,PROVIDED,PROVIDED
MCH9234,"Jhaveri, Chandran And Shukla",7011,Hospitality & Hotels,Partnership,Lucknow,Uttar Pradesh,2024-07-26,XXXX3221,Active,762.04,Found Duplicate,present,MASKED,PROVIDED,PROVIDED
MCH6785,Rai Llc,7011,Hospitality & Hotels,Sole Proprietorship,Chennai,Tamil Nadu,2024-12-01,,Unknown,2498.92,Unique,present,MISSING,PROVIDED,PROVIDED
MCH9043,Setty And Sons,7011,Hospitality & Hotels,Partnership,Pune,Maharashtra,2024-02-10,,Active,0.3323,Unique,present,MISSING,PROVIDED,PROVIDED
MCH3307,Uppal And Sons,7011,Hospitality & Hotels,Private Limited,Pune,Maharashtra,2023-03-07,WQAU2336118593269,Active,1033.39,Unique,present,ALPHANUMERIC_IBAN,PROVIDED,PROVIDED
MCH7524,"Sarna, Mital And Deo",7011,Hospitality & Hotels,Private Limited,Bengaluru,Karnataka,2025-07-13,XXXX6292,Unknown,1847.0,Found Duplicate,present,MASKED,PROVIDED,PROVIDED
MCH6598,"Banik, Halder And Sabharwal",7011,Hospitality & Hotels,Individual,Mumbai,Maharashtra,2025-06-02,XXXX2729,Inactive,230.53,Found Duplicate,present,MASKED,PROVIDED,PROVIDED
MCH4340,"Nadig, Kothari And Khalsa",7011,Hospitality & Hotels,Partnership,Mumbai,Maharashtra,,,Active,1756.35,Unique,missing,MISSING,PROVIDED,PROVIDED
MCH9203,Patel Bhasin,7011,Hospitality & Hotels,Partnership,Delhi,Delhi,2025-04-14,XXXX4448,Active,1305.76,Found Duplicate,present,MASKED,PROVIDED,PROVIDED
MCH8204,Bumb Bansal,7011,Hospitality & Hotels,Private Limited,Jalandhar,Punjab,2025-10-13,0190035504,Active,1083.04,Unique,present,VALID_NUMERIC,PROVIDED,PROVIDED
MCH5270,"Kannan, Goda And Kade",7011,Hospitality & Hotels,Individual,Lucknow,Uttar Pradesh,2023-10-13,,Inactive,0.469,Unique,present,MISSING,PROVIDED,PROVIDED
MCH9787,Nigam Llc,7011,Hospitality & Hotels,Private Limited,Jaipur,Rajasthan,2023-06-18,,Inactive,717.19,Found Duplicate,present,MISSING,PROVIDED,PROVIDED
MCH1363,Rattan Shere,7011,Hospitality & Hotels,Sole Proprietorship,Chennai,Tamil Nadu,2025-08-19,,Active,926.5,Unique,present,MISSING,PROVIDED,PROVIDED
MCH6356,"Pandit, Wagle And Kata",7011,Hospitality & Hotels,Private Limited,Amritsar,Punjab,2024-08-03,XXXX6397,Inactive,499.8,Unique,present,MASKED,PROVIDED,PROVIDED
MCH5387,Khatri Group,7011,Hospitality & Hotels,Sole Proprietorship,Delhi,Delhi,2025-10-06,6200633333,Active,0.1172,Found Duplicate,present,VALID_NUMERIC,PROVIDED,PROVIDED
MCH4782,Salvi Comar,7011,Hospitality & Hotels,Sole Proprietorship,Jalandhar,Punjab,2025-07-13,XXXX1728,Active,876.5,Unique,present,MASKED,PROVIDED,PROVIDED
MCH6282,Madan Din,7011,Hospitality & Hotels,Partnership,Amritsar,Punjab,2026-01-20,,Active,955.08,Found Duplicate,present,MISSING,PROVIDED,PROVIDED
MCH4842,Lall Bakshi,7011,Hospitality & Hotels,Sole Proprietorship,Jaipur,Rajasthan,2023-04-11,,Active,346.23,Found Duplicate,present,MISSING,PROVIDED,PROVIDED
MCH2423,"Lad, Kibe And Bora",7011,Hospitality & Hotels,Individual,Pune,Maharashtra,2023-10-25,,Inactive,2425.0,Found Duplicate,present,MISSING,PROVIDED,PROVIDED
MCH1653,Mitra Inc,7011,Hospitality & Hotels,Sole Proprietorship,Chennai,Tamil Nadu,,XXXX9573,Active,1669.53,Unique,missing,MASKED,PROVIDED,PROVIDED
MCH4992,Viswanathan Pandey,7011,Hospitality & Hotels,Individual,Jalandhar,Punjab,2024-02-19,,Suspended,918.79,Unique,present,MISSING,PROVIDED,PROVIDED
MCH5447,Ram Shetty,7011,Hospitality & Hotels,Partnership,Bengaluru,Karnataka,2023-03-11,,Active,606.16,Found Duplicate,present,MISSING,PROVIDED,PROVIDED
MCH1568,Chandran Ltd,7011,Hospitality & Hotels,Sole Proprietorship,Lucknow,Uttar Pradesh,2024-09-04,,Active,3618.31,Unique,present,MISSING,PROVIDED,PROVIDED
MCH4220,Chaudry Ltd,7011,Hospitality & Hotels,Individual,Lucknow,Uttar Pradesh,,,Active,788.42,Found Duplicate,missing,MISSING,PROVIDED,PROVIDED
MCH2995,Patil Ltd,7011,Hospitality & Hotels,Private Limited,Amritsar,Punjab,2025-12-25,2612684538,Active,492.36,Found Duplicate,present,VALID_NUMERIC,PROVIDED,PROVIDED
MCH4184,Dua Agate,7011,Hospitality & Hotels,Partnership,Kolkata,West Bengal,2023-03-24,4629473198,Inactive,1198.31,Found Duplicate,present,VALID_NUMERIC,PROVIDED,PROVIDED
MCH2598,"Dutta, Ramanathan And Date",7011,Hospitality & Hotels,Sole Proprietorship,Delhi,Delhi,2024-04-02,XXXX9756,Active,168.75,Found Duplicate,present,MASKED,PROVIDED,PROVIDED
MCH8750,"Bawa, Chatterjee And Sathe",7011,Hospitality & Hotels,Individual,Ludhiana,Punjab,2025-11-30,2442042302,Active,3120.06,Found Duplicate,present,VALID_NUMERIC,PROVIDED,PROVIDED
MCH3587,Sagar Raval,7011,Hospitality & Hotels,Partnership,Jalandhar,Punjab,2024-07-31,,Active,1064.25,Found Duplicate,present,MISSING,PROVIDED,PROVIDED
MCH2218,"Upadhyay, Sharma And Kothari",7011,Hospitality & Hotels,Partnership,Lucknow,Uttar Pradesh,2024-04-23,VZAG9844318169851,Active,341.57,Unique,present,ALPHANUMERIC_IBAN,PROVIDED,PROVIDED
MCH7044,"Anne, Som And Ganesan",7011,Hospitality & Hotels,Individual,Jalandhar,Punjab,2025-08-08,XCXH2265403585911,Unknown,939.26,Found Duplicate,present,ALPHANUMERIC_IBAN,PROVIDED,MISSING_OR_INVALID
MCH1740,"Dhaliwal, Boase And Walla",7011,Hospitality & Hotels,Partnership,Pune,Maharashtra,2025-09-02,LCLK0132407508023,Active,0.903,Unique,present,ALPHANUMERIC_IBAN,PROVIDED,PROVIDED
MCH5103,"Morar, Kannan And Purohit",7011,Hospitality & Hotels,Individual,Lucknow,Uttar Pradesh,2023-11-12,8919993904,Suspended,939.26,Unique,present,VALID_NUMERIC,PROVIDED,MISSING_OR_INVALID
MCH9148,Venkatesh And Sons,7011,Hospitality & Hotels,Sole Proprietorship,Hyderabad,Telangana,2023-07-16,XXXX2774,Active,0.503,Unique,present,MASKED,PROVIDED,PROVIDED
MCH3291,Sanghvi Nair,7011,Hospitality & Hotels,Private Limited,Bengaluru,Karnataka,2023-09-25,,Unknown,0.3917,Unique,present,MISSING,PROVIDED,PROVIDED
MCH9429,Varghese Mitter,7011,Hospitality & Hotels,Partnership,Hyderabad,Telangana,2024-12-16,ICYM9819940442894,Active,1566.55,Found Duplicate,present,ALPHANUMERIC_IBAN,PROVIDED,PROVIDED
MCH1811,Shukla Ganesan,7011,Hospitality & Hotels,Individual,Delhi,Delhi,2024-01-14,9614445611,Inactive,871.51,Found Duplicate,present,VALID_NUMERIC,PROVIDED,PROVIDED
MCH2792,Krishnamurthyplc,7011,Hospitality & Hotels,Sole Proprietorship,Jalandhar,Punjab,2023-03-02,,Active,1501.9,Found Duplicate,present,MISSING,PROVIDED,PROVIDED
MCH8817,Sawhneyltd,7011,Hospitality & Hotels,Individual,Pune,Maharashtra,,,Inactive,495.07,Unique,missing,MISSING,PROVIDED,PROVIDED
MCH8242,Choudhary Pall,7011,Hospitality & Hotels,Private Limited,Ludhiana,Punjab,2023-06-27,XXXX7286,Active,607.04,Unique,present,MASKED,PROVIDED,PROVIDED
MCH8890,Halder Inc,7011,Hospitality & Hotels,Private Limited,Lucknow,Uttar Pradesh,2026-01-15,XXXX3843,Suspended,2352.14,Found Duplicate,present,MASKED,PROVIDED,PROVIDED
MCH7504,"Mandal, Tripathi And Bhatnagar",7011,Hospitality & Hotels,Sole Proprietorship,Amritsar,Punjab,2023-04-23,IUKB6414988497315,Unknown,8261.29,Found Duplicate,present,ALPHANUMERIC_IBAN,PROVIDED,PROVIDED
MCH7973,"Dhar, Som And Mane",7011,Hospitality & Hotels,Sole Proprietorship,Kolkata,West Bengal,2023-01-17,GEUZ7160822941996,Active,1422.91,Unique,present,ALPHANUMERIC_IBAN,PROVIDED,PROVIDED
MCH8291,Walia Inc,7011,Hospitality & Hotels,Private Limited,Ludhiana,Punjab,2023-04-01,,Active,1898.37,Unique,present,MISSING,PROVIDED,PROVIDED
MCH3971,Sura Plc,7011,Hospitality & Hotels,Individual,Delhi,Delhi,2024-04-17,,Inactive,748.82,Found Duplicate,present,MISSING,PROVIDED,PROVIDED
MCH3545,"Chacko, Oza And Jaggi",7011,Hospitality & Hotels,Sole Proprietorship,Hyderabad,Telangana,2023-09-30,,Active,867.82,Unique,present,MISSING,PROVIDED,PROVIDED
MCH1234,"Shah, Pathak And Bera",7011,Hospitality & Hotels,Partnership,Jaipur,Rajasthan,2025-06-10,,Active,354.58,Found Duplicate,present,MISSING,PROVIDED,PROVIDED
MCH9586,Ghose Plc,7011,Hospitality & Hotels,Private Limited,Chennai,Tamil Nadu,2023-03-30,,Active,2522.89,Unique,present,MISSING,PROVIDED,PROVIDED
MCH3412,Tak And Sons,7011,Hospitality & Hotels,Sole Proprietorship,Jaipur,Rajasthan,2024-10-31,XXXX3873,Active,4884.39,Unique,present,MASKED,PROVIDED,PROVIDED
MCH6603,Atwal Plc,7011,Hospitality & Hotels,Sole Proprietorship,Jaipur,Rajasthan,2024-08-20,GWCP5106034968553,Active,694.88,Unique,present,ALPHANUMERIC_IBAN,PROVIDED,PROVIDED
MCH7890,Contractor Plc,7011,Hospitality & Hotels,Partnership,Chennai,Tamil Nadu,2024-07-21,KQNM1742343730851,Inactive,652.34,Unique,present,ALPHANUMERIC_IBAN,PROVIDED,PROVIDED
MCH4100,Raja Vasa,7011,Hospitality & Hotels,Sole Proprietorship,Jalandhar,Punjab,2025-06-28,7806774171,Active,479.15,Unique,present,VALID_NUMERIC,PROVIDED,PROVIDED
MCH5795,"Sunder, Bera And Srinivas",7011,Hospitality & Hotels,Private Limited,Kolkata,West Bengal,2023-05-19,,Active,0.167,Unique,present,MISSING,PROVIDED,PROVIDED
MCH6890,Pandit Narasimhan,7011,Hospitality & Hotels,Private Limited,Kolkata,West Bengal,2024-04-21,XXXX8046,Inactive,525.87,Found Duplicate,present,MASKED,PROVIDED,PROVIDED
MCH9068,Rege Rao,7011,Hospitality & Hotels,Private Limited,Delhi,Delhi,2023-03-09,XKVL5640811556536,Active,939.26,Found Duplicate,present,ALPHANUMERIC_IBAN,PROVIDED,MISSING_OR_INVALID
MCH8639,Samra Behl,7011,Hospitality & Hotels,Private Limited,Bengaluru,Karnataka,2024-06-30,,Inactive,2557.45,Found Duplicate,present,MISSING,PROVIDED,PROVIDED
MCH5642,Swaminathan Ratti,7011,Hospitality & Hotels,Sole Proprietorship,Bengaluru,Karnataka,2024-09-16,,Active,1651.14,Found Duplicate,present,MISSING,PROVIDED,PROVIDED
MCH7661,Pal Atwal,7011,Hospitality & Hotels,Partnership,Kolkata,West Bengal,2024-06-20,LQAC5434478012412,Active,1304.11,Found Duplicate,present,ALPHANUMERIC_IBAN,PROVIDED,PROVIDED
MCH9942,Srinivas And Sons,7011,Hospitality & Hotels,Individual,Amritsar,Punjab,2024-09-07,NAOM1028605509837,Active,636.69,Found Duplicate,present,ALPHANUMERIC_IBAN,PROVIDED,PROVIDED
MCH7720,Agate Krishnamurthy,7011,Hospitality & Hotels,Private Limited,Chennai,Tamil Nadu,2025-12-10,,Unknown,0.475,Found Duplicate,present,MISSING,PROVIDED,PROVIDED
MCH4451,Bansal Tak,7011,Hospitality & Hotels,Individual,Amritsar,Punjab,,,Active,939.26,Unique,missing,MISSING,PROVIDED,MISSING_OR_INVALID
MCH8974,"Kota, Varty And Mangal",7011,Hospitality & Hotels,Individual,Jaipur,Rajasthan,2024-06-27,,Active,1353.93,Found Duplicate,present,MISSING,PROVIDED,PROVIDED
MCH1529,"Sangha,Banerjeeandsengupta",7011,Hospitality & Hotels,Private Limited,Ludhiana,Punjab,2023-02-06,,Inactive,1257.59,Unique,present,MISSING,PROVIDED,PROVIDED
MCH2851,Kalla Jain,7011,Hospitality & Hotels,Individual,Mumbay,Maharashtra,2025-11-29,XXXX3740,Unknown,0.3022,Found Duplicate,present,MASKED,PROVIDED,PROVIDED
MCH6105,Upadhyay Plc,7011,Hospitality & Hotels,Sole Proprietorship,Kolkata,West Bengal,2024-02-07,,Suspended,527.81,Found Duplicate,present,MISSING,PROVIDED,PROVIDED
MCH5601,Raj Gopal,7011,Hospitality & Hotels,Private Limited,Jalandhar,Punjab,2024-05-17,6301334461,Active,939.26,Unique,present,VALID_NUMERIC,PROVIDED,MISSING_OR_INVALID
MCH6102,"Hayre, Peri And Sura",7011,Hospitality & Hotels,Private Limited,Ludhiana,Punjab,2024-01-26,FLWX5559304020457,Active,4593.66,Found Duplicate,present,ALPHANUMERIC_IBAN,PROVIDED,PROVIDED
MCH5160,Subramanian Inc,7011,Hospitality & Hotels,Partnership,Amritsar,Punjab,2025-11-17,,Unknown,1435.76,Unique,present,MISSING,PROVIDED,PROVIDED
MCH3883,Vohra And Sons,7011,Hospitality & Hotels,Individual,Mumbai,Maharashtra,2023-11-17,1962011949,Active,2320.22,Unique,present,VALID_NUMERIC,PROVIDED,PROVIDED
MCH7957,Varty Natarajan,7011,Hospitality & Hotels,Private Limited,Chennai,Tamil Nadu,2024-06-28,,Active,410.29,Found Duplicate,present,MISSING,PROVIDED,PROVIDED
MCH8880,Bava Group,7011,Hospitality & Hotels,Sole Proprietorship,Bengaluru,Karnataka,2025-12-01,,Inactive,0.3216,Found Duplicate,present,MISSING,PROVIDED,PROVIDED
MCH6360,"Desai, Shroff And Goel",7011,Hospitality & Hotels,Private Limited,Jalandhar,Punjab,2025-11-11,7990572488,Inactive,635.23,Found Duplicate,present,VALID_NUMERIC,PROVIDED,PROVIDED
MCH3829,Bansal Ltd,7011,Hospitality & Hotels,Private Limited,Pune,Maharashtra,2024-04-12,XXXX7846,Unknown,2565.33,Found Duplicate,present,MASKED,PROVIDED,PROVIDED
MCH1154,"Oommen, Tata And Randhawa",7011,Hospitality & Hotels,Partnership,Kolkata,West Bengal,2025-04-18,RBFJ6015227406897,Active,655.3,Found Duplicate,present,ALPHANUMERIC_IBAN,PROVIDED,PROVIDED
MCH1226,"Apte, Pingle And Pal",7011,Hospitality & Hotels,Private Limited,Hyderabad,Telangana,2024-03-01,,Active,0.229,Found Duplicate,present,MISSING,PROVIDED,PROVIDED
MCH2174,"Sood, Chowdhury And Chacko",7011,Hospitality & Hotels,Private Limited,Delhi,Delhi,2024-03-13,8824000729,Inactive,1287.16,Unique,present,VALID_NUMERIC,PROVIDED,PROVIDED
MCH5156,"Bumb, Buch And R0Ut",7011,Hospitality & Hotels,Private Limited,Mumbai,Maharashtra,2025-11-10,,Active,1483.33,Unique,present,MISSING,PROVIDED,PROVIDED
MCH9797,"Basu, Kota And Hora",7011,Hospitality & Hotels,Individual,Jaipur,Rajasthan,,,Unknown,3455.43,Unique,missing,MISSING,PROVIDED,PROVIDED
MCH1442,Wadhwa Walla,7011,Hospitality & Hotels,Private Limited,Pune,Maharashtra,2025-12-13,,Active,1483.74,Unique,present,MISSING,PROVIDED,PROVIDED
MCH8755,"Biswas, Divan And Sachdeva",7011,Hospitality & Hotels,Private Limited,Chennai,Tamil Nadu,2025-07-25,1014752136,Suspended,2277.32,Found Duplicate,present,VALID_NUMERIC,PROVIDED,PROVIDED
MCH5144,Johal Ltd,7011,Hospitality & Hotels,Sole Proprietorship,Jalandhar,Punjab,2024-02-01,XXXX0257,Inactive,490.7,Unique,present,MASKED,PROVIDED,PROVIDED
MCH4669,"Sidhu, Subramanian And Chakraborty",7011,Hospitality & Hotels,Private Limited,Bengaluru,Karnataka,2023-03-20,,Active,939.26,Found Duplicate,present,MISSING,PROVIDED,MISSING_OR_INVALID
MCH3506,Peri Group,7011,Hospitality & Hotels,Individual,Bengaluru,Karnataka,,PINF7358781184682,Active,3808.09,Unique,missing,ALPHANUMERIC_IBAN,PROVIDED,PROVIDED
MCH2746,"Tella, Mane And Pillai",7011,Hospitality & Hotels,Private Limited,Ludhiana,Punjab,2023-12-03,0851637180,Inactive,395.56,Unique,present,VALID_NUMERIC,PROVIDED,PROVIDED
MCH9715,Desai Plc,7011,Hospitality & Hotels,Partnership,Kolkata,West Bengal,2023-10-01,5413889015,Inactive,547.82,Unique,present,VALID_NUMERIC,PROVIDED,PROVIDED
MCH2111,Dubey Oommen,7011,Hospitality & Hotels,Individual,Ludhiana,Punjab,2023-07-26,,Active,5111.16,Unique,present,MISSING,PROVIDED,PROVIDED
MCH8306,"Wason, Saraf And Dube",7011,Hospitality & Hotels,Partnership,Bengaluru,Karnataka,2025-02-15,2587742511,Active,67.35,Found Duplicate,present,VALID_NUMERIC,PROVIDED,PROVIDED
MCH5484,Vasa Plc,7011,Hospitality & Hotels,Individual,Lucknow,Uttar Pradesh,2023-06-01,KFFT4078081558704,Active,939.26,Unique,present,ALPHANUMERIC_IBAN,PROVIDED,MISSING_OR_INVALID
MCH9074,Sa1Vi Tata,7011,Hospitality & Hotels,Partnership,Chennai,Tamil Nadu,2025-04-24,XXXX6816,Active,0.1227,Found Duplicate,present,MASKED,PROVIDED,PROVIDED
MCH7568,Kumer Gandhi,7011,Hospitality & Hotels,Sole Proprietorship,Mumbai,Maharashtra,2025-05-23,,Active,0.1278,Found Duplicate,present,MISSING,PROVIDED,PROVIDED
MCH7295,Palan Ray,7011,Hospitality & Hotels,Partnership,Bengaluru,Karnataka,2023-02-02,,Active,1161.77,Unique,present,MISSING,PROVIDED,PROVIDED
MCH3889,Bhagat Sarna,7011,Hospitality & Hotels,Sole Proprietorship,Kolkata,West Bengal,2024-06-21,XXXX2885,Active,2088.06,Found Duplicate,present,MASKED,PROVIDED,PROVIDED
MCH4699,Setty Inc,7011,Hospitality & Hotels,Private Limited,Pune,Maharashtra,2025-06-04,XXXX2833,Active,632.27,Unique,present,MASKED,PROVIDED,PROVIDED
MCH2476,Choudhary Borah,7011,Hospitality & Hotels,Private Limited,Kolkata,West Bengal,2025-10-15,PXIN8486080746921,Unknown,1108.38,Unique,present,ALPHANUMERIC_IBAN,PROVIDED,PROVIDED
MCH8093,"Seth, Bassi And Raman",7011,Hospitality & Hotels,Partnership,Hyderabad,Telangana,2024-05-15,XXXX3618,Active,1629.96,Unique,present,MASKED,PROVIDED,PROVIDED
MCH5021,Dora Group,7011,Hospitality & Hotels,Partnership,Jaipur,Rajasthan,2024-01-10,2704643767,Active,0.843,Found Duplicate,present,VALID_NUMERIC,PROVIDED,PROVIDED
MCH8401,Pandey Plc,7011,Hospitality & Hotels,Partnership,Chennai,Tamil Nadu,2025-09-09,0328253862,Active,0.625,Found Duplicate,present,VALID_NUMERIC,PROVIDED,PROVIDED
MCH4692,"Bhargava, Rajagopal And Karan",7011,Hospitality & Hotels,Private Limited,Delhi,Delhi,2024-06-08,6021368633,Active,939.26,Found Duplicate,present,VALID_NUMERIC,PROVIDED,MISSING_OR_INVALID
MCH8437,Sinha Llc,7011,Hospitality & Hotels,Sole Proprietorship,Kolkata,West Bengal,2025-12-04,,Inactive,761.27,Found Duplicate,present,MISSING,PROVIDED,PROVIDED
MCH4244,Kade Devan,7011,Hospitality & Hotels,Sole Proprietorship,Chennai,Tamil Nadu,2025-07-12,0738245695,Unknown,1429.19,Found Duplicate,present,VALID_NUMERIC,PROVIDED,PROVIDED
MCH8777,Kibe Plc,7011,Hospitality & Hotels,Partnership,Mumbai,Maharashtra,2023-06-16,3399976956,Inactive,1945.67,Unique,present,VALID_NUMERIC,PROVIDED,PROVIDED
MCH7270,Subramanian Llc,7011,Hospitality & Hotels,Private Limited,Amritsar,Punjab,2025-01-15,,Active,1469.96,Unique,present,MISSING,PROVIDED,PROVIDED
MCH2951,"Thakur, Subramaniam And Agrawal",7011,Hospitality & Hotels,Partnership,Mumbai,Maharashtra,2026-06-02,0506591392,Unknown,3115.69,Unique,present,VALID_NUMERIC,PROVIDED,PROVIDED
MCH7273,Keer And S0Ns,7011,Hospitality & Hotels,Private Limited,Chennai,Tamil Nadu,2024-08-24,,Unknown,3146.24,Found Duplicate,present,MISSING,PROVIDED,PROVIDED
MCH8955,Sani Llc,7011,Hospitality & Hotels,Private Limited,Chennai,Tamil Nadu,2023-09-26,RSSK2984777812430,Active,1833.73,Found Duplicate,present,ALPHANUMERIC_IBAN,PROVIDED,PROVIDED
MCH8878,Kashyap Behl,7011,Hospitality & Hotels,Sole Proprietorship,Kolkata,West Bengal,2023-07-21,,Active,228.35,Unique,present,MISSING,PROVIDED,PROVIDED
MCH2269,"Dalal, Samra And Kala",7011,Hospitality & Hotels,Sole Proprietorship,Pune,Maharashtra,2025-08-10,,Active,356.96,Unique,present,MISSING,PROVIDED,PROVIDED
MCH9534,Deshmukh Yadav,7011,Hospitality & Hotels,Individual,Hyderabad,Telangana,2024-08-13,XXXX7810,Active,1143.6,Unique,present,MASKED,PROVIDED,PROVIDED
MCH1953,"Banerjee, Maharaj And Rege",7011,Hospitality & Hotels,Sole Proprietorship,Jalandhar,Punjab,2025-12-14,QMMB6426177933216,Active,1226.94,Unique,present,ALPHANUMERIC_IBAN,PROVIDED,PROVIDED
MCH7954,Sur Inc,7011,Hospitality & Hotels,Private Limited,Hyderabad,Telangana,2025-04-01,,Unknown,2803.0,Unique,present,MISSING,PROVIDED,PROVIDED
MCH3324,"Thaman, Rajagopal And Borde",7011,Hospitality & Hotels,Private Limited,Jalandhar,Punjab,2023-10-09,,Inactive,366.78,Found Duplicate,present,MISSING,PROVIDED,PROVIDED
MCH1071,Shankargroup,7011,Hospitality & Hotels,Individual,Mumbai,Maharashtra,2024-06-23,6765564160,Active,389.19,Found Duplicate,present,VALID_NUMERIC,PROVIDED,PROVIDED
MCH6865,Mander Chakrabarti,7011,Hospitality & Hotels,Private Limited,Mumbai,Maharashtra,2023-04-20,,Active,465.56,Unique,present,MISSING,PROVIDED,PROVIDED
MCH4374,Venkatesh Llc,7011,Hospitality & Hotels,Individual,Jalandhar,Punjab,2025-01-15,,Active,418.37,Unique,present,MISSING,PROVIDED,PROVIDED
MCH1939,"Lal,Sahniandchopra",7011,Hospitality & Hotels,Private Limited,Ludhiana,Punjab,2026-05-02,XXXX8735,Unknown,0.509,Unique,present,MASKED,PROVIDED,PROVIDED
MCH6959,"Agrawal, Bhatt And Babu",7011,Hospitality & Hotels,Partnership,Lucknow,Uttar Pradesh,2024-05-24,,Active,611.31,Unique,present,MISSING,PROVIDED,PROVIDED
MCH3663,Kunda Chaudhuri,7011,Hospitality & Hotels,Partnership,Jaipur,Rajasthan,2024-11-20,,Suspended,0.1356,Found Duplicate,present,MISSING,PROVIDED,PROVIDED
MCH2654,Lanka Inc,7011,Hospitality & Hotels,Sole Proprietorship,Jalandhar,Punjab,2024-02-18,,Unknown,1563.2,Found Duplicate,present,MISSING,PROVIDED,PROVIDED
MCH4902,"Pingle, Choudhary And Raghavan",7011,Hospitality & Hotels,Sole Proprietorship,Bengaluru,Karnataka,2023-03-31,,Active,482.41,Unique,present,MISSING,PROVIDED,PROVIDED
MCH3409,Badami And Sons,7011,Hospitality & Hotels,Sole Proprietorship,Bengaluru,Karnataka,2024-05-31,,Active,1179.18,Unique,present,MISSING,PROVIDED,PROVIDED
MCH7863,Kade Saxena,7011,Hospitality & Hotels,Partnership,Amritsar,Punjab,,5883030838,Suspended,432.77,Found Duplicate,missing,VALID_NUMERIC,PROVIDED,PROVIDED
MCH2172,"Taneja, Raj And Vora",7011,Hospitality & Hotels,Sole Proprietorship,Hyderabad,Telangana,2025-06-15,,Unknown,466.45,Found Duplicate,present,MISSING,PROVIDED,PROVIDED
MCH2590,Goyal Group,7011,Hospitality & Hotels,Individual,Delhi,Delhi,2025-06-22,XXXX8497,Active,531.43,Unique,present,MASKED,PROVIDED,PROVIDED
MCH6028,"Devan, Saha And Nagar",7011,Hospitality & Hotels,Partnership,Jalandhar,Punjab,2023-05-02,XXXX4040,Active,2112.02,Unique,present,MASKED,PROVIDED,PROVIDED
MCH2523,Sarma Inc,5999,Other / Misc,Individual,Kolkata,West Bengal,2025-09-05,,Active,2146.62,Unique,present,MISSING,PROVIDED,PROVIDED
MCH6866,Thaker Behl,5999,Other / Misc,Sole Proprietorship,Pune,Maharashtra,2024-03-22,,Active,221.31,Found Duplicate,present,MISSING,PROVIDED,PROVIDED
MCH3391,Dass Inc,4131,Other / Misc,Partnership,Lucknow,Uttar Pradesh,,XXXX1148,Unknown,0.1298,Unique,missing,MASKED,PROVIDED,PROVIDED
MCH6107,Pillay Llc,5999,Other / Misc,Sole Proprietorship,Jalandhar,Punjab,2024-06-27,COEO9019476576214,Active,1844.34,Found Duplicate,present,ALPHANUMERIC_IBAN,PROVIDED,PROVIDED
MCH5110,Grover And Sons,5999,Other / Misc,Private Limited,Jalandhar,Punjab,2024-05-02,ZILO7642666200036,Active,1491.89,Found Duplicate,present,ALPHANUMERIC_IBAN,PROVIDED,PROVIDED
MCH2384,"Atwal, Sawhney And Magar",5999,Other / Misc,Sole Proprietorship,Lucknow,Uttar Pradesh,2023-01-20,,Unknown,0.638,Found Duplicate,present,MISSING,PROVIDED,PROVIDED
MCH4630,Jhaveri Plc,5999,Other / Misc,Sole Proprietorship,Ludhiana,Punjab,2025-11-07,2284002392,Active,1285.49,Found Duplicate,present,VALID_NUMERIC,PROVIDED,PROVIDED
MCH4485,Nazarethinc,5999,Other / Misc,Individual,Pune,Maharashtra,2023-11-07,6008302979,Suspended,1928.18,Unique,present,VALID_NUMERIC,PROVIDED,PROVIDED
MCH2671,Mohanty Chakrabarti,5999,Other / Misc,Partnership,Jalandhar,Punjab,2023-05-08,,Active,1187.55,Unique,present,MISSING,PROVIDED,PROVIDED
MCH3701,Mand Bhat,5999,Other / Misc,Sole Proprietorship,Lucknow,Uttar Pradesh,2024-05-07,3078444164,Inactive,231.29,Unique,present,VALID_NUMERIC,PROVIDED,PROVIDED
MCH9289,Baria Nagy,5999,Other / Misc,Sole Proprietorship,Chennai,Tamil Nadu,,,Active,620.71,Found Duplicate,missing,MISSING,PROVIDED,PROVIDED
MCH2014,Sundaram And Sons,5999,Other / Misc,Private Limited,Ludhiana,Punjab,2024-01-27,XXXX5436,Unknown,0.4199,Found Duplicate,present,MASKED,PROVIDED,PROVIDED
MCH3361,Sabharwal Shah,5999,Other / Misc,Partnership,Jalandhar,Punjab,2024-01-06,KQNB2621280715561,Inactive,887.23,Unique,present,ALPHANUMERIC_IBAN,PROVIDED,PROVIDED
MCH1832,Mistry Chaudhary,5999,Other / Misc,Individual,Hyderabad,Telangana,2024-12-11,,Inactive,448.33,Unique,present,MISSING,PROVIDED,PROVIDED
MCH6773,"Parmar, Sahota And Rajagopalan",5999,Other / Misc,Sole Proprietorship,Pune,Maharashtra,2024-02-23,GSZT9943608461358,Active,3042.0,Unique,present,ALPHANUMERIC_IBAN,PROVIDED,PROVIDED
MCH7622,Agrawal Yogi,4131,Other / Misc,Partnership,Amritsar,Punjab,2025-10-19,,Active,717.88,Found Duplicate,present,MISSING,PROVIDED,PROVIDED
MCH7400,Chaudhari Ltd,5999,Other / Misc,Individual,Delhi,Delhi,2025-01-07,,Suspended,1040.56,Found Duplicate,present,MISSING,PROVIDED,PROVIDED
MCH4434,Andra And Sons,5999,Other / Misc,Private Limited,Ludhiana,Punjab,2025-02-21,,Active,0.233,Unique,present,MISSING,PROVIDED,PROVIDED
MCH5268,Nagy Ravel,5999,Other / Misc,Sole Proprietorship,Kolkata,West Bengal,2025-10-23,AMOJ0905717120034,Suspended,4125.6,Unique,present,ALPHANUMERIC_IBAN,PROVIDED,PROVIDED
MCH8055,Sankaran Sachar,5999,Other / Misc,Private Limited,Ludhiana,Punjab,2023-11-11,UKDK6406633609762,Unknown,1036.97,Found Duplicate,present,ALPHANUMERIC_IBAN,PROVIDED,PROVIDED
MCH9813,Menon Group,5999,Other / Misc,Individual,Delhi,Delhi,2026-01-06,XXXX6379,Suspended,12265.27,Found Duplicate,present,MASKED,PROVIDED,PROVIDED
MCH7443,Chander Manda,4131,Other / Misc,Private Limited,Delhi,Delhi,2024-03-27,,Active,0.1371,Unique,present,MISSING,PROVIDED,PROVIDED
MCH5555,Prabhu Ltd,4131,Other / Misc,Private Limited,Bengaluru,Karnataka,2024-12-16,,Unknown,1663.56,Found Duplicate,present,MISSING,PROVIDED,PROVIDED
MCH4643,Sandhu Kakar,4131,Other / Misc,Private Limited,Bengaluru,Karnataka,2024-03-30,,Active,551.11,Found Duplicate,present,MISSING,PROVIDED,PROVIDED
MCH6743,"Mistry, Acharya And Rau",5999,Other / Misc,Private Limited,Kolkata,West Bengal,2025-07-25,XXXX9521,Inactive,1997.32,Found Duplicate,present,MASKED,PROVIDED,PROVIDED
MCH4754,Menon Inc,5999,Other / Misc,Private Limited,Hyderabad,Telangana,2023-03-24,XXXX5608,Active,1804.69,Found Duplicate,present,MASKED,PROVIDED,PROVIDED
MCH2098,Ranganathan Chopra,5999,Other / Misc,Private Limited,Chennai,Tamil Nadu,2023-05-13,,Active,4538.04,Unique,present,MISSING,PROVIDED,PROVIDED
MCH6240,Mutti Plc,5999,Other / Misc,Partnership,Delhi,Delhi,2025-11-08,,Active,1461.1,Found Duplicate,present,MISSING,PROVIDED,PROVIDED
MCH8730,"Bhasin, Mall And Sarraf",5999,Other / Misc,Private Limited,Jalandhar,Punjab,2025-02-13,XXXX3406,Active,937.7,Found Duplicate,present,MASKED,PROVIDED,PROVIDED
MCH5905,"Hayer, Char And Jain",5999,Other / Misc,Private Limited,Pune,Maharashtra,2025-03-01,,Active,2191.84,Found Duplicate,present,MISSING,PROVIDED,PROVIDED
MCH4290,Venkataraman Wadhwa,5999,Other / Misc,Individual,Lucknow,Uttar Pradesh,2023-04-16,NGRS4293634400913,Unknown,0.1056,Found Duplicate,present,ALPHANUMERIC_IBAN,PROVIDED,PROVIDED
MCH3761,"Bal,Mittalandprabhakar",5999,Other / Misc,Private Limited,Pune,Maharashtra,2025-06-11,,Active,6900.33,Unique,present,MISSING,PROVIDED,PROVIDED
MCH5000,Lad Group,5999,Other / Misc,Private Limited,Kolkata,West Bengal,2025-01-05,,Active,341.11,Unique,present,MISSING,PROVIDED,PROVIDED
MCH1142,Morar Llc,5999,Other / Misc,Sole Proprietorship,Jalandhar,Punjab,,,Active,1015.84,Found Duplicate,missing,MISSING,PROVIDED,MISSING_OR_INVALID
MCH9447,Sundaram Llc,5999,Other / Misc,Individual,Hyderabad,Telangana,2026-01-30,XXXX5917,Unknown,974.62,Found Duplicate,present,MASKED,PROVIDED,PROVIDED
MCH6556,Chana Barad,5999,Other / Misc,Private Limited,Jalandhar,Punjab,2024-09-06,XXXX3130,Active,0.1172,Found Duplicate,present,MASKED,PROVIDED,PROVIDED
MCH4623,"Gokhale, Ranganathan And Shenoy",5999,Other / Misc,Private Limited,Hyderabad,Telangana,2025-08-17,0347099856,Active,0.171,Found Duplicate,present,VALID_NUMERIC,PROVIDED,PROVIDED
MCH4342,"Bhavsar, Mital And Garde",4131,Other / Misc,Private Limited,Kolkata,West Bengal,2025-10-06,,Suspended,341.44,Found Duplicate,present,MISSING,PROVIDED,PROVIDED
MCH8755,Guha Dara,5999,Other / Misc,Sole Proprietorship,Amritsar,Punjab,2023-08-07,,Active,3411.15,Found Duplicate,present,MISSING,PROVIDED,PROVIDED
MCH3925,Buch Zachariah,5999,Other / Misc,Partnership,Amritsar,Punjab,2025-01-03,BUKN1515786567969,Active,2071.12,Found Duplicate,present,ALPHANUMERIC_IBAN,PROVIDED,PROVIDED
MCH7821,Deshmukh Inc,5999,Other / Misc,Partnership,Bengaluru,Karnataka,2026-01-26,3967998762,Unknown,1463.63,Unique,present,VALID_NUMERIC,PROVIDED,PROVIDED
MCH7003,"Dutt, Sachdeva And Sridhar",5999,Other / Misc,Individual,Lucknow,Uttar Pradesh,2025-04-30,7336401497,Inactive,418.71,Found Duplicate,present,VALID_NUMERIC,PROVIDED,PROVIDED
MCH2806,"Raman, Aggarwal And Salvi",5999,Other / Misc,Partnership,Hyderabad,Telangana,2024-10-16,,Active,2271.51,Found Duplicate,present,MISSING,PROVIDED,PROVIDED
MCH9111,"Dhar, Thaker And Madan",5999,Other / Misc,Private Limited,Kolkata,West Bengal,2024-08-11,IKTX4120845617487,Active,1785.1,Unique,present,ALPHANUMERIC_IBAN,PROVIDED,PROVIDED
MCH6744,Grewal Inc,5999,Other / Misc,Private Limited,Hyderabad,Telangana,2023-12-01,,Active,1886.71,Unique,present,MISSING,PROVIDED,PROVIDED
MCH9770,Jha Andra,5999,Other / Misc,Sole Proprietorship,Chennai,Tamil Nadu,2026-01-22,BRJH7377264204006,Suspended,1847.23,Unique,present,ALPHANUMERIC_IBAN,PROVIDED,PROVIDED
MCH7544,Ganesh And S0Ns,4131,Other / Misc,Sole Proprietorship,Ludhiana,Punjab,2025-03-22,FWAU1672608587886,Inactive,2329.09,Found Duplicate,present,ALPHANUMERIC_IBAN,PROVIDED,PROVIDED
MCH7558,Bandi Khanna,5999,Other / Misc,Partnership,Bengaluru,Karnataka,2025-05-19,,Active,1002.06,Found Duplicate,present,MISSING,PROVIDED,PROVIDED
MCH3449,"Sundaram, Dasgupta And Dutt",5999,Other / Misc,Individual,Chennai,Tamil Nadu,2025-06-14,9645543739,Inactive,0.436,Found Duplicate,present,VALID_NUMERIC,PROVIDED,PROVIDED
MCH7489,Sridhar Plc,5999,Other / Misc,Individual,Bengaluru,Karnataka,2024-09-15,,Active,990.64,Unique,present,MISSING,PROVIDED,PROVIDED
MCH6990,Apte Choudhary,4131,Other / Misc,Partnership,Bengaluru,Karnataka,2023-05-05,,Active,3342.47,Unique,present,MISSING,PROVIDED,PROVIDED
MCH7314,Mahajan B0Rde,5999,Other / Misc,Partnership,Lucknow,Uttar Pradesh,2023-01-05,3772469001,Active,0.1003,Found Duplicate,present,VALID_NUMERIC,PROVIDED,PROVIDED
MCH1912,Keer Mitra,5999,Other / Misc,Sole Proprietorship,Chennai,Tamil Nadu,2024-10-27,XXXX9508,Active,3259.24,Unique,present,MASKED,PROVIDED,PROVIDED
MCH7126,Deol Ltd,5999,Other / Misc,Partnership,Delhi,Delhi,2025-06-25,,Unknown,495.33,Found Duplicate,present,MISSING,PROVIDED,PROVIDED
MCH2040,Goel Dewan,5999,Other / Misc,Individual,Delhi,Delhi,2025-07-12,EFTH2141412119625,Active,320.83,Found Duplicate,present,ALPHANUMERIC_IBAN,PROVIDED,PROVIDED
MCH2268,"Verma, Aurora And De",5999,Other / Misc,Private Limited,Jalandhar,Punjab,,NBDA6083922141930,Active,995.42,Unique,missing,ALPHANUMERIC_IBAN,PROVIDED,PROVIDED
MCH8770,Mani Mutti,5999,Other / Misc,Sole Proprietorship,Delhi,Delhi,2023-04-07,XXXX8061,Active,0.379,Unique,present,MASKED,PROVIDED,PROVIDED
MCH4077,Din Llc,4131,Other / Misc,Sole Proprietorship,Jaipur,Rajasthan,2024-09-21,,Active,640.73,Found Duplicate,present,MISSING,PROVIDED,PROVIDED
MCH7383,Mannan Ltd,5999,Other / Misc,Individual,Jalandhar,Punjab,,,Active,2867.55,Found Duplicate,missing,MISSING,PROVIDED,PROVIDED
MCH6869,"Oak, Kalla And Chand",4131,Other / Misc,Private Limited,Pune,Maharashtra,2025-01-21,XXXX1495,Unknown,2412.44,Unique,present,MASKED,PROVIDED,PROVIDED
MCH3156,"Bal, Deo And Kala",5999,Other / Misc,Partnership,Lucknow,Uttar Pradesh,,8908434715,Active,0.2486,Unique,missing,VALID_NUMERIC,PROVIDED,PROVIDED
MCH9909,Char Mohanty,5999,Other / Misc,Partnership,Delhi,Delhi,2023-02-18,4229797435,Active,1739.69,Found Duplicate,present,VALID_NUMERIC,PROVIDED,PROVIDED
MCH2052,"Saraf, Maharaj And Kakar",5999,Other / Misc,Individual,Pune,Maharashtra,2025-01-30,XXXX8291,Active,3476.81,Unique,present,MASKED,PROVIDED,PROVIDED
MCH6474,Soni Raja,5999,Other / Misc,Individual,Amritsar,Punjab,2024-01-29,,Active,696.57,Found Duplicate,present,MISSING,PROVIDED,PROVIDED
MCH1343,Narasimhan Shetty,5999,Other / Misc,Individual,Kolkata,West Bengal,2023-08-18,LWCS5510064722287,Active,3443.8,Found Duplicate,present,ALPHANUMERIC_IBAN,PROVIDED,PROVIDED
MCH5938,Prabhu Llc,5999,Other / Misc,Sole Proprietorship,Jalandhar,Punjab,2024-10-16,,Active,590.79,Found Duplicate,present,MISSING,PROVIDED,PROVIDED
MCH1739,Keer Group,5999,Other / Misc,Individual,Kolkata,West Bengal,2024-02-11,,Active,2619.15,Found Duplicate,present,MISSING,PROVIDED,PROVIDED
MCH5339,"Vaidya, Hari And Mistry",5999,Other / Misc,Individual,Delhi,Delhi,2024-08-07,5298779846,Active,514.42,Unique,present,VALID_NUMERIC,PROVIDED,PROVIDED
MCH5674,"Chhabra, Samra And Ghosh",5999,Other / Misc,Partnership,Mumbai,Maharashtra,,,Active,1727.77,Unique,missing,MISSING,PROVIDED,PROVIDED
MCH3959,"Kant, Goel And Pradhan",5999,Other / Misc,Individual,Hyderabad,Telangana,2025-03-19,XXXX9762,Active,1214.73,Unique,present,MASKED,PROVIDED,PROVIDED
MCH6825,Biswas Nadig,5999,Other / Misc,Sole Proprietorship,Jalandhar,Punjab,2023-12-10,FNXI2179536432243,Suspended,872.49,Found Duplicate,present,ALPHANUMERIC_IBAN,PROVIDED,PROVIDED
MCH7860,"Pall, Som And Dalal",5999,Other / Misc,Private Limited,Amritsar,Punjab,2024-11-11,1164754239,Active,625.05,Unique,present,VALID_NUMERIC,PROVIDED,PROVIDED
MCH3449,Nigam Agate,5999,Other / Misc,Partnership,Mumbai,Maharashtra,2026-02-13,UOSM0726239882457,Active,236.02,Found Duplicate,present,ALPHANUMERIC_IBAN,PROVIDED,PROVIDED
MCH3841,"Sandhu, Khosla And Guha",5999,Other / Misc,Partnership,Bengaluru,Karnataka,2024-09-16,7616513593,Inactive,2207.18,Found Duplicate,present,VALID_NUMERIC,PROVIDED,PROVIDED
MCH5870,Deol Group,5999,Other / Misc,Sole Proprietorship,Chennai,Tamil Nadu,2023-02-04,,Suspended,1911.31,Unique,present,MISSING,PROVIDED,PROVIDED
MCH5298,Keer And Sons,5999,Other / Misc,Partnership,Bengaluru,Karnataka,,,Inactive,600.45,Unique,missing,MISSING,PROVIDED,PROVIDED
MCH6257,"Ba1I, Ahuja And Natarajan",4131,Other / Misc,Individual,Delhi,Delhi,2025-11-27,,Suspended,0.105,Found Duplicate,present,MISSING,PROVIDED,PROVIDED
MCH9287,"Datta, Virk And Arya",5999,Other / Misc,Individual,Amritsar,Punjab,2025-09-21,XXXX9129,Active,636.69,Found Duplicate,present,MASKED,PROVIDED,PROVIDED
MCH2979,"Kurian, Guha And Gaba",5999,Other / Misc,Individual,Chennai,Tamil Nadu,2023-03-11,XXXX6692,Active,7883.21,Unique,present,MASKED,PROVIDED,PROVIDED
MCH6836,Gola Rout,5999,Other / Misc,Sole Proprietorship,Bengaluru,Karnataka,2025-12-03,6402935239,Suspended,2040.92,Unique,present,VALID_NUMERIC,PROVIDED,PROVIDED
MCH3652,Varghese Plc,5999,Other / Misc,Partnership,Ludhiana,Punjab,,,Active,0.2254,Unique,missing,MISSING,PROVIDED,PROVIDED
MCH3383,Muni Inc,5999,Other / Misc,Sole Proprietorship,Delhi,Delhi,2023-04-21,XXXX2845,Unknown,5804.6,Unique,present,MASKED,PROVIDED,PROVIDED
MCH8824,Mani Plc,5999,Other / Misc,Individual,Hyderabad,Telangana,2024-02-22,0602443496,Unknown,1314.9,Unique,present,VALID_NUMERIC,PROVIDED,PROVIDED
MCH1143,Arya Khanna,4131,Other / Misc,Sole Proprietorship,Jalandhar,Punjab,2023-08-16,9953530102,Active,486.39,Unique,present,VALID_NUMERIC,PROVIDED,PROVIDED
MCH4818,Deol Inc,5999,Other / Misc,Individual,Delhi,Delhi,2024-04-29,RIGL0488107049334,Active,0.316,Found Duplicate,present,ALPHANUMERIC_IBAN,PROVIDED,PROVIDED
MCH3600,Bhat Naik,5999,Other / Misc,Private Limited,Amritsar,Punjab,,0307550331,Unknown,3889.22,Found Duplicate,missing,VALID_NUMERIC,PROVIDED,PROVIDED
MCH1552,Uppal Plc,4131,Other / Misc,Sole Proprietorship,Hyderabad,Telangana,,,Active,0.1136,Unique,missing,MISSING,PROVIDED,PROVIDED
MCH2857,Bhattacharyya Inc,4131,Other / Misc,Private Limited,Jalandhar,Punjab,2025-07-13,AFIK7241528245690,Active,4557.38,Unique,present,ALPHANUMERIC_IBAN,PROVIDED,PROVIDED
MCH4253,Mander Sagar,5999,Other / Misc,Individual,Ludhiana,Punjab,2024-12-12,,Unknown,348.43,Unique,present,MISSING,PROVIDED,PROVIDED
MCH9834,Pau Ltd,5999,Other / Misc,Private Limited,Jalandhar,Punjab,2023-07-12,XXXX5411,Active,428.09,Found Duplicate,present,MASKED,PROVIDED,PROVIDED
MCH4114,Pate1 Plc,4131,Other / Misc,Private Limited,Chennai,Tamil Nadu,2023-03-17,,Unknown,2658.88,Found Duplicate,present,MISSING,PROVIDED,PROVIDED
MCH1162,"Anand, Mistry And Khare",5999,Other / Misc,Private Limited,Delhi,Delhi,2025-12-02,XXXX2346,Active,0.1311,Unique,present,MASKED,PROVIDED,PROVIDED
MCH8370,"Ramaswamy, Dugal And Upadhyay",4131,Other / Misc,Sole Proprietorship,Delhi,Delhi,,XXXX7519,Active,538.41,Found Duplicate,missing,MASKED,PROVIDED,PROVIDED
MCH7715,Tata Borah,5999,Other / Misc,Private Limited,Kolkata,West Bengal,2025-06-10,XXXX1003,Inactive,1652.04,Found Duplicate,present,MASKED,PROVIDED,PROVIDED
MCH9173,Bumb Bandi,5999,Other / Misc,Sole Proprietorship,Pune,Maharashtra,2023-06-26,,Active,450.27,Unique,present,MISSING,PROVIDED,PROVIDED
MCH3077,Warrior Ltd,5999,Other / Misc,Partnership,Kolkata,West Bengal,2023-04-02,,Active,1448.69,Unique,present,MISSING,PROVIDED,PROVIDED
MCH1594,Bera Inc,5999,Other / Misc,Private Limited,Amritsar,Punjab,2024-09-05,9659925213,Active,2187.43,Unique,present,VALID_NUMERIC,PROVIDED,PROVIDED
MCH8650,Konda Ltd,5999,Other / Misc,Sole Proprietorship,Ludhiana,Punjab,2024-05-27,XXXX1884,Active,578.35,Unique,present,MASKED,PROVIDED,PROVIDED
MCH6980,Sarna Rajagopal,5999,Other / Misc,Partnership,Jalandhar,Punjab,2024-02-13,,Active,5229.33,Unique,present,MISSING,PROVIDED,PROVIDED
MCH3179,"Din,Mukhopadhyayandbawa",5999,Other / Misc,Sole Proprietorship,Chennai,Tamil Nadu,2023-10-31,UQUU0653302527343,Suspended,1687.99,Found Duplicate,present,ALPHANUMERIC_IBAN,PROVIDED,PROVIDED
MCH2229,Maharaj Group,5999,Other / Misc,Private Limited,Hyderabad,Telangana,2025-12-12,,Active,289.57,Found Duplicate,present,MISSING,PROVIDED,PROVIDED
MCH8037,Srinivas Ltd,4131,Other / Misc,Individual,Pune,Maharashtra,2023-01-14,,Suspended,671.2,Found Duplicate,present,MISSING,PROVIDED,PROVIDED
MCH7195,Som And Sons,5999,Other / Misc,Sole Proprietorship,Chennai,Tamil Nadu,2024-10-15,,Active,1440.74,Unique,present,MISSING,PROVIDED,PROVIDED
MCH7076,Bava Shroff,5999,Other / Misc,Sole Proprietorship,Chennai,Tamil Nadu,2025-09-03,,Active,875.99,Unique,present,MISSING,PROVIDED,PROVIDED
MCH7837,Wali Group,5999,Other / Misc,Individual,Kolkata,West Bengal,2023-06-03,,Unknown,803.03,Found Duplicate,present,MISSING,PROVIDED,PROVIDED
MCH2274,"Kunda, Vig And Parsa",5999,Other / Misc,Sole Proprietorship,Mumbai,Maharashtra,2023-06-06,XXXX2871,Unknown,0.3028,Found Duplicate,present,MASKED,PROVIDED,PROVIDED
MCH5250,Virk Nadkarni,5999,Other / Misc,Partnership,Pune,Maharashtra,2023-07-16,,Suspended,759.43,Unique,present,MISSING,PROVIDED,PROVIDED
MCH6930,Dhingra Plc,4131,Other / Misc,Sole Proprietorship,Kolkata,West Bengal,2025-12-26,0573344250,Unknown,1015.84,Found Duplicate,present,VALID_NUMERIC,PROVIDED,MISSING_OR_INVALID
MCH9149,Bandi Inc,5999,Other / Misc,Partnership,Jaipur,Rajasthan,2025-03-15,,Active,2169.18,Found Duplicate,present,MISSING,PROVIDED,PROVIDED
MCH4233,Padmanabhan And Sons,5999,Other / Misc,Sole Proprietorship,Ludhiana,Punjab,2025-02-04,4395615588,Active,1697.48,Found Duplicate,present,VALID_NUMERIC,PROVIDED,PROVIDED
MCH2647,Saha Inc,5999,Other / Misc,Private Limited,Lucknow,Uttar Pradesh,2023-04-06,,Active,1551.4,Unique,present,MISSING,PROVIDED,PROVIDED
MCH4656,Purohit Sinha,5999,Other / Misc,Sole Proprietorship,Lucknow,Uttar Pradesh,,9508093837,Active,1533.86,Found Duplicate,missing,VALID_NUMERIC,PROVIDED,PROVIDED
MCH1443,Swamy Plc,5999,Other / Misc,Private Limited,Lucknow,Uttar Pradesh,2023-10-06,,Inactive,209.63,Unique,present,MISSING,PROVIDED,PROVIDED
MCH9400,"Dara, Desai And Sethi",5999,Other / Misc,Partnership,Mumbai,Maharashtra,2025-08-23,,Active,2120.88,Found Duplicate,present,MISSING,PROVIDED,PROVIDED
MCH5210,Natarajan Llc,4131,Other / Misc,Partnership,Lucknow,Uttar Pradesh,2023-08-25,,Active,2522.68,Found Duplicate,present,MISSING,PROVIDED,PROVIDED
MCH1986,Brahmbhatt Inc,5999,Other / Misc,Partnership,Mumbai,Maharashtra,2023-11-23,,Active,892.28,Found Duplicate,present,MISSING,PROVIDED,PROVIDED
MCH1438,Pandit Menon,5999,Other / Misc,Partnership,Bengaluru,Karnataka,2023-11-22,ZQNR3407194415594,Active,409.59,Found Duplicate,present,ALPHANUMERIC_IBAN,PROVIDED,PROVIDED
MCH3388,Prakash Inc,5999,Other / Misc,Individual,Kolkata,West Bengal,2024-02-14,,Inactive,0.1438,Found Duplicate,present,MISSING,PROVIDED,PROVIDED
MCH9125,Raghavan Plc,5999,Other / Misc,Individual,Jaipur,Rajasthan,2024-10-10,,Active,1723.08,Found Duplicate,present,MISSING,PROVIDED,PROVIDED
MCH3649,"Jain, Sama And Sarma",5999,Other / Misc,Partnership,Mumbai,Maharashtra,2025-08-06,XXXX8840,Unknown,671.85,Unique,present,MASKED,PROVIDED,PROVIDED
MCH4318,Nagar And Sons,4131,Other / Misc,Sole Proprietorship,Lucknow,Uttar Pradesh,2023-12-20,3039905093,Active,1159.12,Unique,present,VALID_NUMERIC,PROVIDED,PROVIDED
MCH7737,"Sarma, Tripathi And Chandra",5999,Other / Misc,Sole Proprietorship,Mumbai,Maharashtra,2023-09-19,9889598730,Unknown,1625.72,Found Duplicate,present,VALID_NUMERIC,PROVIDED,PROVIDED
MCH2087,Dubey Doctor,5999,Other / Misc,Individual,Amritsar,Punjab,2025-04-17,0974736100,Active,4751.6,Unique,present,VALID_NUMERIC,PROVIDED,PROVIDED
MCH2917,"Deol, Kibe And Khanna",5999,Other / Misc,Private Limited,Delhi,Delhi,2024-07-23,XXXX8419,Active,356.58,Found Duplicate,present,MASKED,PROVIDED,PROVIDED
MCH4298,Yadavllc,5999,Other / Misc,Sole Proprietorship,Mumbai,Maharashtra,2023-07-19,,Active,1015.84,Found Duplicate,present,MISSING,PROVIDED,MISSING_OR_INVALID
MCH4082,Khurana Inc,5999,Other / Misc,Private Limited,Delhi,Delhi,2023-06-02,MAKF1380226043660,Inactive,288.7,Unique,present,ALPHANUMERIC_IBAN,PROVIDED,PROVIDED
MCH9379,Nazareth And Sons,5999,Other / Misc,Individual,Kolkata,West Bengal,,XXXX1135,Inactive,0.242,Unique,missing,MASKED,PROVIDED,PROVIDED
MCH7288,"Kumar, Sachdeva And Natarajan",5999,Other / Misc,Private Limited,Kolkata,West Bengal,2026-02-01,,Suspended,1015.84,Found Duplicate,present,MISSING,PROVIDED,MISSING_OR_INVALID
MCH3484,Sidhu Llc,5999,Other / Misc,Individual,Ludhiana,Punjab,,,Unknown,876.31,Unique,missing,MISSING,PROVIDED,PROVIDED
MCH4370,Kuruvilla And Sons,5999,Other / Misc,Individual,Mumbay,Maharashtra,2023-08-18,,Active,715.96,Unique,present,MISSING,PROVIDED,PROVIDED
MCH5851,Sani Ltd,5999,Other / Misc,Partnership,Jaipur,Rajasthan,2023-02-06,5213441540,Unknown,1306.04,Found Duplicate,present,VALID_NUMERIC,PROVIDED,PROVIDED
MCH8591,Dutta And Sons,5999,Other / Misc,Individual,Kolkata,West Bengal,2025-02-02,XXXX4892,Active,2731.17,Unique,present,MASKED,PROVIDED,PROVIDED
MCH7521,"Sawhney, Desai And Andra",5999,Other / Misc,Private Limited,Ludhiana,Punjab,2024-12-02,XXXX3945,Active,0.1639,Found Duplicate,present,MASKED,PROVIDED,PROVIDED
MCH3092,"Dutta, Vasa And Jayaraman",5999,Other / Misc,Private Limited,Amritsar,Punjab,,4110907056,Active,1605.55,Unique,missing,VALID_NUMERIC,PROVIDED,PROVIDED
MCH3006,Biswas Ram,5999,Other / Misc,Individual,Lucknow,Uttar Pradesh,2023-08-14,XXXX8226,Active,0.638,Unique,present,MASKED,PROVIDED,PROVIDED
MCH9012,Nagy Master,5999,Other / Misc,Private Limited,Mumbai,Maharashtra,2023-01-10,XXXX7097,Suspended,297.61,Found Duplicate,present,MASKED,PROVIDED,PROVIDED
MCH3662,Dey Llc,5999,Other / Misc,Sole Proprietorship,Kolkata,West Bengal,2023-09-24,XXXX8815,Suspended,1015.84,Found Duplicate,present,MASKED,PROVIDED,MISSING_OR_INVALID
MCH2648,Batta Llc,5999,Other / Misc,Partnership,Jaipur,Rajasthan,2024-10-10,,Suspended,416.94,Found Duplicate,present,MISSING,PROVIDED,PROVIDED
MCH9370,Mallick Gola,5999,Other / Misc,Private Limited,Jaipur,Rajasthan,2023-02-20,LVKV0562210759080,Active,4284.71,Unique,present,ALPHANUMERIC_IBAN,PROVIDED,PROVIDED
MCH5950,Dey Raj,5999,Other / Misc,Sole Proprietorship,Amritsar,Punjab,2025-11-29,0371217445,Unknown,3256.77,Found Duplicate,present,VALID_NUMERIC,PROVIDED,PROVIDED
MCH3556,Andra Nagar,5999,Other / Misc,Sole Proprietorship,Pune,Maharashtra,2025-05-04,,Active,1107.13,Found Duplicate,present,MISSING,PROVIDED,PROVIDED
MCH6831,"Kothari, De And Arora",5999,Other / Misc,Individual,Kolkata,West Bengal,2025-11-17,FVLK6104664273261,Suspended,1015.84,Found Duplicate,present,ALPHANUMERIC_IBAN,PROVIDED,MISSING_OR_INVALID
MCH6277,"Parmer, Bera And Nori",5999,Other / Misc,Partnership,Mumbai,Maharashtra,2024-04-02,,Active,514.01,Found Duplicate,present,MISSING,PROVIDED,PROVIDED
MCH4416,Raju And S0Ns,5999,Other / Misc,Individual,Bengaluru,Karnataka,2025-04-10,6909361511,Suspended,0.3955,Found Duplicate,present,VALID_NUMERIC,PROVIDED,PROVIDED
MCH8241,Bhasin And Sons,5999,Other / Misc,Private Limited,Jaipur,Rajasthan,2025-07-28,,Active,509.62,Found Duplicate,present,MISSING,PROVIDED,PROVIDED
MCH9503,Kulkarni Llc,4131,Other / Misc,Individual,Hyderabad,Telangana,2026-01-22,FRMH0087238544779,Inactive,1312.52,Found Duplicate,present,ALPHANUMERIC_IBAN,PROVIDED,PROVIDED
MCH4034,Tiwari Lad,5999,Other / Misc,Individual,Ludhiana,Punjab,2023-12-13,XXXX6100,Suspended,2041.77,Unique,present,MASKED,PROVIDED,PROVIDED
MCH9456,Anne Group,5999,Other / Misc,Sole Proprietorship,Chennai,Tamil Nadu,2024-05-16,,Active,896.81,Found Duplicate,present,MISSING,PROVIDED,PROVIDED
MCH3993,Vaidya Ltd,5999,Other / Misc,Partnership,Chennai,Tamil Nadu,2023-12-23,YBKO6037061844125,Unknown,372.73,Unique,present,ALPHANUMERIC_IBAN,PROVIDED,PROVIDED
MCH8440,"Chacko, Natarajan And Menon",5999,Other / Misc,Individual,Mumbai,Maharashtra,2025-01-19,,Active,775.41,Unique,present,MISSING,PROVIDED,PROVIDED
MCH8107,Ramachandran Ltd,5999,Other / Misc,Partnership,Jaipur,Rajasthan,,XXXX9786,Active,1015.84,Unique,missing,MASKED,PROVIDED,MISSING_OR_INVALID
MCH9785,Bains Bhavsar,5999,Other / Misc,Partnership,Mumbai,Maharashtra,2023-08-07,,Active,54.42,Found Duplicate,present,MISSING,PROVIDED,PROVIDED
MCH3189,De Kakar,5999,Other / Misc,Sole Proprietorship,Hyderabad,Telangana,2023-07-21,IBQI3951526750314,Suspended,1015.84,Found Duplicate,present,ALPHANUMERIC_IBAN,PROVIDED,MISSING_OR_INVALID
MCH8466,Dani Plc,5999,Other / Misc,Sole Proprietorship,Lucknow,Uttar Pradesh,2024-11-20,0971517189,Active,1946.42,Unique,present,VALID_NUMERIC,PROVIDED,PROVIDED
MCH2445,Khare Sane,5999,Other / Misc,Sole Proprietorship,Jaipur,Rajasthan,2023-12-05,3925528828,Active,6063.97,Found Duplicate,present,VALID_NUMERIC,PROVIDED,PROVIDED
MCH9263,"Chatterjee, Anand And Mani",5999,Other / Misc,Partnership,Kolkata,West Bengal,2024-05-05,,Active,628.47,Unique,present,MISSING,PROVIDED,PROVIDED
MCH4227,Bora Sood,5999,Other / Misc,Partnership,Jaipur,Rajasthan,2023-02-11,,Active,1928.46,Found Duplicate,present,MISSING,PROVIDED,PROVIDED
MCH1070,Pandya Plc,5999,Other / Misc,Private Limited,Chennai,Tamil Nadu,2024-09-03,,Unknown,1259.2,Unique,present,MISSING,PROVIDED,PROVIDED
MCH4061,Mody Vig,5999,Other / Misc,Individual,Amritsar,Punjab,2024-07-28,,Active,2007.74,Unique,present,MISSING,PROVIDED,PROVIDED
MCH3095,Hans Shan,5999,Other / Misc,Partnership,Kolkata,West Bengal,2024-05-28,9222512011,Active,1208.82,Unique,present,VALID_NUMERIC,PROVIDED,PROVIDED
MCH2845,Narasimhan Llc,5999,Other / Misc,Partnership,Amritsar,Punjab,2024-10-01,2844893176,Active,5926.94,Unique,present,VALID_NUMERIC,PROVIDED,PROVIDED
MCH1639,"Borah, Dhaliwal And Morar",5999,Other / Misc,Partnership,Kolkata,West Bengal,2024-11-14,XXXX3629,Unknown,0.7799,Found Duplicate,present,MASKED,PROVIDED,PROVIDED
MCH4416,Raju And S0Ns,5999,Other / Misc,Individual,Bengaluru,Karnataka,2025-04-10,6909361511,Inactive,0.3955,Found Duplicate,present,VALID_NUMERIC,PROVIDED,PROVIDED
MCH7540,Solanki Inc,5999,Other / Misc,Partnership,Jalandhar,Punjab,2024-04-08,XXXX7550,Active,579.73,Found Duplicate,present,MASKED,PROVIDED,PROVIDED
MCH5482,"Tiwari, Jain And Hayer",4131,Other / Misc,Sole Proprietorship,Chennai,Tamil Nadu,,7104632186,Active,249.86,Found Duplicate,missing,VALID_NUMERIC,PROVIDED,PROVIDED
MCH2922,Chhabra Jha,5999,Other / Misc,Sole Proprietorship,Mumbai,Maharashtra,2024-10-10,FAIS4263479017973,Active,1096.49,Unique,present,ALPHANUMERIC_IBAN,PROVIDED,PROVIDED
MCH2530,Bal Sant,5999,Other / Misc,Partnership,Kolkata,West Bengal,2023-06-08,XXXX3441,Active,372.49,Found Duplicate,present,MASKED,PROVIDED,PROVIDED
MCH3321,Barad Trivedi,5999,Other / Misc,Sole Proprietorship,Amritsar,Punjab,2025-09-19,,Unknown,2096.6,Unique,present,MISSING,PROVIDED,PROVIDED
MCH2335,Ganeshltd,5999,Other / Misc,Private Limited,Pune,Maharashtra,2025-03-03,,Unknown,1015.84,Unique,present,MISSING,PROVIDED,MISSING_OR_INVALID
MCH2641,Varma Saha,5999,Other / Misc,Individual,Bengaluru,Karnataka,2024-10-09,,Inactive,5621.28,Unique,present,MISSING,PROVIDED,PROVIDED
MCH8110,Kamdar Raval,5999,Other / Misc,Partnership,Lucknow,Uttar Pradesh,2023-07-13,,Inactive,768.59,Found Duplicate,present,MISSING,PROVIDED,PROVIDED
MCH5657,Natt Goel,5999,Other / Misc,Individual,Delhi,Delhi,,,Active,0.1355,Unique,missing,MISSING,PROVIDED,PROVIDED
MCH3669,"Dutta, Banerjee And Saini",5999,Other / Misc,Private Limited,Lucknow,Uttar Pradesh,2024-09-03,9041253658,Active,2883.4,Unique,present,VALID_NUMERIC,PROVIDED,PROVIDED
MCH1068,Mall Palan,5999,Other / Misc,Sole Proprietorship,Jaipur,Rajasthan,2026-09-02,PKRN8629349498422,Active,663.04,Unique,present,ALPHANUMERIC_IBAN,PROVIDED,PROVIDED
MCH7773,Goel Srivastava,5999,Other / Misc,Individual,Jaipur,Rajasthan,2024-07-18,XXXX1201,Suspended,1015.84,Found Duplicate,present,MASKED,PROVIDED,MISSING_OR_INVALID
MCH9349,"Bhat, Suri And Khalsa",5999,Other / Misc,Individual,Hyderabad,Telangana,2023-07-15,7591595714,Unknown,2394.34,Found Duplicate,present,VALID_NUMERIC,PROVIDED,PROVIDED
MCH2738,Yadav Group,5999,Other / Misc,Individual,Pune,Maharashtra,2024-11-03,8802607832,Active,1282.34,Found Duplicate,present,VALID_NUMERIC,PROVIDED,PROVIDED
MCH5780,Oak Mody,5999,Other / Misc,Partnership,Pune,Maharashtra,2023-07-02,XXXX4121,Inactive,1015.84,Found Duplicate,present,MASKED,PROVIDED,MISSING_OR_INVALID
MCH6634,Dave Sundaram,5999,Other / Misc,Private Limited,Ludhiana,Punjab,2024-10-12,,Inactive,1276.14,Found Duplicate,present,MISSING,PROVIDED,PROVIDED
MCH2536,Divan Radhakrishnan,4131,Other / Misc,Private Limited,Pune,Maharashtra,2025-07-09,NWSY9894058484946,Active,1015.84,Unique,present,ALPHANUMERIC_IBAN,PROVIDED,MISSING_OR_INVALID
MCH8365,Som Dhar,5999,Other / Misc,Individual,Pune,Maharashtra,2025-08-30,,Active,269.48,Found Duplicate,present,MISSING,PROVIDED,PROVIDED
MCH2274,D’Alia Group,4131,Other / Misc,Sole Proprietorship,Ludhiana,Punjab,2024-04-26,VFBL8074058900545,Suspended,1015.84,Found Duplicate,present,ALPHANUMERIC_IBAN,PROVIDED,MISSING_OR_INVALID
MCH4168,"Chad, Dyal And Golla",5999,Other / Misc,Partnership,Pune,Maharashtra,2023-06-10,XXXX8341,Unknown,1194.41,Found Duplicate,present,MASKED,PROVIDED,PROVIDED
MCH4548,"Butala, Som And Modi",5999,Other / Misc,Private Limited,Bengaluru,Karnataka,,6510148022,Suspended,568.11,Found Duplicate,missing,VALID_NUMERIC,PROVIDED,PROVIDED
MCH1249,"Garg, Saha And Rattan",5999,Other / Misc,Partnership,Jalandhar,Punjab,2023-08-21,,Active,854.43,Found Duplicate,present,MISSING,PROVIDED,PROVIDED
MCH9762,Kara Llc,5999,Other / Misc,Individual,Delhi,Delhi,,9982880458,Active,413.17,Unique,missing,VALID_NUMERIC,PROVIDED,PROVIDED
MCH3405,"Dara, Boase And Chada",5999,Other / Misc,Partnership,Pune,Maharashtra,2024-06-03,XXXX5690,Active,210.2,Unique,present,MASKED,PROVIDED,PROVIDED
MCH5736,Agate Llc,4131,Other / Misc,Sole Proprietorship,Delhi,Delhi,2023-04-16,XXXX7731,Unknown,3557.14,Found Duplicate,present,MASKED,PROVIDED,PROVIDED
MCH1580,"Subramaniam, Krishnamurthy And Din",5999,Other / Misc,Sole Proprietorship,Kolkata,West Bengal,2025-08-01,IDJM3876425874680,Active,2992.77,Unique,present,ALPHANUMERIC_IBAN,PROVIDED,PROVIDED
MCH9696,D’Alia Bhardwaj,5999,Other / Misc,Private Limited,Lucknow,Uttar Pradesh,2024-02-17,XXXX0392,Active,3568.12,Unique,present,MASKED,PROVIDED,PROVIDED
MCH4624,"Krishnamurthy, Mandal And Luthra",5999,Other / Misc,Individual,Chennai,Tamil Nadu,2025-08-06,5143404041,Active,784.01,Found Duplicate,present,VALID_NUMERIC,PROVIDED,PROVIDED
MCH1885,Mahal Ltd,5999,Other / Misc,Private Limited,Hyderabad,Telangana,2025-11-07,,Active,0.618,Unique,present,MISSING,PROVIDED,PROVIDED
MCH9997,"Kalita, Dass And Balay",5999,Other / Misc,Individual,Ludhiana,Punjab,2023-07-12,XXXX2557,Active,2233.91,Found Duplicate,present,MASKED,PROVIDED,PROVIDED
MCH4651,Bhat Kamdar,5999,Other / Misc,Sole Proprietorship,Hyderabad,Telangana,2024-06-05,9030856078,Active,718.3,Unique,present,VALID_NUMERIC,PROVIDED,PROVIDED
MCH7442,Thakur Rana,5999,Other / Misc,Partnership,Kolkata,West Bengal,2026-01-17,,Unknown,1816.81,Found Duplicate,present,MISSING,PROVIDED,PROVIDED
MCH1516,Loyal And Sons,5999,Other / Misc,Private Limited,Ludhiana,Punjab,2023-12-01,XXXX1307,Active,1471.99,Unique,present,MASKED,PROVIDED,PROVIDED
MCH3029,Sarma Plc,4131,Other / Misc,Sole Proprietorship,Mumbai,Maharashtra,2024-06-15,1403660080,Unknown,163.28,Found Duplicate,present,VALID_NUMERIC,PROVIDED,PROVIDED
MCH8708,"Mukherjee, Sami And Purohit",5999,Other / Misc,Sole Proprietorship,Hyderabad,Telangana,2026-01-28,,Suspended,2919.92,Unique,present,MISSING,PROVIDED,PROVIDED
MCH2637,Joshi Group,5999,Other / Misc,Partnership,Chennai,Tamil Nadu,2025-02-20,,Active,760.41,Unique,present,MISSING,PROVIDED,PROVIDED
MCH2934,Warri0R Siba1,5999,Other / Misc,Individual,Amritsar,Punjab,2025-04-07,,Active,1015.84,Found Duplicate,present,MISSING,PROVIDED,MISSING_OR_INVALID
MCH7363,Babu Acharya,5999,Other / Misc,Sole Proprietorship,Kolkata,West Bengal,2024-03-03,,Active,1983.77,Unique,present,MISSING,PROVIDED,PROVIDED
MCH6053,Barad Sen,5999,Other / Misc,Individual,Kolkata,West Bengal,2025-10-20,4325467547,Active,2730.09,Found Duplicate,present,VALID_NUMERIC,PROVIDED,PROVIDED
MCH2191,"Raval, Halder And Brahmbhatt",5999,Other / Misc,Sole Proprietorship,Bengaluru,Karnataka,2023-09-15,,Unknown,2745.45,Found Duplicate,present,MISSING,PROVIDED,PROVIDED
MCH1764,"Kurian, Vaidya And Loyal",5999,Other / Misc,Individual,Lucknow,Uttar Pradesh,2025-11-16,QLVG4760642998653,Suspended,419.98,Found Duplicate,present,ALPHANUMERIC_IBAN,PROVIDED,PROVIDED
MCH6046,"Palla, Yadav And Bhatnagar",5999,Other / Misc,Individual,Bengaluru,Karnataka,2024-03-27,,Unknown,2396.76,Unique,present,MISSING,PROVIDED,PROVIDED
MCH5503,Suri Ltd,4131,Other / Misc,Private Limited,Kolkata,West Bengal,2024-08-30,,Active,2446.68,Found Duplicate,present,MISSING,PROVIDED,PROVIDED
MCH4164,Iyengar Llc,5999,Other / Misc,Sole Proprietorship,Jaipur,Rajasthan,,LSYR7261669987207,Active,0.44,Unique,missing,ALPHANUMERIC_IBAN,PROVIDED,PROVIDED
MCH2949,"Mahal, Natt And Ghosh",5999,Other / Misc,Partnership,Jaipur,Rajasthan,2024-07-19,6197525290,Active,2320.74,Unique,present,VALID_NUMERIC,PROVIDED,PROVIDED
MCH8295,Mammen Llc,5999,Other / Misc,Private Limited,Chennai,Tamil Nadu,2024-11-04,XXXX0713,Active,1554.58,Unique,present,MASKED,PROVIDED,PROVIDED
MCH8957,Brar Lanka,5999,Other / Misc,Individual,Jalandhar,Punjab,,,Active,1494.31,Found Duplicate,missing,MISSING,PROVIDED,PROVIDED
MCH4457,"Chanda, Parikh And Hayre",5999,Other / Misc,Private Limited,Amritsar,Punjab,,,Active,1015.84,Unique,missing,MISSING,PROVIDED,MISSING_OR_INVALID
MCH8705,"Sahota, Kale And Patil",4131,Other / Misc,Private Limited,Delhi,Delhi,2024-11-10,XXXX9019,Active,1127.21,Found Duplicate,present,MASKED,PROVIDED,PROVIDED
MCH8716,"Naik, Chada And Divan",5999,Other / Misc,Private Limited,Ludhiana,Punjab,2023-01-11,EDPS0799008597487,Active,225.43,Unique,present,ALPHANUMERIC_IBAN,PROVIDED,PROVIDED
MCH8578,Bhatt Llc,4131,Other / Misc,Sole Proprietorship,Pune,Maharashtra,2023-08-26,QYMF1422119480722,Inactive,2462.04,Unique,present,ALPHANUMERIC_IBAN,PROVIDED,PROVIDED
MCH3340,Varty Chokshi,5999,Other / Misc,Partnership,Chennai,Tamil Nadu,2023-04-07,,Active,311.76,Found Duplicate,present,MISSING,PROVIDED,PROVIDED
MCH1227,Dyal Ltd,5999,Other / Misc,Individual,Ludhiana,Punjab,2025-09-21,QLYV4506400926648,Active,602.09,Found Duplicate,present,ALPHANUMERIC_IBAN,PROVIDED,PROVIDED
MCH8325,Sarin Inc,5999,Other / Misc,Individual,Amritsar,Punjab,2025-03-19,1450425498,Active,1640.03,Found Duplicate,present,VALID_NUMERIC,PROVIDED,PROVIDED
MCH3407,Lal Llc,5999,Other / Misc,Private Limited,Jalandhar,Punjab,2023-09-27,XXXX9006,Active,3232.78,Unique,present,MASKED,PROVIDED,PROVIDED
MCH5697,"Kapadia, Sharma And Maharaj",5999,Other / Misc,Partnership,Pune,Maharashtra,2023-08-27,IHYO1132265068472,Active,4565.23,Unique,present,ALPHANUMERIC_IBAN,PROVIDED,PROVIDED
MCH5944,Dave Bal,5999,Other / Misc,Private Limited,Mumbai,Maharashtra,2024-12-18,ETMK1453170948286,Active,1778.76,Found Duplicate,present,ALPHANUMERIC_IBAN,PROVIDED,PROVIDED
MCH7062,"Karpe, Sekhon And Memon",5999,Other / Misc,Partnership,Chennai,Tamil Nadu,2024-07-18,ERAF1958847105569,Active,0.2267,Found Duplicate,present,ALPHANUMERIC_IBAN,PROVIDED,PROVIDED
MCH9478,"Desai, Borah And Dugar",5999,Other / Misc,Private Limited,Kolkata,West Bengal,,,Suspended,1333.54,Unique,missing,MISSING,PROVIDED,PROVIDED
MCH4786,Peri Kannan,5999,Other / Misc,Partnership,Lucknow,Uttar Pradesh,2025-10-04,RIMN3324315836653,Active,1015.84,Found Duplicate,present,ALPHANUMERIC_IBAN,PROVIDED,MISSING_OR_INVALID
MCH9601,Murthy Sagar,5999,Other / Misc,Private Limited,Delhi,Delhi,,4391317650,Active,2574.06,Found Duplicate,missing,VALID_NUMERIC,PROVIDED,PROVIDED
MCH2436,Shetty Gour,5999,Other / Misc,Individual,Hyderabad,Telangana,2024-06-30,,Active,2453.33,Found Duplicate,present,MISSING,PROVIDED,PROVIDED
MCH1454,Wableinc,5999,Other / Misc,Individual,Lucknow,Uttar Pradesh,2025-06-18,7787448001,Active,0.2617,Found Duplicate,present,VALID_NUMERIC,PROVIDED,PROVIDED
MCH8508,"Iyengar,Gillandtella",5999,Other / Misc,Private Limited,Chennai,Tamil Nadu,2023-12-12,,Active,1985.47,Unique,present,MISSING,PROVIDED,PROVIDED
MCH7433,"Sahota, Desai And Sarma",5999,Other / Misc,Individual,Pune,Maharashtra,2024-02-24,,Unknown,867.14,Unique,present,MISSING,PROVIDED,PROVIDED
MCH7832,"Sodhi, Venkataraman And Kohli",5999,Other / Misc,Individual,Delhi,Delhi,2025-06-02,XXXX9396,Active,4116.49,Found Duplicate,present,MASKED,PROVIDED,PROVIDED
MCH3558,"Bhattacharyya, Mahal And Setty",4131,Other / Misc,Partnership,Jaipur,Rajasthan,2023-07-28,7325110455,Active,4448.97,Found Duplicate,present,VALID_NUMERIC,PROVIDED,PROVIDED
MCH4626,"Lalla, Handa And Ahuja",5999,Other / Misc,Private Limited,Bengaluru,Karnataka,2023-07-31,,Active,1497.15,Unique,present,MISSING,PROVIDED,PROVIDED
MCH8692,Singhal Mane,5999,Other / Misc,Partnership,Jalandhar,Punjab,2025-07-24,1479687132,Active,1884.81,Found Duplicate,present,VALID_NUMERIC,PROVIDED,PROVIDED
MCH2827,Bala Bhatti,5999,Other / Misc,Individual,Bengaluru,Karnataka,2024-10-05,5191749246,Inactive,0.381,Unique,present,VALID_NUMERIC,PROVIDED,PROVIDED
MCH7279,Das Plc,5999,Other / Misc,Partnership,Jaipur,Rajasthan,,WTVS1342257023005,Active,1157.26,Found Duplicate,missing,ALPHANUMERIC_IBAN,PROVIDED,PROVIDED
MCH7749,"Dhaliwal, Chaudhari And Lad",4131,Other / Misc,Private Limited,Lucknow,Uttar Pradesh,2023-03-28,,Active,472.27,Found Duplicate,present,MISSING,PROVIDED,PROVIDED
MCH6680,Vaidya Agrawal,5999,Other / Misc,Partnership,Delhi,Delhi,2025-05-28,,Active,1015.84,Unique,present,MISSING,PROVIDED,MISSING_OR_INVALID
MCH4529,Wali Llc,5999,Other / Misc,Sole Proprietorship,Delhi,Delhi,2023-02-13,XXXX0169,Suspended,468.55,Found Duplicate,present,MASKED,PROVIDED,PROVIDED
MCH4024,Choudhury Ltd,5999,Other / Misc,Individual,Ludhiana,Punjab,2025-03-28,XSWD9540302475782,Active,2449.8,Unique,present,ALPHANUMERIC_IBAN,PROVIDED,PROVIDED
MCH8540,Tiwari Ltd,5999,Other / Misc,Sole Proprietorship,Jaipur,Rajasthan,2024-06-27,,Unknown,1015.84,Unique,present,MISSING,PROVIDED,MISSING_OR_INVALID
MCH1492,Ganesan Llc,5999,Other / Misc,Partnership,Hyderabad,Telangana,2023-08-19,1007001196,Active,3316.76,Found Duplicate,present,VALID_NUMERIC,PROVIDED,PROVIDED
MCH2753,"Karan, Ganguly And Desai",5999,Other / Misc,Private Limited,Amritsar,Punjab,2023-03-31,,Unknown,1254.6,Unique,present,MISSING,PROVIDED,PROVIDED
MCH6336,"Kunda, Kumar And Gulati",5999,Other / Misc,Private Limited,Chennai,Tamil Nadu,2024-03-16,XXXX8337,Active,772.78,Unique,present,MASKED,PROVIDED,PROVIDED
MCH9847,"Krish, Rau And Parsa",5999,Other / Misc,Private Limited,Kolkata,West Bengal,2024-12-26,,Active,1027.86,Found Duplicate,present,MISSING,PROVIDED,PROVIDED
MCH1380,Mahal Khare,5999,Other / Misc,Private Limited,Mumbai,Maharashtra,2025-02-23,TLPQ4078335945068,Active,0.3004,Found Duplicate,present,ALPHANUMERIC_IBAN,PROVIDED,PROVIDED
MCH2504,Mittal Ltd,5999,Other / Misc,Individual,Pune,Maharashtra,2024-12-29,XXXX5857,Inactive,1689.96,Found Duplicate,present,MASKED,PROVIDED,PROVIDED
MCH5777,Dubey And Sons,5999,Other / Misc,Individual,Bengaluru,Karnataka,2025-01-12,,Inactive,4320.83,Unique,present,MISSING,PROVIDED,PROVIDED
MCH3461,"Balakrishnan, Sachdeva And Sekhon",5999,Other / Misc,Individual,Mumbai,Maharashtra,2025-09-23,QTCR6301966166012,Unknown,1049.37,Unique,present,ALPHANUMERIC_IBAN,PROVIDED,PROVIDED
MCH4330,"Viswanathan, Morar And Barad",4131,Other / Misc,Individual,Jalandhar,Punjab,2023-04-10,,Active,151.73,Unique,present,MISSING,PROVIDED,PROVIDED
MCH3885,Thakur Inc,4131,Other / Misc,Private Limited,Chennai,Tamil Nadu,,8680968188,Active,618.81,Unique,missing,VALID_NUMERIC,PROVIDED,PROVIDED
MCH5984,Acharya Badal,5999,Other / Misc,Sole Proprietorship,Kolkata,West Bengal,2023-03-01,,Inactive,0.515,Found Duplicate,present,MISSING,PROVIDED,PROVIDED
MCH1750,"Dube, Natt And V0Hra",4131,Other / Misc,Individual,Pune,Maharashtra,2024-12-18,XXXX3705,Unknown,1015.84,Found Duplicate,present,MASKED,PROVIDED,MISSING_OR_INVALID
MCH3837,"Char, Naik And Sachdev",5999,Other / Misc,Private Limited,Delhi,Delhi,2026-01-25,XXXX8517,Active,0.5233,Found Duplicate,present,MASKED,PROVIDED,PROVIDED
MCH7830,Hegde Ltd,5999,Other / Misc,Sole Proprietorship,Bengaluru,Karnataka,,,Active,1015.84,Found Duplicate,missing,MISSING,PROVIDED,MISSING_OR_INVALID
MCH4200,Karnik Ltd,5999,Other / Misc,Sole Proprietorship,Pune,Maharashtra,2024-04-27,MNTN2594343179544,Active,951.15,Found Duplicate,present,ALPHANUMERIC_IBAN,PROVIDED,PROVIDED
MCH1532,Sarna Kota,5999,Other / Misc,Private Limited,Delhi,Delhi,2024-10-21,,Unknown,4843.68,Unique,present,MISSING,PROVIDED,PROVIDED
MCH4435,"Shere, Jain And Luthra",5999,Other / Misc,Private Limited,Chennai,Tamil Nadu,2024-06-23,PJOC4178398535690,Active,0.894,Unique,present,ALPHANUMERIC_IBAN,PROVIDED,PROVIDED
MCH9088,Bhardwaj Bala,5999,Other / Misc,Partnership,Chennai,Tamil Nadu,2025-06-26,UMVD8641404072198,Active,0.413,Found Duplicate,present,ALPHANUMERIC_IBAN,PROVIDED,PROVIDED
MCH1185,"Buch, Barad And Toor",5999,Other / Misc,Partnership,Jalandhar,Punjab,2024-06-16,6769671490,Active,2955.34,Unique,present,VALID_NUMERIC,PROVIDED,PROVIDED
MCH6851,Chaudhary And S0Ns,4131,Other / Misc,Individual,Kolkata,West Bengal,2023-04-03,XXXX0557,Active,4509.31,Unique,present,MASKED,PROVIDED,PROVIDED
MCH7687,Pant Mukherjee,5999,Other / Misc,Partnership,Hyderabad,Telangana,2023-08-15,0561782434,Unknown,1015.84,Found Duplicate,present,VALID_NUMERIC,PROVIDED,MISSING_OR_INVALID
MCH1843,Edwin And Sons,5999,Other / Misc,Sole Proprietorship,Delhi,Delhi,2024-09-19,,Active,1015.84,Unique,present,MISSING,PROVIDED,MISSING_OR_INVALID
MCH1128,Natt Keer,5999,Other / Misc,Sole Proprietorship,Hyderabad,Telangana,2026-01-10,XXXX1918,Active,1028.32,Found Duplicate,present,MASKED,PROVIDED,PROVIDED
MCH2899,Golla Ltd,4131,Other / Misc,Partnership,Jaipur,Rajasthan,,EGFZ1016369573887,Active,5018.99,Found Duplicate,missing,ALPHANUMERIC_IBAN,PROVIDED,PROVIDED
MCH8225,Bedi Date,5999,Other / Misc,Private Limited,Pune,Maharashtra,2024-02-28,6820537783,Unknown,2289.3,Unique,present,VALID_NUMERIC,PROVIDED,PROVIDED
MCH4111,Brahmbhatt Llc,5999,Other / Misc,Partnership,Lucknow,Uttar Pradesh,,,Suspended,682.69,Unique,missing,MISSING,PROVIDED,PROVIDED
MCH4846,Arora Raghavan,5999,Other / Misc,Private Limited,Jaipur,Rajasthan,2025-09-12,XXXX5049,Active,1546.33,Unique,present,MASKED,PROVIDED,PROVIDED
MCH4886,Mangat Gh0Se,5999,Other / Misc,Sole Proprietorship,Pune,Maharashtra,2023-11-03,8646245603,Active,0.551,Unique,present,VALID_NUMERIC,PROVIDED,PROVIDED
MCH4131,Chaudhryinc,5999,Other / Misc,Partnership,Amritsar,Punjab,2023-07-01,,Unknown,1561.61,Found Duplicate,present,MISSING,PROVIDED,PROVIDED
MCH1118,"Basak, Pillai And Arora",5999,Other / Misc,Private Limited,Chennai,Tamil Nadu,2026-01-06,,Active,3933.25,Found Duplicate,present,MISSING,PROVIDED,PROVIDED
MCH2157,"Ramaswamy, Sundaram And Sachdev",4131,Other / Misc,Individual,Hyderabad,Telangana,2023-05-25,,Unknown,0.1899,Found Duplicate,present,MISSING,PROVIDED,PROVIDED
MCH2829,Narain Ltd,5999,Other / Misc,Sole Proprietorship,Bengaluru,Karnataka,2023-02-15,,Active,1912.36,Unique,present,MISSING,PROVIDED,PROVIDED
MCH1776,Vohra And Sons,5999,Other / Misc,Private Limited,Lucknow,Uttar Pradesh,2023-06-16,XXXX6558,Active,843.8,Unique,present,MASKED,PROVIDED,PROVIDED
MCH5147,"Rao, Mahal And Wable",5999,Other / Misc,Private Limited,Jalandhar,Punjab,2024-09-16,8569345830,Active,0.687,Unique,present,VALID_NUMERIC,PROVIDED,PROVIDED
MCH2902,"Narang, Varghese And Sur",4131,Other / Misc,Individual,Amritsar,Punjab,2023-11-04,,Active,0.1675,Found Duplicate,present,MISSING,PROVIDED,PROVIDED
MCH8445,Chand Inc,5999,Other / Misc,Partnership,Jaipur,Rajasthan,2025-12-27,,Active,2873.41,Unique,present,MISSING,PROVIDED,PROVIDED
MCH9096,Tandon Thaman,5999,Other / Misc,Individual,Delhi,Delhi,2023-09-03,3351065613,Active,2658.35,Found Duplicate,present,VALID_NUMERIC,PROVIDED,PROVIDED
MCH6819,"Arya, Bassi And Kaur",5999,Other / Misc,Partnership,Amritsar,Punjab,2025-11-19,,Active,2433.05,Found Duplicate,present,MISSING,PROVIDED,PROVIDED
MCH6290,Chaudhry Agarwal,5999,Other / Misc,Partnership,Ludhiana,Punjab,2023-01-09,,Inactive,0.5757,Unique,present,MISSING,PROVIDED,PROVIDED
MCH7600,Bora Inc,5999,Other / Misc,Private Limited,Jalandhar,Punjab,2025-09-01,,Active,582.46,Found Duplicate,present,MISSING,PROVIDED,PROVIDED
MCH9018,Tak Plc,5999,Other / Misc,Partnership,Amritsar,Punjab,2023-11-25,,Unknown,354.66,Found Duplicate,present,MISSING,PROVIDED,PROVIDED
MCH6308,Panchal Plc,5999,Other / Misc,Partnership,Jaipur,Rajasthan,,,Active,3549.84,Found Duplicate,missing,MISSING,PROVIDED,PROVIDED
MCH5980,Misra Ganguly,4131,Other / Misc,Individual,Kolkata,West Bengal,2025-08-13,XXXX2799,Active,0.2762,Found Duplicate,present,MASKED,PROVIDED,PROVIDED
MCH8610,Pandey And Sons,5999,Other / Misc,Sole Proprietorship,Bengaluru,Karnataka,,LZLP7648523257090,Active,0.1014,Unique,missing,ALPHANUMERIC_IBAN,PROVIDED,PROVIDED
MCH2566,Oommen Inc,5999,Other / Misc,Private Limited,Delhi,Delhi,,XXXX9507,Active,2200.23,Unique,missing,MASKED,PROVIDED,PROVIDED
MCH7314,Mahajan B0Rde,5999,Other / Misc,Partnership,Lucknow,Uttar Pradesh,2023-01-05,3772469001,Active,0.1003,Found Duplicate,present,VALID_NUMERIC,PROVIDED,PROVIDED
MCH1132,Cheema Inc,5999,Other / Misc,Sole Proprietorship,Ludhiana,Punjab,2023-09-10,3299217122,Unknown,1015.84,Unique,present,VALID_NUMERIC,PROVIDED,MISSING_OR_INVALID
MCH5881,Baria Keer,4131,Other / Misc,Private Limited,Jaipur,Rajasthan,2026-02-09,,Inactive,2633.32,Found Duplicate,present,MISSING,PROVIDED,PROVIDED
MCH9340,Mallick Konda,5999,Other / Misc,Individual,Bengaluru,Karnataka,2025-01-24,,Inactive,1550.33,Unique,present,MISSING,PROVIDED,PROVIDED
MCH9154,"Pal, Dara And Yadav",5999,Other / Misc,Private Limited,Jaipur,Rajasthan,2025-07-12,XXXX2752,Active,3887.81,Found Duplicate,present,MASKED,PROVIDED,PROVIDED
MCH1884,Nagi Llc,4131,Other / Misc,Private Limited,Bengaluru,Karnataka,2025-01-08,ROSD8740992299086,Active,628.95,Unique,present,ALPHANUMERIC_IBAN,PROVIDED,PROVIDED
MCH5288,"Thaman, Muni And Om",5999,Other / Misc,Sole Proprietorship,Pune,Maharashtra,2023-07-08,7391241084,Unknown,1015.84,Found Duplicate,present,VALID_NUMERIC,PROVIDED,PROVIDED
MCH8845,Varkey Jha,5999,Other / Misc,Partnership,Kolkata,West Bengal,2024-01-03,,Unknown,5630.04,Found Duplicate,present,MISSING,PROVIDED,PROVIDED
MCH2099,"Tara, Date And Thakur",4131,Other / Misc,Sole Proprietorship,Chennai,Tamil Nadu,2023-06-28,BFBY2666613604973,Active,1054.15,Found Duplicate,present,ALPHANUMERIC_IBAN,PROVIDED,PROVIDED
MCH1654,More Plc,5999,Other / Misc,Individual,Bengaluru,Karnataka,2025-02-18,,Unknown,2598.19,Found Duplicate,present,MISSING,PROVIDED,PROVIDED
MCH1571,"Rao, Viswanathan And Joshi",4131,Other / Misc,Sole Proprietorship,Chennai,Tamil Nadu,2023-08-03,,Unknown,866.2,Unique,present,MISSING,PROVIDED,PROVIDED
MCH4448,Gara And Sons,5999,Other / Misc,Individual,Chennai,Tamil Nadu,2025-09-24,XXXX6028,Suspended,1524.31,Unique,present,MASKED,PROVIDED,PROVIDED
MCH4738,Jha Plc,5999,Other / Misc,Sole Proprietorship,Bengaluru,Karnataka,2024-05-24,,Inactive,1636.42,Unique,present,MISSING,PROVIDED,PROVIDED
MCH2838,"Goel, Chand And Pai",5999,Other / Misc,Partnership,Pune,Maharashtra,2024-12-28,,Unknown,1086.22,Found Duplicate,present,MISSING,PROVIDED,PROVIDED
MCH4042,Rout Maharaj,5999,Other / Misc,Partnership,Amritsar,Punjab,2024-01-12,LYKH2325135629245,Active,696.23,Unique,present,ALPHANUMERIC_IBAN,PROVIDED,PROVIDED
MCH3926,Master Sarin,5999,Other / Misc,Individual,Hyderabad,Telangana,2025-08-05,,Active,1913.5,Unique,present,MISSING,PROVIDED,PROVIDED
MCH8033,Murty Grover,5999,Other / Misc,Partnership,Amritsar,Punjab,2024-11-06,VUQA2025298324084,Active,0.2125,Found Duplicate,present,ALPHANUMERIC_IBAN,PROVIDED,PROVIDED
MCH2904,Iyengar Comar,5999,Other / Misc,Private Limited,Delhi,Delhi,2026-05-01,XXXX7160,Active,1147.91,Unique,present,MASKED,PROVIDED,PROVIDED
MCH8327,Men0N Ltd,5999,Other / Misc,Individual,Bengaluru,Karnataka,2023-06-18,,Inactive,1670.04,Unique,present,MISSING,PROVIDED,PROVIDED
MCH5588,Divan Yohannan,5999,Other / Misc,Individual,Hyderabad,Telangana,,,Active,0.203,Unique,missing,MISSING,PROVIDED,PROVIDED
MCH9452,Kapoor Kara,5999,Other / Misc,Private Limited,Kolkata,West Bengal,,TTFV4828934746515,Inactive,1015.84,Unique,missing,ALPHANUMERIC_IBAN,PROVIDED,MISSING_OR_INVALID
MCH7803,Naik Llc,5999,Other / Misc,Partnership,Delhi,Delhi,,,Unknown,285.6,Found Duplicate,missing,MISSING,PROVIDED,PROVIDED
MCH5444,Pradhan Nair,5999,Other / Misc,Sole Proprietorship,Lucknow,Uttar Pradesh,2024-07-27,7036093641,Unknown,0.372,Unique,present,VALID_NUMERIC,PROVIDED,PROVIDED
MCH9999,"Konda, Subramanian And Rau",5999,Other / Misc,Individual,Mumbai,Maharashtra,2024-01-16,,Active,0.51,Unique,present,MISSING,PROVIDED,PROVIDED
MCH1627,Dua Ltd,5999,Other / Misc,Private Limited,Lucknow,Uttar Pradesh,2024-07-31,,Unknown,160.25,Unique,present,MISSING,PROVIDED,PROVIDED
MCH1457,Shetty Group,5999,Other / Misc,Individual,Jalandhar,Punjab,2025-11-07,7979475554,Active,1159.43,Unique,present,VALID_NUMERIC,PROVIDED,PROVIDED
MCH2470,Chadha Llc,5999,Other / Misc,Individual,Lucknow,Uttar Pradesh,2025-01-28,DYBS8259485877528,Unknown,144.47,Found Duplicate,present,ALPHANUMERIC_IBAN,PROVIDED,PROVIDED
MCH4889,Bhatti Kapoor,5999,Other / Misc,Individual,Jalandhar,Punjab,2025-01-26,,Active,2464.23,Unique,present,MISSING,PROVIDED,PROVIDED
MCH2016,"Amble, Yadav And Dube",5999,Other / Misc,Partnership,Kolkata,West Bengal,2025-03-18,XXXX3614,Suspended,10324.69,Unique,present,MASKED,PROVIDED,PROVIDED
MCH8035,"Munshi, Mani And Taneja",5999,Other / Misc,Individual,Mumbay,Maharashtra,2025-02-08,5547624355,Active,1015.84,Unique,present,VALID_NUMERIC,PROVIDED,MISSING_OR_INVALID
MCH1828,Mohanty Gole,5999,Other / Misc,Sole Proprietorship,Kolkata,West Bengal,2024-04-21,IQWO0971212362898,Inactive,408.75,Found Duplicate,present,ALPHANUMERIC_IBAN,PROVIDED,PROVIDED
MCH7201,"Patil, Mahajan And Issac",5999,Other / Misc,Private Limited,Mumbai,Maharashtra,2025-03-16,0796859598,Active,282.54,Unique,present,VALID_NUMERIC,PROVIDED,PROVIDED
MCH4958,Saini Llc,5999,Other / Misc,Private Limited,Hyderabad,Telangana,2023-06-24,,Active,440.09,Found Duplicate,present,MISSING,PROVIDED,PROVIDED
MCH1947,Bhatti Plc,5999,Other / Misc,Sole Proprietorship,Hyderabad,Telangana,2025-10-17,,Unknown,860.05,Found Duplicate,present,MISSING,PROVIDED,PROVIDED
MCH5999,Nori Inc,5999,Other / Misc,Private Limited,Jalandhar,Punjab,2026-01-02,XXXX4498,Active,629.41,Unique,present,MASKED,PROVIDED,PROVIDED
MCH4708,Loke Ganesan,5999,Other / Misc,Sole Proprietorship,Jalandhar,Punjab,2024-02-22,,Active,1266.56,Found Duplicate,present,MISSING,PROVIDED,PROVIDED
MCH6321,Chander Ltd,5999,Other / Misc,Private Limited,Jaipur,Rajasthan,,,Unknown,380.1,Unique,missing,MISSING,PROVIDED,PROVIDED
MCH5570,"Sahni, Bala And Sharma",5999,Other / Misc,Individual,Delhi,Delhi,2025-11-28,,Suspended,1506.33,Unique,present,MISSING,PROVIDED,PROVIDED
MCH1334,"Kalita, Sarraf And Bhardwaj",5999,Other / Misc,Individual,Bengaluru,Karnataka,2025-09-28,RPOB8162410396498,Active,1780.83,Unique,present,ALPHANUMERIC_IBAN,PROVIDED,PROVIDED
MCH1482,"Bahri,Sarinandhora",5999,Other / Misc,Partnership,Hyderabad,Telangana,2024-01-26,2731738944,Suspended,0.1651,Unique,present,VALID_NUMERIC,PROVIDED,PROVIDED
MCH3333,Dada Plc,5999,Other / Misc,Private Limited,Mumbai,Maharashtra,2024-03-18,,Active,0.668,Unique,present,MISSING,PROVIDED,PROVIDED
MCH5736,Agate Llc,4131,Other / Misc,Sole Proprietorship,Delhi,Delhi,2023-04-16,XXXX7731,Unknown,3557.14,Found Duplicate,present,MASKED,PROVIDED,PROVIDED
MCH6345,Mani Group,5999,Other / Misc,Partnership,Ludhiana,Punjab,,,Unknown,1339.21,Unique,missing,MISSING,PROVIDED,PROVIDED
MCH2522,Singhal Chana,5999,Other / Misc,Partnership,Ludhiana,Punjab,2023-12-05,,Inactive,1015.84,Found Duplicate,present,MISSING,PROVIDED,MISSING_OR_INVALID
MCH1838,Sarraf Bhakta,5999,Other / Misc,Partnership,Bengaluru,Karnataka,2023-04-20,XXXX3450,Active,0.584,Found Duplicate,present,MASKED,PROVIDED,PROVIDED
MCH5794,Gulati And Sons,5999,Other / Misc,Private Limited,Bengaluru,Karnataka,2024-07-18,,Active,614.67,Unique,present,MISSING,PROVIDED,PROVIDED
MCH5845,Kara Group,5999,Other / Misc,Private Limited,Amritsar,Punjab,2023-12-31,XXXX0508,Active,1557.96,Found Duplicate,present,MASKED,PROVIDED,PROVIDED
MCH2093,Ghosh Gaba,5999,Other / Misc,Sole Proprietorship,Ludhiana,Punjab,2024-05-02,IJYU8161082317804,Active,0.2389,Unique,present,ALPHANUMERIC_IBAN,PROVIDED,PROVIDED
MCH1626,"Pau, Iyengar And Khare",5999,Other / Misc,Sole Proprietorship,Delhi,Delhi,2025-07-12,XXXX6353,Unknown,550.42,Unique,present,MASKED,PROVIDED,PROVIDED
MCH9537,Mahal Group,5999,Other / Misc,Private Limited,Jalandhar,Punjab,2023-05-13,,Active,777.57,Found Duplicate,present,MISSING,PROVIDED,PROVIDED
MCH3997,Chatterjee Group,5999,Other / Misc,Individual,Ludhiana,Punjab,2023-04-30,HIRQ3582999375796,Suspended,1015.84,Found Duplicate,present,ALPHANUMERIC_IBAN,PROVIDED,MISSING_OR_INVALID
MCH5121,Ramakrishnan Inc,4131,Other / Misc,Sole Proprietorship,Ludhiana,Punjab,2023-11-27,,Unknown,3794.33,Found Duplicate,present,MISSING,PROVIDED,PROVIDED
MCH5292,Nori Dugal,5999,Other / Misc,Sole Proprietorship,Pune,Maharashtra,,DLCF1511984552623,Inactive,0.542,Found Duplicate,missing,ALPHANUMERIC_IBAN,PROVIDED,PROVIDED
MCH2648,Batta Llc,5999,Other / Misc,Partnership,Jaipur,Rajasthan,2024-10-10,,Active,416.94,Found Duplicate,present,MISSING,PROVIDED,PROVIDED
MCH5641,"Kant, Raju And Sandal",5999,Other / Misc,Partnership,Pune,Maharashtra,2025-05-30,XXXX4214,Inactive,2474.31,Found Duplicate,present,MASKED,PROVIDED,PROVIDED
MCH5154,Dhingra Sunder,5999,Other / Misc,Sole Proprietorship,Pune,Maharashtra,2025-06-14,1153641874,Active,0.2001,Found Duplicate,present,VALID_NUMERIC,PROVIDED,PROVIDED
MCH7121,"Narasimhan, Anand And Gaba",5999,Other / Misc,Private Limited,Pune,Maharashtra,2025-07-25,,Active,0.2139,Unique,present,MISSING,PROVIDED,PROVIDED
MCH2817,Keer And Sons,5999,Other / Misc,Private Limited,Ludhiana,Punjab,2025-05-19,XXXX7166,Inactive,2074.28,Found Duplicate,present,MASKED,PROVIDED,PROVIDED
MCH5072,Shroff Sangha,5999,Other / Misc,Private Limited,Jaipur,Rajasthan,2024-12-08,XXXX4443,Active,3955.29,Unique,present,MASKED,PROVIDED,PROVIDED
MCH2646,Parsa Gole,5999,Other / Misc,Private Limited,Hyderabad,Telangana,2025-12-18,JJBK8920317843679,Unknown,450.19,Unique,present,ALPHANUMERIC_IBAN,PROVIDED,PROVIDED
MCH2408,"Kumar, Din And Sule",5999,Other / Misc,Sole Proprietorship,Bengaluru,Karnataka,,,Active,2001.55,Unique,missing,MISSING,PROVIDED,PROVIDED
MCH4444,Khalsa Plc,5999,Other / Misc,Partnership,Ludhiana,Punjab,2023-05-25,XXXX2938,Unknown,2332.61,Found Duplicate,present,MASKED,PROVIDED,PROVIDED
MCH8873,"Pathak, Bath And Kant",4131,Other / Misc,Partnership,Pune,Maharashtra,2025-11-06,,Active,2212.3,Unique,present,MISSING,PROVIDED,PROVIDED
MCH1872,Chaudry Group,5999,Other / Misc,Private Limited,Bengaluru,Karnataka,2024-02-02,2703911432,Active,1044.41,Found Duplicate,present,VALID_NUMERIC,PROVIDED,PROVIDED
MCH2029,Bhalla Brahmbhatt,5999,Other / Misc,Sole Proprietorship,Jalandhar,Punjab,2023-06-20,,Unknown,276.02,Unique,present,MISSING,PROVIDED,PROVIDED
MCH1725,"Narayanan, Thaker And Sandhu",5999,Other / Misc,Partnership,Jaipur,Rajasthan,2025-02-15,XXXX2721,Unknown,385.5,Unique,present,MASKED,PROVIDED,PROVIDED
MCH4273,Bava Group,5999,Other / Misc,Private Limited,Ludhiana,Punjab,2024-12-28,OCKK9490643242644,Inactive,2773.64,Unique,present,ALPHANUMERIC_IBAN,PROVIDED,PROVIDED
MCH3841,"Sandhu, Khosla And Guha",5999,Other / Misc,Partnership,Bengaluru,Karnataka,2024-09-16,7616513593,Active,2207.18,Found Duplicate,present,VALID_NUMERIC,PROVIDED,PROVIDED
MCH4421,Sani Llc,5999,Other / Misc,Sole Proprietorship,Ludhiana,Punjab,2023-05-15,7724162998,Active,901.69,Found Duplicate,present,VALID_NUMERIC,PROVIDED,PROVIDED
MCH5758,"Aggarwal, Hayer And Nayar",5999,Other / Misc,Individual,Amritsar,Punjab,2023-09-22,XXXX0401,Unknown,3630.79,Unique,present,MASKED,PROVIDED,PROVIDED
MCH6119,"Hans, Gokhale And Shanker",5999,Other / Misc,Partnership,Mumbai,Maharashtra,2024-01-28,,Inactive,1753.67,Found Duplicate,present,MISSING,PROVIDED,PROVIDED
MCH3075,Bedi Ramanathan,4131,Other / Misc,Individual,Jalandhar,Punjab,2023-09-29,XXXX7029,Active,0.1301,Found Duplicate,present,MASKED,PROVIDED,PROVIDED
MCH2327,"Ganguly, Grover And Mutti",5999,Other / Misc,Sole Proprietorship,Jaipur,Rajasthan,2025-01-24,XXXX8996,Suspended,12565.25,Found Duplicate,present,MASKED,PROVIDED,PROVIDED
MCH6523,Ramanathan Wali,5999,Other / Misc,Private Limited,Bengaluru,Karnataka,2024-08-27,CTGF7705622759501,Active,2272.75,Unique,present,ALPHANUMERIC_IBAN,PROVIDED,PROVIDED
MCH7698,Bhatnagar Inc,5999,Other / Misc,Individual,Lucknow,Uttar Pradesh,2023-08-24,8131154936,Active,1276.92,Found Duplicate,present,VALID_NUMERIC,PROVIDED,PROVIDED
MCH5518,Mannan Inc,5999,Other / Misc,Partnership,Hyderabad,Telangana,2024-03-28,,Active,1107.87,Found Duplicate,present,MISSING,PROVIDED,PROVIDED
MCH2157,"Ramaswamy, Sundaram And Sachdev",4131,Other / Misc,Individual,Hyderabad,Telangana,2023-05-25,,Suspended,0.1899,Found Duplicate,present,MISSING,PROVIDED,PROVIDED
MCH8421,"Kannan, Nath And Kala",4131,Other / Misc,Private Limited,Amritsar,Punjab,2024-01-31,,Suspended,612.51,Found Duplicate,present,MISSING,PROVIDED,PROVIDED
MCH1498,Deo Mand,5999,Other / Misc,Sole Proprietorship,Chennai,Tamil Nadu,2025-01-03,,Unknown,1460.33,Unique,present,MISSING,PROVIDED,PROVIDED
MCH1022,Ramesh Bhat,5999,Other / Misc,Private Limited,Hyderabad,Telangana,,,Unknown,3026.17,Unique,missing,MISSING,PROVIDED,PROVIDED
MCH1955,"Srinivas, Khurana And Choudhry",5999,Other / Misc,Private Limited,Jalandhar,Punjab,2025-01-18,XXXX5304,Active,883.05,Unique,present,MASKED,PROVIDED,PROVIDED
MCH5278,"Sarraf, Peri And Ratti",5999,Other / Misc,Private Limited,Kolkata,West Bengal,2025-04-27,,Unknown,1446.64,Unique,present,MISSING,PROVIDED,PROVIDED
MCH5619,"Iyer, Lata And Bhatnagar",4131,Other / Misc,Partnership,Bengaluru,Karnataka,2025-09-07,XXXX4930,Active,0.5962,Unique,present,MASKED,PROVIDED,PROVIDED
MCH4227,Panchal Plc,5999,Other / Misc,Sole Proprietorship,Kolkata,West Bengal,2025-01-09,,Active,1533.36,Found Duplicate,present,MISSING,PROVIDED,PROVIDED
MCH9251,"Venkatesh, Randhawa And Lal",4131,Other / Misc,Sole Proprietorship,Lucknow,Uttar Pradesh,2026-01-02,6838955230,Unknown,621.25,Unique,present,VALID_NUMERIC,PROVIDED,PROVIDED
MCH2106,"Doctor, Karnik And Sridhar",5999,Other / Misc,Partnership,Bengaluru,Karnataka,2023-08-16,XXXX6082,Inactive,871.69,Unique,present,MASKED,PROVIDED,PROVIDED
MCH3072,Varkey Shanker,5999,Other / Misc,Partnership,Mumbai,Maharashtra,2024-11-30,,Inactive,852.87,Found Duplicate,present,MISSING,PROVIDED,PROVIDED
MCH7846,Chad Gole,5999,Other / Misc,Individual,Mumbai,Maharashtra,2023-08-24,XXXX4268,Active,0.228,Unique,present,MASKED,PROVIDED,PROVIDED
MCH1063,"Samra, Sur And Venkataraman",5999,Other / Misc,Private Limited,Chennai,Tamil Nadu,2023-06-13,2476053551,Active,1297.7,Unique,present,VALID_NUMERIC,PROVIDED,PROVIDED
MCH3214,Dubey Inc,4131,Other / Misc,Individual,Bengaluru,Karnataka,2024-07-24,1238686450,Active,0.2052,Found Duplicate,present,VALID_NUMERIC,PROVIDED,PROVIDED
MCH9428,"Dyal, Varma And Sachdeva",5999,Other / Misc,Private Limited,Lucknow,Uttar Pradesh,,,Active,1955.23,Unique,missing,MISSING,PROVIDED,PROVIDED
MCH5745,"Bahri, Dutta And Narang",4131,Other / Misc,Individual,Bengaluru,Karnataka,2024-03-27,GWGG2673614762721,Active,955.1,Found Duplicate,present,ALPHANUMERIC_IBAN,PROVIDED,PROVIDED
MCH7735,Garg Balan,5999,Other / Misc,Sole Proprietorship,Ludhiana,Punjab,2024-01-24,7094886442,Active,639.06,Found Duplicate,present,VALID_NUMERIC,PROVIDED,PROVIDED
MCH8726,Rast0Gi Saini,5999,Other / Misc,Partnership,Ludhiana,Punjab,,5579571324,Active,4900.29,Unique,missing,VALID_NUMERIC,PROVIDED,PROVIDED
MCH3161,Mittal Bawa,5999,Other / Misc,Private Limited,Jalandhar,Punjab,2023-04-01,,Unknown,2703.14,Unique,present,MISSING,PROVIDED,PROVIDED
MCH7653,Sama Yogi,5999,Other / Misc,Sole Proprietorship,Hyderabad,Telangana,2025-01-05,,Active,1041.79,Found Duplicate,present,MISSING,PROVIDED,PROVIDED
MCH7017,"Roy, Khosla And Oak",5999,Other / Misc,Sole Proprietorship,Lucknow,Uttar Pradesh,2025-09-14,XXXX0409,Active,952.71,Found Duplicate,present,MASKED,PROVIDED,PROVIDED
MCH3742,"Mall, Sarma And Merchant",5999,Other / Misc,Partnership,Jalandhar,Punjab,2025-06-19,,Active,330.87,Unique,present,MISSING,PROVIDED,PROVIDED
MCH9560,Puri Ahluwalia,5999,Other / Misc,Partnership,Ludhiana,Punjab,2025-06-21,XXXX3305,Active,1176.68,Found Duplicate,present,MASKED,PROVIDED,PROVIDED
MCH3163,Majumdar Minhas,5999,Other / Misc,Sole Proprietorship,Chennai,Tamil Nadu,2025-04-05,OGEJ6099307050342,Suspended,2179.72,Found Duplicate,present,ALPHANUMERIC_IBAN,PROVIDED,PROVIDED
MCH5933,"Natarajan, Swaminathan And Dugar",5999,Other / Misc,Partnership,Kolkata,West Bengal,2025-09-26,XXXX6381,Active,2711.41,Unique,present,MASKED,PROVIDED,PROVIDED
MCH1921,Raj Llc,5999,Other / Misc,Partnership,Lucknow,Uttar Pradesh,2024-02-12,5917860419,Active,2280.24,Unique,present,VALID_NUMERIC,PROVIDED,PROVIDED
MCH1336,"Narayanan, Anand And Kalita",5999,Other / Misc,Sole Proprietorship,Ludhiana,Punjab,,XXXX4236,Active,0.699,Found Duplicate,missing,MASKED,PROVIDED,PROVIDED
MCH6404,Tailor Group,5999,Other / Misc,Private Limited,Jaipur,Rajasthan,2026-02-04,,Suspended,792.4,Unique,present,MISSING,PROVIDED,PROVIDED
MCH6764,Rama Vora,4131,Other / Misc,Partnership,Hyderabad,Telangana,2025-08-22,XXXX1624,Active,892.82,Unique,present,MASKED,PROVIDED,PROVIDED
MCH7042,Halder Kalla,5999,Other / Misc,Private Limited,Pune,Maharashtra,2023-09-26,,Active,1230.3,Found Duplicate,present,MISSING,PROVIDED,PROVIDED
MCH2897,Bath Ltd,5999,Other / Misc,Private Limited,Hyderabad,Telangana,2025-07-23,,Active,2239.12,Unique,present,MISSING,PROVIDED,PROVIDED
MCH4245,Dua Group,4131,Other / Misc,Partnership,Ludhiana,Punjab,2024-07-25,0504410036,Active,323.1,Unique,present,VALID_NUMERIC,PROVIDED,PROVIDED
MCH7465,Bhatt Group,5999,Other / Misc,Individual,Pune,Maharashtra,2023-10-04,XXXX7739,Active,3040.67,Unique,present,MASKED,PROVIDED,PROVIDED
MCH7997,"Rattan, Naik And Singh",5999,Other / Misc,Individual,Pune,Maharashtra,2024-05-31,MFLT0388804537888,Unknown,397.79,Unique,present,ALPHANUMERIC_IBAN,PROVIDED,PROVIDED
MCH8131,Sekhon Agrawal,5999,Other / Misc,Private Limited,Kolkata,West Bengal,2023-05-15,,Inactive,5430.66,Unique,present,MISSING,PROVIDED,PROVIDED
MCH5851,"Dugar, Shanker And Bedi",5999,Other / Misc,Sole Proprietorship,Pune,Maharashtra,2024-07-24,,Active,1000.2,Found Duplicate,present,MISSING,PROVIDED,PROVIDED
MCH4690,"Dutt, Mukhopadhyay And Dara",5999,Other / Misc,Sole Proprietorship,Amritsar,Punjab,2023-04-24,HYJC1967089654932,Suspended,390.23,Found Duplicate,present,ALPHANUMERIC_IBAN,PROVIDED,PROVIDED
MCH9928,Kalita Dave,5999,Other / Misc,Private Limited,Mumbay,Maharashtra,2023-02-14,,Active,2034.32,Found Duplicate,present,MISSING,PROVIDED,PROVIDED
MCH5288,"Thaman, Muni And Om",5999,Other / Misc,Sole Proprietorship,Pune,Maharashtra,2023-07-08,7391241084,Unknown,1015.84,Found Duplicate,present,VALID_NUMERIC,PROVIDED,PROVIDED
MCH3819,Butala Patla,5999,Other / Misc,Individual,Delhi,Delhi,2023-04-08,XXXX5729,Active,2466.12,Unique,present,MASKED,PROVIDED,PROVIDED
MCH3771,Bumb Inc,5999,Other / Misc,Partnership,Lucknow,Uttar Pradesh,2024-11-06,,Unknown,2602.75,Unique,present,MISSING,PROVIDED,PROVIDED
MCH3570,Sura Barman,5999,Other / Misc,Private Limited,Jalandhar,Punjab,2023-05-22,5640847872,Inactive,0.1099,Unique,present,VALID_NUMERIC,PROVIDED,PROVIDED
MCH1593,Wali Murthy,5999,Other / Misc,Sole Proprietorship,Bengaluru,Karnataka,2026-02-23,XXXX7216,Active,15388.22,Unique,present,MASKED,PROVIDED,PROVIDED
MCH7609,"Nagy, Bhat And Chaudhuri",4131,Other / Misc,Individual,Delhi,Delhi,2024-01-10,XXXX5106,Active,3649.36,Found Duplicate,present,MASKED,PROVIDED,PROVIDED
MCH7034,Bhavsar Llc,5999,Other / Misc,Partnership,Delhi,Delhi,2025-06-11,,Active,0.251,Found Duplicate,present,MISSING,PROVIDED,PROVIDED
MCH5963,Mukhopadhyay Ltd,5999,Other / Misc,Partnership,Pune,Maharashtra,2023-04-09,XXXX5492,Inactive,5714.63,Found Duplicate,present,MASKED,PROVIDED,PROVIDED
MCH4623,"Gokhale, Ranganathan And Shenoy",5999,Other / Misc,Private Limited,Hyderabad,Telangana,2025-08-17,0347099856,Active,0.171,Found Duplicate,present,VALID_NUMERIC,PROVIDED,PROVIDED
MCH4977,Arora Nayak,5999,Other / Misc,Individual,Ludhiana,Punjab,2025-05-03,,Active,1505.38,Unique,present,MISSING,PROVIDED,PROVIDED
MCH8110,Kamdar Raval,5999,Other / Misc,Partnership,Lucknow,Uttar Pradesh,2023-07-13,,Inactive,768.59,Found Duplicate,present,MISSING,PROVIDED,PROVIDED
MCH1020,Garg Kale,4131,Other / Misc,Sole Proprietorship,Amritsar,Punjab,2023-05-09,,Active,1015.68,Unique,present,MISSING,PROVIDED,PROVIDED
MCH3509,Tandon Thakur,5999,Other / Misc,Private Limited,Pune,Maharashtra,2024-03-27,TBRS8526244076916,Active,253.7,Found Duplicate,present,ALPHANUMERIC_IBAN,PROVIDED,PROVIDED
MCH8188,"Ram, Krish And Pai",5999,Other / Misc,Partnership,Lucknow,Uttar Pradesh,2025-02-16,XXXX6724,Inactive,734.28,Unique,present,MASKED,PROVIDED,PROVIDED
MCH2816,Yogi Palan,5999,Other / Misc,Individual,Mumbai,Maharashtra,2025-02-14,YLAY0045447026896,Suspended,2753.81,Found Duplicate,present,ALPHANUMERIC_IBAN,PROVIDED,PROVIDED
MCH8784,"Iyengar, Savant And Sehgal",4131,Other / Misc,Private Limited,Mumbai,Maharashtra,2024-01-12,,Unknown,0.575,Unique,present,MISSING,PROVIDED,PROVIDED
MCH6030,"Dhillon, Sunder And Sodhi",5999,Other / Misc,Partnership,Jaipur,Rajasthan,2025-02-19,FIPF1132011620068,Active,884.98,Unique,present,ALPHANUMERIC_IBAN,PROVIDED,PROVIDED
MCH5236,Basak Madan,5999,Other / Misc,Private Limited,Delhi,Delhi,,1939509420,Active,389.03,Found Duplicate,missing,VALID_NUMERIC,PROVIDED,PROVIDED
MCH4221,"Rastogi, Goda And Naidu",5999,Other / Misc,Individual,Jalandhar,Punjab,,,Active,745.75,Unique,missing,MISSING,PROVIDED,PROVIDED
MCH7144,"Char, Kapadia And Palla",5999,Other / Misc,Private Limited,Mumbai,Maharashtra,2025-03-23,8545782179,Inactive,4555.85,Unique,present,VALID_NUMERIC,PROVIDED,PROVIDED
MCH8929,Suri Toor,5999,Other / Misc,Individual,Hyderabad,Telangana,,,Active,0.447,Found Duplicate,missing,MISSING,PROVIDED,PROVIDED
MCH6502,Mall Plc,5999,Other / Misc,Sole Proprietorship,Chennai,Tamil Nadu,2025-05-10,,Inactive,1695.37,Unique,present,MISSING,PROVIDED,PROVIDED
MCH4421,Natarajan Borah,5999,Other / Misc,Sole Proprietorship,Mumbai,Maharashtra,2024-11-21,,Active,1261.07,Found Duplicate,present,MISSING,PROVIDED,PROVIDED
MCH2357,Shan Ltd,5999,Other / Misc,Individual,Jalandhar,Punjab,2025-06-16,XXXX8144,Active,945.26,Unique,present,MASKED,PROVIDED,PROVIDED
MCH1115,Nadkarni Llc,4131,Other / Misc,Partnership,Jalandhar,Punjab,,,Active,0.6943,Unique,missing,MISSING,PROVIDED,PROVIDED
MCH5511,"Pandya, Dugar And Dube",5999,Other / Misc,Individual,Delhi,Delhi,2025-09-02,,Active,997.89,Unique,present,MISSING,PROVIDED,PROVIDED
MCH6033,"Sama, Basak And Majumdar",5999,Other / Misc,Private Limited,Hyderabad,Telangana,2025-03-05,0665928024,Active,0.365,Found Duplicate,present,VALID_NUMERIC,PROVIDED,PROVIDED
MCH2205,Mannan And Sons,5999,Other / Misc,Sole Proprietorship,Ludhiana,Punjab,2023-07-23,XXXX7174,Inactive,490.97,Found Duplicate,present,MASKED,PROVIDED,PROVIDED
MCH5027,Mukhopadhyay Brar,5999,Other / Misc,Partnership,Ludhiana,Punjab,2023-10-17,CWYO9756460575495,Unknown,3103.67,Unique,present,ALPHANUMERIC_IBAN,PROVIDED,PROVIDED
MCH4411,"Kale, Issac And Sibal",5999,Other / Misc,Private Limited,Mumbai,Maharashtra,2025-12-23,GYAZ8851086848708,Unknown,566.46,Unique,present,ALPHANUMERIC_IBAN,PROVIDED,PROVIDED
MCH9456,"Rajagopalan, Luthra And Singh",5999,Other / Misc,Individual,Delhi,Delhi,2025-09-22,XXXX4617,Unknown,1015.84,Found Duplicate,present,MASKED,PROVIDED,MISSING_OR_INVALID
MCH7023,Mannan Mallick,5999,Other / Misc,Individual,Hyderabad,Telangana,,BQNS1502974429250,Active,1891.27,Found Duplicate,missing,ALPHANUMERIC_IBAN,PROVIDED,PROVIDED
MCH2177,"Boase, Bajaj And Krish",5999,Other / Misc,Private Limited,Jalandhar,Punjab,2025-08-01,,Active,420.77,Found Duplicate,present,MISSING,PROVIDED,PROVIDED
MCH2532,Chad Inc,5999,Other / Misc,Partnership,Jaipur,Rajasthan,2023-11-01,SDKV0929160095786,Inactive,351.38,Unique,present,ALPHANUMERIC_IBAN,PROVIDED,PROVIDED
MCH7181,"Dar, Dada And Kala",4131,Other / Misc,Partnership,Kolkata,West Bengal,2023-04-14,XXXX4833,Active,859.59,Unique,present,MASKED,PROVIDED,PROVIDED
MCH6200,"Sen, Walla And Bath",5999,Other / Misc,Private Limited,Delhi,Delhi,2024-01-29,,Active,1015.84,Found Duplicate,present,MISSING,PROVIDED,MISSING_OR_INVALID
MCH9595,Kapur Inc,5999,Other / Misc,Private Limited,Chennai,Tamil Nadu,2023-10-26,FKYL3305691122715,Active,1015.84,Unique,present,ALPHANUMERIC_IBAN,PROVIDED,MISSING_OR_INVALID
MCH6559,"Master, Dutta And Dash",5999,Other / Misc,Individual,Ludhiana,Punjab,2024-05-12,,Active,0.521,Found Duplicate,present,MISSING,PROVIDED,PROVIDED
MCH5070,Rau Nagar,5999,Other / Misc,Private Limited,Chennai,Tamil Nadu,2024-12-04,,Active,0.11139,Found Duplicate,present,MISSING,PROVIDED,PROVIDED
MCH1889,Bakshi Llc,5999,Other / Misc,Individual,Jalandhar,Punjab,2024-02-13,XXXX2818,Active,2474.04,Unique,present,MASKED,PROVIDED,PROVIDED
MCH6819,"Arya, Bassi And Kaur",5999,Other / Misc,Partnership,Amritsar,Punjab,2025-11-19,,Active,2433.05,Found Duplicate,present,MISSING,PROVIDED,PROVIDED
MCH8226,Das Subramanian,5999,Other / Misc,Partnership,Jaipur,Rajasthan,2024-03-26,6578658444,Active,789.74,Unique,present,VALID_NUMERIC,PROVIDED,PROVIDED
MCH4922,Cheema Group,5999,Other / Misc,Partnership,Hyderabad,Telangana,2024-03-20,,Active,324.81,Unique,present,MISSING,PROVIDED,PROVIDED
MCH9975,Nadkarni Sane,5999,Other / Misc,Sole Proprietorship,Delhi,Delhi,2025-08-02,XXXX7415,Active,4465.19,Found Duplicate,present,MASKED,PROVIDED,PROVIDED
MCH9228,Ram Inc,5999,Other / Misc,Individual,Hyderabad,Telangana,2025-10-19,XXXX4276,Unknown,1661.79,Unique,present,MASKED,PROVIDED,PROVIDED
MCH8470,Munshi Reddy,5999,Other / Misc,Sole Proprietorship,Pune,Maharashtra,2025-12-29,,Unknown,0.1203,Found Duplicate,present,MISSING,PROVIDED,PROVIDED
MCH1234,Comar Kari,4131,Other / Misc,Sole Proprietorship,Jalandhar,Punjab,,IUGP6821222732474,Active,1120.89,Found Duplicate,missing,ALPHANUMERIC_IBAN,PROVIDED,PROVIDED
MCH1879,Muni Sachdeva,5999,Other / Misc,Individual,Chennai,Tamil Nadu,2023-12-16,XXXX4876,Active,687.52,Found Duplicate,present,MASKED,PROVIDED,PROVIDED
MCH5898,"Dalal, Bhavsar And Taneja",5999,Other / Misc,Private Limited,Kolkata,West Bengal,2025-05-19,,Unknown,2660.29,Found Duplicate,present,MISSING,PROVIDED,PROVIDED
MCH4741,Kara And Sons,5999,Other / Misc,Partnership,Jaipur,Rajasthan,2023-02-13,XXXX2970,Active,2009.21,Unique,present,MASKED,PROVIDED,PROVIDED
MCH8890,"Kumar, Yogi And Seshadri",5999,Other / Misc,Sole Proprietorship,Lucknow,Uttar Pradesh,2025-12-01,,Active,535.53,Found Duplicate,present,MISSING,PROVIDED,PROVIDED
MCH2528,Cherian Ltd,5999,Other / Misc,Private Limited,Jalandhar,Punjab,2024-08-03,,Active,830.85,Found Duplicate,present,MISSING,PROVIDED,PROVIDED
MCH7325,Chatterjee Manda,5999,Other / Misc,Individual,Kolkata,West Bengal,2023-01-04,8809607607,Unknown,0.142,Unique,present,VALID_NUMERIC,PROVIDED,PROVIDED
MCH8932,"Venkatesh, Nayak And Ravel",5999,Other / Misc,Private Limited,Lucknow,Uttar Pradesh,2023-01-01,STLO0893921270298,Active,1585.03,Unique,present,ALPHANUMERIC_IBAN,PROVIDED,PROVIDED
MCH5856,"Wason, Savant And Bahl",5999,Other / Misc,Individual,Mumbai,Maharashtra,2026-11-02,,Active,944.06,Unique,present,MISSING,PROVIDED,PROVIDED
MCH4577,"Acharya, Apte And Bajwa",5999,Other / Misc,Sole Proprietorship,Chennai,Tamil Nadu,2025-09-14,XXXX2492,Active,461.44,Found Duplicate,present,MASKED,PROVIDED,PROVIDED
MCH8980,Sibal And Sons,5999,Other / Misc,Sole Proprietorship,Kolkata,West Bengal,,NSXF9069953614841,Active,972.53,Found Duplicate,missing,ALPHANUMERIC_IBAN,PROVIDED,PROVIDED
MCH7063,"Thaker, Grover And Mohanty",5999,Other / Misc,Individual,Delhi,Delhi,2024-01-19,,Inactive,1015.84,Found Duplicate,present,MISSING,PROVIDED,MISSING_OR_INVALID
MCH4676,Shan Inc,5999,Other / Misc,Sole Proprietorship,Mumbai,Maharashtra,2026-01-20,DCZB8927650142403,Active,2805.31,Unique,present,ALPHANUMERIC_IBAN,PROVIDED,PROVIDED
MCH7095,Deshmukh Sarna,5999,Other / Misc,Individual,Bengaluru,Karnataka,2023-06-10,,Unknown,560.73,Found Duplicate,present,MISSING,PROVIDED,PROVIDED
MCH4875,"Sangha, Sodhi And Banik",5999,Other / Misc,Sole Proprietorship,Kolkata,West Bengal,2023-12-03,,Inactive,303.18,Unique,present,MISSING,PROVIDED,PROVIDED
MCH8331,Yogi Inc,5999,Other / Misc,Sole Proprietorship,Bengaluru,Karnataka,2025-05-07,,Inactive,1372.86,Unique,present,MISSING,PROVIDED,PROVIDED
MCH7582,Gola Ltd,4131,Other / Misc,Individual,Kolkata,West Bengal,2024-07-31,,Active,1056.25,Unique,present,MISSING,PROVIDED,PROVIDED
MCH5293,Pingle Plc,5999,Other / Misc,Individual,Delhi,Delhi,2023-03-09,XXXX2228,Active,1088.29,Found Duplicate,present,MASKED,PROVIDED,PROVIDED
MCH2730,Hans Llc,5999,Other / Misc,Individual,Jaipur,Rajasthan,2025-06-23,,Active,1392.27,Found Duplicate,present,MISSING,PROVIDED,PROVIDED
MCH3758,Dube Ltd,5999,Other / Misc,Sole Proprietorship,Delhi,Delhi,2023-09-10,7052831071,Active,1607.42,Unique,present,VALID_NUMERIC,PROVIDED,PROVIDED
MCH2133,Bose Saraf,5999,Other / Misc,Sole Proprietorship,Mumbai,Maharashtra,2024-09-19,6035698626,Active,434.11,Found Duplicate,present,VALID_NUMERIC,PROVIDED,PROVIDED
MCH6072,"Bassi, Sarma And Yohannan",5999,Other / Misc,Sole Proprietorship,Chennai,Tamil Nadu,2024-01-14,OFUG5890068758335,Active,1959.53,Unique,present,ALPHANUMERIC_IBAN,PROVIDED,PROVIDED
MCH1340,Pingle Lad,5999,Other / Misc,Individual,Chennai,Tamil Nadu,2023-02-09,,Active,1015.84,Found Duplicate,present,MISSING,PROVIDED,MISSING_OR_INVALID
MCH7639,Brar Chana,5999,Other / Misc,Sole Proprietorship,Mumbai,Maharashtra,2025-02-20,XXXX2309,Unknown,4805.68,Found Duplicate,present,MASKED,PROVIDED,PROVIDED
MCH3594,Khalsa Inc,5999,Other / Misc,Partnership,Chennai,Tamil Nadu,,7162144056,Active,0.381,Found Duplicate,missing,VALID_NUMERIC,PROVIDED,PROVIDED
MCH1816,"Dass, Chaudhry And Peri",5999,Other / Misc,Sole Proprietorship,Jaipur,Rajasthan,2024-05-03,,Active,800.46,Found Duplicate,present,MISSING,PROVIDED,PROVIDED
MCH8955,"Gade, Venkatesh And Bedi",5999,Other / Misc,Sole Proprietorship,Bengaluru,Karnataka,2023-05-13,LWFG7573237346886,Active,455.69,Found Duplicate,present,ALPHANUMERIC_IBAN,PROVIDED,PROVIDED
MCH1097,"Narayan, Datta And Chowdhury",5999,Other / Misc,Individual,Lucknow,Uttar Pradesh,2025-05-09,,Active,343.8,Unique,present,MISSING,PROVIDED,PROVIDED
MCH3163,Hora Peri,5999,Other / Misc,Partnership,Kolkata,West Bengal,2025-08-22,CRLP7276100496707,Active,1015.84,Found Duplicate,present,ALPHANUMERIC_IBAN,PROVIDED,MISSING_OR_INVALID
MCH3242,"Upadhyay, Dash And Vaidya",5999,Other / Misc,Partnership,Jaipur,Rajasthan,,,Active,1731.73,Unique,missing,MISSING,PROVIDED,PROVIDED
MCH2701,Bail Ltd,5999,Other / Misc,Individual,Jaipur,Rajasthan,2025-02-27,JFSQ7616747260509,Active,863.24,Found Duplicate,present,ALPHANUMERIC_IBAN,PROVIDED,PROVIDED
MCH1353,Lata Llc,5999,Other / Misc,Individual,Kolkata,West Bengal,,,Suspended,1213.36,Found Duplicate,missing,MISSING,PROVIDED,PROVIDED
MCH4444,Kara Murty,5999,Other / Misc,Partnership,Jaipur,Rajasthan,2023-11-24,SVOB9088353520562,Unknown,1214.6,Found Duplicate,present,ALPHANUMERIC_IBAN,PROVIDED,PROVIDED
MCH9041,Kade Sahota,4131,Other / Misc,Individual,Pune,Maharashtra,,8030172107,Active,2738.21,Unique,missing,VALID_NUMERIC,PROVIDED,PROVIDED
MCH1288,"Jain, Loke And Zacharia",4131,Other / Misc,Sole Proprietorship,Bengaluru,Karnataka,2023-07-17,XXXX2041,Unknown,915.81,Unique,present,MASKED,PROVIDED,PROVIDED
MCH8062,Randhawa Kata,5999,Other / Misc,Individual,Mumbai,Maharashtra,2024-03-31,,Active,0.1473,Unique,present,MISSING,PROVIDED,PROVIDED
MCH1229,Hayre Inc,5999,Other / Misc,Sole Proprietorship,Kolkata,West Bengal,2023-08-14,,Active,527.5,Found Duplicate,present,MISSING,PROVIDED,PROVIDED
MCH8346,Sane Ben,5999,Other / Misc,Private Limited,Kolkata,West Bengal,2024-04-03,IXCA8152224460445,Active,2955.96,Found Duplicate,present,ALPHANUMERIC_IBAN,PROVIDED,PROVIDED
MCH1709,Sachdeva Khanna,5999,Other / Misc,Partnership,Chennai,Tamil Nadu,2023-08-25,XXXX5946,Active,481.17,Unique,present,MASKED,PROVIDED,PROVIDED
MCH2201,"Date, Muni And Dasgupta",5999,Other / Misc,Individual,Kolkata,West Bengal,2023-12-07,EYWQ3550445400883,Unknown,238.32,Found Duplicate,present,ALPHANUMERIC_IBAN,PROVIDED,PROVIDED
MCH7895,Pau Plc,5999,Other / Misc,Individual,Amritsar,Punjab,2023-08-06,,Active,0.583,Unique,present,MISSING,PROVIDED,PROVIDED
MCH1876,"Deol, Sandal And Nagi",5999,Other / Misc,Partnership,Bengaluru,Karnataka,2024-04-29,KRVT6824787386581,Unknown,603.93,Unique,present,ALPHANUMERIC_IBAN,PROVIDED,PROVIDED
MCH4746,"Srivastava, Bhattacharyya And Morar",5999,Other / Misc,Sole Proprietorship,Chennai,Tamil Nadu,2025-07-29,,Inactive,402.85,Unique,present,MISSING,PROVIDED,PROVIDED
MCH2187,Balan And Sons,5999,Other / Misc,Sole Proprietorship,Bengaluru,Karnataka,2024-10-22,,Active,0.134,Unique,present,MISSING,PROVIDED,PROVIDED
MCH2419,Suri Ltd,5999,Other / Misc,Individual,Mumbai,Maharashtra,2024-05-02,2248391109,Active,5184.52,Unique,present,VALID_NUMERIC,PROVIDED,PROVIDED
MCH3941,"Khanna, Sama And Korpal",5999,Other / Misc,Sole Proprietorship,Pune,Maharashtra,,,Active,1016.43,Found Duplicate,missing,MISSING,PROVIDED,PROVIDED
MCH6645,Buch Llc,4131,Other / Misc,Private Limited,Amritsar,Punjab,2024-09-25,,Active,102.32,Found Duplicate,present,MISSING,PROVIDED,PROVIDED
MCH2973,"Bhargava, Dani And Krishnamurthy",4131,Other / Misc,Partnership,Ludhiana,Punjab,2023-08-30,,Active,3748.31,Unique,present,MISSING,PROVIDED,PROVIDED
MCH7495,Dhingra And Sons,5999,Other / Misc,Sole Proprietorship,Jalandhar,Punjab,,XXXX0797,Inactive,3168.53,Found Duplicate,missing,MASKED,PROVIDED,PROVIDED
MCH8555,Ar0Ra Plc,5999,Other / Misc,Private Limited,Delhi,Delhi,2023-04-15,9465965379,Active,0.1643,Found Duplicate,present,VALID_NUMERIC,PROVIDED,PROVIDED
MCH5683,"Ramesh, Bhalla And Murthy",4131,Other / Misc,Private Limited,Kolkata,West Bengal,2025-02-12,,Active,0.3635,Found Duplicate,present,MISSING,PROVIDED,PROVIDED
MCH8697,Karnik Ltd,5999,Other / Misc,Sole Proprietorship,Hyderabad,Telangana,2023-01-19,ELBE1390395985700,Active,353.31,Unique,present,ALPHANUMERIC_IBAN,PROVIDED,PROVIDED
MCH7540,Solanki Inc,5999,Other / Misc,Partnership,Jalandhar,Punjab,2024-04-08,XXXX7550,Active,579.73,Found Duplicate,present,MASKED,PROVIDED,PROVIDED
MCH1704,"Shukla, Hari And Chopra",4131,Other / Misc,Sole Proprietorship,Lucknow,Uttar Pradesh,2023-08-04,,Inactive,2965.45,Unique,present,MISSING,PROVIDED,PROVIDED
MCH7648,"Trivedi, Ramachandran And Keer",5999,Other / Misc,Private Limited,Hyderabad,Telangana,2024-11-12,7503405109,Suspended,1840.11,Unique,present,VALID_NUMERIC,PROVIDED,PROVIDED
MCH6939,Sampath Ltd,5999,Other / Misc,Sole Proprietorship,Lucknow,Uttar Pradesh,2025-01-07,XXXX8052,Active,2962.51,Found Duplicate,present,MASKED,PROVIDED,PROVIDED
MCH8999,"Borde, Reddy And Mital",4131,Other / Misc,Sole Proprietorship,Jalandhar,Punjab,2024-06-30,JAYY6619396625712,Active,561.7,Found Duplicate,present,ALPHANUMERIC_IBAN,PROVIDED,PROVIDED
MCH6299,Pathak Mukherjee,5999,Other / Misc,Individual,Delhi,Delhi,2025-02-02,,Suspended,256.83,Found Duplicate,present,MISSING,PROVIDED,PROVIDED
MCH8661,Kapoor And Sons,5999,Other / Misc,Partnership,Mumbai,Maharashtra,,,Active,1762.47,Unique,missing,MISSING,PROVIDED,PROVIDED
MCH6548,"Nayak, Kannan And Chatterjee",5999,Other / Misc,Private Limited,Jaipur,Rajasthan,2025-07-28,,Active,2065.28,Found Duplicate,present,MISSING,PROVIDED,PROVIDED
MCH3501,Chandran Tripathi,5999,Other / Misc,Private Limited,Mumbai,Maharashtra,,1873775978,Active,1658.21,Unique,missing,VALID_NUMERIC,PROVIDED,PROVIDED
MCH2444,Barman Prakash,5999,Other / Misc,Individual,Chennai,Tamil Nadu,,,Unknown,1015.84,Found Duplicate,missing,MISSING,PROVIDED,MISSING_OR_INVALID
MCH3786,Ratta Bhasin,5999,Other / Misc,Partnership,Bengaluru,Karnataka,2023-08-22,,Unknown,1037.97,Unique,present,MISSING,PROVIDED,PROVIDED
MCH7986,Pathak Inc,5999,Other / Misc,Individual,Chennai,Tamil Nadu,2024-05-30,,Inactive,1602.91,Unique,present,MISSING,PROVIDED,PROVIDED
MCH5224,Prabhakar Baral,5999,Other / Misc,Sole Proprietorship,Delhi,Delhi,2024-06-02,VAHS1051982392955,Unknown,873.18,Unique,present,ALPHANUMERIC_IBAN,PROVIDED,PROVIDED
MCH6795,"Hans, Majumdar And Mangat",5999,Other / Misc,Individual,Hyderabad,Telangana,2023-06-05,,Active,1573.9,Unique,present,MISSING,PROVIDED,PROVIDED
MCH6903,Lata Raja,4131,Other / Misc,Sole Proprietorship,Pune,Maharashtra,2023-06-08,XXXX0937,Unknown,0.2296,Found Duplicate,present,MASKED,PROVIDED,PROVIDED
MCH5497,Dayal And Sons,5999,Other / Misc,Private Limited,Delhi,Delhi,2024-04-28,XXXX0595,Active,1767.24,Found Duplicate,present,MASKED,PROVIDED,PROVIDED
MCH1448,Tak And Sons,5999,Other / Misc,Sole Proprietorship,Mumbay,Maharashtra,2024-03-30,XXXX9348,Active,2897.23,Unique,present,MASKED,PROVIDED,PROVIDED
MCH7630,"Rama, Kalita And Jha",4131,Other / Misc,Individual,Mumbai,Maharashtra,2025-10-01,2315692507,Active,0.2393,Unique,present,VALID_NUMERIC,PROVIDED,PROVIDED
MCH8761,Pal Llc,5999,Other / Misc,Private Limited,Ludhiana,Punjab,,,Active,759.79,Found Duplicate,missing,MISSING,PROVIDED,PROVIDED
MCH6979,Tiwari And Sons,5999,Other / Misc,Sole Proprietorship,Mumbai,Maharashtra,,XXXX1209,Active,0.2312,Found Duplicate,missing,MASKED,PROVIDED,PROVIDED
MCH9739,"Gupta, Bhatia And Dhillon",4131,Other / Misc,Private Limited,Jaipur,Rajasthan,2025-03-20,,Unknown,374.45,Unique,present,MISSING,PROVIDED,PROVIDED
MCH5416,Yadav Llc,4131,Other / Misc,Private Limited,Jalandhar,Punjab,,,Active,898.37,Found Duplicate,missing,MISSING,PROVIDED,PROVIDED
MCH2430,Balay Golla,5999,Other / Misc,Sole Proprietorship,Jalandhar,Punjab,2023-01-17,0079601658,Inactive,612.46,Found Duplicate,present,VALID_NUMERIC,PROVIDED,PROVIDED
MCH9133,"Rai, Nadig And Karpe",4131,Other / Misc,Private Limited,Ludhiana,Punjab,2025-03-09,,Active,268.65,Unique,present,MISSING,PROVIDED,PROVIDED
MCH8941,Iyer Llc,5999,Other / Misc,Sole Proprietorship,Ludhiana,Punjab,2023-01-24,EATG9868970979253,Active,2580.56,Found Duplicate,present,ALPHANUMERIC_IBAN,PROVIDED,PROVIDED
MCH6455,Luthra Wable,5999,Other / Misc,Partnership,Mumbai,Maharashtra,2023-04-09,7955476293,Active,1528.51,Unique,present,VALID_NUMERIC,PROVIDED,PROVIDED
MCH3402,"Lala, Loyal And Trivedi",5999,Other / Misc,Partnership,Pune,Maharashtra,2025-12-14,4812392751,Inactive,1152.61,Unique,present,VALID_NUMERIC,PROVIDED,PROVIDED
MCH7837,Wali Group,5999,Other / Misc,Individual,Kolkata,West Bengal,2023-06-03,,Inactive,803.03,Found Duplicate,present,MISSING,PROVIDED,PROVIDED
MCH9941,Bava And Sons,5999,Other / Misc,Private Limited,Hyderabad,Telangana,2024-02-12,8632655432,Active,2534.64,Found Duplicate,present,VALID_NUMERIC,PROVIDED,PROVIDED
MCH6586,Pandya Plc,5999,Other / Misc,Individual,Bengaluru,Karnataka,2024-04-29,ADLW1268933500473,Active,0.52,Unique,present,ALPHANUMERIC_IBAN,PROVIDED,PROVIDED
MCH1084,Krishnamurthy Inc,5999,Other / Misc,Private Limited,Jalandhar,Punjab,2025-04-21,7207827487,Active,4469.21,Unique,present,VALID_NUMERIC,PROVIDED,PROVIDED
MCH8566,Magar Kota,4131,Other / Misc,Partnership,Amritsar,Punjab,2026-03-01,,Active,1353.18,Unique,present,MISSING,PROVIDED,PROVIDED
MCH1518,Saini Gole,5999,Other / Misc,Private Limited,Jalandhar,Punjab,2023-07-08,,Active,957.31,Found Duplicate,present,MISSING,PROVIDED,PROVIDED
MCH6302,Gour Rattan,5999,Other / Misc,Individual,Hyderabad,Telangana,2024-09-29,HNZM4152862016158,Active,966.01,Unique,present,ALPHANUMERIC_IBAN,PROVIDED,PROVIDED
MCH4805,Joshi Plc,5999,Other / Misc,Sole Proprietorship,Hyderabad,Telangana,2023-08-26,,Active,4206.25,Found Duplicate,present,MISSING,PROVIDED,PROVIDED
MCH5559,Grewal Mohanty,5999,Other / Misc,Private Limited,Jalandhar,Punjab,2024-04-23,,Active,1466.58,Found Duplicate,present,MISSING,PROVIDED,PROVIDED
MCH9591,Bali Group,5999,Other / Misc,Sole Proprietorship,Ludhiana,Punjab,2026-01-14,,Unknown,3007.14,Unique,present,MISSING,PROVIDED,PROVIDED
MCH4765,Baral Inc,5999,Other / Misc,Private Limited,Ludhiana,Punjab,,,Inactive,2514.87,Found Duplicate,missing,MISSING,PROVIDED,PROVIDED
MCH2133,Bose Saraf,5999,Other / Misc,Sole Proprietorship,Mumbai,Maharashtra,2024-09-19,6035698626,Suspended,434.11,Found Duplicate,present,VALID_NUMERIC,PROVIDED,PROVIDED
MCH1441,"Kakar, Parsa And Sodhi",5999,Other / Misc,Partnership,Lucknow,Uttar Pradesh,2024-09-06,SBUL4886955523512,Active,1723.15,Unique,present,ALPHANUMERIC_IBAN,PROVIDED,PROVIDED
MCH7074,Yogi Group,5999,Other / Misc,Individual,Bengaluru,Karnataka,2024-04-19,XXXX7029,Active,0.39,Found Duplicate,present,MASKED,PROVIDED,PROVIDED
MCH2313,Gulati Llc,5999,Other / Misc,Private Limited,Kolkata,West Bengal,2024-06-09,PWIA0473863869043,Inactive,3231.31,Unique,present,ALPHANUMERIC_IBAN,PROVIDED,PROVIDED
MCH9975,Nadkarni Sane,5999,Other / Misc,Sole Proprietorship,Delhi,Delhi,2025-08-02,XXXX7415,Suspended,4465.19,Found Duplicate,present,MASKED,PROVIDED,PROVIDED
MCH6861,Venkataraman Ltd,5999,Other / Misc,Private Limited,Mumbai,Maharashtra,2023-07-24,2685186379,Active,0.81,Found Duplicate,present,VALID_NUMERIC,PROVIDED,PROVIDED
MCH1756,Ben And Sons,5999,Other / Misc,Private Limited,Hyderabad,Telangana,2023-08-02,XXXX4519,Unknown,1706.9,Found Duplicate,present,MASKED,PROVIDED,PROVIDED
MCH4524,Tara Ltd,5999,Other / Misc,Private Limited,Hyderabad,Telangana,2025-07-23,,Active,1296.94,Unique,present,MISSING,PROVIDED,PROVIDED
MCH8365,Banik Plc,5999,Other / Misc,Private Limited,Jalandhar,Punjab,2024-01-11,XXXX2609,Active,0.3523,Found Duplicate,present,MASKED,PROVIDED,PROVIDED
MCH3564,"Konda, Natarajan And Chawla",5999,Other / Misc,Private Limited,Amritsar,Punjab,2025-10-08,,Active,982.65,Found Duplicate,present,MISSING,PROVIDED,PROVIDED
MCH8337,Date Mand,5999,Other / Misc,Partnership,Ludhiana,Punjab,2023-01-31,UXDC3751207514110,Inactive,333.78,Found Duplicate,present,ALPHANUMERIC_IBAN,PROVIDED,PROVIDED
MCH8211,Seth Llc,5999,Other / Misc,Partnership,Pune,Maharashtra,2024-09-08,,Active,2939.69,Found Duplicate,present,MISSING,PROVIDED,PROVIDED
MCH2019,Walla Ranganathan,5999,Other / Misc,Partnership,Bengaluru,Karnataka,2024-05-22,,Active,1915.39,Unique,present,MISSING,PROVIDED,PROVIDED
MCH6200,"Sen, Walla And Bath",5999,Other / Misc,Private Limited,Delhi,Delhi,2024-01-29,,Inactive,1015.84,Found Duplicate,present,MISSING,PROVIDED,MISSING_OR_INVALID
MCH2196,Badal Ghosh,5999,Other / Misc,Individual,Delhi,Delhi,2024-04-07,XXXX7232,Unknown,188.84,Unique,present,MASKED,PROVIDED,PROVIDED
MCH5052,Pillay Bora,5999,Other / Misc,Partnership,Hyderabad,Telangana,2024-01-04,XXXX9697,Active,0.1127,Unique,present,MASKED,PROVIDED,PROVIDED
MCH2022,Nagi Gala,5999,Other / Misc,Individual,Chennai,Tamil Nadu,2024-04-08,,Active,3182.35,Unique,present,MISSING,PROVIDED,PROVIDED
MCH3214,Dubey Inc,4131,Other / Misc,Individual,Bengaluru,Karnataka,2024-07-24,1238686450,Active,0.2052,Found Duplicate,present,VALID_NUMERIC,PROVIDED,PROVIDED
MCH9100,Dey Bandi,5999,Other / Misc,Sole Proprietorship,Mumbai,Maharashtra,2023-01-23,XLOL4843036264872,Active,707.08,Unique,present,ALPHANUMERIC_IBAN,PROVIDED,PROVIDED
MCH1454,Mishra Batra,5999,Other / Misc,Sole Proprietorship,Hyderabad,Telangana,2025-02-12,ARMV5646544388660,Active,163.44,Found Duplicate,present,ALPHANUMERIC_IBAN,PROVIDED,PROVIDED
MCH3845,Hora Bath,4131,Other / Misc,Individual,Bengaluru,Karnataka,2024-08-16,8760940800,Active,2098.39,Found Duplicate,present,VALID_NUMERIC,PROVIDED,PROVIDED
MCH4170,Bassi Group,5999,Other / Misc,Sole Proprietorship,Ludhiana,Punjab,2024-10-13,7567135746,Unknown,591.58,Found Duplicate,present,VALID_NUMERIC,PROVIDED,PROVIDED
MCH8446,Kuruvi11A Gr0Up,5999,Other / Misc,Sole Proprietorship,Chennai,Tamil Nadu,2025-07-07,,Active,979.24,Found Duplicate,present,MISSING,PROVIDED,PROVIDED
MCH2737,"Sani, Chowdhury And Ganesan",5999,Other / Misc,Partnership,Bengaluru,Karnataka,2023-05-01,1105547451,Unknown,610.07,Unique,present,VALID_NUMERIC,PROVIDED,PROVIDED
MCH2698,Purohit Issac,5999,Other / Misc,Individual,Ludhiana,Punjab,2023-04-15,1149607185,Inactive,798.99,Found Duplicate,present,VALID_NUMERIC,PROVIDED,PROVIDED
MCH1959,"Barad, Bala And Chad",5999,Other / Misc,Individual,Pune,Maharashtra,2025-10-12,,Active,578.42,Found Duplicate,present,MISSING,PROVIDED,PROVIDED
MCH6213,Sangha Llc,5999,Other / Misc,Private Limited,Delhi,Delhi,2025-03-12,,Active,0.722,Unique,present,MISSING,PROVIDED,PROVIDED
MCH1277,Deol Nayak,4131,Other / Misc,Individual,Bengaluru,Karnataka,,,Active,0.1188,Found Duplicate,missing,MISSING,PROVIDED,PROVIDED
MCH3296,Sampath Chopra,5999,Other / Misc,Individual,Bengaluru,Karnataka,2025-11-18,XXXX2813,Unknown,1074.2,Unique,present,MASKED,PROVIDED,PROVIDED
MCH4893,Jani Verma,5999,Other / Misc,Partnership,Jalandhar,Punjab,2023-08-11,,Active,1601.52,Unique,present,MISSING,PROVIDED,PROVIDED
MCH8727,Vig Mann,5999,Other / Misc,Partnership,Delhi,Delhi,,PYLB7387354028266,Active,157.65,Unique,missing,ALPHANUMERIC_IBAN,PROVIDED,PROVIDED
MCH6481,Kalita Inc,4131,Other / Misc,Private Limited,Mumbai,Maharashtra,2024-11-29,BFCN8370004846639,Active,1389.63,Found Duplicate,present,ALPHANUMERIC_IBAN,PROVIDED,PROVIDED
MCH5215,Tank Golla,5999,Other / Misc,Individual,Hyderabad,Telangana,2024-08-06,XXXX4115,Active,0.1953,Unique,present,MASKED,PROVIDED,PROVIDED
MCH8996,Bala Bhalla,5999,Other / Misc,Private Limited,Lucknow,Uttar Pradesh,2025-08-18,,Unknown,1146.92,Unique,present,MISSING,PROVIDED,PROVIDED
MCH9986,Tak Ltd,4131,Other / Misc,Partnership,Delhi,Delhi,2025-01-21,PVFQ1310778139722,Active,1750.99,Unique,present,ALPHANUMERIC_IBAN,PROVIDED,PROVIDED
MCH5226,Tiwari Pau,5999,Other / Misc,Individual,Lucknow,Uttar Pradesh,2023-12-24,6912933947,Active,271.33,Unique,present,VALID_NUMERIC,PROVIDED,PROVIDED
MCH3592,"Sem, Chandran And Dara",5999,Other / Misc,Sole Proprietorship,Delhi,Delhi,2023-11-15,8281028913,Inactive,1166.62,Unique,present,VALID_NUMERIC,PROVIDED,PROVIDED
MCH2593,Gour Inc,5999,Other / Misc,Sole Proprietorship,Jalandhar,Punjab,2025-10-20,4362658883,Active,1307.82,Unique,present,VALID_NUMERIC,PROVIDED,PROVIDED
MCH4284,Tand0N Inc,5999,Other / Misc,Partnership,Kolkata,West Bengal,2024-09-16,,Suspended,429.03,Found Duplicate,present,MISSING,PROVIDED,PROVIDED
MCH2831,Rastogi Devi,5999,Other / Misc,Private Limited,Delhi,Delhi,2023-10-20,XXXX4746,Active,501.88,Unique,present,MASKED,PROVIDED,PROVIDED
MCH3259,Bajaj Mann,4131,Other / Misc,Individual,Amritsar,Punjab,2024-05-09,VUFB9274060732272,Active,0.426,Found Duplicate,present,ALPHANUMERIC_IBAN,PROVIDED,PROVIDED
MCH8203,Lad Suresh,5999,Other / Misc,Partnership,Ludhiana,Punjab,2024-10-16,YJQR4818378164787,Unknown,0.937,Unique,present,ALPHANUMERIC_IBAN,PROVIDED,PROVIDED
MCH3722,Upadhyay Issac,5999,Other / Misc,Private Limited,Amritsar,Punjab,2024-01-13,8162918072,Suspended,2279.6,Found Duplicate,present,VALID_NUMERIC,PROVIDED,PROVIDED
MCH3805,Issac Munshi,5999,Other / Misc,Private Limited,Bengaluru,Karnataka,2023-02-19,2364539164,Active,0.7651,Unique,present,VALID_NUMERIC,PROVIDED,PROVIDED
MCH1494,Dave Llc,5999,Other / Misc,Private Limited,Hyderabad,Telangana,2023-08-23,,Active,14736.17,Found Duplicate,present,MISSING,PROVIDED,PROVIDED
MCH8794,"Mandal, Dalal And Sane",5999,Other / Misc,Partnership,Pune,Maharashtra,2025-02-27,,Inactive,10132.54,Found Duplicate,present,MISSING,PROVIDED,PROVIDED
MCH7912,Som Mistry,5999,Other / Misc,Partnership,Jaipur,Rajasthan,2025-08-29,,Unknown,1015.84,Found Duplicate,present,MISSING,PROVIDED,MISSING_OR_INVALID
MCH2761,Sabharwa1 Pati1,5999,Other / Misc,Private Limited,Hyderabad,Telangana,2025-04-04,,Inactive,2607.92,Unique,present,MISSING,PROVIDED,PROVIDED
MCH3369,"Yadav, Deep And Bassi",5999,Other / Misc,Individual,Lucknow,Uttar Pradesh,2024-05-16,0407364103,Active,0.786,Found Duplicate,present,VALID_NUMERIC,PROVIDED,PROVIDED
MCH8337,Padmanabhan Nanda,5999,Other / Misc,Individual,Bengaluru,Karnataka,2024-08-20,OIGZ3615629643358,Active,694.67,Found Duplicate,present,ALPHANUMERIC_IBAN,PROVIDED,PROVIDED
MCH5984,Acharya Badal,5999,Other / Misc,Sole Proprietorship,Kolkata,West Bengal,2023-03-01,,Active,0.515,Found Duplicate,present,MISSING,PROVIDED,PROVIDED
MCH8554,Mangat Plc,5999,Other / Misc,Sole Proprietorship,Mumbai,Maharashtra,2023-04-03,,Inactive,1015.84,Unique,present,MISSING,PROVIDED,MISSING_OR_INVALID
MCH9556,"Hari, Dave And Ahluwalia",4131,Other / Misc,Sole Proprietorship,Chennai,Tamil Nadu,2025-06-12,LIFR2342836809377,Active,4820.97,Unique,present,ALPHANUMERIC_IBAN,PROVIDED,PROVIDED
MCH4062,Rana Group,5999,Other / Misc,Individual,Mumbay,Maharashtra,2023-09-20,XXXX3317,Inactive,1544.23,Unique,present,MASKED,PROVIDED,PROVIDED
MCH4459,Agate Majumdar,4131,Other / Misc,Sole Proprietorship,Chennai,Tamil Nadu,2025-07-29,XXXX8386,Unknown,210.85,Found Duplicate,present,MASKED,PROVIDED,PROVIDED
MCH4708,Loke Ganesan,5999,Other / Misc,Sole Proprietorship,Jalandhar,Punjab,2024-02-22,,Active,1266.56,Found Duplicate,present,MISSING,PROVIDED,PROVIDED
MCH9859,Mukherjee Agate,5999,Other / Misc,Sole Proprietorship,Jalandhar,Punjab,,,Active,0.158,Unique,missing,MISSING,PROVIDED,PROVIDED
MCH2047,"Kalita, Nagarajan And Joshi",5999,Other / Misc,Individual,Pune,Maharashtra,2024-07-07,8653452097,Inactive,341.63,Found Duplicate,present,VALID_NUMERIC,PROVIDED,PROVIDED
MCH3093,"B0Ba1, Madan And Narain",5999,Other / Misc,Individual,Jalandhar,Punjab,2025-06-12,6552427779,Inactive,2015.86,Found Duplicate,present,VALID_NUMERIC,PROVIDED,PROVIDED
MCH2550,"Basu, Madan And Chaudry",5999,Other / Misc,Private Limited,Pune,Maharashtra,2024-10-23,,Unknown,1412.55,Found Duplicate,present,MISSING,PROVIDED,PROVIDED
MCH6427,Bose Inc,5999,Other / Misc,Private Limited,Ludhiana,Punjab,2025-07-02,UHFS8061607261976,Inactive,1949.7,Unique,present,ALPHANUMERIC_IBAN,PROVIDED,PROVIDED
MCH5399,Agate Wali,5999,Other / Misc,Private Limited,Chennai,Tamil Nadu,2025-12-26,,Active,1379.64,Unique,present,MISSING,PROVIDED,PROVIDED
MCH3945,Mukhopadhyay Raghavan,5999,Other / Misc,Sole Proprietorship,Mumbai,Maharashtra,2023-03-05,XXXX6774,Active,942.71,Unique,present,MASKED,PROVIDED,PROVIDED
MCH8135,Bhakta Plc,5999,Other / Misc,Private Limited,Amritsar,Punjab,2024-09-04,,Unknown,0.857,Unique,present,MISSING,PROVIDED,PROVIDED
MCH3299,"Varghese, Tripathi And Ganesh",5999,Other / Misc,Sole Proprietorship,Bengaluru,Karnataka,2023-07-12,,Inactive,2177.34,Unique,present,MISSING,PROVIDED,PROVIDED
MCH7606,Chaudhari Raman,5999,Other / Misc,Private Limited,Bengaluru,Karnataka,2024-08-27,,Unknown,296.04,Unique,present,MISSING,PROVIDED,PROVIDED
MCH9546,"Mohan, Tak And Dhingra",5999,Other / Misc,Sole Proprietorship,Amritsar,Punjab,2024-11-20,XXXX5350,Active,1645.26,Found Duplicate,present,MASKED,PROVIDED,PROVIDED
MCH1625,"Bora, Hayer And Koshy",5999,Other / Misc,Individual,Bengaluru,Karnataka,2024-10-24,TNHP5317294437298,Active,1201.74,Found Duplicate,present,ALPHANUMERIC_IBAN,PROVIDED,PROVIDED
MCH4090,Dada Llc,5999,Other / Misc,Individual,Chennai,Tamil Nadu,2025-02-27,EOAQ0943270820101,Active,0.1538,Found Duplicate,present,ALPHANUMERIC_IBAN,PROVIDED,PROVIDED
MCH6662,Din Gour,5999,Other / Misc,Individual,Pune,Maharashtra,2024-02-26,XXXX2767,Active,3959.93,Unique,present,MASKED,PROVIDED,PROVIDED
MCH5662,Kannan Yogi,4131,Other / Misc,Individual,Chennai,Tamil Nadu,2025-08-01,,Active,1393.63,Found Duplicate,present,MISSING,PROVIDED,PROVIDED
MCH4395,Ramakrishnan Rastogi,5999,Other / Misc,Private Limited,Chennai,Tamil Nadu,2025-11-19,,Active,1015.84,Unique,present,MISSING,PROVIDED,MISSING_OR_INVALID
MCH6170,Gh0Se Mann,5999,Other / Misc,Private Limited,Lucknow,Uttar Pradesh,2023-09-05,5980501724,Active,1120.12,Unique,present,VALID_NUMERIC,PROVIDED,PROVIDED
MCH6919,Mander Ltd,5999,Other / Misc,Partnership,Jalandhar,Punjab,2024-02-05,6597659461,Active,2549.85,Unique,present,VALID_NUMERIC,PROVIDED,PROVIDED
MCH7321,"Krishna, Saraf And Pant",5999,Other / Misc,Partnership,Kolkata,West Bengal,2024-02-28,,Unknown,954.48,Unique,present,MISSING,PROVIDED,PROVIDED
MCH9342,Dua Lala,5999,Other / Misc,Sole Proprietorship,Bengaluru,Karnataka,2025-04-17,BUXU5026475055431,Suspended,1698.37,Unique,present,ALPHANUMERIC_IBAN,PROVIDED,PROVIDED
MCH8390,"Thakkar, Babu And Nagi",5999,Other / Misc,Private Limited,Hyderabad,Telangana,2024-03-25,XXXX7354,Unknown,2159.57,Unique,present,MASKED,PROVIDED,PROVIDED
MCH9798,Mann Gera,4131,Other / Misc,Individual,Jalandhar,Punjab,2025-07-15,AQRW3805344799887,Active,0.952,Unique,present,ALPHANUMERIC_IBAN,PROVIDED,PROVIDED
MCH6365,Raghavan Llc,4131,Other / Misc,Partnership,Hyderabad,Telangana,2023-10-28,,Active,2729.02,Found Duplicate,present,MISSING,PROVIDED,PROVIDED
MCH8296,D’Alia Kannan,5999,Other / Misc,Partnership,Mumbai,Maharashtra,2023-07-29,,Active,659.86,Found Duplicate,present,MISSING,PROVIDED,PROVIDED
MCH5040,Kumer M0Rar,4131,Other / Misc,Private Limited,Chennai,Tamil Nadu,2023-08-01,,Active,0.5948,Found Duplicate,present,MISSING,PROVIDED,PROVIDED
MCH7257,"Nagi, Gera And Bedi",5999,Other / Misc,Sole Proprietorship,Jaipur,Rajasthan,2023-10-29,,Active,786.7,Unique,present,MISSING,PROVIDED,PROVIDED
MCH8915,"Chadha, Patil And Bose",4131,Other / Misc,Sole Proprietorship,Jaipur,Rajasthan,2025-10-19,,Unknown,775.66,Found Duplicate,present,MISSING,PROVIDED,PROVIDED
MCH1605,Kar Peri,5999,Other / Misc,Individual,Delhi,Delhi,2025-12-14,,Active,3940.67,Found Duplicate,present,MISSING,PROVIDED,PROVIDED
MCH3682,"Upadhyay, Soni And Dhawan",4131,Other / Misc,Sole Proprietorship,Chennai,Tamil Nadu,2025-09-16,XXXX0969,Inactive,3236.27,Found Duplicate,present,MASKED,PROVIDED,PROVIDED
MCH9231,Kala Dugar,4131,Other / Misc,Partnership,Pune,Maharashtra,,7817631283,Active,228.82,Unique,missing,VALID_NUMERIC,PROVIDED,PROVIDED
MCH2424,Kari Morar,5999,Other / Misc,Sole Proprietorship,Mumbay,Maharashtra,,7720169821,Unknown,763.93,Found Duplicate,missing,VALID_NUMERIC,PROVIDED,PROVIDED
MCH5086,Balan Llc,5999,Other / Misc,Private Limited,Amritsar,Punjab,2023-12-19,XXXX8174,Unknown,575.58,Unique,present,MASKED,PROVIDED,PROVIDED
MCH8703,Mody Group,5999,Other / Misc,Partnership,Hyderabad,Telangana,2023-04-09,XXXX1194,Suspended,2908.51,Unique,present,MASKED,PROVIDED,PROVIDED
MCH7256,Arora Raman,4131,Other / Misc,Sole Proprietorship,Lucknow,Uttar Pradesh,2026-02-14,,Active,449.65,Unique,present,MISSING,PROVIDED,PROVIDED
MCH8169,"Kapur, Prashad And Srinivasan",5999,Other / Misc,Individual,Jaipur,Rajasthan,2024-11-03,XXXX1277,Active,0.1294,Unique,present,MASKED,PROVIDED,PROVIDED
MCH9137,Chakrabarti Plc,4131,Other / Misc,Private Limited,Jaipur,Rajasthan,2023-11-19,XXXX6117,Active,347.82,Unique,present,MASKED,PROVIDED,PROVIDED
MCH2849,Ba1 Llc,5999,Other / Misc,Sole Proprietorship,Mumbai,Maharashtra,2024-01-02,HLTP5468154912269,Inactive,910.62,Found Duplicate,present,ALPHANUMERIC_IBAN,PROVIDED,PROVIDED
MCH6033,"Sama, Basak And Majumdar",5999,Other / Misc,Private Limited,Hyderabad,Telangana,2025-03-05,0665928024,Active,0.365,Found Duplicate,present,VALID_NUMERIC,PROVIDED,PROVIDED
MCH8845,Varkey Jha,5999,Other / Misc,Partnership,Kolkata,West Bengal,2024-01-03,,Active,5630.04,Found Duplicate,present,MISSING,PROVIDED,PROVIDED
MCH7383,Mander Llc,5999,Other / Misc,Sole Proprietorship,Hyderabad,Telangana,2025-03-25,,Active,2244.22,Found Duplicate,present,MISSING,PROVIDED,PROVIDED
MCH6188,"Batta, Choudhary And Bhalla",4131,Other / Misc,Private Limited,Kolkata,West Bengal,2026-09-01,3109651401,Active,0.163,Found Duplicate,present,VALID_NUMERIC,PROVIDED,PROVIDED
MCH1833,"Sabharwal, Chopra And Nayar",5999,Other / Misc,Private Limited,Pune,Maharashtra,2023-07-26,8483394590,Active,1391.53,Found Duplicate,present,VALID_NUMERIC,PROVIDED,PROVIDED
MCH8151,"Sangha, Master And Chand",5999,Other / Misc,Sole Proprietorship,Delhi,Delhi,2024-04-02,,Active,606.88,Found Duplicate,present,MISSING,PROVIDED,PROVIDED
MCH8981,Tara Sinha,5999,Other / Misc,Individual,Bengaluru,Karnataka,2025-10-02,1533662903,Active,0.3617,Unique,present,VALID_NUMERIC,PROVIDED,PROVIDED
MCH8890,Mane Sheth,5999,Other / Misc,Individual,Jaipur,Rajasthan,,XXXX2596,Inactive,475.08,Found Duplicate,missing,MASKED,PROVIDED,PROVIDED
MCH3237,Gaba Inc,5999,Other / Misc,Sole Proprietorship,Delhi,Delhi,2023-06-03,YPVB7296650386869,Unknown,1015.84,Found Duplicate,present,ALPHANUMERIC_IBAN,PROVIDED,MISSING_OR_INVALID
MCH8068,Narula Nadkarni,5999,Other / Misc,Private Limited,Bengaluru,Karnataka,2025-06-08,ATPT6936183619498,Active,452.45,Unique,present,ALPHANUMERIC_IBAN,PROVIDED,PROVIDED
MCH5237,Deep Raja,5999,Other / Misc,Individual,Mumbai,Maharashtra,2025-02-13,XXXX0515,Active,986.24,Found Duplicate,present,MASKED,PROVIDED,PROVIDED
MCH1747,"Vig, Cherian And Ch0Udhury",5999,Other / Misc,Individual,Delhi,Delhi,2025-08-22,,Active,1469.56,Found Duplicate,present,MISSING,PROVIDED,PROVIDED
MCH3237,Gaba Inc,5999,Other / Misc,Sole Proprietorship,Delhi,Delhi,2023-06-03,YPVB7296650386869,Suspended,1015.84,Found Duplicate,present,ALPHANUMERIC_IBAN,PROVIDED,MISSING_OR_INVALID
MCH2154,"Badal, Yadav And Mane",5999,Other / Misc,Sole Proprietorship,Lucknow,Uttar Pradesh,2023-08-02,XXXX9820,Active,4388.39,Found Duplicate,present,MASKED,PROVIDED,PROVIDED
MCH8811,Bobal Llc,5999,Other / Misc,Partnership,Hyderabad,Telangana,2023-12-18,4729552126,Active,1645.76,Unique,present,VALID_NUMERIC,PROVIDED,PROVIDED
MCH6498,Peri Saran,5999,Other / Misc,Private Limited,Kolkata,West Bengal,2025-01-08,XXXX0646,Active,7077.96,Found Duplicate,present,MASKED,PROVIDED,PROVIDED
MCH4148,"Muni, Chaudhari And De",5999,Other / Misc,Private Limited,Kolkata,West Bengal,2024-12-20,2868917120,Inactive,2139.38,Found Duplicate,present,VALID_NUMERIC,PROVIDED,PROVIDED
MCH9162,Shankar Shah,5999,Other / Misc,Private Limited,Bengaluru,Karnataka,2023-02-22,BRKF3158800571527,Unknown,1015.84,Unique,present,ALPHANUMERIC_IBAN,PROVIDED,MISSING_OR_INVALID
MCH9966,Toor Group,5999,Other / Misc,Partnership,Kolkata,West Bengal,2024-03-11,1428945380,Unknown,681.04,Found Duplicate,present,VALID_NUMERIC,PROVIDED,PROVIDED
MCH7452,Vora Gill,5999,Other / Misc,Private Limited,Ludhiana,Punjab,2024-12-05,NKBN9107928248400,Active,254.79,Found Duplicate,present,ALPHANUMERIC_IBAN,PROVIDED,PROVIDED
MCH3093,"Dube, Venkatesh And Jha",5999,Other / Misc,Private Limited,Kolkata,West Bengal,2024-10-22,PHHT2563139884519,Active,0.1107,Found Duplicate,present,ALPHANUMERIC_IBAN,PROVIDED,PROVIDED
MCH4122,"Lata, Magar And Savant",5999,Other / Misc,Partnership,Bengaluru,Karnataka,2025-12-03,7547242898,Unknown,3699.77,Unique,present,VALID_NUMERIC,PROVIDED,PROVIDED
MCH9935,Sahni Barad,5999,Other / Misc,Partnership,Delhi,Delhi,2023-12-06,,Active,0.1444,Unique,present,MISSING,PROVIDED,PROVIDED
MCH8329,"Halder, Panchal And Pandit",5999,Other / Misc,Individual,Lucknow,Uttar Pradesh,2025-10-07,XXXX8898,Active,0.422,Unique,present,MASKED,PROVIDED,PROVIDED
MCH2007,"Mahal, Divan And Sharaf",5999,Other / Misc,Sole Proprietorship,Jalandhar,Punjab,2023-02-02,4814016835,Unknown,435.32,Unique,present,VALID_NUMERIC,PROVIDED,PROVIDED
MCH3699,Lal Ltd,5999,Other / Misc,Private Limited,Jaipur,Rajasthan,2023-06-25,MSXL7767787846316,Active,479.97,Found Duplicate,present,ALPHANUMERIC_IBAN,PROVIDED,PROVIDED
MCH9510,Warri0R Thakkar,4131,Other / Misc,Sole Proprietorship,Bengaluru,Karnataka,2024-09-15,,Active,0.1261,Unique,present,MISSING,PROVIDED,PROVIDED
MCH1480,Bala Magar,5999,Other / Misc,Individual,Hyderabad,Telangana,,,Active,1015.84,Unique,missing,MISSING,PROVIDED,MISSING_OR_INVALID
MCH9060,"Ramaswamy, Singhal And Deep",5999,Other / Misc,Individual,Mumbai,Maharashtra,2023-01-01,,Active,0.1011,Unique,present,MISSING,PROVIDED,PROVIDED
MCH1216,Mani Ltd,5999,Other / Misc,Sole Proprietorship,Amritsar,Punjab,2025-04-05,WWHE9096090604868,Active,0.228,Found Duplicate,present,ALPHANUMERIC_IBAN,PROVIDED,PROVIDED
MCH6780,"Bhatia, Dalal And Kapur",5999,Other / Misc,Private Limited,Jalandhar,Punjab,2025-05-24,,Active,10952.74,Unique,present,MISSING,PROVIDED,PROVIDED
MCH1641,Bali Llc,5999,Other / Misc,Sole Proprietorship,Delhi,Delhi,,,Active,3239.36,Unique,missing,MISSING,PROVIDED,PROVIDED
MCH7279,Das Plc,5999,Other / Misc,Partnership,Jaipur,Rajasthan,,WTVS1342257023005,Active,1157.26,Found Duplicate,missing,ALPHANUMERIC_IBAN,PROVIDED,PROVIDED
MCH2063,Bhavsar Gr0Up,4131,Other / Misc,Private Limited,Chennai,Tamil Nadu,2025-10-10,,Active,2405.73,Unique,present,MISSING,PROVIDED,PROVIDED
MCH2608,"Loyal, Ghosh And Gaba",5999,Other / Misc,Individual,Hyderabad,Telangana,2025-03-21,ZBIP4363265097456,Unknown,869.47,Unique,present,ALPHANUMERIC_IBAN,PROVIDED,PROVIDED
MCH8450,Singhal Llc,5999,Other / Misc,Private Limited,Jaipur,Rajasthan,2023-07-18,HPUX4362247724149,Unknown,2472.47,Found Duplicate,present,ALPHANUMERIC_IBAN,PROVIDED,PROVIDED
MCH8165,"Sandhu, Saran And Dhar",5999,Other / Misc,Sole Proprietorship,Chennai,Tamil Nadu,2023-04-09,XXXX2851,Inactive,1269.15,Unique,present,MASKED,PROVIDED,PROVIDED
MCH7978,"Ganesan, Kohli And Savant",5999,Other / Misc,Individual,Jaipur,Rajasthan,2023-02-15,XXXX8648,Unknown,2414.03,Found Duplicate,present,MASKED,PROVIDED,PROVIDED
MCH3845,Barad Hayre,5999,Other / Misc,Private Limited,Hyderabad,Telangana,,7981739720,Inactive,1429.41,Found Duplicate,missing,VALID_NUMERIC,PROVIDED,PROVIDED
MCH4096,"Bhat, Kapoor And Borah",5999,Other / Misc,Private Limited,Hyderabad,Telangana,2024-11-27,0474814059,Active,2092.25,Found Duplicate,present,VALID_NUMERIC,PROVIDED,PROVIDED
MCH4723,Kanda Ltd,5999,Other / Misc,Individual,Chennai,Tamil Nadu,2024-08-27,XXXX1287,Unknown,649.83,Unique,present,MASKED,PROVIDED,PROVIDED
MCH7629,Taneja Vyas,5999,Other / Misc,Individual,Pune,Maharashtra,2023-01-01,0070872652,Active,1413.56,Unique,present,VALID_NUMERIC,PROVIDED,PROVIDED
MCH3212,Merchant Llc,5999,Other / Misc,Private Limited,Bengaluru,Karnataka,2023-07-06,9377229545,Unknown,980.37,Unique,present,VALID_NUMERIC,PROVIDED,PROVIDED
MCH2592,"Garg, Saha And Sampath",5999,Other / Misc,Private Limited,Hyderabad,Telangana,2024-03-28,,Unknown,3945.98,Found Duplicate,present,MISSING,PROVIDED,PROVIDED
MCH4296,Varty Varma,5999,Other / Misc,Private Limited,Amritsar,Punjab,2026-02-24,,Active,1015.84,Unique,present,MISSING,PROVIDED,MISSING_OR_INVALID
MCH7380,"Gour, Jani And Mital",5999,Other / Misc,Individual,Chennai,Tamil Nadu,2024-11-06,,Inactive,688.41,Unique,present,MISSING,PROVIDED,PROVIDED
MCH6939,Sampath Ltd,5999,Other / Misc,Sole Proprietorship,Lucknow,Uttar Pradesh,2025-01-07,XXXX8052,Suspended,2962.51,Found Duplicate,present,MASKED,PROVIDED,PROVIDED
MCH1153,"Johal, Suri And Rama",5999,Other / Misc,Sole Proprietorship,Kolkata,West Bengal,2023-05-08,XXXX9937,Active,153.84,Found Duplicate,present,MASKED,PROVIDED,PROVIDED
MCH9997,"Kalita, Dass And Balay",5999,Other / Misc,Individual,Ludhiana,Punjab,2023-07-12,XXXX2557,Active,2233.91,Found Duplicate,present,MASKED,PROVIDED,PROVIDED
MCH1727,Chacko Llc,5999,Other / Misc,Partnership,Amritsar,Punjab,2023-07-23,,Active,1914.68,Unique,present,MISSING,PROVIDED,PROVIDED
MCH8768,Kata Bajwa,5999,Other / Misc,Partnership,Chennai,Tamil Nadu,2023-09-16,7445884693,Active,1033.9,Found Duplicate,present,VALID_NUMERIC,PROVIDED,PROVIDED
MCH6743,Manne Prasad,5999,Other / Misc,Individual,Amritsar,Punjab,2025-07-14,XXXX4125,Inactive,1015.84,Found Duplicate,present,MASKED,PROVIDED,MISSING_OR_INVALID
MCH6396,Mani Puri,5999,Other / Misc,Individual,Lucknow,Uttar Pradesh,2025-04-21,XXXX7558,Active,4113.97,Found Duplicate,present,MASKED,PROVIDED,PROVIDED
MCH1815,Bhasin Hans,5999,Other / Misc,Private Limited,Hyderabad,Telangana,2025-05-10,,Active,789.34,Found Duplicate,present,MISSING,PROVIDED,PROVIDED
MCH6722,Bhagat Llc,5999,Other / Misc,Sole Proprietorship,Mumbai,Maharashtra,2023-05-13,,Active,211.13,Found Duplicate,present,MISSING,PROVIDED,PROVIDED
MCH4153,Shroff Ltd,5999,Other / Misc,Sole Proprietorship,Kolkata,West Bengal,2025-11-07,,Active,3578.7,Unique,present,MISSING,PROVIDED,PROVIDED
MCH1578,Gala Ltd,5999,Other / Misc,Individual,Bengaluru,Karnataka,2023-04-13,,Active,446.42,Unique,present,MISSING,PROVIDED,PROVIDED
MCH9790,Ganesh La1,5999,Other / Misc,Sole Proprietorship,Delhi,Delhi,2024-11-03,XCKU8726264646953,Active,914.14,Found Duplicate,present,ALPHANUMERIC_IBAN,PROVIDED,PROVIDED
MCH8058,"Tripathi, Bhagat And Kala",5999,Other / Misc,Private Limited,Hyderabad,Telangana,2024-07-28,,Active,259.88,Found Duplicate,present,MISSING,PROVIDED,PROVIDED
MCH7358,Basak Patla,5999,Other / Misc,Sole Proprietorship,Delhi,Delhi,2025-12-19,1781542230,Unknown,3053.41,Unique,present,VALID_NUMERIC,PROVIDED,PROVIDED
MCH6775,La11 Gr0Up,5999,Other / Misc,Private Limited,Chennai,Tamil Nadu,,WEWN8816151774902,Inactive,196.61,Unique,missing,ALPHANUMERIC_IBAN,PROVIDED,PROVIDED
MCH7025,"Shanker, Bandi And Bala",5999,Other / Misc,Individual,Bengaluru,Karnataka,2025-01-26,XXXX6482,Unknown,4575.03,Unique,present,MASKED,PROVIDED,PROVIDED
MCH6380,Naik Kalla,5999,Other / Misc,Individual,Pune,Maharashtra,2026-01-02,6290942991,Suspended,1353.03,Unique,present,VALID_NUMERIC,PROVIDED,PROVIDED
MCH3384,Gill Bakshi,5999,Other / Misc,Partnership,Kolkata,West Bengal,2023-06-27,8993037640,Active,1223.35,Found Duplicate,present,VALID_NUMERIC,PROVIDED,PROVIDED
MCH2755,"Majumdar, Ravi And Dave",5999,Other / Misc,Partnership,Mumbai,Maharashtra,2026-02-13,,Unknown,889.32,Found Duplicate,present,MISSING,PROVIDED,PROVIDED
MCH5236,"More, Luthra And Deol",5999,Other / Misc,Partnership,Amritsar,Punjab,2023-02-11,,Unknown,1110.58,Found Duplicate,present,MISSING,PROVIDED,PROVIDED
MCH8715,"Raju,Lokeandvora",5999,Other / Misc,Partnership,Hyderabad,Telangana,2025-09-14,,Unknown,1332.26,Unique,present,MISSING,PROVIDED,PROVIDED
MCH3619,"Mody, Sami And Batta",5999,Other / Misc,Sole Proprietorship,Kolkata,West Bengal,2026-01-27,7469875023,Inactive,3456.23,Unique,present,VALID_NUMERIC,PROVIDED,PROVIDED
MCH6197,"Koshy, Shah And Ratta",4131,Other / Misc,Partnership,Bengaluru,Karnataka,2024-03-20,AGMV2642641861544,Active,1491.79,Found Duplicate,present,ALPHANUMERIC_IBAN,PROVIDED,PROVIDED
MCH2770,Nagi Plc,5999,Other / Misc,Individual,Jaipur,Rajasthan,2024-05-06,,Suspended,4171.07,Found Duplicate,present,MISSING,PROVIDED,PROVIDED
MCH8004,Hayre Agate,5999,Other / Misc,Individual,Amritsar,Punjab,2025-01-10,2751341092,Inactive,934.62,Unique,present,VALID_NUMERIC,PROVIDED,PROVIDED
MCH7062,"Karpe, Sekhon And Memon",5999,Other / Misc,Partnership,Chennai,Tamil Nadu,2024-07-18,ERAF1958847105569,Inactive,0.2267,Found Duplicate,present,ALPHANUMERIC_IBAN,PROVIDED,PROVIDED
MCH5239,Saha Inc,5999,Other / Misc,Individual,Lucknow,Uttar Pradesh,2025-09-29,,Unknown,0.6907,Unique,present,MISSING,PROVIDED,PROVIDED
MCH6299,Pathak Mukherjee,5999,Other / Misc,Individual,Delhi,Delhi,2025-02-02,,Active,256.83,Found Duplicate,present,MISSING,PROVIDED,PROVIDED
MCH7408,Bala Group,5999,Other / Misc,Private Limited,Hyderabad,Telangana,2026-01-13,CMJA0173542788867,Active,1032.22,Unique,present,ALPHANUMERIC_IBAN,PROVIDED,PROVIDED
MCH8436,Sagar Plc,5999,Other / Misc,Sole Proprietorship,Pune,Maharashtra,2025-04-14,6639530850,Unknown,642.69,Found Duplicate,present,VALID_NUMERIC,PROVIDED,PROVIDED
MCH6122,Som Seth,4131,Other / Misc,Individual,Amritsar,Punjab,2023-09-15,,Active,1086.57,Found Duplicate,present,MISSING,PROVIDED,PROVIDED
MCH6634,"Bobal, Randhawa And Guha",5999,Other / Misc,Sole Proprietorship,Delhi,Delhi,2024-07-17,4957341463,Unknown,3780.75,Found Duplicate,present,VALID_NUMERIC,PROVIDED,PROVIDED
MCH8842,"Bala, Pillai And Kala",5999,Other / Misc,Partnership,Amritsar,Punjab,2023-04-23,XXXX1658,Suspended,1015.84,Unique,present,MASKED,PROVIDED,MISSING_OR_INVALID
MCH8861,Prashad And Sons,5999,Other / Misc,Individual,Chennai,Tamil Nadu,,XXXX5366,Active,1015.84,Unique,missing,MASKED,PROVIDED,MISSING_OR_INVALID
MCH9546,"Mohan, Tak And Dhingra",5999,Other / Misc,Sole Proprietorship,Amritsar,Punjab,2024-11-20,XXXX5350,Active,1645.26,Found Duplicate,present,MASKED,PROVIDED,PROVIDED
MCH9096,"Boase, Swaminathan And Yohannan",5999,Other / Misc,Individual,Chennai,Tamil Nadu,2024-08-04,,Active,1547.45,Found Duplicate,present,MISSING,PROVIDED,PROVIDED
MCH8966,Talwar Plc,5999,Other / Misc,Sole Proprietorship,Chennai,Tamil Nadu,2023-07-23,LXSL0666403926452,Active,432.95,Unique,present,ALPHANUMERIC_IBAN,PROVIDED,PROVIDED
MCH3880,Gole And Sons,5999,Other / Misc,Partnership,Hyderabad,Telangana,2024-02-10,,Active,4989.21,Found Duplicate,present,MISSING,PROVIDED,PROVIDED
MCH8909,"Palan, Wali And Wagle",5999,Other / Misc,Individual,Delhi,Delhi,,AMLI0055772138931,Unknown,1366.3,Unique,missing,ALPHANUMERIC_IBAN,PROVIDED,PROVIDED
MCH2395,Dara Natarajan,5999,Other / Misc,Private Limited,Jalandhar,Punjab,,7691266983,Active,1204.29,Found Duplicate,missing,VALID_NUMERIC,PROVIDED,PROVIDED
MCH2085,Kala Shah,4131,Other / Misc,Private Limited,Pune,Maharashtra,2024-07-22,XXXX7338,Active,3590.82,Found Duplicate,present,MASKED,PROVIDED,PROVIDED
MCH2981,"Rastogi, Varma And Sarraf",5999,Other / Misc,Partnership,Lucknow,Uttar Pradesh,2023-07-10,XXXX3025,Active,1266.61,Found Duplicate,present,MASKED,PROVIDED,PROVIDED
MCH6692,Kamdar Inc,5999,Other / Misc,Private Limited,Lucknow,Uttar Pradesh,2023-02-09,,Unknown,116.28,Found Duplicate,present,MISSING,PROVIDED,PROVIDED
MCH6743,"Mistry, Acharya And Rau",5999,Other / Misc,Private Limited,Kolkata,West Bengal,2025-07-25,XXXX9521,Active,1997.32,Found Duplicate,present,MASKED,PROVIDED,PROVIDED
MCH4515,Memon Upadhyay,4131,Other / Misc,Sole Proprietorship,Lucknow,Uttar Pradesh,2024-04-03,,Active,2435.25,Unique,present,MISSING,PROVIDED,PROVIDED
MCH8995,Mahajan Group,5999,Other / Misc,Partnership,Jalandhar,Punjab,2023-09-12,XXXX2606,Active,0.2967,Unique,present,MASKED,PROVIDED,PROVIDED
MCH5569,"Thaman, Kar And Dass",5999,Other / Misc,Sole Proprietorship,Mumbai,Maharashtra,2026-01-27,3302815921,Inactive,3592.34,Unique,present,VALID_NUMERIC,PROVIDED,PROVIDED
MCH8927,Raj Kala,5999,Other / Misc,Individual,Delhi,Delhi,2024-04-22,XXXX1023,Active,261.67,Unique,present,MASKED,PROVIDED,PROVIDED
MCH5503,Suri Ltd,4131,Other / Misc,Private Limited,Kolkata,West Bengal,2024-08-30,,Active,2446.68,Found Duplicate,present,MISSING,PROVIDED,PROVIDED
MCH6392,Golla Pau,5999,Other / Misc,Private Limited,Delhi,Delhi,2025-01-04,TXWK8189724291317,Active,471.06,Found Duplicate,present,ALPHANUMERIC_IBAN,PROVIDED,PROVIDED
MCH2438,Saxena Sagar,5999,Other / Misc,Sole Proprietorship,Amritsar,Punjab,2025-06-21,TOND5392493573658,Active,1010.25,Unique,present,ALPHANUMERIC_IBAN,PROVIDED,PROVIDED
MCH5873,"Kade, Srivastava And Iyengar",5999,Other / Misc,Partnership,Lucknow,Uttar Pradesh,2023-06-10,,Active,3185.85,Unique,present,MISSING,PROVIDED,PROVIDED
MCH8835,"Natarajan, Hegde And Varughese",5999,Other / Misc,Sole Proprietorship,Mumbai,Maharashtra,2025-08-04,FGCL8739381455039,Active,523.96,Unique,present,ALPHANUMERIC_IBAN,PROVIDED,PROVIDED
MCH1827,Saha Ltd,5999,Other / Misc,Partnership,Pune,Maharashtra,2026-01-12,GFSK2439344528128,Active,790.89,Unique,present,ALPHANUMERIC_IBAN,PROVIDED,PROVIDED
MCH3675,Soman Llc,5999,Other / Misc,Individual,Hyderabad,Telangana,2026-02-13,,Inactive,0.223,Found Duplicate,present,MISSING,PROVIDED,PROVIDED
MCH3908,Kanda Llc,5999,Other / Misc,Sole Proprietorship,Pune,Maharashtra,2024-07-05,2653904246,Active,7690.26,Unique,present,VALID_NUMERIC,PROVIDED,PROVIDED
MCH5483,Khare Inc,5311,Retail,Sole Proprietorship,Jalandhar,Punjab,2025-04-28,5460112584,Active,827.39,Unique,present,VALID_NUMERIC,PROVIDED,PROVIDED
MCH7473,"Nair, Ramachandran And Mane",5311,Retail,Sole Proprietorship,Hyderabad,Telangana,2023-09-07,3598989275,Inactive,418.39,Found Duplicate,present,VALID_NUMERIC,PROVIDED,PROVIDED
MCH1718,Wason Vaidya,5311,Retail,Private Limited,Jalandhar,Punjab,2025-04-04,,Inactive,705.66,Found Duplicate,present,MISSING,PROVIDED,PROVIDED
MCH5637,Pandit Bail,5311,Retail,Private Limited,Lucknow,Uttar Pradesh,2024-09-15,XXXX5250,Active,905.79,Found Duplicate,present,MASKED,PROVIDED,PROVIDED
MCH6386,Mahajan Inc,5311,Retail,Individual,Amritsar,Punjab,2025-02-03,,Active,922.86,Unique,present,MISSING,PROVIDED,MISSING_OR_INVALID
MCH9604,Merchant Johal,5311,Retail,Partnership,Pune,Maharashtra,2024-10-11,2871306703,Active,762.2,Unique,present,VALID_NUMERIC,PROVIDED,PROVIDED
MCH5196,Saini Ltd,5311,Retail,Private Limited,Jalandhar,Punjab,2025-02-23,GPCS2279648422088,Suspended,922.86,Found Duplicate,present,ALPHANUMERIC_IBAN,PROVIDED,PROVIDED
MCH4357,Som And Sons,5311,Retail,Individual,Ludhiana,Punjab,,XXXX0823,Active,922.86,Unique,missing,MASKED,PROVIDED,MISSING_OR_INVALID
MCH8209,Pai Gokhale,5311,Retail,Private Limited,Jaipur,Rajasthan,2023-03-22,,Inactive,426.65,Found Duplicate,present,MISSING,PROVIDED,PROVIDED
MCH1211,"Munshi, Pai And Sibal",5311,Retail,Sole Proprietorship,Delhi,Delhi,2023-01-04,NHYW6672789857023,Unknown,296.16,Unique,present,ALPHANUMERIC_IBAN,PROVIDED,PROVIDED
MCH1816,Aurora Kata,5311,Retail,Sole Proprietorship,Lucknow,Uttar Pradesh,2025-03-15,,Active,1797.52,Found Duplicate,present,MISSING,PROVIDED,PROVIDED
MCH1494,Joshi Bala,5311,Retail,Sole Proprietorship,Mumbai,Maharashtra,2023-12-07,QLRF2864130155210,Unknown,997.33,Found Duplicate,present,ALPHANUMERIC_IBAN,PROVIDED,PROVIDED
MCH4099,"Dewan, Rastogi And Jayaraman",5311,Retail,Individual,Ludhiana,Punjab,2025-08-06,,Active,0.1926,Unique,present,MISSING,PROVIDED,PROVIDED
MCH1718,Wason Vaidya,5311,Retail,Private Limited,Jalandhar,Punjab,2025-04-04,,Active,705.66,Found Duplicate,present,MISSING,PROVIDED,PROVIDED
MCH6555,Tata Bajwa,5311,Retail,Partnership,Lucknow,Uttar Pradesh,2023-12-24,,Suspended,0.389,Unique,present,MISSING,PROVIDED,PROVIDED
MCH3308,Misra Inc,5311,Retail,Sole Proprietorship,Ludhiana,Punjab,,2104958437,Unknown,8756.33,Found Duplicate,missing,VALID_NUMERIC,PROVIDED,PROVIDED
MCH4613,"Kapadia, Sankar And Nadig",5311,Retail,Individual,Lucknow,Uttar Pradesh,2023-02-09,ALEY9883118921328,Active,1451.15,Found Duplicate,present,ALPHANUMERIC_IBAN,PROVIDED,PROVIDED
MCH7479,"Wadhwa, Bhatia And Gade",5311,Retail,Partnership,Chennai,Tamil Nadu,2024-09-14,8868630340,Active,0.998,Unique,present,VALID_NUMERIC,PROVIDED,PROVIDED
MCH8335,Bhatti Keer,5311,Retail,Sole Proprietorship,Hyderabad,Telangana,2024-06-03,,Inactive,1335.83,Unique,present,MISSING,PROVIDED,PROVIDED
MCH4641,Karnikllc,5311,Retail,Sole Proprietorship,Ludhiana,Punjab,2025-02-02,,Active,922.86,Unique,present,MISSING,PROVIDED,MISSING_OR_INVALID
MCH9896,Dave Vasa,5311,Retail,Partnership,Pune,Maharashtra,2023-09-30,XXXX8599,Active,3148.67,Found Duplicate,present,MASKED,PROVIDED,PROVIDED
MCH5162,Srinivas Sule,5311,Retail,Individual,Jaipur,Rajasthan,2025-02-20,3127556904,Active,1145.33,Unique,present,VALID_NUMERIC,PROVIDED,PROVIDED
MCH2376,"Lata, Krishnamurthy And Lal",5311,Retail,Partnership,Jalandhar,Punjab,2025-12-05,,Active,0.113,Unique,present,MISSING,PROVIDED,PROVIDED
MCH7312,Ramakrishnan Banerjee,5311,Retail,Sole Proprietorship,Mumbai,Maharashtra,2024-02-24,CCCL8077324997121,Active,977.96,Unique,present,ALPHANUMERIC_IBAN,PROVIDED,PROVIDED
MCH4086,"Kannan, Varghese And Lalla",5311,Retail,Private Limited,Mumbai,Maharashtra,2024-12-08,0493830742,Active,1459.96,Found Duplicate,present,VALID_NUMERIC,PROVIDED,PROVIDED
MCH6460,Deol Narayanan,5311,Retail,Partnership,Mumbai,Maharashtra,2026-01-19,XXXX8283,Active,878.73,Unique,present,MASKED,PROVIDED,PROVIDED
MCH1592,Agateinc,5311,Retail,Private Limited,Hyderabad,Telangana,2025-01-30,GLPT6683638156046,Suspended,1072.45,Found Duplicate,present,ALPHANUMERIC_IBAN,PROVIDED,PROVIDED
MCH3203,Randhawa Pant,5311,Retail,Partnership,Jaipur,Rajasthan,2024-12-16,XXXX9443,Active,922.86,Unique,present,MASKED,PROVIDED,MISSING_OR_INVALID
MCH6121,Madan Plc,5311,Retail,Private Limited,Bengaluru,Karnataka,2023-09-07,2257947989,Active,1208.86,Found Duplicate,present,VALID_NUMERIC,PROVIDED,PROVIDED
MCH7514,Ahuja Bobal,5311,Retail,Sole Proprietorship,Lucknow,Uttar Pradesh,2024-04-19,,Unknown,1943.52,Unique,present,MISSING,PROVIDED,PROVIDED
MCH6198,Rana Sabharwal,5311,Retail,Individual,Mumbai,Maharashtra,,,Active,410.5,Unique,missing,MISSING,PROVIDED,PROVIDED
MCH2522,Savant Sangha,5311,Retail,Partnership,Mumbai,Maharashtra,2024-01-03,1167145374,Active,702.03,Found Duplicate,present,VALID_NUMERIC,PROVIDED,PROVIDED
MCH5629,Dixit Llc,5311,Retail,Private Limited,Amritsar,Punjab,2023-09-16,OIIO2318495567735,Active,1084.28,Found Duplicate,present,ALPHANUMERIC_IBAN,PROVIDED,PROVIDED
MCH5445,Ganesan Ltd,5311,Retail,Partnership,Delhi,Delhi,2025-10-19,BVDS4788304098373,Unknown,0.2186,Unique,present,ALPHANUMERIC_IBAN,PROVIDED,PROVIDED
MCH6115,Padmanabhan Chahal,5311,Retail,Private Limited,Mumbai,Maharashtra,2024-01-03,XXXX5769,Inactive,266.65,Unique,present,MASKED,PROVIDED,PROVIDED
MCH3206,Ahuja Din,5311,Retail,Sole Proprietorship,Hyderabad,Telangana,2026-01-11,XXXX4117,Active,0.1244,Found Duplicate,present,MASKED,PROVIDED,PROVIDED
MCH4587,Karnik And Sons,5311,Retail,Partnership,Jaipur,Rajasthan,2025-02-07,,Inactive,2493.1,Found Duplicate,present,MISSING,PROVIDED,PROVIDED
MCH1100,Swamy Inc,5311,Retail,Partnership,Ludhiana,Punjab,2024-08-17,9084083237,Inactive,2008.22,Found Duplicate,present,VALID_NUMERIC,PROVIDED,PROVIDED
MCH3260,Rana And Sons,5311,Retail,Individual,Amritsar,Punjab,2023-09-23,,Active,4589.68,Found Duplicate,present,MISSING,PROVIDED,PROVIDED
MCH2264,"Sule, Sarma And Sur",5311,Retail,Individual,Delhi,Delhi,2025-10-21,HGHS4575612385959,Suspended,0.4017,Found Duplicate,present,ALPHANUMERIC_IBAN,PROVIDED,PROVIDED
MCH2264,"Sule, Sarma And Sur",5311,Retail,Individual,Delhi,Delhi,2025-10-21,HGHS4575612385959,Suspended,0.4017,Found Duplicate,present,ALPHANUMERIC_IBAN,PROVIDED,PROVIDED
MCH7215,"Kau1, Pur0Hit And Ar0Ra",5311,Retail,Private Limited,Hyderabad,Telangana,2023-07-10,8944621322,Active,2403.84,Unique,present,VALID_NUMERIC,PROVIDED,PROVIDED
MCH4856,Gera Nanda,5311,Retail,Private Limited,Pune,Maharashtra,2024-02-08,2286237129,Active,0.711,Found Duplicate,present,VALID_NUMERIC,PROVIDED,PROVIDED
MCH3287,"Dave, Ganesan And Biswas",5311,Retail,Individual,Bengaluru,Karnataka,,7925995111,Active,0.1007,Unique,missing,VALID_NUMERIC,PROVIDED,PROVIDED
MCH9029,Hayre And Sons,5311,Retail,Individual,Amritsar,Punjab,2025-11-19,,Active,922.86,Unique,present,MISSING,PROVIDED,MISSING_OR_INVALID
MCH7751,"Vig, Iyer And Andra",5311,Retail,Partnership,Pune,Maharashtra,2024-06-28,6513543497,Suspended,590.58,Unique,present,VALID_NUMERIC,PROVIDED,PROVIDED
MCH3292,Ravi Keer,5311,Retail,Private Limited,Jalandhar,Punjab,2023-11-21,,Suspended,9611.45,Found Duplicate,present,MISSING,PROVIDED,PROVIDED
MCH1848,Acharya Bail,5311,Retail,Partnership,Pune,Maharashtra,2025-09-05,3196162533,Active,0.3044,Found Duplicate,present,VALID_NUMERIC,PROVIDED,PROVIDED
MCH3292,Ravi Keer,5311,Retail,Private Limited,Jalandhar,Punjab,2023-11-21,,Active,9611.45,Found Duplicate,present,MISSING,PROVIDED,PROVIDED
MCH1202,Koshy Borde,5311,Retail,Partnership,Ludhiana,Punjab,2023-04-27,QMOB6262370066772,Active,1998.99,Unique,present,ALPHANUMERIC_IBAN,PROVIDED,PROVIDED
MCH1514,"Lata, Raja And Parsa",5311,Retail,Private Limited,Jalandhar,Punjab,2024-06-14,XXXX1457,Active,553.18,Unique,present,MASKED,PROVIDED,PROVIDED
MCH1055,Dhingra Kapoor,5311,Retail,Partnership,Bengaluru,Karnataka,2024-12-30,6794786904,Active,770.74,Unique,present,VALID_NUMERIC,PROVIDED,PROVIDED
MCH4658,Kapadia Inc,5311,Retail,Individual,Hyderabad,Telangana,2023-05-21,OORB1075233391671,Active,2693.95,Unique,present,ALPHANUMERIC_IBAN,PROVIDED,PROVIDED
MCH3328,Jha Chaha1,5311,Retail,Individual,Kolkata,West Bengal,2023-04-13,VIVF5640000542857,Active,922.86,Found Duplicate,present,ALPHANUMERIC_IBAN,PROVIDED,MISSING_OR_INVALID
MCH9848,B0Rde Inc,5311,Retail,Private Limited,Hyderabad,Telangana,2024-03-02,0308046800,Active,1173.29,Unique,present,VALID_NUMERIC,PROVIDED,PROVIDED
MCH5596,Biswas Group,5311,Retail,Partnership,Bengaluru,Karnataka,2024-12-02,MQQQ6004896266330,Suspended,464.03,Unique,present,ALPHANUMERIC_IBAN,PROVIDED,PROVIDED
MCH3748,Bedi Cherian,5311,Retail,Individual,Mumbay,Maharashtra,2025-03-19,XXXX2002,Suspended,1343.58,Unique,present,MASKED,PROVIDED,PROVIDED
MCH3386,Mody Llc,5311,Retail,Sole Proprietorship,Mumbai,Maharashtra,2023-12-21,9912276450,Active,1737.99,Found Duplicate,present,VALID_NUMERIC,PROVIDED,PROVIDED
MCH9769,Setty Mistry,5311,Retail,Partnership,Mumbay,Maharashtra,2023-10-31,,Active,301.79,Found Duplicate,present,MISSING,PROVIDED,PROVIDED
MCH3281,Ranganathan And Sons,5311,Retail,Partnership,Kolkata,West Bengal,2024-03-01,XXXX9655,Active,649.49,Found Duplicate,present,MASKED,PROVIDED,PROVIDED
MCH8558,Dutt Tailor,5311,Retail,Sole Proprietorship,Amritsar,Punjab,2024-12-29,,Active,857.14,Found Duplicate,present,MISSING,PROVIDED,PROVIDED
MCH4086,"Kannan, Varghese And Lalla",5311,Retail,Private Limited,Mumbai,Maharashtra,2024-12-08,0493830742,Active,1459.96,Found Duplicate,present,VALID_NUMERIC,PROVIDED,PROVIDED
MCH2832,Parmer Inc,5311,Retail,Private Limited,Pune,Maharashtra,2025-10-26,,Active,831.48,Unique,present,MISSING,PROVIDED,PROVIDED
MCH3788,"Divan, Kadakia And Kuruvilla",5311,Retail,Private Limited,Chennai,Tamil Nadu,2025-06-27,,Active,10161.82,Found Duplicate,present,MISSING,PROVIDED,PROVIDED
MCH2634,"Karnik, Bains And Ratti",5311,Retail,Individual,Bengaluru,Karnataka,2025-03-20,3474601890,Active,581.71,Found Duplicate,present,VALID_NUMERIC,PROVIDED,PROVIDED
MCH3499,"Mand, Munshi And Bali",5311,Retail,Sole Proprietorship,Chennai,Tamil Nadu,2026-02-01,,Active,1115.88,Found Duplicate,present,MISSING,PROVIDED,PROVIDED
MCH6244,Memon And Sons,5311,Retail,Individual,Mumbai,Maharashtra,2025-11-24,,Inactive,1468.71,Found Duplicate,present,MISSING,PROVIDED,PROVIDED
MCH5676,"Bhatti, Chahal And Mishra",5311,Retail,Individual,Jalandhar,Punjab,2025-07-15,9996182575,Unknown,744.63,Found Duplicate,present,VALID_NUMERIC,PROVIDED,PROVIDED
MCH6945,Barad Llc,5311,Retail,Partnership,Ludhiana,Punjab,2025-09-13,,Active,3350.77,Unique,present,MISSING,PROVIDED,PROVIDED
MCH5822,Gandhi Krish,5311,Retail,Sole Proprietorship,Bengaluru,Karnataka,2023-10-02,7874103727,Active,1268.39,Unique,present,VALID_NUMERIC,PROVIDED,PROVIDED
MCH4223,"Bajwa, Khurana And Sinha",5311,Retail,Sole Proprietorship,Bengaluru,Karnataka,2025-03-15,,Active,585.1,Found Duplicate,present,MISSING,PROVIDED,PROVIDED
MCH6043,Natt Inc,5311,Retail,Sole Proprietorship,Mumbai,Maharashtra,2024-01-24,,Active,766.54,Found Duplicate,present,MISSING,PROVIDED,PROVIDED
MCH6291,Sheth Anne,5311,Retail,Partnership,Delhi,Delhi,2025-10-15,5416820526,Suspended,2021.5,Found Duplicate,present,VALID_NUMERIC,PROVIDED,PROVIDED
MCH5285,"Yadav, Dhawan And Bahri",5311,Retail,Individual,Bengaluru,Karnataka,2025-08-03,XXXX3759,Active,0.22,Unique,present,MASKED,PROVIDED,PROVIDED
MCH9352,Bains Group,5311,Retail,Individual,Chennai,Tamil Nadu,2026-01-13,,Inactive,1537.37,Found Duplicate,present,MISSING,PROVIDED,PROVIDED
MCH7724,Kapoor Parmar,5311,Retail,Individual,Hyderabad,Telangana,2025-11-30,ULOQ5236477246986,Active,431.71,Found Duplicate,present,ALPHANUMERIC_IBAN,PROVIDED,PROVIDED
MCH5911,Chacko Kota,5311,Retail,Partnership,Hyderabad,Telangana,2023-09-07,,Active,797.25,Unique,present,MISSING,PROVIDED,PROVIDED
MCH1261,"Cheema, Savant And Bakshi",5311,Retail,Sole Proprietorship,Ludhiana,Punjab,2024-06-03,EXGQ1328686965867,Inactive,922.86,Found Duplicate,present,ALPHANUMERIC_IBAN,PROVIDED,MISSING_OR_INVALID
MCH1044,"Jha, Salvi And Setty",5311,Retail,Partnership,Hyderabad,Telangana,2024-10-28,VZSQ7155957356020,Active,1084.93,Unique,present,ALPHANUMERIC_IBAN,PROVIDED,PROVIDED
MCH6666,"Atwal, Sahni And Baral",5311,Retail,Private Limited,Mumbai,Maharashtra,2025-03-03,,Suspended,2735.37,Found Duplicate,present,MISSING,PROVIDED,PROVIDED
MCH4243,"Ramesh, Venkatesh And Ravel",5311,Retail,Sole Proprietorship,Amritsar,Punjab,2025-06-24,,Unknown,133.28,Unique,present,MISSING,PROVIDED,PROVIDED
MCH2914,Sharaf Tara,5311,Retail,Individual,Kolkata,West Bengal,2025-07-02,,Unknown,0.542,Found Duplicate,present,MISSING,PROVIDED,PROVIDED
MCH4702,Nath Group,5311,Retail,Sole Proprietorship,Lucknow,Uttar Pradesh,2024-08-15,,Active,0.584,Unique,present,MISSING,PROVIDED,PROVIDED
MCH7152,"Bedi, Patil And Rana",5311,Retail,Private Limited,Chennai,Tamil Nadu,2026-01-02,2453620033,Inactive,1076.99,Found Duplicate,present,VALID_NUMERIC,PROVIDED,PROVIDED
MCH7331,Kala Loyal,5311,Retail,Sole Proprietorship,Hyderabad,Telangana,2024-05-20,6553174901,Active,922.86,Found Duplicate,present,VALID_NUMERIC,PROVIDED,MISSING_OR_INVALID
MCH9620,Chad Plc,5311,Retail,Individual,Ludhiana,Punjab,2025-04-16,HEOY8360949899311,Active,786.55,Found Duplicate,present,ALPHANUMERIC_IBAN,PROVIDED,PROVIDED
MCH8672,"Ganguly, Sarin And Merchant",5311,Retail,Individual,Jalandhar,Punjab,2025-09-06,3398230728,Inactive,1816.05,Unique,present,VALID_NUMERIC,PROVIDED,PROVIDED
MCH9569,Parekh Kalita,5311,Retail,Individual,Amritsar,Punjab,2025-12-07,XXXX5054,Active,1617.31,Unique,present,MASKED,PROVIDED,PROVIDED
MCH8058,Sem Kapoor,5311,Retail,Partnership,Kolkata,West Bengal,2024-06-05,XXXX0797,Unknown,8700.14,Found Duplicate,present,MASKED,PROVIDED,PROVIDED
MCH9161,Patla Group,5311,Retail,Individual,Pune,Maharashtra,2024-10-25,XXXX6366,Active,1771.36,Unique,present,MASKED,PROVIDED,PROVIDED
MCH8297,Desai Ltd,5311,Retail,Sole Proprietorship,Amritsar,Punjab,2023-06-24,,Suspended,8921.0,Found Duplicate,present,MISSING,PROVIDED,PROVIDED
MCH8308,"Mukhopadhyay, Kothari And Raval",5311,Retail,Individual,Amritsar,Punjab,2023-01-21,2673122998,Unknown,764.32,Found Duplicate,present,VALID_NUMERIC,PROVIDED,PROVIDED
MCH1365,Ahluwalia Choudhary,5311,Retail,Private Limited,Ludhiana,Punjab,2023-03-10,XXXX5844,Unknown,4292.21,Found Duplicate,present,MASKED,PROVIDED,PROVIDED
MCH4167,"Thakur, Purohit And Gade",5311,Retail,Individual,Lucknow,Uttar Pradesh,2024-06-08,XXXX3875,Active,642.28,Found Duplicate,present,MASKED,PROVIDED,PROVIDED
MCH7605,Beh1 D’A1Ia,5311,Retail,Partnership,Chennai,Tamil Nadu,2023-05-03,,Unknown,6345.68,Found Duplicate,present,MISSING,PROVIDED,PROVIDED
MCH1100,Swamy Inc,5311,Retail,Partnership,Ludhiana,Punjab,2024-08-17,9084083237,Inactive,2008.22,Found Duplicate,present,VALID_NUMERIC,PROVIDED,PROVIDED
MCH9995,Ben Krish,5311,Retail,Sole Proprietorship,Pune,Maharashtra,2025-11-09,FLBG6350605755281,Active,2919.94,Unique,present,ALPHANUMERIC_IBAN,PROVIDED,PROVIDED
MCH9672,Contractor Sinha,5311,Retail,Individual,Kolkata,West Bengal,2024-11-26,8867559277,Active,1371.8,Unique,present,VALID_NUMERIC,PROVIDED,PROVIDED
MCH4282,Pingle Ltd,5311,Retail,Sole Proprietorship,Amritsar,Punjab,2023-05-26,,Active,0.816,Unique,present,MISSING,PROVIDED,PROVIDED
MCH1986,"Bains, Chanda And Gh0Sh",5311,Retail,Individual,Jalandhar,Punjab,2026-10-01,,Unknown,1427.52,Found Duplicate,present,MISSING,PROVIDED,PROVIDED
MCH8365,"Luthra, Kota And Choudhary",5311,Retail,Private Limited,Amritsar,Punjab,2024-10-17,,Inactive,922.86,Found Duplicate,present,MISSING,PROVIDED,MISSING_OR_INVALID
MCH5546,B0Rde Inc,5311,Retail,Individual,Ludhiana,Punjab,2024-09-27,JPIE0555435223526,Active,1430.97,Found Duplicate,present,ALPHANUMERIC_IBAN,PROVIDED,PROVIDED
MCH7203,Sani Memon,5311,Retail,Sole Proprietorship,Amritsar,Punjab,2023-03-25,OFZD1453201567778,Active,205.09,Unique,present,ALPHANUMERIC_IBAN,PROVIDED,PROVIDED
MCH4781,Pillai Group,5311,Retail,Individual,Jalandhar,Punjab,2023-03-20,,Active,541.83,Found Duplicate,present,MISSING,PROVIDED,PROVIDED
MCH8840,Chatterjee And Sons,5311,Retail,Individual,Pune,Maharashtra,2024-09-26,,Active,1208.62,Unique,present,MISSING,PROVIDED,PROVIDED
MCH8263,"Kapoor, Khanna And Mohan",5311,Retail,Individual,Ludhiana,Punjab,2025-01-08,,Active,0.5404,Found Duplicate,present,MISSING,PROVIDED,PROVIDED
MCH6542,Saraf Dhingra,5311,Retail,Sole Proprietorship,Mumbai,Maharashtra,2023-12-16,UBFA1146451633512,Unknown,321.72,Unique,present,ALPHANUMERIC_IBAN,PROVIDED,PROVIDED
MCH5217,"Kapur, Sabharwal And Chaudhuri",5311,Retail,Sole Proprietorship,Lucknow,Uttar Pradesh,2023-03-07,OZSL0162567761883,Inactive,499.03,Found Duplicate,present,ALPHANUMERIC_IBAN,PROVIDED,PROVIDED
MCH9154,"Mangat, Sarkar And Vasa",5311,Retail,Sole Proprietorship,Hyderabad,Telangana,2023-03-09,DTTZ1892927349834,Active,1303.87,Found Duplicate,present,ALPHANUMERIC_IBAN,PROVIDED,PROVIDED
MCH7957,Keer Khalsa,5311,Retail,Sole Proprietorship,Amritsar,Punjab,2025-11-21,,Active,1690.94,Found Duplicate,present,MISSING,PROVIDED,PROVIDED
MCH4319,"Setty, Sarkar And Mahajan",5311,Retail,Private Limited,Mumbai,Maharashtra,2025-02-01,5750964403,Active,1351.02,Found Duplicate,present,VALID_NUMERIC,PROVIDED,PROVIDED
MCH7539,"Kalita, Din And Ganesh",5311,Retail,Private Limited,Chennai,Tamil Nadu,2024-01-05,5865236657,Active,922.86,Unique,present,VALID_NUMERIC,PROVIDED,MISSING_OR_INVALID
MCH4450,Zachariah Batra,5311,Retail,Sole Proprietorship,Amritsar,Punjab,2023-09-17,,Active,1045.82,Unique,present,MISSING,PROVIDED,PROVIDED
MCH9458,Raja Ltd,5311,Retail,Partnership,Amritsar,Punjab,2025-12-15,XXXX6323,Active,480.87,Found Duplicate,present,MASKED,PROVIDED,PROVIDED
MCH7832,More Cherian,5311,Retail,Sole Proprietorship,Amritsar,Punjab,2024-12-21,,Active,1748.94,Found Duplicate,present,MISSING,PROVIDED,PROVIDED
MCH7681,"Aggarwal, Raj And Mand",5311,Retail,Individual,Amritsar,Punjab,2023-07-26,6309524938,Active,0.148,Found Duplicate,present,VALID_NUMERIC,PROVIDED,PROVIDED
MCH1756,Vala Cheema,5311,Retail,Individual,Delhi,Delhi,2023-03-09,XXXX7019,Active,1245.26,Found Duplicate,present,MASKED,PROVIDED,PROVIDED
MCH7744,Nath Plc,5311,Retail,Individual,Amritsar,Punjab,2026-02-08,,Active,283.48,Unique,present,MISSING,PROVIDED,PROVIDED
MCH5894,Borra Tiwari,5311,Retail,Partnership,Bengaluru,Karnataka,2025-05-24,,Active,239.64,Unique,present,MISSING,PROVIDED,PROVIDED
MCH2693,Tandon Kaur,5311,Retail,Individual,Chennai,Tamil Nadu,2025-04-06,3068123352,Active,1966.59,Unique,present,VALID_NUMERIC,PROVIDED,PROVIDED
MCH4223,"Bajwa, Khurana And Sinha",5311,Retail,Sole Proprietorship,Bengaluru,Karnataka,2025-03-15,,Inactive,585.1,Found Duplicate,present,MISSING,PROVIDED,PROVIDED
MCH4801,Bhargava Basak,5311,Retail,Sole Proprietorship,Lucknow,Uttar Pradesh,2025-11-18,XXXX3111,Active,2920.36,Unique,present,MASKED,PROVIDED,PROVIDED
MCH3595,"Srivastava, Merchant And Kota",5311,Retail,Private Limited,Ludhiana,Punjab,2025-03-01,3018831600,Inactive,0.1153,Unique,present,VALID_NUMERIC,PROVIDED,PROVIDED
MCH8365,"Luthra, Kota And Choudhary",5311,Retail,Private Limited,Amritsar,Punjab,2024-10-17,,Inactive,922.86,Found Duplicate,present,MISSING,PROVIDED,MISSING_OR_INVALID
MCH5112,Agarwa1 Ltd,5311,Retail,Private Limited,Chennai,Tamil Nadu,2026-02-18,,Active,782.67,Found Duplicate,present,MISSING,PROVIDED,PROVIDED
MCH7196,Kunda Bakshi,5311,Retail,Private Limited,Kolkata,West Bengal,2026-02-08,,Suspended,859.44,Found Duplicate,present,MISSING,PROVIDED,PROVIDED
MCH1268,Vyas Ltd,5311,Retail,Individual,Amritsar,Punjab,2023-06-28,,Unknown,922.86,Unique,present,MISSING,PROVIDED,MISSING_OR_INVALID
MCH3406,"Swamy, Borah And Sampath",5311,Retail,Individual,Mumbai,Maharashtra,2024-05-22,XXXX9630,Inactive,438.79,Unique,present,MASKED,PROVIDED,PROVIDED
MCH3846,Khanna Badal,5311,Retail,Private Limited,Delhi,Delhi,2025-04-18,9124984839,Unknown,3521.78,Found Duplicate,present,VALID_NUMERIC,PROVIDED,PROVIDED
MCH8341,Tara Ben,5311,Retail,Individual,Kolkata,West Bengal,2023-06-26,,Active,1137.47,Found Duplicate,present,MISSING,PROVIDED,PROVIDED
MCH4235,Nagar Sharma,5311,Retail,Sole Proprietorship,Kolkata,West Bengal,2024-10-02,,Active,1671.65,Unique,present,MISSING,PROVIDED,PROVIDED
MCH1906,"Taneja, Mahajan And Sarna",5311,Retail,Individual,Bengaluru,Karnataka,2026-01-16,ZMCC2986180199571,Inactive,0.2772,Unique,present,ALPHANUMERIC_IBAN,PROVIDED,PROVIDED
MCH2665,"Arora, Bir And Mahal",5311,Retail,Sole Proprietorship,Lucknow,Uttar Pradesh,2024-11-15,3459659161,Inactive,2101.74,Found Duplicate,present,VALID_NUMERIC,PROVIDED,PROVIDED
MCH3612,Vaidya Arya,5311,Retail,Private Limited,Kolkata,West Bengal,2023-01-09,UOBK5661273202199,Active,695.7,Found Duplicate,present,ALPHANUMERIC_IBAN,PROVIDED,PROVIDED
MCH4536,Gulati And Sons,5311,Retail,Individual,Delhi,Delhi,2024-12-06,,Active,951.8,Unique,present,MISSING,PROVIDED,PROVIDED
MCH3698,"Prashad, Viswanathan And Sama",5311,Retail,Partnership,Amritsar,Punjab,2026-02-09,,Active,0.514,Found Duplicate,present,MISSING,PROVIDED,PROVIDED
MCH6729,Sharma And Sons,5311,Retail,Partnership,Amritsar,Punjab,2023-01-27,,Active,442.47,Found Duplicate,present,MISSING,PROVIDED,PROVIDED
MCH7118,Chaudhry Ltd,5311,Retail,Sole Proprietorship,Hyderabad,Telangana,2025-05-15,XXXX9631,Unknown,6144.18,Unique,present,MASKED,PROVIDED,PROVIDED
MCH7667,Lalla And Sons,5311,Retail,Individual,Hyderabad,Telangana,2023-01-20,,Active,0.1676,Found Duplicate,present,MISSING,PROVIDED,PROVIDED
MCH6462,"Vaidya, Kunda And Bhavsar",5311,Retail,Private Limited,Lucknow,Uttar Pradesh,2025-12-19,5665285252,Active,1652.23,Unique,present,VALID_NUMERIC,PROVIDED,PROVIDED
MCH6637,Sagar Group,5311,Retail,Sole Proprietorship,Jaipur,Rajasthan,2023-08-16,,Active,2926.37,Unique,present,MISSING,PROVIDED,PROVIDED
MCH2042,"Rai, Das And Bava",5311,Retail,Partnership,Pune,Maharashtra,2023-12-17,ZYCY1593553139876,Active,1564.88,Unique,present,ALPHANUMERIC_IBAN,PROVIDED,PROVIDED
MCH6466,Randhawa Llc,5311,Retail,Individual,Pune,Maharashtra,2024-06-03,WUJF6073785687916,Unknown,3082.9,Unique,present,ALPHANUMERIC_IBAN,PROVIDED,PROVIDED
MCH6868,Tara Group,5311,Retail,Partnership,Pune,Maharashtra,2024-02-04,,Unknown,323.93,Unique,present,MISSING,PROVIDED,PROVIDED
MCH4587,Karnik And Sons,5311,Retail,Partnership,Jaipur,Rajasthan,2025-02-07,,Active,2493.1,Found Duplicate,present,MISSING,PROVIDED,PROVIDED
MCH4025,Hegde Sule,5311,Retail,Individual,Hyderabad,Telangana,,XXXX6804,Inactive,1108.29,Unique,missing,MASKED,PROVIDED,PROVIDED
MCH9704,"Wason, Upadhyay And Palla",5311,Retail,Private Limited,Mumbai,Maharashtra,2024-11-07,0272024202,Unknown,922.86,Found Duplicate,present,VALID_NUMERIC,PROVIDED,MISSING_OR_INVALID
MCH1969,Narain Menon,5311,Retail,Individual,Delhi,Delhi,2025-11-16,FJVW1497261653850,Active,453.33,Found Duplicate,present,ALPHANUMERIC_IBAN,PROVIDED,PROVIDED
MCH9245,Zachariah Suri,5311,Retail,Individual,Jalandhar,Punjab,2023-05-03,ZBKQ5898737738506,Active,328.18,Unique,present,ALPHANUMERIC_IBAN,PROVIDED,PROVIDED
MCH9009,"Singhal, Patil And Brar",5311,Retail,Private Limited,Jalandhar,Punjab,2026-02-20,7365281036,Inactive,1016.03,Found Duplicate,present,VALID_NUMERIC,PROVIDED,PROVIDED
MCH2390,Bandi Sidhu,5311,Retail,Sole Proprietorship,Jaipur,Rajasthan,,XXXX9688,Active,1091.1,Unique,missing,MASKED,PROVIDED,PROVIDED
MCH1420,"Hayer, Malhotra And Dugar",5311,Retail,Individual,Pune,Maharashtra,2023-07-08,XXXX5505,Active,1649.54,Found Duplicate,present,MASKED,PROVIDED,PROVIDED
MCH2189,"Mammen, Balakrishnan And Prakash",5311,Retail,Sole Proprietorship,Jaipur,Rajasthan,2025-05-14,,Active,2363.97,Unique,present,MISSING,PROVIDED,PROVIDED
MCH9440,Ratti Llc,5311,Retail,Individual,Jalandhar,Punjab,,MAUW1308281422202,Active,186.6,Unique,missing,ALPHANUMERIC_IBAN,PROVIDED,PROVIDED
MCH7600,"Minhas, Rattan And Oak",5311,Retail,Sole Proprietorship,Ludhiana,Punjab,2023-10-13,XXXX9742,Active,0.10025,Found Duplicate,present,MASKED,PROVIDED,PROVIDED
MCH5089,Korpal Parmer,5311,Retail,Private Limited,Jaipur,Rajasthan,2024-06-14,,Unknown,0.373,Unique,present,MISSING,PROVIDED,PROVIDED
MCH5845,Buch Plc,5311,Retail,Sole Proprietorship,Ludhiana,Punjab,2025-09-25,8892986940,Active,1603.87,Found Duplicate,present,VALID_NUMERIC,PROVIDED,PROVIDED
MCH4781,"Mohan, Sharaf And Narula",5311,Retail,Sole Proprietorship,Delhi,Delhi,2024-01-08,3603337866,Active,482.6,Found Duplicate,present,VALID_NUMERIC,PROVIDED,PROVIDED
MCH3014,Nagarajan Bandi,5311,Retail,Individual,Delhi,Delhi,2025-09-06,XXXX4761,Active,3013.17,Unique,present,MASKED,PROVIDED,PROVIDED
MCH4246,Rama Dasgupta,5311,Retail,Individual,Amritsar,Punjab,2025-05-01,,Active,2336.28,Unique,present,MISSING,PROVIDED,PROVIDED
MCH7605,Kakar Dhi110N,5311,Retail,Private Limited,Bengaluru,Karnataka,2025-07-21,XXXX1255,Inactive,1126.42,Found Duplicate,present,MASKED,PROVIDED,PROVIDED
MCH9805,Sha Mitter,5311,Retail,Partnership,Jalandhar,Punjab,,6239132906,Active,1993.26,Unique,missing,VALID_NUMERIC,PROVIDED,PROVIDED
MCH2627,Shanker Plc,5311,Retail,Individual,Lucknow,Uttar Pradesh,2024-10-16,0834395040,Active,427.05,Found Duplicate,present,VALID_NUMERIC,PROVIDED,PROVIDED
MCH3285,"Prasad, Luthra And Suri",5311,Retail,Partnership,Bengaluru,Karnataka,2023-02-22,3068852550,Active,669.58,Unique,present,VALID_NUMERIC,PROVIDED,PROVIDED
MCH9291,"Thakkar, Bath And Uppal",5311,Retail,Sole Proprietorship,Lucknow,Uttar Pradesh,2024-12-24,XXXX5444,Inactive,0.3529,Found Duplicate,present,MASKED,PROVIDED,PROVIDED
MCH5245,"Bhatt, Kakar And Boase",5311,Retail,Individual,Jalandhar,Punjab,2025-06-27,4405470614,Unknown,2923.74,Found Duplicate,present,VALID_NUMERIC,PROVIDED,PROVIDED
MCH8536,"Basak, Sami And Char",5311,Retail,Private Limited,Mumbai,Maharashtra,,,Active,335.5,Found Duplicate,missing,MISSING,PROVIDED,PROVIDED
MCH1249,"Varkey, Kulkarni And More",5311,Retail,Sole Proprietorship,Bengaluru,Karnataka,2023-07-26,,Active,1049.44,Found Duplicate,present,MISSING,PROVIDED,PROVIDED
MCH6161,More Plc,5311,Retail,Partnership,Jaipur,Rajasthan,2024-04-15,,Active,849.42,Found Duplicate,present,MISSING,PROVIDED,PROVIDED
MCH8029,"Gokhale, Varughese And Dube",5311,Retail,Sole Proprietorship,Hyderabad,Telangana,2025-12-21,GRPS2021500015035,Active,0.973,Unique,present,ALPHANUMERIC_IBAN,PROVIDED,PROVIDED
MCH1261,"Cheema, Savant And Bakshi",5311,Retail,Sole Proprietorship,Ludhiana,Punjab,2024-06-03,EXGQ1328686965867,Inactive,922.86,Found Duplicate,present,ALPHANUMERIC_IBAN,PROVIDED,MISSING_OR_INVALID
MCH3847,Nair Plc,5311,Retail,Sole Proprietorship,Pune,Maharashtra,,,Active,660.47,Unique,missing,MISSING,PROVIDED,PROVIDED
MCH2282,Mall Group,5311,Retail,Partnership,Jalandhar,Punjab,2024-02-08,0935990033,Active,0.654,Unique,present,VALID_NUMERIC,PROVIDED,PROVIDED
MCH3778,"Bhagat, Sama And Murthy",4814,Telecom,Individual,Amritsar,Punjab,2026-01-18,ETOX8271252256292,Inactive,2790.66,Found Duplicate,present,ALPHANUMERIC_IBAN,PROVIDED,PROVIDED
MCH4958,Dara Inc,4814,Telecom,Partnership,Pune,Maharashtra,2025-03-30,XXXX0462,Active,1006.565,Found Duplicate,present,MASKED,PROVIDED,MISSING_OR_INVALID
MCH7448,Mittal Inc,4814,Telecom,Private Limited,Hyderabad,Telangana,2024-07-12,9231182109,Inactive,760.79,Unique,present,VALID_NUMERIC,PROVIDED,PROVIDED
MCH7845,Bhasin Dubey,4814,Telecom,Private Limited,Ludhiana,Punjab,2024-08-22,8372327074,Active,0.994,Unique,present,VALID_NUMERIC,PROVIDED,PROVIDED
MCH4682,Dora Chander,4814,Telecom,Individual,Mumbai,Maharashtra,2023-03-08,,Unknown,1036.09,Found Duplicate,present,MISSING,PROVIDED,PROVIDED
MCH9847,Dube And Sons,4814,Telecom,Partnership,Delhi,Delhi,2023-06-06,6626610678,Active,918.47,Found Duplicate,present,VALID_NUMERIC,PROVIDED,PROVIDED
MCH9481,"Seshadri, Hora And Magar",4814,Telecom,Sole Proprietorship,Jalandhar,Punjab,2024-09-02,,Unknown,927.01,Found Duplicate,present,MISSING,PROVIDED,PROVIDED
MCH8832,Kala Llc,4814,Telecom,Individual,Hyderabad,Telangana,2025-10-12,XXXX8743,Active,292.25,Found Duplicate,present,MASKED,PROVIDED,PROVIDED
MCH5912,"Raman, Viswanathan And Garg",4814,Telecom,Individual,Bengaluru,Karnataka,2023-01-12,3092091837,Active,0.4153,Found Duplicate,present,VALID_NUMERIC,PROVIDED,PROVIDED
MCH6099,Yadav Llc,4814,Telecom,Partnership,Bengaluru,Karnataka,2025-06-16,7606007756,Active,4726.0,Unique,present,VALID_NUMERIC,PROVIDED,PROVIDED
MCH2422,Sampath Balasubramanian,4814,Telecom,Private Limited,Bengaluru,Karnataka,2025-06-25,7967511719,Suspended,2352.58,Found Duplicate,present,VALID_NUMERIC,PROVIDED,PROVIDED
MCH3656,Agrawal Ltd,4814,Telecom,Private Limited,Ludhiana,Punjab,2024-08-05,XXXX7009,Unknown,3644.12,Found Duplicate,present,MASKED,PROVIDED,PROVIDED
MCH5843,Wason And Sons,4814,Telecom,Individual,Hyderabad,Telangana,2023-05-30,,Inactive,1023.46,Unique,present,MISSING,PROVIDED,PROVIDED
MCH4858,Malhotra Doctor,4814,Telecom,Individual,Ludhiana,Punjab,2024-11-20,4066282320,Active,7460.92,Unique,present,VALID_NUMERIC,PROVIDED,PROVIDED
MCH3935,Natarajan Karnik,4814,Telecom,Sole Proprietorship,Delhi,Delhi,2025-04-23,,Active,461.4,Found Duplicate,present,MISSING,PROVIDED,PROVIDED
MCH3416,"Rau, Baral And Karan",4814,Telecom,Private Limited,Ludhiana,Punjab,2024-02-02,,Active,0.894,Unique,present,MISSING,PROVIDED,PROVIDED
MCH9587,Krishnamurthy Contractor,4814,Telecom,Sole Proprietorship,Kolkata,West Bengal,2024-12-09,XXXX7878,Active,211.86,Unique,present,MASKED,PROVIDED,PROVIDED
MCH2655,"Brahmbhatt, Desai And Sangha",4814,Telecom,Sole Proprietorship,Amritsar,Punjab,2026-01-04,4532869649,Inactive,0.3102,Found Duplicate,present,VALID_NUMERIC,PROVIDED,PROVIDED
MCH6947,"Desai, Dara And Dani",4814,Telecom,Individual,Bengaluru,Karnataka,2023-10-13,,Unknown,947.15,Found Duplicate,present,MISSING,PROVIDED,PROVIDED
MCH7031,Chander Inc,4814,Telecom,Private Limited,Pune,Maharashtra,2025-09-28,XXXX5142,Unknown,1538.5,Unique,present,MASKED,PROVIDED,PROVIDED
MCH1706,Kandaandsons,4814,Telecom,Private Limited,Chennai,Tamil Nadu,2023-08-20,,Unknown,546.33,Found Duplicate,present,MISSING,PROVIDED,PROVIDED
MCH9001,Mangat Sachar,4814,Telecom,Individual,Kolkata,West Bengal,2023-11-09,MHGZ0836129052576,Unknown,805.62,Found Duplicate,present,ALPHANUMERIC_IBAN,PROVIDED,PROVIDED
MCH8975,"Shanker, Kothari And Balasubramanian",4814,Telecom,Individual,Mumbai,Maharashtra,2025-10-24,,Active,1231.77,Unique,present,MISSING,PROVIDED,PROVIDED
MCH7146,Bali Plc,4814,Telecom,Private Limited,Hyderabad,Telangana,2025-02-14,6264736894,Active,8255.11,Found Duplicate,present,VALID_NUMERIC,PROVIDED,PROVIDED
MCH6430,Prakash Group,4814,Telecom,Individual,Hyderabad,Telangana,2025-08-05,,Suspended,5278.71,Unique,present,MISSING,PROVIDED,PROVIDED
MCH7879,Sawhney Goda,4814,Telecom,Individual,Jalandhar,Punjab,2023-12-30,,Active,1760.85,Unique,present,MISSING,PROVIDED,PROVIDED
MCH3111,Cherian G0Swami,4814,Telecom,Private Limited,Bengaluru,Karnataka,,,Active,1311.29,Unique,missing,MISSING,PROVIDED,PROVIDED
MCH6560,"Pandit, Jayaraman And Chokshi",4814,Telecom,Individual,Hyderabad,Telangana,2023-05-29,3945566171,Active,11930.97,Unique,present,VALID_NUMERIC,PROVIDED,PROVIDED
MCH3094,Bali Inc,4814,Telecom,Sole Proprietorship,Jalandhar,Punjab,,REUR1699185299963,Active,1006.565,Found Duplicate,missing,ALPHANUMERIC_IBAN,PROVIDED,MISSING_OR_INVALID
MCH8053,Chhabra Inc,4814,Telecom,Individual,Hyderabad,Telangana,2023-03-29,XXXX7777,Active,1235.44,Found Duplicate,present,MASKED,PROVIDED,PROVIDED
MCH3387,Boase Ltd,4814,Telecom,Sole Proprietorship,Chennai,Tamil Nadu,2024-10-20,,Unknown,4926.8,Unique,present,MISSING,PROVIDED,PROVIDED
MCH5656,Narayanan Group,4814,Telecom,Partnership,Lucknow,Uttar Pradesh,2023-12-11,SICD4237260629825,Active,509.12,Found Duplicate,present,ALPHANUMERIC_IBAN,PROVIDED,PROVIDED
MCH8492,Narayan Gr0Up,4814,Telecom,Individual,Kolkata,West Bengal,,XXXX3928,Inactive,1006.565,Unique,missing,MASKED,PROVIDED,MISSING_OR_INVALID
MCH8247,"Pandya, Muni And Hora",4814,Telecom,Partnership,Lucknow,Uttar Pradesh,2024-10-24,ODLV2829878275215,Active,1396.47,Unique,present,ALPHANUMERIC_IBAN,PROVIDED,PROVIDED
MCH4371,Chahal Chaudhari,4814,Telecom,Sole Proprietorship,Ludhiana,Punjab,2025-01-20,,Suspended,219.82,Unique,present,MISSING,PROVIDED,PROVIDED
MCH4939,Bath Kumer,4814,Telecom,Partnership,Delhi,Delhi,2023-10-06,XXXX8414,Active,1620.24,Unique,present,MASKED,PROVIDED,PROVIDED
MCH7667,Solanki Llc,4814,Telecom,Sole Proprietorship,Lucknow,Uttar Pradesh,2024-06-28,,Active,1620.69,Found Duplicate,present,MISSING,PROVIDED,PROVIDED
MCH9021,Dubey Plc,4814,Telecom,Private Limited,Jaipur,Rajasthan,2023-10-03,DCIU7751773884205,Inactive,214.99,Found Duplicate,present,ALPHANUMERIC_IBAN,PROVIDED,PROVIDED
MCH1965,Chawla Sawhney,4814,Telecom,Individual,Bengaluru,Karnataka,2025-08-21,,Unknown,4592.95,Found Duplicate,present,MISSING,PROVIDED,PROVIDED
MCH2550,Dhaliwal Llc,4814,Telecom,Individual,Chennai,Tamil Nadu,2024-08-25,,Active,291.0,Found Duplicate,present,MISSING,PROVIDED,PROVIDED
MCH2223,Dhaliwal Llc,4814,Telecom,Individual,Mumbai,Maharashtra,2024-07-14,XXXX3669,Active,543.88,Found Duplicate,present,MASKED,PROVIDED,PROVIDED
MCH7001,Das Llc,4814,Telecom,Private Limited,Kolkata,West Bengal,2025-02-09,,Active,3255.38,Unique,present,MISSING,PROVIDED,PROVIDED
MCH4263,Kari And Sons,4814,Telecom,Private Limited,Kolkata,West Bengal,2023-11-27,,Active,616.52,Unique,present,MISSING,PROVIDED,PROVIDED
MCH9942,Choudhry Shenoy,4814,Telecom,Partnership,Amritsar,Punjab,2024-08-09,JYCX6599095859245,Active,1359.79,Found Duplicate,present,ALPHANUMERIC_IBAN,PROVIDED,PROVIDED
MCH1573,"Tailor, Som And Soni",4814,Telecom,Partnership,Jalandhar,Punjab,2023-12-11,,Active,540.2,Unique,present,MISSING,PROVIDED,PROVIDED
MCH9896,Wali Group,4814,Telecom,Sole Proprietorship,Pune,Maharashtra,2023-08-15,,Suspended,1708.02,Found Duplicate,present,MISSING,PROVIDED,PROVIDED
MCH5141,Gera Kashyap,4814,Telecom,Partnership,Ludhiana,Punjab,2024-01-08,,Active,2000.07,Found Duplicate,present,MISSING,PROVIDED,PROVIDED
MCH2441,Bhatnagar Plc,4814,Telecom,Individual,Jaipur,Rajasthan,2024-04-05,4907126528,Active,0.1789,Unique,present,VALID_NUMERIC,PROVIDED,PROVIDED
MCH7733,Bora Inc,4814,Telecom,Private Limited,Lucknow,Uttar Pradesh,2024-01-22,XXXX3762,Active,5028.38,Unique,present,MASKED,PROVIDED,PROVIDED
MCH5932,Jani Sathe,4814,Telecom,Partnership,Ludhiana,Punjab,2024-10-09,,Inactive,2383.64,Unique,present,MISSING,PROVIDED,PROVIDED
MCH9143,Kibe And Sons,4814,Telecom,Individual,Jalandhar,Punjab,2025-06-12,,Active,924.79,Found Duplicate,present,MISSING,PROVIDED,PROVIDED
MCH6167,"Chawla, Andra And Varty",4814,Telecom,Partnership,Hyderabad,Telangana,2023-05-08,6258351219,Active,2407.62,Unique,present,VALID_NUMERIC,PROVIDED,PROVIDED
MCH4477,"Ray, Agate And Som",4814,Telecom,Partnership,Amritsar,Punjab,2025-01-27,3942164768,Active,3504.19,Found Duplicate,present,VALID_NUMERIC,PROVIDED,PROVIDED
MCH4401,"Misra, Sama And Shetty",4814,Telecom,Individual,Pune,Maharashtra,2023-10-12,4220162821,Unknown,0.4329,Found Duplicate,present,VALID_NUMERIC,PROVIDED,PROVIDED
MCH9662,Basu Korpal,4814,Telecom,Private Limited,Pune,Maharashtra,2023-09-13,WZTV1265477628451,Active,0.1152,Unique,present,ALPHANUMERIC_IBAN,PROVIDED,PROVIDED
MCH8592,Ramaswamy Plc,4814,Telecom,Individual,Amritsar,Punjab,,,Suspended,0.661,Found Duplicate,missing,MISSING,PROVIDED,PROVIDED
MCH9565,Subramanian Bakshi,4814,Telecom,Private Limited,Hyderabad,Telangana,2025-06-26,XXXX4080,Inactive,1964.93,Found Duplicate,present,MASKED,PROVIDED,PROVIDED
MCH1941,Bath Sunder,4814,Telecom,Sole Proprietorship,Jaipur,Rajasthan,2024-05-22,,Suspended,1006.565,Unique,present,MISSING,PROVIDED,MISSING_OR_INVALID
MCH9188,Randhawa Plc,4814,Telecom,Partnership,Jalandhar,Punjab,2024-11-09,XXXX7941,Active,1006.565,Unique,present,MASKED,PROVIDED,MISSING_OR_INVALID
MCH6862,Misra Dada,4814,Telecom,Private Limited,Kolkata,West Bengal,2025-08-12,XXXX0069,Active,0.736,Found Duplicate,present,MASKED,PROVIDED,PROVIDED
MCH5067,Mangat Pant,4814,Telecom,Individual,Pune,Maharashtra,2024-02-27,NOGU4869470784091,Unknown,1263.65,Unique,present,ALPHANUMERIC_IBAN,PROVIDED,PROVIDED
MCH7313,Comar Din,4814,Telecom,Private Limited,Mumbai,Maharashtra,2026-01-18,8645351517,Active,1884.45,Found Duplicate,present,VALID_NUMERIC,PROVIDED,PROVIDED
MCH4709,Ramakrishnan Palla,4814,Telecom,Individual,Bengaluru,Karnataka,2026-02-15,AMXA0608566091033,Active,1190.3,Found Duplicate,present,ALPHANUMERIC_IBAN,PROVIDED,PROVIDED
MCH2923,Virk Group,4814,Telecom,Individual,Jalandhar,Punjab,,,Active,681.07,Found Duplicate,missing,MISSING,PROVIDED,PROVIDED
MCH2710,"Sami, Sibal And Sabharwal",4814,Telecom,Sole Proprietorship,Ludhiana,Punjab,2024-02-08,AKLL1339623695675,Active,1319.1,Found Duplicate,present,ALPHANUMERIC_IBAN,PROVIDED,PROVIDED
MCH3818,Gopal Khalsa,4814,Telecom,Partnership,Amritsar,Punjab,,,Unknown,200.35,Unique,missing,MISSING,PROVIDED,PROVIDED
MCH5709,Shroff Mukherjee,4814,Telecom,Private Limited,Jaipur,Rajasthan,2024-11-10,FPQT8539252763493,Active,668.22,Unique,present,ALPHANUMERIC_IBAN,PROVIDED,PROVIDED
MCH2849,Gokhale Iyengar,4814,Telecom,Partnership,Jalandhar,Punjab,,8509639866,Active,1215.62,Found Duplicate,missing,VALID_NUMERIC,PROVIDED,PROVIDED
MCH5583,"Sama, Thaman And Bakshi",4814,Telecom,Individual,Pune,Maharashtra,2023-07-21,XXXX8722,Active,2696.94,Unique,present,MASKED,PROVIDED,PROVIDED
MCH8967,"Kakar, Mandal And Sehgal",4814,Telecom,Private Limited,Delhi,Delhi,2024-01-26,XXXX8902,Active,3964.67,Found Duplicate,present,MASKED,PROVIDED,PROVIDED
MCH9555,Chandra Ltd,4814,Telecom,Partnership,Jaipur,Rajasthan,2023-01-10,XXXX4338,Inactive,7981.95,Found Duplicate,present,MASKED,PROVIDED,PROVIDED
MCH3541,"Srivastava, Tella And Konda",4814,Telecom,Private Limited,Delhi,Delhi,2024-10-31,XXXX6960,Inactive,2341.43,Found Duplicate,present,MASKED,PROVIDED,PROVIDED
MCH9140,Raghavan Batta,4814,Telecom,Individual,Bengaluru,Karnataka,2024-11-04,HHIC1764468874406,Active,755.01,Found Duplicate,present,ALPHANUMERIC_IBAN,PROVIDED,PROVIDED
MCH3556,"Sant, 0Ak And Jani",4814,Telecom,Private Limited,Kolkata,West Bengal,2024-03-29,,Active,515.95,Found Duplicate,present,MISSING,PROVIDED,PROVIDED
MCH4582,Pai Shenoy,4814,Telecom,Individual,Pune,Maharashtra,2025-03-18,XXXX2537,Unknown,0.1857,Unique,present,MASKED,PROVIDED,PROVIDED
MCH6814,Gara Seth,4814,Telecom,Private Limited,Jaipur,Rajasthan,2024-07-02,2121833537,Active,1223.19,Unique,present,VALID_NUMERIC,PROVIDED,PROVIDED
MCH8177,Bera Plc,4814,Telecom,Individual,Amritsar,Punjab,2023-07-14,3738058376,Inactive,491.01,Found Duplicate,present,VALID_NUMERIC,PROVIDED,PROVIDED
MCH9119,Dyal Salvi,4814,Telecom,Partnership,Chennai,Tamil Nadu,2023-04-20,,Unknown,6428.96,Unique,present,MISSING,PROVIDED,PROVIDED
MCH5040,Nayar Khatri,4814,Telecom,Individual,Pune,Maharashtra,2025-04-30,,Active,1055.33,Found Duplicate,present,MISSING,PROVIDED,PROVIDED
MCH7757,"Uppal, Kota And Ramaswamy",4814,Telecom,Individual,Delhi,Delhi,2024-02-09,XXXX2473,Active,669.43,Unique,present,MASKED,PROVIDED,PROVIDED
MCH4303,"Dhingra, Khurana And Zachariah",4814,Telecom,Partnership,Mumbai,Maharashtra,2023-08-25,,Active,0.2476,Unique,present,MISSING,PROVIDED,PROVIDED
MCH7105,Mann Oommen,4814,Telecom,Private Limited,Chennai,Tamil Nadu,2025-11-09,,Active,461.62,Found Duplicate,present,MISSING,PROVIDED,PROVIDED
MCH6451,Cheema Ltd,4814,Telecom,Partnership,Mumbai,Maharashtra,,,Unknown,1006.565,Found Duplicate,missing,MISSING,PROVIDED,MISSING_OR_INVALID
MCH6360,Sur Ltd,4814,Telecom,Partnership,Pune,Maharashtra,2024-01-13,,Active,2499.76,Found Duplicate,present,MISSING,PROVIDED,PROVIDED
MCH5505,Korpal Inc,4814,Telecom,Individual,Mumbai,Maharashtra,2025-05-05,,Active,1908.25,Found Duplicate,present,MISSING,PROVIDED,PROVIDED
MCH4767,Prasad Inc,4814,Telecom,Private Limited,Pune,Maharashtra,2023-06-20,,Inactive,789.87,Unique,present,MISSING,PROVIDED,PROVIDED
MCH9246,"Krishna, Wable And Kanda",4814,Telecom,Sole Proprietorship,Pune,Maharashtra,2023-03-01,XXXX5813,Active,859.77,Unique,present,MASKED,PROVIDED,PROVIDED
MCH2850,Gera Seth,4814,Telecom,Private Limited,Chennai,Tamil Nadu,2023-03-15,,Active,689.16,Found Duplicate,present,MISSING,PROVIDED,PROVIDED
MCH8472,Guha Sandhu,4814,Telecom,Partnership,Amritsar,Punjab,,,Active,1828.57,Unique,missing,MISSING,PROVIDED,PROVIDED
MCH4342,S0M Plc,4814,Telecom,Private Limited,Jaipur,Rajasthan,2025-11-08,,Inactive,337.31,Found Duplicate,present,MISSING,PROVIDED,PROVIDED
MCH4157,Minhas Saran,4814,Telecom,Partnership,Mumbai,Maharashtra,2025-11-02,,Unknown,2413.97,Unique,present,MISSING,PROVIDED,PROVIDED
MCH8056,"Pai, Doshi And Nath",4814,Telecom,Private Limited,Lucknow,Uttar Pradesh,2024-05-26,YMRE9652845311736,Active,581.34,Unique,present,ALPHANUMERIC_IBAN,PROVIDED,PROVIDED
MCH2428,Suresh Varma,4814,Telecom,Private Limited,Hyderabad,Telangana,2024-05-31,XXXX3635,Unknown,0.949,Unique,present,MASKED,PROVIDED,PROVIDED
MCH6150,Nagarajan Peri,4814,Telecom,Sole Proprietorship,Delhi,Delhi,2024-04-19,XXXX0784,Active,414.2,Found Duplicate,present,MASKED,PROVIDED,PROVIDED
MCH9879,Venkataraman Tata,4814,Telecom,Individual,Ludhiana,Punjab,2024-04-01,5404250897,Inactive,2839.66,Unique,present,VALID_NUMERIC,PROVIDED,PROVIDED
MCH6566,"Purohit, Chacko And Kadakia",4814,Telecom,Private Limited,Chennai,Tamil Nadu,2024-10-03,YAOU8203503390794,Inactive,1923.82,Found Duplicate,present,ALPHANUMERIC_IBAN,PROVIDED,PROVIDED
MCH5408,"Mani, Reddy And Shah",4814,Telecom,Partnership,Mumbai,Maharashtra,2025-03-02,,Active,1405.07,Found Duplicate,present,MISSING,PROVIDED,PROVIDED
MCH8037,Patla Balakrishnan,4814,Telecom,Sole Proprietorship,Pune,Maharashtra,2025-09-19,4862107137,Active,327.35,Found Duplicate,present,VALID_NUMERIC,PROVIDED,PROVIDED
MCH4104,Sawhney Suri,4814,Telecom,Individual,Hyderabad,Telangana,2023-12-15,8776394591,Inactive,0.295,Found Duplicate,present,VALID_NUMERIC,PROVIDED,PROVIDED
MCH6161,Sura Wadhwa,4814,Telecom,Individual,Bengaluru,Karnataka,2025-04-22,QWHT6526941757258,Unknown,490.18,Found Duplicate,present,ALPHANUMERIC_IBAN,PROVIDED,PROVIDED
MCH3438,Murty Parmar,4814,Telecom,Private Limited,Amritsar,Punjab,2024-04-10,LRSK8249071074897,Active,621.11,Found Duplicate,present,ALPHANUMERIC_IBAN,PROVIDED,PROVIDED
MCH8529,Prakash Sharaf,4814,Telecom,Partnership,Amritsar,Punjab,2024-10-30,XXXX5799,Inactive,2061.7,Found Duplicate,present,MASKED,PROVIDED,PROVIDED
MCH6582,Mukhopadhyay Plc,4814,Telecom,Individual,Ludhiana,Punjab,,,Unknown,572.51,Found Duplicate,missing,MISSING,PROVIDED,PROVIDED
MCH6114,"Khurana, Chowdhury And Chaudhary",4814,Telecom,Private Limited,Chennai,Tamil Nadu,,XXXX2122,Active,0.1212,Unique,missing,MASKED,PROVIDED,PROVIDED
MCH4904,"Vohra, Lanka And Bumb",4814,Telecom,Partnership,Chennai,Tamil Nadu,2023-09-25,XXXX8030,Active,1946.13,Found Duplicate,present,MASKED,PROVIDED,PROVIDED
MCH9135,"Nath, Samra And Chopra",4814,Telecom,Sole Proprietorship,Kolkata,West Bengal,2026-04-02,7899898758,Active,387.53,Unique,present,VALID_NUMERIC,PROVIDED,PROVIDED
MCH7229,"Salvi, Kale And Sunder",4814,Telecom,Private Limited,Pune,Maharashtra,2025-12-23,,Active,606.62,Unique,present,MISSING,PROVIDED,PROVIDED
MCH4969,"Bobal, Garde And Upadhyay",4814,Telecom,Sole Proprietorship,Chennai,Tamil Nadu,2023-11-01,XXXX2131,Active,817.93,Unique,present,MASKED,PROVIDED,PROVIDED
MCH3927,Basak Shukla,4814,Telecom,Private Limited,Jalandhar,Punjab,2023-03-18,KBJY1537538735375,Inactive,980.64,Unique,present,ALPHANUMERIC_IBAN,PROVIDED,PROVIDED
MCH8734,"Ganguly, Hayre And Choudhury",4814,Telecom,Sole Proprietorship,Lucknow,Uttar Pradesh,2023-05-05,8075659044,Active,4276.72,Unique,present,VALID_NUMERIC,PROVIDED,PROVIDED
MCH4474,Ram Ltd,4814,Telecom,Partnership,Jalandhar,Punjab,2024-07-13,,Active,1082.17,Unique,present,MISSING,PROVIDED,PROVIDED
MCH5137,Bath Keer,4814,Telecom,Private Limited,Bengaluru,Karnataka,2024-11-06,XXXX5840,Suspended,0.634,Found Duplicate,present,MASKED,PROVIDED,PROVIDED
MCH1954,"Kunda, Kata And Shetty",4814,Telecom,Individual,Pune,Maharashtra,2025-10-19,0079661036,Active,923.81,Unique,present,VALID_NUMERIC,PROVIDED,PROVIDED
MCH6017,"Loyal, Sidhu And Balay",4814,Telecom,Sole Proprietorship,Amritsar,Punjab,2025-01-08,,Inactive,985.33,Found Duplicate,present,MISSING,PROVIDED,PROVIDED
MCH6628,Thakur Kunda,4814,Telecom,Private Limited,Delhi,Delhi,2025-05-13,XXXX4289,Active,0.1718,Unique,present,MASKED,PROVIDED,PROVIDED
MCH3875,Kade And Sons,4814,Telecom,Private Limited,Pune,Maharashtra,2024-01-12,,Active,3073.34,Found Duplicate,present,MISSING,PROVIDED,PROVIDED
MCH4496,"Shroff,Ahujaandkumar",4814,Telecom,Partnership,Amritsar,Punjab,2025-11-05,5684338286,Unknown,497.26,Found Duplicate,present,VALID_NUMERIC,PROVIDED,PROVIDED
MCH3551,"Chaudry, Toor And Lala",4814,Telecom,Sole Proprietorship,Bengaluru,Karnataka,2023-12-15,,Active,941.64,Unique,present,MISSING,PROVIDED,PROVIDED
MCH8473,"Tella, Dara And Krish",4814,Telecom,Private Limited,Mumbai,Maharashtra,2025-06-21,,Active,320.84,Unique,present,MISSING,PROVIDED,PROVIDED
MCH2946,Divan Inc,4814,Telecom,Private Limited,Jaipur,Rajasthan,2024-09-22,XXXX7575,Active,1246.97,Found Duplicate,present,MASKED,PROVIDED,PROVIDED
MCH1059,Prasad Ltd,4814,Telecom,Partnership,Hyderabad,Telangana,2023-03-18,XXXX9900,Active,4187.75,Unique,present,MASKED,PROVIDED,PROVIDED
MCH7635,Karpe Inc,4814,Telecom,Partnership,Mumbai,Maharashtra,2023-05-11,4808643996,Suspended,6027.41,Found Duplicate,present,VALID_NUMERIC,PROVIDED,PROVIDED
MCH1769,"Sekhon, Goswami And Rajan",4814,Telecom,Sole Proprietorship,Lucknow,Uttar Pradesh,2025-06-28,DYOJ7653218721893,Active,1009.67,Found Duplicate,present,ALPHANUMERIC_IBAN,PROVIDED,PROVIDED
MCH2994,Kumar Plc,4814,Telecom,Sole Proprietorship,Jalandhar,Punjab,2024-11-13,,Unknown,653.34,Found Duplicate,present,MISSING,PROVIDED,PROVIDED
MCH1016,"Reddy, Amble And Parmar",4814,Telecom,Partnership,Chennai,Tamil Nadu,2023-03-10,,Active,517.37,Found Duplicate,present,MISSING,PROVIDED,PROVIDED
MCH3189,Prasad Inc,4814,Telecom,Individual,Lucknow,Uttar Pradesh,2025-07-30,,Active,2516.09,Found Duplicate,present,MISSING,PROVIDED,PROVIDED
MCH2817,"Hayre, Ramesh And Parikh",4814,Telecom,Individual,Kolkata,West Bengal,2025-04-23,HCIS1374268781822,Active,1790.3,Found Duplicate,present,ALPHANUMERIC_IBAN,PROVIDED,PROVIDED
MCH9802,Kashyap Llc,4814,Telecom,Private Limited,Amritsar,Punjab,,4417851194,Inactive,378.5,Found Duplicate,missing,VALID_NUMERIC,PROVIDED,PROVIDED
MCH4827,"Deol, Rastogi And Khatri",4814,Telecom,Sole Proprietorship,Lucknow,Uttar Pradesh,2024-10-05,,Active,0.81,Unique,present,MISSING,PROVIDED,PROVIDED
MCH3439,"Grewal, Kar And Krishnan",4814,Telecom,Partnership,Ludhiana,Punjab,2025-08-08,,Inactive,0.761,Found Duplicate,present,MISSING,PROVIDED,PROVIDED
MCH7165,Kulkarni Ramanathan,4814,Telecom,Private Limited,Amritsar,Punjab,2025-01-28,8142627827,Active,284.68,Unique,present,VALID_NUMERIC,PROVIDED,PROVIDED
MCH8568,Krishna Agrawal,4814,Telecom,Partnership,Kolkata,West Bengal,2024-10-25,7283032727,Inactive,412.1,Unique,present,VALID_NUMERIC,PROVIDED,PROVIDED
MCH6548,"Kaur, Puri And Agate",4814,Telecom,Partnership,Hyderabad,Telangana,2023-09-24,0487365346,Active,1154.74,Found Duplicate,present,VALID_NUMERIC,PROVIDED,PROVIDED
MCH2015,Gulati Llc,4814,Telecom,Private Limited,Jaipur,Rajasthan,2023-06-22,,Active,17945.28,Unique,present,MISSING,PROVIDED,PROVIDED
MCH7912,Jaggi Khare,4814,Telecom,Individual,Kolkata,West Bengal,2023-04-29,,Suspended,993.76,Found Duplicate,present,MISSING,PROVIDED,PROVIDED
MCH8053,Chhabra Inc,4814,Telecom,Individual,Hyderabad,Telangana,2023-03-29,XXXX7777,Active,1235.44,Found Duplicate,present,MASKED,PROVIDED,PROVIDED
MCH3465,"Patla, Tiwari And Bobal",4814,Telecom,Private Limited,Amritsar,Punjab,2024-10-09,BMXM3313589371926,Active,0.662,Unique,present,ALPHANUMERIC_IBAN,PROVIDED,PROVIDED
MCH8713,"Shere, Loke And Butala",4814,Telecom,Private Limited,Delhi,Delhi,,,Inactive,1029.16,Unique,missing,MISSING,PROVIDED,PROVIDED
MCH6401,Ramachandran Borah,4814,Telecom,Private Limited,Bengaluru,Karnataka,2023-07-16,BIIV8391883916775,Active,0.371,Found Duplicate,present,ALPHANUMERIC_IBAN,PROVIDED,PROVIDED
MCH4320,Vala And Sons,4814,Telecom,Private Limited,Mumbai,Maharashtra,2024-10-14,NNFD4351390281416,Inactive,288.28,Unique,present,ALPHANUMERIC_IBAN,PROVIDED,PROVIDED
MCH3470,Chopra Garde,4814,Telecom,Individual,Bengaluru,Karnataka,2025-03-02,,Active,509.62,Unique,present,MISSING,PROVIDED,PROVIDED
MCH9941,"Prakash, Ramakrishnan And Shukla",4814,Telecom,Partnership,Ludhiana,Punjab,2023-08-19,,Unknown,414.88,Found Duplicate,present,MISSING,PROVIDED,PROVIDED
MCH1333,Sastry Plc,4814,Telecom,Individual,Amritsar,Punjab,2025-09-18,DIOZ5944277163234,Inactive,1548.51,Unique,present,ALPHANUMERIC_IBAN,PROVIDED,PROVIDED
MCH8024,Char Sehgal,4814,Telecom,Private Limited,Pune,Maharashtra,2024-08-19,3608411983,Active,2309.37,Found Duplicate,present,VALID_NUMERIC,PROVIDED,PROVIDED
MCH1047,Rana Aurora,4814,Telecom,Partnership,Bengaluru,Karnataka,2023-08-20,BJXS0430805448675,Active,1003.46,Found Duplicate,present,ALPHANUMERIC_IBAN,PROVIDED,PROVIDED
MCH1973,Shan Ahuja,4814,Telecom,Private Limited,Delhi,Delhi,2024-01-22,,Active,1273.63,Found Duplicate,present,MISSING,PROVIDED,PROVIDED
MCH1350,"Krishnamurthy, Dutt And Sura",4814,Telecom,Partnership,Mumbai,Maharashtra,2024-07-25,3860313878,Active,1360.18,Unique,present,VALID_NUMERIC,PROVIDED,PROVIDED
MCH6982,Manda And Sons,4814,Telecom,Partnership,Delhi,Delhi,2024-01-30,UKBI1493589511002,Inactive,474.53,Found Duplicate,present,ALPHANUMERIC_IBAN,PROVIDED,PROVIDED
MCH8413,"Mammen,Parmerandchandra",4814,Telecom,Sole Proprietorship,Bengaluru,Karnataka,2024-03-19,,Active,393.94,Unique,present,MISSING,PROVIDED,PROVIDED
MCH7596,Bajwa Luthra,4814,Telecom,Private Limited,Hyderabad,Telangana,2024-04-20,,Suspended,1006.565,Unique,present,MISSING,PROVIDED,MISSING_OR_INVALID
MCH1526,Chowdhury And Sons,4814,Telecom,Sole Proprietorship,Bengaluru,Karnataka,2023-07-14,HWTS1273017978357,Active,2697.93,Unique,present,ALPHANUMERIC_IBAN,PROVIDED,PROVIDED
MCH8365,"Kashyap,Sharmaandbalasubramanian",4814,Telecom,Private Limited,Jalandhar,Punjab,2023-01-24,XXXX5913,Active,786.29,Found Duplicate,present,MASKED,PROVIDED,PROVIDED
MCH8536,Boase Plc,4814,Telecom,Partnership,Mumbai,Maharashtra,2024-10-23,,Active,3149.45,Found Duplicate,present,MISSING,PROVIDED,PROVIDED
MCH6870,Basak Group,4814,Telecom,Sole Proprietorship,Pune,Maharashtra,2025-04-03,5001363774,Active,2497.95,Unique,present,VALID_NUMERIC,PROVIDED,PROVIDED
MCH3334,Majumdar Raja,4814,Telecom,Private Limited,Hyderabad,Telangana,2023-02-09,7204878806,Unknown,2941.2,Unique,present,VALID_NUMERIC,PROVIDED,PROVIDED
MCH5219,Pillay Group,4814,Telecom,Partnership,Jalandhar,Punjab,,XXXX0337,Active,834.97,Found Duplicate,missing,MASKED,PROVIDED,PROVIDED
MCH5813,Nair Inc,4814,Telecom,Sole Proprietorship,Chennai,Tamil Nadu,,,Unknown,1408.29,Unique,missing,MISSING,PROVIDED,PROVIDED
MCH2514,"Dua, Peri And Sani",4814,Telecom,Sole Proprietorship,Kolkata,West Bengal,,VHRN8113044559744,Unknown,937.87,Unique,missing,ALPHANUMERIC_IBAN,PROVIDED,PROVIDED
MCH1311,"Dugal, Munshi And Kunda",4814,Telecom,Individual,Jaipur,Rajasthan,2025-03-27,XXXX7230,Active,1605.92,Unique,present,MASKED,PROVIDED,PROVIDED
MCH6765,Konda Mandal,4814,Telecom,Sole Proprietorship,Mumbai,Maharashtra,2025-01-23,,Active,1006.565,Found Duplicate,present,MISSING,PROVIDED,MISSING_OR_INVALID
MCH4984,"Aurora, Mohan And Jain",4814,Telecom,Sole Proprietorship,Jaipur,Rajasthan,2024-07-02,XXLT9593960471643,Active,1500.11,Found Duplicate,present,ALPHANUMERIC_IBAN,PROVIDED,PROVIDED
MCH7455,"Mody, Bhattacharyya And Palla",4814,Telecom,Individual,Delhi,Delhi,2024-04-11,XXXX4231,Active,113.99,Unique,present,MASKED,PROVIDED,PROVIDED
MCH7104,Kothari Llc,4814,Telecom,Partnership,Jalandhar,Punjab,2023-07-12,XXXX8714,Active,810.17,Unique,present,MASKED,PROVIDED,PROVIDED
MCH4904,"Verma, Tak And Morar",4814,Telecom,Partnership,Mumbai,Maharashtra,,,Active,457.36,Found Duplicate,missing,MISSING,PROVIDED,PROVIDED
MCH1267,Master Tiwari,4814,Telecom,Private Limited,Lucknow,Uttar Pradesh,,,Inactive,1213.17,Unique,missing,MISSING,PROVIDED,PROVIDED
MCH2945,Agarwa1 Cherian,4814,Telecom,Sole Proprietorship,Jalandhar,Punjab,2025-10-06,XXXX2889,Inactive,1759.15,Unique,present,MASKED,PROVIDED,PROVIDED
MCH4811,Bhavsar Seshadri,4814,Telecom,Private Limited,Ludhiana,Punjab,2023-08-25,2988135938,Active,388.63,Found Duplicate,present,VALID_NUMERIC,PROVIDED,PROVIDED
MCH9494,"Wable, Warrior And Parmer",4814,Telecom,Individual,Pune,Maharashtra,2024-05-27,,Unknown,455.01,Found Duplicate,present,MISSING,PROVIDED,PROVIDED
MCH5163,"Pandit, Lad And V0Ra",4814,Telecom,Individual,Kolkata,West Bengal,2023-05-31,XXXX7995,Active,1014.92,Unique,present,MASKED,PROVIDED,PROVIDED
MCH9394,Pal Taneja,4814,Telecom,Private Limited,Ludhiana,Punjab,2024-01-02,,Inactive,311.59,Found Duplicate,present,MISSING,PROVIDED,PROVIDED
MCH1987,"Dora, Sarma And Biswas",4814,Telecom,Partnership,Mumbai,Maharashtra,2023-01-31,NNVG3490646202999,Active,3268.84,Unique,present,ALPHANUMERIC_IBAN,PROVIDED,PROVIDED
MCH1948,"Sundaram, Sami And Jha",4814,Telecom,Private Limited,Jaipur,Rajasthan,2024-07-17,4160009756,Unknown,634.29,Found Duplicate,present,VALID_NUMERIC,PROVIDED,PROVIDED
MCH2293,"Pandit, Bhavsar And Barman",4814,Telecom,Private Limited,Pune,Maharashtra,2023-03-20,,Unknown,792.61,Unique,present,MISSING,PROVIDED,PROVIDED
MCH7803,Mukherjee Sha,4814,Telecom,Private Limited,Jaipur,Rajasthan,2023-02-16,7883892457,Active,0.763,Found Duplicate,present,VALID_NUMERIC,PROVIDED,PROVIDED
MCH9642,Sarin Group,4814,Telecom,Individual,Mumbai,Maharashtra,2025-09-10,LEVP3171266345624,Unknown,11510.93,Unique,present,ALPHANUMERIC_IBAN,PROVIDED,PROVIDED
MCH2096,"Taneja, Basu And Bal",4814,Telecom,Private Limited,Pune,Maharashtra,2024-09-28,6426260442,Active,1660.3,Found Duplicate,present,VALID_NUMERIC,PROVIDED,PROVIDED
MCH9481,Kata Llc,4814,Telecom,Partnership,Amritsar,Punjab,2025-11-25,,Active,1054.88,Found Duplicate,present,MISSING,PROVIDED,PROVIDED
MCH5874,Pathak Group,4814,Telecom,Individual,Jalandhar,Punjab,2025-03-16,,Inactive,814.38,Found Duplicate,present,MISSING,PROVIDED,PROVIDED
MCH6828,Warrior Bhardwaj,4814,Telecom,Partnership,Lucknow,Uttar Pradesh,2023-06-01,NTMS5038197940684,Unknown,2500.44,Unique,present,ALPHANUMERIC_IBAN,PROVIDED,PROVIDED
MCH4936,Batra Patla,4814,Telecom,Individual,Mumbai,Maharashtra,2023-02-05,9027629602,Active,2064.79,Found Duplicate,present,VALID_NUMERIC,PROVIDED,PROVIDED
MCH7157,Bir Inc,4814,Telecom,Private Limited,Lucknow,Uttar Pradesh,2023-04-16,,Active,906.12,Unique,present,MISSING,PROVIDED,PROVIDED
MCH9287,Sathe Group,4814,Telecom,Private Limited,Jaipur,Rajasthan,2023-04-16,,Inactive,2266.77,Found Duplicate,present,MISSING,PROVIDED,PROVIDED
MCH1697,Sodhi Ramakrishnan,4814,Telecom,Private Limited,Lucknow,Uttar Pradesh,2023-04-13,QYQC0323724202438,Suspended,1234.06,Unique,present,ALPHANUMERIC_IBAN,PROVIDED,PROVIDED
MCH8607,Sachdeva Dutta,4814,Telecom,Partnership,Jalandhar,Punjab,2026-02-16,HBCE1328673504211,Active,699.07,Found Duplicate,present,ALPHANUMERIC_IBAN,PROVIDED,PROVIDED
MCH3610,Khanna Goswami,4814,Telecom,Sole Proprietorship,Amritsar,Punjab,2023-07-11,,Active,940.6,Found Duplicate,present,MISSING,PROVIDED,PROVIDED
MCH2825,Ku1Karni Inc,4814,Telecom,Individual,Ludhiana,Punjab,2023-07-18,QGWN3520325181186,Active,1291.01,Found Duplicate,present,ALPHANUMERIC_IBAN,PROVIDED,PROVIDED
MCH8308,"Ganguly, Raj And Keer",4814,Telecom,Individual,Amritsar,Punjab,2023-04-02,5508076719,Unknown,3204.8,Found Duplicate,present,VALID_NUMERIC,PROVIDED,PROVIDED
MCH8705,"Sankar, Srinivas And Kanda",4814,Telecom,Private Limited,Delhi,Delhi,2024-02-05,7251156491,Unknown,207.41,Found Duplicate,present,VALID_NUMERIC,PROVIDED,PROVIDED
MCH1033,Sidhu And Sons,4814,Telecom,Individual,Jalandhar,Punjab,2023-09-11,WXKC0706100279623,Active,1871.48,Found Duplicate,present,ALPHANUMERIC_IBAN,PROVIDED,PROVIDED
MCH7784,Dayal Plc,4814,Telecom,Partnership,Pune,Maharashtra,2024-09-23,XXXX9570,Active,1006.565,Found Duplicate,present,MASKED,PROVIDED,MISSING_OR_INVALID
MCH3414,Sahota Ltd,4814,Telecom,Private Limited,Amritsar,Punjab,2025-12-29,4026065439,Active,1607.54,Unique,present,VALID_NUMERIC,PROVIDED,PROVIDED
MCH8951,Golla Venkataraman,4814,Telecom,Individual,Mumbai,Maharashtra,2023-09-02,2811788004,Active,436.83,Unique,present,VALID_NUMERIC,PROVIDED,PROVIDED
MCH6683,Konda Nagar,4814,Telecom,Individual,Ludhiana,Punjab,2025-09-20,,Active,4740.89,Found Duplicate,present,MISSING,PROVIDED,PROVIDED
MCH9325,"Patel, Parikh And Kaul",4814,Telecom,Private Limited,Lucknow,Uttar Pradesh,2023-03-13,9323786200,Unknown,1538.45,Unique,present,VALID_NUMERIC,PROVIDED,PROVIDED
MCH5233,Raghavan Mall,4814,Telecom,Partnership,Bengaluru,Karnataka,2026-11-02,,Active,3087.5,Unique,present,MISSING,PROVIDED,PROVIDED
MCH7281,Kalita Mistry,4814,Telecom,Private Limited,Hyderabad,Telangana,2024-11-24,XXXX5201,Inactive,2941.71,Found Duplicate,present,MASKED,PROVIDED,PROVIDED
MCH4080,Shenoy Kashyap,4814,Telecom,Private Limited,Jaipur,Rajasthan,2025-10-04,YPYY3780350945436,Active,2043.03,Found Duplicate,present,ALPHANUMERIC_IBAN,PROVIDED,PROVIDED
MCH4008,"Deep, Rajagopal And Tandon",4814,Telecom,Private Limited,Hyderabad,Telangana,2024-06-02,,Active,0.1196,Unique,present,MISSING,PROVIDED,PROVIDED
MCH7681,Kala Plc,4814,Telecom,Private Limited,Hyderabad,Telangana,2023-12-04,,Active,2015.68,Found Duplicate,present,MISSING,PROVIDED,PROVIDED
MCH8380,Gola Bal,4814,Telecom,Individual,Hyderabad,Telangana,2025-10-14,XXXX2229,Active,3345.73,Found Duplicate,present,MASKED,PROVIDED,PROVIDED
MCH1095,Mander Group,4814,Telecom,Partnership,Kolkata,West Bengal,2023-01-30,XXXX5510,Unknown,1277.94,Unique,present,MASKED,PROVIDED,PROVIDED
MCH9051,"Gara, Keer And Padmanabhan",4814,Telecom,Sole Proprietorship,Bengaluru,Karnataka,2023-07-16,XXXX6304,Active,1715.14,Unique,present,MASKED,PROVIDED,PROVIDED
MCH6812,"Gade, Badami And Choudhary",4814,Telecom,Sole Proprietorship,Amritsar,Punjab,2023-12-21,,Active,200.21,Unique,present,MISSING,PROVIDED,PROVIDED
MCH2654,Saxena Sarkar,4814,Telecom,Sole Proprietorship,Pune,Maharashtra,2026-01-10,,Active,3080.46,Found Duplicate,present,MISSING,PROVIDED,PROVIDED
MCH7318,Keer Rao,4814,Telecom,Partnership,Pune,Maharashtra,2023-11-27,RIME5549722708025,Active,502.45,Unique,present,ALPHANUMERIC_IBAN,PROVIDED,PROVIDED
MCH2767,"Patel, Jhaveri And Dugar",4814,Telecom,Private Limited,Jalandhar,Punjab,2025-06-16,,Active,1222.94,Found Duplicate,present,MISSING,PROVIDED,PROVIDED
MCH5573,Vora Natarajan,4814,Telecom,Individual,Delhi,Delhi,,,Inactive,2579.11,Found Duplicate,missing,MISSING,PROVIDED,PROVIDED
MCH6441,"Konda, Swaminathan And Patel",4814,Telecom,Individual,Lucknow,Uttar Pradesh,2025-01-30,6182390542,Active,4535.55,Found Duplicate,present,VALID_NUMERIC,PROVIDED,PROVIDED
MCH1101,Seshadri Rajagopalan,4814,Telecom,Individual,Kolkata,West Bengal,2023-06-28,,Inactive,3516.26,Found Duplicate,present,MISSING,PROVIDED,PROVIDED
MCH4322,Patla Plc,4814,Telecom,Private Limited,Pune,Maharashtra,2025-10-17,XXXX9948,Unknown,0.274,Found Duplicate,present,MASKED,PROVIDED,PROVIDED
MCH7262,Loke Llc,4814,Telecom,Partnership,Mumbai,Maharashtra,2023-12-13,XXXX0516,Active,3675.05,Unique,present,MASKED,PROVIDED,PROVIDED
MCH2384,Dugar Sathe,4814,Telecom,Partnership,Ludhiana,Punjab,2023-10-01,9586840707,Active,7203.05,Found Duplicate,present,VALID_NUMERIC,PROVIDED,PROVIDED
MCH8451,Setty Inc,4814,Telecom,Private Limited,Ludhiana,Punjab,2023-06-05,,Unknown,196.48,Found Duplicate,present,MISSING,PROVIDED,PROVIDED
MCH6743,Patla Inc,4814,Telecom,Private Limited,Mumbai,Maharashtra,2026-02-20,EOKT5528330953242,Active,1006.565,Found Duplicate,present,ALPHANUMERIC_IBAN,PROVIDED,MISSING_OR_INVALID
MCH7281,Kalita Mistry,4814,Telecom,Private Limited,Hyderabad,Telangana,2024-11-24,XXXX5201,Active,2941.71,Found Duplicate,present,MASKED,PROVIDED,PROVIDED
MCH7063,"Garg, Bawa And Hans",4814,Telecom,Private Limited,Lucknow,Uttar Pradesh,2025-12-28,,Unknown,2717.9,Found Duplicate,present,MISSING,PROVIDED,PROVIDED
MCH8076,Banerjee Group,4814,Telecom,Private Limited,Lucknow,Uttar Pradesh,2025-08-06,,Active,1709.68,Found Duplicate,present,MISSING,PROVIDED,PROVIDED
MCH4260,"Kalla, Banerjee And Choudhary",4814,Telecom,Partnership,Ludhiana,Punjab,,,Unknown,389.14,Unique,missing,MISSING,PROVIDED,PROVIDED
MCH2200,Choudhry Vig,4814,Telecom,Private Limited,Jaipur,Rajasthan,2023-04-21,JBNG6240536039384,Active,207.14,Unique,present,ALPHANUMERIC_IBAN,PROVIDED,PROVIDED
MCH1107,Sen Das,4814,Telecom,Private Limited,Chennai,Tamil Nadu,2024-09-16,VDXT6754486241555,Active,1006.565,Unique,present,ALPHANUMERIC_IBAN,PROVIDED,MISSING_OR_INVALID
MCH8863,Sastry Plc,4814,Telecom,Individual,Pune,Maharashtra,2024-03-08,,Active,1006.565,Unique,present,MISSING,PROVIDED,MISSING_OR_INVALID
MCH7327,"Krish, Dhar And Choudhury",4814,Telecom,Individual,Kolkata,West Bengal,2023-05-22,KDMG5541225124685,Suspended,0.44,Found Duplicate,present,ALPHANUMERIC_IBAN,PROVIDED,PROVIDED
MCH1872,Rege Llc,4814,Telecom,Partnership,Bengaluru,Karnataka,2024-06-26,,Active,768.52,Found Duplicate,present,MISSING,PROVIDED,PROVIDED
MCH2765,Buch Llc,4814,Telecom,Individual,Jaipur,Rajasthan,2024-12-27,,Active,132.32,Found Duplicate,present,MISSING,PROVIDED,PROVIDED
MCH1191,Raval Ltd,4814,Telecom,Individual,Kolkata,West Bengal,2023-01-19,,Inactive,1670.52,Unique,present,MISSING,PROVIDED,PROVIDED
MCH3688,"Nayak, Brar And Sahni",4814,Telecom,Individual,Chennai,Tamil Nadu,2025-08-20,,Suspended,2787.88,Unique,present,MISSING,PROVIDED,PROVIDED
MCH4114,"Pandya, Jayaraman And Ray",4814,Telecom,Sole Proprietorship,Hyderabad,Telangana,2025-01-15,SSMR5889038460894,Inactive,436.15,Found Duplicate,present,ALPHANUMERIC_IBAN,PROVIDED,PROVIDED
MCH7967,Datta Llc,4814,Telecom,Individual,Amritsar,Punjab,2025-04-09,,Active,1006.565,Found Duplicate,present,MISSING,PROVIDED,MISSING_OR_INVALID
MCH5333,Rajagopal Agate,4814,Telecom,Sole Proprietorship,Amritsar,Punjab,,,Inactive,15510.71,Unique,missing,MISSING,PROVIDED,PROVIDED
MCH3093,Keer Inc,4814,Telecom,Individual,Jalandhar,Punjab,,5623610175,Inactive,881.76,Found Duplicate,missing,VALID_NUMERIC,PROVIDED,PROVIDED
MCH3541,"Srivastava, Tella And Konda",4814,Telecom,Private Limited,Delhi,Delhi,2024-10-31,XXXX6960,Unknown,2341.43,Found Duplicate,present,MASKED,PROVIDED,PROVIDED
MCH9067,Korpal Som,4814,Telecom,Private Limited,Amritsar,Punjab,2024-04-10,5383470268,Inactive,1246.81,Found Duplicate,present,VALID_NUMERIC,PROVIDED,PROVIDED
MCH5546,"Brar, Rajan And Bhat",4814,Telecom,Private Limited,Bengaluru,Karnataka,2024-10-16,,Unknown,843.23,Found Duplicate,present,MISSING,PROVIDED,PROVIDED
MCH3512,"Bhatti, Khosla And Chhabra",4814,Telecom,Private Limited,Amritsar,Punjab,2023-05-04,,Active,0.1112,Unique,present,MISSING,PROVIDED,PROVIDED
MCH2237,Chatterjee Din,4814,Telecom,Sole Proprietorship,Lucknow,Uttar Pradesh,2023-01-23,4350832934,Active,1006.565,Unique,present,VALID_NUMERIC,PROVIDED,MISSING_OR_INVALID
MCH6366,"Hora, Edwin And Zacharia",4814,Telecom,Sole Proprietorship,Ludhiana,Punjab,2025-03-29,8367872742,Active,780.59,Unique,present,VALID_NUMERIC,PROVIDED,PROVIDED
MCH4141,Sarkar And Sons,4814,Telecom,Partnership,Bengaluru,Karnataka,2023-10-06,,Unknown,1485.34,Unique,present,MISSING,PROVIDED,PROVIDED
MCH9430,"Shetty, Pau And Chhabra",4814,Telecom,Partnership,Pune,Maharashtra,2023-10-31,,Active,927.24,Unique,present,MISSING,PROVIDED,PROVIDED
MCH6948,"Kala,Lokeandsinghal",4814,Telecom,Individual,Bengaluru,Karnataka,2025-07-16,,Active,752.55,Unique,present,MISSING,PROVIDED,PROVIDED
MCH5857,"Varughese, Vora And Chokshi",4814,Telecom,Individual,Lucknow,Uttar Pradesh,2025-11-21,,Inactive,687.33,Unique,present,MISSING,PROVIDED,PROVIDED
MCH7057,"Lad, Kala And Bhagat",4814,Telecom,Partnership,Jaipur,Rajasthan,2026-10-02,,Active,1333.8,Unique,present,MISSING,PROVIDED,PROVIDED
MCH3795,Sinha Ramesh,4814,Telecom,Partnership,Hyderabad,Telangana,2024-06-19,XXXX9092,Active,1083.1,Unique,present,MASKED,PROVIDED,PROVIDED
MCH5425,"Bora, Kibe And Yadav",4814,Telecom,Individual,Delhi,Delhi,,3599725292,Suspended,810.1,Unique,missing,VALID_NUMERIC,PROVIDED,PROVIDED
MCH6078,Oza Srinivasan,4814,Telecom,Individual,Mumbai,Maharashtra,2023-10-15,,Unknown,4379.06,Unique,present,MISSING,PROVIDED,PROVIDED
MCH6148,Keer And Sons,4814,Telecom,Private Limited,Kolkata,West Bengal,2024-08-10,,Active,2790.1,Found Duplicate,present,MISSING,PROVIDED,PROVIDED
MCH3328,Yadav And Sons,4814,Telecom,Partnership,Lucknow,Uttar Pradesh,2023-04-20,FIFX0642566792123,Active,1324.81,Found Duplicate,present,ALPHANUMERIC_IBAN,PROVIDED,PROVIDED
MCH2764,"Yogi, Jani And Choudhry",4814,Telecom,Individual,Ludhiana,Punjab,2024-04-19,3163531350,Active,516.18,Unique,present,VALID_NUMERIC,PROVIDED,PROVIDED
MCH5467,"Kurian, Anne And Borra",4814,Telecom,Individual,Ludhiana,Punjab,2024-05-17,3367286055,Unknown,0.94,Unique,present,VALID_NUMERIC,PROVIDED,PROVIDED
MCH7699,Mammen Ltd,4814,Telecom,Individual,Jalandhar,Punjab,2024-10-16,XXXX5219,Active,1006.565,Found Duplicate,present,MASKED,PROVIDED,MISSING_OR_INVALID
MCH8550,Nayar Ltd,4814,Telecom,Partnership,Jalandhar,Punjab,2024-01-09,CEPK3792011478067,Active,1649.78,Unique,present,ALPHANUMERIC_IBAN,PROVIDED,PROVIDED
MCH3693,"Rajagopal, Savant And Ganesan",4814,Telecom,Individual,Jalandhar,Punjab,2025-02-26,XXXX6831,Active,893.17,Unique,present,MASKED,PROVIDED,PROVIDED
MCH7047,Batta Bhavsar,4814,Telecom,Individual,Lucknow,Uttar Pradesh,,DJKB0646172113081,Active,691.03,Unique,missing,ALPHANUMERIC_IBAN,PROVIDED,PROVIDED
MCH1079,Sharaf And Sons,4814,Telecom,Sole Proprietorship,Pune,Maharashtra,2023-10-20,,Unknown,455.39,Unique,present,MISSING,PROVIDED,PROVIDED
MCH3459,Nagi Saini,4814,Telecom,Sole Proprietorship,Hyderabad,Telangana,2023-09-03,CIPH7138178222112,Active,2617.26,Unique,present,ALPHANUMERIC_IBAN,PROVIDED,PROVIDED
MCH3608,"Raj, Sarin And Sibal",4814,Telecom,Partnership,Jaipur,Rajasthan,2024-12-08,XXXX8045,Inactive,1956.65,Unique,present,MASKED,PROVIDED,PROVIDED
MCH3176,Gera Inc,4814,Telecom,Private Limited,Lucknow,Uttar Pradesh,2024-10-03,RGRY9601657474373,Active,1047.58,Unique,present,ALPHANUMERIC_IBAN,PROVIDED,PROVIDED
MCH6205,Munshi Inc,4814,Telecom,Sole Proprietorship,Ludhiana,Punjab,2026-01-01,JWPM8696907638772,Active,230.73,Found Duplicate,present,ALPHANUMERIC_IBAN,PROVIDED,PROVIDED
MCH1147,Dayal Sabharwal,4814,Telecom,Individual,Kolkata,West Bengal,2023-11-23,XXXX2380,Inactive,939.97,Unique,present,MASKED,PROVIDED,PROVIDED
MCH3726,Varughese Plc,4814,Telecom,Individual,Lucknow,Uttar Pradesh,2024-11-13,,Active,3572.06,Unique,present,MISSING,PROVIDED,PROVIDED
MCH5386,"Hari, Handa And Madan",4814,Telecom,Private Limited,Bengaluru,Karnataka,2023-09-27,,Unknown,682.57,Unique,present,MISSING,PROVIDED,PROVIDED
MCH4487,Subramanian Kannan,4814,Telecom,Private Limited,Jaipur,Rajasthan,2023-03-31,GTMT5663658393677,Active,0.259,Found Duplicate,present,ALPHANUMERIC_IBAN,PROVIDED,PROVIDED
MCH3835,"Pillai, Ratti And Chaudhuri",4814,Telecom,Partnership,Ludhiana,Punjab,2023-01-15,4590776710,Inactive,6901.65,Unique,present,VALID_NUMERIC,PROVIDED,PROVIDED
MCH8558,"Jha, Bhat And Swaminathan",4814,Telecom,Sole Proprietorship,Bengaluru,Karnataka,2024-11-13,,Active,2933.92,Found Duplicate,present,MISSING,PROVIDED,PROVIDED
MCH2503,Ravel Plc,4814,Telecom,Individual,Kolkata,West Bengal,2025-03-10,5029689598,Active,0.858,Found Duplicate,present,VALID_NUMERIC,PROVIDED,PROVIDED
MCH2617,Mander Parmar,4814,Telecom,Private Limited,Kolkata,West Bengal,2023-05-08,5203670066,Active,5191.58,Unique,present,VALID_NUMERIC,PROVIDED,PROVIDED
MCH4102,Om Ltd,4814,Telecom,Private Limited,Bengaluru,Karnataka,2023-03-20,,Active,1056.57,Found Duplicate,present,MISSING,PROVIDED,PROVIDED
MCH5019,Parikh Group,4814,Telecom,Partnership,Hyderabad,Telangana,2023-05-07,,Active,1075.9,Found Duplicate,present,MISSING,PROVIDED,PROVIDED
MCH5766,Varkey Datta,4814,Telecom,Private Limited,Mumbai,Maharashtra,2024-02-18,,Active,1162.56,Unique,present,MISSING,PROVIDED,PROVIDED
MCH4182,"More, Sarma And Baria",4814,Telecom,Individual,Mumbai,Maharashtra,2026-01-01,XXXX3295,Active,4102.61,Unique,present,MASKED,PROVIDED,PROVIDED
MCH6433,Bhattacharyya Ltd,4814,Telecom,Partnership,Bengaluru,Karnataka,2024-12-31,,Inactive,1248.03,Unique,present,MISSING,PROVIDED,PROVIDED
MCH5716,Nadig Inc,4814,Telecom,Individual,Chennai,Tamil Nadu,2025-06-26,,Active,1811.84,Unique,present,MISSING,PROVIDED,PROVIDED
MCH3357,"Batta, Kannan And Srinivas",4814,Telecom,Partnership,Delhi,Delhi,2023-10-27,,Active,2454.25,Found Duplicate,present,MISSING,PROVIDED,PROVIDED
MCH3277,Issac Lata,4814,Telecom,Partnership,Delhi,Delhi,2025-09-22,RPRG9004987881265,Active,1571.63,Unique,present,ALPHANUMERIC_IBAN,PROVIDED,PROVIDED
MCH6986,Shetty Group,4814,Telecom,Private Limited,Bengaluru,Karnataka,2024-09-13,,Active,547.81,Found Duplicate,present,MISSING,PROVIDED,PROVIDED
MCH4606,"Johal, Kapur And Chhabra",4814,Telecom,Partnership,Jalandhar,Punjab,,,Unknown,2162.35,Found Duplicate,missing,MISSING,PROVIDED,PROVIDED
MCH2727,"Viswanathan, Kamdar And Raman",4814,Telecom,Partnership,Jaipur,Rajasthan,2026-01-22,,Active,2886.2,Found Duplicate,present,MISSING,PROVIDED,PROVIDED
MCH6150,"Chada, Vala And Merchant",4814,Telecom,Private Limited,Hyderabad,Telangana,2024-10-10,6593744761,Inactive,0.616,Found Duplicate,present,VALID_NUMERIC,PROVIDED,PROVIDED
MCH3888,"Gandhi, Cherian And Chhabra",4814,Telecom,Partnership,Hyderabad,Telangana,2025-02-27,8744798624,Active,1400.8,Unique,present,VALID_NUMERIC,PROVIDED,PROVIDED
MCH8654,"Deshpande, Comar And Pandya",4814,Telecom,Individual,Delhi,Delhi,,2533166217,Active,0.898,Found Duplicate,missing,VALID_NUMERIC,PROVIDED,PROVIDED
MCH4337,Sethi Ltd,4814,Telecom,Individual,Jalandhar,Punjab,2026-01-28,NBXU8148602683458,Inactive,3672.22,Unique,present,ALPHANUMERIC_IBAN,PROVIDED,PROVIDED
MCH8809,Narasimhan Sem,4814,Telecom,Individual,Jalandhar,Punjab,2023-02-05,,Inactive,2118.31,Found Duplicate,present,MISSING,PROVIDED,PROVIDED
MCH4589,Geraltd,4814,Telecom,Partnership,Jalandhar,Punjab,2024-01-12,,Active,504.98,Found Duplicate,present,MISSING,PROVIDED,PROVIDED
MCH2071,Dube Kapadia,4814,Telecom,Sole Proprietorship,Amritsar,Punjab,2024-08-19,5736154750,Unknown,0.1392,Unique,present,VALID_NUMERIC,PROVIDED,PROVIDED
MCH7384,Seshadri Rai,4814,Telecom,Sole Proprietorship,Kolkata,West Bengal,2024-01-13,,Active,4458.94,Found Duplicate,present,MISSING,PROVIDED,PROVIDED
MCH9625,Tripathi Plc,4814,Telecom,Private Limited,Amritsar,Punjab,2024-09-11,,Active,1006.565,Unique,present,MISSING,PROVIDED,MISSING_OR_INVALID
MCH5488,Pradhan Nagy,4814,Telecom,Private Limited,Lucknow,Uttar Pradesh,,,Active,0.1893,Found Duplicate,missing,MISSING,PROVIDED,PROVIDED
MCH2613,"Grewal, Gade And Bhattacharyya",4814,Telecom,Private Limited,Kolkata,West Bengal,2023-06-04,,Suspended,1066.15,Unique,present,MISSING,PROVIDED,PROVIDED
MCH3907,"Goswami, Chaudhary And Nanda",4814,Telecom,Individual,Ludhiana,Punjab,2025-06-13,,Unknown,552.22,Found Duplicate,present,MISSING,PROVIDED,PROVIDED
MCH6328,"Ray, Pandit And Bala",4814,Telecom,Private Limited,Chennai,Tamil Nadu,2025-11-27,GCWI4729638964155,Unknown,644.89,Unique,present,ALPHANUMERIC_IBAN,PROVIDED,PROVIDED
MCH8945,"Deol, Pant And Parekh",4814,Telecom,Sole Proprietorship,Amritsar,Punjab,2026-01-18,,Active,707.94,Found Duplicate,present,MISSING,PROVIDED,PROVIDED
MCH3675,Grewal And Sons,4814,Telecom,Private Limited,Pune,Maharashtra,2025-10-19,YCGE0713459513460,Inactive,263.38,Found Duplicate,present,ALPHANUMERIC_IBAN,PROVIDED,PROVIDED
MCH8741,Swaminathan Kakar,4814,Telecom,Sole Proprietorship,Kolkata,West Bengal,2024-08-17,7135208273,Unknown,8897.16,Found Duplicate,present,VALID_NUMERIC,PROVIDED,PROVIDED
MCH9458,"Basak, Natarajan And Golla",4814,Telecom,Individual,Mumbai,Maharashtra,2024-10-06,ROVV3982446480189,Active,1528.67,Found Duplicate,present,ALPHANUMERIC_IBAN,PROVIDED,PROVIDED
MCH1788,"Dass, Rajagopal And Madan",4814,Telecom,Private Limited,Pune,Maharashtra,2024-12-11,,Suspended,1479.46,Unique,present,MISSING,PROVIDED,PROVIDED
MCH9152,Kara Parikh,4814,Telecom,Sole Proprietorship,Lucknow,Uttar Pradesh,2024-12-01,,Active,5009.29,Unique,present,MISSING,PROVIDED,PROVIDED
MCH5070,Krishnan Group,4814,Telecom,Partnership,Delhi,Delhi,2024-06-18,,Active,1597.64,Found Duplicate,present,MISSING,PROVIDED,PROVIDED
MCH6718,Chaudry Ramachandran,4814,Telecom,Individual,Lucknow,Uttar Pradesh,2024-07-19,XXXX5658,Active,1635.83,Unique,present,MASKED,PROVIDED,PROVIDED
MCH9609,"Taneja, Parsa And Chaudhry",4814,Telecom,Private Limited,Mumbai,Maharashtra,2024-09-15,,Active,501.49,Found Duplicate,present,MISSING,PROVIDED,PROVIDED
MCH5594,Anne Ltd,4814,Telecom,Private Limited,Hyderabad,Telangana,2024-03-16,7934234539,Active,1557.37,Found Duplicate,present,VALID_NUMERIC,PROVIDED,PROVIDED
MCH8048,"Kaul, Master And Deo",4814,Telecom,Individual,Hyderabad,Telangana,2025-02-15,XXXX6691,Active,2683.93,Unique,present,MASKED,PROVIDED,PROVIDED
MCH1262,Charinc,4814,Telecom,Individual,Pune,Maharashtra,2025-06-28,4484109203,Active,489.52,Found Duplicate,present,VALID_NUMERIC,PROVIDED,PROVIDED
MCH6512,"Sagar, Deep And Rao",4814,Telecom,Sole Proprietorship,Hyderabad,Telangana,2025-01-11,1702999144,Active,1006.565,Unique,present,VALID_NUMERIC,PROVIDED,MISSING_OR_INVALID
MCH9114,Tiwari 0Ak,4814,Telecom,Individual,Pune,Maharashtra,2026-01-16,,Active,7090.63,Found Duplicate,present,MISSING,PROVIDED,PROVIDED
MCH2801,"Khurana, Oza And Divan",4814,Telecom,Private Limited,Delhi,Delhi,2025-10-14,,Active,406.76,Unique,present,MISSING,PROVIDED,PROVIDED
MCH9866,Sane Dar,4814,Telecom,Partnership,Lucknow,Uttar Pradesh,2024-04-11,,Active,910.27,Found Duplicate,present,MISSING,PROVIDED,PROVIDED
MCH3289,Tripathi Mandal,4814,Telecom,Individual,Chennai,Tamil Nadu,2024-12-29,XXXX2012,Active,1368.37,Found Duplicate,present,MASKED,PROVIDED,PROVIDED
MCH1750,Ravi Dhar,4814,Telecom,Sole Proprietorship,Ludhiana,Punjab,2023-10-12,,Active,1422.61,Found Duplicate,present,MISSING,PROVIDED,PROVIDED
MCH4888,Saha Jani,4814,Telecom,Sole Proprietorship,Ludhiana,Punjab,2025-11-20,,Active,308.77,Found Duplicate,present,MISSING,PROVIDED,PROVIDED
MCH9753,Chowdhury And Sons,4814,Telecom,Individual,Mumbai,Maharashtra,2023-06-07,XRQC4173107226583,Active,559.33,Unique,present,ALPHANUMERIC_IBAN,PROVIDED,PROVIDED
MCH8645,"Desai, Agarwal And Handa",4814,Telecom,Individual,Ludhiana,Punjab,2024-03-31,,Active,1177.09,Unique,present,MISSING,PROVIDED,PROVIDED
MCH2384,Dugar Sathe,4814,Telecom,Partnership,Ludhiana,Punjab,2023-10-01,9586840707,Active,7203.05,Found Duplicate,present,VALID_NUMERIC,PROVIDED,PROVIDED
MCH5676,Kohli Bir,4814,Telecom,Private Limited,Lucknow,Uttar Pradesh,2024-04-29,XXXX1129,Active,1466.78,Found Duplicate,present,MASKED,PROVIDED,PROVIDED
MCH7411,"Bhasin, Soman And Savant",4814,Telecom,Sole Proprietorship,Chennai,Tamil Nadu,,,Active,2298.88,Found Duplicate,missing,MISSING,PROVIDED,PROVIDED
MCH6383,Char Plc,4814,Telecom,Sole Proprietorship,Bengaluru,Karnataka,2023-10-28,,Unknown,0.266,Found Duplicate,present,MISSING,PROVIDED,PROVIDED
MCH8910,"Sinha, Sen And Mander",4814,Telecom,Private Limited,Delhi,Delhi,2023-01-09,,Active,1006.565,Found Duplicate,present,MISSING,PROVIDED,MISSING_OR_INVALID
MCH3284,Lal And Sons,4814,Telecom,Private Limited,Ludhiana,Punjab,2024-02-18,XXXX5805,Inactive,3943.29,Unique,present,MASKED,PROVIDED,PROVIDED
MCH4068,Balakrishnan Inc,4814,Telecom,Individual,Jalandhar,Punjab,2024-11-23,,Unknown,1322.89,Unique,present,MISSING,PROVIDED,PROVIDED
MCH4968,Choudhry Inc,4814,Telecom,Partnership,Jaipur,Rajasthan,,7588932286,Active,1122.44,Unique,missing,VALID_NUMERIC,PROVIDED,PROVIDED
MCH3736,"Chanda, Bandi And Pandya",4814,Telecom,Partnership,Hyderabad,Telangana,2023-04-25,,Suspended,812.06,Found Duplicate,present,MISSING,PROVIDED,PROVIDED
MCH9450,"Bahl, Varughese And Char",4814,Telecom,Partnership,Pune,Maharashtra,2023-06-22,RGOX3327381847596,Active,0.26,Unique,present,ALPHANUMERIC_IBAN,PROVIDED,PROVIDED
MCH8066,Bandi Zacharia,4814,Telecom,Individual,Pune,Maharashtra,,2423721940,Active,10687.04,Found Duplicate,missing,VALID_NUMERIC,PROVIDED,PROVIDED
MCH9623,Mangat Plc,4814,Telecom,Sole Proprietorship,Lucknow,Uttar Pradesh,2024-03-26,,Active,457.6,Found Duplicate,present,MISSING,PROVIDED,PROVIDED
MCH4775,"Divan, Buch And Kunda",4814,Telecom,Sole Proprietorship,Lucknow,Uttar Pradesh,2025-07-07,1956916316,Inactive,562.44,Unique,present,VALID_NUMERIC,PROVIDED,PROVIDED
MCH2120,Vohra Kashyap,4814,Telecom,Individual,Jaipur,Rajasthan,2023-02-23,5716928716,Active,2514.21,Found Duplicate,present,VALID_NUMERIC,PROVIDED,PROVIDED
MCH6075,"Lad, Menon And Tiwari",4814,Telecom,Private Limited,Bengaluru,Karnataka,2023-06-08,3853486592,Active,709.64,Unique,present,VALID_NUMERIC,PROVIDED,PROVIDED
MCH5923,"Banik, Yogi And Seth",4814,Telecom,Individual,Delhi,Delhi,,CKTY3945451387681,Inactive,378.2,Found Duplicate,missing,ALPHANUMERIC_IBAN,PROVIDED,PROVIDED
MCH4298,Jain Group,4814,Telecom,Private Limited,Delhi,Delhi,2024-01-06,6571920723,Inactive,316.99,Found Duplicate,present,VALID_NUMERIC,PROVIDED,PROVIDED
MCH6343,Bains Plc,4814,Telecom,Partnership,Mumbai,Maharashtra,2024-07-10,,Unknown,4598.19,Found Duplicate,present,MISSING,PROVIDED,PROVIDED
MCH6267,Mandal Badal,4814,Telecom,Partnership,Mumbai,Maharashtra,2024-12-10,,Unknown,1006.565,Unique,present,MISSING,PROVIDED,MISSING_OR_INVALID
MCH3567,Kala Ltd,4814,Telecom,Sole Proprietorship,Amritsar,Punjab,2023-05-15,0120134197,Inactive,1794.62,Found Duplicate,present,VALID_NUMERIC,PROVIDED,PROVIDED
MCH3323,Dey Plc,4814,Telecom,Sole Proprietorship,Jaipur,Rajasthan,2024-12-24,XXXX2284,Inactive,559.08,Unique,present,MASKED,PROVIDED,PROVIDED
MCH7938,Chander Ltd,4814,Telecom,Sole Proprietorship,Bengaluru,Karnataka,2023-09-22,,Active,639.19,Unique,present,MISSING,PROVIDED,PROVIDED
MCH9199,Goda Patel,4814,Telecom,Partnership,Lucknow,Uttar Pradesh,2024-12-23,3404405124,Active,992.24,Found Duplicate,present,VALID_NUMERIC,PROVIDED,PROVIDED
MCH7327,"Krish, Dhar And Choudhury",4814,Telecom,Individual,Kolkata,West Bengal,2023-05-22,KDMG5541225124685,Active,0.44,Found Duplicate,present,ALPHANUMERIC_IBAN,PROVIDED,PROVIDED
MCH9868,"Narain, Dada And Panchal",4814,Telecom,Sole Proprietorship,Pune,Maharashtra,2026-02-28,7391477397,Inactive,236.45,Found Duplicate,present,VALID_NUMERIC,PROVIDED,PROVIDED
MCH6206,"Sanghvi, Dugar And Rajagopal",4814,Telecom,Individual,Chennai,Tamil Nadu,2025-03-31,5473942096,Suspended,683.76,Found Duplicate,present,VALID_NUMERIC,PROVIDED,PROVIDED
MCH9697,Walla Ltd,4814,Telecom,Individual,Bengaluru,Karnataka,2025-07-21,,Active,1081.86,Found Duplicate,present,MISSING,PROVIDED,PROVIDED
MCH6208,Tak Parmar,4814,Telecom,Private Limited,Lucknow,Uttar Pradesh,2024-03-16,XXXX8227,Suspended,1006.565,Unique,present,MASKED,PROVIDED,MISSING_OR_INVALID
MCH6275,Tank Plc,4814,Telecom,Sole Proprietorship,Chennai,Tamil Nadu,2024-08-26,XXXX8300,Active,0.781,Unique,present,MASKED,PROVIDED,PROVIDED
MCH6574,"Thaman, Gupta And Barad",4814,Telecom,Private Limited,Pune,Maharashtra,2024-03-03,2887690427,Active,1371.71,Unique,present,VALID_NUMERIC,PROVIDED,PROVIDED
MCH9132,Shankar Bahl,4814,Telecom,Individual,Pune,Maharashtra,2023-04-12,LXEB0419516326153,Suspended,2278.28,Unique,present,ALPHANUMERIC_IBAN,PROVIDED,PROVIDED
MCH7714,"Koshy, Dani And Barad",4814,Telecom,Private Limited,Jalandhar,Punjab,2023-10-27,,Active,669.74,Unique,present,MISSING,PROVIDED,PROVIDED
MCH4560,Shankar Ltd,4814,Telecom,Individual,Bengaluru,Karnataka,2025-12-06,,Active,1403.88,Unique,present,MISSING,PROVIDED,PROVIDED
MCH9393,Vala Bahri,4814,Telecom,Sole Proprietorship,Kolkata,West Bengal,2024-06-09,KRHX3053527242378,Suspended,1926.43,Found Duplicate,present,ALPHANUMERIC_IBAN,PROVIDED,PROVIDED
MCH9764,"Chaudhry, Samra And Garde",4814,Telecom,Private Limited,Jalandhar,Punjab,2024-07-15,XXXX9534,Active,4596.71,Found Duplicate,present,MASKED,PROVIDED,PROVIDED
MCH6697,"Chanda, Chakraborty And Mand",4814,Telecom,Individual,Pune,Maharashtra,2025-09-29,4744924569,Active,706.35,Found Duplicate,present,VALID_NUMERIC,PROVIDED,PROVIDED
MCH4760,"Kalla, Mammen And Purohit",4814,Telecom,Individual,Delhi,Delhi,2024-10-27,,Active,964.0,Unique,present,MISSING,PROVIDED,PROVIDED
MCH1263,"Soman, Chaudhary And Luthra",4814,Telecom,Partnership,Hyderabad,Telangana,2023-06-27,,Unknown,696.55,Found Duplicate,present,MISSING,PROVIDED,PROVIDED
MCH2028,Dhingra Plc,4814,Telecom,Sole Proprietorship,Pune,Maharashtra,2023-09-27,,Active,1170.35,Found Duplicate,present,MISSING,PROVIDED,PROVIDED
MCH2552,"Saran, Dyal And Wable",4814,Telecom,Partnership,Hyderabad,Telangana,2023-10-19,XXXX2290,Active,1588.96,Found Duplicate,present,MASKED,PROVIDED,PROVIDED
MCH7947,Padmanabhan Kale,4814,Telecom,Private Limited,Mumbay,Maharashtra,2023-08-09,,Active,3921.35,Unique,present,MISSING,PROVIDED,PROVIDED
MCH8735,"Chhabra, Kunda And Sem",4814,Telecom,Partnership,Jalandhar,Punjab,2025-09-18,DZIA5449518052658,Active,1589.68,Found Duplicate,present,ALPHANUMERIC_IBAN,PROVIDED,PROVIDED
MCH3148,Raoltd,4814,Telecom,Individual,Delhi,Delhi,2023-01-16,,Active,1684.65,Unique,present,MISSING,PROVIDED,PROVIDED
MCH9201,Ramachandran Plc,4814,Telecom,Private Limited,Jaipur,Rajasthan,2024-10-02,,Active,1064.13,Unique,present,MISSING,PROVIDED,PROVIDED
MCH2383,Dewan Misra,4814,Telecom,Sole Proprietorship,Ludhiana,Punjab,2023-09-05,,Active,923.06,Unique,present,MISSING,PROVIDED,PROVIDED
MCH1654,Swamy Group,4814,Telecom,Partnership,Jalandhar,Punjab,2024-07-14,,Unknown,1006.565,Found Duplicate,present,MISSING,PROVIDED,MISSING_OR_INVALID
MCH1488,"Chada, Gopal And Rajagopal",4814,Telecom,Sole Proprietorship,Jaipur,Rajasthan,2026-01-02,,Active,0.1905,Unique,present,MISSING,PROVIDED,PROVIDED
MCH9385,"Ray, Gu1Ati And Gi11",4814,Telecom,Sole Proprietorship,Amritsar,Punjab,2024-02-17,,Active,1178.44,Unique,present,MISSING,PROVIDED,PROVIDED
MCH3849,Das Ratta,4814,Telecom,Individual,Chennai,Tamil Nadu,2024-06-13,MLDH2446114366761,Active,0.4368,Unique,present,ALPHANUMERIC_IBAN,PROVIDED,PROVIDED
MCH7544,Narayan Oommen,4814,Telecom,Individual,Jalandhar,Punjab,2023-06-29,RSLP3867431498538,Inactive,1478.06,Found Duplicate,present,ALPHANUMERIC_IBAN,PROVIDED,PROVIDED
MCH4087,"Basak, Lal And Tailor",4814,Telecom,Private Limited,Pune,Maharashtra,2025-03-10,,Active,298.11,Unique,present,MISSING,PROVIDED,PROVIDED
MCH9659,Gokhale Bassi,4814,Telecom,Sole Proprietorship,Mumbai,Maharashtra,2023-09-11,AEKL3434312955275,Active,269.4,Unique,present,ALPHANUMERIC_IBAN,PROVIDED,PROVIDED
MCH4083,"Loyal, Dara And Sharaf",4814,Telecom,Individual,Chennai,Tamil Nadu,2024-02-15,,Active,1752.1,Unique,present,MISSING,PROVIDED,PROVIDED
MCH3267,"Dara, Rama And Ben",4814,Telecom,Partnership,Ludhiana,Punjab,2024-11-02,,Active,471.18,Found Duplicate,present,MISSING,PROVIDED,PROVIDED
MCH7430,"Gill, Mutti And Nagy",4814,Telecom,Sole Proprietorship,Delhi,Delhi,2024-08-05,,Active,298.83,Found Duplicate,present,MISSING,PROVIDED,PROVIDED
MCH5538,Barad Nigam,4814,Telecom,Partnership,Pune,Maharashtra,2025-01-10,,Active,2223.97,Unique,present,MISSING,PROVIDED,PROVIDED
MCH1039,Palan Mody,4814,Telecom,Individual,Hyderabad,Telangana,2023-07-14,,Active,545.34,Found Duplicate,present,MISSING,PROVIDED,PROVIDED
MCH3736,"Chanda, Bandi And Pandya",4814,Telecom,Partnership,Hyderabad,Telangana,2023-04-25,,Active,812.06,Found Duplicate,present,MISSING,PROVIDED,PROVIDED
MCH9882,Joshi Plc,4814,Telecom,Sole Proprietorship,Jaipur,Rajasthan,,,Active,320.23,Unique,missing,MISSING,PROVIDED,PROVIDED
MCH1501,Anand Bhatt,4814,Telecom,Partnership,Hyderabad,Telangana,2025-11-07,XXXX2933,Active,4185.6,Unique,present,MASKED,PROVIDED,PROVIDED
MCH6565,Parmer Datta,4814,Telecom,Sole Proprietorship,Hyderabad,Telangana,2023-07-28,XXXX1044,Active,2464.68,Unique,present,MASKED,PROVIDED,PROVIDED
MCH1993,Dhaliwal Plc,4814,Telecom,Sole Proprietorship,Amritsar,Punjab,,8690977818,Active,428.65,Unique,missing,VALID_NUMERIC,PROVIDED,PROVIDED
MCH2838,Bose Bir,4814,Telecom,Sole Proprietorship,Chennai,Tamil Nadu,2024-07-25,,Active,3409.39,Found Duplicate,present,MISSING,PROVIDED,PROVIDED
MCH8281,Kakar And S0Ns,4814,Telecom,Individual,Hyderabad,Telangana,2023-01-12,,Active,0.968,Found Duplicate,present,MISSING,PROVIDED,PROVIDED
MCH3679,Kumer Llc,4814,Telecom,Private Limited,Hyderabad,Telangana,2025-12-15,1741377762,Active,587.47,Unique,present,VALID_NUMERIC,PROVIDED,PROVIDED
MCH4510,Bora Ltd,4814,Telecom,Individual,Chennai,Tamil Nadu,2024-04-16,XXXX0375,Active,1583.66,Unique,present,MASKED,PROVIDED,PROVIDED
MCH1971,Khanna And Sons,4814,Telecom,Partnership,Mumbai,Maharashtra,2026-02-06,XXXX1386,Active,2326.17,Found Duplicate,present,MASKED,PROVIDED,PROVIDED
MCH5166,Roy Srinivasan,4814,Telecom,Individual,Bengaluru,Karnataka,2025-09-24,,Inactive,1501.14,Found Duplicate,present,MISSING,PROVIDED,PROVIDED
MCH9957,"Chatterjee, Goda And Saraf",4814,Telecom,Sole Proprietorship,Ludhiana,Punjab,2025-05-10,XXXX6546,Active,533.81,Found Duplicate,present,MASKED,PROVIDED,PROVIDED
MCH8341,Jha Ltd,4814,Telecom,Private Limited,Chennai,Tamil Nadu,2023-02-07,XXXX7449,Active,2211.95,Found Duplicate,present,MASKED,PROVIDED,PROVIDED
MCH9945,"Pant, Hayre And Pathak",4814,Telecom,Private Limited,Jalandhar,Punjab,2025-07-14,XXXX5088,Active,789.57,Unique,present,MASKED,PROVIDED,PROVIDED
MCH4185,Nath Chaudhuri,4814,Telecom,Private Limited,Jaipur,Rajasthan,2024-08-14,EQFV9212095030396,Active,587.44,Found Duplicate,present,ALPHANUMERIC_IBAN,PROVIDED,PROVIDED
MCH9016,Upadhyay Sethi,4814,Telecom,Partnership,Mumbay,Maharashtra,2025-07-27,XXXX7823,Active,764.46,Unique,present,MASKED,PROVIDED,PROVIDED
MCH3491,"Chawla, Tella And Madan",4814,Telecom,Sole Proprietorship,Lucknow,Uttar Pradesh,2025-05-23,,Active,1044.7,Unique,present,MISSING,PROVIDED,PROVIDED
MCH5555,"Banerjee, Kurian And Tara",4814,Telecom,Sole Proprietorship,Jalandhar,Punjab,2025-05-21,,Active,1006.565,Found Duplicate,present,MISSING,PROVIDED,MISSING_OR_INVALID
MCH9081,Patil Hans,4814,Telecom,Individual,Mumbai,Maharashtra,2025-06-12,8795015116,Active,1006.565,Unique,present,VALID_NUMERIC,PROVIDED,MISSING_OR_INVALID
MCH5500,"Dubey, Tandon And Batta",4814,Telecom,Sole Proprietorship,Lucknow,Uttar Pradesh,2024-06-06,8963304371,Active,2211.38,Unique,present,VALID_NUMERIC,PROVIDED,PROVIDED
MCH4856,Aurora Ltd,4814,Telecom,Sole Proprietorship,Jaipur,Rajasthan,2024-05-13,ECWU8427158374985,Inactive,3394.14,Found Duplicate,present,ALPHANUMERIC_IBAN,PROVIDED,PROVIDED
MCH5823,Sen Llc,4814,Telecom,Sole Proprietorship,Pune,Maharashtra,2024-08-30,,Unknown,7119.48,Found Duplicate,present,MISSING,PROVIDED,PROVIDED
MCH5494,Palan Bhatnagar,4814,Telecom,Private Limited,Kolkata,West Bengal,2024-02-10,2710953349,Unknown,720.88,Found Duplicate,present,VALID_NUMERIC,PROVIDED,PROVIDED
MCH3593,"Kara,Brarandapte",4814,Telecom,Private Limited,Mumbai,Maharashtra,2023-12-04,,Suspended,474.6,Found Duplicate,present,MISSING,PROVIDED,PROVIDED
MCH5154,Chauhan Inc,4814,Telecom,Partnership,Jalandhar,Punjab,2023-02-18,,Active,1206.43,Found Duplicate,present,MISSING,PROVIDED,PROVIDED
MCH7993,Garde Inc,4814,Telecom,Partnership,Kolkata,West Bengal,2023-04-23,4099690978,Active,0.1024,Unique,present,VALID_NUMERIC,PROVIDED,PROVIDED
MCH3371,Bath Plc,4814,Telecom,Private Limited,Chennai,Tamil Nadu,2024-06-16,XXXX9871,Active,1557.07,Found Duplicate,present,MASKED,PROVIDED,PROVIDED
MCH1255,La1A And S0Ns,4814,Telecom,Partnership,Kolkata,West Bengal,2023-07-19,8344362943,Inactive,772.22,Found Duplicate,present,VALID_NUMERIC,PROVIDED,PROVIDED
MCH8553,"Sane, Chaudhari And Rai",4814,Telecom,Private Limited,Lucknow,Uttar Pradesh,2025-01-05,,Inactive,375.66,Found Duplicate,present,MISSING,PROVIDED,PROVIDED
MCH9529,Dubey Inc,4814,Telecom,Private Limited,Pune,Maharashtra,2024-04-26,XXXX3556,Active,0.1801,Unique,present,MASKED,PROVIDED,PROVIDED
MCH3874,"Dora,Deshpandeandseth",4814,Telecom,Private Limited,Jalandhar,Punjab,2024-05-18,XXXX2093,Active,1119.69,Unique,present,MASKED,PROVIDED,PROVIDED
MCH9977,Mohanty Desai,4814,Telecom,Sole Proprietorship,Mumbai,Maharashtra,2023-02-13,0069594001,Unknown,845.52,Unique,present,VALID_NUMERIC,PROVIDED,PROVIDED
MCH9429,"Sachar, Borra And Raj",4814,Telecom,Private Limited,Bengaluru,Karnataka,,,Active,1031.66,Found Duplicate,missing,MISSING,PROVIDED,PROVIDED
MCH7866,Mangal And Sons,4814,Telecom,Sole Proprietorship,Amritsar,Punjab,2024-10-21,XXXX2681,Active,8914.37,Found Duplicate,present,MASKED,PROVIDED,PROVIDED
MCH7978,K0Rpa1 Bassi,4814,Telecom,Private Limited,Jalandhar,Punjab,2025-10-26,,Active,4486.97,Found Duplicate,present,MISSING,PROVIDED,PROVIDED
MCH2769,Sehgal Plc,4814,Telecom,Private Limited,Amritsar,Punjab,2023-09-19,3613137952,Active,0.131,Unique,present,VALID_NUMERIC,PROVIDED,PROVIDED
MCH3189,Walla Sawhney,4814,Telecom,Partnership,Bengaluru,Karnataka,2024-05-14,8245733998,Active,1006.565,Found Duplicate,present,VALID_NUMERIC,PROVIDED,MISSING_OR_INVALID
MCH5955,"Rana, Mangat And De",4814,Telecom,Sole Proprietorship,Kolkata,West Bengal,2025-02-05,XXXX7902,Active,1491.64,Found Duplicate,present,MASKED,PROVIDED,PROVIDED
MCH7851,"Warrior, Hora And Dayal",4814,Telecom,Individual,Jalandhar,Punjab,2024-07-02,6337984791,Active,1006.565,Unique,present,VALID_NUMERIC,PROVIDED,MISSING_OR_INVALID
MCH1039,Lal Barad,4814,Telecom,Sole Proprietorship,Lucknow,Uttar Pradesh,2025-07-28,,Active,3062.03,Found Duplicate,present,MISSING,PROVIDED,PROVIDED
MCH6815,"Borra, Talwar And Jha",4814,Telecom,Partnership,Jalandhar,Punjab,,0561076238,Active,750.82,Unique,missing,VALID_NUMERIC,PROVIDED,PROVIDED
MCH9790,Kumar Dua,4814,Telecom,Sole Proprietorship,Kolkata,West Bengal,2024-12-09,XXXX3101,Active,375.28,Found Duplicate,present,MASKED,PROVIDED,PROVIDED
MCH7749,Nigam Inc,4814,Telecom,Private Limited,Pune,Maharashtra,2023-01-23,STDX5070330242192,Unknown,7003.66,Found Duplicate,present,ALPHANUMERIC_IBAN,PROVIDED,PROVIDED
MCH7914,Grover Karnik,4814,Telecom,Sole Proprietorship,Jaipur,Rajasthan,2023-11-30,,Active,1922.54,Unique,present,MISSING,PROVIDED,PROVIDED
MCH4104,Sawhney Suri,4814,Telecom,Individual,Hyderabad,Telangana,2023-12-15,8776394591,Inactive,0.295,Found Duplicate,present,VALID_NUMERIC,PROVIDED,PROVIDED
MCH1676,"Palla, Gupta And Narain",4814,Telecom,Sole Proprietorship,Jalandhar,Punjab,2025-11-27,,Active,750.53,Unique,present,MISSING,PROVIDED,PROVIDED
MCH8073,"Chaudhary, Nori And Aggarwal",4814,Telecom,Private Limited,Mumbai,Maharashtra,2023-04-08,UFCA0209377639619,Active,2535.65,Found Duplicate,present,ALPHANUMERIC_IBAN,PROVIDED,PROVIDED
MCH5092,Dubey Gade,4814,Telecom,Partnership,Kolkata,West Bengal,2023-07-01,,Unknown,730.73,Unique,present,MISSING,PROVIDED,PROVIDED
MCH9913,Das Ltd,4814,Telecom,Partnership,Lucknow,Uttar Pradesh,2024-08-10,,Active,442.64,Unique,present,MISSING,PROVIDED,PROVIDED
MCH7137,Nanda Nazareth,4814,Telecom,Private Limited,Pune,Maharashtra,2025-09-02,,Active,1165.18,Found Duplicate,present,MISSING,PROVIDED,PROVIDED
MCH9494,"Wable, Warrior And Parmer",4814,Telecom,Individual,Pune,Maharashtra,2024-05-27,,Unknown,455.01,Found Duplicate,present,MISSING,PROVIDED,PROVIDED
MCH1940,Ravel Inc,4814,Telecom,Sole Proprietorship,Chennai,Tamil Nadu,2025-09-17,,Inactive,1112.95,Found Duplicate,present,MISSING,PROVIDED,PROVIDED
MCH4496,"Pandya, Bhalla And Malhotra",4814,Telecom,Partnership,Jaipur,Rajasthan,2025-07-23,6668375188,Active,1006.565,Found Duplicate,present,VALID_NUMERIC,PROVIDED,MISSING_OR_INVALID
MCH4870,Rana Inc,4814,Telecom,Individual,Amritsar,Punjab,2024-12-07,,Suspended,0.1127,Unique,present,MISSING,PROVIDED,PROVIDED
MCH6738,"Jain, Kothari And Subramanian",4814,Telecom,Individual,Delhi,Delhi,2025-12-06,MCPW5267667383117,Inactive,1846.61,Found Duplicate,present,ALPHANUMERIC_IBAN,PROVIDED,PROVIDED
MCH1071,Wali And Sons,4814,Telecom,Sole Proprietorship,Bengaluru,Karnataka,2025-01-21,,Unknown,1437.33,Found Duplicate,present,MISSING,PROVIDED,PROVIDED
MCH8125,Nagi Ranganathan,4814,Telecom,Sole Proprietorship,Kolkata,West Bengal,2024-10-04,XXXX7501,Inactive,0.7428,Found Duplicate,present,MASKED,PROVIDED,PROVIDED
MCH2655,"Brahmbhatt, Desai And Sangha",4814,Telecom,Sole Proprietorship,Amritsar,Punjab,2026-01-04,4532869649,Active,0.3102,Found Duplicate,present,VALID_NUMERIC,PROVIDED,PROVIDED
MCH2676,Desai Ltd,4814,Telecom,Private Limited,Ludhiana,Punjab,2025-10-05,,Active,399.5,Found Duplicate,present,MISSING,PROVIDED,PROVIDED
MCH9304,Char Ltd,4814,Telecom,Individual,Bengaluru,Karnataka,2024-05-01,,Active,531.14,Unique,present,MISSING,PROVIDED,PROVIDED
MCH8575,"Doctor, Merchant And Bhatti",4814,Telecom,Partnership,Kolkata,West Bengal,2024-04-18,,Active,2693.45,Unique,present,MISSING,PROVIDED,PROVIDED
MCH9888,"Majumdar, Sama And Narayanan",4814,Telecom,Sole Proprietorship,Kolkata,West Bengal,2025-08-13,XXXX3073,Inactive,444.72,Found Duplicate,present,MASKED,PROVIDED,PROVIDED
MCH3662,Dalal Arora,4814,Telecom,Sole Proprietorship,Kolkata,West Bengal,2024-09-01,,Active,4799.31,Found Duplicate,present,MISSING,PROVIDED,PROVIDED
MCH3070,"Patel, Sandal And Sinha",4814,Telecom,Individual,Hyderabad,Telangana,2025-09-18,XXXX6846,Active,1706.27,Found Duplicate,present,MASKED,PROVIDED,PROVIDED
MCH2422,Sampath Balasubramanian,4814,Telecom,Private Limited,Bengaluru,Karnataka,2025-06-25,7967511719,Unknown,2352.58,Found Duplicate,present,VALID_NUMERIC,PROVIDED,PROVIDED
MCH8025,"Karnik, Hayer And Khalsa",4814,Telecom,Partnership,Lucknow,Uttar Pradesh,2023-08-14,4642162943,Active,1781.41,Unique,present,VALID_NUMERIC,PROVIDED,PROVIDED
MCH5320,Ramaswamy Sarma,4814,Telecom,Sole Proprietorship,Hyderabad,Telangana,2025-11-02,9234288178,Active,750.06,Unique,present,VALID_NUMERIC,PROVIDED,PROVIDED
MCH8024,"Basu, Magar And Venkatesh",4814,Telecom,Individual,Hyderabad,Telangana,2025-09-13,,Active,1611.07,Found Duplicate,present,MISSING,PROVIDED,PROVIDED
MCH6206,"Sanghvi, Dugar And Rajagopal",4814,Telecom,Individual,Chennai,Tamil Nadu,2025-03-31,5473942096,Active,683.76,Found Duplicate,present,VALID_NUMERIC,PROVIDED,PROVIDED
MCH1159,Sabharwal Gole,4814,Telecom,Partnership,Hyderabad,Telangana,,XXXX4659,Inactive,790.13,Found Duplicate,missing,MASKED,PROVIDED,PROVIDED
MCH9494,Sama Group,4814,Telecom,Individual,Bengaluru,Karnataka,2023-11-01,9680001784,Active,1540.07,Found Duplicate,present,VALID_NUMERIC,PROVIDED,PROVIDED
MCH2956,"Wali, Khatri And Mistry",4814,Telecom,Sole Proprietorship,Lucknow,Uttar Pradesh,2025-02-06,3651063150,Inactive,4934.63,Found Duplicate,present,VALID_NUMERIC,PROVIDED,PROVIDED
MCH1848,Dugar And Sons,4814,Telecom,Partnership,Chennai,Tamil Nadu,2023-08-19,QLVN5575786751509,Suspended,644.35,Found Duplicate,present,ALPHANUMERIC_IBAN,PROVIDED,PROVIDED
MCH1774,"Chawla, Luthra And Kapur",4814,Telecom,Sole Proprietorship,Amritsar,Punjab,2024-08-09,MJXY1754643071882,Unknown,691.84,Found Duplicate,present,ALPHANUMERIC_IBAN,PROVIDED,PROVIDED
MCH4951,"Sha, Shan And D’Alia",4814,Telecom,Private Limited,Mumbai,Maharashtra,2023-08-05,6408029678,Inactive,1006.565,Found Duplicate,present,VALID_NUMERIC,PROVIDED,MISSING_OR_INVALID
MCH1380,Bhatia Oza,4814,Telecom,Partnership,Jaipur,Rajasthan,2023-07-11,,Suspended,479.32,Found Duplicate,present,MISSING,PROVIDED,PROVIDED
MCH6397,"Chacko, Ganguly And Gala",4814,Telecom,Sole Proprietorship,Delhi,Delhi,2023-06-18,KTQR3750781117068,Active,1006.565,Found Duplicate,present,ALPHANUMERIC_IBAN,PROVIDED,MISSING_OR_INVALID
MCH8096,Srinivas Verma,4814,Telecom,Partnership,Mumbai,Maharashtra,,,Active,2241.14,Unique,missing,MISSING,PROVIDED,PROVIDED
MCH8572,"Sheth,Sethandkulkarni",4814,Telecom,Individual,Jaipur,Rajasthan,2026-01-15,AQKO8183766323405,Active,0.4326,Unique,present,ALPHANUMERIC_IBAN,PROVIDED,PROVIDED
MCH7360,Rajan Sahni,4814,Telecom,Partnership,Kolkata,West Bengal,2023-11-05,HKWU3873449938871,Inactive,1218.43,Unique,present,ALPHANUMERIC_IBAN,PROVIDED,PROVIDED
MCH5972,Parmar Ramanathan,4814,Telecom,Sole Proprietorship,Mumbai,Maharashtra,,,Inactive,3048.92,Found Duplicate,missing,MISSING,PROVIDED,PROVIDED
MCH1609,Ram Palla,4814,Telecom,Private Limited,Mumbai,Maharashtra,2023-07-17,8485226822,Active,554.3,Unique,present,VALID_NUMERIC,PROVIDED,PROVIDED
MCH9916,"Sur, Palla And Goyal",4814,Telecom,Private Limited,Pune,Maharashtra,2023-09-04,7186592814,Active,0.282,Unique,present,VALID_NUMERIC,PROVIDED,PROVIDED
MCH2915,"Chakrabarti, Hora And Sha",4814,Telecom,Partnership,Chennai,Tamil Nadu,2024-03-15,1253622214,Unknown,18355.56,Found Duplicate,present,VALID_NUMERIC,PROVIDED,PROVIDED
MCH6896,Padmanabhan Purohit,4814,Telecom,Private Limited,Kolkata,West Bengal,2025-09-10,9931095643,Active,1862.46,Found Duplicate,present,VALID_NUMERIC,PROVIDED,PROVIDED
MCH7628,"Mander, Guha And Varty",4814,Telecom,Sole Proprietorship,Mumbai,Maharashtra,2026-01-12,0845621446,Suspended,8496.25,Found Duplicate,present,VALID_NUMERIC,PROVIDED,PROVIDED
MCH2990,Nazareth Ltd,4814,Telecom,Individual,Delhi,Delhi,,NNKA9590521959789,Unknown,0.1043,Found Duplicate,missing,ALPHANUMERIC_IBAN,PROVIDED,PROVIDED
MCH6839,Kapoor Dubey,4814,Telecom,Partnership,Delhi,Delhi,2024-10-13,,Inactive,2336.23,Found Duplicate,present,MISSING,PROVIDED,PROVIDED
MCH8891,"Natt,Maneandpau",4814,Telecom,Private Limited,Mumbai,Maharashtra,2025-03-13,6087577130,Active,0.114,Unique,present,VALID_NUMERIC,PROVIDED,PROVIDED
MCH8059,Kapadia Plc,4814,Telecom,Sole Proprietorship,Mumbai,Maharashtra,2023-06-05,,Inactive,263.96,Unique,present,MISSING,PROVIDED,PROVIDED
MCH4148,"Wali, Babu And Tank",4814,Telecom,Partnership,Jaipur,Rajasthan,2023-01-08,PUUF6382776692306,Active,2368.62,Found Duplicate,present,ALPHANUMERIC_IBAN,PROVIDED,PROVIDED
MCH5376,"Narayanan, Palla And Tripathi",4814,Telecom,Sole Proprietorship,Ludhiana,Punjab,2025-08-14,IUFK0088105725528,Active,2169.37,Unique,present,ALPHANUMERIC_IBAN,PROVIDED,PROVIDED
MCH6039,Padmanabhan Bora,4814,Telecom,Sole Proprietorship,Lucknow,Uttar Pradesh,,,Unknown,6727.69,Unique,missing,MISSING,PROVIDED,PROVIDED
MCH7552,Som And Sons,4814,Telecom,Sole Proprietorship,Pune,Maharashtra,2025-07-21,4455888078,Unknown,1934.0,Unique,present,VALID_NUMERIC,PROVIDED,PROVIDED
MCH4356,"Basak, Sur And Sundaram",4814,Telecom,Partnership,Delhi,Delhi,2024-07-22,,Unknown,0.1661,Found Duplicate,present,MISSING,PROVIDED,PROVIDED
MCH8436,"Seshadri, Minhas And Subramanian",4814,Telecom,Individual,Delhi,Delhi,2025-12-21,XXXX8739,Active,1427.93,Found Duplicate,present,MASKED,PROVIDED,PROVIDED
MCH8419,Nigam Inc,4814,Telecom,Sole Proprietorship,Amritsar,Punjab,2025-10-01,WLCE4900884368712,Active,462.51,Unique,present,ALPHANUMERIC_IBAN,PROVIDED,PROVIDED
MCH7355,"Raval, Goswami And Sem",4814,Telecom,Private Limited,Pune,Maharashtra,2023-12-29,,Active,2675.45,Found Duplicate,present,MISSING,PROVIDED,PROVIDED
MCH5257,Kara Sibal,4814,Telecom,Individual,Bengaluru,Karnataka,,WHEV2991802850485,Active,1601.92,Unique,missing,ALPHANUMERIC_IBAN,PROVIDED,PROVIDED
MCH9145,"Yadav, Bhatti And Atwal",4814,Telecom,Partnership,Delhi,Delhi,2025-11-24,,Active,845.36,Found Duplicate,present,MISSING,PROVIDED,PROVIDED
MCH8901,Narasimhan And Sons,4814,Telecom,Private Limited,Amritsar,Punjab,2024-04-01,3421072904,Active,772.61,Found Duplicate,present,VALID_NUMERIC,PROVIDED,PROVIDED
MCH3021,"Hegde, Kibe And Gade",4814,Telecom,Private Limited,Kolkata,West Bengal,2023-09-13,,Active,1006.565,Found Duplicate,present,MISSING,PROVIDED,MISSING_OR_INVALID
MCH3612,Lal Inc,4814,Telecom,Individual,Pune,Maharashtra,2025-07-01,XXXX1339,Active,354.59,Found Duplicate,present,MASKED,PROVIDED,PROVIDED
MCH7919,Mistry Bhatt,4814,Telecom,Individual,Lucknow,Uttar Pradesh,2023-01-04,,Unknown,563.19,Found Duplicate,present,MISSING,PROVIDED,PROVIDED
MCH9080,Sarraf Group,4814,Telecom,Private Limited,Jalandhar,Punjab,2023-09-06,ZYKY9821545261930,Active,2602.3,Found Duplicate,present,ALPHANUMERIC_IBAN,PROVIDED,PROVIDED
MCH1142,"Master, Soni And Kapadia",4814,Telecom,Sole Proprietorship,Chennai,Tamil Nadu,2024-10-06,4563871051,Active,252.13,Found Duplicate,present,VALID_NUMERIC,PROVIDED,PROVIDED
MCH6852,Swamy Srinivas,4814,Telecom,Private Limited,Chennai,Tamil Nadu,,SOKG3294393943682,Active,449.44,Unique,missing,ALPHANUMERIC_IBAN,PROVIDED,PROVIDED
MCH2493,"Tella, Lata And Tripathi",4814,Telecom,Individual,Jaipur,Rajasthan,2023-10-28,ROFA2679305641354,Active,4200.08,Unique,present,ALPHANUMERIC_IBAN,PROVIDED,PROVIDED
MCH6707,Chandra Group,4814,Telecom,Private Limited,Ludhiana,Punjab,2024-02-10,,Active,648.63,Found Duplicate,present,MISSING,PROVIDED,PROVIDED
MCH7216,Pillai And Sons,4814,Telecom,Individual,Amritsar,Punjab,2025-12-02,,Active,0.356,Unique,present,MISSING,PROVIDED,PROVIDED
MCH8571,"Garde, Toor And Malhotra",4814,Telecom,Partnership,Amritsar,Punjab,2023-05-31,,Active,266.55,Found Duplicate,present,MISSING,PROVIDED,PROVIDED
MCH7580,Dhaliwal Shankar,4814,Telecom,Sole Proprietorship,Mumbai,Maharashtra,2023-07-04,XXXX8286,Unknown,1155.73,Found Duplicate,present,MASKED,PROVIDED,PROVIDED
MCH1104,Chander Llc,4814,Telecom,Private Limited,Delhi,Delhi,2024-05-09,,Unknown,778.62,Unique,present,MISSING,PROVIDED,PROVIDED
MCH7992,Goel Group,4814,Telecom,Individual,Bengaluru,Karnataka,2023-10-18,UIMY5187810690637,Unknown,609.52,Unique,present,ALPHANUMERIC_IBAN,PROVIDED,PROVIDED
MCH6254,Murthy Group,4814,Telecom,Partnership,Amritsar,Punjab,2025-05-07,7655418410,Inactive,1006.565,Unique,present,VALID_NUMERIC,PROVIDED,MISSING_OR_INVALID
MCH3757,Chokshi Plc,4814,Telecom,Private Limited,Jaipur,Rajasthan,2025-10-23,KUIQ2748561079701,Active,2492.69,Unique,present,ALPHANUMERIC_IBAN,PROVIDED,PROVIDED
MCH1214,Padmanabhan Gr0Up,4814,Telecom,Individual,Amritsar,Punjab,2025-08-24,,Active,362.46,Found Duplicate,present,MISSING,PROVIDED,PROVIDED
MCH3265,"Prakash, Wable And Ganesh",4814,Telecom,Individual,Jaipur,Rajasthan,2025-11-13,,Inactive,0.1446,Found Duplicate,present,MISSING,PROVIDED,PROVIDED
MCH7932,Sethi Ltd,4814,Telecom,Private Limited,Bengaluru,Karnataka,2025-04-20,AUYT1495828220876,Active,4410.18,Found Duplicate,present,ALPHANUMERIC_IBAN,PROVIDED,PROVIDED
MCH3567,Kala Ltd,4814,Telecom,Sole Proprietorship,Amritsar,Punjab,2023-05-15,0120134197,Active,1794.62,Found Duplicate,present,VALID_NUMERIC,PROVIDED,PROVIDED
MCH7269,La11 Raman,4814,Telecom,Private Limited,Lucknow,Uttar Pradesh,2023-10-25,4846136502,Active,1031.92,Unique,present,VALID_NUMERIC,PROVIDED,PROVIDED
MCH7137,Krishna Palan,4814,Telecom,Partnership,Ludhiana,Punjab,2025-09-29,GJTY8331565779502,Active,1006.565,Found Duplicate,present,ALPHANUMERIC_IBAN,PROVIDED,MISSING_OR_INVALID
MCH4081,Srinivasan Bahri,4814,Telecom,Sole Proprietorship,Delhi,Delhi,2025-06-07,,Active,2928.84,Unique,present,MISSING,PROVIDED,PROVIDED
MCH8170,"Dyal, Chadha And Shenoy",4814,Telecom,Partnership,Hyderabad,Telangana,2024-12-15,4344277649,Active,589.07,Unique,present,VALID_NUMERIC,PROVIDED,PROVIDED
MCH8615,Kurian Inc,4814,Telecom,Private Limited,Hyderabad,Telangana,2024-03-25,,Active,3051.58,Found Duplicate,present,MISSING,PROVIDED,PROVIDED
MCH9582,"Aggarwal, Morar And Vohra",4814,Telecom,Private Limited,Chennai,Tamil Nadu,2026-02-02,1610482956,Active,0.2012,Unique,present,VALID_NUMERIC,PROVIDED,PROVIDED
MCH7876,"Deshpande, Nagar And Parsa",4814,Telecom,Individual,Jaipur,Rajasthan,2024-08-22,,Active,502.95,Found Duplicate,present,MISSING,PROVIDED,PROVIDED
MCH9391,Vasa Mitra,4814,Telecom,Individual,Jalandhar,Punjab,2024-10-30,XXXX6623,Active,1456.23,Unique,present,MASKED,PROVIDED,PROVIDED
MCH8679,Dutt Goel,4814,Telecom,Private Limited,Kolkata,West Bengal,2024-08-14,XXXX4631,Active,423.15,Found Duplicate,present,MASKED,PROVIDED,PROVIDED
MCH7932,Sethi Ltd,4814,Telecom,Private Limited,Bengaluru,Karnataka,2025-04-20,AUYT1495828220876,Active,4410.18,Found Duplicate,present,ALPHANUMERIC_IBAN,PROVIDED,PROVIDED
MCH4165,"Dhar,Pallaandkorpal",4814,Telecom,Private Limited,Pune,Maharashtra,2024-05-29,EWYW3013882760872,Suspended,1006.565,Found Duplicate,present,ALPHANUMERIC_IBAN,PROVIDED,MISSING_OR_INVALID
MCH2430,Bora Group,4814,Telecom,Individual,Amritsar,Punjab,2026-01-27,2955352677,Unknown,827.43,Found Duplicate,present,VALID_NUMERIC,PROVIDED,PROVIDED
MCH1755,Kulkarni And Sons,4814,Telecom,Individual,Mumbai,Maharashtra,2025-12-29,9887027328,Active,1088.47,Unique,present,VALID_NUMERIC,PROVIDED,PROVIDED
MCH3140,"Zachariah,Rajagopalandsamra",4814,Telecom,Private Limited,Amritsar,Punjab,2023-09-04,,Active,363.21,Found Duplicate,present,MISSING,PROVIDED,PROVIDED
MCH1384,Thakur Ben,4814,Telecom,Individual,Hyderabad,Telangana,2023-11-04,,Active,1433.16,Found Duplicate,present,MISSING,PROVIDED,PROVIDED
MCH8549,"Amb1E, Sangha And C0Mar",4814,Telecom,Individual,Ludhiana,Punjab,2026-01-12,XXXX7799,Active,1130.69,Found Duplicate,present,MASKED,PROVIDED,PROVIDED
MCH5247,Nagi Ltd,4814,Telecom,Partnership,Amritsar,Punjab,2025-06-06,,Suspended,632.92,Unique,present,MISSING,PROVIDED,PROVIDED
MCH9697,Walla Ltd,4814,Telecom,Individual,Bengaluru,Karnataka,2025-07-21,,Active,1081.86,Found Duplicate,present,MISSING,PROVIDED,PROVIDED
MCH6742,Mammen Gr0Up,4814,Telecom,Private Limited,Kolkata,West Bengal,2024-03-20,XXXX8463,Active,6284.1,Found Duplicate,present,MASKED,PROVIDED,PROVIDED
MCH5356,"Solanki, Kala And Loke",4814,Telecom,Partnership,Hyderabad,Telangana,2023-03-01,TUAH3044152488223,Unknown,827.01,Found Duplicate,present,ALPHANUMERIC_IBAN,PROVIDED,PROVIDED
MCH2956,Bava Ltd,4814,Telecom,Individual,Delhi,Delhi,2023-01-18,2075067293,Active,2838.96,Found Duplicate,present,VALID_NUMERIC,PROVIDED,PROVIDED
MCH1370,Wable Llc,4814,Telecom,Private Limited,Jalandhar,Punjab,2023-11-19,6802604838,Unknown,3898.88,Unique,present,VALID_NUMERIC,PROVIDED,PROVIDED
MCH4843,Kuruvilla Pillay,4814,Telecom,Individual,Bengaluru,Karnataka,2025-08-18,VYHF0905352746746,Active,898.89,Found Duplicate,present,ALPHANUMERIC_IBAN,PROVIDED,PROVIDED
MCH6301,"Apte, Vohra And Gade",4814,Telecom,Partnership,Jalandhar,Punjab,2023-03-30,,Active,2355.49,Unique,present,MISSING,PROVIDED,PROVIDED
MCH8506,"Handa, Sahni And Sawhney",4814,Telecom,Partnership,Hyderabad,Telangana,2026-01-12,,Unknown,0.339,Unique,present,MISSING,PROVIDED,PROVIDED
MCH7042,Barad Raman,4814,Telecom,Sole Proprietorship,Chennai,Tamil Nadu,2023-07-01,XXXX5012,Active,986.23,Found Duplicate,present,MASKED,PROVIDED,PROVIDED
MCH1625,Saran Ltd,4814,Telecom,Partnership,Kolkata,West Bengal,2024-10-17,6216492189,Active,1093.54,Found Duplicate,present,VALID_NUMERIC,PROVIDED,PROVIDED
MCH9877,Borra And Sons,4814,Telecom,Individual,Bengaluru,Karnataka,2023-04-12,YYFP6378402221168,Active,416.84,Found Duplicate,present,ALPHANUMERIC_IBAN,PROVIDED,PROVIDED
MCH3172,Soni Varty,4814,Telecom,Sole Proprietorship,Bengaluru,Karnataka,2025-07-10,XXXX7710,Unknown,3097.6,Found Duplicate,present,MASKED,PROVIDED,PROVIDED
MCH5879,"Sridhar, Sani And Ma11",4814,Telecom,Individual,Hyderabad,Telangana,2025-12-30,XXXX4907,Active,3624.48,Unique,present,MASKED,PROVIDED,PROVIDED
MCH2964,Bala Sarkar,4814,Telecom,Individual,Jalandhar,Punjab,2025-06-20,4343067882,Active,1298.45,Found Duplicate,present,VALID_NUMERIC,PROVIDED,PROVIDED
MCH9345,Mahal Inc,4814,Telecom,Private Limited,Amritsar,Punjab,2025-11-30,5557853955,Active,4834.52,Unique,present,VALID_NUMERIC,PROVIDED,PROVIDED
MCH7029,Purohit Ltd,4814,Telecom,Partnership,Bengaluru,Karnataka,2025-03-28,7715883452,Inactive,1186.22,Found Duplicate,present,VALID_NUMERIC,PROVIDED,PROVIDED
MCH3998,"Krish, Tak And Peri",4814,Telecom,Partnership,Ludhiana,Punjab,2023-08-16,,Active,1019.25,Unique,present,MISSING,PROVIDED,PROVIDED
MCH9014,Konda Ram,4814,Telecom,Sole Proprietorship,Ludhiana,Punjab,2025-08-15,,Active,485.94,Unique,present,MISSING,PROVIDED,PROVIDED
MCH5203,"Goel, Mishra And Ram",4814,Telecom,Sole Proprietorship,Bengaluru,Karnataka,2023-04-28,,Active,3326.82,Unique,present,MISSING,PROVIDED,PROVIDED
MCH8733,"Dhillon, Goel And Dar",4814,Telecom,Sole Proprietorship,Kolkata,West Bengal,2024-03-27,XXXX9551,Active,2966.16,Unique,present,MASKED,PROVIDED,PROVIDED
MCH1163,"Gour, Comar And Palan",4814,Telecom,Partnership,Ludhiana,Punjab,2025-10-25,BYWD2962302915002,Inactive,5449.73,Found Duplicate,present,ALPHANUMERIC_IBAN,PROVIDED,PROVIDED
MCH6448,Pal Llc,4814,Telecom,Partnership,Mumbai,Maharashtra,2024-09-07,XXXX5021,Unknown,1680.84,Found Duplicate,present,MASKED,PROVIDED,PROVIDED
MCH1318,Gupta Llc,4814,Telecom,Private Limited,Jaipur,Rajasthan,,0618978505,Active,1006.565,Unique,missing,VALID_NUMERIC,PROVIDED,MISSING_OR_INVALID
MCH1569,"Bal, Wali And Sheth",4814,Telecom,Private Limited,Chennai,Tamil Nadu,2025-10-11,XXXX9971,Active,1678.57,Unique,present,MASKED,PROVIDED,PROVIDED
MCH3498,Agate And Sons,4814,Telecom,Individual,Chennai,Tamil Nadu,,,Active,1499.04,Unique,missing,MISSING,PROVIDED,PROVIDED
MCH1075,Lala Plc,4814,Telecom,Individual,Pune,Maharashtra,2024-06-01,IPNE1576095102770,Suspended,1162.41,Found Duplicate,present,ALPHANUMERIC_IBAN,PROVIDED,PROVIDED
MCH6822,"Sankar, Deol And Goswami",4814,Telecom,Sole Proprietorship,Jaipur,Rajasthan,2025-03-31,XXXX2270,Inactive,1194.99,Unique,present,MASKED,PROVIDED,PROVIDED
MCH7769,"Atwal, Loke And Prasad",4814,Telecom,Partnership,Mumbai,Maharashtra,2024-07-21,,Active,232.38,Unique,present,MISSING,PROVIDED,PROVIDED
MCH5923,"Banik, Yogi And Seth",4814,Telecom,Individual,Delhi,Delhi,,CKTY3945451387681,Inactive,378.2,Found Duplicate,missing,ALPHANUMERIC_IBAN,PROVIDED,PROVIDED
MCH2776,Datta Ltd,4814,Telecom,Partnership,Jaipur,Rajasthan,2024-11-09,QUCG6914808410390,Active,1643.13,Found Duplicate,present,ALPHANUMERIC_IBAN,PROVIDED,PROVIDED
MCH9831,Deep Kanda,4814,Telecom,Sole Proprietorship,Pune,Maharashtra,2025-07-29,XXXX7811,Unknown,796.02,Found Duplicate,present,MASKED,PROVIDED,PROVIDED
MCH8074,Prakash Bera,4814,Telecom,Individual,Jalandhar,Punjab,2024-04-12,2437188894,Unknown,439.79,Unique,present,VALID_NUMERIC,PROVIDED,PROVIDED
MCH3234,Lad Inc,4814,Telecom,Individual,Kolkata,West Bengal,2024-02-21,LTGH4419649542857,Active,9763.29,Unique,present,ALPHANUMERIC_IBAN,PROVIDED,PROVIDED
MCH5274,Thakur And Sons,4814,Telecom,Sole Proprietorship,Chennai,Tamil Nadu,2025-04-21,,Active,983.36,Found Duplicate,present,MISSING,PROVIDED,PROVIDED
MCH9626,Gu1Ati Chhabra,4814,Telecom,Partnership,Lucknow,Uttar Pradesh,2025-02-21,,Unknown,0.88,Unique,present,MISSING,PROVIDED,PROVIDED
MCH5882,"Barad, Kara And Gokhale",4814,Telecom,Sole Proprietorship,Chennai,Tamil Nadu,2024-09-25,8200004171,Inactive,626.5,Unique,present,VALID_NUMERIC,PROVIDED,PROVIDED
MCH7411,"Bhasin, Soman And Savant",4814,Telecom,Sole Proprietorship,Chennai,Tamil Nadu,,,Inactive,2298.88,Found Duplicate,missing,MISSING,PROVIDED,PROVIDED
MCH6700,Ravi Ltd,4814,Telecom,Partnership,Pune,Maharashtra,,,Active,219.11,Unique,missing,MISSING,PROVIDED,PROVIDED
MCH6109,Sampath Ltd,4814,Telecom,Individual,Ludhiana,Punjab,2026-01-15,6737069990,Unknown,399.08,Unique,present,VALID_NUMERIC,PROVIDED,PROVIDED
MCH1767,Bhatnagar Ka1A,4814,Telecom,Individual,Jalandhar,Punjab,,2537411732,Active,314.16,Unique,missing,VALID_NUMERIC,PROVIDED,PROVIDED
MCH7196,Kurian Trivedi,4814,Telecom,Partnership,Jaipur,Rajasthan,2023-06-09,,Active,1000.33,Found Duplicate,present,MISSING,PROVIDED,PROVIDED
MCH6556,"Andra, Chaudhary And Kunda",4814,Telecom,Partnership,Bengaluru,Karnataka,2023-12-31,IBEQ5874818667293,Suspended,327.82,Found Duplicate,present,ALPHANUMERIC_IBAN,PROVIDED,PROVIDED
MCH6660,N0Ri Gr0Up,4814,Telecom,Sole Proprietorship,Chennai,Tamil Nadu,2023-05-26,XXXX4499,Active,0.303,Found Duplicate,present,MASKED,PROVIDED,PROVIDED
MCH6148,Ganesan Johal,4814,Telecom,Partnership,Mumbai,Maharashtra,2023-10-08,XXXX8688,Active,778.99,Found Duplicate,present,MASKED,PROVIDED,PROVIDED
MCH7353,Nadig Llc,4814,Telecom,Individual,Hyderabad,Telangana,2025-12-11,XXXX4294,Active,0.1097,Found Duplicate,present,MASKED,PROVIDED,PROVIDED
MCH5021,"Badami, Chatterjee And Handa",4814,Telecom,Sole Proprietorship,Hyderabad,Telangana,2024-08-22,,Active,443.63,Found Duplicate,present,MISSING,PROVIDED,PROVIDED
MCH1053,"Gera, Grover And Sehgal",4814,Telecom,Individual,Amritsar,Punjab,2025-02-22,,Active,708.11,Unique,present,MISSING,PROVIDED,PROVIDED
MCH1563,Mandal Biswas,4814,Telecom,Partnership,Jaipur,Rajasthan,2023-10-11,5466191568,Suspended,376.51,Unique,present,VALID_NUMERIC,PROVIDED,PROVIDED
MCH5965,Wason Llc,4814,Telecom,Partnership,Hyderabad,Telangana,2025-06-03,,Unknown,0.2365,Unique,present,MISSING,PROVIDED,PROVIDED
MCH6917,"Deshmukh, Parmar And Lad",4814,Telecom,Sole Proprietorship,Jaipur,Rajasthan,2023-07-29,KZXC7074900980989,Unknown,1543.47,Unique,present,ALPHANUMERIC_IBAN,PROVIDED,PROVIDED
MCH1417,"Sekhon, Parsa And Bandi",4814,Telecom,Sole Proprietorship,Mumbay,Maharashtra,2026-01-26,,Active,1501.66,Unique,present,MISSING,PROVIDED,PROVIDED
MCH9045,"Kaul, Sethi And Vaidya",4814,Telecom,Partnership,Bengaluru,Karnataka,,6906668934,Inactive,0.1488,Unique,missing,VALID_NUMERIC,PROVIDED,PROVIDED
MCH2382,Parsa Mandal,4814,Telecom,Individual,Jalandhar,Punjab,2026-01-30,,Suspended,16892.62,Unique,present,MISSING,PROVIDED,PROVIDED
MCH8994,Shukla Manne,4814,Telecom,Partnership,Kolkata,West Bengal,2025-11-22,AOKV6829664383303,Active,2951.22,Unique,present,ALPHANUMERIC_IBAN,PROVIDED,PROVIDED
MCH3593,"Kara,Brarandapte",4814,Telecom,Private Limited,Mumbai,Maharashtra,2023-12-04,,Unknown,474.6,Found Duplicate,present,MISSING,PROVIDED,PROVIDED
MCH9095,Mital Reddy,4814,Telecom,Partnership,Lucknow,Uttar Pradesh,2025-12-07,,Suspended,1105.17,Unique,present,MISSING,PROVIDED,PROVIDED
MCH5294,Bhakta Group,4814,Telecom,Private Limited,Jaipur,Rajasthan,2023-12-27,XXXX2441,Active,765.13,Unique,present,MASKED,PROVIDED,PROVIDED
MCH9219,Baria Inc,4814,Telecom,Sole Proprietorship,Jaipur,Rajasthan,2024-07-29,7495991370,Active,0.1931,Unique,present,VALID_NUMERIC,PROVIDED,PROVIDED
MCH8114,"Raman, Sandal And Bedi",4814,Telecom,Individual,Jalandhar,Punjab,2024-02-08,LFZC4951241506007,Active,1612.23,Unique,present,ALPHANUMERIC_IBAN,PROVIDED,PROVIDED
MCH1873,Oak Ramachandran,4814,Telecom,Private Limited,Amritsar,Punjab,2024-05-23,XXXX5817,Active,942.83,Found Duplicate,present,MASKED,PROVIDED,PROVIDED
MCH9160,Som Ltd,4814,Telecom,Partnership,Ludhiana,Punjab,2025-01-29,9756179537,Active,722.22,Unique,present,VALID_NUMERIC,PROVIDED,PROVIDED
MCH3338,"Mistry, Majumdar And Ghosh",4814,Telecom,Individual,Ludhiana,Punjab,2024-04-26,KYYU5062619258958,Active,0.1989,Unique,present,ALPHANUMERIC_IBAN,PROVIDED,PROVIDED
MCH2028,Viswanathan Llc,4814,Telecom,Individual,Pune,Maharashtra,2024-05-23,XXXX2833,Active,0.634,Found Duplicate,present,MASKED,PROVIDED,PROVIDED
MCH9722,"Krishna, Saxena And Aurora",4814,Telecom,Individual,Lucknow,Uttar Pradesh,,XXXX5150,Active,1006.565,Unique,missing,MASKED,PROVIDED,MISSING_OR_INVALID
MCH9855,Samra Manda,4814,Telecom,Private Limited,Chennai,Tamil Nadu,2025-01-02,PEIX9794404707965,Active,1167.22,Unique,present,ALPHANUMERIC_IBAN,PROVIDED,PROVIDED
MCH3288,Kuruvilla Kala,4814,Telecom,Partnership,Kolkata,West Bengal,2025-07-17,HFDT8427341893769,Active,1006.565,Found Duplicate,present,ALPHANUMERIC_IBAN,PROVIDED,MISSING_OR_INVALID
MCH8297,Natarajan Gill,4814,Telecom,Individual,Lucknow,Uttar Pradesh,2024-05-14,BYTE1111357515501,Active,558.71,Found Duplicate,present,ALPHANUMERIC_IBAN,PROVIDED,PROVIDED
MCH3122,Lala Chaudhari,4814,Telecom,Sole Proprietorship,Ludhiana,Punjab,2024-12-09,XXXX8953,Active,380.73,Found Duplicate,present,MASKED,PROVIDED,PROVIDED
MCH3184,"Sane, Dhawan And Prabhakar",4814,Telecom,Individual,Mumbai,Maharashtra,2023-09-12,,Active,1192.54,Unique,present,MISSING,PROVIDED,PROVIDED
MCH6928,"Mutti, Palla And Zacharia",4814,Telecom,Partnership,Kolkata,West Bengal,2023-11-12,1804027882,Active,2042.85,Found Duplicate,present,VALID_NUMERIC,PROVIDED,PROVIDED
MCH9779,De0 Agate,4814,Telecom,Individual,Kolkata,West Bengal,2024-03-24,,Unknown,2425.1,Unique,present,MISSING,PROVIDED,PROVIDED
MCH4322,Patla Plc,4814,Telecom,Private Limited,Pune,Maharashtra,2025-10-17,XXXX9948,Unknown,0.274,Found Duplicate,present,MASKED,PROVIDED,PROVIDED
MCH7350,Toor Sachar,4814,Telecom,Partnership,Bengaluru,Karnataka,2023-10-29,8049687567,Unknown,1079.19,Found Duplicate,present,VALID_NUMERIC,PROVIDED,PROVIDED
MCH5465,"Keer, Gill And Tank",4814,Telecom,Individual,Jaipur,Rajasthan,2023-10-23,WBGT3042878113023,Active,0.317,Unique,present,ALPHANUMERIC_IBAN,PROVIDED,PROVIDED
MCH5646,Badal Anand,4814,Telecom,Private Limited,Mumbai,Maharashtra,2025-05-06,XXXX0079,Active,4606.04,Found Duplicate,present,MASKED,PROVIDED,PROVIDED
MCH7724,"Thaman,Parsaandaurora",4814,Telecom,Individual,Pune,Maharashtra,2025-01-08,,Active,1482.24,Found Duplicate,present,MISSING,PROVIDED,PROVIDED
MCH3753,Kala Ltd,4814,Telecom,Individual,Kolkata,West Bengal,2024-03-20,XXXX7019,Active,411.14,Found Duplicate,present,MASKED,PROVIDED,PROVIDED
MCH9973,"Parsa, Loyal And Pai",4814,Telecom,Partnership,Lucknow,Uttar Pradesh,2024-04-19,VRDN2962805644016,Active,1836.29,Unique,present,ALPHANUMERIC_IBAN,PROVIDED,PROVIDED
MCH2155,Vig Bobal,4814,Telecom,Private Limited,Delhi,Delhi,2023-05-03,XXXX5202,Active,0.8483,Unique,present,MASKED,PROVIDED,PROVIDED
MCH1674,Kari Tara,4814,Telecom,Partnership,Mumbay,Maharashtra,2024-08-16,XXXX5872,Active,1266.21,Found Duplicate,present,MASKED,PROVIDED,PROVIDED
MCH1491,"Sarna, Chand And Goda",4814,Telecom,Sole Proprietorship,Ludhiana,Punjab,2026-01-27,,Active,1075.6,Found Duplicate,present,MISSING,PROVIDED,PROVIDED
MCH4486,"Bumb, Kibe And Saraf",4814,Telecom,Private Limited,Chennai,Tamil Nadu,2026-02-14,XXXX9655,Active,2112.84,Unique,present,MASKED,PROVIDED,PROVIDED
MCH4573,"Borde, Patil And Taneja",4814,Telecom,Individual,Chennai,Tamil Nadu,2023-10-27,KZVD4103515080767,Active,642.81,Found Duplicate,present,ALPHANUMERIC_IBAN,PROVIDED,PROVIDED
MCH1263,Krishnan Venkataraman,4814,Telecom,Partnership,Kolkata,West Bengal,,,Unknown,565.9,Found Duplicate,missing,MISSING,PROVIDED,PROVIDED
MCH1616,"Suresh, Borra And Ganesh",4814,Telecom,Individual,Chennai,Tamil Nadu,2023-11-10,,Active,0.2818,Unique,present,MISSING,PROVIDED,PROVIDED
MCH8372,Parsa Chokshi,4814,Telecom,Private Limited,Amritsar,Punjab,2023-10-02,XXXX0623,Unknown,714.9,Found Duplicate,present,MASKED,PROVIDED,PROVIDED
MCH9824,Memon Mistry,4814,Telecom,Partnership,Ludhiana,Punjab,2024-08-16,,Suspended,837.47,Unique,present,MISSING,PROVIDED,PROVIDED
MCH3561,"Keer, Natt And Kadakia",4814,Telecom,Individual,Kolkata,West Bengal,2023-03-04,,Active,0.277,Found Duplicate,present,MISSING,PROVIDED,PROVIDED
MCH5478,"Prashad, Tripathi And Bala",4814,Telecom,Private Limited,Jaipur,Rajasthan,2024-06-14,XXXX3083,Unknown,3789.33,Unique,present,MASKED,PROVIDED,PROVIDED
MCH5767,Pandya Inc,4814,Telecom,Individual,Jaipur,Rajasthan,2024-01-09,6172553008,Unknown,793.79,Unique,present,VALID_NUMERIC,PROVIDED,PROVIDED
MCH2503,Date Llc,4814,Telecom,Private Limited,Jaipur,Rajasthan,2023-08-06,,Active,1656.27,Found Duplicate,present,MISSING,PROVIDED,PROVIDED
MCH8080,Brar Plc,4814,Telecom,Individual,Pune,Maharashtra,2025-02-02,,Active,0.1241,Found Duplicate,present,MISSING,PROVIDED,PROVIDED
MCH4169,"Vaidya, Vasa And Palan",4814,Telecom,Individual,Hyderabad,Telangana,2024-11-15,,Unknown,1965.48,Unique,present,MISSING,PROVIDED,PROVIDED
MCH1990,Sawhney Parekh,4814,Telecom,Private Limited,Jaipur,Rajasthan,2026-01-26,,Active,507.78,Found Duplicate,present,MISSING,PROVIDED,PROVIDED
MCH5912,Shenoy Plc,4814,Telecom,Individual,Bengaluru,Karnataka,2023-12-12,,Unknown,551.95,Found Duplicate,present,MISSING,PROVIDED,PROVIDED
MCH3941,Bassi Deshmukh,4814,Telecom,Individual,Amritsar,Punjab,2025-10-25,,Active,979.98,Found Duplicate,present,MISSING,PROVIDED,PROVIDED
MCH2345,"Kibe, Verma And Koshy",4814,Telecom,Individual,Bengaluru,Karnataka,2024-06-28,2126684184,Active,808.61,Unique,present,VALID_NUMERIC,PROVIDED,PROVIDED
MCH4531,Bail Ramachandran,4814,Telecom,Private Limited,Jaipur,Rajasthan,2025-05-11,XXXX9300,Unknown,597.69,Unique,present,MASKED,PROVIDED,PROVIDED
MCH9931,"Wadhwa, Loyal And Bhat",4814,Telecom,Partnership,Lucknow,Uttar Pradesh,2024-05-03,,Suspended,1226.34,Found Duplicate,present,MISSING,PROVIDED,PROVIDED
MCH6025,Wable And Sons,4814,Telecom,Sole Proprietorship,Pune,Maharashtra,2026-01-14,,Unknown,2018.15,Found Duplicate,present,MISSING,PROVIDED,PROVIDED
MCH3997,Bhatia Inc,4814,Telecom,Partnership,Kolkata,West Bengal,2025-01-19,XXXX8184,Inactive,702.23,Found Duplicate,present,MASKED,PROVIDED,PROVIDED
MCH9554,Kale Ltd,4814,Telecom,Partnership,Kolkata,West Bengal,2025-07-12,,Suspended,0.696,Unique,present,MISSING,PROVIDED,PROVIDED
MCH8283,Nagar Group,4814,Telecom,Partnership,Kolkata,West Bengal,2026-02-08,,Active,1032.5,Found Duplicate,present,MISSING,PROVIDED,PROVIDED
MCH5831,Kibe Inc,4814,Telecom,Sole Proprietorship,Ludhiana,Punjab,2024-01-21,,Active,2267.19,Unique,present,MISSING,PROVIDED,PROVIDED
MCH5768,Minhas Gr0Up,4814,Telecom,Sole Proprietorship,Hyderabad,Telangana,2023-09-08,BVES3790408976679,Active,1396.68,Found Duplicate,present,ALPHANUMERIC_IBAN,PROVIDED,PROVIDED
MCH3598,Kapur Sahni,4814,Telecom,Private Limited,Bengaluru,Karnataka,2024-12-07,0759983753,Active,7252.05,Unique,present,VALID_NUMERIC,PROVIDED,PROVIDED
MCH7228,Swaminathanltd,4814,Telecom,Partnership,Ludhiana,Punjab,2024-03-13,XXXX9584,Active,1006.565,Unique,present,MASKED,PROVIDED,MISSING_OR_INVALID
MCH9075,Bhakta Inc,4814,Telecom,Partnership,Delhi,Delhi,2023-10-20,,Inactive,1186.46,Unique,present,MISSING,PROVIDED,PROVIDED
MCH8219,Devi Group,4814,Telecom,Individual,Ludhiana,Punjab,2023-01-06,,Unknown,0.198,Unique,present,MISSING,PROVIDED,PROVIDED
MCH6247,Dhar Ram,4814,Telecom,Individual,Jaipur,Rajasthan,2026-01-14,,Active,468.52,Unique,present,MISSING,PROVIDED,PROVIDED
MCH3613,Lad Chacko,4814,Telecom,Private Limited,Jaipur,Rajasthan,2025-04-02,XXXX9897,Unknown,466.16,Unique,present,MASKED,PROVIDED,PROVIDED
MCH1904,Sandal Inc,4814,Telecom,Individual,Jalandhar,Punjab,2024-03-23,EZBT7024632751925,Active,1398.65,Unique,present,ALPHANUMERIC_IBAN,PROVIDED,PROVIDED
MCH2962,"Naik, Ranganathan And Sahota",4814,Telecom,Partnership,Pune,Maharashtra,2024-08-23,XXXX5665,Active,174.64,Found Duplicate,present,MASKED,PROVIDED,PROVIDED
MCH7222,Verma And Sons,4814,Telecom,Individual,Delhi,Delhi,2023-11-07,,Inactive,4154.85,Unique,present,MISSING,PROVIDED,PROVIDED
MCH4009,Deo Plc,4814,Telecom,Sole Proprietorship,Kolkata,West Bengal,2025-10-10,,Active,0.1937,Found Duplicate,present,MISSING,PROVIDED,PROVIDED
MCH9937,"Sant, Dada And Biswas",4814,Telecom,Partnership,Hyderabad,Telangana,2023-08-09,,Inactive,0.663,Unique,present,MISSING,PROVIDED,PROVIDED
MCH1817,Wadhwa Group,4814,Telecom,Partnership,Kolkata,West Bengal,2024-06-30,XZWP2134363743881,Active,200.17,Found Duplicate,present,ALPHANUMERIC_IBAN,PROVIDED,PROVIDED
MCH3548,"Bhakta, Dhaliwal And Comar",4814,Telecom,Individual,Jaipur,Rajasthan,,VZDR7391504338268,Active,1931.09,Unique,missing,ALPHANUMERIC_IBAN,PROVIDED,PROVIDED
MCH5924,Chana Thaman,4814,Telecom,Sole Proprietorship,Delhi,Delhi,2025-09-27,XXXX2862,Active,1054.56,Unique,present,MASKED,PROVIDED,PROVIDED
MCH5645,Dey Ltd,4814,Telecom,Private Limited,Jalandhar,Punjab,2025-12-18,9437173245,Active,1164.31,Unique,present,VALID_NUMERIC,PROVIDED,PROVIDED
MCH5707,Varughese Hegde,4814,Telecom,Private Limited,Lucknow,Uttar Pradesh,2025-07-12,VFHE9510842870262,Active,1006.565,Found Duplicate,present,ALPHANUMERIC_IBAN,PROVIDED,MISSING_OR_INVALID
MCH6391,"Bhatti, Keer And Gupta",4814,Telecom,Individual,Mumbai,Maharashtra,2025-08-22,,Active,0.684,Found Duplicate,present,MISSING,PROVIDED,PROVIDED
MCH1842,"Singh, Dhillon And Garg",4814,Telecom,Partnership,Lucknow,Uttar Pradesh,2024-10-21,6092011664,Inactive,182.82,Found Duplicate,present,VALID_NUMERIC,PROVIDED,PROVIDED
MCH7548,Dhillon Inc,4814,Telecom,Private Limited,Hyderabad,Telangana,2025-08-24,XXXX6625,Suspended,0.417,Found Duplicate,present,MASKED,PROVIDED,PROVIDED
MCH7870,Vyas Inc,4814,Telecom,Individual,Amritsar,Punjab,2023-08-26,,Active,926.49,Found Duplicate,present,MISSING,PROVIDED,PROVIDED
MCH3586,"Ghose, Ganesh And Edwin",4814,Telecom,Sole Proprietorship,Kolkata,West Bengal,2023-09-15,ZJVL8370026948243,Inactive,0.1437,Found Duplicate,present,ALPHANUMERIC_IBAN,PROVIDED,PROVIDED
MCH2583,Gole Prabhakar,4814,Telecom,Private Limited,Bengaluru,Karnataka,2025-04-21,XXXX1523,Active,0.323,Unique,present,MASKED,PROVIDED,PROVIDED
MCH9883,"K0Rpa1, Bera And Sachdeva",4814,Telecom,Partnership,Bengaluru,Karnataka,2025-08-07,,Active,1595.57,Found Duplicate,present,MISSING,PROVIDED,PROVIDED
MCH4777,Babu Choudhry,4814,Telecom,Individual,Delhi,Delhi,2026-01-10,,Active,373.4,Unique,present,MISSING,PROVIDED,PROVIDED
MCH1558,Shroff Khanna,4814,Telecom,Partnership,Bengaluru,Karnataka,2023-01-20,,Active,1953.35,Unique,present,MISSING,PROVIDED,PROVIDED
MCH3469,Ha1Der Bains,4814,Telecom,Private Limited,Ludhiana,Punjab,,AHBB0158183764134,Active,943.76,Unique,missing,ALPHANUMERIC_IBAN,PROVIDED,PROVIDED
MCH3154,Bhardwaj Ltd,4131,Transport & Travel,Individual,Mumbai,Maharashtra,2024-10-28,XXXX9089,Inactive,633.37,Unique,present,MASKED,PROVIDED,PROVIDED
MCH4839,Sura Mall,4131,Transport & Travel,Private Limited,Ludhiana,Punjab,2025-12-08,,Active,682.13,Unique,present,MISSING,PROVIDED,PROVIDED
MCH9543,"G0Ur, Raju And Dara",4131,Transport & Travel,Individual,Amritsar,Punjab,2024-02-10,,Unknown,458.0,Found Duplicate,present,MISSING,PROVIDED,PROVIDED
MCH3611,"Ratti, Sunder And Kapoor",4131,Transport & Travel,Private Limited,Bengaluru,Karnataka,,XXXX2260,Active,787.19,Unique,missing,MASKED,PROVIDED,PROVIDED
MCH9952,Vig Doctor,4131,Transport & Travel,Private Limited,Lucknow,Uttar Pradesh,2024-10-27,XXXX8487,Active,856.86,Unique,present,MASKED,PROVIDED,PROVIDED
MCH7627,Lata Ray,4131,Transport & Travel,Individual,Mumbai,Maharashtra,2025-05-17,3611125475,Active,1169.55,Found Duplicate,present,VALID_NUMERIC,PROVIDED,PROVIDED
MCH5176,"Samra,Sampathandchaudhuri",4131,Transport & Travel,Individual,Jalandhar,Punjab,2025-03-18,,Unknown,0.905,Unique,present,MISSING,PROVIDED,PROVIDED
MCH6184,Peri R0Ut,4131,Transport & Travel,Sole Proprietorship,Mumbai,Maharashtra,,XXXX1239,Active,1637.73,Unique,missing,MASKED,PROVIDED,PROVIDED
MCH9966,"Kara, Chanda And Hayre",4131,Transport & Travel,Individual,Kolkata,West Bengal,2024-01-16,XXXX6108,Unknown,3566.37,Found Duplicate,present,MASKED,PROVIDED,PROVIDED
MCH2752,Palla Llc,4131,Transport & Travel,Sole Proprietorship,Lucknow,Uttar Pradesh,2023-01-13,XXXX1787,Active,69.28,Unique,present,MASKED,PROVIDED,PROVIDED
MCH6084,Gera Patla,4131,Transport & Travel,Sole Proprietorship,Lucknow,Uttar Pradesh,2026-01-26,0059005491,Unknown,3360.46,Found Duplicate,present,VALID_NUMERIC,PROVIDED,PROVIDED
MCH9949,Lanka Ltd,4131,Transport & Travel,Sole Proprietorship,Ludhiana,Punjab,2024-08-10,,Unknown,4386.14,Found Duplicate,present,MISSING,PROVIDED,PROVIDED
MCH5915,"Solanki, Banik And Badal",4131,Transport & Travel,Individual,Jalandhar,Punjab,2024-10-22,XXXX8472,Active,1488.9,Unique,present,MASKED,PROVIDED,PROVIDED
MCH8431,Bala Group,4131,Transport & Travel,Individual,Ludhiana,Punjab,2025-05-02,XXXX7030,Active,964.23,Found Duplicate,present,MASKED,PROVIDED,PROVIDED
MCH2214,Varkey Seshadri,4131,Transport & Travel,Partnership,Delhi,Delhi,2024-12-18,9016212995,Active,649.44,Unique,present,VALID_NUMERIC,PROVIDED,PROVIDED
MCH6025,Rege Bali,4131,Transport & Travel,Individual,Bengaluru,Karnataka,2025-04-21,XXXX0320,Inactive,2516.42,Found Duplicate,present,MASKED,PROVIDED,PROVIDED
MCH1148,Deep Manda,4131,Transport & Travel,Individual,Amritsar,Punjab,2025-06-15,,Active,0.3461,Unique,present,MISSING,PROVIDED,PROVIDED
MCH6306,"Ramesh, Viswanathan And Kalita",4131,Transport & Travel,Private Limited,Chennai,Tamil Nadu,2026-01-05,XXXX8991,Active,302.6,Unique,present,MASKED,PROVIDED,PROVIDED
MCH5182,"Kadakia, Raman And Badal",4131,Transport & Travel,Sole Proprietorship,Amritsar,Punjab,2023-07-15,5073008487,Inactive,0.932,Unique,present,VALID_NUMERIC,PROVIDED,PROVIDED
MCH5704,Ravel Talwar,4131,Transport & Travel,Sole Proprietorship,Chennai,Tamil Nadu,2025-09-25,7574908365,Inactive,4204.94,Found Duplicate,present,VALID_NUMERIC,PROVIDED,PROVIDED
MCH2459,Gala And Sons,4131,Transport & Travel,Sole Proprietorship,Jaipur,Rajasthan,2025-04-16,OKFD4897091413997,Active,789.05,Unique,present,ALPHANUMERIC_IBAN,PROVIDED,PROVIDED
MCH8990,Konda Comar,4131,Transport & Travel,Private Limited,Bengaluru,Karnataka,2023-05-12,,Active,273.69,Unique,present,MISSING,PROVIDED,PROVIDED
MCH6551,Kala Llc,4131,Transport & Travel,Private Limited,Jaipur,Rajasthan,2025-09-11,,Active,1023.91,Found Duplicate,present,MISSING,PROVIDED,MISSING_OR_INVALID
MCH2432,Parmar Parmer,4131,Transport & Travel,Individual,Kolkata,West Bengal,,,Active,2557.63,Unique,missing,MISSING,PROVIDED,PROVIDED
MCH8512,Luthra Bhasin,4131,Transport & Travel,Sole Proprietorship,Lucknow,Uttar Pradesh,2025-07-22,,Active,2579.73,Unique,present,MISSING,PROVIDED,PROVIDED
MCH8410,"Bhargava, Srinivasan And Desai",4131,Transport & Travel,Private Limited,Lucknow,Uttar Pradesh,2024-01-20,XCHH9247596987516,Active,1024.56,Found Duplicate,present,ALPHANUMERIC_IBAN,PROVIDED,PROVIDED
MCH3563,Devi Dasgupta,4131,Transport & Travel,Partnership,Jalandhar,Punjab,2023-09-08,,Active,418.41,Found Duplicate,present,MISSING,PROVIDED,PROVIDED
MCH1829,Ramaswamy Group,4131,Transport & Travel,Sole Proprietorship,Kolkata,West Bengal,2024-03-15,,Active,2351.23,Unique,present,MISSING,PROVIDED,PROVIDED
MCH4277,Chaudhry Karpe,4131,Transport & Travel,Private Limited,Ludhiana,Punjab,2023-11-09,,Active,3362.42,Found Duplicate,present,MISSING,PROVIDED,PROVIDED
MCH9037,Varty Vaidya,4131,Transport & Travel,Private Limited,Jalandhar,Punjab,2023-04-17,XXXX4749,Active,2383.02,Unique,present,MASKED,PROVIDED,PROVIDED
MCH8210,"Dave, Bath And Cherian",4131,Transport & Travel,Sole Proprietorship,Hyderabad,Telangana,2025-10-04,2958672318,Active,3204.47,Found Duplicate,present,VALID_NUMERIC,PROVIDED,PROVIDED
MCH8189,Bajaj Sura,4131,Transport & Travel,Sole Proprietorship,Delhi,Delhi,2023-01-31,,Active,1010.26,Unique,present,MISSING,PROVIDED,PROVIDED
MCH6530,Yogi D’Alia,4131,Transport & Travel,Private Limited,Jaipur,Rajasthan,2024-06-16,,Inactive,828.59,Found Duplicate,present,MISSING,PROVIDED,PROVIDED
MCH3063,Bansal Inc,4131,Transport & Travel,Individual,Jaipur,Rajasthan,2025-07-02,,Inactive,282.67,Unique,present,MISSING,PROVIDED,PROVIDED
MCH8753,"Bhandari, Trivedi And Bora",4131,Transport & Travel,Partnership,Hyderabad,Telangana,2024-12-27,,Inactive,718.79,Unique,present,MISSING,PROVIDED,PROVIDED
MCH5112,Nigam Chawla,4131,Transport & Travel,Private Limited,Chennai,Tamil Nadu,2025-06-09,,Inactive,353.3,Found Duplicate,present,MISSING,PROVIDED,PROVIDED
MCH3420,"Mani, Kota And Deol",4131,Transport & Travel,Individual,Jaipur,Rajasthan,2024-01-18,,Inactive,453.43,Unique,present,MISSING,PROVIDED,PROVIDED
MCH5251,"Rana, Chandra And Tank",4131,Transport & Travel,Partnership,Mumbai,Maharashtra,,,Inactive,3641.26,Found Duplicate,missing,MISSING,PROVIDED,PROVIDED
MCH4133,"Nayak, Prabhu And Som",4131,Transport & Travel,Individual,Mumbay,Maharashtra,2023-12-20,,Active,570.23,Found Duplicate,present,MISSING,PROVIDED,PROVIDED
MCH4126,"Wali, Mahal And Prabhu",4131,Transport & Travel,Individual,Hyderabad,Telangana,2023-09-12,RAIS4512083077234,Active,0.1593,Found Duplicate,present,ALPHANUMERIC_IBAN,PROVIDED,PROVIDED
MCH4822,Sama Keer,4131,Transport & Travel,Private Limited,Hyderabad,Telangana,2025-08-07,,Unknown,736.6,Unique,present,MISSING,PROVIDED,PROVIDED
MCH3899,Goswami Bath,4131,Transport & Travel,Sole Proprietorship,Hyderabad,Telangana,2023-01-14,,Active,1271.48,Unique,present,MISSING,PROVIDED,PROVIDED
MCH1331,"Garg, Bobal And Jain",4131,Transport & Travel,Individual,Kolkata,West Bengal,2024-06-29,,Active,3720.61,Unique,present,MISSING,PROVIDED,PROVIDED
MCH1060,"Subramaniam, Rama And Contractor",4131,Transport & Travel,Individual,Hyderabad,Telangana,2024-05-02,FXHY9362967598468,Active,0.48,Found Duplicate,present,ALPHANUMERIC_IBAN,PROVIDED,PROVIDED
MCH7568,"Chokshi, Lall And Subramaniam",4131,Transport & Travel,Individual,Amritsar,Punjab,2025-11-15,XXXX4056,Active,1023.91,Found Duplicate,present,MASKED,PROVIDED,MISSING_OR_INVALID
MCH1358,"Chaudry, Baral And Modi",4131,Transport & Travel,Individual,Ludhiana,Punjab,2025-07-06,3312553110,Active,2115.38,Found Duplicate,present,VALID_NUMERIC,PROVIDED,PROVIDED
MCH2850,Reddy Kara,4131,Transport & Travel,Private Limited,Jaipur,Rajasthan,2024-04-22,XXXX7186,Active,953.86,Found Duplicate,present,MASKED,PROVIDED,PROVIDED
MCH6116,Keer Shukla,4131,Transport & Travel,Individual,Delhi,Delhi,2025-02-18,5115475557,Active,0.3651,Unique,present,VALID_NUMERIC,PROVIDED,PROVIDED
MCH7659,"Pandya, Bakshi And Chaudhary",4131,Transport & Travel,Private Limited,Chennai,Tamil Nadu,2023-04-16,FNTE9764699509957,Active,1564.19,Found Duplicate,present,ALPHANUMERIC_IBAN,PROVIDED,PROVIDED
MCH8065,Gandhi Shanker,4131,Transport & Travel,Individual,Lucknow,Uttar Pradesh,2024-07-19,9755596598,Inactive,674.4,Found Duplicate,present,VALID_NUMERIC,PROVIDED,PROVIDED
MCH8896,Yadav Padmanabhan,4131,Transport & Travel,Private Limited,Hyderabad,Telangana,2024-02-05,XXXX8367,Active,1243.9,Found Duplicate,present,MASKED,PROVIDED,PROVIDED
MCH6632,"Om, Mall And Sandhu",4131,Transport & Travel,Partnership,Lucknow,Uttar Pradesh,2023-07-28,XXXX3092,Suspended,996.13,Unique,present,MASKED,PROVIDED,PROVIDED
MCH5576,Oza Plc,4131,Transport & Travel,Sole Proprietorship,Bengaluru,Karnataka,2024-07-27,XXXX6114,Active,1023.91,Unique,present,MASKED,PROVIDED,MISSING_OR_INVALID
MCH8334,"Rai,Bandiandjayaraman",4131,Transport & Travel,Partnership,Kolkata,West Bengal,2024-08-17,MJDT6229880746794,Active,3117.64,Unique,present,ALPHANUMERIC_IBAN,PROVIDED,PROVIDED
MCH3497,"Gokhale, Parmer And Contractor",4131,Transport & Travel,Individual,Jalandhar,Punjab,2023-11-03,,Active,403.24,Unique,present,MISSING,PROVIDED,PROVIDED
MCH4194,Srinivasan Lala,4131,Transport & Travel,Individual,Ludhiana,Punjab,2025-08-15,,Active,2059.54,Found Duplicate,present,MISSING,PROVIDED,PROVIDED
MCH7750,"Rama, Garde And Ravi",4131,Transport & Travel,Partnership,Bengaluru,Karnataka,2025-01-22,XXXX7708,Active,1271.38,Unique,present,MASKED,PROVIDED,PROVIDED
MCH8614,Basu Gola,4131,Transport & Travel,Partnership,Pune,Maharashtra,2026-08-01,XXXX7777,Active,1454.86,Found Duplicate,present,MASKED,PROVIDED,PROVIDED
MCH9914,"Parmar, Sekhon And Kakar",4131,Transport & Travel,Private Limited,Amritsar,Punjab,2025-12-15,1204552607,Active,1356.48,Found Duplicate,present,VALID_NUMERIC,PROVIDED,PROVIDED
MCH3395,Merchant Johal,4131,Transport & Travel,Individual,Lucknow,Uttar Pradesh,,MDBK0638673035972,Active,2176.33,Found Duplicate,missing,ALPHANUMERIC_IBAN,PROVIDED,PROVIDED
MCH7885,Atwal Jha,4131,Transport & Travel,Private Limited,Jalandhar,Punjab,2023-08-15,XXXX1162,Suspended,1023.91,Found Duplicate,present,MASKED,PROVIDED,MISSING_OR_INVALID
MCH5390,"Choudhry, Dube And Morar",4131,Transport & Travel,Partnership,Ludhiana,Punjab,2024-08-26,,Active,420.78,Found Duplicate,present,MISSING,PROVIDED,PROVIDED
MCH4747,Issac Plc,4131,Transport & Travel,Private Limited,Mumbai,Maharashtra,2023-07-07,3874952784,Inactive,1023.91,Unique,present,VALID_NUMERIC,PROVIDED,MISSING_OR_INVALID
MCH3123,"Hegde, Bahl And Comar",4131,Transport & Travel,Private Limited,Delhi,Delhi,2023-06-01,0540867962,Unknown,2133.64,Unique,present,VALID_NUMERIC,PROVIDED,PROVIDED
MCH9733,Sathe Hari,4131,Transport & Travel,Partnership,Bengaluru,Karnataka,2025-09-24,,Active,1033.79,Unique,present,MISSING,PROVIDED,PROVIDED
MCH8297,Ghose Plc,4131,Transport & Travel,Partnership,Kolkata,West Bengal,2024-12-02,XXXX1368,Unknown,1408.64,Found Duplicate,present,MASKED,PROVIDED,PROVIDED
MCH1474,"Sami, Sur And Tank",4131,Transport & Travel,Private Limited,Pune,Maharashtra,,XXXX6224,Active,1645.61,Unique,missing,MASKED,PROVIDED,PROVIDED
MCH2960,Malhotra Buch,4131,Transport & Travel,Private Limited,Chennai,Tamil Nadu,2023-01-06,XXXX6660,Unknown,2348.07,Unique,present,MASKED,PROVIDED,PROVIDED
MCH2910,"Mall, Sankaran And Mittal",4131,Transport & Travel,Private Limited,Delhi,Delhi,2025-09-28,XXXX0107,Active,3631.28,Found Duplicate,present,MASKED,PROVIDED,PROVIDED
MCH2183,Savant Llc,4131,Transport & Travel,Sole Proprietorship,Delhi,Delhi,,XXXX8842,Active,202.62,Unique,missing,MASKED,PROVIDED,PROVIDED
MCH7969,"Karan,Balandkhurana",4131,Transport & Travel,Individual,Lucknow,Uttar Pradesh,2025-04-16,,Active,836.32,Unique,present,MISSING,PROVIDED,PROVIDED
MCH1420,Aggarwal Garde,4131,Transport & Travel,Sole Proprietorship,Mumbai,Maharashtra,2024-03-18,XXXX4337,Active,830.85,Found Duplicate,present,MASKED,PROVIDED,PROVIDED
MCH4287,"Kuruvilla, Chanda And Sood",4131,Transport & Travel,Individual,Jalandhar,Punjab,2025-04-01,,Active,1244.04,Unique,present,MISSING,PROVIDED,PROVIDED
MCH5701,"Lad, Thakkar And Nazareth",4131,Transport & Travel,Private Limited,Kolkata,West Bengal,,XXXX7572,Unknown,1254.73,Unique,missing,MASKED,PROVIDED,PROVIDED
MCH7880,Ben Khare,4131,Transport & Travel,Individual,Chennai,Tamil Nadu,2024-01-20,,Active,3857.41,Found Duplicate,present,MISSING,PROVIDED,PROVIDED
MCH8820,"Sarkar, Arya And Chand",4131,Transport & Travel,Private Limited,Ludhiana,Punjab,2024-07-12,XXXX8518,Active,3994.88,Found Duplicate,present,MASKED,PROVIDED,PROVIDED
MCH6061,"Nadkarni, Tella And Padmanabhan",4131,Transport & Travel,Individual,Chennai,Tamil Nadu,2024-11-22,9827765407,Active,1023.91,Found Duplicate,present,VALID_NUMERIC,PROVIDED,MISSING_OR_INVALID
MCH9921,"Datta, Chatterjee And Khalsa",4131,Transport & Travel,Private Limited,Bengaluru,Karnataka,2024-02-22,XXXX9256,Active,2964.42,Unique,present,MASKED,PROVIDED,PROVIDED
MCH8264,"Hayer, Pant And Suresh",4131,Transport & Travel,Private Limited,Jaipur,Rajasthan,2025-03-01,WKHI8476650778332,Active,2906.17,Unique,present,ALPHANUMERIC_IBAN,PROVIDED,PROVIDED
MCH9984,"Dash, Radhakrishnan And Singh",4131,Transport & Travel,Sole Proprietorship,Amritsar,Punjab,2025-11-01,4065235597,Active,956.87,Found Duplicate,present,VALID_NUMERIC,PROVIDED,PROVIDED
MCH4115,"Bandi, Rau And Hayre",4131,Transport & Travel,Sole Proprietorship,Jaipur,Rajasthan,2025-05-03,YBME5428003718558,Suspended,748.37,Unique,present,ALPHANUMERIC_IBAN,PROVIDED,PROVIDED
MCH2592,"Mander, Goel And Soni",4131,Transport & Travel,Individual,Mumbai,Maharashtra,2023-04-25,,Active,1371.19,Found Duplicate,present,MISSING,PROVIDED,PROVIDED
MCH8119,Subramanianandsons,4131,Transport & Travel,Sole Proprietorship,Amritsar,Punjab,2023-06-14,,Active,1285.93,Unique,present,MISSING,PROVIDED,PROVIDED
MCH8571,"Sahni, Arya And Guha",4131,Transport & Travel,Private Limited,Kolkata,West Bengal,,XXXX6085,Active,1192.48,Found Duplicate,missing,MASKED,PROVIDED,PROVIDED
MCH1004,Pillai Mohan,4131,Transport & Travel,Sole Proprietorship,Lucknow,Uttar Pradesh,2023-04-08,3448414449,Active,342.7,Unique,present,VALID_NUMERIC,PROVIDED,PROVIDED
MCH1786,"Tank, Nadkarni And Srinivasan",4131,Transport & Travel,Private Limited,Amritsar,Punjab,2024-03-15,DQUX6492697797570,Unknown,353.77,Found Duplicate,present,ALPHANUMERIC_IBAN,PROVIDED,PROVIDED
MCH7306,Devi Narang,4131,Transport & Travel,Individual,Delhi,Delhi,2024-10-20,XXXX6412,Unknown,539.76,Unique,present,MASKED,PROVIDED,PROVIDED
MCH1853,Narayanan Chander,4131,Transport & Travel,Sole Proprietorship,Amritsar,Punjab,2023-10-10,GGYD8312524893538,Active,13872.38,Found Duplicate,present,ALPHANUMERIC_IBAN,PROVIDED,PROVIDED
MCH5944,Jayaraman Bhattacharyya,4131,Transport & Travel,Private Limited,Hyderabad,Telangana,2023-09-04,BTLX3994335719192,Active,545.7,Found Duplicate,present,ALPHANUMERIC_IBAN,PROVIDED,PROVIDED
MCH2115,Kohli Doshi,4131,Transport & Travel,Sole Proprietorship,Chennai,Tamil Nadu,2024-05-24,XXXX7245,Unknown,8526.65,Found Duplicate,present,MASKED,PROVIDED,PROVIDED
MCH2085,Chacko Zachariah,4131,Transport & Travel,Sole Proprietorship,Lucknow,Uttar Pradesh,,,Active,472.37,Found Duplicate,missing,MISSING,PROVIDED,PROVIDED
MCH7521,Boase Plc,4131,Transport & Travel,Sole Proprietorship,Kolkata,West Bengal,2026-01-27,WKCL3458708850629,Unknown,0.88,Found Duplicate,present,ALPHANUMERIC_IBAN,PROVIDED,PROVIDED
MCH2024,"Ram, Manda And Chopra",4131,Transport & Travel,Sole Proprietorship,Pune,Maharashtra,2025-07-24,,Active,1122.98,Unique,present,MISSING,PROVIDED,PROVIDED
MCH1109,Sinha Bumb,4131,Transport & Travel,Private Limited,Amritsar,Punjab,2023-11-02,,Active,1745.05,Found Duplicate,present,MISSING,PROVIDED,PROVIDED
MCH8721,Bera Chhabra,4131,Transport & Travel,Sole Proprietorship,Lucknow,Uttar Pradesh,2024-08-09,,Active,2543.82,Unique,present,MISSING,PROVIDED,PROVIDED
MCH4127,Subramaniam Jhaveri,4131,Transport & Travel,Sole Proprietorship,Jaipur,Rajasthan,2024-05-22,XXXX1628,Suspended,5333.88,Found Duplicate,present,MASKED,PROVIDED,PROVIDED
MCH5196,Sagar Kohli,4131,Transport & Travel,Partnership,Delhi,Delhi,2024-02-14,9496058139,Active,0.3536,Found Duplicate,present,VALID_NUMERIC,PROVIDED,PROVIDED
MCH3270,"Chokshi, Dash And Srivastava",4131,Transport & Travel,Partnership,Chennai,Tamil Nadu,2024-10-07,,Active,1910.46,Unique,present,MISSING,PROVIDED,PROVIDED
MCH2137,Dyalinc,4131,Transport & Travel,Partnership,Amritsar,Punjab,2023-03-01,,Active,2285.47,Found Duplicate,present,MISSING,PROVIDED,PROVIDED
MCH2623,Chokshiltd,4131,Transport & Travel,Partnership,Chennai,Tamil Nadu,2023-05-17,,Active,1023.91,Found Duplicate,present,MISSING,PROVIDED,MISSING_OR_INVALID
MCH2981,"Parekh, Anand And Nagi",4131,Transport & Travel,Individual,Amritsar,Punjab,,4706473579,Active,2350.58,Found Duplicate,missing,VALID_NUMERIC,PROVIDED,PROVIDED
MCH6314,Tella Sachdeva,4131,Transport & Travel,Sole Proprietorship,Lucknow,Uttar Pradesh,2023-01-22,,Active,2661.98,Found Duplicate,present,MISSING,PROVIDED,PROVIDED
MCH1353,Chada And Sons,4131,Transport & Travel,Partnership,Jaipur,Rajasthan,2023-11-25,,Active,0.2641,Found Duplicate,present,MISSING,PROVIDED,PROVIDED
MCH5793,Pathak Group,4131,Transport & Travel,Individual,Mumbai,Maharashtra,2025-04-27,5675595225,Active,1570.7,Found Duplicate,present,VALID_NUMERIC,PROVIDED,PROVIDED
MCH5267,"Chandra, Som And Grewal",4131,Transport & Travel,Individual,Hyderabad,Telangana,2025-11-30,2585843766,Active,999.83,Unique,present,VALID_NUMERIC,PROVIDED,PROVIDED
MCH5884,Raman And Sons,4131,Transport & Travel,Individual,Chennai,Tamil Nadu,,1966210053,Active,743.19,Unique,missing,VALID_NUMERIC,PROVIDED,PROVIDED
MCH9858,"Memon, Mohanty And Ghosh",4131,Transport & Travel,Sole Proprietorship,Mumbai,Maharashtra,2025-12-11,WBRG3053362542372,Active,0.911,Found Duplicate,present,ALPHANUMERIC_IBAN,PROVIDED,PROVIDED
MCH8007,Hans Group,4131,Transport & Travel,Sole Proprietorship,Chennai,Tamil Nadu,2023-09-11,2894393423,Suspended,2825.02,Found Duplicate,present,VALID_NUMERIC,PROVIDED,PROVIDED
MCH7098,Patla Plc,4131,Transport & Travel,Individual,Jaipur,Rajasthan,2024-11-14,,Active,0.926,Found Duplicate,present,MISSING,PROVIDED,PROVIDED
MCH9964,Dua Inc,4131,Transport & Travel,Sole Proprietorship,Mumbay,Maharashtra,2023-06-02,,Inactive,794.67,Unique,present,MISSING,PROVIDED,PROVIDED
MCH8950,Handa Inc,4131,Transport & Travel,Partnership,Mumbai,Maharashtra,2024-07-31,XXXX9807,Active,3860.38,Unique,present,MASKED,PROVIDED,PROVIDED
MCH2766,Lalla Group,4131,Transport & Travel,Private Limited,Jaipur,Rajasthan,2025-02-06,9008298856,Active,2585.61,Found Duplicate,present,VALID_NUMERIC,PROVIDED,PROVIDED
MCH4947,M0Han Sah0Ta,4131,Transport & Travel,Individual,Mumbay,Maharashtra,2025-04-22,QAWO0072726316755,Active,1906.18,Found Duplicate,present,ALPHANUMERIC_IBAN,PROVIDED,PROVIDED
MCH4511,"Walla, Kala And Devi",4131,Transport & Travel,Sole Proprietorship,Hyderabad,Telangana,2025-03-12,8103217288,Unknown,1448.32,Unique,present,VALID_NUMERIC,PROVIDED,PROVIDED
MCH2212,Parmar Group,4131,Transport & Travel,Private Limited,Jalandhar,Punjab,2025-01-02,,Active,4432.56,Unique,present,MISSING,PROVIDED,PROVIDED
MCH3061,Krishnamurthy Tandon,4131,Transport & Travel,Partnership,Pune,Maharashtra,2024-07-26,,Active,431.86,Found Duplicate,present,MISSING,PROVIDED,PROVIDED
MCH3690,Aurora Inc,4131,Transport & Travel,Partnership,Bengaluru,Karnataka,2025-04-26,XXXX3060,Unknown,915.55,Unique,present,MASKED,PROVIDED,PROVIDED
MCH2946,Nagy Jani,4131,Transport & Travel,Sole Proprietorship,Mumbai,Maharashtra,,1929586448,Active,0.316,Found Duplicate,missing,VALID_NUMERIC,PROVIDED,PROVIDED
MCH3842,"Walia, Khatri And Dey",4131,Transport & Travel,Individual,Ludhiana,Punjab,2023-05-20,,Inactive,1023.91,Found Duplicate,present,MISSING,PROVIDED,MISSING_OR_INVALID
MCH4305,Padmanabhan Thaker,4131,Transport & Travel,Individual,Ludhiana,Punjab,2024-10-17,,Unknown,572.69,Unique,present,MISSING,PROVIDED,PROVIDED
MCH8283,Nadkarni Llc,4131,Transport & Travel,Private Limited,Kolkata,West Bengal,2023-10-26,XXXX9874,Active,731.97,Found Duplicate,present,MASKED,PROVIDED,PROVIDED
MCH3147,Acharya Uppal,4131,Transport & Travel,Individual,Chennai,Tamil Nadu,2024-10-02,1420771239,Active,0.343,Found Duplicate,present,VALID_NUMERIC,PROVIDED,PROVIDED
MCH4277,"Lad, Krish And Lad",4131,Transport & Travel,Private Limited,Hyderabad,Telangana,2024-06-04,,Unknown,472.96,Found Duplicate,present,MISSING,PROVIDED,PROVIDED
MCH8409,"Dua, Naidu And Agate",4131,Transport & Travel,Individual,Mumbay,Maharashtra,2024-09-05,,Active,1474.83,Unique,present,MISSING,PROVIDED,PROVIDED
MCH5793,Hayre And Sons,4131,Transport & Travel,Individual,Amritsar,Punjab,2023-10-23,XXXX4734,Unknown,2411.65,Found Duplicate,present,MASKED,PROVIDED,PROVIDED
MCH9390,"Minhas,Pauandnarayanan",4131,Transport & Travel,Individual,Ludhiana,Punjab,,,Active,2246.12,Unique,missing,MISSING,PROVIDED,PROVIDED
MCH3535,"Mammen, Patla And Kala",4131,Transport & Travel,Sole Proprietorship,Jaipur,Rajasthan,2025-08-08,,Active,1091.98,Found Duplicate,present,MISSING,PROVIDED,PROVIDED
MCH9165,Batta Plc,4131,Transport & Travel,Private Limited,Chennai,Tamil Nadu,2023-06-11,8743490607,Suspended,1023.91,Found Duplicate,present,VALID_NUMERIC,PROVIDED,MISSING_OR_INVALID
MCH9412,Nayak Guha,4131,Transport & Travel,Individual,Amritsar,Punjab,,XXXX5639,Unknown,2887.33,Unique,missing,MASKED,PROVIDED,PROVIDED
MCH6940,Koshy Inc,4131,Transport & Travel,Private Limited,Chennai,Tamil Nadu,2024-06-25,,Active,5556.5,Unique,present,MISSING,PROVIDED,PROVIDED
MCH8314,Chawla Mander,4131,Transport & Travel,Partnership,Kolkata,West Bengal,2024-09-07,PBDO0323494203428,Active,93.33,Found Duplicate,present,ALPHANUMERIC_IBAN,PROVIDED,PROVIDED
MCH7919,Majumdar Chandran,4131,Transport & Travel,Partnership,Jaipur,Rajasthan,2025-09-12,ZYZN0297509951145,Unknown,4626.02,Found Duplicate,present,ALPHANUMERIC_IBAN,PROVIDED,PROVIDED
MCH2994,Ratta Group,4131,Transport & Travel,Partnership,Ludhiana,Punjab,2023-11-14,GYYN8574685496959,Active,2132.38,Found Duplicate,present,ALPHANUMERIC_IBAN,PROVIDED,PROVIDED
MCH9769,"Kota, Dara And Sarin",4131,Transport & Travel,Partnership,Ludhiana,Punjab,2025-05-22,XXXX8418,Unknown,2120.25,Found Duplicate,present,MASKED,PROVIDED,PROVIDED
MCH8054,"Kant, Gara And Grewal",4131,Transport & Travel,Sole Proprietorship,Chennai,Tamil Nadu,2024-12-12,RGWT7200559316561,Active,1023.91,Unique,present,ALPHANUMERIC_IBAN,PROVIDED,MISSING_OR_INVALID
MCH6197,Virk Verma,4131,Transport & Travel,Partnership,Hyderabad,Telangana,,,Active,661.04,Found Duplicate,missing,MISSING,PROVIDED,PROVIDED
MCH8928,Deo Plc,4131,Transport & Travel,Partnership,Chennai,Tamil Nadu,2024-10-18,XXXX5889,Active,1547.93,Found Duplicate,present,MASKED,PROVIDED,PROVIDED
MCH4682,Chaudry Llc,4131,Transport & Travel,Individual,Hyderabad,Telangana,2024-01-28,,Unknown,1772.5,Found Duplicate,present,MISSING,PROVIDED,PROVIDED
MCH1862,Puri Inc,4131,Transport & Travel,Individual,Mumbay,Maharashtra,2024-11-15,6516098644,Active,1444.68,Unique,present,VALID_NUMERIC,PROVIDED,PROVIDED
MCH1439,Chawla Ltd,4131,Transport & Travel,Individual,Chennai,Tamil Nadu,2023-05-10,OYZO1535504454366,Active,6190.53,Found Duplicate,present,ALPHANUMERIC_IBAN,PROVIDED,PROVIDED
MCH8854,Kohli Aurora,4131,Transport & Travel,Private Limited,Chennai,Tamil Nadu,2023-04-12,XXXX8113,Active,429.48,Found Duplicate,present,MASKED,PROVIDED,PROVIDED
MCH5389,Sem Llc,4131,Transport & Travel,Partnership,Jaipur,Rajasthan,2024-06-16,XXXX3272,Active,342.38,Unique,present,MASKED,PROVIDED,PROVIDED
MCH2463,Yogi Dhar,4131,Transport & Travel,Private Limited,Mumbay,Maharashtra,2023-10-20,2758552991,Active,4463.41,Found Duplicate,present,VALID_NUMERIC,PROVIDED,PROVIDED
MCH6918,Sant Ltd,4131,Transport & Travel,Private Limited,Chennai,Tamil Nadu,2023-01-15,,Active,0.472,Unique,present,MISSING,PROVIDED,PROVIDED
MCH8641,Rai And Sons,4131,Transport & Travel,Individual,Ludhiana,Punjab,2024-10-01,,Active,1023.91,Unique,present,MISSING,PROVIDED,MISSING_OR_INVALID
MCH6468,Golla Murty,4131,Transport & Travel,Partnership,Hyderabad,Telangana,2024-06-20,,Active,1023.91,Unique,present,MISSING,PROVIDED,MISSING_OR_INVALID
MCH8407,Dey Group,4131,Transport & Travel,Individual,Lucknow,Uttar Pradesh,2024-07-10,,Active,2726.27,Unique,present,MISSING,PROVIDED,PROVIDED
MCH8923,Raja Sur,4131,Transport & Travel,Individual,Hyderabad,Telangana,2023-05-29,,Active,1033.58,Found Duplicate,present,MISSING,PROVIDED,PROVIDED
MCH8749,"Tara, Parmer And Walla",4131,Transport & Travel,Private Limited,Kolkata,West Bengal,2025-06-19,BWRP8229942592433,Inactive,584.1,Unique,present,ALPHANUMERIC_IBAN,PROVIDED,PROVIDED
MCH2250,"Sachdev, Ma1H0Tra And Saraf",4131,Transport & Travel,Individual,Ludhiana,Punjab,2023-12-17,XXXX4502,Inactive,4090.25,Found Duplicate,present,MASKED,PROVIDED,PROVIDED
MCH1164,Goda Plc,4131,Transport & Travel,Partnership,Ludhiana,Punjab,2025-10-27,,Active,0.953,Unique,present,MISSING,PROVIDED,PROVIDED
MCH8552,"Manne, Manda And Toor",4131,Transport & Travel,Sole Proprietorship,Pune,Maharashtra,2023-08-19,,Active,1023.91,Unique,present,MISSING,PROVIDED,MISSING_OR_INVALID
MCH1195,Cherian Rana,4131,Transport & Travel,Sole Proprietorship,Jalandhar,Punjab,2025-09-09,,Unknown,364.17,Found Duplicate,present,MISSING,PROVIDED,PROVIDED
MCH4118,Upadhyay Llc,4131,Transport & Travel,Private Limited,Kolkata,West Bengal,2024-03-16,,Active,1023.91,Unique,present,MISSING,PROVIDED,MISSING_OR_INVALID
MCH6383,Shere Mander,4131,Transport & Travel,Private Limited,Delhi,Delhi,2024-05-20,,Suspended,1196.32,Found Duplicate,present,MISSING,PROVIDED,PROVIDED
MCH7176,"Sachar, Wali And Saha",4131,Transport & Travel,Individual,Kolkata,West Bengal,2026-02-13,7683191787,Active,980.72,Unique,present,VALID_NUMERIC,PROVIDED,PROVIDED
MCH8537,Sunder Llc,4131,Transport & Travel,Private Limited,Chennai,Tamil Nadu,2025-09-16,FNGX1491502830694,Inactive,1072.34,Found Duplicate,present,ALPHANUMERIC_IBAN,PROVIDED,PROVIDED
MCH3085,"Sarkar, Memon And Mand",4131,Transport & Travel,Individual,Pune,Maharashtra,2025-07-16,,Active,1826.45,Found Duplicate,present,MISSING,PROVIDED,PROVIDED
MCH6061,Nazareth Plc,4131,Transport & Travel,Sole Proprietorship,Pune,Maharashtra,2025-02-02,,Suspended,1189.87,Found Duplicate,present,MISSING,PROVIDED,PROVIDED
MCH4469,Mane And Sons,4131,Transport & Travel,Partnership,Hyderabad,Telangana,2025-05-18,ZELA9978143221753,Active,1447.11,Unique,present,ALPHANUMERIC_IBAN,PROVIDED,PROVIDED
MCH8306,Magar Gaba,4131,Transport & Travel,Private Limited,Delhi,Delhi,2025-11-22,,Inactive,840.15,Found Duplicate,present,MISSING,PROVIDED,PROVIDED
MCH8628,"Char, Sastry And Sane",4131,Transport & Travel,Individual,Pune,Maharashtra,2023-08-18,KLDA6853429090498,Active,1108.74,Found Duplicate,present,ALPHANUMERIC_IBAN,PROVIDED,PROVIDED
MCH6061,Nazareth Plc,4131,Transport & Travel,Sole Proprietorship,Pune,Maharashtra,2025-02-02,,Active,1189.87,Found Duplicate,present,MISSING,PROVIDED,PROVIDED
MCH1815,Saha Varghese,4131,Transport & Travel,Private Limited,Delhi,Delhi,2024-04-22,XXXX3927,Active,846.74,Found Duplicate,present,MASKED,PROVIDED,PROVIDED
MCH2395,Sathe Dixit,4131,Transport & Travel,Private Limited,Chennai,Tamil Nadu,2023-12-24,,Active,941.52,Found Duplicate,present,MISSING,PROVIDED,PROVIDED
MCH4552,"Palla, Mutti And Jayaraman",4131,Transport & Travel,Sole Proprietorship,Jaipur,Rajasthan,2025-07-21,ZNQK3499547364876,Active,912.53,Unique,present,ALPHANUMERIC_IBAN,PROVIDED,PROVIDED
MCH8537,Sunder Llc,4131,Transport & Travel,Private Limited,Chennai,Tamil Nadu,2025-09-16,FNGX1491502830694,Active,1072.34,Found Duplicate,present,ALPHANUMERIC_IBAN,PROVIDED,PROVIDED
MCH8935,Tella Bawa,4131,Transport & Travel,Individual,Jaipur,Rajasthan,2024-01-13,JHDG3104790925076,Unknown,997.56,Unique,present,ALPHANUMERIC_IBAN,PROVIDED,PROVIDED
MCH9979,"Bandi, Gupta And Sarma",4131,Transport & Travel,Private Limited,Ludhiana,Punjab,2023-04-13,,Suspended,979.52,Unique,present,MISSING,PROVIDED,PROVIDED
MCH6158,"Dhingra, Ratti And Palla",4131,Transport & Travel,Sole Proprietorship,Amritsar,Punjab,2023-04-26,VDGT0468038681462,Active,1443.6,Unique,present,ALPHANUMERIC_IBAN,PROVIDED,PROVIDED
MCH1940,Anne Group,4131,Transport & Travel,Sole Proprietorship,Hyderabad,Telangana,2025-01-16,XXXX3192,Active,2525.67,Found Duplicate,present,MASKED,PROVIDED,PROVIDED
MCH8377,"Garde, Varty And Vyas",4131,Transport & Travel,Individual,Mumbai,Maharashtra,2025-08-01,,Active,1200.23,Found Duplicate,present,MISSING,PROVIDED,PROVIDED
MCH8065,Parekh Group,4131,Transport & Travel,Private Limited,Jaipur,Rajasthan,2024-03-11,,Unknown,1217.53,Found Duplicate,present,MISSING,PROVIDED,PROVIDED
MCH9404,Baral And Sons,4131,Transport & Travel,Private Limited,Kolkata,West Bengal,2025-10-02,,Active,1023.91,Unique,present,MISSING,PROVIDED,MISSING_OR_INVALID
MCH5188,"Dube, Nair And Datta",4131,Transport & Travel,Individual,Jalandhar,Punjab,2023-03-22,4717131081,Active,2008.92,Unique,present,VALID_NUMERIC,PROVIDED,PROVIDED
MCH9745,Ramanathan Kara,4131,Transport & Travel,Sole Proprietorship,Chennai,Tamil Nadu,2023-11-27,,Active,1023.91,Found Duplicate,present,MISSING,PROVIDED,MISSING_OR_INVALID
MCH9104,Mannan Kaul,4131,Transport & Travel,Sole Proprietorship,Amritsar,Punjab,2023-08-17,XXXX9446,Active,1425.14,Found Duplicate,present,MASKED,PROVIDED,PROVIDED
MCH6676,Balakrishnan Baral,4131,Transport & Travel,Partnership,Chennai,Tamil Nadu,2025-08-02,,Unknown,1126.87,Unique,present,MISSING,PROVIDED,PROVIDED
MCH5872,Kalellc,4131,Transport & Travel,Partnership,Bengaluru,Karnataka,,,Unknown,1429.88,Found Duplicate,missing,MISSING,PROVIDED,PROVIDED
MCH7370,Peri Llc,4131,Transport & Travel,Private Limited,Kolkata,West Bengal,2023-09-28,0713043152,Active,1188.42,Unique,present,VALID_NUMERIC,PROVIDED,PROVIDED
MCH3661,"Deshmukh, Patla And Goel",4131,Transport & Travel,Individual,Ludhiana,Punjab,2023-11-17,XXXX0412,Suspended,0.1439,Found Duplicate,present,MASKED,PROVIDED,PROVIDED
MCH3023,Raj Bajwa,4131,Transport & Travel,Partnership,Lucknow,Uttar Pradesh,2024-11-10,YYPA0272541440376,Active,0.6135,Found Duplicate,present,ALPHANUMERIC_IBAN,PROVIDED,PROVIDED
MCH7597,Vohra Mitter,4131,Transport & Travel,Sole Proprietorship,Pune,Maharashtra,2025-07-31,BWIV7516426838159,Active,2111.86,Unique,present,ALPHANUMERIC_IBAN,PROVIDED,PROVIDED
MCH7149,Keer Dua,4131,Transport & Travel,Private Limited,Delhi,Delhi,2026-10-02,,Suspended,852.06,Found Duplicate,present,MISSING,PROVIDED,PROVIDED
MCH5560,"D’Alia, Dasgupta And Chakrabarti",4131,Transport & Travel,Sole Proprietorship,Jalandhar,Punjab,2023-09-02,,Inactive,1247.75,Unique,present,MISSING,PROVIDED,PROVIDED
MCH5390,Pall Vig,4131,Transport & Travel,Private Limited,Amritsar,Punjab,2024-02-18,9048380759,Active,6624.25,Found Duplicate,present,VALID_NUMERIC,PROVIDED,PROVIDED
MCH7900,Basu Sami,4131,Transport & Travel,Individual,Delhi,Delhi,2025-04-24,CGXR1652716099772,Active,1035.61,Found Duplicate,present,ALPHANUMERIC_IBAN,PROVIDED,PROVIDED
MCH8588,"Kala, Kant And Gola",4131,Transport & Travel,Individual,Chennai,Tamil Nadu,2025-11-24,5957904984,Active,1023.91,Unique,present,VALID_NUMERIC,PROVIDED,MISSING_OR_INVALID
MCH3442,Garg Borah,4131,Transport & Travel,Partnership,Chennai,Tamil Nadu,2023-09-29,2231701583,Active,3562.63,Found Duplicate,present,VALID_NUMERIC,PROVIDED,PROVIDED
MCH3021,"Gupta, Mukherjee And Setty",4131,Transport & Travel,Sole Proprietorship,Mumbai,Maharashtra,2026-02-14,XXXX2366,Active,614.86,Found Duplicate,present,MASKED,PROVIDED,PROVIDED
MCH6578,Lal Sachdeva,4131,Transport & Travel,Partnership,Jalandhar,Punjab,2026-04-01,2444694216,Active,1965.27,Found Duplicate,present,VALID_NUMERIC,PROVIDED,PROVIDED
MCH7464,Duttallc,4131,Transport & Travel,Private Limited,Lucknow,Uttar Pradesh,2024-09-18,,Active,270.92,Unique,present,MISSING,PROVIDED,PROVIDED
MCH5934,Krish Doshi,4131,Transport & Travel,Individual,Jaipur,Rajasthan,2024-02-24,2184684980,Active,2895.4,Found Duplicate,present,VALID_NUMERIC,PROVIDED,PROVIDED
MCH3260,Viswanathan Inc,4131,Transport & Travel,Individual,Amritsar,Punjab,2025-09-24,,Inactive,2698.89,Found Duplicate,present,MISSING,PROVIDED,PROVIDED
MCH6056,Iyengar Hegde,4131,Transport & Travel,Partnership,Amritsar,Punjab,2025-03-23,,Active,1004.69,Unique,present,MISSING,PROVIDED,PROVIDED
MCH2749,Kashyap Pillai,4131,Transport & Travel,Private Limited,Bengaluru,Karnataka,2024-07-15,,Inactive,1023.91,Found Duplicate,present,MISSING,PROVIDED,MISSING_OR_INVALID
MCH9457,"Grover, Deep And Subramaniam",4131,Transport & Travel,Partnership,Bengaluru,Karnataka,2026-01-19,XXXX7189,Active,276.66,Found Duplicate,present,MASKED,PROVIDED,PROVIDED
MCH3578,"Badal, Gopal And Walla",4131,Transport & Travel,Individual,Amritsar,Punjab,2024-05-19,CBPY2495238962575,Active,0.14795,Unique,present,ALPHANUMERIC_IBAN,PROVIDED,PROVIDED
MCH5230,Bajaj Ltd,4131,Transport & Travel,Partnership,Delhi,Delhi,2024-01-02,8842729592,Active,3959.52,Unique,present,VALID_NUMERIC,PROVIDED,PROVIDED
MCH5590,"Bhandari, M0Re And Bhatti",4131,Transport & Travel,Partnership,Pune,Maharashtra,2024-10-07,CXPI7064872826114,Inactive,2034.57,Unique,present,ALPHANUMERIC_IBAN,PROVIDED,PROVIDED
MCH2792,"Varkey, Uppal And Mitter",4131,Transport & Travel,Partnership,Delhi,Delhi,2024-11-06,4127542367,Active,0.13,Found Duplicate,present,VALID_NUMERIC,PROVIDED,PROVIDED
MCH8828,Ranganathan And Sons,4131,Transport & Travel,Individual,Amritsar,Punjab,2026-01-02,,Active,1023.91,Unique,present,MISSING,PROVIDED,MISSING_OR_INVALID
MCH3518,Borah And Sons,4131,Transport & Travel,Sole Proprietorship,Mumbay,Maharashtra,2026-06-02,GCBI5958315675126,Active,451.33,Unique,present,ALPHANUMERIC_IBAN,PROVIDED,PROVIDED
MCH2084,"Murthy, Dutt And Bakshi",4131,Transport & Travel,Private Limited,Mumbai,Maharashtra,2024-04-03,,Active,659.75,Unique,present,MISSING,PROVIDED,PROVIDED
MCH8125,"Jaggi, Samra And Narula",4131,Transport & Travel,Sole Proprietorship,Chennai,Tamil Nadu,2023-10-19,XXXX6695,Active,983.23,Found Duplicate,present,MASKED,PROVIDED,PROVIDED
MCH4274,Walia Group,4131,Transport & Travel,Private Limited,Mumbai,Maharashtra,2025-10-29,OSZC0719397300693,Unknown,1705.04,Found Duplicate,present,ALPHANUMERIC_IBAN,PROVIDED,PROVIDED
MCH7864,"Kumer, Iyer And Bhavsar",4131,Transport & Travel,Private Limited,Amritsar,Punjab,2024-12-30,9319227409,Active,611.66,Found Duplicate,present,VALID_NUMERIC,PROVIDED,PROVIDED
MCH7273,De Gokhale,4131,Transport & Travel,Sole Proprietorship,Jalandhar,Punjab,2024-05-23,NXVM2607916550138,Active,654.26,Found Duplicate,present,ALPHANUMERIC_IBAN,PROVIDED,PROVIDED
MCH4028,Taneja Bhattacharyya,4131,Transport & Travel,Partnership,Lucknow,Uttar Pradesh,2023-07-14,,Active,0.2673,Unique,present,MISSING,PROVIDED,PROVIDED
MCH3668,Pandey Uppal,4131,Transport & Travel,Sole Proprietorship,Pune,Maharashtra,2024-09-03,XXXX9816,Active,795.26,Unique,present,MASKED,PROVIDED,PROVIDED
MCH1663,"Edwin, Kala And Barad",4131,Transport & Travel,Individual,Chennai,Tamil Nadu,2024-07-04,FGIZ0772949946430,Active,449.21,Unique,present,ALPHANUMERIC_IBAN,PROVIDED,PROVIDED
MCH2124,"Chander, Kohli And Dube",4131,Transport & Travel,Individual,Delhi,Delhi,2024-02-15,XXXX2531,Unknown,1551.09,Unique,present,MASKED,PROVIDED,PROVIDED
MCH1009,Bha11A Dave,4131,Transport & Travel,Individual,Mumbai,Maharashtra,2024-01-08,BAVP5007663773178,Active,0.1496,Unique,present,ALPHANUMERIC_IBAN,PROVIDED,PROVIDED
MCH5775,Aurora Dhillon,4131,Transport & Travel,Individual,Bengaluru,Karnataka,2024-01-15,,Inactive,470.32,Found Duplicate,present,MISSING,PROVIDED,PROVIDED
MCH3889,Upadhyay Chaudhry,4131,Transport & Travel,Individual,Ludhiana,Punjab,2026-01-16,5975404049,Active,1023.91,Found Duplicate,present,VALID_NUMERIC,PROVIDED,MISSING_OR_INVALID
MCH5705,"Palan, Bhargava And Jaggi",4131,Transport & Travel,Individual,Lucknow,Uttar Pradesh,2026-02-05,,Active,1360.45,Found Duplicate,present,MISSING,PROVIDED,PROVIDED
MCH6681,Baria Plc,4131,Transport & Travel,Individual,Delhi,Delhi,2026-02-17,0443076547,Inactive,0.1343,Unique,present,VALID_NUMERIC,PROVIDED,PROVIDED
MCH3294,"Murty, Vala And Pall",4131,Transport & Travel,Individual,Ludhiana,Punjab,2024-12-10,7450449470,Active,822.03,Unique,present,VALID_NUMERIC,PROVIDED,PROVIDED
MCH2844,Misra Seth,4131,Transport & Travel,Individual,Amritsar,Punjab,2023-05-24,XXXX4860,Active,162.5,Unique,present,MASKED,PROVIDED,PROVIDED
MCH1845,Goel Inc,4131,Transport & Travel,Private Limited,Delhi,Delhi,2023-10-17,6579207527,Unknown,1675.96,Unique,present,VALID_NUMERIC,PROVIDED,PROVIDED
MCH5641,Thaker And Sons,4131,Transport & Travel,Partnership,Chennai,Tamil Nadu,2024-02-20,4665430270,Unknown,1143.48,Found Duplicate,present,VALID_NUMERIC,PROVIDED,PROVIDED
MCH5629,Barman Ltd,4131,Transport & Travel,Partnership,Delhi,Delhi,2024-10-16,,Active,1135.33,Found Duplicate,present,MISSING,PROVIDED,PROVIDED
MCH8762,Dani Saha,4131,Transport & Travel,Partnership,Kolkata,West Bengal,,,Unknown,778.15,Unique,missing,MISSING,PROVIDED,PROVIDED
MCH2418,Doctor Group,4131,Transport & Travel,Sole Proprietorship,Bengaluru,Karnataka,2023-03-25,8132788390,Active,523.42,Found Duplicate,present,VALID_NUMERIC,PROVIDED,PROVIDED
MCH8370,Tandon Khosla,4131,Transport & Travel,Partnership,Hyderabad,Telangana,2024-09-15,2595692413,Active,0.574,Found Duplicate,present,VALID_NUMERIC,PROVIDED,PROVIDED
MCH9732,"Srinivasan,Edwinandrattan",4131,Transport & Travel,Sole Proprietorship,Amritsar,Punjab,2025-04-19,,Active,3076.5,Found Duplicate,present,MISSING,PROVIDED,PROVIDED
MCH2436,"Bhagat, Amble And Dixit",4131,Transport & Travel,Individual,Lucknow,Uttar Pradesh,2024-07-27,XXXX8612,Active,2085.74,Found Duplicate,present,MASKED,PROVIDED,PROVIDED
MCH5293,Varma Inc,4131,Transport & Travel,Individual,Bengaluru,Karnataka,2025-12-26,LBEZ4327128100737,Active,1266.49,Found Duplicate,present,ALPHANUMERIC_IBAN,PROVIDED,PROVIDED
MCH5129,"Kant, Chaudhari And Sarna",4131,Transport & Travel,Sole Proprietorship,Chennai,Tamil Nadu,2025-07-19,QYZU2715177783366,Active,4873.16,Found Duplicate,present,ALPHANUMERIC_IBAN,PROVIDED,PROVIDED
MCH6493,"Subramaniam, Prashad And Parmer",4131,Transport & Travel,Sole Proprietorship,Mumbay,Maharashtra,2025-04-13,XXXX8820,Inactive,1023.91,Unique,present,MASKED,PROVIDED,MISSING_OR_INVALID
MCH6187,"Shanker, Sastry And Rattan",4131,Transport & Travel,Individual,Delhi,Delhi,2025-11-17,,Active,327.19,Unique,present,MISSING,PROVIDED,PROVIDED
MCH6776,Hari Tak,4131,Transport & Travel,Sole Proprietorship,Jalandhar,Punjab,2025-05-25,MRFF6144887569600,Inactive,1189.41,Found Duplicate,present,ALPHANUMERIC_IBAN,PROVIDED,PROVIDED
MCH1605,"Patla, Thaman And Chatterjee",4131,Transport & Travel,Partnership,Bengaluru,Karnataka,2025-09-22,XXXX0679,Active,932.8,Found Duplicate,present,MASKED,PROVIDED,PROVIDED
MCH9038,Naidu Group,4131,Transport & Travel,Private Limited,Mumbai,Maharashtra,2024-12-07,,Unknown,225.16,Found Duplicate,present,MISSING,PROVIDED,PROVIDED
MCH6168,"Raj, Sharma And Panchal",4131,Transport & Travel,Private Limited,Ludhiana,Punjab,2025-08-19,,Active,1123.84,Unique,present,MISSING,PROVIDED,PROVIDED
MCH4250,"Mani, Roy And Manne",4131,Transport & Travel,Private Limited,Bengaluru,Karnataka,2023-04-12,,Active,0.77,Found Duplicate,present,MISSING,PROVIDED,PROVIDED
MCH1605,Shethandsons,4131,Transport & Travel,Sole Proprietorship,Mumbai,Maharashtra,,9021316639,Unknown,1128.85,Found Duplicate,missing,VALID_NUMERIC,PROVIDED,PROVIDED
MCH8928,Deo Plc,4131,Transport & Travel,Partnership,Chennai,Tamil Nadu,2024-10-18,XXXX5889,Active,1547.93,Found Duplicate,present,MASKED,PROVIDED,PROVIDED
MCH7149,Keer Dua,4131,Transport & Travel,Private Limited,Delhi,Delhi,2026-10-02,,Active,852.06,Found Duplicate,present,MISSING,PROVIDED,PROVIDED
MCH3438,Kapur Mangat,4131,Transport & Travel,Partnership,Hyderabad,Telangana,,XXXX6916,Active,1153.19,Found Duplicate,missing,MASKED,PROVIDED,PROVIDED
MCH3788,Bhargava And Sons,4131,Transport & Travel,Partnership,Bengaluru,Karnataka,2025-12-18,SFPS7075877461991,Active,2495.65,Found Duplicate,present,ALPHANUMERIC_IBAN,PROVIDED,PROVIDED
MCH7163,"Chowdhury, Goyal And Pradhan",4131,Transport & Travel,Sole Proprietorship,Pune,Maharashtra,2023-08-11,5098805593,Active,806.17,Unique,present,VALID_NUMERIC,PROVIDED,PROVIDED
MCH4413,Bedi Chanda,4131,Transport & Travel,Private Limited,Chennai,Tamil Nadu,2024-01-16,,Unknown,3646.52,Found Duplicate,present,MISSING,PROVIDED,PROVIDED
MCH9363,Mannan Group,4131,Transport & Travel,Private Limited,Mumbai,Maharashtra,2024-07-29,,Active,1023.91,Unique,present,MISSING,PROVIDED,MISSING_OR_INVALID
MCH4815,"Mohan, Gaba And Banik",4131,Transport & Travel,Sole Proprietorship,Jalandhar,Punjab,2025-01-13,,Active,4426.57,Found Duplicate,present,MISSING,PROVIDED,PROVIDED
MCH9151,Ravi Ltd,4131,Transport & Travel,Partnership,Jalandhar,Punjab,2025-06-26,,Inactive,779.12,Unique,present,MISSING,PROVIDED,PROVIDED
MCH9844,Menon And Sons,4131,Transport & Travel,Sole Proprietorship,Mumbai,Maharashtra,2024-04-14,,Active,0.1083,Unique,present,MISSING,PROVIDED,PROVIDED
MCH5934,"Bandi, Devi And Gulati",4131,Transport & Travel,Individual,Chennai,Tamil Nadu,2023-08-08,,Unknown,306.36,Found Duplicate,present,MISSING,PROVIDED,PROVIDED
MCH6369,"Chaudhry, Batra And Rama",4131,Transport & Travel,Partnership,Jalandhar,Punjab,2024-04-15,3514628122,Inactive,612.29,Unique,present,VALID_NUMERIC,PROVIDED,PROVIDED
MCH2738,Grover Plc,4131,Transport & Travel,Partnership,Pune,Maharashtra,2025-11-22,,Active,4547.63,Found Duplicate,present,MISSING,PROVIDED,PROVIDED
MCH4701,Bhagat And Sons,4131,Transport & Travel,Individual,Hyderabad,Telangana,2025-03-17,FBYF6895567808971,Active,493.82,Unique,present,ALPHANUMERIC_IBAN,PROVIDED,PROVIDED
MCH3605,Bhasin Ltd,4131,Transport & Travel,Partnership,Ludhiana,Punjab,2023-11-15,,Unknown,1858.98,Unique,present,MISSING,PROVIDED,PROVIDED
MCH6147,Singhal Murthy,4131,Transport & Travel,Partnership,Mumbay,Maharashtra,2023-01-06,,Active,1814.59,Unique,present,MISSING,PROVIDED,PROVIDED
MCH4913,Baral Bhattacharyya,4131,Transport & Travel,Individual,Amritsar,Punjab,2023-05-19,MXBT0588021899874,Inactive,697.03,Unique,present,ALPHANUMERIC_IBAN,PROVIDED,PROVIDED
MCH9278,Oza Gera,4131,Transport & Travel,Partnership,Mumbai,Maharashtra,2024-04-20,,Active,0.13241,Found Duplicate,present,MISSING,PROVIDED,PROVIDED
MCH2697,Shan Warrior,4131,Transport & Travel,Private Limited,Bengaluru,Karnataka,2024-08-02,,Inactive,1199.93,Unique,present,MISSING,PROVIDED,PROVIDED
MCH6831,Kurian And Sons,4131,Transport & Travel,Private Limited,Pune,Maharashtra,2024-09-08,,Active,350.65,Found Duplicate,present,MISSING,PROVIDED,PROVIDED
MCH6221,Shukla And Sons,4131,Transport & Travel,Sole Proprietorship,Chennai,Tamil Nadu,2025-01-25,,Unknown,1793.34,Found Duplicate,present,MISSING,PROVIDED,PROVIDED
MCH5607,Ba1A And S0Ns,4131,Transport & Travel,Individual,Delhi,Delhi,2023-07-24,,Active,2712.11,Found Duplicate,present,MISSING,PROVIDED,PROVIDED
MCH8052,Mangat Ganesh,4131,Transport & Travel,Sole Proprietorship,Kolkata,West Bengal,2024-01-05,,Unknown,527.34,Unique,present,MISSING,PROVIDED,PROVIDED
MCH5673,Palan Memon,4131,Transport & Travel,Sole Proprietorship,Delhi,Delhi,2023-09-16,5428187851,Active,414.92,Unique,present,VALID_NUMERIC,PROVIDED,PROVIDED
MCH9944,"Parikh, Mutti And Saha",4131,Transport & Travel,Partnership,Jalandhar,Punjab,2025-08-03,YTTI1528625741410,Active,1826.64,Unique,present,ALPHANUMERIC_IBAN,PROVIDED,PROVIDED
MCH6602,Thakkar Ltd,4131,Transport & Travel,Partnership,Mumbay,Maharashtra,2023-01-03,XXXX6968,Active,483.25,Unique,present,MASKED,PROVIDED,PROVIDED
MCH2492,"Bhatti, Kala And Sahni",4131,Transport & Travel,Individual,Hyderabad,Telangana,2024-11-12,,Active,2662.9,Found Duplicate,present,MISSING,PROVIDED,PROVIDED
MCH5505,Wagle Ltd,4131,Transport & Travel,Partnership,Lucknow,Uttar Pradesh,2025-01-06,,Inactive,318.93,Found Duplicate,present,MISSING,PROVIDED,PROVIDED
MCH6079,Gulati Inc,4131,Transport & Travel,Sole Proprietorship,Pune,Maharashtra,2023-01-29,XXXX5091,Active,2029.26,Found Duplicate,present,MASKED,PROVIDED,PROVIDED
MCH7523,Venkataraman Hans,4131,Transport & Travel,Sole Proprietorship,Pune,Maharashtra,2025-04-28,6156184588,Active,6157.65,Found Duplicate,present,VALID_NUMERIC,PROVIDED,PROVIDED
MCH8876,Rai Llc,4131,Transport & Travel,Sole Proprietorship,Mumbai,Maharashtra,2025-02-17,MDBH5898755219705,Active,1825.17,Found Duplicate,present,ALPHANUMERIC_IBAN,PROVIDED,PROVIDED
MCH2284,Wadhwa Karpe,4131,Transport & Travel,Sole Proprietorship,Lucknow,Uttar Pradesh,,,Inactive,2337.52,Found Duplicate,missing,MISSING,PROVIDED,PROVIDED
MCH3254,"Chanda, Maharaj And Chandra",4131,Transport & Travel,Partnership,Hyderabad,Telangana,2025-11-03,TXWB1746078464859,Active,1842.04,Found Duplicate,present,ALPHANUMERIC_IBAN,PROVIDED,PROVIDED
MCH7344,Banerjee Inc,4131,Transport & Travel,Sole Proprietorship,Ludhiana,Punjab,2023-09-04,XXXX7344,Suspended,1385.4,Found Duplicate,present,MASKED,PROVIDED,PROVIDED
MCH2423,Ratti Gupta,4131,Transport & Travel,Private Limited,Hyderabad,Telangana,2023-09-02,8487553058,Active,1549.78,Found Duplicate,present,VALID_NUMERIC,PROVIDED,PROVIDED
MCH2028,"Sanghvi, Sibal And Vala",4131,Transport & Travel,Individual,Mumbai,Maharashtra,2024-12-06,,Unknown,868.81,Found Duplicate,present,MISSING,PROVIDED,PROVIDED
MCH7709,"Jani, Sidhu And Tripathi",4131,Transport & Travel,Partnership,Jaipur,Rajasthan,2025-05-06,KEWA6292181807133,Active,451.31,Found Duplicate,present,ALPHANUMERIC_IBAN,PROVIDED,PROVIDED
MCH7885,Atwal Jha,4131,Transport & Travel,Private Limited,Jalandhar,Punjab,2023-08-15,XXXX1162,Suspended,1023.91,Found Duplicate,present,MASKED,PROVIDED,MISSING_OR_INVALID
MCH8480,Doshi Sarin,4131,Transport & Travel,Individual,Pune,Maharashtra,2023-07-02,,Active,1310.85,Unique,present,MISSING,PROVIDED,PROVIDED
MCH6660,Biswas Group,4131,Transport & Travel,Sole Proprietorship,Chennai,Tamil Nadu,2025-03-18,,Unknown,204.05,Found Duplicate,present,MISSING,PROVIDED,PROVIDED
MCH6122,Rai Ltd,4131,Transport & Travel,Private Limited,Jalandhar,Punjab,2024-02-11,JNKS9651802205909,Inactive,2198.19,Found Duplicate,present,ALPHANUMERIC_IBAN,PROVIDED,PROVIDED
MCH8289,"Ch0Udhury, Chakrabarti And Kha1Sa",4131,Transport & Travel,Sole Proprietorship,Lucknow,Uttar Pradesh,2023-06-10,1750486763,Active,954.52,Unique,present,VALID_NUMERIC,PROVIDED,PROVIDED
MCH6224,"Khatri, Swaminathan And Loke",4131,Transport & Travel,Sole Proprietorship,Amritsar,Punjab,2024-02-12,CTJV7649423556703,Active,561.32,Found Duplicate,present,ALPHANUMERIC_IBAN,PROVIDED,PROVIDED
MCH5426,"Dora, Sehgal And Choudhury",4131,Transport & Travel,Individual,Delhi,Delhi,2025-11-14,6432706759,Active,598.49,Unique,present,VALID_NUMERIC,PROVIDED,PROVIDED
MCH5805,Natarajan Walla,4131,Transport & Travel,Partnership,Ludhiana,Punjab,2025-06-03,XXXX1704,Active,449.15,Unique,present,MASKED,PROVIDED,PROVIDED
MCH3508,Prabhu And Sons,4131,Transport & Travel,Private Limited,Delhi,Delhi,2024-07-26,,Active,0.185,Unique,present,MISSING,PROVIDED,PROVIDED
MCH3554,"Chowdhury, Mann And Mitter",4131,Transport & Travel,Individual,Jalandhar,Punjab,2025-04-27,XXXX2146,Active,893.92,Unique,present,MASKED,PROVIDED,PROVIDED
MCH5043,"Chakraborty, Gour And Kothari",4131,Transport & Travel,Private Limited,Kolkata,West Bengal,2025-03-17,ROSR2212738533894,Inactive,614.63,Unique,present,ALPHANUMERIC_IBAN,PROVIDED,PROVIDED
MCH3916,"Parmer, Chakrabarti And Sibal",4131,Transport & Travel,Individual,Jaipur,Rajasthan,2025-01-03,XXXX6443,Active,0.794,Unique,present,MASKED,PROVIDED,PROVIDED
MCH7519,"Sarkar, Garg And Kumar",4131,Transport & Travel,Partnership,Lucknow,Uttar Pradesh,2025-01-06,6307100507,Inactive,771.94,Unique,present,VALID_NUMERIC,PROVIDED,PROVIDED
MCH5895,Dey Llc,4131,Transport & Travel,Individual,Chennai,Tamil Nadu,2024-08-05,,Active,693.85,Unique,present,MISSING,PROVIDED,PROVIDED
MCH9640,Aurora And Sons,4131,Transport & Travel,Sole Proprietorship,Lucknow,Uttar Pradesh,2023-09-09,6211538586,Active,1623.21,Found Duplicate,present,VALID_NUMERIC,PROVIDED,PROVIDED
MCH8181,Mall Chatterjee,4131,Transport & Travel,Individual,Amritsar,Punjab,,6803575158,Active,1624.73,Unique,missing,VALID_NUMERIC,PROVIDED,PROVIDED
MCH4349,"Naik, Pandey And Din",4131,Transport & Travel,Partnership,Bengaluru,Karnataka,2023-06-30,,Active,2172.69,Found Duplicate,present,MISSING,PROVIDED,PROVIDED
MCH1732,Badal Chacko,4131,Transport & Travel,Sole Proprietorship,Kolkata,West Bengal,2024-01-02,,Unknown,888.6,Found Duplicate,present,MISSING,PROVIDED,PROVIDED
MCH7664,Datta Ltd,4131,Transport & Travel,Partnership,Kolkata,West Bengal,,XXXX7337,Active,990.98,Unique,missing,MASKED,PROVIDED,PROVIDED
MCH9443,"Bumb, Sama And Prashad",4131,Transport & Travel,Sole Proprietorship,Lucknow,Uttar Pradesh,2024-03-28,,Active,712.16,Found Duplicate,present,MISSING,PROVIDED,PROVIDED
MCH7944,Bassi Dyal,4131,Transport & Travel,Sole Proprietorship,Kolkata,West Bengal,2025-11-04,YDDT9877099170196,Active,1227.24,Unique,present,ALPHANUMERIC_IBAN,PROVIDED,PROVIDED
MCH8005,"Kumar, Ahluwalia And Thaman",4131,Transport & Travel,Sole Proprietorship,Bengaluru,Karnataka,2025-06-30,,Active,6211.56,Unique,present,MISSING,PROVIDED,PROVIDED
MCH6991,Dani Ltd,4131,Transport & Travel,Partnership,Bengaluru,Karnataka,2025-07-16,5759081808,Active,1831.13,Unique,present,VALID_NUMERIC,PROVIDED,PROVIDED
MCH1254,Pant Muni,4131,Transport & Travel,Partnership,Delhi,Delhi,2023-10-21,,Unknown,781.27,Unique,present,MISSING,PROVIDED,PROVIDED
MCH2444,"Sachar, Das And Deo",4131,Transport & Travel,Sole Proprietorship,Jalandhar,Punjab,2025-05-12,,Active,563.27,Found Duplicate,present,MISSING,PROVIDED,PROVIDED
MCH1177,"Mistry, Savant And Jha",4131,Transport & Travel,Sole Proprietorship,Amritsar,Punjab,2025-08-29,,Active,1663.99,Unique,present,MISSING,PROVIDED,PROVIDED
MCH4652,Varghese Ramachandran,4131,Transport & Travel,Private Limited,Amritsar,Punjab,2024-10-30,0536639184,Active,2348.76,Found Duplicate,present,VALID_NUMERIC,PROVIDED,PROVIDED
MCH2296,Buch Ltd,4131,Transport & Travel,Partnership,Ludhiana,Punjab,2023-06-19,XXXX9780,Active,8012.35,Unique,present,MASKED,PROVIDED,PROVIDED
MCH3553,"Goda, Padmanabhan And Goswami",4131,Transport & Travel,Individual,Jaipur,Rajasthan,,,Suspended,0.1035,Found Duplicate,missing,MISSING,PROVIDED,PROVIDED
MCH4051,Sharma Viswanathan,4131,Transport & Travel,Individual,Delhi,Delhi,2025-02-23,,Active,1135.12,Found Duplicate,present,MISSING,PROVIDED,PROVIDED
MCH2149,"Das, Roy And Sridhar",4131,Transport & Travel,Individual,Jalandhar,Punjab,2024-05-16,,Active,1023.91,Found Duplicate,present,MISSING,PROVIDED,MISSING_OR_INVALID
MCH3666,Gera Ranganathan,4131,Transport & Travel,Partnership,Jaipur,Rajasthan,2023-04-12,,Unknown,243.55,Unique,present,MISSING,PROVIDED,PROVIDED
MCH3572,Kohli Plc,4131,Transport & Travel,Sole Proprietorship,Delhi,Delhi,2025-11-20,XXXX5864,Active,1042.66,Found Duplicate,present,MASKED,PROVIDED,PROVIDED
MCH9749,Virk Ltd,4131,Transport & Travel,Private Limited,Pune,Maharashtra,2023-05-24,7433630126,Active,0.4831,Found Duplicate,present,VALID_NUMERIC,PROVIDED,PROVIDED
MCH4127,Subramaniam Jhaveri,4131,Transport & Travel,Sole Proprietorship,Jaipur,Rajasthan,2024-05-22,XXXX1628,Active,5333.88,Found Duplicate,present,MASKED,PROVIDED,PROVIDED
MCH2719,"Sood, Chacko And Chaudry",4131,Transport & Travel,Partnership,Mumbai,Maharashtra,2024-04-04,,Active,3699.12,Found Duplicate,present,MISSING,PROVIDED,PROVIDED
MCH2879,"Sidhu, Kumer And Venkatesh",4131,Transport & Travel,Partnership,Bengaluru,Karnataka,2024-02-14,,Active,1726.8,Found Duplicate,present,MISSING,PROVIDED,PROVIDED
MCH5687,"Prasad, Tank And Char",4131,Transport & Travel,Individual,Ludhiana,Punjab,,XXXX6544,Unknown,487.38,Unique,missing,MASKED,PROVIDED,PROVIDED
MCH1817,"Mohanty, Behl And Rao",4131,Transport & Travel,Individual,Pune,Maharashtra,2025-07-23,,Inactive,2347.62,Found Duplicate,present,MISSING,PROVIDED,PROVIDED
MCH4736,"Jani, Chaudhry And Chaudhuri",4131,Transport & Travel,Individual,Delhi,Delhi,2025-07-06,,Active,1023.91,Found Duplicate,present,MISSING,PROVIDED,MISSING_OR_INVALID
MCH3025,"Sachdeva, Bora And Hegde",4131,Transport & Travel,Private Limited,Pune,Maharashtra,2024-08-15,3805315664,Unknown,611.84,Unique,present,VALID_NUMERIC,PROVIDED,PROVIDED
MCH9101,Pal Ramesh,4131,Transport & Travel,Partnership,Pune,Maharashtra,2024-05-29,XXXX0762,Active,0.1223,Unique,present,MASKED,PROVIDED,PROVIDED
MCH8870,Solanki Cherian,4131,Transport & Travel,Partnership,Kolkata,West Bengal,2025-07-04,HJDK9008014525015,Active,0.1597,Found Duplicate,present,ALPHANUMERIC_IBAN,PROVIDED,PROVIDED
MCH3140,Sarraf Viswanathan,4131,Transport & Travel,Partnership,Ludhiana,Punjab,2023-07-30,4937611894,Suspended,0.1614,Found Duplicate,present,VALID_NUMERIC,PROVIDED,PROVIDED
MCH9393,Narasimhan Inc,4131,Transport & Travel,Partnership,Kolkata,West Bengal,2024-09-18,8072590742,Active,0.1156,Found Duplicate,present,VALID_NUMERIC,PROVIDED,PROVIDED
MCH8187,"Chada, Mammen And Lanka",4131,Transport & Travel,Sole Proprietorship,Ludhiana,Punjab,2025-06-03,3255945345,Active,0.671,Unique,present,VALID_NUMERIC,PROVIDED,PROVIDED
MCH9205,Lala Ltd,4131,Transport & Travel,Private Limited,Kolkata,West Bengal,2024-11-26,XXXX6473,Suspended,569.25,Unique,present,MASKED,PROVIDED,PROVIDED
MCH5274,"Nair, Dave And Hayre",4131,Transport & Travel,Individual,Bengaluru,Karnataka,2023-08-04,AJZR1927630901873,Active,598.65,Found Duplicate,present,ALPHANUMERIC_IBAN,PROVIDED,PROVIDED
MCH2533,"Chana, Joshi And Saran",4131,Transport & Travel,Partnership,Lucknow,Uttar Pradesh,2023-11-21,,Active,0.296,Found Duplicate,present,MISSING,PROVIDED,PROVIDED
MCH8511,Bhattacharyya Llc,4131,Transport & Travel,Sole Proprietorship,Kolkata,West Bengal,2025-09-13,5718101424,Active,1377.4,Found Duplicate,present,VALID_NUMERIC,PROVIDED,PROVIDED
MCH3191,Dhawan Warrior,4131,Transport & Travel,Sole Proprietorship,Hyderabad,Telangana,2024-09-12,,Active,1885.9,Unique,present,MISSING,PROVIDED,PROVIDED
MCH3371,Raju Inc,4131,Transport & Travel,Partnership,Hyderabad,Telangana,2025-04-19,ENEX5677212292143,Active,4057.11,Found Duplicate,present,ALPHANUMERIC_IBAN,PROVIDED,PROVIDED
MCH2421,Chanda Plc,4131,Transport & Travel,Partnership,Lucknow,Uttar Pradesh,2023-11-10,VAVC3668026777539,Unknown,0.146,Unique,present,ALPHANUMERIC_IBAN,PROVIDED,PROVIDED
MCH9232,Ahuja Chaudhry,4131,Transport & Travel,Individual,Hyderabad,Telangana,2023-04-20,XXXX7963,Active,361.11,Unique,present,MASKED,PROVIDED,PROVIDED
MCH3596,Choudhry Ltd,4131,Transport & Travel,Private Limited,Lucknow,Uttar Pradesh,2024-11-11,NDFD6315987877623,Active,311.69,Found Duplicate,present,ALPHANUMERIC_IBAN,PROVIDED,PROVIDED
MCH9080,"Goswami, Nagy And Sathe",4131,Transport & Travel,Sole Proprietorship,Jaipur,Rajasthan,2023-07-11,,Active,0.6603,Found Duplicate,present,MISSING,PROVIDED,PROVIDED
MCH9756,"Dugal, Virk And Dhaliwal",4131,Transport & Travel,Partnership,Jalandhar,Punjab,2023-01-01,SZBM8211536669889,Active,0.494,Unique,present,ALPHANUMERIC_IBAN,PROVIDED,PROVIDED
MCH1428,De Natarajan,4131,Transport & Travel,Individual,Mumbai,Maharashtra,2025-12-30,IPNL0786549644750,Active,0.1289,Unique,present,ALPHANUMERIC_IBAN,PROVIDED,PROVIDED
MCH5580,Chatterjee Andra,4131,Transport & Travel,Private Limited,Lucknow,Uttar Pradesh,2026-01-01,2440958731,Unknown,512.38,Unique,present,VALID_NUMERIC,PROVIDED,PROVIDED
MCH7675,Suresh Tandon,4131,Transport & Travel,Partnership,Pune,Maharashtra,2025-01-24,,Active,1022.55,Unique,present,MISSING,PROVIDED,PROVIDED
MCH1118,Chokshiinc,4131,Transport & Travel,Partnership,Jalandhar,Punjab,2025-07-26,XXXX1304,Active,590.75,Found Duplicate,present,MASKED,PROVIDED,PROVIDED
MCH9408,Arya Vig,4131,Transport & Travel,Individual,Bengaluru,Karnataka,2023-12-24,6291585633,Active,784.44,Unique,present,VALID_NUMERIC,PROVIDED,PROVIDED
MCH4006,"Guha, Bumb And Bora",4131,Transport & Travel,Sole Proprietorship,Jaipur,Rajasthan,2023-05-02,KYVL1514303273723,Active,0.2379,Found Duplicate,present,ALPHANUMERIC_IBAN,PROVIDED,PROVIDED
MCH1664,Karan Ltd,4131,Transport & Travel,Partnership,Chennai,Tamil Nadu,2025-02-06,XXXX0248,Active,1023.91,Unique,present,MASKED,PROVIDED,MISSING_OR_INVALID
MCH1969,Gole Llc,4131,Transport & Travel,Private Limited,Chennai,Tamil Nadu,,URWV6656600871469,Active,6707.89,Found Duplicate,missing,ALPHANUMERIC_IBAN,PROVIDED,PROVIDED
MCH3659,Kashyap Llc,4131,Transport & Travel,Partnership,Pune,Maharashtra,2025-07-06,,Active,403.54,Found Duplicate,present,MISSING,PROVIDED,PROVIDED
MCH4778,Wali Llc,4131,Transport & Travel,Private Limited,Lucknow,Uttar Pradesh,2025-01-02,DJNF3001962539740,Active,1242.33,Unique,present,ALPHANUMERIC_IBAN,PROVIDED,PROVIDED
MCH9782,Bhardwaj Varghese,4131,Transport & Travel,Individual,Ludhiana,Punjab,2023-02-18,GXDH5697468169226,Active,0.1522,Found Duplicate,present,ALPHANUMERIC_IBAN,PROVIDED,PROVIDED
MCH8644,M0Re L0Ke,4131,Transport & Travel,Individual,Ludhiana,Punjab,2025-07-20,,Active,1294.91,Unique,present,MISSING,PROVIDED,PROVIDED
MCH2092,"Dubey, Tara And Thaker",4131,Transport & Travel,Individual,Kolkata,West Bengal,2023-11-09,6682311847,Active,1262.97,Unique,present,VALID_NUMERIC,PROVIDED,PROVIDED
MCH9153,Amble And Sons,4131,Transport & Travel,Sole Proprietorship,Amritsar,Punjab,2025-11-04,RQJV0029687316825,Active,1023.91,Unique,present,ALPHANUMERIC_IBAN,PROVIDED,MISSING_OR_INVALID
MCH1833,"Bhatnagar, Bhavsar And Iyengar",4131,Transport & Travel,Partnership,Mumbai,Maharashtra,2023-06-24,XXXX4268,Active,2843.21,Found Duplicate,present,MASKED,PROVIDED,PROVIDED
MCH9601,Joshi Chauhan,4131,Transport & Travel,Private Limited,Bengaluru,Karnataka,2023-10-05,GXDF2258830455225,Unknown,1949.42,Found Duplicate,present,ALPHANUMERIC_IBAN,PROVIDED,PROVIDED
MCH5396,Manda Seth,4131,Transport & Travel,Sole Proprietorship,Delhi,Delhi,2023-01-11,,Active,439.03,Unique,present,MISSING,PROVIDED,PROVIDED
MCH1155,Sha Llc,4131,Transport & Travel,Sole Proprietorship,Amritsar,Punjab,2024-08-03,,Inactive,1753.08,Unique,present,MISSING,PROVIDED,PROVIDED
MCH1250,Bhardwaj Wable,4131,Transport & Travel,Private Limited,Pune,Maharashtra,2025-04-11,,Active,0.515,Found Duplicate,present,MISSING,PROVIDED,PROVIDED
MCH8154,Yohannan Plc,4131,Transport & Travel,Sole Proprietorship,Jalandhar,Punjab,2023-06-26,,Suspended,998.6,Unique,present,MISSING,PROVIDED,PROVIDED
MCH8648,Mukhopadhyay Plc,4131,Transport & Travel,Sole Proprietorship,Mumbai,Maharashtra,2023-11-21,YHOL6648547123400,Active,0.1325,Found Duplicate,present,ALPHANUMERIC_IBAN,PROVIDED,PROVIDED
MCH4884,"Reddy, Wason And Magar",4131,Transport & Travel,Private Limited,Kolkata,West Bengal,2023-05-16,,Inactive,0.2421,Unique,present,MISSING,PROVIDED,PROVIDED
MCH2708,"Mand, Zacharia And Vora",4131,Transport & Travel,Sole Proprietorship,Chennai,Tamil Nadu,2026-01-20,XXXX2440,Active,363.56,Unique,present,MASKED,PROVIDED,PROVIDED
MCH9271,"Bera, Contractor And Trivedi",4131,Transport & Travel,Sole Proprietorship,Delhi,Delhi,2025-02-20,KHLJ8243266357655,Active,1023.91,Unique,present,ALPHANUMERIC_IBAN,PROVIDED,MISSING_OR_INVALID
MCH3146,Batta Sharaf,4131,Transport & Travel,Individual,Pune,Maharashtra,2024-02-10,MHGR0082109008102,Active,898.04,Unique,present,ALPHANUMERIC_IBAN,PROVIDED,PROVIDED
MCH4131,"Goyal, Krishnamurthy And Dewan",4131,Transport & Travel,Individual,Jaipur,Rajasthan,2023-10-24,4282467745,Inactive,319.32,Found Duplicate,present,VALID_NUMERIC,PROVIDED,PROVIDED
MCH4897,Bahl Plc,4131,Transport & Travel,Partnership,Amritsar,Punjab,2024-09-03,,Active,6953.87,Found Duplicate,present,MISSING,PROVIDED,PROVIDED
MCH3358,Suri Dhillon,4131,Transport & Travel,Individual,Kolkata,West Bengal,2023-09-22,3713072949,Inactive,665.29,Unique,present,VALID_NUMERIC,PROVIDED,PROVIDED
MCH9359,"Ramanathan, Parekh And Agrawal",4131,Transport & Travel,Partnership,Ludhiana,Punjab,2023-04-08,FQHN0033426656652,Active,3245.01,Unique,present,ALPHANUMERIC_IBAN,PROVIDED,PROVIDED
MCH8310,Chakraborty Ltd,4131,Transport & Travel,Individual,Delhi,Delhi,2026-01-02,5355342816,Active,1287.03,Unique,present,VALID_NUMERIC,PROVIDED,PROVIDED
MCH9383,"Sarraf, Mand And Dalal",4131,Transport & Travel,Partnership,Lucknow,Uttar Pradesh,2025-11-25,,Active,548.73,Found Duplicate,present,MISSING,PROVIDED,PROVIDED
MCH5151,Sachar Lad,4131,Transport & Travel,Partnership,Mumbai,Maharashtra,2025-04-09,7481974508,Unknown,703.87,Unique,present,VALID_NUMERIC,PROVIDED,PROVIDED
MCH5662,Buch Plc,4131,Transport & Travel,Partnership,Delhi,Delhi,2023-01-18,9769098268,Active,2776.96,Found Duplicate,present,VALID_NUMERIC,PROVIDED,PROVIDED
MCH5786,"Bhasin, Manda1 And Tank",4131,Transport & Travel,Individual,Kolkata,West Bengal,2025-02-08,2599782072,Inactive,1913.26,Unique,present,VALID_NUMERIC,PROVIDED,PROVIDED
MCH1509,"Rajan, Dash And Bora",4131,Transport & Travel,Private Limited,Amritsar,Punjab,2025-04-26,,Inactive,0.806,Unique,present,MISSING,PROVIDED,PROVIDED
MCH7313,Sarma Llc,4131,Transport & Travel,Individual,Kolkata,West Bengal,2025-07-04,XXXX9480,Suspended,1073.87,Found Duplicate,present,MASKED,PROVIDED,PROVIDED
MCH8314,Mahajan Batta,4131,Transport & Travel,Individual,Lucknow,Uttar Pradesh,2024-01-04,,Unknown,856.24,Found Duplicate,present,MISSING,PROVIDED,PROVIDED
MCH2447,Anand Llc,4131,Transport & Travel,Sole Proprietorship,Jaipur,Rajasthan,,,Inactive,1803.52,Unique,missing,MISSING,PROVIDED,PROVIDED
MCH9593,Daya1 Inc,4131,Transport & Travel,Partnership,Kolkata,West Bengal,2024-06-05,,Unknown,2414.51,Found Duplicate,present,MISSING,PROVIDED,PROVIDED
MCH7589,"Parekh, Dugal And Bumb",4131,Transport & Travel,Private Limited,Pune,Maharashtra,2025-01-17,1086489702,Active,437.44,Found Duplicate,present,VALID_NUMERIC,PROVIDED,PROVIDED
MCH5235,Yogi Dutt,4131,Transport & Travel,Sole Proprietorship,Ludhiana,Punjab,2023-10-19,,Active,1341.4,Found Duplicate,present,MISSING,PROVIDED,PROVIDED
MCH2851,Ben Ltd,4131,Transport & Travel,Sole Proprietorship,Lucknow,Uttar Pradesh,2023-06-24,,Active,0.784,Found Duplicate,present,MISSING,PROVIDED,PROVIDED
MCH6305,"Chakraborty,Hansandsahota",4131,Transport & Travel,Individual,Mumbai,Maharashtra,2025-10-20,,Active,1075.82,Unique,present,MISSING,PROVIDED,PROVIDED
MCH6223,Ramanathan Dhingra,4131,Transport & Travel,Individual,Lucknow,Uttar Pradesh,2023-10-03,4296850394,Active,0.306,Unique,present,VALID_NUMERIC,PROVIDED,PROVIDED
MCH1966,Munshi Bath,4131,Transport & Travel,Private Limited,Bengaluru,Karnataka,2026-01-27,,Suspended,1858.12,Unique,present,MISSING,PROVIDED,PROVIDED
MCH9911,"Pal, Dash And Nagi",4131,Transport & Travel,Individual,Mumbai,Maharashtra,2024-11-28,XXXX9114,Active,1474.73,Unique,present,MASKED,PROVIDED,PROVIDED
MCH7806,"Sahni, Bhavsar And Kaul",4131,Transport & Travel,Private Limited,Hyderabad,Telangana,2023-04-17,XXXX2487,Active,1046.19,Unique,present,MASKED,PROVIDED,PROVIDED
MCH2035,Hora Grover,4131,Transport & Travel,Sole Proprietorship,Delhi,Delhi,2026-01-07,,Active,212.97,Unique,present,MISSING,PROVIDED,PROVIDED
MCH7902,Deol Inc,4131,Transport & Travel,Partnership,Ludhiana,Punjab,2025-07-05,,Active,2892.53,Unique,present,MISSING,PROVIDED,PROVIDED
MCH7631,Chawla Ganesh,4131,Transport & Travel,Individual,Pune,Maharashtra,2023-12-07,1532003029,Active,6757.26,Found Duplicate,present,VALID_NUMERIC,PROVIDED,PROVIDED
MCH5171,"Pandya, Bawa And Kibe",4131,Transport & Travel,Partnership,Jaipur,Rajasthan,2024-11-18,XXXX5385,Active,1895.53,Unique,present,MASKED,PROVIDED,PROVIDED
MCH2030,Singh Banerjee,4131,Transport & Travel,Individual,Ludhiana,Punjab,2023-02-25,,Active,0.3976,Unique,present,MISSING,PROVIDED,PROVIDED
MCH6025,Rege Bali,4131,Transport & Travel,Individual,Bengaluru,Karnataka,2025-04-21,XXXX0320,Suspended,2516.42,Found Duplicate,present,MASKED,PROVIDED,PROVIDED
MCH7074,Tripathi Nayar,4131,Transport & Travel,Individual,Kolkata,West Bengal,2023-09-15,XXXX6196,Inactive,3455.86,Found Duplicate,present,MASKED,PROVIDED,PROVIDED
MCH2205,Narayan Plc,4131,Transport & Travel,Partnership,Hyderabad,Telangana,2023-03-16,,Active,2136.03,Found Duplicate,present,MISSING,PROVIDED,PROVIDED
MCH1768,"Mody, Tata And Chatterjee",4131,Transport & Travel,Sole Proprietorship,Chennai,Tamil Nadu,2024-09-08,,Active,360.87,Unique,present,MISSING,PROVIDED,PROVIDED
MCH2674,Nair Llc,4131,Transport & Travel,Sole Proprietorship,Delhi,Delhi,2025-02-24,PQUC6680227510245,Inactive,396.74,Found Duplicate,present,ALPHANUMERIC_IBAN,PROVIDED,PROVIDED
MCH6507,"Ba1Akrishnan, Shr0Ff And Tank",4131,Transport & Travel,Individual,Ludhiana,Punjab,2024-10-28,XEKQ6062690527278,Unknown,1269.14,Found Duplicate,present,ALPHANUMERIC_IBAN,PROVIDED,PROVIDED
MCH2604,Sharaf Kaur,4131,Transport & Travel,Private Limited,Lucknow,Uttar Pradesh,2023-10-30,CYOT7406673710255,Active,1813.01,Unique,present,ALPHANUMERIC_IBAN,PROVIDED,PROVIDED
MCH5293,Palla Dhar,4131,Transport & Travel,Private Limited,Bengaluru,Karnataka,2024-12-07,DZXI0061252359392,Suspended,1936.57,Found Duplicate,present,ALPHANUMERIC_IBAN,PROVIDED,PROVIDED
MCH5809,Buch Plc,4131,Transport & Travel,Individual,Bengaluru,Karnataka,2025-01-22,,Active,461.99,Found Duplicate,present,MISSING,PROVIDED,PROVIDED
MCH1726,Raja And Sons,4131,Transport & Travel,Private Limited,Delhi,Delhi,2025-12-13,,Active,639.24,Unique,present,MISSING,PROVIDED,PROVIDED
MCH8380,"Kar, Patil And Karan",4131,Transport & Travel,Individual,Jalandhar,Punjab,2024-01-22,5690092544,Active,9540.15,Found Duplicate,present,VALID_NUMERIC,PROVIDED,PROVIDED
MCH5801,"Narasimhan, Grewal And Vora",4131,Transport & Travel,Private Limited,Delhi,Delhi,2023-08-08,,Active,1697.55,Unique,present,MISSING,PROVIDED,PROVIDED
MCH5287,Sachdeva Plc,4131,Transport & Travel,Partnership,Hyderabad,Telangana,2024-02-06,XXXX8293,Active,823.34,Found Duplicate,present,MASKED,PROVIDED,PROVIDED
MCH2601,"Mangal, Lalla And Desai",4131,Transport & Travel,Private Limited,Ludhiana,Punjab,2025-02-19,XXXX7238,Active,1601.46,Unique,present,MASKED,PROVIDED,PROVIDED
MCH2299,Ahluwalia Inc,4131,Transport & Travel,Partnership,Ludhiana,Punjab,2024-02-12,,Active,2936.54,Found Duplicate,present,MISSING,PROVIDED,PROVIDED
MCH7681,"Bal, Kakar And Pillai",4131,Transport & Travel,Private Limited,Pune,Maharashtra,2024-11-15,2915378010,Unknown,1955.63,Found Duplicate,present,VALID_NUMERIC,PROVIDED,PROVIDED
MCH1272,Garg Inc,4131,Transport & Travel,Partnership,Jaipur,Rajasthan,2023-05-28,7553237450,Unknown,549.87,Unique,present,VALID_NUMERIC,PROVIDED,PROVIDED
MCH2418,Dasgupta Dhingra,4131,Transport & Travel,Individual,Mumbay,Maharashtra,2023-01-26,YNNK7976103050442,Inactive,665.99,Found Duplicate,present,ALPHANUMERIC_IBAN,PROVIDED,PROVIDED
MCH2411,Saraf Gola,4131,Transport & Travel,Individual,Jaipur,Rajasthan,2023-02-09,,Active,2300.71,Unique,present,MISSING,PROVIDED,PROVIDED
MCH8919,Parmar Ltd,4131,Transport & Travel,Private Limited,Bengaluru,Karnataka,2023-12-24,,Active,2228.63,Unique,present,MISSING,PROVIDED,PROVIDED
MCH5938,Rama Pandey,4131,Transport & Travel,Individual,Jaipur,Rajasthan,2024-02-12,,Active,0.712,Found Duplicate,present,MISSING,PROVIDED,PROVIDED
MCH8137,G0Pa1 Mahajan,4131,Transport & Travel,Partnership,Bengaluru,Karnataka,2024-01-30,XXXX2908,Active,561.1,Found Duplicate,present,MASKED,PROVIDED,PROVIDED
MCH2596,Vasa Plc,4131,Transport & Travel,Sole Proprietorship,Hyderabad,Telangana,2025-08-20,,Active,2736.9,Unique,present,MISSING,PROVIDED,PROVIDED
MCH1439,Chawla Ltd,4131,Transport & Travel,Individual,Chennai,Tamil Nadu,2023-05-10,OYZO1535504454366,Active,6190.53,Found Duplicate,present,ALPHANUMERIC_IBAN,PROVIDED,PROVIDED
MCH6060,Chacko Sundaram,4131,Transport & Travel,Individual,Jaipur,Rajasthan,2023-03-25,XXXX2924,Inactive,2026.75,Unique,present,MASKED,PROVIDED,PROVIDED
MCH3147,Acharya Uppal,4131,Transport & Travel,Individual,Chennai,Tamil Nadu,2024-10-02,1420771239,Active,0.343,Found Duplicate,present,VALID_NUMERIC,PROVIDED,PROVIDED
MCH3880,Sankaran M0Dy,4131,Transport & Travel,Sole Proprietorship,Hyderabad,Telangana,2026-02-26,XXXX4851,Active,794.44,Found Duplicate,present,MASKED,PROVIDED,PROVIDED
MCH3601,Deshpande Nigam,4131,Transport & Travel,Partnership,Bengaluru,Karnataka,2024-06-12,7464108463,Active,2765.11,Found Duplicate,present,VALID_NUMERIC,PROVIDED,PROVIDED
MCH6474,Dewan Khatri,4131,Transport & Travel,Partnership,Lucknow,Uttar Pradesh,2023-02-09,,Active,231.31,Found Duplicate,present,MISSING,PROVIDED,PROVIDED
MCH7244,Nadig Kata,4131,Transport & Travel,Partnership,Bengaluru,Karnataka,2024-08-02,1173278568,Active,1686.67,Unique,present,VALID_NUMERIC,PROVIDED,PROVIDED
MCH9861,"Mukherjee, Murthy And Jani",4131,Transport & Travel,Private Limited,Ludhiana,Punjab,2025-06-22,,Unknown,719.77,Unique,present,MISSING,PROVIDED,PROVIDED
MCH6176,"Tandon, Badal And Natarajan",4131,Transport & Travel,Private Limited,Hyderabad,Telangana,2025-12-10,XXXX9488,Active,2925.84,Unique,present,MASKED,PROVIDED,PROVIDED
MCH7202,Uppal Plc,4131,Transport & Travel,Individual,Jaipur,Rajasthan,2023-03-01,INKB4884883910397,Inactive,1350.11,Unique,present,ALPHANUMERIC_IBAN,PROVIDED,PROVIDED
MCH9050,Bali Ltd,4131,Transport & Travel,Individual,Jalandhar,Punjab,2025-01-06,8040024958,Suspended,847.23,Found Duplicate,present,VALID_NUMERIC,PROVIDED,PROVIDED
MCH1744,"Mani, Tara And Mane",4131,Transport & Travel,Sole Proprietorship,Ludhiana,Punjab,2023-03-20,,Inactive,466.22,Unique,present,MISSING,PROVIDED,PROVIDED
MCH7880,Tiwari Dua,4131,Transport & Travel,Sole Proprietorship,Ludhiana,Punjab,,XXXX1699,Active,12814.22,Found Duplicate,missing,MASKED,PROVIDED,PROVIDED
MCH7795,"Samra, Venkataraman And Bhatti",4131,Transport & Travel,Private Limited,Amritsar,Punjab,2024-08-03,XXXX1904,Active,723.93,Found Duplicate,present,MASKED,PROVIDED,PROVIDED
MCH1679,"Chawla, Sura And Pal",4131,Transport & Travel,Individual,Lucknow,Uttar Pradesh,2026-01-30,XXXX9878,Suspended,0.103,Unique,present,MASKED,PROVIDED,PROVIDED
MCH4209,Bahri Kari,4131,Transport & Travel,Individual,Jaipur,Rajasthan,2025-12-29,,Active,1717.86,Found Duplicate,present,MISSING,PROVIDED,PROVIDED
MCH4478,Shenoy Inc,4131,Transport & Travel,Private Limited,Pune,Maharashtra,2024-04-19,,Active,3749.72,Unique,present,MISSING,PROVIDED,PROVIDED
MCH2299,Ahluwalia Inc,4131,Transport & Travel,Partnership,Ludhiana,Punjab,2024-02-12,,Active,2936.54,Found Duplicate,present,MISSING,PROVIDED,PROVIDED
MCH7795,Prakash Llc,4131,Transport & Travel,Sole Proprietorship,Jaipur,Rajasthan,2025-06-28,,Active,956.79,Found Duplicate,present,MISSING,PROVIDED,PROVIDED
MCH4284,Chawla Llc,4131,Transport & Travel,Sole Proprietorship,Ludhiana,Punjab,2026-02-13,XXXX7941,Active,0.385,Found Duplicate,present,MASKED,PROVIDED,PROVIDED
MCH6944,Amb1E Duga1,4131,Transport & Travel,Individual,Mumbai,Maharashtra,2023-02-22,YQIS3275286791151,Active,1017.42,Found Duplicate,present,ALPHANUMERIC_IBAN,PROVIDED,PROVIDED
MCH7829,Hora Ltd,4131,Transport & Travel,Partnership,Jaipur,Rajasthan,2025-05-06,XXXX7292,Active,0.422,Found Duplicate,present,MASKED,PROVIDED,PROVIDED
MCH7272,Kulkarni Subramanian,4131,Transport & Travel,Sole Proprietorship,Bengaluru,Karnataka,2023-12-21,XXXX7890,Inactive,376.69,Found Duplicate,present,MASKED,PROVIDED,PROVIDED
MCH9386,Shankar Ltd,4131,Transport & Travel,Individual,Amritsar,Punjab,2023-10-23,XXXX6796,Active,252.98,Found Duplicate,present,MASKED,PROVIDED,PROVIDED
MCH9459,Batta Handa,4131,Transport & Travel,Partnership,Hyderabad,Telangana,2025-03-06,,Active,11281.97,Found Duplicate,present,MISSING,PROVIDED,PROVIDED
MCH8880,Hayer Walia,4131,Transport & Travel,Partnership,Jalandhar,Punjab,2023-04-08,,Unknown,2616.91,Found Duplicate,present,MISSING,PROVIDED,PROVIDED
MCH4967,Mallick Plc,4131,Transport & Travel,Partnership,Amritsar,Punjab,2025-08-22,XXXX4798,Active,3082.77,Unique,present,MASKED,PROVIDED,PROVIDED
MCH1736,Barman Inc,4131,Transport & Travel,Partnership,Jaipur,Rajasthan,2025-08-06,,Unknown,1937.05,Unique,present,MISSING,PROVIDED,PROVIDED
MCH7949,Vohra Chaudhary,4131,Transport & Travel,Private Limited,Mumbai,Maharashtra,2023-10-14,,Active,265.37,Unique,present,MISSING,PROVIDED,PROVIDED
MCH9548,Raja Plc,4131,Transport & Travel,Partnership,Jaipur,Rajasthan,2026-02-22,XXXX5841,Active,0.1649,Found Duplicate,present,MASKED,PROVIDED,PROVIDED
MCH7925,"Bedi, Shroff And Nadkarni",4131,Transport & Travel,Sole Proprietorship,Lucknow,Uttar Pradesh,2023-07-07,BECU4208184850705,Active,2480.62,Found Duplicate,present,ALPHANUMERIC_IBAN,PROVIDED,PROVIDED
MCH1974,Kap00R Llc,4131,Transport & Travel,Partnership,Chennai,Tamil Nadu,2024-05-12,5931788473,Active,1023.91,Unique,present,VALID_NUMERIC,PROVIDED,MISSING_OR_INVALID
MCH5979,Mani Group,4131,Transport & Travel,Private Limited,Bengaluru,Karnataka,2024-07-15,,Suspended,4686.23,Unique,present,MISSING,PROVIDED,PROVIDED
MCH8481,"Dixit,Geraandgara",4131,Transport & Travel,Sole Proprietorship,Jaipur,Rajasthan,,COTV7157526007969,Active,1730.88,Unique,missing,ALPHANUMERIC_IBAN,PROVIDED,PROVIDED
MCH4917,"Bhat, Saha And Wable",4131,Transport & Travel,Private Limited,Jaipur,Rajasthan,2025-04-14,XXXX6979,Active,6159.51,Unique,present,MASKED,PROVIDED,PROVIDED
MCH9091,"Dewan, Hayre And Kala",4131,Transport & Travel,Sole Proprietorship,Amritsar,Punjab,,VGTR9380587606414,Inactive,4267.28,Unique,missing,ALPHANUMERIC_IBAN,PROVIDED,PROVIDED
MCH9431,Madan Kota,4131,Transport & Travel,Private Limited,Bengaluru,Karnataka,2023-02-05,1678744111,Active,436.79,Unique,present,VALID_NUMERIC,PROVIDED,PROVIDED
MCH4090,Mittalllc,4131,Transport & Travel,Individual,Delhi,Delhi,2025-03-02,XXXX8621,Active,1023.91,Found Duplicate,present,MASKED,PROVIDED,MISSING_OR_INVALID
MCH5136,Thakur And Sons,4131,Transport & Travel,Sole Proprietorship,Jaipur,Rajasthan,2025-02-10,8466988688,Suspended,2681.3,Unique,present,VALID_NUMERIC,PROVIDED,PROVIDED
MCH7016,Ratti Plc,4131,Transport & Travel,Partnership,Lucknow,Uttar Pradesh,2025-10-18,HWTR3220006102269,Active,319.94,Unique,present,ALPHANUMERIC_IBAN,PROVIDED,PROVIDED
MCH8330,"Dhawan, Tella And Rau",4131,Transport & Travel,Private Limited,Chennai,Tamil Nadu,2023-01-20,,Active,1437.59,Found Duplicate,present,MISSING,PROVIDED,PROVIDED
MCH6563,Naik Plc,4131,Transport & Travel,Individual,Jalandhar,Punjab,2025-04-04,,Active,0.1376,Found Duplicate,present,MISSING,PROVIDED,PROVIDED
MCH3181,"Kothari, Sengupta And Sandal",4131,Transport & Travel,Private Limited,Lucknow,Uttar Pradesh,2025-06-12,,Active,9001.75,Unique,present,MISSING,PROVIDED,PROVIDED
MCH4857,Sethi Soni,4131,Transport & Travel,Individual,Ludhiana,Punjab,2026-02-28,,Active,278.84,Unique,present,MISSING,PROVIDED,PROVIDED
MCH1675,"Dey, Sathe And Sibal",4131,Transport & Travel,Private Limited,Chennai,Tamil Nadu,2025-11-09,DIRY6496511188422,Active,1577.75,Found Duplicate,present,ALPHANUMERIC_IBAN,PROVIDED,PROVIDED
MCH3600,Gole And Sons,4131,Transport & Travel,Sole Proprietorship,Delhi,Delhi,2023-10-09,,Suspended,1548.59,Found Duplicate,present,MISSING,PROVIDED,PROVIDED
MCH2041,"Sagar, Chakraborty And Kurian",4131,Transport & Travel,Sole Proprietorship,Ludhiana,Punjab,2024-03-22,,Inactive,1023.91,Unique,present,MISSING,PROVIDED,MISSING_OR_INVALID
MCH6882,"Thaker, Hans And Chandra",4131,Transport & Travel,Private Limited,Lucknow,Uttar Pradesh,2025-02-10,XXXX2452,Inactive,274.11,Unique,present,MASKED,PROVIDED,PROVIDED
MCH7074,Chakrabarti Rama,4131,Transport & Travel,Individual,Pune,Maharashtra,2025-06-08,3727290380,Unknown,0.843,Found Duplicate,present,VALID_NUMERIC,PROVIDED,PROVIDED
MCH5137,"Grewal, Chhabra And Sawhney",4131,Transport & Travel,Sole Proprietorship,Ludhiana,Punjab,2023-06-29,,Active,551.72,Found Duplicate,present,MISSING,PROVIDED,PROVIDED
MCH6200,"Kapadia, Bail And Badal",4131,Transport & Travel,Private Limited,Chennai,Tamil Nadu,2023-12-09,,Active,1183.13,Found Duplicate,present,MISSING,PROVIDED,PROVIDED
MCH4364,Sastry Shetty,4131,Transport & Travel,Sole Proprietorship,Kolkata,West Bengal,2024-06-14,BYKR5512266480306,Unknown,0.1128,Unique,present,ALPHANUMERIC_IBAN,PROVIDED,PROVIDED
MCH4064,"Sastry, Sibal And Rajagopal",4131,Transport & Travel,Partnership,Lucknow,Uttar Pradesh,2024-11-23,XXXX7853,Inactive,460.13,Found Duplicate,present,MASKED,PROVIDED,PROVIDED
MCH5159,"Boase, Nadkarni And Kala",4131,Transport & Travel,Private Limited,Jaipur,Rajasthan,2025-05-18,DDIU4780752450137,Unknown,214.1,Unique,present,ALPHANUMERIC_IBAN,PROVIDED,PROVIDED
MCH1518,"Deol, Mand And Bhattacharyya",4131,Transport & Travel,Partnership,Jaipur,Rajasthan,2023-09-17,,Suspended,0.862,Found Duplicate,present,MISSING,PROVIDED,PROVIDED
MCH2896,"Date, Sahota And Hayre",4131,Transport & Travel,Individual,Chennai,Tamil Nadu,,KPBN8019714054804,Unknown,1484.62,Found Duplicate,missing,ALPHANUMERIC_IBAN,PROVIDED,PROVIDED
MCH8281,Tara Mander,4131,Transport & Travel,Private Limited,Pune,Maharashtra,2023-03-11,TEPW4553100153492,Unknown,3216.91,Found Duplicate,present,ALPHANUMERIC_IBAN,PROVIDED,PROVIDED
MCH5792,"Bava, Krish And Ghose",4131,Transport & Travel,Partnership,Amritsar,Punjab,2024-09-07,0878817279,Suspended,1136.54,Unique,present,VALID_NUMERIC,PROVIDED,PROVIDED
MCH7276,Talwar Kant,4131,Transport & Travel,Partnership,Jaipur,Rajasthan,2023-06-23,,Active,692.16,Unique,present,MISSING,PROVIDED,PROVIDED
MCH7164,"Tata, Sachdeva And Palan",4131,Transport & Travel,Individual,Jalandhar,Punjab,2023-08-10,FKFD7859864387581,Active,519.18,Found Duplicate,present,ALPHANUMERIC_IBAN,PROVIDED,PROVIDED
MCH3594,Om Tiwari,4131,Transport & Travel,Partnership,Pune,Maharashtra,2024-07-28,VPIP7717372044916,Active,1023.26,Found Duplicate,present,ALPHANUMERIC_IBAN,PROVIDED,PROVIDED
MCH9220,"Agate,Boaseandkurian",4131,Transport & Travel,Sole Proprietorship,Delhi,Delhi,,XXXX4686,Inactive,728.01,Unique,missing,MASKED,PROVIDED,PROVIDED
MCH4709,Dewan Jain,4131,Transport & Travel,Partnership,Lucknow,Uttar Pradesh,2025-02-11,KNDG8941878782288,Active,108.08,Found Duplicate,present,ALPHANUMERIC_IBAN,PROVIDED,PROVIDED
MCH1588,Doctor Ltd,4131,Transport & Travel,Individual,Ludhiana,Punjab,2025-07-27,XXXX2866,Suspended,1791.21,Unique,present,MASKED,PROVIDED,PROVIDED
MCH7194,Shan And S0Ns,4131,Transport & Travel,Individual,Ludhiana,Punjab,,,Active,983.19,Unique,missing,MISSING,PROVIDED,PROVIDED
MCH6024,"Doshi, Peri And Keer",4131,Transport & Travel,Partnership,Pune,Maharashtra,2025-01-01,,Unknown,142.5,Found Duplicate,present,MISSING,PROVIDED,PROVIDED
MCH3680,Pradhan Ltd,4131,Transport & Travel,Private Limited,Hyderabad,Telangana,2025-11-22,HAKD1990878179577,Unknown,519.26,Found Duplicate,present,ALPHANUMERIC_IBAN,PROVIDED,PROVIDED
MCH6183,Nayar And Sons,4131,Transport & Travel,Individual,Jalandhar,Punjab,2023-07-06,XXXX7204,Active,0.2423,Found Duplicate,present,MASKED,PROVIDED,PROVIDED
MCH3489,Bahl Bhavsar,4131,Transport & Travel,Partnership,Delhi,Delhi,,XXXX6898,Unknown,908.03,Unique,missing,MASKED,PROVIDED,PROVIDED
MCH7554,"J0Ha1, K0Thari And Nagar",4131,Transport & Travel,Individual,Jalandhar,Punjab,2023-02-05,,Active,572.11,Unique,present,MISSING,PROVIDED,PROVIDED
MCH1543,Parmer Group,4131,Transport & Travel,Individual,Hyderabad,Telangana,2025-04-02,,Active,1064.76,Unique,present,MISSING,PROVIDED,PROVIDED
MCH6163,Raju And Sons,4131,Transport & Travel,Individual,Ludhiana,Punjab,2025-06-02,XTAO1446983636380,Active,1659.71,Found Duplicate,present,ALPHANUMERIC_IBAN,PROVIDED,PROVIDED
MCH9563,"Singh, Issac And Murty",4131,Transport & Travel,Private Limited,Kolkata,West Bengal,2023-02-01,,Active,1366.02,Found Duplicate,present,MISSING,PROVIDED,PROVIDED
MCH8148,Sehgal Banik,4131,Transport & Travel,Sole Proprietorship,Bengaluru,Karnataka,2024-01-27,,Unknown,0.406,Unique,present,MISSING,PROVIDED,PROVIDED
MCH1364,Krishnamurthy Llc,4131,Transport & Travel,Individual,Hyderabad,Telangana,2023-01-02,IIJY7170442781592,Active,377.26,Found Duplicate,present,ALPHANUMERIC_IBAN,PROVIDED,PROVIDED
MCH3616,Bakshi Group,4131,Transport & Travel,Private Limited,Hyderabad,Telangana,2024-03-13,,Active,1136.19,Found Duplicate,present,MISSING,PROVIDED,PROVIDED
MCH7126,"Shankar, Dave And Mahajan",4131,Transport & Travel,Individual,Pune,Maharashtra,2025-05-29,XXXX9486,Active,2564.94,Found Duplicate,present,MASKED,PROVIDED,PROVIDED
MCH7152,Dewan Garde,4131,Transport & Travel,Sole Proprietorship,Delhi,Delhi,2024-01-14,,Active,628.75,Found Duplicate,present,MISSING,PROVIDED,PROVIDED
MCH4692,Bhat Inc,4131,Transport & Travel,Sole Proprietorship,Hyderabad,Telangana,2024-05-06,,Active,3808.17,Found Duplicate,present,MISSING,PROVIDED,PROVIDED
MCH2506,"Sarna, Vora And Seth",4131,Transport & Travel,Individual,Jaipur,Rajasthan,2024-06-13,,Active,222.33,Unique,present,MISSING,PROVIDED,PROVIDED
MCH2205,Narayan Plc,4131,Transport & Travel,Partnership,Hyderabad,Telangana,2023-03-16,,Inactive,2136.03,Found Duplicate,present,MISSING,PROVIDED,PROVIDED
MCH1873,Rai Nagi,4131,Transport & Travel,Private Limited,Delhi,Delhi,2024-01-10,,Active,0.3862,Found Duplicate,present,MISSING,PROVIDED,PROVIDED
MCH3382,"Patla, Thakur And Kaur",4131,Transport & Travel,Private Limited,Pune,Maharashtra,2025-02-06,,Unknown,470.22,Found Duplicate,present,MISSING,PROVIDED,PROVIDED
MCH9352,Ramanathan Lala,4131,Transport & Travel,Partnership,Bengaluru,Karnataka,2026-02-09,ICJY2091662937472,Active,1121.19,Found Duplicate,present,ALPHANUMERIC_IBAN,PROVIDED,PROVIDED
MCH1305,Ghose Batta,4131,Transport & Travel,Individual,Hyderabad,Telangana,2025-12-20,,Inactive,380.06,Unique,present,MISSING,PROVIDED,PROVIDED
MCH1387,Handa Talwar,4131,Transport & Travel,Sole Proprietorship,Lucknow,Uttar Pradesh,2023-05-10,,Active,0.754,Unique,present,MISSING,PROVIDED,PROVIDED
MCH6359,Pai Dada,4131,Transport & Travel,Individual,Jaipur,Rajasthan,2025-05-27,XFLS9466066220965,Active,484.0,Unique,present,ALPHANUMERIC_IBAN,PROVIDED,PROVIDED
MCH4669,Bail Plc,4131,Transport & Travel,Sole Proprietorship,Lucknow,Uttar Pradesh,2023-09-17,XXXX4093,Inactive,1960.77,Found Duplicate,present,MASKED,PROVIDED,PROVIDED
MCH3473,"Mahal, Butala And Shenoy",4131,Transport & Travel,Individual,Amritsar,Punjab,2025-11-20,9906876351,Inactive,456.8,Unique,present,VALID_NUMERIC,PROVIDED,PROVIDED
MCH5765,Murty Inc,4131,Transport & Travel,Partnership,Mumbay,Maharashtra,2025-07-18,,Unknown,2715.83,Unique,present,MISSING,PROVIDED,PROVIDED
MCH5562,Savant Narayan,4131,Transport & Travel,Private Limited,Hyderabad,Telangana,2025-11-18,1333760731,Unknown,2799.21,Unique,present,VALID_NUMERIC,PROVIDED,PROVIDED
MCH5256,Ghoshllc,4131,Transport & Travel,Individual,Chennai,Tamil Nadu,,ASNK4892862388041,Active,429.35,Unique,missing,ALPHANUMERIC_IBAN,PROVIDED,PROVIDED
MCH3177,"Ping1E, Ra0 And Varty",4131,Transport & Travel,Individual,Kolkata,West Bengal,2025-04-19,XXXX0077,Suspended,1840.14,Found Duplicate,present,MASKED,PROVIDED,PROVIDED
MCH9467,"Pall, Lala And Dhar",4131,Transport & Travel,Individual,Chennai,Tamil Nadu,2024-09-03,,Active,1206.07,Unique,present,MISSING,PROVIDED,PROVIDED
MCH4509,"Shanker, Sem And Varughese",4131,Transport & Travel,Sole Proprietorship,Pune,Maharashtra,2023-08-16,,Active,1023.91,Unique,present,MISSING,PROVIDED,MISSING_OR_INVALID
MCH2528,Bumb Plc,4131,Transport & Travel,Sole Proprietorship,Amritsar,Punjab,2024-06-22,,Active,1023.91,Found Duplicate,present,MISSING,PROVIDED,MISSING_OR_INVALID
MCH2986,Kade Anne,4131,Transport & Travel,Partnership,Amritsar,Punjab,2025-11-29,,Suspended,736.81,Unique,present,MISSING,PROVIDED,PROVIDED
MCH2550,Misra Natarajan,4131,Transport & Travel,Individual,Ludhiana,Punjab,2023-06-02,7951076714,Active,1549.99,Found Duplicate,present,VALID_NUMERIC,PROVIDED,PROVIDED
MCH5197,Acharyainc,4131,Transport & Travel,Private Limited,Jalandhar,Punjab,,XXXX5691,Unknown,699.94,Unique,missing,MASKED,PROVIDED,PROVIDED
MCH6563,Naik Plc,4131,Transport & Travel,Individual,Jalandhar,Punjab,2025-04-04,,Active,0.1376,Found Duplicate,present,MISSING,PROVIDED,PROVIDED
MCH3574,Sodhi Shan,4131,Transport & Travel,Partnership,Pune,Maharashtra,2025-05-31,YFPD1472473488670,Inactive,0.4407,Unique,present,ALPHANUMERIC_IBAN,PROVIDED,PROVIDED
MCH9489,Badal Sankaran,4131,Transport & Travel,Sole Proprietorship,Chennai,Tamil Nadu,2026-03-02,,Unknown,1437.06,Unique,present,MISSING,PROVIDED,PROVIDED
MCH2910,"Mall, Sankaran And Mittal",4131,Transport & Travel,Private Limited,Delhi,Delhi,2025-09-28,XXXX0107,Inactive,3631.28,Found Duplicate,present,MASKED,PROVIDED,PROVIDED
MCH6162,"Naik, Kade And Singh",4131,Transport & Travel,Partnership,Amritsar,Punjab,2025-03-21,XXXX4537,Active,2176.24,Unique,present,MASKED,PROVIDED,PROVIDED
MCH5200,Saha Plc,4131,Transport & Travel,Private Limited,Ludhiana,Punjab,2025-11-10,,Active,913.24,Unique,present,MISSING,PROVIDED,PROVIDED
MCH2567,"Magar, Hora And Khare",4131,Transport & Travel,Sole Proprietorship,Delhi,Delhi,2024-09-30,TLMQ4688047179537,Unknown,572.7,Unique,present,ALPHANUMERIC_IBAN,PROVIDED,PROVIDED
MCH4717,Bir Ltd,4131,Transport & Travel,Private Limited,Chennai,Tamil Nadu,2025-11-14,JKIU5676140711543,Active,7107.16,Unique,present,ALPHANUMERIC_IBAN,PROVIDED,PROVIDED
MCH3680,Gala And Sons,4131,Transport & Travel,Partnership,Delhi,Delhi,2023-12-31,,Active,0.962,Found Duplicate,present,MISSING,PROVIDED,PROVIDED
MCH3842,"Rao, Rajagopal And Ratti",4131,Transport & Travel,Private Limited,Jaipur,Rajasthan,2024-01-27,,Active,444.1,Found Duplicate,present,MISSING,PROVIDED,PROVIDED
MCH5280,Mani Chada,4131,Transport & Travel,Sole Proprietorship,Chennai,Tamil Nadu,2025-03-18,XXXX6717,Active,1112.24,Unique,present,MASKED,PROVIDED,PROVIDED
MCH9444,Sachdeva Khatri,4131,Transport & Travel,Partnership,Jalandhar,Punjab,2024-01-13,2308250236,Active,345.26,Found Duplicate,present,VALID_NUMERIC,PROVIDED,PROVIDED
MCH7768,Sahota Walia,4131,Transport & Travel,Partnership,Delhi,Delhi,2025-06-19,,Suspended,1097.55,Unique,present,MISSING,PROVIDED,PROVIDED
MCH1340,"Dash, Saxena And Kara",4131,Transport & Travel,Private Limited,Hyderabad,Telangana,2024-04-03,,Inactive,4203.63,Found Duplicate,present,MISSING,PROVIDED,PROVIDED
