merchant_id,merchant_name,mcc,merchant_category,business_type,city,state,onboarding_date,settlement_account,merchant_status,declared_avg_ticket_size
mch2849,"BHAVSAR, KOTA AND ZACHARIA",MCC-7011,hotel_lodging,Private Limited,Ludhiana,Punjab,09-23-2025,,Inactive,"INR 2,432.18"
MCH4314,Deshmukh Ltd,5699,Apparel,PRIVATE_LIMITED,Jalandhar,Punjab,,3021439858,I,986.05
MCH1986,"Bains, Chanda and Gh0sh",5311,Retail,individual,Jalandhar,Punjab,10/01/2026,NA,A,"INR 1,427.52"
mch3899,  Goswami-Bath  ,4131,Transportation,Sole Proprietor,Hyderabad,Telangana,14-Jan-2023,,ACTIVE,-1271.48
MCH4859,VASA-RAJU,5812,Restaurant,SOLE_PROPRIETOR,Hyd,Telangana,1742180385,XXXX9523,A,Rs. 214
MCH6848,Dora LLC,5311,Department Store,PARTNERSHIP,Chennai,Tamil Nadu,1758406998,DUSD7272281625368,Active,"₹1,272.49"
MCH9933,Bali-Zachariah,5411,Grocery Stores,SOLE_PROPRIETOR,JPR,Rajasthan,07/06/2023,TWPF4694358713410,Live,"Rs. 1,549"
MCH-2637,Joshi Group,5999,Misc Retail,PARTNERSHIP,chennai,Tamil Nadu,20/02/2025,,Enabled,-760.41
MCH8708,"Mukherjee, Sami and Purohit",5999,Retail Other,Sole Proprietor,Hyderabad,Telangana,28-Jan-2026,,SUSPENDED,2919.92
MCH 2430,Bora Group,4814,TELECOM,INDIVIDUAL,Amritsar,Punjab,2026-01-27 15:52:53,2955352677,A,827.43
MCH8556,"Rout, Dhillon and Sinha",5942,Book Store,SOLE_PROPRIETOR,jaipur,Rajasthan,04/05/2023 05:49 PM,,Live,
MCH 9997,"Kalita, Dass and Balay",MCC-5999,misc retail,individual,ludhiana,Punjab,07-12-2023,XXXX2557,Live,2233.91
MCH7003,"Koshy, Samra and Chana",5942,BOOKS_STATIONERY,PRIVATE-LIMITED,Jalandhar,Punjab,2024/06/29,XXXX7569,Hold,776.99
MCH 6945,Barad LLC,5311.0,Retail,partnership,Ludhiana,Punjab,13/09/2025 06:55 AM,NA,Live,3350.77
mch4323,"Ben, Wagle and Shan",5812,eating place,SOLE-PROPRIETOR,Madras,Tamil Nadu,2023-05-11 05:53:16,4367668757,SUSPENDED,
mch1405,Sawhney-Naru1a,5912.0,MEDICAL_STORE,sole_proprietor,lucknow,Uttar Pradesh,2024/12/31,NA,SUSPENDED,3091.86
MCH9459,Bala and Sons,5411,Grocery,PARTNERSHIP,Madras,Tamil Nadu,2023/11/12,,Enabled,558.21
MCH7645,Majumdar-Nagarajan,MCC-5912,MEDICAL_STORE,Sole Proprietor,Amritsar,Punjab,21-Sep-2024,7530870851,Enabled,"₹1,396.81"
mch9620,chad plc,,Retail,INDIVIDUAL,Ludhiana,Punjab,04-16-2025,HEOY8360949899311,ACTIVE,INR 786.55
MCH9815,"NARASIMHAN, VASA AND GOSWAMI",5942,Book Store,INDIVIDUAL,DELHI,Delhi,10/11/2025 04:53 AM,MZNM1643262942719,Active,-528.91
MCH5251,"Rana, Chandra and Tank",4131,Transportation,Partnership,mumbai,Maharashtra,,NA,I,"INR 3,641.26"
mch2934,Warri0r-Siba1,5999.0,Other,INDIVIDUAL,amritsar,Punjab,07-Apr-2025,,Live,
MCH3140,"Zachariah,RajagopalandSamra",4814,TELECOM,private_limited,amritsar,Punjab,2023-09-04 17:37:45,NA,ACTIVE,363.21
MCH2833,Kapoor-Shankar,7011,HOTEL_LODGING,SOLE_PROPRIETOR,Jalandar,Punjab,,VEQH1532066637768,Live,₹474.69
mch2849,"BHAVSAR, KOTA AND ZACHARIA",MCC-7011,HOTEL_LODGING,Private Limited,Ludhiana,Punjab,09-23-2025,,A,"INR 2,432.18"
MCH6397,"SURI, AGRAWAL AND NATARAJAN",5942,Books,PARTNERSHIP,Delhi,Delhi,19/08/2024,,ACTIVE,Rs. 547
MCH 2749,issac and sons,MCC-5912,MEDICAL_STORE,sole_proprietor,Mumbai,Maharashtra,03-09-2025,1616970087,Live,
MCH5089,Korpal-Parmer,05311,Retail,Private Limited,Jaipur,Rajasthan,2024/06/14,NA,A,"Rs. 3,730"
MCH5112,nigam-chawla,4131,Transportation,Private Limited,Chennai,Tamil Nadu,06/09/2025,,Disabled,INR 353.30
mch9951,Natt Group,5912,Pharmacies,partnership,Madras,Tamil Nadu,05-Feb-2024,TSMH8783182679043,Enabled,1765.37
mch4962,venkataraman-mannan,5942,Books,private_limited,Chennai,Tamil Nadu,1752559334,8238766790,Live,₹266.61
MCH1541,Bhattacharyya-Hans,MCC-7011,Hotels,PRIVATE-LIMITED,kolkata,West Bengal,2024/03/24,XXXX2848,Enabled,₹621.01
mch3442,Kuruvilla Ltd,5411,Grocery,partnership,Hyd,Telangana,11-04-2023,NA,Disabled,1281.68
MCH 9993,Chadha-Tailor,5942,Book Store,private_limited,Ludhiana,Punjab,05-Jan-2026,,Inactive,2368.65
8365,Som-Dhar,5999,Misc Retail,individual,pune,Maharashtra,30/08/2025,,Live,269.48
MCH-2536,  Divan-Radhakrishnan  ,4131,transprt,PRIVATE-LIMITED,Poona,Maharashtra,09-Jul-2025,NWSY9894058484946,Live,
MCH6777,LALL-DATE,5411,groceries,PARTNERSHIP,LKO,Uttar Pradesh,2023-12-20 14:05:11,XXXX6676,Enabled,1143.87
MCH8152,chaudhari plc,5912.0,Pharmacy,SOLE-PROPRIETOR,Jalandhar,Punjab,24/07/2023 08:56 PM,NA,Active,"INR 1,648.01"
MCH 2665,"  Arora, Bir and Mahal  ",5311,Retail,SOLE_PROPRIETOR,LKO,Uttar Pradesh,15/11/2024 08:23 PM,3459659161,Inactive,"INR 2,101.74"
MCH1384,THAKUR-BEN,4814,Telecom,INDIVIDUAL,Hyderabad,Telangana,2023/11/04,,Live,"₹1,433.16"
MCH-4729,parmer-kulkarni,5311,DEPT_STORE,INDIVIDUAL,Bangalore,Karnataka,03/09/2023 03:34 PM,NA,A,"INR 1,384.93"
mch6326,"Barad,MurtyandTella",5942,BOOKS_STATIONERY,PRIVATE-LIMITED,chennai,Tamil Nadu,22/06/2024 06:08 PM,LQXK9607455160094,Enabled,-671.62
MCH5563,"Dubey, Wali and Yadav",,garments,sole_proprietor,kolkata,West Bengal,01-28-2024,5163059320,ACTIVE,"Rs. 2,198"
MCH3063,Bansal Inc,04131,Transport,INDIVIDUAL,JPR,Rajasthan,2025/07/02,NA,I,282.67
MCH7974,"Verma, Koshy and Bhardwaj",5411,GROCERY_STORE,individual,Jaipur,Rajasthan,04-Oct-2023,7985944544,Enabled,460.5
MCH5575,  Sandal LLC  ,5411,kirana,partnership,Chennai,Tamil Nadu,13-Feb-2024,XXXX5528,A,"INR 5,255.72"
MCH7433,"Sahota, Desai and Sarma",5999,Misc Retail,INDIVIDUAL,pune,Maharashtra,24-Feb-2024,,A,₹867.14
MCH-1454,WableInc,5999,Misc Retail,INDIVIDUAL,Lucknow,Uttar Pradesh,2025/06/18,7787448001,Live,"Rs. 2,617"
MCH1331,"Garg, Bobal and Jain",MCC-4131,TRAVEL,individual,Calcutta,West Bengal,2024/06/29,,ACTIVE,3720.61
MCH1168,  Sekhon Inc  ,5411,Grocery,SOLE_PROPRIETOR,Hyd,Telangana,26/07/2025 09:06 PM,,Enabled,"Rs. 6,003"
MCH5283,"  Verma, Narasimhan and Balan  ",,Pharmacies,Individual,delhi,Delhi,05-Feb-2026,,INACTIVE,"Rs. 1,266"
MCH2698,KalaLLC,7011,hotel_lodging,individual,lucknow,Uttar Pradesh,08-19-2023,YXNF3515433387898,Inactive,"INR 3,590.19"
MCH6451,Chandran Group,5311,Department Store,INDIVIDUAL,Jalandar,Punjab,2025/10/07,5694147499,I,165.95
MCH2255,  Lal Ltd  ,5311,Department Stores,individual,JPR,Rajasthan,29/05/2023,6674150314,Live,"INR 1,404.67"
mch7312,Ramakrishnan-Banerjee,5311,Retail,sole_proprietor,mumbai,Maharashtra,24/02/2024 11:03 AM,CCCL8077324997121,Enabled,977.96
MCH8549,"Amb1e, Sangha and C0mar",4814,TELECOM,INDIVIDUAL,ludhiana,Punjab,12-Jan-2026,XXXX7799,Enabled,"INR 1,130.69"
MCH9784,lal ltd,05812,eating place,PARTNERSHIP,Madras,Tamil Nadu,28/12/2024 05:21 AM,XXXX3001,Enabled,1442.84
MCH5395,"Dada, Jani and Kaul",5942.0,Stationery,Partnership,Madras,Tamil Nadu,06-Mar-2025,,Live,-698.53
MCH6067,Chaw1a-Gangu1y,UNKNOWN,Hospitality,sole_proprietor,mumbai,Maharashtra,2025/12/03,FNQE1460028710860,Inactive,700.95
MCH4786,EDWIN PLC,5699,Clothing,INDIVIDUAL,Ludhiana,Punjab,15/12/2024,4903394968,Enabled,"3,435.22"
MCH3559,Chokshi Inc,5812.0,Food,private_limited,bengaluru,Karnataka,23/12/2024,XXXX5330,SUSPENDED,-535.7
MCH3955,"Swamy, Dhingra and Sheth",5311.0,Department Stores,Individual,Chennai,Tamil Nadu,25/11/2024,,SUSPENDED,Rs. 508
MCH3558,"Bhattacharyya, Mahal and Setty",4131,transprt,partnership,jaipur,Rajasthan,28-Jul-2023,7325110455,Enabled,4448.97
MCH2879,"Pillay, Vora and Karnik",MCC-5812,Restaurant,INDIVIDUAL,LDH,Punjab,2024-05-20 19:55:26,9486638654,ACTIVE,
MCH-3340,VARTY-CHOKSHI,5999,Miscellaneous,PARTNERSHIP,Chennai,Tamil Nadu,1680836570,,ACTIVE,311.76
MCH6403,"Sahni, Kapur and Ganesh",,CLOTHS,private_limited,Madras,Tamil Nadu,30-May-2024,NA,ACTIVE,₹344.49
MCH 3455,Singhal LLC,05311,Department Store,INDIVIDUAL,Jalandar,Punjab,06/01/2026 05:10 AM,,Active,11222.95
MCH8578,Bhatt LLC,4131,transprt,SOLE-PROPRIETOR,Poona,Maharashtra,26/08/2023 11:42 PM,QYMF1422119480722,Inactive,"₹2,462.04"
MCH4277,Chaudhry-Karpe,4131,Transportation,private_limited,ludhiana,Punjab,2023-11-09 07:01:01,NA,Enabled,-3362.42
MCH8716,"Naik, Chada and Divan",5999,Other,private_limited,LDH,Punjab,11-Jan-2023,EDPS0799008597487,Live,₹225.43
MCH 9697,Walla Ltd,NA,telecom,INDIVIDUAL,Bangalore,Karnataka,2025/07/21,NA,Live,"₹1,081.86"
1170,"Wali, Bala and Sanghvi",05311,Department Store,SOLE-PROPRIETOR,BLR,Karnataka,01/04/2023 03:30 PM,,INACTIVE,"₹1,109.65"
MCH8705,"Sahota, Kale and Patil",4131,transprt,Private Limited,delhi,Delhi,10-Nov-2024,XXXX9019,Enabled,1127.21
MCH6875,BUCH LTD,5912,chemist,Individual,LKO,Uttar Pradesh,02-07-2023,NA,ACTIVE,2704.27
MCH 5146,Wadhwa-Swamy,05311,Department Stores,partnership,Jalandhar,Punjab,05/11/2023,NA,A,
MCH7239,Tata-Hayer,7011,Hotel,INDIVIDUAL,Madras,Tamil Nadu,2025/06/09,MPZF9929757844428,ACTIVE,"INR 1,929.61"
MCH7925,BADAMI GROUP,7011,HOTEL_LODGING,Sole Proprietor,Hyderabad,Telangana,01-Jul-2023,IVGP0940394312057,Live,
MCH3625,Lall Inc,5699,Fashion,INDIVIDUAL,Kolkata,West Bengal,16-Jul-2023,8363629876,Disabled,691.1
MCH6999,srinivasan-agate,5812.0,eating place,partnership,Hyd,Telangana,22/02/2023 05:51 PM,,Live,"1,015.19"
MCH9868,"  Bedi, Konda and Kant  ",MCC-5912,MEDICAL_STORE,INDIVIDUAL,jaipur,Rajasthan,02/01/2023 06:58 AM,XXXX9285,Active,444.97
MCH5356,"Solanki, Kala and Loke",4814,Mobile Recharge,PARTNERSHIP,Hyderabad,Telangana,03/01/2023,TUAH3044152488223,A,-827.01
MCH 3953,"Ray, Minhas and Yohannan",5411,Grocery Stores,Sole Proprietor,kolkata,West Bengal,18-Mar-2023,XXXX6303,A,"INR 8,126.93"
MCH-3697,Cherian LLC,7011,Hotel,individual,Madras,Tamil Nadu,04/11/2023 01:30 PM,,Live,"INR 2,525.65"
MCH6046,"Palla, Yadav and Bhatnagar",5999,Other,INDIVIDUAL,Bengaluru,Karnataka,2024-03-27 20:41:48,,A,2396.76
MCH7759,"SANKARAN, PATEL AND NARAIN",5699,Apparel,sole_proprietor,Kolkata,West Bengal,2025-10-15 13:32:26,EADV1032511266518,Active,
MCH5657,Natt-Goel,5999,Miscellaneous,individual,Dilli,Delhi,,NA,Enabled,"Rs. 1,355"
MCH 2432,Parmar-Parmer,MCC-4131,Transportation,Individual,Calcutta,West Bengal,,NA,Enabled,"INR 2,557.63"
MCH5705,MUKHOPADHYAY AND SONS,5699,Apparel,sole_proprietor,jalandhar,Punjab,25/02/2025,NA,A,716.31
MCH1358,"CHAUDRY, BARAL AND MODI",4131,Transportation,INDIVIDUAL,Ludhiana,Punjab,07/06/2025,3312553110,Enabled,2115.38
MCH7337,NATH-NARAYAN,5699,CLOTHS,Individual,Hyd,Telangana,28-Jul-2024,,ACTIVE,"3,029.85"
MCH9319,LadInc,5699.0,garments,sole_proprietor,Jalandhar,Punjab,2025/07/20,XXXX7774,Enabled,839.54
MCH5354,Khatri-De0,05942,Book Store,PARTNERSHIP,Jalandar,Punjab,,WCZU4810286661084,Live,
MCH-6329,Srinivas-Banerjee,,MEDICAL_STORE,INDIVIDUAL,Kolkata,West Bengal,2024/05/12,XXXX2718,ACTIVE,199.46
mch3206,Ahuja-Din,5311,Retail,sole_proprietor,Hyderabad,Telangana,1768139454,XXXX4117,Active,"Rs. 1,244"
MCH 5632,  Tandon Ltd  ,05311,DEPT_STORE,sole_proprietor,Bangalore,Karnataka,2025-05-29 12:56:08,NA,Active,INR 270.52
MCH8355,"Virk, Sarna and Sangha",5812,Restaurants,INDIVIDUAL,Mumbai,Maharashtra,09-10-2023,0702210119,Active,"Rs. 3,279"
MCH3281,Ranganathan and Sons,5311,Retail,Partnership,kolkata,West Bengal,2024/03/01,XXXX9655,Enabled,-649.49
mch2978,Deshpande LLC,7011,Hospitality,private_limited,Lucknow,Uttar Pradesh,1675295851,XXXX0228,A,194.6
3399,Rana-Talwar,5912.0,MEDICAL_STORE,PRIVATE-LIMITED,mumbai,Maharashtra,2024-03-30 09:48:22,6585786984,ACTIVE,575.9
MCH7219,Dhawan-Saha,7011.0,HOTEL_LODGING,INDIVIDUAL,Dilli,Delhi,01-06-2026,HJFW5603026154965,Inactive,2354.94
MCH3757,Chokshi PLC,04814,TELECOM,Private Limited,Jaipur,Rajasthan,23/10/2025 10:04 AM,KUIQ2748561079701,ACTIVE,2492.69
MCH1214,Padmanabhan Gr0up,4814,TELECOM,individual,Amritsar,Punjab,24/08/2025,,Live,-362.46
MCH2249,Bahri-Nagarajan,7011,HOTEL_LODGING,SOLE_PROPRIETOR,Ludhiana,Punjab,11-17-2024,0364290572,Live,INR 590.80
MCH 9098,Manda and Sons,05812,Restaurants,PARTNERSHIP,bengaluru,Karnataka,2024-03-03 16:14:27,XXXX2826,Active,Rs. 870
MCH7932,SETHI LTD,4814.0,Telecom,Private Limited,Bengaluru,Karnataka,20/04/2025 10:28 PM,AUYT1495828220876,Active,4410.18
MCH1216,"Agarwal, Dave and Vala",7011,Hotels,SOLE-PROPRIETOR,chennai,Tamil Nadu,10-18-2024,NA,Active,2228.42
mch3497,"Gokhale, Parmer and Contractor",,Transport,INDIVIDUAL,jalandhar,Punjab,1699047591,,ACTIVE,-403.24
8517,"Bandi, Bir and Buch",5912,chemist,individual,Dilli,Delhi,2025/05/12,XXXX8958,Active,"INR 2,544.34"
MCH3567,Kala Ltd,MCC-4814,TELECOM,Sole Proprietor,amritsar,Punjab,15-May-2023,0120134197,Active,"INR 1,794.62"
MCH6890,Pandit-Narasimhan,7011,Hotel,private_limited,Calcutta,West Bengal,21/04/2024,XXXX8046,Closed,525.87
MCH6632,"  Om, Mall and Sandhu  ",UNKNOWN,Bus/Taxi,PARTNERSHIP,Lucknow,Uttar Pradesh,07-28-2023,XXXX3092,Hold,996.13
MCH7269,La11-Raman,4814,TELECOM,PRIVATE_LIMITED,LKO,Uttar Pradesh,2023-10-25 09:50:57,4846136502,Active,"1,031.92"
MCH4180,Dave-Oza,,BOOKS_STATIONERY,SOLE_PROPRIETOR,DELHI,Delhi,2024/01/08,,Active,394.99
MCH1492,"PANCHAL, BAIL AND NADKARNI",05912,Medical,sole_proprietor,Jaipur,Rajasthan,2024/07/05,NA,Hold,"6,674.02"
mch5210,NATARAJAN LLC,4131,transprt,PARTNERSHIP,Lucknow,Uttar Pradesh,2023/08/25,NA,Enabled,"₹2,522.68"
MCH6115,Padmanabhan-Chahal,misc,Retail,Private Limited,Bombay,Maharashtra,01/03/2024,XXXX5769,I,INR 266.65
MCH5950,Dey-Raj,5999,Retail Other,SOLE-PROPRIETOR,amritsar,Punjab,11-29-2025,0371217445,A,-3256.77
MCH3556,Andra-Nagar,5999,Misc Retail,Sole Proprietor,pune,Maharashtra,2025-05-04 18:43:19,NA,ACTIVE,"1,107.13"
MCH4842,Pa11a LLC,5942,Stationery,INDIVIDUAL,Calcutta,West Bengal,2024/12/19,XXXX0707,Live,"Rs. 3,127"
MCH6831,"Kothari, De and Arora",5999,Retail Other,Individual,Kolkata,West Bengal,17/11/2025 04:43 PM,FVLK6104664273261,SUSPENDED,
MCH2922,Chhabra-Jha,5999,Retail Other,sole_proprietor,Bombay,Maharashtra,2024/10/10,FAIS4263479017973,Enabled,-1096.49
MCH8509,"Majumdar, Deshpande and Solanki",5311,DEPT_STORE,PARTNERSHIP,BLR,Karnataka,09-17-2024,XXXX5135,I,-1098.85
mch3604,"  Shetty, Bali and Sama  ",5411,groceries,Partnership,Ludhiana,Punjab,1672794464,IQHJ3383226507557,A,Rs. 394
MCH9785,Nagarajan PLC,5699,CLOTHS,INDIVIDUAL,MUMBAI,Maharashtra,06/08/2025,,Enabled,"INR 2,709.78"
mch1447,"Dara, Om and Chaudhry",5699,garments,PRIVATE_LIMITED,Bangalore,Karnataka,29-Apr-2023,NJHB3866390601882,Disabled,Rs. 373
MCH7659,"Pandya, Bakshi and Chaudhary",4131,Transport,private_limited,Madras,Tamil Nadu,16/04/2023 06:19 PM,FNTE9764699509957,Active,"1,564.19"
MCH1600,"warrior, anand and kata",5311,Department Store,INDIVIDUAL,chennai,Tamil Nadu,07/10/2025,DNAN6947992423478,ACTIVE,"₹2,937.03"
MCH8561,Mahal-Talwar,5912.0,chemist,INDIVIDUAL,Poona,Maharashtra,21-Nov-2024,XXXX1106,A,INR 892.64
MCH4029,Kuruvilla and Sons,5411,Grocery Stores,PRIVATE-LIMITED,pune,Maharashtra,,DGMS6783095939908,A,INR 55.43
MCH1392,Johal-Gaba,05912,Medical,PRIVATE-LIMITED,pune,Maharashtra,02-20-2024,XXXX9354,INACTIVE,"4,352.70"
MCH4985,HAYRE AND SONS,5942,Books,Partnership,Lucknow,Uttar Pradesh,08-01-2023,PXAE0911368692866,Enabled,1981.89
MCH8808,"  Kothari, Bansal and Gupta  ",misc,Stationery,Individual,BLR,Karnataka,19/09/2025 01:30 AM,9868014892,A,Rs. 380
MCH7137,Krishna-Palan,4814,Telecom,Partnership,ludhiana,Punjab,29/09/2025,GJTY8331565779502,Enabled,
mch2813,"Sha, Bhatia and Vig",UNKNOWN,DEPT_STORE,INDIVIDUAL,chennai,Tamil Nadu,2024-10-24 13:37:28,5399147177,Active,"INR 3,821.16"
MCH1375,Golla and Sons,5912,Medical,PARTNERSHIP,Bengaluru,Karnataka,08/01/2023 01:43 PM,,Active,503.66
MCH2074,D’Alia Inc,05699,Fashion,partnership,jaipur,Rajasthan,1761162895,VRCT7941741947399,Enabled,"1,616.20"
MCH1256,Vala Inc,05912,MEDICAL_STORE,SOLE_PROPRIETOR,kolkata,West Bengal,17-Jan-2025,,Blocked,1415.24
8440,"Chacko, Natarajan and Menon",5999,Other,individual,Mumbai,Maharashtra,19/01/2025,,ACTIVE,₹775.41
MCH3060,Deep-Tata,5311,DEPT_STORE,INDIVIDUAL,ASR,Punjab,17-Apr-2023,NA,Enabled,-2601.81
MCH4025,  Hegde-Sule  ,5311,Retail,Individual,HYDERABAD,Telangana,,XXXX6804,INACTIVE,"₹1,108.29"
MCH6970,CHOPRA-LOKE,5311,Department Store,PARTNERSHIP,JPR,Rajasthan,02-13-2025,NA,Enabled,564.18
MCH 2850,  Reddy-Kara  ,4131,Bus/Taxi,Private Limited,jaipur,Rajasthan,22/04/2024,XXXX7186,Enabled,-953.86
mch5117,"Parikh, Sengupta and Chander",7011,Hotel,PARTNERSHIP,Chennai,Tamil Nadu,26/01/2023 11:39 PM,NA,Suspended,266.62
MCH-6651,"Mahajan, Vig and Balakrishnan",5411,groceries,Partnership,delhi,Delhi,02-17-2023,ZZEW6214809734757,A,1407.45
MCH6206,"Johal, Verma and Sane",5812,eating place,PRIVATE-LIMITED,Jalandhar,Punjab,2024-04-26 14:53:55,,Active,-765.75
MCH9755,"Mane, Dey and Nagy",MCC-7011,Hospitality,individual,Lucknow,Uttar Pradesh,09-05-2023,NA,Active,2207.77
MCH3401,chana llc,5411,Grocery Stores,INDIVIDUAL,Chennai,Tamil Nadu,,XXXX4048,ACTIVE,3703.23
MCH7698,SACHDEV AND SONS,MCC-5812,Restaurant,Sole Proprietor,Amritsar,Punjab,23-Jul-2023,NA,Enabled,
MCH2085,Loke Inc,7011.0,HOTEL_LODGING,INDIVIDUAL,HYDERABAD,Telangana,05/12/2023,CQUN5447672400868,Blocked,
mch1060,"Subramaniam, Rama and Contractor",4131,Transport,individual,HYDERABAD,Telangana,1714640414,FXHY9362967598468,Enabled,Rs. 480
MCH7876,"  Deshpande, Nagar and Parsa  ",misc,TELECOM,Individual,JPR,Rajasthan,2024/08/22,,Live,₹502.95
MCH9966,"  Kara, Chanda and Hayre  ",4131,Transportation,Individual,kolkata,West Bengal,16/01/2024 08:22 PM,XXXX6108,A,"₹3,566.37"
MCH2710,"Ramanathan, Bandi and Edwin",5411,Grocery Stores,sole_proprietor,New Delhi,Delhi,07-Nov-2024,9267399474,Active,5021.08
MCH2723,Purohit-Dani,,Food,Individual,ASR,Punjab,16/04/2024 04:10 AM,XXXX6527,Live,1384.67
mch6084,Gera-Patla,UNKNOWN,Bus/Taxi,SOLE_PROPRIETOR,Lucknow,Uttar Pradesh,26/01/2026 03:06 PM,0059005491,A,3360.46
MCH1457,Shetty Group,MCC-5999,Other,INDIVIDUAL,Jalandar,Punjab,11/07/2025,7979475554,ACTIVE,"INR 1,159.43"
MCH7866,Bhattacharyya and Sons,5311,Department Stores,Partnership,DELHI,Delhi,31/10/2025 05:29 AM,QKIU3712061004002,Active,"2,522.00"
MCH9528,Kibe-Memon,5699,Apparel,SOLE-PROPRIETOR,New Delhi,Delhi,07/12/2025,XXXX9874,ACTIVE,5399.84
MCH3612,Vaidya-Arya,5311,Retail,Private Limited,Kolkata,West Bengal,01/09/2023,UOBK5661273202199,Enabled,695.7
MCH3971,Sura PLC,7011,HOTEL_LODGING,INDIVIDUAL,Dilli,Delhi,2024-04-17 13:25:57,,A,₹748.82
MCH6025,Rege-Bali,MCC-4131,Transportation,Individual,Bengaluru,Karnataka,21-Apr-2025,XXXX0320,I,"INR 2,516.42"
MCH 6507,Kadakia PLC,5812,FOOD_SERVICES,PARTNERSHIP,chennai,Tamil Nadu,05-01-2023,XXXX3350,A,INR 740.55
mch8031,CHOKSHI LTD,7011,Hotels,individual,Hyd,Telangana,26/07/2025,3288481391,Enabled,2110.06
MCH8431,Bala Group,4131,Transportation,INDIVIDUAL,LDH,Punjab,02-May-2025,XXXX7030,Active,₹964.23
MCH9718,Mammen and Sons,5411,kirana,SOLE_PROPRIETOR,Jalandar,Punjab,06-20-2023,3331553891,Active,678.94
MCH 3058,Patla-Padmanabhan,5942,Books,individual,Pune,Maharashtra,2024/10/18,OBXD4944464643223,Enabled,974.77
MCH-8327,Men0n Ltd,,Miscellaneous,INDIVIDUAL,bengaluru,Karnataka,2023-06-18 18:05:34,,Disabled,"INR 1,670.04"
MCH9038,"Dara, Pai and Saxena",UNKNOWN,garments,Sole Proprietor,LDH,Punjab,04-18-2024,0739300438,Live,2740.86
MCH2412,Nadig Inc,5942,BOOKS_STATIONERY,Individual,Hyderabad,Telangana,2024-12-08 07:03:51,XXXX9581,Enabled,₹144.12
MCH2904,IYENGAR-COMAR,5999.0,Other,PRIVATE_LIMITED,delhi,Delhi,05/01/2026,XXXX7160,Active,1147.91
MCH5405,  Balan-Sabharwal  ,5812,Food,INDIVIDUAL,Bengaluru,Karnataka,1680850615,NA,ACTIVE,2280.95
MCH1625,HandaLLC,5912,MEDICAL_STORE,PRIVATE_LIMITED,ludhiana,Punjab,2024/07/27,NA,I,"₹4,123.17"
MCH3926,Master-Sarin,5999,Misc Retail,INDIVIDUAL,Hyderabad,Telangana,08/05/2025,,ACTIVE,"₹1,913.50"
MCH6979,Nadig Ltd,,chemist,sole_proprietor,Chennai,Tamil Nadu,2023-05-18 00:42:04,SYHI9438066539953,Inactive,640.32
MCH1842,Bedi-Vohra,5411,GROCERY_STORE,private_limited,Lucknow,Uttar Pradesh,,XXXX6666,Enabled,1241.96
MCH8130,"Kale, Kumer and Chand",,DEPT_STORE,Partnership,Ludhiana,Punjab,1770264224,GYEV9276514828192,Active,₹419.61
MCH1571,"Rao, Viswanathan and Joshi",MCC-4131,transprt,sole_proprietor,chennai,Tamil Nadu,1691037651,NA,A,866.2
mch9626,Gu1ati-Chhabra,4814,Telecom,partnership,Lucknow,Uttar Pradesh,1740143570,,A,Rs. 880
MCH2099,"tara, date and thakur",4131,transprt,SOLE_PROPRIETOR,Madras,Tamil Nadu,28/06/2023,BFBY2666613604973,Enabled,"INR 1,054.15"
MCH1841,Kadakia-Rao,,Hospitality,sole_proprietor,kolkata,West Bengal,07-01-2025,7706295964,ACTIVE,532.17
MCH7901,BALA GROUP,5812,Food,Partnership,Jaipur,Rajasthan,2023-03-02 12:07:59,VXJE9106968913579,Enabled,
MCH8607,"Wali,ManeandThakur",5699,Clothing,individual,New Delhi,Delhi,10-15-2023,XXXX4911,A,"Rs. 2,981"
MCH5570,"Sahni, Bala and Sharma",5999,Miscellaneous,individual,New Delhi,Delhi,2025-11-28 06:01:37,,Blocked,"₹1,506.33"
MCH5328,Dhaliwal Inc,5812,eating place,PRIVATE-LIMITED,kolkata,West Bengal,19/04/2025,,A,375.06
mch2408,"Kumar, Din and Sule",MCC-5999,Misc Retail,SOLE_PROPRIETOR,bengaluru,Karnataka,,NA,Enabled,-2001.55
MCH-9448,"  Sant, Manda and Khurana  ",,garments,partnership,Jalandhar,Punjab,10-08-2023,XXXX3103,Inactive,Rs. 522
MCH9463,Boase and Sons,5942,Books,PRIVATE_LIMITED,ASR,Punjab,1748793890,8867615299,Enabled,Rs. 835
5882,"Barad, Kara and Gokhale",misc,phone service,Sole Proprietor,Chennai,Tamil Nadu,25/09/2024,8200004171,Inactive,626.5
MCH5072,Shroff-Sangha,5999,Retail Other,PRIVATE-LIMITED,jaipur,Rajasthan,2024/12/08,XXXX4443,Active,3955.29
MCH2817,Keer and Sons,5999,Misc Retail,PRIVATE_LIMITED,Ludhiana,Punjab,05-19-2025,XXXX7166,Inactive,"₹2,074.28"
MCH7403,"Naik, Badami and Raj",5311,Department Store,SOLE_PROPRIETOR,Poona,Maharashtra,,NA,Enabled,"1,191.42"
MCH8984,Sharma Group,05812,Food,private_limited,ludhiana,Punjab,2023/06/21,NA,ACTIVE,590.58
MCH8915,Sur Ltd,5812,FOOD_SERVICES,INDIVIDUAL,Mumbay,Maharashtra,04/08/2025 09:08 PM,2079428373,Closed,665.18
MCH6109,Sampath Ltd,4814,Telecom,INDIVIDUAL,LDH,Punjab,15/01/2026 11:34 PM,6737069990,A,₹399.08
MCH 9193,Shroff Inc,5411,Grocery Stores,Sole Proprietor,Jalandhar,Punjab,10-Feb-2023,NA,Active,-804.73
MCH7548,Kalla LLC,NA,Grocery,INDIVIDUAL,Bangalore,Karnataka,26/05/2024,JVRD8475866858020,Enabled,"INR 3,106.71"
mch7196,Kurian-Trivedi,MCC-4814,Telecom,partnership,Jaipur,Rajasthan,09-Jun-2023,,ACTIVE,"1,000.33"
5182,"kadakia, raman and badal",4131,Transport,SOLE-PROPRIETOR,ASR,Punjab,2023/07/15,5073008487,INACTIVE,Rs. 932
MCH4839,Sura-Mall,misc,Transportation,PRIVATE_LIMITED,Ludhiana,Punjab,08-Dec-2025,NA,Active,₹682.13
MCH4369,"Gupta,ManeandBhasin",5812,FOOD_SERVICES,Individual,HYDERABAD,Telangana,03/03/2025,,A,950.76
MCH3333,Dada PLC,5999,Miscellaneous,PRIVATE_LIMITED,Mumbai,Maharashtra,18/03/2024,NA,Active,Rs. 668
MCH9278,Pant PLC,5942,Stationery,Partnership,Bangalore,Karnataka,25/06/2024 11:31 PM,MCZF8391507084286,Live,Rs. 822
MCH6315,PRABHAKAR-SOMAN,5942,Books,partnership,Mumbai,Maharashtra,,XXXX3336,Hold,341.33
MCH7305,Iyer-Nagi,5699,Apparel,INDIVIDUAL,Mumbai,Maharashtra,08-23-2023,NA,A,1967.89
MCH6024,THAKKAR-KUNDA,5411,groceries,SOLE-PROPRIETOR,chennai,Tamil Nadu,2025/05/14,NA,Live,-1751.16
MCH7912,Sarma-Arya,5699,garments,private_limited,Lucknow,Uttar Pradesh,01/01/2025,ZNNS3870382152945,Active,1318.64
MCH6660,N0ri Gr0up,4814,Telecom,SOLE_PROPRIETOR,chennai,Tamil Nadu,26-May-2023,XXXX4499,Live,"Rs. 3,030"
MCH8809,"Doshi, Ghose and Amble",5411,groceries,individual,mumbai,Maharashtra,,NA,Active,3965.67
MCH7600,Panchal Ltd,05912,chemist,INDIVIDUAL,Lucknow,Uttar Pradesh,13/10/2023,,Live,"INR 1,148.20"
5498,"Gera, Narayan and Sankaran",5311,Department Store,Partnership,Calcutta,West Bengal,10/11/2025,8296349363,ACTIVE,849.49
mch5923,"  Banik, Yogi and Seth  ",4814,Mobile Recharge,INDIVIDUAL,Delhi,Delhi,,CKTY3945451387681,Disabled,₹378.20
MCH6450,"Goel, Madan and Gola",5942.0,books,individual,chennai,Tamil Nadu,10-15-2025,,Suspended,Rs. 855
MCH6822,"Sankar, Deol and Goswami",4814,Telecom,SOLE-PROPRIETOR,jaipur,Rajasthan,31-Mar-2025,XXXX2270,Closed,-1194.99
5995,Bassi Ltd,5812,eating place,private_limited,LKO,Uttar Pradesh,01-Feb-2024,XXXX5294,Live,"INR 2,631.68"
MCH5879,"Sridhar, Sani and Ma11",04814,Mobile Recharge,INDIVIDUAL,Hyd,Telangana,1767128251,XXXX4907,Active,-3624.48
MCH4682,Chaudry LLC,4131,Transportation,INDIVIDUAL,Hyd,Telangana,2024-01-28 10:50:34,,A,-1772.5
MCH1261,"Cheema, Savant and Bakshi",5311,Retail,sole_proprietor,Ludhiana,Punjab,03-Jun-2024,EXGQ1328686965867,Closed,
MCH2964,Bala-Sarkar,4814,phone service,INDIVIDUAL,Jalandar,Punjab,20-Jun-2025,4343067882,Active,1298.45
MCH5362,"kunda, tiwari and nagi",5912,medical,PRIVATE_LIMITED,JPR,Rajasthan,1723236278,,Inactive,1922.99
MCH5285,"Yadav, Dhawan and Bahri",05311,Retail,individual,bengaluru,Karnataka,08-03-2025,XXXX3759,Enabled,Rs. 220
3998,"krish, tak and peri",4814,TELECOM,PARTNERSHIP,ludhiana,Punjab,08-16-2023,,Live,"INR 1,019.25"
MCH4926,Shankar Ltd,5812,Restaurant,individual,Hyderabad,Telangana,1735355673,6804229881,Enabled,
MCH9424,Sur-Bajaj,5311,Department Store,SOLE-PROPRIETOR,BLR,Karnataka,18-Apr-2025,XXXX3219,A,"₹1,902.79"
MCH 7504,Balay PLC,7011,Hospitality,individual,chennai,Tamil Nadu,1761302084,1818420938,A,"₹1,030.01"
MCH 9769,"Kota, Dara and Sarin",,TRAVEL,PARTNERSHIP,Ludhiana,Punjab,05-22-2025,XXXX8418,A,2120.25
MCH2504,Mittal Ltd,5999,Retail Other,individual,Pune,Maharashtra,2024/12/29,XXXX5857,INACTIVE,1689.96
MCH8484,"Grover, Swamy and Johal",5912,MEDICAL_STORE,PRIVATE_LIMITED,Kolkata,West Bengal,2023-08-17 22:00:16,,Suspended,"1,273.08"
3023,Arora LLC,7011,Hospitality,individual,bengaluru,Karnataka,03/02/2025,NA,Inactive,"INR 1,722.88"
MCH 4106,Dey and Sons,5411,kirana,private_limited,Hyderabad,Telangana,31-Jan-2026,XXXX0072,Enabled,4216.77
MCH6059,Bhargava PLC,7011,Hotels,Private Limited,Jaipur,Rajasthan,16/07/2025,XXXX7802,Hold,INR 333.57
MCH4801,  Bhargava-Basak  ,5311,Retail,SOLE_PROPRIETOR,Lucknow,Uttar Pradesh,2025-11-18 06:19:46,XXXX3111,Live,2920.36
MCH 3418,Parsa-Parikh,5912,chemist,PARTNERSHIP,Hyderabad,Telangana,07-15-2024,CWGO5653761986608,Enabled,8725.31
MCH6448,  Pal LLC  ,4814,Telecom,PARTNERSHIP,Mumbai,Maharashtra,09-07-2024,XXXX5021,A,1680.84
MCH6450,"Goel, Madan and Gola",5942.0,Books,individual,chennai,Tamil Nadu,10-15-2025,,Enabled,Rs. 855
MCH-6052,nayak-wadhwa,5912,Pharmacy,PRIVATE-LIMITED,Jaipur,Rajasthan,2023/07/12,XXXX8602,Live,600.38
6923,"kumar, hayre and grover",5942,BOOKS_STATIONERY,PARTNERSHIP,LKO,Uttar Pradesh,12-Mar-2024,RIOW5493044350343,Disabled,₹937.24
MCH 1075,Lala PLC,4814,phone service,INDIVIDUAL,pune,Maharashtra,01-Jun-2024,IPNE1576095102770,Suspended,1162.41
MCH7749,"dhaliwal, chaudhari and lad",4131,transprt,PRIVATE-LIMITED,LKO,Uttar Pradesh,1679967950,NA,Active,INR 472.27
MCH-7607,"vyas, ramakrishnan and narayanan",,BOOKS_STATIONERY,SOLE-PROPRIETOR,Amritsar,Punjab,2025-01-02 19:37:48,2925658717,A,7039.03
MCH7832,  More-Cherian  ,5311.0,Retail,Sole Proprietor,Amritsar,Punjab,2024/12/21,,ACTIVE,1748.94
MCH4864,Date Ltd,5411.0,Grocery,private_limited,BLR,Karnataka,06/12/2023 01:02 AM,XXXX6587,Enabled,"INR 4,042.64"
1843,Edwin and Sons,05999,Miscellaneous,Sole Proprietor,Dilli,Delhi,19-Sep-2024,,ACTIVE,
MCH2559,"  Sastry, Dhar and Kibe  ",07011,Hotel,Partnership,pune,Maharashtra,05-08-2023,0777710681,A,"INR 1,827.84"
MCH5927,"Hayer, Palla and Ganesh",5699,garments,private_limited,Lucknow,Uttar Pradesh,16/06/2024,NA,ACTIVE,3764.09
MCH-6105,upadhyay plc,7011,Hotels,Sole Proprietor,Calcutta,West Bengal,1707265586,NA,ACTIVE,527.81
MCH8782,SWAMY-KHURANA,5699,garments,SOLE_PROPRIETOR,ASR,Punjab,2025/04/29,,Enabled,1314.55
MCH7661,Mutti Group,5912,MEDICAL_STORE,SOLE-PROPRIETOR,Ludhiana,Punjab,2023-12-19 19:07:43,,Enabled,"1,349.43"
MCH1772,Grover Group,5311.0,DEPT_STORE,partnership,Calcutta,West Bengal,18/03/2023 01:57 PM,0665098924,Active,1962.32
MCH-5793,Hayre and Sons,4131,Bus/Taxi,INDIVIDUAL,amritsar,Punjab,23/10/2023,XXXX4734,A,2411.65
MCH8019,Chaudhry-Naidu,5942,Book Store,Private Limited,jaipur,Rajasthan,,NA,Live,₹888.78
mch6707,Chandra Group,4814,Mobile Recharge,PRIVATE-LIMITED,LDH,Punjab,2024-02-10 21:32:02,NA,Active,648.63
MCH4743,Ahluwalia-Bansal,NA,chemist,PRIVATE-LIMITED,ludhiana,Punjab,2023/08/23,KIYE1462195754397,Disabled,₹486.29
MCH4277,"Lad, Krish and Lad",4131,Transport,Private Limited,Hyderabad,Telangana,2024/06/04,NA,A,472.96
MCH6765,Handa PLC,5912,Pharmacy,Individual,kolkata,West Bengal,30/10/2023,,A,-2771.02
MCH4867,"Nath, Taneja and Dey",05812,eating place,partnership,Bangalore,Karnataka,05/08/2024,7096325090,A,₹726.56
MCH6819,"ARYA, BASSI AND KAUR",,Retail Other,Partnership,amritsar,Punjab,11-19-2025,,Enabled,"2,433.05"
MCH4282,PINGLE LTD,5311,Retail,SOLE_PROPRIETOR,ASR,Punjab,1685088898,NA,Active,Rs. 816
5737,"Chaudhary, Raghavan and Brahmbhatt",5912,Pharmacies,INDIVIDUAL,Amritsar,Punjab,25-Feb-2026,NA,ACTIVE,"1,419.52"
MCH6519,Mane-Madan,05699,Clothing,Partnership,ludhiana,Punjab,12-25-2024,,Enabled,978.4
MCH2902,"Narang, Varghese and Sur",4131,transprt,individual,Amritsar,Punjab,11/04/2023 04:20 PM,,ACTIVE,"Rs. 1,675"
MCH6692,"  Mohan, Ravi and Sinha  ",7011,HOTEL_LODGING,partnership,Jalandhar,Punjab,2023/05/10,UFCM4399349836488,A,641.51
MCH 8374,"KOHLI, CHAKRABORTY AND WALI",5942,Books,SOLE_PROPRIETOR,lucknow,Uttar Pradesh,1739723463,NA,Enabled,₹838.62
MCH2217,"Rai, Bala and Shenoy",5411,Grocery Stores,INDIVIDUAL,Mumbay,Maharashtra,15-Aug-2023,2506258510,ACTIVE,728.77
MCH4739,Karpe-Doshi,5411,Grocery Stores,INDIVIDUAL,Lucknow,Uttar Pradesh,20/10/2023,DQQT0527144866471,Live,-1100.69
MCH 1345,Bhat Inc,5311,Department Stores,private_limited,Hyd,Telangana,01-28-2025,XXXX9759,Live,1702.79
MCH2493,"Tella, Lata and Tripathi",4814.0,TELECOM,INDIVIDUAL,Jaipur,Rajasthan,2023/10/28,ROFA2679305641354,Enabled,-4200.08
mch2471,Das Group,5942,BOOKS_STATIONERY,INDIVIDUAL,Jalandhar,Punjab,30/05/2024,SVRE3169162150744,ACTIVE,"INR 3,177.16"
MCH 8854,Kohli-Aurora,4131,Bus/Taxi,PRIVATE-LIMITED,Madras,Tamil Nadu,04/12/2023,XXXX8113,Active,-429.48
MCH5056,subramaniam plc,05411,GROCERY_STORE,partnership,BLR,Karnataka,,WHRV5412713701234,Blocked,₹473.92
MCH3259,Deep and Sons,05912,Pharmacies,partnership,DELHI,Delhi,,7747336061,A,308.57
MCH 8225,Bedi-Date,misc,Other,PRIVATE-LIMITED,Poona,Maharashtra,28-Feb-2024,6820537783,A,"INR 2,289.30"
MCH2118,Jani-Subramaniam,5942,Stationery,Partnership,Ludhiana,Punjab,30/05/2024,TOPO3167206929855,Enabled,"₹1,546.09"
6738,"Jain, Kothari and Subramanian",4814.0,Telecom,individual,Delhi,Delhi,1765063583,MCPW5267667383117,I,"₹1,846.61"
MCH7699,chakraborty llc,7011,Hospitality,Sole Proprietor,BLR,Karnataka,29/01/2023,NA,A,INR 145.86
MCH8299,Garde PLC,5812,Food,PARTNERSHIP,jaipur,Rajasthan,2023/01/06,,Active,1496.13
MCH8401,  Pandey PLC  ,,Hospitality,partnership,chennai,Tamil Nadu,09-09-2025,0328253862,I,Rs. 625
MCH 4102,Pandya-Kapoor,,Book Store,sole_proprietor,ASR,Punjab,03/06/2025,SZIE5520167745590,A,1618.63
MCH8730,"Bhasin, Mall and Sarraf",5999,Misc Retail,PRIVATE-LIMITED,Jalandhar,Punjab,2025/02/13,XXXX3406,ACTIVE,937.70
MCH3353,bhardwaj and sons,,chemist,PARTNERSHIP,bengaluru,Karnataka,23/02/2023 01:02 PM,NA,S,4012.28
mch8755,  Guha-Dara  ,5999,Miscellaneous,SOLE-PROPRIETOR,Amritsar,Punjab,2023/08/07,,Enabled,3411.15
MCH1375,"sahota, johal and shanker",5411,groceries,individual,Jalandhar,Punjab,02-Mar-2025,PHOZ2706415438619,Suspended,1836.94
MCH2655,"Brahmbhatt, Desai and Sangha",4814,Telecom,Sole Proprietor,amritsar,Punjab,2026/01/04,4532869649,Active,"Rs. 3,102"
MCH5127,Sankar Group,MCC-7011,Hospitality,PARTNERSHIP,New Delhi,Delhi,06/09/2024,3303273399,Active,"₹2,034.47"
MCH2676,Desai Ltd,04814,TELECOM,PRIVATE-LIMITED,ludhiana,Punjab,10-05-2025,NA,Active,399.5
mch9304,Char Ltd,4814,Mobile Recharge,INDIVIDUAL,BLR,Karnataka,05/01/2024,NA,Live,₹531.14
9888,"Majumdar, Sama and Narayanan",,Mobile Recharge,SOLE_PROPRIETOR,Kolkata,West Bengal,2025/08/13,XXXX3073,INACTIVE,₹444.72
MCH8051,"saxena, kamdar and kannan",MCC-5942,Book Store,partnership,New Delhi,Delhi,17/10/2024,NA,A,₹598.72
MCH6016,Batta-Roy,5942,Book Store,PRIVATE_LIMITED,jalandhar,Punjab,02/07/2023,NA,Live,3694.66
MCH5231,Varghese-Rattan,,Grocery,partnership,Delhi,Delhi,05/02/2026,,Active,INR 692.04
MCH8453,Manne LLC,5699,garments,PRIVATE-LIMITED,amritsar,Punjab,,,Live,Rs. 397
MCH3674,Wason and Sons,5812,Restaurant,individual,delhi,Delhi,1752959485,6823891084,A,-582.77
mch3662,Dalal-Arora,UNKNOWN,Telecom,SOLE-PROPRIETOR,kolkata,West Bengal,09-01-2024,NA,ACTIVE,"₹4,799.31"
MCH7021,"dewan, banerjee and purohit",7011,Hotels,SOLE_PROPRIETOR,Bangalore,Karnataka,01-Jul-2024,XXXX8572,ACTIVE,969.81
MCH7490,datta ltd,5912,Pharmacy,Sole Proprietor,Calcutta,West Bengal,2023-11-12 16:38:03,NA,Enabled,"INR 1,590.69"
MCH7430,Pingle-Lata,05311,Department Store,INDIVIDUAL,Lucknow,Uttar Pradesh,1725715777,XXXX3604,ACTIVE,2426.91
MCH4477,Edwin Group,5912.0,chemist,PARTNERSHIP,Poona,Maharashtra,19/12/2025,,ACTIVE,1145.96
MCH8724,"Ganesh, Sarin and Gera",5411,GROCERY_STORE,Partnership,New Delhi,Delhi,2024/11/20,8119568584,A,639.73
MCH-1772,"Thakur, Talwar and Chahal",05912,Pharmacies,Partnership,pune,Maharashtra,2025-11-19 01:49:18,XXXX1519,A,645.09
MCH1420,"Nath, Setty and Pai",7011,Hotel,Partnership,Kolkata,West Bengal,08/04/2023,,Inactive,"Rs. 1,986"
MCH3070,"Patel, Sandal and Sinha",4814.0,TELECOM,Individual,Hyderabad,Telangana,09-18-2025,XXXX6846,Live,"₹1,706.27"
MCH3776,"Kapadia, Sathe and Shenoy",5311,DEPT_STORE,Partnership,Delhi,Delhi,,2896927884,Active,"₹1,854.99"
MCH4233,Parmar and Sons,5912,MEDICAL_STORE,Sole Proprietor,BLR,Karnataka,30/07/2024 10:30 PM,4132683121,Closed,"3,068.07"
MCH3523,"Khare, Radhakrishnan and Gala",5812,Food,INDIVIDUAL,JPR,Rajasthan,12-04-2025,,Active,-577.79
MCH5712,Goda-Kashyap,5942.0,Books,private_limited,Amritsar,Punjab,12-Jan-2025,ILKC7960163227117,Active,
MCH 3070,Agate-Chopra,5411,GROCERY_STORE,sole_proprietor,Bombay,Maharashtra,29/04/2025,4174323514,Active,"Rs. 1,355"
MCH6061,nazareth plc,4131,transport,sole_proprietor,Poona,Maharashtra,2025-02-02 12:44:57,,Suspended,1189.87
MCH4233,Padmanabhan and Sons,5999.0,Misc Retail,SOLE-PROPRIETOR,Ludhiana,Punjab,04-Feb-2025,4395615588,Live,1697.48
MCH8197,Virk-Venkataraman,5912,chemist,SOLE-PROPRIETOR,Kolkata,West Bengal,01-03-2024,,A,₹964.03
MCH3085,"SARKAR, MEMON AND MAND",,Bus/Taxi,individual,Poona,Maharashtra,16-Jul-2025,,Enabled,-1826.45
8756,Warrior Inc,5699.0,Fashion,private_limited,Jalandar,Punjab,10-04-2023,9910438985,A,"INR 1,476.03"
MCH-1863,  Sachar-Gokhale  ,5942,Book Store,private_limited,Hyderabad,Telangana,2024-03-24 16:08:37,XXXX8775,Enabled,INR 760.42
MCH9494,"  Wable, Warrior and Parmer  ",,TELECOM,Individual,pune,Maharashtra,05-27-2024,NA,A,INR 455.01
MCH4729,deshpande inc,7011.0,HOTEL_LODGING,SOLE-PROPRIETOR,mumbai,Maharashtra,,XXXX6726,INACTIVE,1506.61
MCH 1836,"  Nazareth, Bahl and Manda  ",5411,GROCERY_STORE,PRIVATE-LIMITED,HYDERABAD,Telangana,11-15-2023,IUQT6934618863943,ACTIVE,
MCH9918,"Jha, Kumer and Srivastava",5699.0,CLOTHS,sole_proprietor,bengaluru,Karnataka,2024-01-16 02:34:09,UOAA2292690080709,Disabled,902.09
7336,Krishnan and Sons,5812.0,eating place,PARTNERSHIP,Jalandhar,Punjab,2024-09-03 00:09:50,2456383296,A,1122.92
MCH9307,"Bajwa, Dhawan and Guha",misc,eating place,SOLE-PROPRIETOR,Jalandar,Punjab,03-07-2024,NA,Active,INR 468.19
MCH-8233,Patel Ltd,5411,groceries,PARTNERSHIP,Jalandar,Punjab,28/12/2024 05:57 PM,,Live,"INR 1,942.94"
MCH6671,Chandran-Dada,5699.0,Clothing,PARTNERSHIP,amritsar,Punjab,12/04/2023,6648722960,ACTIVE,"₹2,579.50"
MCH9620,prakash group,5411,kirana,Partnership,ludhiana,Punjab,1675328097,,Active,"INR 2,975.01"
MCH2769,sehgal plc,4814,TELECOM,PRIVATE-LIMITED,ASR,Punjab,2023/09/19,3613137952,Live,Rs. 131
MCH3618,"Narang, Atwal and Merchant",UNKNOWN,Medical,SOLE_PROPRIETOR,Mumbai,Maharashtra,25-Jul-2023,LZII0053942814377,Active,"₹1,728.22"
MCH9149,Bandi Inc,5999,Other,Partnership,JPR,Rajasthan,2025/03/15,,Enabled,2169.18
MCH2165,  Venkataraman-Seshadri  ,05912,MEDICAL_STORE,Sole Proprietor,Pune,Maharashtra,26/06/2024,NA,A,137.68
MCH1832,Mistry-Chaudhary,05999,Other,INDIVIDUAL,Hyd,Telangana,2024-12-11 00:06:45,NA,Inactive,INR 448.33
MCH1640,Trivedi-Agrawal,5411,kirana,PRIVATE_LIMITED,Jalandhar,Punjab,2025-01-25 11:29:34,WQQD1666405545072,Live,"INR 2,316.65"
MCH7314,Mahajan-B0rde,5999,Retail Other,partnership,lucknow,Uttar Pradesh,1672912430,3772469001,ACTIVE,"Rs. 1,003"
MCH-4688,  Hora PLC  ,,chemist,INDIVIDUAL,ludhiana,Punjab,18-May-2024,XXXX6054,Suspended,"Rs. 1,146"
MCH-8612,KURIAN-GODA,5812,eating place,sole_proprietor,Bombay,Maharashtra,1689660697,XXXX5561,ACTIVE,1133.93
MCH7400,Chaudhari Ltd,,Other,individual,Dilli,Delhi,01/07/2025,NA,SUSPENDED,1040.56
4118,Upadhyay LLC,4131,Transportation,Private Limited,Calcutta,West Bengal,03-16-2024,,Live,
MCH1197,"Gaba, Wadhwa and Sahni",5411,Grocery Stores,Private Limited,mumbai,Maharashtra,01/08/2024,8143796682,Live,₹488.96
MCH1718,Wason-Vaidya,5311,Retail,PRIVATE_LIMITED,Jalandhar,Punjab,04/04/2025 05:19 PM,,ACTIVE,705.66
MCH9800,Dasgupta-Sathe,7011,Hotel,partnership,ludhiana,Punjab,2024-06-13 13:22:14,4290574632,Active,
MCH2198,"Arya, Dalal and Keer",5812.0,Restaurant,PRIVATE-LIMITED,jaipur,Rajasthan,1694189116,,ACTIVE,"2,776.31"
mch3395,"Boase, Dutt and Sami",5912,Pharmacy,PARTNERSHIP,jaipur,Rajasthan,22/07/2024,NA,I,Rs. 619
MCH3547,RAMANATHAN-DADA,5812,Food,PRIVATE_LIMITED,Dilli,Delhi,2025/02/03,,Active,"5,262.60"
MCH7837,Wali Group,,Miscellaneous,Individual,kolkata,West Bengal,2023/06/03,,A,INR 803.03
MCH3890,Tata-Bal,UNKNOWN,chemist,INDIVIDUAL,Poona,Maharashtra,22/02/2026,,Active,Rs. 668
mch7218,Varghese-Arya,07011,Hospitality,Private Limited,LKO,Uttar Pradesh,25-Dec-2025,VAFX9362941506530,A,2725.82
MCH2943,Kh0s1a LLC,5812,Restaurant,Private Limited,Mumbay,Maharashtra,03-29-2024,XXXX8006,Active,2741.64
MCH2083,Patla-Basak,5912,MEDICAL_STORE,individual,Calcutta,West Bengal,08/10/2024 01:26 AM,NA,S,₹556.93
mch3361,Sabharwal-Shah,misc,transprt,Partnership,Jalandhar,Punjab,2024/01/06,KQNB2621280715561,Closed,887.23
MCH 1195,Cherian-Rana,4131,Transport,SOLE_PROPRIETOR,Jalandhar,Punjab,2025/09/09,NA,A,364.17
mch6131,"Dhar, Dada and Bakshi",NA,CLOTHS,Partnership,Bangalore,Karnataka,2024-03-10 19:58:24,4600930161,ACTIVE,"Rs. 1,921"
MCH 9996,Kala-Nadkarni,5699,Apparel,PRIVATE-LIMITED,Dilli,Delhi,03/01/2023,XXXX7769,Active,628.11
MCH1164,Goda PLC,4131,Transport,partnership,Ludhiana,Punjab,27/10/2025,,Enabled,Rs. 953
MCH2384,"ATWAL, SAWHNEY AND MAGAR",05999,Misc Retail,Sole Proprietor,lucknow,Uttar Pradesh,20/01/2023 11:37 PM,NA,A,Rs. 638
MCH5186,"Iyer, Sarma and Issac",5311,Department Store,PRIVATE-LIMITED,jaipur,Rajasthan,27/03/2023 08:46 PM,WHOY9873117052427,INACTIVE,₹830.18
MCH1956,Sodhi PLC,MCC-5912,Pharmacy,INDIVIDUAL,amritsar,Punjab,2025-09-28 15:41:51,TLKU2109519549509,INACTIVE,1459.74
mch8136,Bora Inc,7011,Hotel,sole_proprietor,amritsar,Punjab,27-Oct-2025,XXXX8920,Disabled,Rs. 635
MCH5366,Bali Ltd,5311,Department Store,PRIVATE_LIMITED,lucknow,Uttar Pradesh,2024/02/25,XXXX6307,Disabled,"1,551.58"
MCH2870,"Loyal, Buch and Ghose",5812,Restaurants,Sole Proprietor,Delhi,Delhi,2025-05-27 02:11:43,NA,ACTIVE,"INR 2,213.61"
MCH5443,LOYAL-NARASIMHAN,7011,Hotels,individual,Kolkata,West Bengal,2023-09-12 04:07:04,VCRF1570737200411,Live,1593.65
MCH1929,"Bahri,DaraandSaran",5942,Book Store,Private Limited,JPR,Rajasthan,2025-12-26 09:06:43,XXXX4676,Enabled,-2563.73
MCH7620,"Vaidya, Deshmukh and Cherian",5942,Book Store,Individual,pune,Maharashtra,1729392685,SIIG8824885521026,Hold,1771.87
MCH7851,"Warrior, Hora and Dayal",4814,phone service,INDIVIDUAL,Jalandar,Punjab,07/02/2024,6337984791,Enabled,
MCH8407,Dey Group,4131,Transport,INDIVIDUAL,Lucknow,Uttar Pradesh,2024/07/10,,Live,2726.27
MCH4104,Sawhney-Suri,4814,TELECOM,INDIVIDUAL,Hyd,Telangana,15/12/2023,8776394591,I,Rs. 295
MCH3907,"Andra, Chakrabarti and Khalsa",5311,Department Store,SOLE_PROPRIETOR,mumbai,Maharashtra,,OAMS4252276899430,A,"₹1,320.29"
MCH5549,Bahri Ltd,5812,FOOD_SERVICES,PARTNERSHIP,Madras,Tamil Nadu,2023/10/06,XXXX0036,ACTIVE,1045.04
MCH5092,Dubey-Gade,4814,Telecom,PARTNERSHIP,kolkata,West Bengal,2023/07/01,NA,A,₹730.73
MCH9492,Sahni-Ravel,5311.0,DEPT_STORE,Individual,Lucknow,Uttar Pradesh,2024/03/01,1939900223,Live,3080.63
MCH4630,MODI AND SONS,5699.0,garments,sole_proprietor,jalandhar,Punjab,2023/03/01,NA,ACTIVE,333.91
4481,Nagi Inc,5699,CLOTHS,PARTNERSHIP,Poona,Maharashtra,28/11/2023 12:44 PM,NA,Live,"INR 2,759.79"
MCH6783,"Deep, Pall and Suri",5912,Medical,INDIVIDUAL,LKO,Uttar Pradesh,28/11/2025 01:45 PM,NA,Live,"Rs. 1,131"
MCH7896,Samra LLC,7011,Hospitality,Private Limited,Calcutta,West Bengal,10-16-2023,SGTY6881761008390,Hold,2276.65
MCH8600,"KALITA, BAINS AND GANDHI",05812,Restaurants,SOLE-PROPRIETOR,DELHI,Delhi,06-Jul-2024,RRYJ6587686551997,ACTIVE,Rs. 855
mch9207,"JANI, MITTAL AND NARASIMHAN",5411,Grocery,Partnership,Bengaluru,Karnataka,15/01/2025 11:22 AM,XJLY4559421802745,I,1049.45
MCH 8725,Gala Group,7011,Hotels,PRIVATE-LIMITED,JPR,Rajasthan,14/08/2024 10:49 PM,PIMP1040686768002,ACTIVE,"Rs. 7,512"
MCH2623,"Oak, Nadig and Doshi",5411,kirana,sole_proprietor,jalandhar,Punjab,2025-03-18 11:32:41,SGLM9352062021997,ACTIVE,"1,380.47"
3280,"Vohra, Bora and Vasa",5411.0,GROCERY_STORE,PRIVATE_LIMITED,pune,Maharashtra,16/10/2023 04:01 PM,,Suspended,412.76
MCH6216,Agarwal Group,5812,FOOD_SERVICES,PRIVATE-LIMITED,Amritsar,Punjab,28/03/2024,XXXX1409,A,"Rs. 1,210"
MCH4809,  Viswanathan PLC  ,7011,HOTEL_LODGING,INDIVIDUAL,kolkata,West Bengal,1689172340,,Enabled,"INR 1,713.60"
MCH3327,Balay Ltd,5912,Medical,PARTNERSHIP,ASR,Punjab,10/06/2024,4132109142,Enabled,799.92
MCH-1984,"Lala, Wagle and Bal",5699,Fashion,PARTNERSHIP,Madras,Tamil Nadu,08/01/2025,NA,Active,"INR 5,244.88"
MCH 5944,Jayaraman-Bhattacharyya,4131,Bus/Taxi,PRIVATE-LIMITED,Hyd,Telangana,09-04-2023,BTLX3994335719192,ACTIVE,545.70
MCH3824,Chand-Sarna,5812,FOOD_SERVICES,sole_proprietor,Calcutta,West Bengal,2025/08/24,,Active,733.85
MCH8598,Chanda-Parekh,,Books,PARTNERSHIP,ludhiana,Punjab,,5300981765,A,1205.19
MCH2846,"SHA, RAMANATHAN AND KOTA",5411,Grocery,Individual,jaipur,Rajasthan,09-30-2025,2763596998,INACTIVE,"₹2,995.95"
MCH2576,"Shan,SemandPau",05311,Department Stores,PARTNERSHIP,HYDERABAD,Telangana,03-Dec-2023,3390811191,Active,472.21
MCH3841,"SANDHU, KHOSLA AND GUHA",5999,Miscellaneous,Partnership,Bangalore,Karnataka,16/09/2024,7616513593,Closed,2207.18
MCH3085,mander-mital,7011,Hotel,PRIVATE-LIMITED,chennai,Tamil Nadu,2024-08-20 01:44:53,,Active,"INR 3,842.00"
MCH1952,Madan Inc,MCC-5942,Books,Partnership,Chennai,Tamil Nadu,2024/06/28,7688662215,I,1643.17
MCH4574,Cherian and Sons,5311,Department Store,INDIVIDUAL,Lucknow,Uttar Pradesh,2024/08/31,XXXX0148,ACTIVE,₹789.16
MCH5841,Nori Group,5912,Medical,sole_proprietor,mumbai,Maharashtra,11/01/2023 06:18 AM,,Enabled,466.44
MCH 4530,"BHANDARI, RAMAKRISHNAN AND SRINIVASAN",5812,FOOD_SERVICES,PARTNERSHIP,Pune,Maharashtra,12-10-2023,8219848716,Active,669.95
MCH-5204,Sibal-Kanda,,BOOKS_STATIONERY,Private Limited,Ludhiana,Punjab,20-Jun-2025,3994262713,Live,-692.13
MCH5401,"Sama, Ar0ra and Mem0n",,BOOKS_STATIONERY,private_limited,kolkata,West Bengal,23/07/2023,,ACTIVE,-571.93
MCH1213,Ray LLC,5912,pharmacies,PARTNERSHIP,pune,Maharashtra,1704652432,1805958295,Active,"Rs. 1,556"
MCH6206,"  Sanghvi, Dugar and Rajagopal  ",4814,phone service,individual,Chennai,Tamil Nadu,31-Mar-2025,5473942096,Enabled,INR 683.76
MCH4043,Sodhi Group,5942,BOOKS_STATIONERY,Partnership,ludhiana,Punjab,,QEIP6568462838668,Inactive,-524.55
MCH5608,raman-behl,5812.0,Food,individual,ASR,Punjab,05/10/2023,NA,Enabled,251.88
MCH1159,Sabharwal-Gole,MCC-4814,Telecom,PARTNERSHIP,Hyd,Telangana,,XXXX4659,Closed,790.13
MCH6388,pillai-subramaniam,5699,Clothing,SOLE_PROPRIETOR,Jalandar,Punjab,28/04/2023 10:55 AM,XXXX3833,INACTIVE,"INR 2,418.46"
MCH8876,Apte and Sons,5812,Food,PARTNERSHIP,Kolkata,West Bengal,2024-02-03 09:35:16,NA,Enabled,"Rs. 2,620"
MCH3755,Hayer and Sons,5812,FOOD_SERVICES,PRIVATE_LIMITED,Poona,Maharashtra,2025-08-02 17:59:03,1710186455,Live,1098.64
MCH-8598,"Raghavan, Nadig and Karpe",05812,FOOD_SERVICES,Sole Proprietor,pune,Maharashtra,2024-06-16 14:32:56,XXXX2019,Enabled,1385.16
MCH 4077,Din LLC,4131,transprt,SOLE-PROPRIETOR,Jaipur,Rajasthan,09-21-2024,,Live,INR 640.73
MCH4926,Shankar Ltd,5812,restaurant,individual,Hyderabad,Telangana,1735355673,6804229881,Enabled,
MCH 2719,"RANGANATHAN, MALL AND AGGARWAL",5812.0,FOOD_SERVICES,Partnership,lucknow,Uttar Pradesh,1716584578,,ACTIVE,2283.24
MCH 1004,Pillai-Mohan,4131,TRAVEL,SOLE-PROPRIETOR,LKO,Uttar Pradesh,04-08-2023,3448414449,Active,342.7
MCH1275,Kata Group,7011,HOTEL_LODGING,PARTNERSHIP,Lucknow,Uttar Pradesh,11/09/2025 07:33 AM,XXXX0284,Enabled,252.53
MCH6165,"Luthra, Bala and Khurana",UNKNOWN,Hospitality,individual,Lucknow,Uttar Pradesh,01-29-2025,XXXX9557,A,1785.07
MCH7432,Agate PLC,5812,Restaurant,INDIVIDUAL,Madras,Tamil Nadu,11-Jun-2024,OKRJ7586561022456,ACTIVE,88.41
MCH9377,"Badal, Mitter and Mitter",5912,Medical,Sole Proprietor,LKO,Uttar Pradesh,22-Aug-2024,USJW2353874844902,Live,
MCH8132,VENKATARAMAN-YADAV,5942,Books,PARTNERSHIP,Kolkata,West Bengal,30/10/2023,7864776232,I,"INR 2,105.69"
MCH6039,Padmanabhan-Bora,4814,TELECOM,SOLE-PROPRIETOR,lucknow,Uttar Pradesh,,,A,"6,727.69"
MCH5249,Tak Inc,7011,HOTEL_LODGING,PRIVATE-LIMITED,Lucknow,Uttar Pradesh,2025/03/10,,A,-1525.16
MCH7876,Yadav-Bansal,5942,Stationery,individual,lucknow,Uttar Pradesh,09-22-2024,NA,ACTIVE,-549.03
MCH-2592,"mander, goel and soni",,Transport,INDIVIDUAL,Bombay,Maharashtra,25/04/2023 12:01 AM,,Live,1371.19
MCH1725,"Narayanan, Thaker and Sandhu",5999,Retail Other,Partnership,JPR,Rajasthan,1739594271,XXXX2721,A,₹385.50
MCH6566,"  Kala, Talwar and Keer  ",05311,Department Stores,PRIVATE_LIMITED,chennai,Tamil Nadu,15/02/2024,2935227590,Live,-2110.86
MCH7331,Kala-Loyal,5311,Retail,SOLE_PROPRIETOR,HYDERABAD,Telangana,20-May-2024,6553174901,Enabled,
mch6165,"chandran, dey and dalal",NA,Apparel,Private Limited,delhi,Delhi,29/08/2025 04:50 PM,CFEB4939576870397,Active,1513.56
MCH8537,Sunder LLC,4131,TRAVEL,PRIVATE-LIMITED,chennai,Tamil Nadu,16-Sep-2025,FNGX1491502830694,ACTIVE,1072.34
MCH6218,chad-bhakta,5411,Grocery,SOLE-PROPRIETOR,Madras,Tamil Nadu,12-23-2023,TDSR2442651102267,A,Rs. 218
MCH9543,Khanna-Som,5942,Book Store,SOLE_PROPRIETOR,bengaluru,Karnataka,1699848291,XXXX7044,ACTIVE,"INR 1,143.19"
mch7050,CHAND AND SONS,MCC-5912,Pharmacy,PRIVATE-LIMITED,bengaluru,Karnataka,2025-02-04 15:33:07,XXXX7630,Enabled,INR 781.34
MCH6061,"Nadkarni, Tella and Padmanabhan",04131,Bus/Taxi,individual,Chennai,Tamil Nadu,2024/11/22,9827765407,ACTIVE,
MCH5701,"Lad, Thakkar and Nazareth",4131,Bus/Taxi,Private Limited,Calcutta,West Bengal,,XXXX7572,A,1254.73
MCH4287,"Kuruvilla, Chanda and Sood",4131,Transport,INDIVIDUAL,Jalandhar,Punjab,01-Apr-2025,,ACTIVE,"1,244.04"
MCH 2525,NARAYAN-MALLICK,5912,MEDICAL_STORE,Sole Proprietor,amritsar,Punjab,17/03/2025 10:22 PM,,ACTIVE,"INR 1,084.48"
MCH5842,"Dutt, Trivedi and Dhingra",05942,Stationery,partnership,amritsar,Punjab,2024-01-21 11:32:28,XXXX5651,A,182.55
MCH5213,Keer-Yadav,07011,HOTEL_LODGING,PRIVATE-LIMITED,jalandhar,Punjab,04/09/2023 05:38 PM,NHOQ3812159504524,ACTIVE,"INR 2,157.19"
MCH9332,  Gupta Inc  ,5912,Pharmacy,PRIVATE-LIMITED,pune,Maharashtra,2023/09/24,NA,A,1393.93
MCH6651,"CHOUDHRY, SARMA AND SESHADRI",07011,Hotel,Sole Proprietor,delhi,Delhi,2024-10-05 13:55:27,SMUJ2866206053187,ACTIVE,"Rs. 2,606"
MCH7521,Boase PLC,4131.0,Bus/Taxi,Sole Proprietor,Calcutta,West Bengal,27/01/2026,WKCL3458708850629,A,Rs. 880
MCH6240,"Dutta, Aggarwal and Devan",5812,eating place,Sole Proprietor,ASR,Punjab,1757012549,NA,Enabled,₹905.07
MCH7096,  Saxena-Kara  ,5942,Books,partnership,Jaipur,Rajasthan,25/01/2025 02:10 AM,NA,Active,1167.73
MCH2851,Minhas Group,5311,Department Stores,SOLE-PROPRIETOR,HYDERABAD,Telangana,25/01/2023,XXXX8636,Enabled,"INR 1,535.83"
9546,"Mohan, Tak and Dhingra",5999,Retail Other,sole_proprietor,Amritsar,Punjab,2024-11-20 10:50:24,XXXX5350,ACTIVE,1645.26
mch3612,Lal Inc,4814,Mobile Recharge,INDIVIDUAL,Poona,Maharashtra,07/01/2025 06:10 AM,XXXX1339,Enabled,354.59
MCH 7095,SONI-DUBEY,5812,Restaurants,INDIVIDUAL,Mumbai,Maharashtra,05-01-2025,NA,Enabled,589.1
8889,"Mahal, Edwin and Dasgupta",5699,garments,Sole Proprietor,Poona,Maharashtra,03-26-2023,NA,Suspended,-1329.62
MCH4847,Dhillon-Pillay,7011,Hotels,PRIVATE-LIMITED,Lucknow,Uttar Pradesh,10/12/2023,5738051147,ACTIVE,"INR 2,178.15"
MCH3237,Gaba Inc,5999,miscellaneous,SOLE-PROPRIETOR,Delhi,Delhi,06/03/2023 03:03 PM,YPVB7296650386869,Suspended,
MCH4319,"CHAUDHRY, RAJAN AND LAD",5812,eating place,Private Limited,jaipur,Rajasthan,2025/07/13,NA,S,1128.44
2137,Saran and Sons,5699.0,CLOTHS,Private Limited,DELHI,Delhi,10/11/2023,,A,2376.86
MCH1109,Sinha-Bumb,4131,Bus/Taxi,Private Limited,Amritsar,Punjab,11/02/2023 07:38 AM,NA,ACTIVE,-1745.05
6939,"Memon, Gole and Pingle",5812.0,Restaurants,PRIVATE-LIMITED,Lucknow,Uttar Pradesh,13-Sep-2023,VYGQ0383354923460,I,"₹1,508.63"
MCH6219,"Morar, Walla and Behl",MCC-5912,MEDICAL_STORE,partnership,Delhi,Delhi,24/06/2024,NA,ACTIVE,4347.57
MCH9624,Brar-Chad,5311,DEPT_STORE,INDIVIDUAL,Amritsar,Punjab,04-Feb-2025,XXXX6058,S,"₹2,595.66"
MCH6299,Pathak-Mukherjee,5999,Other,Individual,Dilli,Delhi,02/02/2025,NA,ACTIVE,256.83
MCH6852,Swamy-Srinivas,4814,TELECOM,PRIVATE-LIMITED,Madras,Tamil Nadu,,SOKG3294393943682,Active,-449.44
MCH7614,WaliLtd,5699,garments,individual,Mumbai,Maharashtra,03-Jul-2023,BEBD9243619313229,ACTIVE,Rs. 969
MCH2757,Chhabra-Dugar,5699,Clothing,sole_proprietor,Kolkata,West Bengal,16-Nov-2025,XXXX2280,A,"1,214.20"
MCH-4667,Kapur-Gara,MCC-5812,Food,PRIVATE_LIMITED,delhi,Delhi,2025-10-30 17:47:05,9822186565,A,"1,043.72"
MCH1014,"Raghavan, Barad and Bahl",05812,Food,PARTNERSHIP,Pune,Maharashtra,23-Mar-2024,PDTL9868386773357,ACTIVE,
MCH-8715,"Raju,LokeandVora",05999,Retail Other,PARTNERSHIP,HYDERABAD,Telangana,2025/09/14,,A,1332.26
MCH-9964,Dua Inc,4131,Transportation,SOLE-PROPRIETOR,Mumbay,Maharashtra,06/02/2023,NA,INACTIVE,794.67
MCH9790,Ganesh-La1,5999,Other,SOLE_PROPRIETOR,New Delhi,Delhi,11/03/2024,XCKU8726264646953,Live,914.14
mch5892,  Mangat-Dutta  ,,stationery,SOLE-PROPRIETOR,jaipur,Rajasthan,08-Oct-2023,3873887194,Inactive,2243.17
MCH1774,"chawla, luthra and kapur",04814,phone service,SOLE_PROPRIETOR,Amritsar,Punjab,2024/08/09,MJXY1754643071882,A,INR 691.84
MCH5447,Chhabra-Bajaj,,GROCERY_STORE,SOLE_PROPRIETOR,Hyderabad,Telangana,2025-04-08 02:41:21,3031826064,A,363.53
MCH-4928,"NARANG, BEDI AND SACHAR",5699,CLOTHS,PRIVATE_LIMITED,Jalandar,Punjab,25/09/2025,,Enabled,"3,146.10"
MCH4398,"BOSE, DHAR AND OZA",5812,Restaurant,INDIVIDUAL,jalandhar,Punjab,06/03/2024,VPBZ3389716321736,A,INR 580.38
MCH2997,Mohanty Ltd,7011,HOTEL_LODGING,INDIVIDUAL,Bengaluru,Karnataka,2024/10/16,AVZS8243524193975,Enabled,2948.35
mch7098,Patla PLC,MCC-4131,Bus/Taxi,Individual,Jaipur,Rajasthan,1731596839,NA,Active,Rs. 926
MCH2435,"BADAL, CHADA AND NARANG",5699,Fashion,PRIVATE_LIMITED,ludhiana,Punjab,,0219895854,ACTIVE,"INR 2,576.23"
MCH6284,Grewal-Kulkarni,misc,Hospitality,private_limited,Chennai,Tamil Nadu,07-Feb-2025,,Active,"₹1,068.79"
mch7360,RAJAN-SAHNI,,phone service,Partnership,Kolkata,West Bengal,2023/11/05,HKWU3873449938871,INACTIVE,1218.43
MCH7790,Barman-Roy,MCC-5942,Book Store,SOLE_PROPRIETOR,chennai,Tamil Nadu,28-May-2025,3171421828,Live,1525.46
MCH1899,Subramaniam-Bedi,,BOOKS_STATIONERY,PRIVATE-LIMITED,Ludhiana,Punjab,09-27-2025,XXXX4698,ACTIVE,
MCH7258,"om, swaminathan and ray",5699,Apparel,private_limited,jaipur,Rajasthan,2024-07-16 08:10:14,ARZZ7929473227025,Inactive,₹472.89
9180,RamaswamyPLC,5699.0,CLOTHS,INDIVIDUAL,Pune,Maharashtra,2025/08/08,NA,Live,-1761.26
MCH3659,TANDON PLC,5411,kirana,INDIVIDUAL,LKO,Uttar Pradesh,30/01/2024,,Suspended,"INR 1,421.27"
MCH6756,Mangal PLC,5812,Restaurants,INDIVIDUAL,kolkata,West Bengal,21/12/2024,XXXX7752,Active,689.85
mch4066,Swaminathan and Sons,5311,DEPT_STORE,PARTNERSHIP,HYDERABAD,Telangana,24/05/2025 02:56 PM,NA,A,972.63
MCH5972,Parmar-Ramanathan,4814,phone service,SOLE-PROPRIETOR,Mumbai,Maharashtra,,NA,Disabled,"₹3,048.92"
MCH5683,subramanian group,5311.0,DEPT_STORE,PRIVATE_LIMITED,LKO,Uttar Pradesh,1729783610,XUFZ9750077803623,Live,774.44
3199,deshmukh-karnik,5311,Department Stores,PARTNERSHIP,Jaipur,Rajasthan,2023/08/10,GHWA0359999214011,Active,2251.19
8369,"Vyas, Dutt and Ganesan",5912,Pharmacies,individual,Kolkata,West Bengal,1694818617,0639952317,Enabled,410.34
MCH5135,kapoor ltd,5699,Apparel,PARTNERSHIP,chennai,Tamil Nadu,2024/02/25,XXXX2733,Live,1221.22
MCH1894,Setty-Doshi,05812,Restaurant,Partnership,BLR,Karnataka,11-Aug-2025,1742153273,A,"₹2,961.06"
MCH2757,Cherian-Parmer,5942.0,Book Store,SOLE_PROPRIETOR,Chennai,Tamil Nadu,02/05/2023,9249178567,ACTIVE,1801.26
MCH9744,  Walia Inc  ,5942,stationery,Sole Proprietor,BLR,Karnataka,2024/06/24,XXXX8765,Suspended,574.28
MCH4325,choudhry llc,07011,Hotels,PRIVATE-LIMITED,jaipur,Rajasthan,06-07-2023,NA,Disabled,
MCH 9997,"Kalita, Dass and Balay",MCC-5999,Misc Retail,individual,ludhiana,Punjab,07-12-2023,XXXX2557,Live,2233.91
MCH3037,Gokhale PLC,5411,Grocery,PARTNERSHIP,Calcutta,West Bengal,2024/12/13,XXXX1304,Hold,1146.48
MCH1353,Chada and Sons,4131,Bus/Taxi,Partnership,JPR,Rajasthan,25/11/2023 07:19 AM,,Enabled,"Rs. 2,641"
MCH6896,Padmanabhan-Purohit,4814,TELECOM,PRIVATE-LIMITED,Calcutta,West Bengal,09-10-2025,9931095643,Enabled,1862.46
MCH-1106,"narang, wali and aurora",5411,kirana,Sole Proprietor,Jalandhar,Punjab,10-04-2023,XKBE4857491773438,Enabled,"₹1,853.84"
MCH2623,ChokshiLtd,4131.0,Bus/Taxi,Partnership,Madras,Tamil Nadu,05-17-2023,NA,Enabled,
MCH7953,Deep Group,5411,Grocery Stores,SOLE_PROPRIETOR,mumbai,Maharashtra,07-Aug-2025,4208218333,Active,1668.75
mch4248,"Bahl, Prashad and Reddy",5311,Department Stores,SOLE-PROPRIETOR,Lucknow,Uttar Pradesh,30/06/2025,NA,Active,4921.5
mch3613,LAD-CHACKO,4814,Mobile Recharge,PRIVATE_LIMITED,jaipur,Rajasthan,04-02-2025,XXXX9897,A,466.16
MCH 2981,"PAREKH, ANAND AND NAGI",4131,TRAVEL,INDIVIDUAL,Amritsar,Punjab,,4706473579,Active,"₹2,350.58"
MCH6188,"Batta, Choudhary and Bhalla",4131,transprt,PRIVATE-LIMITED,kolkata,West Bengal,09/01/2026,3109651401,Active,Rs. 163
MCH5110,"anne, nayak and chada",5311,DEPT_STORE,PRIVATE_LIMITED,amritsar,Punjab,04-26-2023,6381447674,Active,Rs. 478
MCH3598,Kapur-Sahni,04814,phone service,Private Limited,Bangalore,Karnataka,2024-12-07 15:58:25,0759983753,Active,"₹7,252.05"
MCH3255,"  Shah, Kala and Sarraf  ",7011,Hotels,PRIVATE-LIMITED,Jalandhar,Punjab,06-09-2024,XXXX8773,A,Rs. 807
MCH3684,Chahal-Reddy,misc,GROCERY_STORE,partnership,Delhi,Delhi,,NA,A,629.48
MCH-9858,"Memon, Mohanty and Ghosh",MCC-4131,Transport,Sole Proprietor,Mumbai,Maharashtra,1765485812,WBRG3053362542372,Active,Rs. 911
MCH4023,"Dhaliwal, Dugar and Vasa",5942,Stationery,PARTNERSHIP,Chennai,Tamil Nadu,02-Jan-2023,7015726404,Enabled,-2123.31
MCH5017,"Datta, Sinha and Pat1a",7011,Hospitality,Sole Proprietor,Kolkata,West Bengal,25/11/2024,6167636642,Enabled,Rs. 617
MCH9109,"Som, Mittal and Wable",5699.0,Clothing,PARTNERSHIP,ASR,Punjab,11-08-2024,XXXX6670,Live,Rs. 553
MCH 2063,Bhavsar Gr0up,4131,transprt,PRIVATE-LIMITED,Madras,Tamil Nadu,10/10/2025 03:34 PM,NA,Active,2405.73
MCH7802,Venkatesh LLC,5912,Medical,Partnership,lucknow,Uttar Pradesh,2024-04-12 13:06:25,5184855438,Active,1493.43
MCH-4022,Varughese-Taneja,5699,Apparel,Individual,Bangalore,Karnataka,2025-12-12 06:48:08,SVSY3016666927119,S,₹724.48
MCH3662,"  Mand, Walia and Bhalla  ",5411,Grocery,PRIVATE-LIMITED,chennai,Tamil Nadu,08/04/2023 05:49 PM,KFML5342009384721,ACTIVE,677.63
MCH-6163,Mani Ltd,5942,Book Store,PARTNERSHIP,HYDERABAD,Telangana,30/10/2025,RJUA0543412555773,Enabled,2298.3
MCH1438,"Memon, Chaudhuri and Choudhry",5812,Restaurants,Sole Proprietor,Amritsar,Punjab,17-May-2024,,Live,"Rs. 2,393"
MCH3328,Jha-Chaha1,05311,Retail,INDIVIDUAL,kolkata,West Bengal,04-13-2023,VIVF5640000542857,Live,
MCH7794,Kalita PLC,MCC-5912,MEDICAL_STORE,PARTNERSHIP,DELHI,Delhi,05/01/2025 06:59 PM,GLZI3360162189324,A,INR 622.63
MCH4947,M0han-Sah0ta,04131,Transport,INDIVIDUAL,Mumbay,Maharashtra,22/04/2025,QAWO0072726316755,ACTIVE,"INR 1,906.18"
MCH1990,Mitra PLC,7011,Hospitality,Partnership,Amritsar,Punjab,04-12-2024,5026245001,ACTIVE,"INR 1,251.23"
MCH-2748,"Banerjee, Wason and Dyal",5812,Restaurant,private_limited,Pune,Maharashtra,1700177081,XXXX5034,ACTIVE,"INR 1,037.44"
MCH7651,  Sur Inc  ,5912,Medical,Sole Proprietor,jalandhar,Punjab,2025-07-24 13:48:53,VAPP7301302357942,Live,"₹1,138.07"
MCH3093,"DUBE, VENKATESH AND JHA",5999,Retail Other,PRIVATE-LIMITED,Kolkata,West Bengal,22/10/2024 10:22 AM,PHHT2563139884519,ACTIVE,"Rs. 1,107"
mch1494,Joshi-Bala,5311.0,Retail,SOLE-PROPRIETOR,MUMBAI,Maharashtra,2023/12/07,QLRF2864130155210,A,997.33
mch2548,ANNE LLC,05812,Restaurant,Partnership,kolkata,West Bengal,03-28-2024,,A,"₹2,367.01"
MCH7306,Devi-Narang,4131,Transportation,Individual,New Delhi,Delhi,2024-10-20 05:44:44,XXXX6412,A,539.76
MCH3983,"Magar, Tara and Gera",5912,Medical,SOLE-PROPRIETOR,Amritsar,Punjab,1734230664,XXXX1963,A,Rs. 511
MCH4587,Karnik and Sons,5311,Retail,Partnership,jaipur,Rajasthan,02-07-2025,,ACTIVE,2493.1
3555,Chaudhari-Dutta,5311,DEPT_STORE,PARTNERSHIP,Calcutta,West Bengal,31/03/2023,FYRB6292482908836,Live,712.21
MCH7127,"Thakur, Hayre and Kalla",5912,MEDICAL_STORE,Individual,chennai,Tamil Nadu,07-15-2023,NA,A,1116.33
mch8994,Shukla-Manne,NA,Telecom,PARTNERSHIP,Calcutta,West Bengal,1763825174,AOKV6829664383303,ACTIVE,2951.22
mch3240,"roy, dash and bobal",5411,GROCERY_STORE,Partnership,Pune,Maharashtra,13-Nov-2023,CMDO7903517998811,Live,1077.02
MCH1417,"sekhon, parsa and bandi",4814,TELECOM,Sole Proprietor,Mumbay,Maharashtra,2026/01/26,NA,Live,1501.66
MCH4322,Patla PLC,4814,TELECOM,PRIVATE-LIMITED,pune,Maharashtra,10-17-2025,XXXX9948,A,Rs. 274
mch1130,"K0thari, Singh and Sura",5311,Department Stores,sole_proprietor,LDH,Punjab,20/09/2025 12:31 AM,,Live,3514.91
MCH5559,Muni-Raval,05411,groceries,Private Limited,Jalandhar,Punjab,2026/01/21,NA,Active,723.26
mch5695,Divan Inc,5699,CLOTHS,individual,HYDERABAD,Telangana,2025-08-20 19:03:23,6474425874,Active,
MCH 4475,"Ray, Kulkarni and Suresh",5311,DEPT_STORE,PRIVATE_LIMITED,Ludhiana,Punjab,2024/03/03,XXXX5127,Enabled,"₹3,417.23"
MCH8410,Kade LLC,5411,Grocery Stores,PARTNERSHIP,LKO,Uttar Pradesh,08-Nov-2024,5959501337,Active,893.08
MCH5478,"Prashad, Tripathi and Bala",4814,TELECOM,Private Limited,JPR,Rajasthan,06-14-2024,XXXX3083,A,3789.33
MCH1616,"Suresh, Borra and Ganesh",4814,Telecom,Individual,Chennai,Tamil Nadu,10-Nov-2023,,Active,"Rs. 2,818"
MCH5237,Deep-Raja,MCC-5999,Misc Retail,individual,Bombay,Maharashtra,1739465019,XXXX0515,Live,986.24
MCH1263,Krishnan-Venkataraman,NA,Telecom,PARTNERSHIP,kolkata,West Bengal,,NA,A,565.9
MCH4956,Kant-Setty,5411,Grocery,Sole Proprietor,JPR,Rajasthan,22-Jan-2025,DOXB7877644685999,Enabled,"₹6,450.59"
MCH3966,NATH-DIXIT,05411,kirana,partnership,Pune,Maharashtra,21-Aug-2023,XXXX2614,Active,1005.47
MCH6331,Wagle-Sinha,5912,MEDICAL_STORE,SOLE_PROPRIETOR,Bengaluru,Karnataka,10/05/2024 06:43 AM,IOKV1240109633121,Live,"2,605.30"
MCH 7185,agarwal plc,7011,Hotels,INDIVIDUAL,Pune,Maharashtra,08-26-2025,NA,Active,1255.08
MCH9884,Sidhu Group,7011,HOTEL_LODGING,partnership,Chennai,Tamil Nadu,27/10/2023,PILQ9149941231060,Enabled,1570.58
MCH7321,"  Krishna, Saraf and Pant  ",UNKNOWN,Miscellaneous,PARTNERSHIP,kolkata,West Bengal,28/02/2024 10:01 AM,,A,954.48
MCH6383,Shere-Mander,,Bus/Taxi,private_limited,New Delhi,Delhi,20-May-2024,NA,Blocked,1196.32
mch8673,Goswami and Sons,05812,Restaurants,PRIVATE_LIMITED,New Delhi,Delhi,02-25-2026,1774013903,ACTIVE,979.86
MCH6919,Mander Ltd,5999,Other,Partnership,jalandhar,Punjab,02/05/2024 02:08 AM,6597659461,ACTIVE,"INR 2,549.85"
MCH4092,"Badami, Prabhakar and Grover",05942,BOOKS_STATIONERY,INDIVIDUAL,chennai,Tamil Nadu,30/10/2024 07:51 AM,KNKS3499549207785,Hold,"₹5,822.31"
MCH3389,Korpal-Hegde,,MEDICAL_STORE,individual,LDH,Punjab,04/11/2023 12:37 AM,NA,ACTIVE,-877.98
MCH7323,Koshy-Comar,5311.0,DEPT_STORE,SOLE_PROPRIETOR,chennai,Tamil Nadu,02-15-2026,NA,Enabled,Rs. 973
MCH8037,Hans LLC,,Hotels,sole_proprietor,kolkata,West Bengal,09-Aug-2024,CEOR0731906884915,Enabled,"₹2,212.52"
MCH6837,Oommen-Thaker,,books_stationery,INDIVIDUAL,jalandhar,Punjab,11/10/2025 04:08 PM,6324216769,Inactive,1750.4
MCH2236,Yohannan-Chada,5311.0,dept_store,Private Limited,kolkata,West Bengal,1674550723,3926948531,Inactive,5340.64
MCH8212,Taneja Ltd,05311,Department Store,Private Limited,Madras,Tamil Nadu,07-03-2023,NA,Closed,"₹2,159.07"
mch4912,Devi Group,,Grocery,SOLE-PROPRIETOR,Calcutta,West Bengal,2025-07-07 01:25:23,DTHN1330740328006,A,"1,738.86"
MCH 6291,"Bal, Divan and Natt",7011,Hospitality,private_limited,amritsar,Punjab,18-Jan-2023,9816350407,A,Rs. 908
mch2580,Rajag0pa1an-S0man,5812,eating place,PRIVATE_LIMITED,JPR,Rajasthan,17/07/2023,XXXX4205,Enabled,"7,864.69"
MCH8306,Magar-Gaba,4131,Transport,PRIVATE-LIMITED,Delhi,Delhi,2025/11/22,,Closed,840.15
MCH-9973,"Parsa, Loyal and Pai",4814,phone service,Partnership,LKO,Uttar Pradesh,19-Apr-2024,VRDN2962805644016,Enabled,"INR 1,836.29"
MCH 6583,"Iyengar, Puri and Tiwari",5311,Department Store,PARTNERSHIP,jalandhar,Punjab,20-Jul-2025,OTYU4679169024065,Inactive,"₹4,193.64"
MCH1567,  Samra PLC  ,05699,Clothing,Individual,Mumbai,Maharashtra,2023-07-23 05:44:28,XXXX0316,Closed,1417.9
MCH-8125,Dar PLC,05311,DEPT_STORE,Partnership,Ludhiana,Punjab,2025/09/16,VZMM0683609991755,Inactive,INR 176.19
MCH6600,raju inc,7011,HOTEL_LODGING,Individual,Bangalore,Karnataka,04-18-2025,IHUG8298515768880,Live,₹484.58
MCH9319,LadInc,5699.0,garments,sole_proprietor,Jalandhar,Punjab,2025/07/20,XXXX7774,Inactive,839.54
MCH5626,"Borah, Bedi and Khalsa",7011,Hotel,SOLE-PROPRIETOR,HYDERABAD,Telangana,2026/02/25,,Hold,1422.38
MCH8570,  Reddy Ltd  ,5942,BOOKS_STATIONERY,PARTNERSHIP,HYDERABAD,Telangana,28/03/2023,4219980172,Active,528.1
9693,"Babu, Murty and Rao",5942,Stationery,sole_proprietor,Pune,Maharashtra,25/07/2023 07:48 PM,SBLA0467817458024,Live,"₹1,260.07"
MCH 8744,Prashad LLC,5942.0,Book Store,INDIVIDUAL,Jalandar,Punjab,1743440250,WWJH8069949347893,A,"₹3,282.54"
MCH6033,"Sama, Basak and Majumdar",MCC-5999,Other,PRIVATE-LIMITED,Hyderabad,Telangana,05-Mar-2025,0665928024,Active,Rs. 365
MCH6989,Raju LLC,5699,Clothing,INDIVIDUAL,JPR,Rajasthan,03-Nov-2023,4351608402,Disabled,"₹1,427.80"
MCH7470,Venkatesh Ltd,misc,garments,sole_proprietor,lucknow,Uttar Pradesh,1745934573,DLXM0557851330372,A,Rs. 787
MCH7400,"Kunda, Ramachandran and Khurana",5942,Books,private_limited,Pune,Maharashtra,02-11-2024,NA,I,9167.75
mch6449,Chakraborty-Hans,5812,FOOD_SERVICES,SOLE-PROPRIETOR,Hyderabad,Telangana,2024/03/01,XXXX5646,A,1506.6
MCH2081,Swaminathan and Sons,7011,Hotels,Individual,Jalandar,Punjab,24/02/2026,NA,Active,Rs. 515
MCH7256,Arora-Raman,4131,transprt,SOLE_PROPRIETOR,lucknow,Uttar Pradesh,02-14-2026,,ACTIVE,INR 449.65
MCH5112,Agarwa1 Ltd,5311,Retail,PRIVATE-LIMITED,Chennai,Tamil Nadu,18/02/2026,NA,Enabled,782.67
MCH3163,Dada-Kalita,05912,chemist,PARTNERSHIP,Hyd,Telangana,16-Jan-2026,,Live,963.91
mch2589,Dhawan-Thaker,5311,Department Store,sole_proprietor,Hyderabad,Telangana,01-Dec-2025,XXXX8775,Inactive,-611.95
mch5959,nigam group,5942,Book Store,private_limited,Bombay,Maharashtra,14-Jun-2025,TOMC3445782175803,I,"Rs. 2,495"
MCH6061,nazareth plc,4131,Transport,sole_proprietor,Poona,Maharashtra,2025-02-02 12:44:57,,Live,1189.87
MCH 4556,Parmar and S0ns,misc,Hospitality,Private Limited,Jaipur,Rajasthan,1715843147,CXEA6616163600300,ACTIVE,-933.34
MCH2899,Sampath-Mannan,5812.0,eating place,INDIVIDUAL,Bangalore,Karnataka,27/05/2023,,Enabled,-379.53
MCH1465,"Shah, Solanki and Rajagopalan",5699,garments,INDIVIDUAL,LKO,Uttar Pradesh,04/10/2024,XXXX9396,Suspended,INR 725.72
MCH6377,"Sharma, Bedi and Pandya",5812,Food,partnership,Hyd,Telangana,2023/10/03,NA,Suspended,₹531.47
MCH7618,MUTTI-MOHAN,5942,Books,INDIVIDUAL,Hyd,Telangana,2023/03/14,XXXX5035,Active,Rs. 664
MCH9824,Memon-Mistry,4814,phone service,partnership,ludhiana,Punjab,2024-08-16 02:30:46,,Hold,837.47
MCH1828,  Goel PLC  ,5699,Clothing,PRIVATE_LIMITED,Chennai,Tamil Nadu,10-15-2025,XXXX2989,A,"₹4,227.93"
mch7748,chhabra group,5812,FOOD_SERVICES,Individual,Poona,Maharashtra,2025/12/26,0225226630,ACTIVE,"INR 1,602.16"
MCH8058,SEM-KAPOOR,,Retail,PARTNERSHIP,kolkata,West Bengal,06/05/2024,XXXX0797,A,"INR 8,700.14"
1199,Chad-Grewal,5812,eating place,SOLE_PROPRIETOR,Hyd,Telangana,11-22-2024,8520358001,A,₹187.18
mch5767,pandya inc,4814,TELECOM,individual,jaipur,Rajasthan,09-Jan-2024,6172553008,A,793.79
MCH8058,"Tripathi, Bhagat and Kala",MCC-5999,Other,PRIVATE_LIMITED,HYDERABAD,Telangana,07-28-2024,NA,ACTIVE,259.88
MCH 3535,"Mammen, Patla and Kala",4131,TRAVEL,SOLE_PROPRIETOR,jaipur,Rajasthan,2025/08/08,NA,Enabled,1091.98
MCH 2910,"Mall, Sankaran and Mittal",4131,Bus/Taxi,Private Limited,Delhi,Delhi,28-Sep-2025,XXXX0107,Live,"INR 3,631.28"
MCH6263,"Bahri, Bajaj and Mander",5942,Books,individual,Madras,Tamil Nadu,10-Sep-2025,NA,Inactive,₹667.85
MCH1270,Tiwari and Sons,5311,Department Store,PRIVATE_LIMITED,HYDERABAD,Telangana,1685717810,,A,1107.02
5559,"GANGULY, BAKSHI AND CHOPRA",,Clothing,Individual,jalandhar,Punjab,14/11/2023 01:22 PM,,Inactive,
MCH1913,"Sandal, Srinivas and Lata",MCC-5912,Pharmacy,Partnership,LKO,Uttar Pradesh,09/06/2023,3453698993,ACTIVE,468.17
MCH3765,Mohanty LLC,5311,Department Store,Partnership,Hyderabad,Telangana,1687237880,0770998127,Active,"INR 1,911.75"
MCH 7639,Guha and Sons,UNKNOWN,CLOTHS,Private Limited,Jalandhar,Punjab,10/04/2024 12:29 AM,CBVL9950272702158,Enabled,2082.39
MCH 6737,Kohli Inc,5942,BOOKS_STATIONERY,PARTNERSHIP,ludhiana,Punjab,06/07/2023,7394942754,Live,675.29
9749,"Vasa, Jha and Babu",7011.0,Hospitality,Sole Proprietor,chennai,Tamil Nadu,2025/04/08,KYLU7872860441516,ACTIVE,276.87
MCH3803,"  Tara, Wali and Sachdev  ",5942,Book Store,INDIVIDUAL,lucknow,Uttar Pradesh,14/10/2025 11:06 PM,NA,A,"₹2,461.72"
1645,Savant-Singha1,5942,Books,Sole Proprietor,Madras,Tamil Nadu,04-19-2024,GUUE6743967074534,Active,Rs. 337
MCH6441,Bhatia and Sons,7011,Hotel,partnership,lucknow,Uttar Pradesh,20/12/2025 07:37 AM,NA,Active,INR 995.16
MCH2650,Choudhary Ltd,05942,Stationery,INDIVIDUAL,New Delhi,Delhi,22/09/2024,,Inactive,"INR 1,197.20"
MCH9883,"K0rpa1, Bera and Sachdeva",4814,phone service,PARTNERSHIP,BLR,Karnataka,08/07/2025,,Enabled,"₹1,595.57"
MCH-8663,Khalsa Group,misc,Book Store,PARTNERSHIP,jalandhar,Punjab,05/04/2023,CZSI5545012134696,Disabled,Rs. 338
mch1786,"Ganguly, Mammen and Babu",5411,groceries,SOLE_PROPRIETOR,pune,Maharashtra,22/05/2025,YNDF5378176701295,ACTIVE,"Rs. 1,212"
6164,"Bir, Patil and Chahal",,Pharmacy,SOLE-PROPRIETOR,Mumbay,Maharashtra,01/03/2023 06:39 PM,4503250362,Live,"Rs. 1,451"
3997,Bhatia Inc,04814,phone service,PARTNERSHIP,Calcutta,West Bengal,1737298631,XXXX8184,INACTIVE,-702.23
mch6860,buch plc,5699,Apparel,PRIVATE_LIMITED,Calcutta,West Bengal,09-Jan-2025,,Enabled,Rs. 364
8900,Nadkarni-Khare,5812,Food,INDIVIDUAL,lucknow,Uttar Pradesh,11-Jun-2025,ORVR2313413068698,Closed,"Rs. 1,349"
MCH 2981,"RASTOGI, VARMA AND SARRAF",5999,Misc Retail,Partnership,lucknow,Uttar Pradesh,07/10/2023,XXXX3025,Active,1266.61
mch9554,Kale Ltd,4814,Telecom,partnership,kolkata,West Bengal,07/12/2025,NA,Hold,Rs. 696
MCH-4383,"  Sabharwal, Patla and Nagy  ",5812,Food,INDIVIDUAL,Jaipur,Rajasthan,12-13-2024,NA,Active,4027.8
MCH2800,Raja-Naik,5311,Department Store,PRIVATE_LIMITED,Bangalore,Karnataka,2024/04/18,9493307388,Closed,"1,096.85"
5921,Saraf-Saraf,7011,Hotel,INDIVIDUAL,JPR,Rajasthan,1748704491,XXXX9547,INACTIVE,352.95
MCH-3384,GILL-BAKSHI,5999,Misc Retail,partnership,kolkata,West Bengal,06-27-2023,8993037640,Live,1223.35
MCH6960,DAS-DHAWAN,misc,FOOD_SERVICES,Partnership,Jaipur,Rajasthan,22/01/2023,,Active,"Rs. 1,832"
MCH3325,Varty-Vig,5912,Pharmacy,PARTNERSHIP,kolkata,West Bengal,2023/10/29,XXXX1753,A,"Rs. 4,212"
MCH 2575,Rast0gi-Verma,5912,Pharmacy,Individual,pune,Maharashtra,1744217292,XXXX2986,ACTIVE,INR 549.08
MCH 3348,"Chauhan, Chowdhury and Dhillon",5942,Stationery,INDIVIDUAL,Amritsar,Punjab,16-Dec-2023,MCSB8481417353125,Active,-3038.21
MCH8842,"Bala, Pillai and Kala",05999,Other,PARTNERSHIP,amritsar,Punjab,23/04/2023,XXXX1658,S,
MCH1473,Lata-Khurana,,MEDICAL_STORE,PARTNERSHIP,HYDERABAD,Telangana,,,Inactive,INR 326.76
MCH9995,ben-krish,,Retail,sole_proprietor,Pune,Maharashtra,11/09/2025 08:22 PM,FLBG6350605755281,Enabled,2919.94
MCH9398,"Soman, Murthy and Mangat",5411,Grocery,PARTNERSHIP,Bengaluru,Karnataka,2026/02/21,,Active,5429.9
MCH8505,Kamdar-Ghosh,5942,Book Store,private_limited,jaipur,Rajasthan,2023/08/02,XXXX4333,A,₹517.98
MCH3780,HEGDE GROUP,5311,dept_store,PRIVATE_LIMITED,lucknow,Uttar Pradesh,27/02/2026 08:38 PM,XXXX3079,Suspended,315.62
MCH5762,Hayre and Sons,5942,BOOKS_STATIONERY,SOLE_PROPRIETOR,Calcutta,West Bengal,2024-01-05 06:19:29,XXXX2767,ACTIVE,INR 823.98
MCH 6200,"Sen, Walla and Bath",5999,Retail Other,Private Limited,delhi,Delhi,29/01/2024 08:38 PM,NA,Active,
MCH-7108,Krishnan Group,5411,Grocery Stores,SOLE_PROPRIETOR,DELHI,Delhi,14-May-2023,,Live,INR 567.27
MCH 6035,radhakrishnan-chad,5812,eating place,PARTNERSHIP,New Delhi,Delhi,2026/01/25,,Enabled,INR 706.81
MCH4693,Dhingra-Bava,7011,Hotels,PRIVATE_LIMITED,Mumbai,Maharashtra,28/12/2024 01:09 AM,NA,ACTIVE,"3,445.16"
MCH 9456,"Rajagopalan, Luthra and Singh",,Retail Other,Individual,Dilli,Delhi,22/09/2025 04:16 AM,XXXX4617,A,
MCH8928,Deo PLC,4131,Transport,PARTNERSHIP,Chennai,Tamil Nadu,18/10/2024 05:30 AM,XXXX5889,Active,"₹1,547.93"
MCH2205,Mannan and Sons,5999,Miscellaneous,sole_proprietor,Ludhiana,Punjab,07-23-2023,XXXX7174,Disabled,₹490.97
MCH4033,Kota PLC,5699,Fashion,INDIVIDUAL,ludhiana,Punjab,2025-02-23 00:33:29,5691989399,Active,-1305.4
MCH3154,Bhardwaj Ltd,MCC-4131,Transport,individual,Bombay,Maharashtra,1730099731,XXXX9089,Inactive,633.37
MCH3548,"Bhakta, Dhaliwal and Comar",4814,phone service,INDIVIDUAL,JPR,Rajasthan,,VZDR7391504338268,Live,1931.09
MCH6354,"Gulati, Khosla and Peri",5812,Restaurants,PARTNERSHIP,Lucknow,Uttar Pradesh,08-14-2025,,Active,122.8
MCH-3611,"ratti, sunder and kapoor",4131,TRAVEL,PRIVATE-LIMITED,BLR,Karnataka,,XXXX2260,Enabled,787.19
MCH3886,Gandhi Inc,5812,eating place,Sole Proprietor,kolkata,West Bengal,18-Dec-2025,XXXX0009,Enabled,-3831.0
MCH8272,  Bava and Sons  ,,DEPT_STORE,sole_proprietor,Bangalore,Karnataka,08/08/2024 03:02 PM,1994793915,Enabled,-946.17
MCH4382,"Bahl, Ratta and Mann",05912,MEDICAL_STORE,INDIVIDUAL,Mumbai,Maharashtra,2023-07-18 20:54:40,NA,ACTIVE,"Rs. 1,094"
MCH-2357,SHAN LTD,5999.0,Retail Other,Individual,Jalandhar,Punjab,16-Jun-2025,XXXX8144,Live,945.26
MCH1148,Deep-Manda,4131,Bus/Taxi,INDIVIDUAL,ASR,Punjab,2025-06-15 00:35:23,,Active,"Rs. 3,461"
MCH4026,NAGY LTD,5812,Restaurant,PRIVATE_LIMITED,Calcutta,West Bengal,,NA,Live,"Rs. 1,027"
MCH1522,Mody Inc,5912,Pharmacy,sole_proprietor,jaipur,Rajasthan,04-Aug-2024,,A,631.57
MCH6144,Ravi-Dhingra,5912,chemist,PRIVATE-LIMITED,Hyderabad,Telangana,2023/04/28,NA,Active,"Rs. 2,686"
MCH6062,Kata PLC,5699,Clothing,SOLE_PROPRIETOR,MUMBAI,Maharashtra,2025/09/10,3065314778,Live,"Rs. 9,045"
MCH6084,"Jaggi, Ganguly and Mall",5699.0,CLOTHS,PRIVATE_LIMITED,ludhiana,Punjab,1693355230,,Live,1089.53
MCH8929,Suri-Toor,,Miscellaneous,individual,Hyderabad,Telangana,,NA,Enabled,Rs. 447
mch9506,"SAVANT, BAINS AND BALI",5912,Medical,partnership,Poona,Maharashtra,12/01/2025,XXXX0299,ACTIVE,₹353.01
MCH7605,Beh1-D’A1ia,5311,Retail,PARTNERSHIP,Chennai,Tamil Nadu,05/03/2023,NA,A,"₹6,345.68"
MCH 6594,Varkey-Bhatti,5411,GROCERY_STORE,partnership,Poona,Maharashtra,2025-01-24 23:13:22,7425361686,A,"Rs. 1,271"
MCH1154,"oommen, tata and randhawa",NA,Hotel,PARTNERSHIP,Kolkata,West Bengal,2025/04/18,RBFJ6015227406897,Enabled,INR 655.30
MCH6013,Date Ltd,5699,Apparel,INDIVIDUAL,MUMBAI,Maharashtra,2025-11-12 09:48:09,9831248184,Disabled,INR 138.89
MCH3122,  Lala-Chaudhari  ,MCC-4814,phone service,SOLE-PROPRIETOR,LDH,Punjab,12/09/2024,XXXX8953,ACTIVE,380.73
mch8297,Natarajan-Gill,MCC-4814,Mobile Recharge,INDIVIDUAL,LKO,Uttar Pradesh,14-May-2024,BYTE1111357515501,ACTIVE,INR 558.71
MCH-3388,"Chaudhary, Patel and Bhatti",7011,Hotel,partnership,Dilli,Delhi,2026-02-10 03:56:14,,Inactive,2198.14
6155,Kari-Basu,5699,CLOTHS,sole_proprietor,HYDERABAD,Telangana,20/06/2023,NA,Live,-705.71
MCH6033,"Sama, Basak and Majumdar",MCC-5999,other,PRIVATE-LIMITED,Hyderabad,Telangana,05-Mar-2025,0665928024,Active,Rs. 365
2382,Parsa-Mandal,4814,Telecom,INDIVIDUAL,jalandhar,Punjab,1769752243,,Suspended,"INR 16,892.62"
MCH 9975,Nadkarni-Sane,5999,Misc Retail,SOLE-PROPRIETOR,New Delhi,Delhi,02-Aug-2025,XXXX7415,Active,"INR 4,465.19"
MCH5316,Madan Ltd,5311,Department Stores,INDIVIDUAL,Kolkata,West Bengal,2023-05-11 17:42:55,,ACTIVE,706.61
MCH5881,"  Bandi, Krishnamurthy and Saran  ",MCC-5411,Grocery Stores,PARTNERSHIP,Amritsar,Punjab,2025/12/13,XXXX6576,Live,345.76
mch3594,Khalsa Inc,5999,Misc Retail,Partnership,Chennai,Tamil Nadu,,7162144056,Enabled,Rs. 381
4583,Krish-Dar,5812,Food,SOLE_PROPRIETOR,Mumbai,Maharashtra,23/11/2025,5472564311,A,"INR 4,726.00"
MCH6165,Sibal-Bora,7011,HOTEL_LODGING,SOLE_PROPRIETOR,JPR,Rajasthan,2024-06-17 04:49:02,XXXX5672,ACTIVE,-820.87
MCH3292,  Murthy PLC  ,MCC-5942,Stationery,INDIVIDUAL,Chennai,Tamil Nadu,21/06/2023,XXXX2688,Closed,2151.78
MCH4417,  Nair-Bhavsar  ,5942.0,Books,Private Limited,jalandhar,Punjab,2024/10/26,XXXX2826,Live,291.65
MCH5375,"Zacharia, Krishnamurthy and Talwar",5699,CLOTHS,individual,pune,Maharashtra,1675510641,6686840480,Active,-872.85
MCH8896,Yadav-Padmanabhan,4131,Transportation,private_limited,Hyderabad,Telangana,2024/02/05,XXXX8367,Live,"₹1,243.90"
MCH 7835,"DUGAR, DHAWAN AND DE",7011,Hospitality,Private Limited,Lucknow,Uttar Pradesh,26/12/2023 12:25 PM,,Blocked,"INR 1,744.59"
MCH8334,"Rai,BandiandJayaraman",,Transport,PARTNERSHIP,kolkata,West Bengal,2024-08-17 14:07:20,MJDT6229880746794,ACTIVE,"3,117.64"
MCH3758,  Dube Ltd  ,5999,Misc Retail,Sole Proprietor,delhi,Delhi,2023-09-10 22:18:52,7052831071,Active,1607.42
MCH9406,Randhawa and Sons,,Restaurants,Individual,Lucknow,Uttar Pradesh,2025/08/11,XXXX6795,Active,"INR 2,159.94"
mch8412,Sachdeva-Mutti,5311,Department Store,private_limited,Bengaluru,Karnataka,01-Mar-2023,,Enabled,"₹2,327.41"
MCH7582,Gola Ltd,4131,transprt,individual,Kolkata,West Bengal,31/07/2024 04:49 PM,NA,Active,"₹1,056.25"
MCH4815,"KARAN, BHATTACHARYYA AND SARAN",5912,Pharmacy,PRIVATE-LIMITED,kolkata,West Bengal,2025-04-10 08:18:32,4505912973,Active,1152.86
MCH4875,"Sangha, Sodhi and Banik",5999,Retail Other,SOLE-PROPRIETOR,Calcutta,West Bengal,12/03/2023 09:59 AM,,Inactive,₹303.18
MCH3184,"Sane, Dhawan and Prabhakar",4814,Telecom,INDIVIDUAL,MUMBAI,Maharashtra,09/12/2023,NA,Active,1192.54
MCH4930,Dasgupta-Dua,,Food,partnership,Jaipur,Rajasthan,25/06/2025 02:06 PM,,Enabled,-1023.36
MCH7078,"Vasa, Gade and Viswanathan",5699,fashion,INDIVIDUAL,mumbai,Maharashtra,17/08/2025,XXXX5209,A,660.73
MCH9226,  Bhatnagar-Magar  ,05812,FOOD_SERVICES,partnership,Chennai,Tamil Nadu,27-Nov-2024,CSVM1025081118272,Suspended,500.21
MCH3593,"Kara,BrarandApte",4814,phone service,private_limited,MUMBAI,Maharashtra,2023-12-04 15:44:19,,A,474.6
MCH8980,SIBAL AND SONS,5999,Other,SOLE-PROPRIETOR,Calcutta,West Bengal,,NSXF9069953614841,Enabled,-972.53
MCH2605,Gera-Karpe,5699,Fashion,INDIVIDUAL,Bombay,Maharashtra,02-25-2026,ZUZI7142150561628,Live,"Rs. 1,371"
MCH8832,Gour Ltd,5942,Book Store,INDIVIDUAL,Pune,Maharashtra,2024-10-19 08:26:23,9524602047,Enabled,
MCH4577,"Acharya, Apte and Bajwa",,Miscellaneous,SOLE-PROPRIETOR,Chennai,Tamil Nadu,14/09/2025,XXXX2492,Active,461.44
MCH1035,  Minhas-Khatri  ,5812.0,Restaurants,SOLE-PROPRIETOR,Mumbay,Maharashtra,01-24-2024,LDCT0604920639781,Active,"INR 5,777.68"
MCH1458,Chatterjee-Saran,UNKNOWN,Department Stores,SOLE_PROPRIETOR,Jalandar,Punjab,09/05/2025,XXXX1187,INACTIVE,658.54
MCH-3075,Setty Ltd,5411,Grocery Stores,Private Limited,Mumbay,Maharashtra,,,Active,1370.51
MCH2108,  Sankar-Desai  ,05912,chemist,SOLE-PROPRIETOR,ludhiana,Punjab,30/10/2023,9695114754,S,1535.43
MCH6726,Boase-Chatterjee,7011,Hotels,Individual,Chennai,Tamil Nadu,1712733384,,Suspended,"INR 1,583.09"
6966,"Wali, Mand and Prabhakar",5942,BOOKS_STATIONERY,PARTNERSHIP,Amritsar,Punjab,10-16-2023,NA,Live,"₹2,789.87"
MCH5370,Lala LLC,05311,DEPT_STORE,individual,Dilli,Delhi,2025-05-07 03:36:09,NA,Live,"INR 1,448.94"
MCH 7199,MANDA AND SONS,MCC-5942,Books,SOLE_PROPRIETOR,DELHI,Delhi,10/02/2026 11:11 AM,NA,Enabled,"INR 1,077.86"
MCH2528,  Cherian Ltd  ,5999,Miscellaneous,PRIVATE_LIMITED,Jalandhar,Punjab,08-03-2024,NA,ACTIVE,830.85
MCH9160,Som Ltd,4814.0,Mobile Recharge,PARTNERSHIP,Ludhiana,Punjab,01-29-2025,9756179537,ACTIVE,722.22
MCH-5776,Varma-Bahri,5699,garments,INDIVIDUAL,MUMBAI,Maharashtra,04-10-2025,0509545143,Inactive,807.85
MCH1854,"Sule, Prashad and Balay",,Hotels,partnership,Amritsar,Punjab,09-21-2023,XXXX8005,Enabled,"5,318.31"
1936,"Batra, Ramanathan and Din",5912,pharmacies,SOLE-PROPRIETOR,Hyderabad,Telangana,16/07/2024,XXXX3173,Active,143.98
MCH4261,Swaminathan Ltd,misc,HOTEL_LODGING,Private Limited,Lucknow,Uttar Pradesh,1749413260,XXXX1395,Live,965.51
mch4486,"Bumb, Kibe and Saraf",4814,Mobile Recharge,private_limited,Madras,Tamil Nadu,14-Feb-2026,XXXX9655,ACTIVE,2112.84
MCH3078,"gandhi, rout and sankaran",7011,Hotel,SOLE-PROPRIETOR,Bengaluru,Karnataka,2023-07-10 04:10:18,NA,Live,₹752.09
MCH1234,Comar-Kari,4131,transprt,SOLE_PROPRIETOR,jalandhar,Punjab,,IUGP6821222732474,Enabled,1120.89
mch8470,Munshi-Reddy,,transprt,SOLE_PROPRIETOR,pune,Maharashtra,12-29-2025,,A,"Rs. 1,203"
MCH9228,Ram Inc,05999,Other,individual,HYDERABAD,Telangana,19/10/2025 04:20 PM,XXXX4276,A,1661.79
MCH4675,"MINHAS, NARAYAN AND BANDI",,Books,Sole Proprietor,Jalandhar,Punjab,2023-06-15 10:04:37,,ACTIVE,
mch8603,mane ltd,5812,restaurant,SOLE_PROPRIETOR,ludhiana,Punjab,2023-04-01 16:26:07,9861979521,Active,INR 258.46
MCH8245,"Dhillon, Saran and Kalita",MCC-7011,HOTEL_LODGING,PARTNERSHIP,Ludhiana,Punjab,2025/09/06,NA,ACTIVE,"Rs. 2,778"
MCH9780,"Kibe, Setty and Kaul",05942,Book Store,PRIVATE-LIMITED,mumbai,Maharashtra,2024/07/14,EUVJ9352599503304,Active,"₹3,251.18"
MCH1020,Garg-Kale,MCC-4131,transprt,sole_proprietor,ASR,Punjab,05-09-2023,,Enabled,1015.68
MCH1990,Sawhney-Parekh,04814,Mobile Recharge,PRIVATE-LIMITED,JPR,Rajasthan,2026/01/26,NA,Enabled,INR 507.78
mch9814,Sekhon-Luthra,5411,GROCERY_STORE,individual,HYDERABAD,Telangana,12-Jun-2023,,ACTIVE,"2,338.35"
mch8177,Soman Inc,5812,Food,PRIVATE-LIMITED,Calcutta,West Bengal,04/03/2024 04:33 AM,XXXX3095,Live,"₹2,423.60"
MCH8726,Rast0gi-Saini,5999,Misc Retail,Partnership,ludhiana,Punjab,,5579571324,Active,4900.29
MCH1378,Patil-Deshmukh,05311,DEPT_STORE,Private Limited,Madras,Tamil Nadu,09/10/2023,HYZE0588457086111,ACTIVE,387.99
MCH5154,Bhargava-Dey,5912,chemist,Partnership,Jalandar,Punjab,22/03/2025,XPFJ2723277827453,Live,₹861.82
MCH4482,Sawhney-Raman,7011,HOTEL_LODGING,PRIVATE-LIMITED,Ludhiana,Punjab,,8584867343,Active,INR 246.88
MCH-4363,BhagatInc,5912,Pharmacy,private_limited,Jalandar,Punjab,2023/07/22,2625500394,ACTIVE,"1,657.41"
MCH1422,Merchant and Sons,5912,Pharmacy,Individual,HYDERABAD,Telangana,25/04/2023,,Live,4074.0
MCH9251,"Venkatesh, Randhawa and Lal",4131,transprt,SOLE_PROPRIETOR,lucknow,Uttar Pradesh,1767346630,6838955230,A,621.25
MCH5829,BATTA LTD,5812,Food,SOLE_PROPRIETOR,jalandhar,Punjab,11-07-2024,SFSR8195478520780,SUSPENDED,₹690.13
MCH6920,"Bhagat, Nadkarni and Dyal",5311.0,Department Stores,individual,Calcutta,West Bengal,01/01/2026,JTIZ3629800274600,Live,INR 410.54
MCH2078,Chada-Dubey,5311,Department Stores,individual,Bengaluru,Karnataka,14/03/2025,,ACTIVE,"₹1,915.85"
MCH 7870,Vyas Inc,,TELECOM,INDIVIDUAL,amritsar,Punjab,2023-08-26 09:30:35,,Enabled,INR 926.49
MCH8410,"Bhargava, Srinivasan and Desai",4131,Transportation,private_limited,LKO,Uttar Pradesh,2024/01/20,XCHH9247596987516,Active,1024.56
MCH7546,Koshy LLC,5912,Pharmacies,INDIVIDUAL,New Delhi,Delhi,2024/11/17,XXXX1749,Active,Rs. 356
MCH1904,Sandal Inc,4814,Telecom,INDIVIDUAL,Jalandhar,Punjab,2024-03-23 06:08:07,EZBT7024632751925,Live,1398.65
MCH7495,"Biswas, Mane and Hari",5311,DEPT_STORE,PRIVATE_LIMITED,DELHI,Delhi,,,Active,INR 993.25
MCH 4126,"WALI, MAHAL AND PRABHU",4131,Transportation,individual,HYDERABAD,Telangana,09/12/2023 03:51 PM,RAIS4512083077234,Active,"Rs. 1,593"
MCH7222,  Verma and Sons  ,4814,TELECOM,individual,Dilli,Delhi,11/07/2023,,Disabled,-4154.85
mch2327,"Ganguly, Grover and Mutti",05999,Retail Other,Sole Proprietor,jaipur,Rajasthan,24-Jan-2025,XXXX8996,S,12565.25
MCH1977,Mukherjee-Menon,MCC-5311,Department Store,Partnership,Hyderabad,Telangana,1745895762,XXXX1090,Active,4221.17
MCH5799,Nagar Inc,7011,Hotel,private_limited,Jalandhar,Punjab,16/02/2026,RWJB2008792112548,Enabled,INR 209.08
MCH4943,Sawhney-Dugar,7011,Hospitality,Sole Proprietor,chennai,Tamil Nadu,2023/07/16,,Disabled,₹470.52
MCH9471,Sarma Ltd,5699,Fashion,PARTNERSHIP,Hyderabad,Telangana,26/10/2023,XXXX5808,Enabled,2136.82
MCH7978,K0rpa1-Bassi,4814,Telecom,PRIVATE-LIMITED,jalandhar,Punjab,2025-10-26 14:25:48,NA,Live,"4,486.97"
MCH 9009,"Singhal, Patil and Brar",05311,Retail,private_limited,Jalandar,Punjab,2026-02-20 19:57:40,7365281036,I,"₹1,016.03"
MCH 1947,"Batra, Kar and Sodhi",5699,garments,PARTNERSHIP,BLR,Karnataka,1756064803,QPJE6965990436721,Live,"3,015.23"
MCH 9429,"Sachar, Borra and Raj",4814,TELECOM,Private Limited,Bengaluru,Karnataka,,,Live,1031.66
mch3742,"Mall, Sarma and Merchant",5999,Miscellaneous,Partnership,jalandhar,Punjab,19/06/2025 08:34 AM,,ACTIVE,INR 330.87
MCH6061,Basu and Sons,7011,Hospitality,Private Limited,amritsar,Punjab,29/01/2023,XXXX6131,Live,-2357.91
4133,"NAYAK, PRABHU AND SOM",04131,Transport,INDIVIDUAL,Mumbay,Maharashtra,2023-12-20 07:08:02,NA,Enabled,INR 570.23
MCH4581,"Tailor, Ganesh and Menon",5812,Restaurants,Partnership,Bombay,Maharashtra,11-02-2025,,Inactive,"Rs. 1,137"
mch9296,  Bhakta-Sen  ,5699,garments,private_limited,DELHI,Delhi,2024/12/29,CFXN3327085441809,Active,453.57
MCH6818,"Bava, Badami and Sodhi",5311,Department Stores,PARTNERSHIP,Mumbai,Maharashtra,16-Mar-2023,JOTB5244966377910,Active,-3479.78
mch3420,"Mani, Kota and Deol",4131,TRAVEL,Individual,JPR,Rajasthan,18/01/2024 11:43 AM,,Inactive,453.43
MCH-2451,"HALDER, KANNAN AND DIXIT",7011,Hotel,Private Limited,kolkata,West Bengal,11-20-2025,NIXX7228219214941,Disabled,610.7
mch5892,  Mangat-Dutta  ,,Stationery,SOLE-PROPRIETOR,jaipur,Rajasthan,08-Oct-2023,3873887194,Enabled,2243.17
MCH4419,Sankaran Inc,05912,MEDICAL_STORE,PARTNERSHIP,Madras,Tamil Nadu,2023/08/04,,Active,291.65
MCH-8753,"Bhandari, Trivedi and Bora",MCC-4131,TRAVEL,PARTNERSHIP,Hyderabad,Telangana,1735307694,NA,I,718.79
MCH-3048,Kala Group,7011,Hotels,PRIVATE_LIMITED,jaipur,Rajasthan,11-11-2023,NA,Enabled,₹613.58
MCH2533,Khatri-Devi,,Grocery,Sole Proprietor,jaipur,Rajasthan,1732377159,3534229147,ACTIVE,3147.37
MCH4080,Shenoy-Kashyap,4814,Mobile Recharge,Private Limited,jaipur,Rajasthan,2025-10-04 03:56:06,YPYY3780350945436,Active,2043.03
MCH6770,CHAUDHARI-DEWAN,5942,Books,Sole Proprietor,JPR,Rajasthan,,NA,Live,1139.41
mch5547,Chander-Menon,UNKNOWN,Pharmacy,partnership,Poona,Maharashtra,2024/03/02,NA,S,"₹1,421.71"
mch5553,Sarna and Sons,5812.0,Restaurants,PRIVATE_LIMITED,Mumbay,Maharashtra,2023-06-07 02:21:12,XXXX7273,INACTIVE,-871.71
MCH 3837,Bhat Group,5311,Department Store,individual,delhi,Delhi,01-17-2026,XXXX7816,Enabled,-2613.11
MCH 4008,"deep, rajagopal and tandon",misc,phone service,PRIVATE_LIMITED,Hyd,Telangana,1717286584,,ACTIVE,"Rs. 1,196"
MCH6764,rama-vora,4131,transprt,PARTNERSHIP,Hyderabad,Telangana,2025-08-22 07:58:18,XXXX1624,Active,INR 892.82
MCH7681,Kala PLC,4814,TELECOM,private_limited,Hyd,Telangana,12/04/2023 02:59 PM,,Enabled,"INR 2,015.68"
MCH 2213,"Dash,SoniandPalla",7011,Hotel,INDIVIDUAL,kolkata,West Bengal,30/04/2023,,ACTIVE,4392.08
mch6637,Sagar Group,5311.0,Retail,SOLE-PROPRIETOR,JPR,Rajasthan,08-16-2023,NA,Live,-2926.37
MCH9388,"mahajan, dixit and memon",7011,Hospitality,PARTNERSHIP,Calcutta,West Bengal,2024/11/21,NA,ACTIVE,1507.31
mch5077,"Chauhan, Thakur and Chacko",05411,groceries,Individual,JPR,Rajasthan,1699751815,9740262322,Closed,INR 250.88
MCH8364,KataPLC,5912,chemist,INDIVIDUAL,Bombay,Maharashtra,21/11/2023 12:44 PM,,A,753.31
MCH5438,"Krishna, Vohra and Ghose",5912,chemist,sole_proprietor,Madras,Tamil Nadu,11/12/2023 12:58 PM,XXXX0401,Active,"₹1,326.90"
MCH4427,  Deshpande LLC  ,5812,Food,private_limited,Mumbai,Maharashtra,2023/02/05,0253333340,Enabled,"INR 1,587.13"
MCH4462,"Koshy, Badal and Nayar",5699,Clothing,INDIVIDUAL,Hyd,Telangana,01-17-2025,XXXX9292,ACTIVE,Rs. 937
MCH3845,Hora-Bath,4131,transprt,INDIVIDUAL,bengaluru,Karnataka,2024-08-16 14:46:25,8760940800,ACTIVE,"2,098.39"
mch8109,"Nadkarni, Sawhney and Singh",5912,chemist,PARTNERSHIP,delhi,Delhi,28/04/2024,0836014923,Active,"Rs. 5,729"
MCH3487,Mutti Inc,5699.0,garments,sole_proprietor,Calcutta,West Bengal,24-Jul-2023,,A,-1198.59
MCH1384,Naidu-Bhatti,5812.0,Restaurants,INDIVIDUAL,Ludhiana,Punjab,03-04-2024,NA,ACTIVE,"₹3,910.34"
MCH8066,Sane-Shukla,5411,GROCERY_STORE,partnership,amritsar,Punjab,08-03-2023,0222417187,ACTIVE,-665.07
MCH 1226,Nadkarni Ltd,5912,MEDICAL_STORE,sole_proprietor,ludhiana,Punjab,,NA,Live,602.21
MCH6386,Mahajan Inc,5311,Retail,individual,ASR,Punjab,02-03-2025,,ACTIVE,
mch8380,Gola-Bal,4814.0,phone service,individual,HYDERABAD,Telangana,2025-10-14 05:29:06,XXXX2229,Active,-3345.73
MCH6408,Gade and Sons,5942,Books,SOLE_PROPRIETOR,chennai,Tamil Nadu,11-Jun-2024,,A,"INR 4,374.58"
MCH 1055,Dhingra-Kapoor,5311,Retail,partnership,BLR,Karnataka,2024-12-30 03:08:34,6794786904,Enabled,-770.74
MCH3788,"Divan, Kadakia and Kuruvilla",5311,Retail,Private Limited,Chennai,Tamil Nadu,27/06/2025,NA,ACTIVE,"INR 10,161.82"
MCH8512,Luthra-Bhasin,4131,Transportation,sole_proprietor,lucknow,Uttar Pradesh,22-Jul-2025,NA,ACTIVE,"2,579.73"
MCH6635,Sehgal Inc,5812,eating place,Private Limited,Bengaluru,Karnataka,,,ACTIVE,"1,810.23"
MCH4355,Sur-Pandit,05699,garments,partnership,lucknow,Uttar Pradesh,2023/04/18,0234156737,ACTIVE,
mch3266,"Lalla, Baral and Pau",5311,Department Store,private_limited,Chennai,Tamil Nadu,17/09/2025 12:56 PM,ZAAY3109374136824,ACTIVE,"1,627.34"
MCH9745,"Datta, Kibe and Barad",,Pharmacy,SOLE_PROPRIETOR,ludhiana,Punjab,03-05-2023,UQJV3362810389691,INACTIVE,"Rs. 1,003"
MCH7780,Jain PLC,5912,MEDICAL_STORE,SOLE_PROPRIETOR,Lucknow,Uttar Pradesh,2025-07-19 13:23:49,,I,
MCH-9051,"Gara, Keer and Padmanabhan",4814,Telecom,SOLE-PROPRIETOR,bengaluru,Karnataka,16-Jul-2023,XXXX6304,Active,1715.14
MCH4681,"Raja, Ramanathan and Koshy",UNKNOWN,Book Store,Sole Proprietor,Bombay,Maharashtra,2023/09/13,NA,A,554.63
MCH3296,Sampath-Chopra,5999,Miscellaneous,INDIVIDUAL,Bangalore,Karnataka,18/11/2025,XXXX2813,A,"₹1,074.20"
MCH4194,Srinivasan-Lala,4131.0,Transportation,individual,LDH,Punjab,15-Aug-2025,NA,Active,2059.54
MCH 4708,Loke-Ganesan,5999,Miscellaneous,sole_proprietor,Jalandar,Punjab,22/02/2024 07:47 PM,,Active,1266.56
MCH7027,"Vyas, Ghose and Narasimhan",05311,Department Store,SOLE_PROPRIETOR,Hyderabad,Telangana,04-05-2023,GJGE7959201596190,A,Rs. 860
MCH-7033,Mani and Sons,5699,Apparel,Partnership,mumbai,Maharashtra,06/07/2023,,A,"₹2,767.54"
MCH7731,DalalPLC,7011,Hospitality,Individual,chennai,Tamil Nadu,2024/05/25,,Live,"INR 2,899.19"
MCH5944,Arya Inc,5699,CLOTHS,PARTNERSHIP,jaipur,Rajasthan,1743394037,NA,Live,394.63
mch4459,Agate-Majumdar,4131,transprt,SOLE-PROPRIETOR,Madras,Tamil Nadu,29-Jul-2025,XXXX8386,A,210.85
MCH6672,"Mittal, Bajwa and Guha",05812,Restaurants,INDIVIDUAL,DELHI,Delhi,2023/08/09,XXXX4811,Live,"₹3,663.66"
MCH1321,Borah-Dhaliwal,7011,Hospitality,SOLE_PROPRIETOR,amritsar,Punjab,2025/12/06,XXXX0908,A,"INR 7,973.89"
MCH3030,"Sengupta, Bhagat and Kota",5942,Stationery,Private Limited,chennai,Tamil Nadu,09-07-2025,NA,Enabled,INR 194.19
MCH-2654,saxena-sarkar,4814,TELECOM,Sole Proprietor,Pune,Maharashtra,10-Jan-2026,,Enabled,3080.46
MCH5880,"Varty, Ratta and Venkataraman",5699,Fashion,Sole Proprietor,ASR,Punjab,11-Jun-2023,0620802937,Enabled,1913.84
MCH2249,"Rout, Thaker and Pal",,Department Stores,partnership,Mumbay,Maharashtra,15-Jun-2023,XXXX2277,A,"1,367.02"
MCH3987,"Dubey, Aggarwa1 and Mangat",5942,BOOKS_STATIONERY,INDIVIDUAL,HYDERABAD,Telangana,20-Apr-2024,OTRE9764440633575,Enabled,474.5
MCH7318,  Keer-Rao  ,UNKNOWN,TELECOM,Partnership,Pune,Maharashtra,27/11/2023,RIME5549722708025,Active,502.45
MCH8729,"Chowdhury, Krishnamurthy and Parekh",5942.0,Stationery,Private Limited,kolkata,West Bengal,07-Feb-2024,7331970917,Active,INR 870.42
MCH3737,Raval-Kurian,5812,Restaurants,Individual,Bombay,Maharashtra,2026/01/23,,Live,-352.99
mch7885,Atwal-Jha,4131,Bus/Taxi,Private Limited,jalandhar,Punjab,15/08/2023,XXXX1162,Hold,
MCH1227,"Nazareth, Zacharia and Swaminathan",05812,Food,PRIVATE_LIMITED,ludhiana,Punjab,1679416599,MUJQ0020831226650,ACTIVE,INR 870.36
5984,acharya-badal,5999,Other,Sole Proprietor,kolkata,West Bengal,03/01/2023,NA,Live,Rs. 515
MCH 6639,Sandal Group,5812,eating place,sole_proprietor,Amritsar,Punjab,2024-05-29 07:36:20,7230745501,A,3334.16
MCH 3917,CHOWDHURY-PANDIT,,Fashion,PRIVATE_LIMITED,Hyd,Telangana,04-02-2023,XXXX2174,ACTIVE,-445.99
MCH9306,Zachariah-Anne,5942,Stationery,PARTNERSHIP,Mumbai,Maharashtra,02-10-2026,JLTB4031924458479,A,1250.09
MCH3414,Sahota Ltd,4814,Telecom,PRIVATE-LIMITED,Amritsar,Punjab,29/12/2025,4026065439,ACTIVE,"₹1,607.54"
MCH3837,"Balakrishnan, Mane and Ranganathan",5812,FOOD_SERVICES,partnership,delhi,Delhi,1742686630,XXXX2369,Enabled,₹866.44
MCH2120,"Yohannan, Patla and Parmer",7011,HOTEL_LODGING,Partnership,Delhi,Delhi,2024/01/01,XXXX7380,Live,-3366.53
MCH-9104,Goel PLC,5311,Department Stores,Private Limited,Bangalore,Karnataka,1751319427,,A,"INR 2,640.29"
MCH3313,Comar-Sidhu,5311,DEPT_STORE,SOLE-PROPRIETOR,lucknow,Uttar Pradesh,2023/07/30,GKCY1460435380907,Closed,408.55
MCH8335,Bhatti-Keer,,Retail,Sole Proprietor,HYDERABAD,Telangana,06/03/2024,,Disabled,"INR 1,335.83"
MCH2332,Toor Inc,07011,Hospitality,INDIVIDUAL,ludhiana,Punjab,20/04/2023 08:12 AM,PKCI7470482397105,Enabled,-3555.73
MCH 1592,AgateInc,05311,Retail,PRIVATE-LIMITED,HYDERABAD,Telangana,1738202441,GLPT6683638156046,S,1072.45
MCH-7503,Dixit-Lala,7011,Hotels,Individual,Bombay,Maharashtra,06/10/2024,6328103560,Live,-2699.2
MCH3805,Issac-Munshi,5999,Misc Retail,Private Limited,bengaluru,Karnataka,02-19-2023,2364539164,ACTIVE,"Rs. 7,651"
8562,Radhakrishnan-Apte,05812,Food,PRIVATE-LIMITED,chennai,Tamil Nadu,04/12/2023 06:47 AM,,ACTIVE,"Rs. 1,647"
4099,"Dewan, Rastogi and Jayaraman",NA,Retail,INDIVIDUAL,LDH,Punjab,2025-08-06 12:15:48,NA,Active,"Rs. 1,926"
MCH5696,Mittal Group,5411.0,Grocery,PRIVATE-LIMITED,Chennai,Tamil Nadu,05-18-2024,,Active,"₹2,595.13"
MCH5573,Vora-Natarajan,4814,phone service,individual,New Delhi,Delhi,,NA,Disabled,2579.11
MCH2886,"Kurian, Dash and Walla",7011,Hotel,PRIVATE_LIMITED,bengaluru,Karnataka,25/05/2023 01:14 AM,XXXX6301,SUSPENDED,"₹8,233.35"
MCH-1793,Jaggi PLC,7011,Hotel,SOLE_PROPRIETOR,Delhi,Delhi,2024-08-21 00:47:16,,Enabled,"₹2,705.89"
MCH2135,"Singh, Talwar and Sur",5411.0,groceries,PRIVATE_LIMITED,jalandhar,Punjab,2025/01/15,NA,Suspended,704.34
MCH 8705,"Sankar, Srinivas and Kanda",4814,Telecom,PRIVATE-LIMITED,Delhi,Delhi,2024/02/05,7251156491,A,-207.41
MCH7943,Chaudhary-Rana,5912.0,Pharmacies,individual,Calcutta,West Bengal,27/12/2024,IEWV4741965388466,Live,"3,927.63"
MCH 5917,"TARA, BHASIN AND SINGH",5912,Pharmacies,SOLE-PROPRIETOR,Pune,Maharashtra,26/08/2023,6037353463,Suspended,443.4
MCH-4578,Khare-Warrior,5912,Pharmacies,PRIVATE-LIMITED,amritsar,Punjab,11-01-2023,4489355946,Active,504.90
MCH1474,"sami, sur and tank",04131,Transportation,private_limited,Pune,Maharashtra,,XXXX6224,Enabled,1645.61
4893,jani-verma,04131,transprt,partnership,Jalandar,Punjab,1691791324,NA,Enabled,1601.52
mch3292,Ravi-Keer,,Retail,private_limited,Jalandhar,Punjab,11-21-2023,NA,Live,9611.45
MCH9591,BALI GROUP,05999,Miscellaneous,sole_proprietor,ludhiana,Punjab,14-Jan-2026,,A,"₹3,007.14"
MCH4972,Seshadri-Dalal,5311,Department Stores,PARTNERSHIP,Poona,Maharashtra,2025/10/03,8465114405,Enabled,-1064.98
MCH1789,Loke-Chanda,05942,BOOKS_STATIONERY,Partnership,jaipur,Rajasthan,02-25-2023,NA,Active,"INR 15,713.68"
MCH 2115,Modi-Kari,5912,chemist,SOLE-PROPRIETOR,delhi,Delhi,04/10/2023 10:56 AM,XXXX4594,Enabled,"INR 1,597.33"
MCH5258,Kibe-Ramanathan,NA,Book Store,partnership,Dilli,Delhi,15-Aug-2024,IIKD1145736850427,A,3143.33
MCH4805,JOSHI PLC,5999,Other,sole_proprietor,Hyd,Telangana,26-Aug-2023,NA,Live,"₹4,206.25"
MCH2861,  Hayer Inc  ,5311,Department Stores,PRIVATE_LIMITED,pune,Maharashtra,1731179375,XXXX6916,Live,Rs. 676
MCH-8999,"BORDE, REDDY AND MITAL",4131,transprt,Sole Proprietor,jalandhar,Punjab,30/06/2024,JAYY6619396625712,Live,-561.7
MCH3279,"Zachariah, Gill and Palla",5812,Restaurants,Individual,Pune,Maharashtra,25/12/2025,,Active,
MCH1293,"Kohli, Rajan and Nair",5699,garments,SOLE_PROPRIETOR,Jaipur,Rajasthan,04/09/2023 06:47 AM,XXXX7079,Enabled,₹915.17
MCH1454,"Bali, Kurian and Garde",5812,Restaurant,PARTNERSHIP,lucknow,Uttar Pradesh,1690639998,,Live,"INR 1,592.02"
MCH8912,Nagar PLC,5942,Stationery,Private Limited,Bombay,Maharashtra,17-Feb-2024,NA,Enabled,196.56
mch9848,B0rde Inc,,Retail,Private Limited,Hyderabad,Telangana,03/02/2024,0308046800,ACTIVE,1173.29
MCH1296,Gaba-Rama,5912,MEDICAL_STORE,Individual,Delhi,Delhi,01-16-2023,6728414996,Enabled,2547.8
MCH 9920,Oommen-Mitra,5411,kirana,Private Limited,jaipur,Rajasthan,2024/01/17,7684049085,ACTIVE,₹767.57
MCH3438,Sodhi-Khosla,5311,Department Stores,private_limited,amritsar,Punjab,,XXXX2260,Live,
MCH8379,"B0rah, Kaur and Gera",5912,Pharmacy,INDIVIDUAL,Jaipur,Rajasthan,,NA,ACTIVE,351.15
MCH8126,"SAXENA, MITRA AND CHADA",5912,chemist,INDIVIDUAL,Lucknow,Uttar Pradesh,2025/03/12,XXXX5937,Suspended,844.44
MCH8990,Konda-Comar,4131,Transport,Private Limited,bengaluru,Karnataka,2023-05-12 14:14:04,,ACTIVE,₹273.69
MCH1592,Cherian-Bhavsar,7011,HOTEL_LODGING,sole_proprietor,mumbai,Maharashtra,06-12-2024,7646312300,Live,"INR 2,941.81"
mch9952,Vig-Doctor,NA,TRAVEL,PRIVATE_LIMITED,lucknow,Uttar Pradesh,10-27-2024,XXXX8487,Live,856.86
MCH6818,  Kaur Ltd  ,,Department Stores,Individual,ludhiana,Punjab,2024/02/23,,A,333.34
MCH4936,Batra-Patla,4814,phone service,INDIVIDUAL,Bombay,Maharashtra,02-05-2023,9027629602,Live,"₹2,064.79"
mch6904,Master-Bhat,5311.0,Department Store,PARTNERSHIP,MUMBAI,Maharashtra,08-May-2023,NA,Enabled,252.96
MCH2691,PATHAK AND SONS,misc,Hotel,PRIVATE_LIMITED,lucknow,Uttar Pradesh,06-Sep-2024,NA,ACTIVE,5340.32
MCH5457,  Deol PLC  ,5942,Book Store,SOLE_PROPRIETOR,Jaipur,Rajasthan,1735564141,XXXX0292,A,"1,085.10"
MCH-2187,Balan and Sons,5999,Retail Other,SOLE-PROPRIETOR,Bangalore,Karnataka,22/10/2024,NA,Live,"Rs. 1,340"
MCH7157,Bir Inc,,Mobile Recharge,PRIVATE-LIMITED,lucknow,Uttar Pradesh,16-Apr-2023,,ACTIVE,906.12
MCH2265,"Bail, Gopal and Khare",UNKNOWN,Pharmacies,partnership,LKO,Uttar Pradesh,08-04-2024,VZCP3787385327453,Disabled,-785.4
MCH-6939,Sampath Ltd,5999,Misc Retail,SOLE-PROPRIETOR,LKO,Uttar Pradesh,01/07/2025 11:23 AM,XXXX8052,ACTIVE,2962.51
MCH9287,Sathe Group,MCC-4814,Mobile Recharge,Private Limited,JPR,Rajasthan,16/04/2023 01:53 PM,NA,Disabled,-2266.77
MCH3539,"Korpal, Nair and Chana",MCC-5699,Apparel,SOLE-PROPRIETOR,mumbai,Maharashtra,29-May-2024,QRQK3185986773369,Closed,2681.05
MCH9543,"G0ur, Raju and Dara",4131,TRAVEL,INDIVIDUAL,amritsar,Punjab,2024/02/10,NA,A,-458.0
MCH5704,RAVEL-TALWAR,04131,Transportation,SOLE_PROPRIETOR,Madras,Tamil Nadu,1758787241,7574908365,INACTIVE,-4204.94
MCH4844,Trivedi-De01,7011,Hotel,INDIVIDUAL,bengaluru,Karnataka,2024-06-23 06:58:47,,ACTIVE,₹798.53
MCH7895,Pau PLC,,Retail Other,individual,amritsar,Punjab,08/06/2023 09:45 AM,NA,ACTIVE,Rs. 583
MCH-8159,Yogi Group,5699,Fashion,INDIVIDUAL,Kolkata,West Bengal,,,S,8386.41
4109,"Lal, Handa and Mammen",5942,BOOKS_STATIONERY,INDIVIDUAL,kolkata,West Bengal,01/07/2024 09:55 PM,,A,1181.07
MCH 2201,"DATE, MUNI AND DASGUPTA",5999,Miscellaneous,individual,kolkata,West Bengal,12/07/2023,EYWQ3550445400883,A,INR 238.32
MCH3682,"Dash, Kashyap and Goda",5311,Department Stores,private_limited,Amritsar,Punjab,01/12/2025 06:10 PM,UMOT0203540180050,I,"Rs. 1,702"
7866,Mangal and Sons,4814.0,phone service,Sole Proprietor,Amritsar,Punjab,21/10/2024,XXXX2681,Active,"INR 8,914.37"
MCH7933,BaradInc,5812,Food,individual,ASR,Punjab,26/07/2025,NA,INACTIVE,"Rs. 1,177"
MCH5176,"Samra,SampathandChaudhuri",4131,TRAVEL,INDIVIDUAL,Jalandhar,Punjab,18/03/2025,,A,Rs. 905
MCH7105,"Banerjee, Kurian and Bhatt",5699,CLOTHS,SOLE-PROPRIETOR,ASR,Punjab,1742783471,EDVM3800952600806,ACTIVE,265.52
MCH5389,sem llc,4131,Bus/Taxi,PARTNERSHIP,JPR,Rajasthan,1718517978,XXXX3272,ACTIVE,342.38
MCH9956,Khatri Inc,7011,Hotel,Sole Proprietor,Poona,Maharashtra,2023-05-19 18:45:01,5037831406,Suspended,-2099.08
MCH-1439,Chawla Ltd,NA,bus/taxi,INDIVIDUAL,chennai,Tamil Nadu,10-May-2023,OYZO1535504454366,Live,"6,190.53"
MCH6405,Jaggi Ltd,5411,groceries,PARTNERSHIP,DELHI,Delhi,26/01/2024 06:23 AM,XXXX6470,A,"Rs. 4,074"
MCH4308,Natt Group,5912,Medical,PARTNERSHIP,DELHI,Delhi,2023/01/16,3010499558,A,2114.37
MCH1876,"Deol, Sandal and Nagi",5999,Miscellaneous,partnership,bengaluru,Karnataka,29-Apr-2024,KRVT6824787386581,A,603.93
MCH1862,Puri Inc,4131,Transportation,individual,Mumbay,Maharashtra,2024-11-15 12:30:15,6516098644,Enabled,"INR 1,444.68"
MCH6979,Tiwari and Sons,5999,Retail Other,Sole Proprietor,Mumbai,Maharashtra,,XXXX1209,Live,"Rs. 2,312"
MCH8661,Kapoor and Sons,,transprt,Partnership,MUMBAI,Maharashtra,,,Active,1762.47
MCH9145,CHAD-KARPE,5699.0,Fashion,partnership,JPR,Rajasthan,08/11/2024 07:13 PM,XQWX8871352480351,A,INR 359.12
MCH6948,"Kala,LokeandSinghal",4814,phone service,INDIVIDUAL,Bangalore,Karnataka,2025/07/16,,ACTIVE,-752.55
MCH 9063,"Bhatt, Sabharwal and Devi",5699,Clothing,Sole Proprietor,Calcutta,West Bengal,10-Sep-2023,XXXX6663,Inactive,
MCH3354,"Barad, Ahluwalia and Mahal",5942,BOOKS_STATIONERY,partnership,lucknow,Uttar Pradesh,1770369825,XXXX7924,A,906.14
MCH-3440,"  Sahni, Thakur and Kale  ",5411,GROCERY_STORE,partnership,Hyderabad,Telangana,14/10/2024 11:53 AM,SWXL8005196412661,Enabled,Rs. 797
MCH6197,VIRK-VERMA,4131,Bus/Taxi,Partnership,Hyderabad,Telangana,,NA,Enabled,661.04
MCH5553,Salvi-Contractor,5411,groceries,INDIVIDUAL,Calcutta,West Bengal,03-21-2024,NA,A,"₹3,894.89"
MCH9941,Bava and Sons,5999.0,Other,private_limited,Hyd,Telangana,02/12/2024 03:24 AM,8632655432,ACTIVE,-2534.64
MCH1309,"Jhaveri, Dasgupta and Kata",5699,garments,INDIVIDUAL,MUMBAI,Maharashtra,2023/09/20,XXXX1715,Enabled,INR 929.23
MCH6206,"chander, bawa and setty",7011,Hospitality,Sole Proprietor,lucknow,Uttar Pradesh,08/12/2025 05:06 AM,NA,Live,"₹1,545.95"
MCH5425,"Bora, Kibe and Yadav",4814,TELECOM,INDIVIDUAL,Dilli,Delhi,,3599725292,SUSPENDED,₹810.10
MCH7379,"Doctor, Dyal and Vaidya",5912.0,Medical,Partnership,Jalandhar,Punjab,07-Mar-2023,XXXX4037,Active,198.46
MCH9447,Singh and Sons,07011,HOTEL_LODGING,PRIVATE_LIMITED,chennai,Tamil Nadu,2023/01/10,XXXX0990,A,"INR 1,158.32"
MCH5787,Bassi Inc,MCC-7011,HOTEL_LODGING,SOLE_PROPRIETOR,Bombay,Maharashtra,2025/06/24,XXXX0298,Enabled,555.97
MCH6903,sanghvi-suresh,5912.0,Medical,Sole Proprietor,Pune,Maharashtra,2024/12/01,XXXX6921,A,3930.65
MCH9521,"soni, bal and thaman",5699,Clothing,Partnership,Ludhiana,Punjab,04/05/2023 07:18 AM,NA,Closed,Rs. 155
MCH-8255,Sastry Group,05912,Pharmacy,PARTNERSHIP,Ludhiana,Punjab,2023-08-13 22:30:59,,Enabled,1386.59
MCH-7967,Datta LLC,4814,Mobile Recharge,INDIVIDUAL,Amritsar,Punjab,04/09/2025,NA,ACTIVE,
MCH7146,"Brar, Chadha and Choudhary",5311,DEPT_STORE,partnership,Hyderabad,Telangana,09/05/2024,NA,Live,573.35
MCH8409,"Dua, Naidu and Agate",4131,TRAVEL,individual,Mumbay,Maharashtra,2024-09-05 14:57:07,,Enabled,"INR 1,474.83"
mch2495,"sibal, shankar and malhotra",5699,Apparel,INDIVIDUAL,BLR,Karnataka,20/07/2025 08:24 PM,NA,Enabled,Rs. 529
MCH8283,Nadkarni LLC,4131,TRAVEL,PRIVATE-LIMITED,Kolkata,West Bengal,26/10/2023,XXXX9874,Live,731.97
MCH6155,"Mukhopadhyay, Doshi and Gopal",05411,Grocery Stores,SOLE-PROPRIETOR,Jalandhar,Punjab,03-Oct-2025,XXXX5418,ACTIVE,-830.87
MCH3051,Hora-Mahajan,5699.0,garments,Private Limited,Jaipur,Rajasthan,04/03/2023,,Live,"3,699.21"
MCH2463,Yogi-Dhar,MCC-4131,Transport,PRIVATE_LIMITED,Mumbay,Maharashtra,20/10/2023 08:24 PM,2758552991,ACTIVE,4463.41
MCH8619,Salvi-Nazareth,5411.0,Grocery,SOLE_PROPRIETOR,New Delhi,Delhi,25-Jul-2024,,Live,₹860.21
MCH2494,Sane Ltd,5699,Clothing,partnership,amritsar,Punjab,,8156434201,A,Rs. 582
MCH 4963,AtwalLtd,MCC-5912,Pharmacy,Sole Proprietor,HYDERABAD,Telangana,2024-09-17 15:34:47,,Active,
MCH2693,  Tandon-Kaur  ,MCC-5311,Retail,INDIVIDUAL,Chennai,Tamil Nadu,04-06-2025,3068123352,ACTIVE,"₹1,966.59"
MCH8885,"Dhawan,DevanandChokshi",05699,Fashion,Individual,Delhi,Delhi,2025-09-12 04:35:13,,ACTIVE,
MCH 8974,"Shukla, Gaba and Sani",5912,Pharmacy,SOLE_PROPRIETOR,New Delhi,Delhi,02-15-2026,EPWM9547022186249,ACTIVE,₹438.78
MCH9992,Rajagopalan PLC,07011,HOTEL_LODGING,Sole Proprietor,Bengaluru,Karnataka,07-Feb-2024,5652803993,Enabled,₹577.93
mch8450,narayanan llc,5912,Medical,SOLE-PROPRIETOR,LDH,Punjab,,XXXX4013,A,-1022.45
MCH5642,Ganguly-Kalla,MCC-5912,Pharmacy,PRIVATE-LIMITED,Jalandar,Punjab,2025/11/19,9623880565,Enabled,-870.56
MCH6207,"Ganesan, Bajwa and Reddy",5912,Pharmacy,PARTNERSHIP,JPR,Rajasthan,2023/03/21,1318873894,ACTIVE,₹391.96
8855,"Rau, Dua and Nadkarni",5411,groceries,PRIVATE-LIMITED,Ludhiana,Punjab,06/06/2025 02:15 AM,5829674472,A,"2,893.79"
mch3700,Nath-Chakrabarti,5812.0,FOOD_SERVICES,partnership,chennai,Tamil Nadu,1742872266,NA,Active,"Rs. 1,733"
MCH7324,Grover-Murty,5942,Stationery,Partnership,Jalandar,Punjab,12-Feb-2025,,SUSPENDED,1077.62
MCH4552,"Palla, Mutti and Jayaraman",4131,Transportation,Sole Proprietor,jaipur,Rajasthan,21/07/2025 01:20 AM,ZNQK3499547364876,Enabled,912.53
MCH7589,"Mangat, Din and Chatterjee",MCC-7011,Hotel,PARTNERSHIP,Bombay,Maharashtra,17/01/2024,XXXX6278,Active,"INR 1,692.13"
mch6918,Sant Ltd,4131,Transportation,private_limited,Chennai,Tamil Nadu,01-15-2023,,Active,Rs. 472
MCH6228,"Kar, Agarwal and Karpe",5812,eating place,private_limited,Bengaluru,Karnataka,2024/08/05,,A,1145.75
MCH-9688,choudhry llc,5942,Books,Sole Proprietor,Bengaluru,Karnataka,10-18-2023,,A,₹825.43
MCH1811,  Varkey Inc  ,5311.0,Department Store,sole_proprietor,BLR,Karnataka,2026/02/25,NA,Active,Rs. 592
MCH3501,Chandran-Tripathi,5999,Miscellaneous,PRIVATE_LIMITED,MUMBAI,Maharashtra,,1873775978,ACTIVE,"₹1,658.21"
MCH2218,"Upadhyay, Sharma and Kothari",7011,HOTEL_LODGING,partnership,LKO,Uttar Pradesh,23/04/2024 06:51 PM,VZAG9844318169851,Live,-341.57
MCH3587,  Sagar-Raval  ,7011,HOTEL_LODGING,partnership,Jalandar,Punjab,31/07/2024,NA,Enabled,"INR 1,064.25"
MCH5269,"Lala, Raval and Sahni",5942,BOOKS_STATIONERY,PARTNERSHIP,jalandhar,Punjab,21/10/2024,1738664466,ACTIVE,873.0
MCH8750,"Bawa, Chatterjee and Sathe",7011,HOTEL_LODGING,individual,Ludhiana,Punjab,1764537233,2442042302,Active,"3,120.06"
MCH6425,Pall-Kanda,5942,BOOKS_STATIONERY,SOLE-PROPRIETOR,New Delhi,Delhi,,NA,ACTIVE,-1143.39
mch8325,"Kaul, Bumb and Bal",5411,Grocery,Sole Proprietor,ASR,Punjab,03-19-2025,NA,Closed,183.98
mch5780,"Kumar, Bedi and Borah",5942,Stationery,INDIVIDUAL,Bangalore,Karnataka,12/01/2025 06:36 PM,,Inactive,845.88
MCH2384,Dugar-Sathe,,Telecom,partnership,ludhiana,Punjab,10-01-2023,9586840707,Live,"7,203.05"
MCH7332,"Mutti, Reddy and Guha",5311,Department Stores,PRIVATE-LIMITED,Kolkata,West Bengal,04-May-2025,XXXX9186,ACTIVE,1708.81
MCH6332,Shuk1a-Hayre,5311,Department Store,sole_proprietor,LKO,Uttar Pradesh,12/01/2026 05:50 PM,NA,Active,788.91
mch1002,"Apte, Saha and Edwin",05812,Food,private_limited,Bangalore,Karnataka,07/01/2026 09:01 AM,XXXX8596,A,1671.2
MCH-7430,"Seshadri, Kakar and Sarin",05699,garments,SOLE_PROPRIETOR,ASR,Punjab,2024/08/07,BQCW3653569640830,Active,"₹2,698.18"
MCH8451,setty inc,4814,TELECOM,PRIVATE_LIMITED,Ludhiana,Punjab,2023/06/05,NA,A,₹196.48
MCH9383,"Sekhon,PadmanabhanandRege",5942,BOOKS_STATIONERY,Individual,Madras,Tamil Nadu,24/01/2026 02:02 AM,4786143604,SUSPENDED,"Rs. 2,841"
3875,natt ltd,5812,Food,PRIVATE-LIMITED,jalandhar,Punjab,07/04/2025,NA,Enabled,4372.03
MCH9956,"Sanghvi, Ghose and Din",05311,Department Stores,PRIVATE-LIMITED,delhi,Delhi,29/11/2025 04:15 PM,NA,A,"₹2,309.81"
MCH-3654,Ganesan Ltd,5812,Restaurants,sole_proprietor,jalandhar,Punjab,2024/02/11,XXXX6762,A,286.1
MCH 1073,"Dasgupta,RayandDara",misc,MEDICAL_STORE,partnership,Lucknow,Uttar Pradesh,2024/09/22,XXXX7293,Suspended,1002.63
MCH4469,mane and sons,MCC-4131,Transportation,Partnership,Hyderabad,Telangana,18/05/2025 04:24 PM,ZELA9978143221753,Enabled,"1,447.11"
MCH7630,"RAMA, KALITA AND JHA",4131,transprt,Individual,mumbai,Maharashtra,01-Oct-2025,2315692507,ACTIVE,"Rs. 2,393"
MCH8761,Pal LLC,5999,Miscellaneous,PRIVATE_LIMITED,LDH,Punjab,,,Enabled,₹759.79
mch8672,"Ganguly, Sarin and Merchant",5311,Retail,INDIVIDUAL,Jalandhar,Punjab,09/06/2025,3398230728,Inactive,1816.05
mch6302,Gour-Rattan,04131,transprt,Individual,HYDERABAD,Telangana,29-Sep-2024,HNZM4152862016158,ACTIVE,INR 966.01
MCH1081,Mistry Group,5812,FOOD_SERVICES,private_limited,Mumbay,Maharashtra,2025/05/27,XXXX5682,ACTIVE,"INR 2,299.04"
MCH8941,Iyer LLC,misc,Retail Other,Sole Proprietor,Ludhiana,Punjab,24/01/2023 11:45 PM,EATG9868970979253,Enabled,2580.56
MCH7837,Wali Group,,miscellaneous,Individual,kolkata,West Bengal,2023/06/03,,Inactive,INR 803.03
MCH7843,Rastogi-Das,05812,Restaurant,partnership,amritsar,Punjab,2025/04/03,XXXX7401,A,-1274.89
MCH1234,"Shah, Pathak and Bera",UNKNOWN,Hospitality,PARTNERSHIP,JPR,Rajasthan,06/10/2025,NA,ACTIVE,354.58
MCH3311,"Agarwal, Bhandari and Varma",5699,Apparel,INDIVIDUAL,Lucknow,Uttar Pradesh,10-16-2023,6820052693,Active,1187.8
MCH5354,  Datta-Vala  ,5812,Restaurant,partnership,ludhiana,Punjab,2023-02-16 01:25:53,XXXX9615,A,"Rs. 2,213"
MCH7063,"Garg, Bawa and Hans",4814,Telecom,PRIVATE-LIMITED,LKO,Uttar Pradesh,28-Dec-2025,,A,2717.9
MCH6325,"Sathe, Seth and Varghese",5311,Department Stores,PARTNERSHIP,DELHI,Delhi,2025/04/03,NA,INACTIVE,422.65
MCH6299,Pathak-Mukherjee,5999,other,Individual,Dilli,Delhi,02/02/2025,NA,Suspended,256.83
MCH8863,Sastry PLC,4814.0,TELECOM,INDIVIDUAL,Pune,Maharashtra,03-08-2024,NA,Live,
MCH5080,"Shere, Jha and Sarma",5912,Medical,SOLE_PROPRIETOR,Calcutta,West Bengal,22/02/2025 08:56 PM,,Live,"2,711.51"
MCH6102,andra-sachar,5699,CLOTHS,SOLE_PROPRIETOR,Jaipur,Rajasthan,12-12-2023,,ACTIVE,926.97
MCH 5630,Srinivas-Doshi,7011,Hotels,SOLE_PROPRIETOR,Amritsar,Punjab,28-Apr-2023,BCPS7283289501457,Closed,"₹2,338.55"
MCH2765,Buch LLC,4814,TELECOM,individual,Jaipur,Rajasthan,2024-12-27 22:16:28,,Active,INR 132.32
MCH3533,Tiwari-Gulati,7011,HOTEL_LODGING,Private Limited,Mumbai,Maharashtra,2025/10/07,SWEX6777199199579,Live,₹709.41
MCH-1191,raval ltd,4814,phone service,individual,Kolkata,West Bengal,1674087536,,Inactive,1670.52
MCH1007,"Sunder, Wason and Pau",05812,eating place,partnership,jaipur,Rajasthan,2023/11/19,NA,Enabled,164.45
MCH7841,Manda Group,5942,Book Store,SOLE-PROPRIETOR,Poona,Maharashtra,01-Oct-2024,8517196401,ACTIVE,"14,164.49"
MCH 6672,nagarajan inc,5812,FOOD_SERVICES,Partnership,lucknow,Uttar Pradesh,11-Oct-2024,NA,Live,9245.49
MCH6999,Solanki PLC,7011,Hotel,Partnership,Madras,Tamil Nadu,02-26-2024,,Enabled,926.71
7525,  Char-Narayanan  ,5942,Book Store,individual,Lucknow,Uttar Pradesh,31-Mar-2025,,Enabled,424.34
MCH-9963,Mahajan and S0ns,5942,Book Store,PARTNERSHIP,JPR,Rajasthan,2025-01-19 07:33:36,7503956758,Live,"7,342.46"
MCH2250,"Sachdev, Ma1h0tra and Saraf",4131,Transportation,individual,LDH,Punjab,17/12/2023,XXXX4502,Closed,"INR 4,090.25"
MCH2886,"Kurian, Dash and Walla",7011,hotel,PRIVATE_LIMITED,bengaluru,Karnataka,25/05/2023 01:14 AM,XXXX6301,Inactive,"₹8,233.35"
mch7922,Dara LLC,NA,FOOD_SERVICES,Partnership,Bombay,Maharashtra,13-May-2024,4216494567,Enabled,1260.96
8346,Sane-Ben,05999,Misc Retail,Private Limited,kolkata,West Bengal,2024/04/03,IXCA8152224460445,Active,"₹2,955.96"
MCH8460,Luthra PLC,misc,DEPT_STORE,PRIVATE-LIMITED,JPR,Rajasthan,1678477957,XXXX0930,ACTIVE,2927.81
MCH2926,Sule-Thaker,5942,Stationery,partnership,bengaluru,Karnataka,16/12/2024 06:18 PM,XXXX3557,ACTIVE,"INR 1,590.53"
9839,Natarajan-Keer,5812,eating place,INDIVIDUAL,DELHI,Delhi,2025-03-03 12:00:05,XXXX6434,Enabled,2189.15
MCH-3292,Sehgal-Kapur,5912,Medical,PRIVATE_LIMITED,Jalandhar,Punjab,03-06-2025,NA,Live,751.44
MCH1711,"Sastry, Kota and Merchant",5411,kirana,Sole Proprietor,ludhiana,Punjab,2023-12-17 08:04:00,NEUM7554192097058,A,"1,991.22"
MCH7479,"Wadhwa, Bhatia and Gade",5311,Retail,PARTNERSHIP,Chennai,Tamil Nadu,2024-09-14 17:36:50,8868630340,Live,Rs. 998
MCH7802,"Kapur, Sarna and Chandra",,BOOKS_STATIONERY,Individual,LDH,Punjab,2023-06-30 21:33:28,,I,"INR 9,218.28"
MCH 5483,Khare Inc,5311,Retail,SOLE-PROPRIETOR,Jalandhar,Punjab,2025-04-28 14:52:17,5460112584,Active,INR 827.39
MCH7476,  Sundaram Ltd  ,5411,Grocery,SOLE_PROPRIETOR,LDH,Punjab,2025-07-09 15:30:17,MKAI7735339239141,Live,1389.53
3875,Kade and Sons,4814,Mobile Recharge,Private Limited,Pune,Maharashtra,2024-01-12 14:12:35,NA,ACTIVE,"₹3,073.34"
MCH-3690,Aurora Inc,4131,TRAVEL,PARTNERSHIP,BLR,Karnataka,26-Apr-2025,XXXX3060,A,915.55
MCH8530,Chopra-Khanna,5311,Department Stores,Partnership,Hyderabad,Telangana,,,Active,INR 442.28
MCH4577,"Atwal, Sura and Bhatti",5812,Restaurant,PARTNERSHIP,Hyd,Telangana,03/01/2026 06:58 PM,PWDW0230553443063,ACTIVE,316.90
MCH1134,"Sani, Uppal and Pillai",,Pharmacies,Partnership,Kolkata,West Bengal,11/04/2025,,Live,6246.52
MCH1704,"Shukla, Hari and Chopra",4131,transprt,SOLE_PROPRIETOR,Lucknow,Uttar Pradesh,08-04-2023,,Closed,"₹2,965.45"
MCH3551,"Chaudry, Toor and Lala",4814,phone service,SOLE_PROPRIETOR,bengaluru,Karnataka,2023-12-15 17:19:51,NA,Enabled,941.64
MCH6118,"radhakrishnan, lala and devi",5311,DEPT_STORE,sole_proprietor,Dilli,Delhi,06/01/2024,6215610983,Active,"Rs. 11,547"
9180,RamaswamyPLC,5699.0,cloths,INDIVIDUAL,Pune,Maharashtra,2025/08/08,NA,Suspended,-1761.26
MCH-3984,"wadhwa, sunder and bobal",7011,HOTEL_LODGING,PRIVATE_LIMITED,Chennai,Tamil Nadu,10/08/2023 04:06 PM,QUQR5120846966545,ACTIVE,"₹1,305.55"
MCH1124,Andra Inc,7011.0,Hospitality,PARTNERSHIP,Lucknow,Uttar Pradesh,08-07-2023,,ACTIVE,"Rs. 5,664"
MCH3723,wagle-dugar,5411,Grocery,INDIVIDUAL,bengaluru,Karnataka,05-31-2023,0970612973,Active,"₹1,906.51"
MCH8903,Keer-Sagar,5411.0,kirana,Partnership,lucknow,Uttar Pradesh,16/09/2024,,A,841.61
MCH3581,"Chadha, Sankaran and Pau",05699,Clothing,Partnership,Kolkata,West Bengal,07/05/2024,,ACTIVE,
MCH8215,"Brar, Ramesh and Kaul",5411,Grocery Stores,PARTNERSHIP,Chennai,Tamil Nadu,23/05/2023,DOZI8655958280664,Closed,1544.34
MCH6481,Kalita Inc,4131,transprt,PRIVATE-LIMITED,Mumbai,Maharashtra,11-29-2024,BFCN8370004846639,Enabled,1389.63
MCH1263,Memon-Choudhary,05912,chemist,Private Limited,Hyd,Telangana,1764283906,NA,Enabled,"₹1,888.17"
MCH7078,"Vasa, Gade and Viswanathan",5699,Fashion,INDIVIDUAL,mumbai,Maharashtra,17/08/2025,XXXX5209,A,660.73
MCH 9718,"Trivedi, Yohannan and Garde",5411,Grocery,SOLE_PROPRIETOR,pune,Maharashtra,2025-06-14 14:04:26,6798429963,Enabled,"₹1,881.34"
MCH2946,Divan Inc,4814,Telecom,PRIVATE_LIMITED,jaipur,Rajasthan,2024/09/22,XXXX7575,Live,1246.97
MCH6782,  Basu PLC  ,05812,FOOD_SERVICES,Private Limited,delhi,Delhi,08-30-2025,NA,ACTIVE,-406.96
MCH4168,"Jani, Khalsa and Minhas",05912,chemist,INDIVIDUAL,JPR,Rajasthan,05-28-2023,NA,INACTIVE,-358.74
MCH4808,padmanabhan-pathak,5699.0,Fashion,Sole Proprietor,Lucknow,Uttar Pradesh,07/05/2024 06:56 PM,HSVX5052815662312,Closed,-262.16
MCH2851,Kalla-Jain,7011,HOTEL_LODGING,INDIVIDUAL,Mumbay,Maharashtra,2025/11/29,XXXX3740,A,"Rs. 3,022"
mch9029,Hayre and Sons,5311,Retail,INDIVIDUAL,amritsar,Punjab,19-Nov-2025,NA,ACTIVE,
MCH2529,Sheth-Pal,5942.0,BOOKS_STATIONERY,Individual,Lucknow,Uttar Pradesh,08-23-2023,2709901385,Enabled,"1,398.37"
MCH5523,Behl Inc,05699,CLOTHS,Individual,lucknow,Uttar Pradesh,1749945764,GIRV9312114208892,Active,"₹2,946.06"
mch2264,"Sule, Sarma and Sur",5311,Retail,individual,New Delhi,Delhi,2025/10/21,HGHS4575612385959,Suspended,"Rs. 4,017"
MCH 3592,"Sem, Chandran and Dara",5999,Other,SOLE-PROPRIETOR,Dilli,Delhi,15/11/2023 09:32 AM,8281028913,I,-1166.62
MCH6121,"more, sandhu and dugar",,CLOTHS,Private Limited,Jalandhar,Punjab,2023/07/26,8169816022,Active,-836.27
MCH2917,Gole-Rau,05812,Food,sole_proprietor,Madras,Tamil Nadu,10-Oct-2025,XXXX0356,Disabled,-1917.48
MCH9566,  Batra-Kaul  ,5311,Department Stores,PRIVATE_LIMITED,DELHI,Delhi,2025/11/28,LYAO0984012362521,Live,"₹1,260.75"
MCH8902,Sabharwal Ltd,5411,kirana,SOLE-PROPRIETOR,amritsar,Punjab,2024/12/27,8958186574,Active,-270.57
7635,Karpe Inc,04814,TELECOM,Partnership,mumbai,Maharashtra,1683808478,4808643996,Suspended,"INR 6,027.41"
MCH2665,"Goswami, Savant and Kar",MCC-5311,Department Store,sole_proprietor,Hyd,Telangana,2024/03/23,XXXX6615,Active,1516.75
MCH9349,Mahajan-Ghosh,5812,eating place,INDIVIDUAL,chennai,Tamil Nadu,21/02/2023,,Closed,"Rs. 3,266"
MCH4964,SARKAR-GODA,5311,DEPT_STORE,PRIVATE_LIMITED,Poona,Maharashtra,14/07/2025,NA,SUSPENDED,"Rs. 1,517"
MCH1769,"Sekhon, Goswami and Rajan",4814,Telecom,sole_proprietor,lucknow,Uttar Pradesh,1751095518,DYOJ7653218721893,ACTIVE,1009.67
9867,Loyal and Sons,05699,Apparel,PARTNERSHIP,Pune,Maharashtra,1684249053,NA,Live,1984.39
MCH9910,"Karan, Ram and Sengupta",5311,DEPT_STORE,INDIVIDUAL,DELHI,Delhi,10-14-2025,IIRT4821012999661,ACTIVE,191.17
MCH3796,Mani-Saha,,Food,individual,chennai,Tamil Nadu,06-Aug-2023,GQAE5409560780073,Active,860.72
MCH2346,Palla-Mannan,5699,garments,PARTNERSHIP,chennai,Tamil Nadu,29/04/2025,XXXX3607,A,468.76
MCH1016,"Reddy, Amble and Parmar",4814,Telecom,PARTNERSHIP,Madras,Tamil Nadu,10-Mar-2023,,ACTIVE,517.37
MCH 9725,Shan LLC,05699,Clothing,Individual,Lucknow,Uttar Pradesh,20-Dec-2024,4923079593,A,2250.85
MCH8203,lad-suresh,,Other,PARTNERSHIP,Ludhiana,Punjab,16-Oct-2024,YJQR4818378164787,A,Rs. 937
MCH-2478,"  Bala, Sane and Som  ",05699,CLOTHS,Sole Proprietor,Hyderabad,Telangana,02-15-2023,QRPZ8741280654685,Enabled,911.53
MCH3722,Upadhyay-Issac,5999.0,Other,private_limited,ASR,Punjab,01-13-2024,8162918072,SUSPENDED,"₹2,279.60"
MCH2085,Chacko-Zachariah,04131,Transport,SOLE_PROPRIETOR,LKO,Uttar Pradesh,,,Enabled,472.37
MCH9921,"Datta, Chatterjee and Khalsa",04131,Transport,PRIVATE-LIMITED,Bengaluru,Karnataka,22-Feb-2024,XXXX9256,Live,2964.42
MCH1494,Dave LLC,5999,Misc Retail,PRIVATE_LIMITED,Hyd,Telangana,23-Aug-2023,,ACTIVE,"INR 14,736.17"
MCH 8794,"Mandal, Dalal and Sane",4131.0,transprt,partnership,Pune,Maharashtra,27-Feb-2025,NA,Closed,10132.54
MCH 1005,SAGAR AND SONS,5912.0,MEDICAL_STORE,PARTNERSHIP,Ludhiana,Punjab,02-06-2024,IPTY9767700049775,A,967.53
MCH8820,"Sarkar, Arya and Chand",4131,Bus/Taxi,Private Limited,LDH,Punjab,07/12/2024,XXXX8518,Live,3994.88
MCH1442,  Wadhwa-Walla  ,7011,Hotel,Private Limited,pune,Maharashtra,12-13-2025,NA,Active,"1,483.74"
MCH 8660,"Ben, Guha and Sabharwa1",5812,FOOD_SERVICES,SOLE_PROPRIETOR,lucknow,Uttar Pradesh,07-22-2025,XXXX9591,Live,
MCH8091,"Kata, Mangat and Tiwari",5812,Restaurants,partnership,amritsar,Punjab,18/09/2023,XDJG1975759254930,Inactive,723.01
MCH9107,Apte-Pathak,5699,CLOTHS,PRIVATE_LIMITED,Jalandar,Punjab,2023-05-25 21:09:31,,Active,4111.02
MCH4062,Rana Group,5999.0,Retail Other,INDIVIDUAL,Mumbay,Maharashtra,20-Sep-2023,XXXX3317,Disabled,1544.23
MCH7880,Ben-Khare,04131,Transportation,Individual,chennai,Tamil Nadu,20/01/2024,NA,ACTIVE,"INR 3,857.41"
MCH2791,"Rastogi, Mannan and Sabharwal",UNKNOWN,chemist,Sole Proprietor,delhi,Delhi,08-21-2025,NA,Active,
mch2988,"Mangal, Gokhale and Malhotra",5812,FOOD_SERVICES,SOLE-PROPRIETOR,Mumbay,Maharashtra,1696932665,NA,ACTIVE,"₹3,595.96"
MCH 8724,"GOLE, ROY AND KHURANA",5411,Grocery Stores,Sole Proprietor,Bangalore,Karnataka,31-Mar-2024,XXXX8526,Enabled,₹926.44
mch7288,Sandhu Inc,5812.0,Restaurant,partnership,Bangalore,Karnataka,16-Feb-2025,,Active,1887.15
MCH1277,Deol-Nayak,4131,transprt,INDIVIDUAL,Bengaluru,Karnataka,,,ACTIVE,"Rs. 1,188"
MCH7969,"Karan,BalandKhurana",4131,TRAVEL,INDIVIDUAL,Lucknow,Uttar Pradesh,2025/04/16,,Active,₹836.32
4765,Baral Inc,4131.0,transprt,PRIVATE_LIMITED,Ludhiana,Punjab,,NA,Closed,2514.87
MCH 2475,  Bains-Sahota  ,5411.0,kirana,Individual,Bangalore,Karnataka,08-16-2023,XXXX6630,Active,-619.32
MCH6429,Doshi Group,5699,Apparel,Sole Proprietor,Amritsar,Punjab,15/10/2025,YIYE8202990184325,Live,369.26
MCH9439,Dhingra Inc,5411,GROCERY_STORE,individual,Mumbay,Maharashtra,2023/06/06,NA,Disabled,619.52
mch7751,"  Vig, Iyer and Andra  ",5311,Retail,Partnership,pune,Maharashtra,28/06/2024,6513543497,S,INR 590.58
MCH8509,"Majumdar, Deshpande and Solanki",5311,dept_store,PARTNERSHIP,BLR,Karnataka,09-17-2024,XXXX5135,I,-1098.85
mch4605,BARAD PLC,5942,Stationery,sole_proprietor,Pune,Maharashtra,1748901800,XXXX1001,Live,5165.18
MCH 2212,Parmar Group,misc,Bus/Taxi,PRIVATE_LIMITED,jalandhar,Punjab,01/02/2025 07:40 AM,,Active,"INR 4,432.56"
MCH-6016,Goda Inc,,Books,Sole Proprietor,Calcutta,West Bengal,1753137556,FWRQ5490581831729,ACTIVE,"INR 1,254.10"
MCH1530,"suresh, kadakia and iyer",5912,Medical,PRIVATE_LIMITED,Jalandhar,Punjab,23/08/2024 02:54 PM,NA,Enabled,158.58
MCH 4511,"Walla, Kala and Devi",4131,Transport,SOLE_PROPRIETOR,HYDERABAD,Telangana,12-Mar-2025,8103217288,A,"INR 1,448.32"
MCH2313,gulati llc,MCC-5999,Retail Other,PRIVATE-LIMITED,kolkata,West Bengal,09-Jun-2024,PWIA0473863869043,Closed,-3231.31
MCH7394,Brahmbhatt PLC,MCC-5812,FOOD_SERVICES,private_limited,DELHI,Delhi,29-Jul-2024,IKKI3369443713209,Live,3620.77
MCH7912,Sarma-Arya,5699,garments,private_limited,Lucknow,Uttar Pradesh,01/01/2025,ZNNS3870382152945,Active,1318.64
MCH8724,Sethi-Reddy,5411,kirana,private_limited,Hyderabad,Telangana,2025/04/09,3785181664,Closed,425.41
MCH 7653,Mishra LLC,5699,Fashion,Individual,jalandhar,Punjab,30/04/2025,CZKM6825233537936,Active,7064.16
MCH6017,"Loyal, Sidhu and Balay",4814,Telecom,sole_proprietor,Amritsar,Punjab,01/08/2025 01:30 AM,NA,Inactive,985.33
MCH8950,Handa Inc,4131,TRAVEL,Partnership,mumbai,Maharashtra,1722423752,XXXX9807,Active,"3,860.38"
MCH5137,Bath-Keer,MCC-4814,Telecom,PRIVATE_LIMITED,bengaluru,Karnataka,11/06/2024,XXXX5840,SUSPENDED,Rs. 634
MCH-2019,WALLA-RANGANATHAN,5999,Misc Retail,partnership,bengaluru,Karnataka,22-May-2024,NA,Live,"₹1,915.39"
MCH4104,Sawhney-Suri,4814,telecom,INDIVIDUAL,Hyd,Telangana,15/12/2023,8776394591,Inactive,Rs. 295
MCH-1221,"SASTRY, KAPOOR AND VARUGHESE",5812,eating place,partnership,jalandhar,Punjab,26/04/2025,NA,Disabled,"Rs. 3,430"
MCH 6200,"Sen, Walla and Bath",5999,retail other,Private Limited,delhi,Delhi,29/01/2024 08:38 PM,NA,Inactive,
MCH6161,Sura-Wadhwa,misc,Telecom,Individual,bengaluru,Karnataka,22/04/2025,QWHT6526941757258,A,₹490.18
MCH-8509,merchant-kalita,5411,Grocery,private_limited,HYDERABAD,Telangana,2025/02/11,5703041030,A,₹329.11
MCH4530,"Mangal, Sehgal and Vohra",05942,BOOKS_STATIONERY,SOLE_PROPRIETOR,Dilli,Delhi,,,Live,"Rs. 4,172"
MCH 4906,Gaba LLC,5812,FOOD_SERVICES,PRIVATE_LIMITED,Jaipur,Rajasthan,31/01/2024,NA,Enabled,"₹1,902.80"
MCH-2022,Nagi-Gala,5999,Misc Retail,individual,chennai,Tamil Nadu,08-Apr-2024,NA,Active,"INR 3,182.35"
MCH5768,brar inc,MCC-5812,FOOD_SERVICES,Sole Proprietor,Hyderabad,Telangana,04-Apr-2023,PTPO3474925086916,A,"INR 1,354.30"
mch9100,Dey-Bandi,MCC-5999,Misc Retail,SOLE_PROPRIETOR,MUMBAI,Maharashtra,2023-01-23 11:38:30,XLOL4843036264872,ACTIVE,707.08
MCH7563,Anne and Sons,7011,Hotels,private_limited,Amritsar,Punjab,16/05/2023,XXXX7430,Active,₹300.06
MCH4503,Sunder PLC,7011,Hotels,Partnership,Mumbai,Maharashtra,03-Jan-2024,MTQA2966873504692,Live,INR 540.93
MCH4077,verma-dugar,5812,FOOD_SERVICES,PRIVATE-LIMITED,Kolkata,West Bengal,31/07/2023,7415298015,Active,1359.17
mch7316,TAK LTD,,Stationery,Sole Proprietor,jaipur,Rajasthan,05-26-2024,AICM4314076152252,Enabled,INR 688.43
1936,"Batra, Ramanathan and Din",5912,Pharmacies,SOLE-PROPRIETOR,Hyderabad,Telangana,16/07/2024,XXXX3173,A,143.98
mch7030,Shan Ltd,5311,DEPT_STORE,INDIVIDUAL,ludhiana,Punjab,,,SUSPENDED,466.83
MCH2698,  Purohit-Issac  ,,Other,INDIVIDUAL,Ludhiana,Punjab,15/04/2023,1149607185,Closed,INR 798.99
mch1813,Balan-Deo,MCC-5311,Department Stores,Partnership,Poona,Maharashtra,2024/08/28,UAJB1335544875863,A,-610.94
MCH9560,Kaul PLC,5942,Book Store,INDIVIDUAL,BLR,Karnataka,24/10/2024,XWSA3966243533864,I,735.59
MCH9859,Mukherjee-Agate,5999.0,Other,Sole Proprietor,Jalandar,Punjab,,,Active,Rs. 158
MCH3712,  Narain-Vaidya  ,7011,Hotels,INDIVIDUAL,HYDERABAD,Telangana,05/07/2025 12:23 AM,PUJI3728932216325,A,Rs. 333
MCH 1894,CHANDRA-KAPUR,5311.0,Department Store,PARTNERSHIP,jalandhar,Punjab,2023/02/22,NA,Enabled,"₹3,951.56"
MCH9242,"Kadakia, Yadav and Seshadri",7011.0,Hotel,PARTNERSHIP,Hyd,Telangana,10-Mar-2023,XXXX4049,SUSPENDED,1024.36
MCH1651,Kumar Inc,5942,BOOKS_STATIONERY,sole_proprietor,MUMBAI,Maharashtra,03/09/2024,XXXX7749,Enabled,1249.76
MCH7133,DinInc,5411,kirana,private_limited,pune,Maharashtra,2023-05-05 02:26:09,,Inactive,
MCH6404,Tailor Group,5999,Other,PRIVATE_LIMITED,Jaipur,Rajasthan,1770219178,NA,Suspended,792.4
MCH 5884,Raman and Sons,4131,Bus/Taxi,INDIVIDUAL,Chennai,Tamil Nadu,,1966210053,Active,743.19
MCH7288,"LALLA, SANT AND MUTTI",5411,GROCERY_STORE,PRIVATE-LIMITED,Dilli,Delhi,18/10/2025,XXXX5071,Live,
MCH4904,"Vohra, Lanka and Bumb",4814,Mobile Recharge,partnership,Chennai,Tamil Nadu,25/09/2023 03:37 AM,XXXX8030,ACTIVE,"INR 1,946.13"
4236,"Sinha, Shukla and Lad",5699,Apparel,Sole Proprietor,DELHI,Delhi,1751976517,OZWZ6142696689139,Active,Rs. 844
MCH9261,Gupta-Manne,5812.0,eating place,INDIVIDUAL,jaipur,Rajasthan,2025-07-10 09:04:41,,Active,"Rs. 2,734"
MCH8643,"Kota, Aurora and Dugal",5699,CLOTHS,sole_proprietor,DELHI,Delhi,1713192075,GITM5447907663864,A,1011.23
mch8286,"Chadha, Chaudhari and Edwin",5912,MEDICAL_STORE,PRIVATE_LIMITED,HYDERABAD,Telangana,09-Aug-2023,XXXX2952,ACTIVE,"INR 1,828.46"
MCH3398,Chaudhary Ltd,5699,Apparel,SOLE_PROPRIETOR,Chennai,Tamil Nadu,1700296303,5865246306,Disabled,"₹1,864.25"
MCH5648,Morar and Sons,7011,Hospitality,individual,Pune,Maharashtra,06/08/2023,DHOL8937164342491,Enabled,-972.68
mch7644,Mital PLC,7011,Hospitality,SOLE_PROPRIETOR,Chennai,Tamil Nadu,2024/03/07,NA,Live,602.59
MCH7430,  Arya Group  ,5699,Clothing,individual,kolkata,West Bengal,,,Live,1727.74
5267,"Chandra, Som and Grewal",4131,Transportation,individual,Hyderabad,Telangana,30/11/2025 10:52 PM,2585843766,Enabled,₹999.83
MCH5288,"THAMAN, MUNI AND OM",5999,miscellaneous,SOLE-PROPRIETOR,Pune,Maharashtra,08-Jul-2023,7391241084,A,1015.84
MCH7075,D’Alia Group,7011,HOTEL_LODGING,PARTNERSHIP,Madras,Tamil Nadu,2024-05-03 20:19:30,1415999033,I,1262.21
MCH4322,Khanna-Sarma,05311,DEPT_STORE,sole_proprietor,Jalandar,Punjab,2025/05/02,NA,Active,575.07
mch8423,Balasubramanian and Sons,05411,GROCERY_STORE,PRIVATE-LIMITED,Bombay,Maharashtra,01-26-2025,5080169849,Enabled,1838.16
MCH7229,"Salvi, Kale and Sunder",4814,Mobile Recharge,Private Limited,pune,Maharashtra,12-23-2025,,Enabled,606.62
MCH 4127,Subramaniam-Jhaveri,4131,bus/taxi,Sole Proprietor,JPR,Rajasthan,22/05/2024,XXXX1628,Suspended,"5,333.88"
MCH8721,Bera-Chhabra,4131,TRAVEL,Sole Proprietor,LKO,Uttar Pradesh,08-09-2024,,Live,2543.82
MCH8211,parekh-atwal,5411.0,GROCERY_STORE,PRIVATE-LIMITED,jaipur,Rajasthan,05-22-2025,9728363988,A,
MCH8095,Saxena LLC,MCC-5699,CLOTHS,private_limited,JPR,Rajasthan,16-Aug-2024,7415423811,Active,₹304.22
MCH3656,"Sani, Rajagopalan and Sachar",5411,Grocery Stores,INDIVIDUAL,chennai,Tamil Nadu,26/11/2024,EFFS9159320721097,Active,901.19
MCH3324,Char-Gera,5699.0,garments,PARTNERSHIP,pune,Maharashtra,2026/02/20,DLMI3626046968894,SUSPENDED,2076.73
MCH3927,Basak-Shukla,04814,Mobile Recharge,Private Limited,Jalandar,Punjab,2023/03/18,KBJY1537538735375,Closed,INR 980.64
MCH2459,Gala and Sons,4131,Transport,SOLE-PROPRIETOR,jaipur,Rajasthan,04-16-2025,OKFD4897091413997,Active,789.05
MCH9804,Bhasin-Peri,5311,DEPT_STORE,SOLE_PROPRIETOR,Chennai,Tamil Nadu,21/12/2023 12:24 AM,,SUSPENDED,₹962.52
MCH9632,KADE-SHERE,5311,Department Stores,Sole Proprietor,New Delhi,Delhi,28/11/2025,NA,Active,895.55
MCH5896,Kale Group,5942.0,Book Store,INDIVIDUAL,HYDERABAD,Telangana,2023/07/21,3922466271,ACTIVE,₹533.74
MCH9583,"Borra, Mutti and Chaudhary",05812,Restaurants,Private Limited,LDH,Punjab,1683939761,3322589465,ACTIVE,1408.6
MCH6548,"Kaur, Puri and Agate",4814,TELECOM,Partnership,Hyd,Telangana,24/09/2023 06:14 PM,0487365346,Enabled,1154.74
MCH4776,Bobal-Dutta,5411,Grocery Stores,INDIVIDUAL,Hyd,Telangana,26/02/2026 11:47 AM,1427903652,Active,831.82
MCH2137,DyalInc,4131,Transportation,PARTNERSHIP,Amritsar,Punjab,2023/03/01,,Active,"₹2,285.47"
mch2726,"Shukla, Trivedi and Balan",5411,Grocery Stores,PRIVATE-LIMITED,Amritsar,Punjab,2023/04/04,DPXX2201328447445,ACTIVE,"₹7,491.26"
MCH6284,Ta1war Ltd,7011,Hotels,partnership,amritsar,Punjab,11-27-2025,6681997576,Live,-678.88
MCH7698,Bhatnagar Inc,05999,Misc Retail,individual,lucknow,Uttar Pradesh,1692835982,8131154936,Active,1276.92
MCH2628,Muni PLC,NA,DEPT_STORE,INDIVIDUAL,Pune,Maharashtra,13/07/2024,1524505804,ACTIVE,-1382.04
mch5518,Mannan Inc,5999,Other,PARTNERSHIP,Hyd,Telangana,2024-03-28 22:25:18,,Enabled,"₹1,107.87"
MCH3804,"Pingle, Choudhry and Sastry",05942,Stationery,SOLE_PROPRIETOR,Delhi,Delhi,10-13-2025,NA,A,₹729.50
MCH8896,"Luthra, Kata and Bansal",5812,FOOD_SERVICES,Private Limited,Jaipur,Rajasthan,2025/09/18,NA,Enabled,
MCH 8421,"KANNAN, NATH AND KALA",4131,transprt,private_limited,ASR,Punjab,31/01/2024,NA,Suspended,INR 612.51
MCH-8427,"Hegde, Bajaj and Sura",5699,Clothing,PARTNERSHIP,Jalandar,Punjab,2024/10/07,NA,Live,₹557.60
MCH-9165,"Iyengar, Raja and Bhasin",5411,Grocery,private_limited,LKO,Uttar Pradesh,01-Mar-2024,XXXX0194,ACTIVE,"1,898.13"
MCH-6545,"Chanda, Mittal and Venkatesh",5912,chemist,Individual,kolkata,West Bengal,,0281511993,Active,909.37
MCH6870,Basak Group,4814,phone service,SOLE_PROPRIETOR,Poona,Maharashtra,2025/04/03,5001363774,Active,2497.95
MCH3955,"Dutta, Boase and Jha",5812,food_services,PARTNERSHIP,Jaipur,Rajasthan,,7839475828,Active,935.24
7206,srivastava and sons,5411,kirana,Private Limited,lucknow,Uttar Pradesh,08-18-2025,1550287427,Live,"INR 1,434.41"
MCH5734,BALAN INC,5311,Department Store,Private Limited,jalandhar,Punjab,20-May-2025,NA,Enabled,2000.53
MCH-2384,Sarkar-Aur0ra,5912,chemist,Sole Proprietor,Jaipur,Rajasthan,1737521663,NA,ACTIVE,"INR 4,909.55"
mch4227,Panchal PLC,5999,Other,SOLE_PROPRIETOR,kolkata,West Bengal,09-Jan-2025,,Enabled,1533.36
MCH-3301,REDDY AND SONS,5942,Books,PARTNERSHIP,JPR,Rajasthan,25/06/2023 03:39 AM,5060880178,Enabled,"INR 2,571.65"
MCH5269,  Swaminathan-Barman  ,UNKNOWN,Book Store,SOLE_PROPRIETOR,Pune,Maharashtra,05-04-2024,ZNGO2188869689395,Active,Rs. 526
MCH6314,Tella-Sachdeva,4131.0,Transportation,sole_proprietor,Lucknow,Uttar Pradesh,2023/01/22,NA,Live,"INR 2,661.98"
MCH6481,"Virk, Shan and Chopra",MCC-5812,FOOD_SERVICES,Individual,Pune,Maharashtra,1723041691,3425983900,Live,"₹2,726.92"
MCH1294,Rajagopalan Group,05912,Medical,INDIVIDUAL,Amritsar,Punjab,29/08/2024 05:38 AM,XXXX1888,ACTIVE,539.82
MCH8297,Rai and Sons,MCC-5942,Book Store,PARTNERSHIP,chennai,Tamil Nadu,20/07/2024 05:48 AM,EMJO2764357164899,Live,₹618.85
MCH7600,Panchal Ltd,05912,chemist,INDIVIDUAL,Lucknow,Uttar Pradesh,13/10/2023,,Live,"INR 1,148.20"
mch1383,dubey group,misc,Grocery,Individual,Hyderabad,Telangana,03/09/2023 04:33 PM,JDGO5125225131187,ACTIVE,
MCH3214,Dubey Inc,4131,transprt,INDIVIDUAL,Bangalore,Karnataka,24/07/2024 12:45 AM,1238686450,ACTIVE,"Rs. 2,052"
MCH3641,"khurana, barman and suresh",5699,Fashion,INDIVIDUAL,delhi,Delhi,06/08/2025 08:41 AM,XXXX0826,Enabled,"INR 2,224.44"
MCH6273,"  Dubey, Narula and Jhaveri  ",5311,Department Store,PRIVATE_LIMITED,pune,Maharashtra,2025/05/06,,Live,₹754.63
8400,Banerjee Inc,5812,Restaurants,Sole Proprietor,Lucknow,Uttar Pradesh,,NA,Live,
MCH5793,  Pathak Group  ,4131,Bus/Taxi,Individual,Mumbai,Maharashtra,2025/04/27,5675595225,Active,"INR 1,570.70"
MCH-5745,"Bahri, Dutta and Narang",4131,transprt,Individual,bengaluru,Karnataka,27/03/2024 07:33 AM,GWGG2673614762721,Live,₹955.10
MCH4246,Rama-Dasgupta,5311,Retail,individual,amritsar,Punjab,05/01/2025,NA,Live,2336.28
MCH6806,Badal-Bhasin,5411,GROCERY_STORE,INDIVIDUAL,HYDERABAD,Telangana,05-Dec-2025,NA,A,23208.4
MCH6818,"Halder, Tata and Chand",7011,Hotels,Sole Proprietor,kolkata,West Bengal,20-Apr-2025,,A,Rs. 233
mch5378,Chaudhari Inc,7011,Hospitality,individual,bengaluru,Karnataka,2023/12/12,XXXX0207,Live,
MCH4904,"Verma, Tak and Morar",04814,phone service,Partnership,Mumbai,Maharashtra,,NA,Enabled,457.36
MCH3561,Kumar LLC,05812,Food,Partnership,Madras,Tamil Nadu,18-Oct-2025,9204267445,Active,Rs. 715
MCH 2945,Agarwa1-Cherian,UNKNOWN,Mobile Recharge,Sole Proprietor,Jalandar,Punjab,06-Oct-2025,XXXX2889,Inactive,"1,759.15"
MCH8656,Singh PLC,,Book Store,individual,Bangalore,Karnataka,06-09-2024,RQTA6882310547982,Live,"9,885.11"
MCH3442,Choudhry-Ravi,05699,Clothing,partnership,Bombay,Maharashtra,2025/09/09,XXXX0565,A,"Rs. 3,189"
MCH4733,  Sankar Inc  ,MCC-5411,GROCERY_STORE,SOLE_PROPRIETOR,Jaipur,Rajasthan,25/01/2023,XXXX7201,Live,1176.53
MCH5303,walla inc,5311,Department Stores,PRIVATE_LIMITED,Madras,Tamil Nadu,,,Enabled,"Rs. 1,019"
MCH8536,Boase PLC,UNKNOWN,TELECOM,PARTNERSHIP,Bombay,Maharashtra,23/10/2024,NA,Enabled,3149.45
MCH5410,Ganesh LLC,7011,Hotel,Partnership,Delhi,Delhi,13/01/2023 04:09 PM,,A,1114.19
MCH1138,"Shan,BuchandTank",5942,BOOKS_STATIONERY,Sole Proprietor,Bangalore,Karnataka,03/07/2024 09:25 PM,XXXX0724,Active,1369.64
MCH1652,Tripathi-Vasa,05311,DEPT_STORE,PRIVATE-LIMITED,amritsar,Punjab,03/08/2025,7462856821,Inactive,1419.63
4604,"Som, Kalla and Dada",05699,CLOTHS,Sole Proprietor,chennai,Tamil Nadu,2024-07-02 15:25:30,,A,1478.97
mch9380,CHAKRABARTI GROUP,5812,FOOD_SERVICES,private_limited,Ludhiana,Punjab,2023/11/23,ECMM7078142170981,ACTIVE,Rs. 199
MCH-1015,Mannan-Subramaniam,7011,Hotels,INDIVIDUAL,Hyd,Telangana,05-19-2024,,Active,-1116.83
mch8053,CHHABRA INC,04814,TELECOM,individual,Hyderabad,Telangana,2023-03-29 01:53:59,XXXX7777,Enabled,"INR 1,235.44"
MCH8033,"  Kala, Mahal and Dash  ",5311,department store,INDIVIDUAL,HYDERABAD,Telangana,02-12-2025,XXXX2251,Suspended,"INR 1,390.13"
mch7260,Kunda Inc,7011,Hospitality,Private Limited,jalandhar,Punjab,20-Jun-2024,NA,ACTIVE,₹391.11
MCH8713,"Shere, Loke and Butala",4814.0,phone service,PRIVATE-LIMITED,Delhi,Delhi,,,Disabled,-1029.16
MCH6001,Murthy-Batra,7011,Hotels,sole_proprietor,Jalandar,Punjab,31-Aug-2024,DRAQ5734718978671,A,"1,116.47"
MCH1792,Palan-Naidu,5699,CLOTHS,PARTNERSHIP,bengaluru,Karnataka,2023/01/28,JXLM1363091809821,Active,₹443.50
MCH8129,"Devan, Ramesh and 0ak",5311,Department Stores,individual,kolkata,West Bengal,2025-03-22 13:11:16,XXXX5824,Enabled,"Rs. 2,940"
MCH1775,Karnik Inc,5411,GROCERY_STORE,private_limited,lucknow,Uttar Pradesh,2023-04-13 08:51:51,MCRQ9864671908344,Active,Rs. 313
MCH6593,"Thakur, V0hra and Kar",5411,kirana,private_limited,Hyderabad,Telangana,2025/05/26,NA,Live,"Rs. 5,861"
MCH5556,  Pau-Kale  ,5912,MEDICAL_STORE,PRIVATE-LIMITED,mumbai,Maharashtra,1698726181,FLTM9160494360696,Active,513.95
MCH 2024,"Ram, Manda and Chopra",MCC-4131,Transportation,Sole Proprietor,pune,Maharashtra,07-24-2025,NA,Enabled,-1122.98
MCH 8932,"Venkatesh, Nayak and Ravel",,Other,PRIVATE-LIMITED,Lucknow,Uttar Pradesh,01-01-2023,STLO0893921270298,Enabled,1585.03
MCH 4419,  Gill-Ratta  ,5912.0,MEDICAL_STORE,SOLE-PROPRIETOR,JPR,Rajasthan,15/09/2024 02:40 PM,ETZF4377515836271,Active,"INR 1,442.51"
MCH-5856,"WASON, SAVANT AND BAHL",UNKNOWN,Miscellaneous,Individual,Mumbai,Maharashtra,11/02/2026,NA,Live,944.06
MCH1060,Goda and Sons,5311,DEPT_STORE,Sole Proprietor,Madras,Tamil Nadu,18/05/2023,2862334269,Closed,"₹2,371.80"
mch4433,"PATIL, SUBRAMANIAN AND MADAN",7011,Hospitality,partnership,Calcutta,West Bengal,23-Jan-2023,KNSD2742017347383,ACTIVE,830.16
MCH9401,Ravi LLC,07011,Hotels,Sole Proprietor,Pune,Maharashtra,2025/11/14,1215375647,ACTIVE,"INR 1,824.72"
MCH8098,"Babu, Gupta and Bir",5812,Restaurants,PARTNERSHIP,LKO,Uttar Pradesh,,FYXA2708849715447,A,₹320.71
MCH7564,"Mahal, Thaman and Dani",,BOOKS_STATIONERY,Sole Proprietor,Jalandhar,Punjab,12-23-2023,7935535958,Enabled,503.13
MCH7063,"THAKER, GROVER AND MOHANTY",,Misc Retail,individual,New Delhi,Delhi,19/01/2024,NA,INACTIVE,
mch3040,"Dhar, Kunda and Desai",05411,GROCERY_STORE,partnership,jaipur,Rajasthan,2025/03/05,NA,ACTIVE,Rs. 267
1237,Agarwal-Kibe,07011,Hospitality,PARTNERSHIP,Mumbay,Maharashtra,03-30-2023,CKEI2680343648784,ACTIVE,750.84
MCH2014,Bali-Mani,7011,Hotels,individual,Pune,Maharashtra,1690882345,ARLE1914445816062,A,8107.98
MCH5251,Sehgal-Yadav,5411,groceries,Sole Proprietor,Bengaluru,Karnataka,11-18-2024,XUHW6533831586352,ACTIVE,625.43
MCH8967,Kade-Sama,05699,CLOTHS,PARTNERSHIP,delhi,Delhi,18-Feb-2023,NA,A,
MCH2350,Tata-Palla,5699,CLOTHS,private_limited,Jaipur,Rajasthan,2025/01/29,NA,Active,1391.95
MCH3093,"B0ba1, Madan and Narain",,Miscellaneous,INDIVIDUAL,Jalandhar,Punjab,2025/06/12,6552427779,Inactive,"2,015.86"
MCH8331,Yogi Inc,MCC-5999,Retail Other,Sole Proprietor,BLR,Karnataka,07-May-2025,NA,Inactive,"INR 1,372.86"
MCH2236,Yohannan-Chada,5311.0,DEPT_STORE,Private Limited,kolkata,West Bengal,1674550723,3926948531,Disabled,5340.64
MCH3005,"Saxena, Narain and Mander",5699,Apparel,private_limited,kolkata,West Bengal,2024/03/25,RIGO9314848159457,Inactive,1149.79
5957,Bose PLC,5942,BOOKS_STATIONERY,partnership,jaipur,Rajasthan,2023/09/22,,Disabled,"1,309.17"
MCH1320,  Babu-Khatri  ,5699,fashion,INDIVIDUAL,Kolkata,West Bengal,2023-11-24 10:52:12,XXXX8923,Suspended,
MCH9984,"Dash, Radhakrishnan and Singh",4131,Transport,SOLE_PROPRIETOR,ASR,Punjab,01-Nov-2025,4065235597,ACTIVE,INR 956.87
MCH5293,PINGLE PLC,5999,Miscellaneous,Individual,DELHI,Delhi,03/09/2023 04:02 PM,XXXX2228,Enabled,1088.29
MCH2133,Bose-Saraf,5999,Misc Retail,SOLE-PROPRIETOR,MUMBAI,Maharashtra,2024/09/19,6035698626,Active,-434.11
MCH3470,CHOPRA-GARDE,MCC-4814,Telecom,Individual,Bangalore,Karnataka,03-02-2025,NA,ACTIVE,509.62
MCH1420,Aggarwal-Garde,4131,Bus/Taxi,SOLE_PROPRIETOR,mumbai,Maharashtra,18-Mar-2024,XXXX4337,ACTIVE,₹830.85
MCH1340,Pingle-Lad,5999,Misc Retail,INDIVIDUAL,chennai,Tamil Nadu,02-09-2023,,Live,
mch1786,"Ganguly, Mammen and Babu",5411,groceries,SOLE_PROPRIETOR,pune,Maharashtra,22/05/2025,YNDF5378176701295,Active,"Rs. 1,212"
MCH 5671,Bava-Arya,5699,Fashion,Private Limited,HYDERABAD,Telangana,18/11/2023 10:06 PM,SNRX5730951285773,Live,"₹2,123.47"
MCH2681,Upadhyay-Bava,7011,Hospitality,INDIVIDUAL,pune,Maharashtra,16-Feb-2024,YHMW6591611383032,Active,₹230.72
MCH6745,Chaudry PLC,7011,Hospitality,individual,Lucknow,Uttar Pradesh,05-16-2023,,INACTIVE,"₹2,605.91"
mch1647,NARULA LLC,5699,Fashion,Individual,Ludhiana,Punjab,10/05/2024 06:51 PM,5628842369,Blocked,1898.14
MCH4578,"Pancha1, Ch0pra and Ma11",5942,Book Store,Private Limited,chennai,Tamil Nadu,22/07/2023,IFCV0550743259811,Inactive,"₹2,039.12"
MCH3341,Ramesh Inc,5912,Pharmacy,individual,Mumbay,Maharashtra,15/11/2024 02:33 AM,NA,A,1745.15
MCH1333,Sastry PLC,4814,phone service,Individual,Amritsar,Punjab,2025-09-18 18:25:49,DIOZ5944277163234,Closed,"INR 1,548.51"
1174,Mander-Kari,05411,groceries,PARTNERSHIP,Jalandar,Punjab,01/05/2023,,ACTIVE,1013.97
MCH8784,"Iyengar, Savant and Sehgal",4131,transprt,Private Limited,Bombay,Maharashtra,2024/01/12,,A,Rs. 575
MCH6017,Hayer Group,5812,Restaurants,private_limited,Mumbai,Maharashtra,24-Nov-2024,,ACTIVE,-944.21
mch9763,Bhatnagar-Ramesh,5699,CLOTHS,INDIVIDUAL,Bengaluru,Karnataka,24/03/2023 10:13 AM,FAWR8699456284349,Live,"₹2,954.71"
mch4909,"Sharaf, Lalla and Rattan",,Books,Sole Proprietor,Calcutta,West Bengal,16/02/2025 08:04 PM,5725440715,Blocked,650.04
MCH6982,Manda and Sons,4814,Mobile Recharge,Partnership,delhi,Delhi,30/01/2024 08:46 PM,UKBI1493589511002,INACTIVE,-474.53
MCH4221,"Rastogi, Goda and Naidu",5999,Retail Other,individual,Jalandhar,Punjab,,NA,Live,745.75
MCH1934,"Deol,DugarandParmer",5942,Stationery,Private Limited,Madras,Tamil Nadu,2025-06-26 13:50:54,,Live,2520.96
MCH7600,"Karnik, Thakur and Palla",5912,Medical,SOLE_PROPRIETOR,HYDERABAD,Telangana,1682315203,,A,1154.91
MCH9745,Chaudhuri PLC,misc,CLOTHS,sole_proprietor,pune,Maharashtra,05-26-2025,LAJQ5592021482333,INACTIVE,475.31
MCH4421,natarajan-borah,5999,Miscellaneous,Sole Proprietor,MUMBAI,Maharashtra,2024/11/21,,Live,"1,261.07"
MCH3490,Sachdev-Din,5411,kirana,INDIVIDUAL,DELHI,Delhi,2023/02/21,VNMY8994386086089,Blocked,570.00
MCH8264,"Hayer, Pant and Suresh",4131,Bus/Taxi,Private Limited,JPR,Rajasthan,03/01/2025,WKHI8476650778332,ACTIVE,2906.17
7567,badal-tripathi,5699,garments,PARTNERSHIP,DELHI,Delhi,23/01/2023 02:11 PM,,A,₹581.85
MCH6419,"Bhalla, Dubey and Salvi",,Medical,SOLE_PROPRIETOR,Jaipur,Rajasthan,15/01/2024 01:23 AM,,A,"INR 3,881.01"
mch6143,"MURTHY, KALA AND MANGAT",5812,eating place,individual,Hyd,Telangana,2023-03-26 16:00:36,3144502115,Enabled,-618.37
MCH7681,"  Aggarwal, Raj and Mand  ",5311,Retail,INDIVIDUAL,Amritsar,Punjab,07-26-2023,6309524938,ACTIVE,Rs. 148
MCH4141,Sarkar and Sons,4814,Mobile Recharge,PARTNERSHIP,Bangalore,Karnataka,10/06/2023,NA,A,"1,485.34"
MCH8571,"Sahni, Arya and Guha",4131,Bus/Taxi,PRIVATE-LIMITED,kolkata,West Bengal,,XXXX6085,Active,1192.48
MCH6697,"Chanda, Chakraborty and Mand",4814,Telecom,individual,pune,Maharashtra,29/09/2025 03:02 PM,4744924569,Enabled,706.35
MCH1881,"Bawa, Ganesan and Oak",5912,Medical,partnership,Chennai,Tamil Nadu,14/12/2023,NA,Hold,-1349.05
MCH7586,RandhawaInc,05812,eating place,PARTNERSHIP,chennai,Tamil Nadu,21/06/2025,NA,I,629.75
MCH-8374,nadig-batra,5699,Fashion,partnership,ASR,Punjab,2024-02-21 17:20:06,VELJ0567478440820,ACTIVE,831.77
MCH-1553,basu-varma,5942,Book Store,SOLE_PROPRIETOR,Calcutta,West Bengal,,,Enabled,"Rs. 1,630"
MCH7957,Keer-Khalsa,,Retail,SOLE-PROPRIETOR,amritsar,Punjab,21/11/2025,NA,Enabled,1690.94
MCH2250,  Borra and Sons  ,5942.0,Books,Individual,HYDERABAD,Telangana,18/07/2024 06:37 PM,XXXX4935,Enabled,
MCH 7023,Mannan-Mallick,5999,Misc Retail,INDIVIDUAL,Hyderabad,Telangana,,BQNS1502974429250,Enabled,"₹1,891.27"
MCH5546,B0rde Inc,5311,Retail,Individual,ludhiana,Punjab,27/09/2024,JPIE0555435223526,Enabled,1430.97
MCH5494,raja ltd,05942,Stationery,PARTNERSHIP,ludhiana,Punjab,19-Jul-2025,XXXX2189,A,₹209.91
MCH9714,Issac-Pall,5912,Pharmacies,Private Limited,Madras,Tamil Nadu,2024-07-06 12:33:24,NA,INACTIVE,₹925.43
MCH2532,Chad Inc,05999,Retail Other,partnership,JPR,Rajasthan,11/01/2023,SDKV0929160095786,INACTIVE,INR 351.38
MCH6776,"Khanna, Kadakia and Hans",5942,BOOKS_STATIONERY,partnership,Jalandar,Punjab,16/12/2024 02:27 PM,,ACTIVE,7527.28
MCH9208,Lala-Tiwari,05942,BOOKS_STATIONERY,PARTNERSHIP,ASR,Punjab,2023/05/17,,Inactive,₹338.09
mch3930,Kashyap-Rastogi,5699,Apparel,INDIVIDUAL,LKO,Uttar Pradesh,,XXXX4709,Live,510.04
MCH7618,"Thaman, Parikh and Dubey",7011,HOTEL_LODGING,private_limited,delhi,Delhi,11-22-2025,SGHB3691205385794,A,244.24
MCH7621,"Sankaran, Sur and Panchal",5812.0,Restaurants,INDIVIDUAL,Jaipur,Rajasthan,2023/01/03,XXXX7790,A,"₹1,992.60"
MCH4589,"  Sathe, Bumb and Shankar  ",5699,garments,SOLE_PROPRIETOR,Amritsar,Punjab,2024-10-27 01:28:39,XXXX1983,Enabled,₹76.99
MCH2191,"CHOUDHRY, RAI AND CHOKSHI",,Book Store,PRIVATE_LIMITED,chennai,Tamil Nadu,04-14-2025,,ACTIVE,3020.11
mch8955,"  Gade, Venkatesh and Bedi  ",,Miscellaneous,SOLE-PROPRIETOR,BLR,Karnataka,13/05/2023 01:02 PM,LWFG7573237346886,Live,455.69
MCH3591,"Panchal, Balasubramanian and Dey",05942,Stationery,private_limited,kolkata,West Bengal,15/03/2025,9832386733,Active,"2,193.61"
MCH8221,Kala-Bajaj,5942,Book Store,SOLE_PROPRIETOR,bengaluru,Karnataka,,5133526509,INACTIVE,1133.63
MCH2552,"  Saran, Dyal and Wable  ",MCC-4814,phone service,PARTNERSHIP,HYDERABAD,Telangana,19/10/2023,XXXX2290,Live,"₹1,588.96"
mch7784,dave-babu,5912,Medical,PARTNERSHIP,ludhiana,Punjab,2023/03/16,XXXX3111,Enabled,Rs. 643
MCH 1853,Narayanan-Chander,4131.0,Transport,sole_proprietor,ASR,Punjab,10/10/2023 12:20 AM,GGYD8312524893538,Live,13872.38
MCH9201,  Ramachandran PLC  ,4814,phone service,PRIVATE-LIMITED,JPR,Rajasthan,2024-10-02 18:21:00,NA,Active,"1,064.13"
MCH3439,"PALAN, BORA AND PURI",5411,kirana,PRIVATE_LIMITED,Ludhiana,Punjab,05/03/2024 12:36 AM,AHWJ3061043363701,A,"1,840.58"
MCH8163,"Sama, Pant and Tara",UNKNOWN,BOOKS_STATIONERY,PRIVATE_LIMITED,lucknow,Uttar Pradesh,13-Jun-2025,NA,ACTIVE,-1638.28
MCH4090,DubeGroup,5311,Department Store,Individual,Jaipur,Rajasthan,12-06-2024,NPEH3410333318653,A,"5,497.54"
MCH6751,Jhaveri-Rege,5942,Book Store,private_limited,Jalandhar,Punjab,30/07/2023,NA,Active,1649.91
MCH2770,Nagi PLC,5999,Retail Other,INDIVIDUAL,jaipur,Rajasthan,2024-05-06 13:56:02,NA,Blocked,-4171.07
2274,kade-wadhwa,5699,Clothing,PARTNERSHIP,Delhi,Delhi,,,ACTIVE,
MCH4275,RAVAL-BORA,5812,Restaurant,SOLE_PROPRIETOR,JPR,Rajasthan,1713415385,3945076989,ACTIVE,"Rs. 1,335"
MCH5458,"Korpal, Venkatesh and Choudhary",7011,Hotel,individual,JPR,Rajasthan,2024-03-17 02:49:02,NA,Live,
MCH5997,"Kothari,BasuandKothari",5912,Medical,Sole Proprietor,Delhi,Delhi,2025-09-07 16:46:16,4059468429,I,2459.46
MCH2675,Venkataraman-Rastogi,5942,Book Store,PRIVATE_LIMITED,ASR,Punjab,23-Jun-2025,YXGI4135701284971,Enabled,877.85
MCH5239,Saha Inc,5999,Retail Other,INDIVIDUAL,LKO,Uttar Pradesh,2025/09/29,,A,"Rs. 6,907"
MCH3907,"oza, sachdev and sarkar",5812.0,FOOD_SERVICES,PRIVATE_LIMITED,jalandhar,Punjab,,XXXX6224,ACTIVE,2184.56
MCH6009,"Nagar, Chowdhury and Raghavan",UNKNOWN,Stationery,Private Limited,Pune,Maharashtra,,XXXX6864,Active,1266.03
MCH8861,Prashad and Sons,5999,Retail Other,Individual,Chennai,Tamil Nadu,,XXXX5366,Active,
mch2383,Dewan-Misra,4814,Mobile Recharge,SOLE-PROPRIETOR,LDH,Punjab,09/05/2023 05:41 PM,NA,Enabled,923.06
MCH5141,Sinha Ltd,,Apparel,SOLE-PROPRIETOR,JPR,Rajasthan,2025-07-27 00:03:05,XXXX0376,Closed,₹764.85
MCH5037,"SEKHON, DHILLON AND BATH",5812,Restaurant,Partnership,DELHI,Delhi,01/10/2024,8639611595,SUSPENDED,
MCH7074,Lalla-Iyengar,,Pharmacies,individual,jalandhar,Punjab,01-10-2026,9351816139,Enabled,732.21
MCH 6137,"  Sidhu, Ahuja and Kumar  ",5812,Food,Partnership,bengaluru,Karnataka,,0510702134,Active,1574.67
MCH2115,Kohli-Doshi,MCC-4131,TRAVEL,sole_proprietor,Chennai,Tamil Nadu,2024-05-24 11:16:59,XXXX7245,A,"₹8,526.65"
MCH8177,"Ghose, Om and Dada",5912,chemist,INDIVIDUAL,Jaipur,Rajasthan,1674618729,VAWO9622110634974,ACTIVE,578.46
2946,Nagy-Jani,4131,Bus/Taxi,SOLE-PROPRIETOR,Mumbai,Maharashtra,,1929586448,Active,Rs. 316
MCH-1973,Sastry Ltd,5699.0,CLOTHS,SOLE-PROPRIETOR,Madras,Tamil Nadu,23-Dec-2024,NA,Live,1479.74
MCH 7544,NARAYAN-OOMMEN,4814,TELECOM,INDIVIDUAL,Jalandar,Punjab,29/06/2023,RSLP3867431498538,INACTIVE,"INR 1,478.06"
MCH8393,Salvi LLC,7011,Hotels,partnership,jalandhar,Punjab,18/10/2024,XXXX4953,Enabled,"INR 1,230.00"
MCH9393,"Sehgal, Chawla and Korpal",5812,Restaurant,INDIVIDUAL,amritsar,Punjab,03/09/2025 05:19 PM,XXXX8440,ACTIVE,896.96
mch2205,Parmer-Lad,5311.0,Department Store,INDIVIDUAL,delhi,Delhi,1688235098,QDLE8658067283923,Active,Rs. 986
MCH3908,Kanda LLC,5999,Retail Other,sole_proprietor,Pune,Maharashtra,07-05-2024,2653904246,Enabled,-7690.26
mch4560,Shankar Ltd,MCC-4814,Telecom,individual,BLR,Karnataka,12/06/2025 02:36 PM,,Active,1403.88
MCH7311,Jhaveri-Hans,7011,HOTEL_LODGING,Sole Proprietor,mumbai,Maharashtra,05-12-2025,RZUE2319491323812,Live,"Rs. 1,009"
5472,Dua Group,5942,BOOKS_STATIONERY,Private Limited,Ludhiana,Punjab,09-23-2024,2328427852,Active,Rs. 778
MCH8851,"  Kanda, Kohli and Thaman  ",5812,Restaurant,SOLE_PROPRIETOR,jalandhar,Punjab,,,Blocked,5573.07
MCH9681,Bawa PLC,05699,Clothing,PRIVATE-LIMITED,Pune,Maharashtra,2024-01-09 03:45:47,NA,Live,"1,913.04"
MCH8641,Rai and Sons,4131,TRAVEL,INDIVIDUAL,LDH,Punjab,10/01/2024,NA,Active,
MCH6468,Golla-Murty,04131,Transportation,Partnership,HYDERABAD,Telangana,06-20-2024,NA,ACTIVE,
MCH8995,MAHAJAN GROUP,5999,Retail Other,Partnership,Jalandar,Punjab,2023/09/12,XXXX2606,ACTIVE,"Rs. 2,967"
MCH1827,  Saha Ltd  ,5999,Other,PARTNERSHIP,pune,Maharashtra,12-Jan-2026,GFSK2439344528128,Live,790.89
MCH1529,"Sangha,BanerjeeandSengupta",7011,Hospitality,private_limited,Ludhiana,Punjab,06-Feb-2023,,Inactive,1257.59
MCH-8923,Raja-Sur,4131,TRAVEL,INDIVIDUAL,Hyderabad,Telangana,29-May-2023,,ACTIVE,"INR 1,033.58"
MCH-8464,"Kapadia, Sarin and Bhargava",5411,Grocery,Sole Proprietor,Ludhiana,Punjab,2024-07-19 17:44:00,NA,Enabled,1536.1
MCH 8749,"  Tara, Parmer and Walla  ",04131,TRAVEL,Private Limited,kolkata,West Bengal,06-19-2025,BWRP8229942592433,Closed,₹584.10
MCH4298,  Jain Group  ,4814,Mobile Recharge,PRIVATE_LIMITED,New Delhi,Delhi,01/06/2024,6571920723,Closed,316.99
8552,"Manne, Manda and Toor",4131,TRAVEL,SOLE_PROPRIETOR,pune,Maharashtra,19/08/2023,,Live,
MCH5227,Gala PLC,7011,Hotel,PARTNERSHIP,kolkata,West Bengal,21/01/2026,,A,
mch3323,Dey PLC,4814,Telecom,SOLE-PROPRIETOR,JPR,Rajasthan,2024-12-24 05:37:48,XXXX2284,I,559.08
MCH9199,Goda-Patel,MCC-4814,phone service,PARTNERSHIP,Lucknow,Uttar Pradesh,2024/12/23,3404405124,ACTIVE,₹992.24
MCH4745,Divan-Rao,5311.0,DEPT_STORE,SOLE-PROPRIETOR,Jalandhar,Punjab,12-05-2023,9446528330,ACTIVE,778.92
MCH4463,"KANT, VARMA AND MADAN",5411.0,kirana,individual,ASR,Punjab,01-26-2023,XXXX8058,Closed,₹703.89
MCH8296,D’Alia-Kannan,,Misc Retail,PARTNERSHIP,MUMBAI,Maharashtra,29/07/2023,NA,Enabled,659.86
MCH2585,ROY LLC,misc,Grocery,sole_proprietor,JPR,Rajasthan,10-13-2025,2320667701,Live,"₹2,233.97"
MCH 6427,Bose Inc,05999,Misc Retail,PRIVATE-LIMITED,ludhiana,Punjab,07-02-2025,UHFS8061607261976,Closed,"1,949.70"
MCH-7176,"SACHAR, WALI AND SAHA",04131,TRAVEL,individual,kolkata,West Bengal,13/02/2026,7683191787,Enabled,980.72
MCH7679,Sodhi-Dugal,5411,GROCERY_STORE,INDIVIDUAL,Jalandar,Punjab,01-23-2023,8562313994,Live,975.38
MCH6829,"Natarajan, Thaker and Aggarwal",5912.0,MEDICAL_STORE,SOLE_PROPRIETOR,MUMBAI,Maharashtra,2024/01/24,,Live,"₹1,746.05"
4180,"Iyer, Saha and Kumar",MCC-7011,Hotels,PARTNERSHIP,LKO,Uttar Pradesh,16/04/2025,2796320001,A,"INR 3,864.50"
MCH-4080,Jhaveri-Andra,5311,Department Store,sole_proprietor,jalandhar,Punjab,18/06/2024,,Active,4912.37
MCH8537,Sunder LLC,4131,travel,PRIVATE-LIMITED,chennai,Tamil Nadu,16-Sep-2025,FNGX1491502830694,Inactive,1072.34
MCH2639,Sunder-Keer,5411,Grocery Stores,partnership,Jaipur,Rajasthan,19/04/2025,,Enabled,-853.1
MCH 9697,Walla Ltd,NA,Telecom,INDIVIDUAL,Bangalore,Karnataka,2025/07/21,NA,Live,"₹1,081.86"
MCH6643,"BALA, PALLA AND SRINIVAS",5942,Stationery,Private Limited,Jalandar,Punjab,1686652536,3868687292,A,"₹1,698.35"
6208,Tak-Parmar,04814,Telecom,PRIVATE-LIMITED,LKO,Uttar Pradesh,16-Mar-2024,XXXX8227,Blocked,
MCH8639,"SODHI, KALA AND RAMASWAMY",5411.0,kirana,PARTNERSHIP,pune,Maharashtra,18/09/2023,,A,"Rs. 1,544"
MCH6574,"Thaman, Gupta and Barad",4814,phone service,PRIVATE_LIMITED,pune,Maharashtra,1709472685,2887690427,Active,"1,371.71"
MCH4980,Batra LLC,5411,kirana,INDIVIDUAL,Pune,Maharashtra,,XXXX6176,Live,"₹2,806.42"
MCH8046,Muni LLC,,Pharmacy,partnership,MUMBAI,Maharashtra,11-12-2024,GNMM4947998232253,ACTIVE,401.9
MCH5190,"Saini,RanaandAggarwal",5411,Grocery,SOLE_PROPRIETOR,Mumbai,Maharashtra,,4016367368,Active,1844.01
MCH2577,Dua Inc,05812,Restaurants,SOLE-PROPRIETOR,BLR,Karnataka,2023/11/23,NA,ACTIVE,"₹23,536.65"
MCH6034,Sane Inc,05912,MEDICAL_STORE,PRIVATE_LIMITED,jaipur,Rajasthan,18-Oct-2025,5791425986,ACTIVE,1353.34
MCH 4083,"  Loyal, Dara and Sharaf  ",4814,phone service,INDIVIDUAL,Chennai,Tamil Nadu,2024-02-15 01:01:36,NA,Enabled,"1,752.10"
MCH 8390,"Thakkar, Babu and Nagi",4131.0,transprt,Private Limited,Hyd,Telangana,03-25-2024,XXXX7354,A,"2,159.57"
mch9016,Upadhyay-Sethi,4814,TELECOM,Partnership,Mumbay,Maharashtra,1753606766,XXXX7823,Enabled,764.46
MCH 6780,"  Bhatia, Dalal and Kapur  ",5999,Retail Other,PRIVATE_LIMITED,jalandhar,Punjab,2025-05-24 00:31:32,NA,ACTIVE,-10952.74
mch3201,BAHL AND SONS,05942,Book Store,sole_proprietor,ASR,Punjab,05-27-2024,4264935431,A,576.96
MCH9352,Chaudhary-Munshi,,Hospitality,Sole Proprietor,HYDERABAD,Telangana,12-27-2025,1982708228,Disabled,295.19
MCH6091,Ratti-Kalita,5942,Stationery,Sole Proprietor,Ludhiana,Punjab,06/09/2023,XXXX4886,A,₹458.92
MCH-3491,"  Chawla, Tella and Madan  ",,Mobile Recharge,Sole Proprietor,LKO,Uttar Pradesh,2025/05/23,,Live,1044.7
MCH3426,"Morar, Dar and Raja",5311,DEPT_STORE,INDIVIDUAL,Jalandar,Punjab,25/10/2023,XXXX0393,I,"Rs. 1,252"
MCH-2395,Sathe-Dixit,4131,Bus/Taxi,PRIVATE-LIMITED,chennai,Tamil Nadu,24-Dec-2023,,Live,941.52
MCH-8330,trivedi-shan,,Food,Partnership,Hyderabad,Telangana,05/11/2024 06:16 PM,2548494928,A,4115.86
MCH7978,"Ganesan, Kohli and Savant",5999,Misc Retail,INDIVIDUAL,jaipur,Rajasthan,2023/02/15,XXXX8648,A,"₹2,414.03"
MCH 8826,Mallick-Dasgupta,5311,DEPT_STORE,PRIVATE-LIMITED,Jalandhar,Punjab,2023-02-09 07:13:10,2382228031,Enabled,"INR 1,719.24"
MCH3593,"Kara,BrarandApte",4814,phone service,private_limited,MUMBAI,Maharashtra,2023-12-04 15:44:19,,Suspended,474.6
MCH9888,"Contractor, Mohanty and Devi",5912,Pharmacy,SOLE-PROPRIETOR,Madras,Tamil Nadu,23/09/2025 11:00 PM,XXXX3253,ACTIVE,1367.96
mch5154,Chauhan Inc,,phone service,PARTNERSHIP,Jalandhar,Punjab,18-Feb-2023,,Live,"INR 1,206.43"
MCH3371,Bath PLC,,phone service,Private Limited,Chennai,Tamil Nadu,16-Jun-2024,XXXX9871,Active,"₹1,557.07"
MCH1909,murthy and sons,5942,Books,Sole Proprietor,Poona,Maharashtra,25/11/2023,6570869272,ACTIVE,INR 823.00
MCH 6152,Dasgupta-Das,5942,BOOKS_STATIONERY,Private Limited,JPR,Rajasthan,26/10/2024,XXXX8744,Enabled,344.11
MCH4375,"Mani, Pillai and Soman",05311,Department Stores,SOLE-PROPRIETOR,Lucknow,Uttar Pradesh,03/08/2024 02:25 AM,NA,Enabled,1050.41
MCH7380,"Gour, Jani and Mital",5999,Misc Retail,INDIVIDUAL,Chennai,Tamil Nadu,06-Nov-2024,,Closed,INR 688.41
MCH 4305,Padmanabhan-Thaker,4131,Transportation,INDIVIDUAL,Ludhiana,Punjab,2024/10/17,NA,A,572.69
MCH7198,Rama and Sons,5912,Pharmacies,PARTNERSHIP,jaipur,Rajasthan,15/02/2023,6060043689,Enabled,1594.96
MCH1298,"Raghavan,ReddyandSangha",5942,Stationery,SOLE_PROPRIETOR,Hyderabad,Telangana,28/04/2025,XXXX0353,Enabled,364.92
MCH9510,Warri0r-Thakkar,4131,transprt,Sole Proprietor,Bangalore,Karnataka,2024/09/15,NA,Enabled,"Rs. 1,261"
mch8799,"  Dada, Ramaswamy and Dugal  ",5942,Books,PRIVATE_LIMITED,Hyd,Telangana,04-09-2023,STYQ1453146869201,Suspended,"₹2,080.34"
MCH3453,"Sangha, Minhas and Patil",7011,Hospitality,PRIVATE_LIMITED,jaipur,Rajasthan,15-Nov-2023,5047749653,A,-1768.03
MCH6333,"kumer, butala and sawhney",05699,garments,Individual,Chennai,Tamil Nadu,2024-09-08 02:04:48,HRFV9386173143650,A,831.77
mch1255,La1a and S0ns,4814,Telecom,Partnership,Kolkata,West Bengal,07-19-2023,8344362943,Inactive,INR 772.22
mch8379,  Deep Group  ,5942,Books,Private Limited,Kolkata,West Bengal,2026/01/29,XXXX9737,SUSPENDED,Rs. 469
MCH3147,Acharya-Uppal,4131,travel,individual,Madras,Tamil Nadu,10/02/2024 02:28 AM,1420771239,Active,Rs. 343
MCH4236,Arora PLC,5942,Stationery,partnership,amritsar,Punjab,2024/09/20,NA,Active,1427.88
MCH1675,"sarma, saxena and chandran",misc,department stores,Private Limited,jaipur,Rajasthan,06-09-2023,,Suspended,"INR 1,777.80"
6498,Peri-Saran,NA,Misc Retail,PRIVATE-LIMITED,Calcutta,West Bengal,1736376830,XXXX0646,ACTIVE,7077.96
MCH9849,Jayaraman Inc,5942,BOOKS_STATIONERY,Individual,kolkata,West Bengal,1770775950,8602198402,Active,"INR 1,659.94"
8659,sha ltd,MCC-7011,Hotels,partnership,Mumbay,Maharashtra,10-23-2024,6929887204,ACTIVE,
MCH5707,De01 Gr0up,5411,kirana,Partnership,Hyderabad,Telangana,2023/09/19,NRWL7844875974966,A,666.58
MCH8553,"Sane, Chaudhari and Rai",4814,phone service,Private Limited,lucknow,Uttar Pradesh,05-Jan-2025,NA,Inactive,375.66
MCH9390,"Minhas,PauandNarayanan",4131.0,TRAVEL,Individual,ludhiana,Punjab,,NA,Live,"INR 2,246.12"
MCH9945,"Pant, Hayre and Pathak",4814,Telecom,PRIVATE-LIMITED,jalandhar,Punjab,1752454609,XXXX5088,Enabled,INR 789.57
MCH9412,NAYAK-GUHA,4131,Transport,Individual,Amritsar,Punjab,,XXXX5639,A,"₹2,887.33"
MCH1106,"Agrawal, Ganguly and Kalla",5411,Grocery Stores,Private Limited,Delhi,Delhi,08-25-2024,ZKGK4764088745020,Enabled,"₹1,100.28"
MCH6940,Koshy Inc,4131,Transport,Private Limited,Chennai,Tamil Nadu,06-25-2024,NA,Live,"₹5,556.50"
mch9834,"Gill, Varghese and Ganesh",MCC-5912,MEDICAL_STORE,Private Limited,kolkata,West Bengal,26-Mar-2023,NA,Enabled,"Rs. 1,416"
MCH8235,Konda-Pillai,5942,Stationery,PRIVATE_LIMITED,Madras,Tamil Nadu,29/08/2025 07:03 PM,XXXX2371,Live,-921.33
MCH9684,Bhasin Inc,MCC-5912,Pharmacies,private_limited,DELHI,Delhi,2025/01/20,XXXX1695,INACTIVE,2227.2
MCH4122,"Lata, Magar and Savant",5999,Retail Other,Partnership,BLR,Karnataka,2025-12-03 23:29:42,7547242898,A,3699.77
MCH1772,Grover Group,5311.0,dept_store,partnership,Calcutta,West Bengal,18/03/2023 01:57 PM,0665098924,Active,1962.32
MCH3267,"Dara, Rama and Ben",4814,phone service,PARTNERSHIP,ludhiana,Punjab,1730514926,,Enabled,471.18
MCH6084,"Jaggi, Ganguly and Mall",5699.0,cloths,PRIVATE_LIMITED,ludhiana,Punjab,1693355230,,Inactive,1089.53
MCH7430,"gill, mutti and nagy",4814,Mobile Recharge,sole_proprietor,delhi,Delhi,08/05/2024,,Enabled,₹298.83
mch8949,"Srinivasan,SaxenaandKant",MCC-5942,Books,PRIVATE_LIMITED,Bangalore,Karnataka,,XXXX6857,Inactive,1726.82
MCH-3822,Anne and Sons,5411,Grocery,private_limited,Amritsar,Punjab,2026-01-21 20:10:57,NA,A,2115.91
MCH 7687,Devan Inc,MCC-5699,Fashion,individual,Lucknow,Uttar Pradesh,25/11/2024 06:59 PM,,ACTIVE,"2,148.82"
MCH8377,"Agate, Suresh and Bahri",5311,Department Stores,Individual,HYDERABAD,Telangana,05/02/2024,XXXX2261,Enabled,1519.49
1039,Palan-Mody,4814,phone service,individual,Hyd,Telangana,14/07/2023,NA,Active,-545.34
4233,  Shankar and Sons  ,5411,Grocery Stores,SOLE-PROPRIETOR,jalandhar,Punjab,10/12/2023,4534914137,Disabled,2257.76
MCH9444,NarainandSons,MCC-5812,Food,PRIVATE_LIMITED,Hyderabad,Telangana,09/08/2023,XXXX4479,Blocked,"₹1,056.16"
5119,Raghavan-Shere,05812,Food,SOLE_PROPRIETOR,chennai,Tamil Nadu,2025/09/14,,Active,"Rs. 1,149"
MCH4097,Nori PLC,5912,Medical,PRIVATE_LIMITED,pune,Maharashtra,,NA,A,INR 930.77
MCH8693,"Chawla, Goyal and Pau",7011,Hotels,Individual,Mumbai,Maharashtra,22/01/2024,NA,Active,Rs. 818
MCH-1207,"pillai, oak and barman",5812,Food,Individual,DELHI,Delhi,04-11-2024,,Active,"1,280.08"
MCH9049,Babu-Bali,5812,eating place,INDIVIDUAL,bengaluru,Karnataka,02/07/2023 10:16 AM,4401897773,A,2337.3
MCH6708,Wali LLC,7011,Hotel,sole_proprietor,amritsar,Punjab,09/04/2023,1946521583,ACTIVE,₹469.66
MCH 3206,Ray Inc,7011,Hotels,INDIVIDUAL,kolkata,West Bengal,2024-08-27 09:49:12,QOEA8761018728907,Enabled,490.27
MCH3845,Barad-Hayre,5999,Retail Other,private_limited,HYDERABAD,Telangana,,7981739720,Inactive,-1429.41
MCH6892,Chacko-Gaba,5912,Pharmacies,SOLE-PROPRIETOR,Bengaluru,Karnataka,07-May-2025,XXXX0824,Live,684.73
1260,KOTHARI-NADKARNI,5699.0,Clothing,Private Limited,lucknow,Uttar Pradesh,2026/01/15,6850024093,Active,"₹2,375.40"
MCH3736,"Chanda, Bandi and Pandya",4814,Telecom,partnership,Hyderabad,Telangana,2023-04-25 00:48:36,,Live,INR 812.06
MCH1641,bali llc,5999,Other,sole_proprietor,delhi,Delhi,,,Live,-3239.36
MCH9955,Bumb Ltd,misc,chemist,Individual,Bangalore,Karnataka,2024/02/20,NA,I,"₹5,375.40"
MCH-2838,BOSE-BIR,4814,Telecom,SOLE_PROPRIETOR,chennai,Tamil Nadu,07-25-2024,NA,Live,"₹3,409.39"
MCH2981,Sami-Sura,5942,Stationery,individual,Kolkata,West Bengal,01-27-2023,,Enabled,512.85
MCH7215,"Kau1, Pur0hit and Ar0ra",MCC-5311,Retail,private_limited,Hyderabad,Telangana,07-10-2023,8944621322,Enabled,2403.84
MCH3299,"Varghese, Tripathi and Ganesh",MCC-5999,Retail Other,SOLE_PROPRIETOR,Bengaluru,Karnataka,2023/07/12,NA,I,2177.34
MCH8845,Varkey-Jha,,other,partnership,kolkata,West Bengal,01/03/2024 05:26 AM,NA,Active,5630.04
MCH1255,"Bose, Memon and Luthra",05942,Book Store,partnership,pune,Maharashtra,2023-05-27 08:30:18,XXXX6249,ACTIVE,"INR 1,129.38"
MCH7339,"PUROHIT, DHINGRA AND BARMAN",5411,Grocery Stores,Individual,chennai,Tamil Nadu,16/08/2023 10:55 PM,IUQD2113343232449,Active,"INR 2,247.46"
MCH2552,"MUKHERJEE, IYENGAR AND DEO",5942,Stationery,partnership,Pune,Maharashtra,15-Mar-2025,ZRKN1235329280179,Live,"3,414.98"
MCH-1667,Prashad-Samra,05812,Restaurant,private_limited,Dilli,Delhi,20/10/2025 03:57 AM,XXXX1144,Enabled,"7,788.38"
MCH5970,Babu and Sons,5699,Clothing,Private Limited,amritsar,Punjab,01-14-2025,,Inactive,2060.67
mch9396,"Solanki, Kara and Saha",7011,HOTEL_LODGING,Sole Proprietor,Bangalore,Karnataka,2024-07-08 07:13:36,XXXX6974,A,1428.59
MCH3683,Mander Group,5411,Grocery Stores,Individual,Mumbai,Maharashtra,09/10/2023,3019047562,Active,4247.99
MCH8592,Rajagopal-Nagarajan,5912,chemist,INDIVIDUAL,Hyderabad,Telangana,2023-11-20 00:23:03,NA,A,1002.86
MCH8281,Kakar and S0ns,4814,phone service,individual,Hyd,Telangana,01-12-2023,NA,Enabled,Rs. 968
MCH-9790,YOHANNAN-NARANG,7011,Hotels,private_limited,Lucknow,Uttar Pradesh,17-Jan-2023,UQCA1861995078274,Enabled,"1,704.70"
MCH4367,"wason, chanda and panchal",5411,kirana,Sole Proprietor,LKO,Uttar Pradesh,09-29-2023,QEDA5086052954128,A,"Rs. 1,778"
MCH3679,Kumer LLC,4814,Telecom,PRIVATE-LIMITED,Hyd,Telangana,2025/12/15,1741377762,Active,587.47
MCH 7568,Kumer-Gandhi,7011,Hotels,SOLE_PROPRIETOR,Mumbai,Maharashtra,23-May-2025,NA,Live,"Rs. 1,278"
MCH-4699,Setty Inc,7011,HOTEL_LODGING,PRIVATE-LIMITED,pune,Maharashtra,2025/06/04,XXXX2833,Active,₹632.27
MCH4769,BARAL-PERI,5699,Apparel,INDIVIDUAL,Jaipur,Rajasthan,2024/01/14,NA,A,-1758.52
MCH-6743,"mistry, acharya and rau",misc,Misc Retail,PRIVATE-LIMITED,Kolkata,West Bengal,25-Jul-2025,XXXX9521,Active,-1997.32
MCH1856,"Sem, Dhawan and Bakshi",,groceries,SOLE_PROPRIETOR,Bangalore,Karnataka,2023/07/27,9292167540,Suspended,"2,232.22"
MCH 4050,"Sur, N0ri and G011a",05699,Apparel,SOLE_PROPRIETOR,Mumbai,Maharashtra,04-07-2024,PQHJ7829698736069,A,INR 577.94
MCH 5237,"Dave, Sani and Swaminathan",NA,Pharmacy,partnership,Delhi,Delhi,09-Feb-2026,5721792105,Hold,1955.24
MCH7087,Prashad LLC,5311,Department Store,PARTNERSHIP,chennai,Tamil Nadu,05-29-2023,NA,Enabled,Rs. 955
MCH4510,  Bora Ltd  ,4814,Mobile Recharge,INDIVIDUAL,chennai,Tamil Nadu,16/04/2024 11:39 AM,XXXX0375,ACTIVE,1583.66
MCH-8880,Bava Group,UNKNOWN,HOTEL_LODGING,SOLE-PROPRIETOR,BLR,Karnataka,12/01/2025 04:40 PM,,Inactive,"Rs. 3,216"
MCH4716,Ahuja-Konda,5411,groceries,Private Limited,HYDERABAD,Telangana,1746436235,UWUR7932224500135,Enabled,1206.68
MCH4841,"Soman, Chhabra and Rau",MCC-5812,Food,Individual,Hyderabad,Telangana,06/04/2025,7481277314,ACTIVE,611.25
MCH-5381,Jaggi and Sons,5311,Department Store,PRIVATE_LIMITED,DELHI,Delhi,2025/06/11,NA,Live,550.97
MCH2120,  Vohra-Kashyap  ,4814,TELECOM,Individual,jaipur,Rajasthan,2023-02-23 03:10:46,5716928716,ACTIVE,2514.21
MCH2183,Savant LLC,4131,TRAVEL,SOLE-PROPRIETOR,Dilli,Delhi,,XXXX8842,Active,-202.62
MCH6722,bhagat llc,5999,Misc Retail,Sole Proprietor,Bombay,Maharashtra,05-13-2023,NA,ACTIVE,211.13
MCH4876,"Dugar, Prasad and Pal",5812,Food,partnership,chennai,Tamil Nadu,2023/09/09,XXXX5946,Active,1346.64
MCH5902,"Iyer, Pal and Kaur",5311,Department Store,private_limited,pune,Maharashtra,2024/08/14,,Active,441.19
MCH4113,"Anand,ChoudharyandContractor",5912,Pharmacy,INDIVIDUAL,chennai,Tamil Nadu,07/09/2023,6952372771,ACTIVE,-418.15
MCH3357,"  Batta, Kannan and Srinivas  ",MCC-4814,TELECOM,partnership,Delhi,Delhi,10-27-2023,,ACTIVE,2454.25
mch4278,Thakkar-Gupta,5311.0,Department Stores,private_limited,ASR,Punjab,31-May-2025,,Closed,₹703.48
MCH4184,SACHDEVA-KARA,5812,FOOD_SERVICES,PARTNERSHIP,Jaipur,Rajasthan,02/02/2025 04:25 AM,NA,Enabled,704.96
MCH 3846,Nagi-Chacko,5411,kirana,private_limited,Hyd,Telangana,21/08/2024,EAUK5999855393021,Live,"1,055.18"
MCH7877,Bajwa Ltd,5942.0,BOOKS_STATIONERY,partnership,chennai,Tamil Nadu,,2144271582,ACTIVE,565.69
MCH6840,saini group,5411.0,Grocery,PRIVATE-LIMITED,bengaluru,Karnataka,2024/09/15,4326022170,A,-731.68
MCH6197,"Koshy, Shah and Ratta",4131,transprt,Partnership,bengaluru,Karnataka,03-20-2024,AGMV2642641861544,Enabled,"1,491.79"
MCH9418,Dixit-Ranganathan,5912,MEDICAL_STORE,partnership,Dilli,Delhi,24/02/2024,,A,"INR 1,164.23"
MCH7398,  Bhavsar and Sons  ,05311,DEPT_STORE,SOLE_PROPRIETOR,chennai,Tamil Nadu,24/04/2025,,Active,"₹6,060.90"
MCH 5892,"Dara, Goswami and Purohit",05812,Restaurants,INDIVIDUAL,Bangalore,Karnataka,2025-02-21 11:15:43,NA,Active,"Rs. 1,175"
9546,"Mohan, Tak and Dhingra",5999,retail other,sole_proprietor,Amritsar,Punjab,2024-11-20 10:50:24,XXXX5350,Active,1645.26
MCH6122,Som-Seth,4131,transprt,Individual,Amritsar,Punjab,2023-09-15 17:43:52,,Active,1086.57
MCH6986,  Shetty Group  ,04814,TELECOM,PRIVATE_LIMITED,Bengaluru,Karnataka,13-Sep-2024,NA,Active,547.81
MCH2750,Rao-Narayanan,5942,Books,individual,LDH,Punjab,13/05/2024,,Active,-3052.68
MCH-4688,venkatesh group,5942,Stationery,sole_proprietor,DELHI,Delhi,2024-08-24 14:22:22,TBOZ2931559768114,Suspended,2933.52
MCH-7197,Raval-Chadha,5812,Food,individual,Bombay,Maharashtra,1695601162,,Enabled,218.40
MCH6440,Taneja-Mahajan,5311,DEPT_STORE,individual,Jalandhar,Punjab,04-17-2025,2419488462,Enabled,6682.66
MCH6152,Mukhopadhyay PLC,05942,Stationery,INDIVIDUAL,JPR,Rajasthan,12-20-2025,OXKW4550087815999,ACTIVE,1642.16
MCH1227,"Madan, More and Pal",5411,GROCERY_STORE,Sole Proprietor,Hyd,Telangana,08/12/2025 12:01 AM,3802553962,Enabled,1078.83
MCH 7974,Kari Inc,5699.0,CLOTHS,INDIVIDUAL,Delhi,Delhi,19/05/2023,QWIC4307587311546,A,4305.95
MCH4770,Mahal-Sood,5411,GROCERY_STORE,Sole Proprietor,jaipur,Rajasthan,17/12/2024,5162215595,I,₹489.82
MCH7062,"Karpe, Sekhon and Memon",5999,Miscellaneous,partnership,Madras,Tamil Nadu,2024/07/18,ERAF1958847105569,Closed,"Rs. 2,267"
MCH9949,Lanka Ltd,4131,TRAVEL,SOLE_PROPRIETOR,ludhiana,Punjab,08/10/2024 12:24 AM,,A,4386.14
MCH5569,"Thaman, Kar and Dass",MCC-5999,Misc Retail,SOLE-PROPRIETOR,Mumbai,Maharashtra,2026/01/27,3302815921,I,3592.34
MCH5603,Saha-Sahota,,Restaurants,PARTNERSHIP,mumbai,Maharashtra,2025-09-12 13:03:44,XXXX8202,Active,"₹1,242.85"
MCH2284,Nayak Group,5699,Apparel,PRIVATE-LIMITED,mumbai,Maharashtra,2025-10-01 04:44:36,XXXX8146,Suspended,998.20
MCH2727,"viswanathan, kamdar and raman",4814,TELECOM,PARTNERSHIP,Jaipur,Rajasthan,01-22-2026,,Active,"2,886.20"
MCH9255,"Hegde, Dass and Sehgal",5699,garments,Private Limited,amritsar,Punjab,2023-07-19 10:19:06,NA,ACTIVE,"1,054.61"
mch2752,Palla LLC,4131,TRAVEL,sole_proprietor,lucknow,Uttar Pradesh,1673646249,XXXX1787,Live,69.28
MCH1216,Mani Ltd,5999,Misc Retail,sole_proprietor,amritsar,Punjab,2025-04-05 19:50:02,WWHE9096090604868,ACTIVE,Rs. 228
MCH2550,"  Basu, Madan and Chaudry  ",5999,Miscellaneous,PRIVATE_LIMITED,pune,Maharashtra,23/10/2024 11:38 AM,,A,"1,412.55"
MCH 7627,Lata-Ray,4131,Transport,INDIVIDUAL,mumbai,Maharashtra,17/05/2025,3611125475,Active,1169.55
MCH5992,"Anne, Gole and Bhatnagar",05912,chemist,PRIVATE_LIMITED,Ludhiana,Punjab,31/12/2025,QOVD2358529671548,Active,1637.97
mch1747,  Ray Inc  ,5812,eating place,SOLE-PROPRIETOR,Poona,Maharashtra,04/11/2023,YGJM1546623351510,ACTIVE,₹115.81
MCH9223,D’Alia-Hans,5699,garments,PARTNERSHIP,Madras,Tamil Nadu,2024-12-09 02:24:19,IGRU6773049024506,Enabled,Rs. 376
MCH4678,"Yogi, Goel and Chaudry",5912,chemist,SOLE_PROPRIETOR,Amritsar,Punjab,2025-10-11 23:31:36,8030844375,A,1363.28
MCH6170,Gh0se-Mann,5999,Miscellaneous,private_limited,LKO,Uttar Pradesh,05-Sep-2023,5980501724,ACTIVE,"1,120.12"
MCH4639,Chaudhry-Bath,5912.0,Medical,PARTNERSHIP,jalandhar,Punjab,2023-05-11 10:36:23,XXXX7667,Enabled,₹295.45
MCH-1792,"Suresh, Chada and Mahal",5311,DEPT_STORE,Sole Proprietor,Calcutta,West Bengal,24/03/2025,XXXX6459,A,
MCH-8952,"varghese, korpal and dora",5912,Medical,Sole Proprietor,Madras,Tamil Nadu,2024/08/10,,ACTIVE,987.96
MCH-3888,"Gandhi, Cherian and Chhabra",4814,phone service,Partnership,Hyderabad,Telangana,27/02/2025,8744798624,Enabled,-1400.8
MCH5488,Chaudry-Garde,05411,kirana,individual,Kolkata,West Bengal,2023/03/31,NA,A,Rs. 405
MCH6184,Peri-R0ut,4131,Bus/Taxi,SOLE-PROPRIETOR,MUMBAI,Maharashtra,,XXXX1239,ACTIVE,"INR 1,637.73"
MCH2535,Pall-Dugar,5942,Books,Private Limited,mumbai,Maharashtra,2024/08/29,4792112625,ACTIVE,INR 978.69
MCH 5766,Varkey-Datta,4814.0,Telecom,Private Limited,Mumbai,Maharashtra,02-18-2024,,Enabled,-1162.56
mch5019,Parikh Group,4814,TELECOM,PARTNERSHIP,Hyd,Telangana,2023-05-07 05:57:41,NA,Enabled,1075.9
MCH9718,Raval and Sons,5812,eating place,individual,Bengaluru,Karnataka,2026/01/04,6381850074,Active,"₹3,311.57"
MCH5845,Buch PLC,MCC-5311,Retail,SOLE_PROPRIETOR,ludhiana,Punjab,2025/09/25,8892986940,Enabled,1603.87
mch1195,Parekh-Patla,5942.0,BOOKS_STATIONERY,PARTNERSHIP,ludhiana,Punjab,27-Jun-2023,,Active,741.86
MCH9216,AMBLE-THAMAN,UNKNOWN,chemist,partnership,Ludhiana,Punjab,2025/02/10,TRSX1584484080188,A,"2,329.15"
MCH-4451,Bansal-Tak,7011,Hospitality,Individual,amritsar,Punjab,,NA,Enabled,
MCH1153,"Oommen, Sastry and Varty",5311,Department Store,PRIVATE-LIMITED,ASR,Punjab,06-17-2024,XXXX3616,Enabled,873.51
MCH1661,kothari-dara,05912,MEDICAL_STORE,partnership,HYDERABAD,Telangana,1768601404,XXXX7371,Enabled,
MCH-6866,Gill-Shere,NA,BOOKS_STATIONERY,Individual,Calcutta,West Bengal,03/01/2025,XXXX3682,A,"Rs. 4,194"
mch6392,Golla-Pau,,Other,private_limited,Dilli,Delhi,2025-01-04 07:52:24,TXWK8189724291317,ACTIVE,471.06
MCH 8766,Shanker Ltd,5912,MEDICAL_STORE,Sole Proprietor,Chennai,Tamil Nadu,2025/07/02,LBCS6149751072464,Live,Rs. 801
MCH7724,  Kapoor-Parmar  ,05311,Retail,INDIVIDUAL,Hyd,Telangana,30/11/2025,ULOQ5236477246986,ACTIVE,431.71
MCH9519,Shere-Banik,5699,CLOTHS,sole_proprietor,lucknow,Uttar Pradesh,07-04-2025,NA,A,889.40
MCH8427,  Sankaran-Rai  ,5942.0,Books,sole_proprietor,Hyd,Telangana,17-Oct-2023,ZQGR3907039607264,Live,Rs. 302
MCH5442,Sarkar-Prabhu,5311,Department Stores,Private Limited,LDH,Punjab,19/12/2023 08:53 PM,,A,"Rs. 3,121"
mch6306,"RAMESH, VISWANATHAN AND KALITA",04131,Transport,PRIVATE-LIMITED,chennai,Tamil Nadu,01-05-2026,XXXX8991,ACTIVE,302.6
MCH7661,Pal-Atwal,7011,HOTEL_LODGING,partnership,Kolkata,West Bengal,2024/06/20,LQAC5434478012412,Active,"₹1,304.11"
MCH-7371,"Ghose, Handa and Golla",5912,MEDICAL_STORE,individual,Chennai,Tamil Nadu,08-Apr-2025,DGYJ0066359514769,A,456.21
MCH3753,"Raj, Gole and Bansal",5411,Grocery Stores,Private Limited,jalandhar,Punjab,2024/12/02,XXXX3925,Active,2699.51
mch1336,"Zachariah, Bhattacharyya and Hegde",5699,Apparel,SOLE_PROPRIETOR,BLR,Karnataka,1725022519,DKKL1392349779906,Active,Rs. 919
MCH1714,Sampath LLC,5699,Fashion,partnership,LKO,Uttar Pradesh,17-Feb-2026,6074080748,Enabled,585.92
MCH2214,Varkey-Seshadri,4131,Transport,PARTNERSHIP,New Delhi,Delhi,18/12/2024,9016212995,Live,-649.44
MCH7094,"D’Alia, Talwar and Mukherjee",5942,Books,individual,ASR,Punjab,02-Feb-2023,,Enabled,₹577.91
MCH5442,"ray, bajaj and shetty",5411,Grocery Stores,Individual,Pune,Maharashtra,01/11/2024 11:03 AM,9826997670,Enabled,₹448.90
mch5915,"Solanki, Banik and Badal",04131,Transport,INDIVIDUAL,Jalandhar,Punjab,10-22-2024,XXXX8472,Live,"1,488.90"
MCH6183,"Goel, Swaminathan and Padmanabhan",5411,Grocery,PRIVATE_LIMITED,ASR,Punjab,03-Jun-2025,4104440790,ACTIVE,Rs. 817
MCH1625,HandaLLC,5912,medical_store,PRIVATE_LIMITED,ludhiana,Punjab,2024/07/27,NA,I,"₹4,123.17"
8817,SawhneyLtd,7011,HOTEL_LODGING,Individual,Poona,Maharashtra,,NA,Disabled,₹495.07
MCH2423,"lad, kibe and bora",7011,HOTEL_LODGING,INDIVIDUAL,Pune,Maharashtra,1698220115,,Closed,2425.0
MCH-2435,"Devi, Baral and Chander",05942,Book Store,SOLE_PROPRIETOR,MUMBAI,Maharashtra,,5760758509,A,717.95
MCH1653,  Mitra Inc  ,7011.0,HOTEL_LODGING,SOLE_PROPRIETOR,Chennai,Tamil Nadu,,XXXX9573,ACTIVE,"₹1,669.53"
MCH3608,"  Raj, Sarin and Sibal  ",4814,Telecom,Partnership,JPR,Rajasthan,08-Dec-2024,XXXX8045,Disabled,1956.65
MCH4184,Dua-Agate,UNKNOWN,HOTEL_LODGING,PARTNERSHIP,Calcutta,West Bengal,2023/03/24,4629473198,I,"1,198.31"
MCH4802,Jain Inc,5411,GROCERY_STORE,Individual,Mumbay,Maharashtra,,WAKX1731194726020,Hold,"₹1,158.19"
1740,"Dhaliwal, Boase and Walla",7011,Hospitality,PARTNERSHIP,Poona,Maharashtra,09/02/2025,LCLK0132407508023,Enabled,Rs. 903
MCH1169,Dey-Gupta,5812,eating place,INDIVIDUAL,BLR,Karnataka,03-17-2023,0295503532,A,1427.7
MCH5288,"THAMAN, MUNI AND OM",5999,Miscellaneous,SOLE-PROPRIETOR,Pune,Maharashtra,08-Jul-2023,7391241084,A,1015.84
MCH6542,  Saraf-Dhingra  ,5311,Retail,SOLE-PROPRIETOR,MUMBAI,Maharashtra,16-Dec-2023,UBFA1146451633512,A,321.72
MCH-7044,"Anne, Som and Ganesan",7011.0,Hotels,INDIVIDUAL,jalandhar,Punjab,2025/08/08,XCXH2265403585911,A,
MCH7062,"upadhyay, sethi and tella",5812,Restaurant,Partnership,Amritsar,Punjab,06-03-2024,NA,Enabled,₹84.66
MCH 1260,OOMMEN-JHA,5411,GROCERY_STORE,INDIVIDUAL,Delhi,Delhi,,XXXX3006,A,1093.23
MCH3659,REGE-RAJA,5942,Stationery,INDIVIDUAL,Amritsar,Punjab,27-Dec-2024,XXXX6878,Live,-2311.5
3176,Gera Inc,4814.0,phone service,private_limited,Lucknow,Uttar Pradesh,10/03/2024,RGRY9601657474373,ACTIVE,1047.58
MCH-6116,KEER-SHUKLA,4131,Transport,individual,Delhi,Delhi,18-Feb-2025,5115475557,Enabled,"Rs. 3,651"
MCH-4934,Gill LLC,5812,Restaurant,Private Limited,LDH,Punjab,07-29-2024,7355149958,Enabled,
MCH-7864,"Joshi, Warrior and Guha",NA,garments,sole_proprietor,jalandhar,Punjab,2023/10/18,,Live,785.07
MCH-7842,J0ha1 Ltd,5812,Restaurants,private_limited,Kolkata,West Bengal,02-06-2025,XXXX0929,INACTIVE,"Rs. 1,856"
4485,NazarethInc,5999,Retail Other,INDIVIDUAL,Poona,Maharashtra,1699382099,6008302979,Hold,"INR 1,928.18"
MCH8023,CHAR-GALA,5699,garments,Individual,Chennai,Tamil Nadu,04-Apr-2024,PWFC1818550515264,Live,837.35
MCH9068,Rege-Rao,UNKNOWN,Hotels,PRIVATE-LIMITED,New Delhi,Delhi,09-Mar-2023,XKVL5640811556536,Active,
MCH8385,Thaker-Hegde,5812,eating place,PARTNERSHIP,amritsar,Punjab,2024/05/14,NA,Live,"2,913.48"
MCH7413,Uppal-Chaudhry,,DEPT_STORE,private_limited,Bengaluru,Karnataka,09-13-2024,3706152456,Live,"3,645.54"
MCH5386,"Hari, Handa and Madan",4814,Mobile Recharge,private_limited,bengaluru,Karnataka,27-Sep-2023,NA,A,INR 682.57
MCH3699,borra and sons,5942,Stationery,Private Limited,Poona,Maharashtra,1766010666,NA,I,790.7
MCH3856,"Sankaran, Anne and Buch",MCC-5812,Food,individual,Kolkata,West Bengal,2025-05-06 17:56:20,XXXX0835,A,Rs. 454
MCH4487,Subramanian-Kannan,4814,phone service,PRIVATE_LIMITED,jaipur,Rajasthan,03-31-2023,GTMT5663658393677,Active,Rs. 259
MCH 4983,"Magar, Ratta and Choudhary",05411,Grocery,PARTNERSHIP,Ludhiana,Punjab,05/07/2023,ZMSE7382357273196,Enabled,₹617.98
MCH1034,DEVI-CHAUDHARI,7011,Hospitality,private_limited,DELHI,Delhi,17/06/2024 10:15 PM,XXXX9097,Enabled,₹243.38
MCH9909,CHAR-MOHANTY,5999,Retail Other,Partnership,DELHI,Delhi,18/02/2023 05:54 AM,4229797435,Live,1739.69
mch9104,Parmar and Sons,5411,groceries,Sole Proprietor,Poona,Maharashtra,,DUAU1962867484687,ACTIVE,"INR 1,913.35"
MCH1739,keer group,5999,Misc Retail,INDIVIDUAL,Kolkata,West Bengal,02-11-2024,,Active,2619.15
mch5870,Deol Group,04131,transprt,sole_proprietor,Madras,Tamil Nadu,02/04/2023 09:18 PM,,Hold,"INR 1,911.31"
mch3274,Sen-Chawla,5311,DEPT_STORE,PRIVATE-LIMITED,Chennai,Tamil Nadu,02-25-2023,8919947096,Active,-1472.57
MCH-8065,Gandhi-Shanker,4131,Bus/Taxi,INDIVIDUAL,lucknow,Uttar Pradesh,19/07/2024 12:29 PM,9755596598,Inactive,674.4
MCH7622,Banerjee-Raman,5812,Food,SOLE_PROPRIETOR,Pune,Maharashtra,11-24-2023,NA,Active,1374.5
MCH5270,"  Kannan, Goda and Kade  ",7011,HOTEL_LODGING,individual,lucknow,Uttar Pradesh,2023-10-13 12:44:32,NA,Disabled,Rs. 469
MCH-3835,"Pillai, Ratti and Chaudhuri",4814,Mobile Recharge,PARTNERSHIP,ludhiana,Punjab,15/01/2023 10:05 AM,4590776710,INACTIVE,"6,901.65"
MCH9322,"Khosla, Walia and Deep",5311,Department Store,PARTNERSHIP,kolkata,West Bengal,07-15-2024,BPNH2377464616036,A,"INR 1,060.15"
MCH3218,"KEER, SONI AND DESHPANDE",5912,chemist,sole_proprietor,Bombay,Maharashtra,03-10-2024,8214766650,Enabled,3727.56
MCH6944,"Ghosh, Hayre and Seth",5699,Apparel,individual,Jaipur,Rajasthan,2024/06/29,,I,
MCH7195,Som and Sons,5999,Miscellaneous,sole_proprietor,Chennai,Tamil Nadu,1729003276,NA,ACTIVE,1440.74
MCH8558,"JHA, BHAT AND SWAMINATHAN",misc,Mobile Recharge,SOLE_PROPRIETOR,bengaluru,Karnataka,13-Nov-2024,NA,ACTIVE,2933.92
MCH5974,Padmanabhan LLC,5812,Food,individual,lucknow,Uttar Pradesh,2023-03-11 10:03:46,XXXX9484,A,"Rs. 1,194"
MCH6783,"Deep, Pall and Suri",5912,medical,INDIVIDUAL,LKO,Uttar Pradesh,28/11/2025 01:45 PM,NA,Live,"Rs. 1,131"
MCH5745,"Mahal, Gokhale and Shah",5699.0,CLOTHS,SOLE_PROPRIETOR,LKO,Uttar Pradesh,1683167730,XXXX1251,Enabled,"Rs. 1,104"
MCH5576,oza plc,4131,Transportation,SOLE_PROPRIETOR,Bengaluru,Karnataka,27/07/2024,XXXX6114,ACTIVE,
MCH2503,Ravel PLC,4814,Mobile Recharge,INDIVIDUAL,kolkata,West Bengal,10-Mar-2025,5029689598,Active,Rs. 858
MCH 2102,"Mand, Bobal and Saini",5812,Restaurant,INDIVIDUAL,ludhiana,Punjab,25-Apr-2024,,ACTIVE,-2985.52
MCH7089,"Reddy, Dua and Trivedi",5912.0,Medical,Private Limited,Kolkata,West Bengal,2023-08-03 14:43:57,LAWF4141310421548,I,819.59
MCH1077,Mitter and Sons,5812,Restaurant,individual,Chennai,Tamil Nadu,2026/01/12,,I,606.84
MCH-8150,Hegde-Doctor,5912,Pharmacy,PARTNERSHIP,Poona,Maharashtra,11-02-2023,MNHK7085418913677,Live,"Rs. 1,430"
MCH 4102,Om Ltd,4814,phone service,PRIVATE_LIMITED,bengaluru,Karnataka,2023/03/20,,Active,1056.57
MCH7750,"Rama, Garde and Ravi",UNKNOWN,TRAVEL,Partnership,bengaluru,Karnataka,22-Jan-2025,XXXX7708,Enabled,1271.38
MCH8614,Basu-Gola,4131,TRAVEL,PARTNERSHIP,Poona,Maharashtra,08/01/2026,XXXX7777,Live,1454.86
mch3081,"Anne, Choudhry and Nanda",5912,MEDICAL_STORE,Partnership,Hyderabad,Telangana,23/12/2024,4317690840,Active,Rs. 590
MCH-9125,"mallick, walia and kanda",5311,Department Stores,PARTNERSHIP,chennai,Tamil Nadu,21/10/2023 07:24 PM,NA,Live,3007.21
MCH6641,Sunder-Taneja,5411,kirana,Individual,kolkata,West Bengal,24/12/2025 11:48 PM,,Active,INR 126.11
MCH1750,RAVI-DHAR,04814,Telecom,SOLE_PROPRIETOR,LDH,Punjab,1697081250,NA,Enabled,-1422.61
MCH-6743,"mistry, acharya and rau",misc,misc retail,PRIVATE-LIMITED,Kolkata,West Bengal,25-Jul-2025,XXXX9521,Inactive,-1997.32
MCH4230,Jha Group,5912,Pharmacy,PRIVATE-LIMITED,JPR,Rajasthan,,XXXX6774,Active,911.06
MCH3761,"Bal,MittalandPrabhakar",5999,Other,private_limited,Poona,Maharashtra,11-Jun-2025,,Enabled,6900.33
MCH1839,Krish Group,05411,Grocery Stores,SOLE_PROPRIETOR,Jalandhar,Punjab,29/01/2024 08:47 PM,,Active,"₹1,503.47"
6959,"Agrawal, Bhatt and Babu",7011,Hotels,partnership,Lucknow,Uttar Pradesh,2024-05-24 03:34:51,NA,Live,611.31
MCH7383,Mannan Ltd,5999,Misc Retail,INDIVIDUAL,Jalandar,Punjab,,NA,ACTIVE,2867.55
MCH8770,Mani-Mutti,5999,Other,SOLE_PROPRIETOR,New Delhi,Delhi,2023/04/07,XXXX8061,Enabled,Rs. 379
mch8755,"Biswas, Divan and Sachdeva",7011,HOTEL_LODGING,PRIVATE_LIMITED,chennai,Tamil Nadu,25/07/2025 09:26 AM,1014752136,Hold,"INR 2,277.32"
MCH5370,Shenoy Ltd,5912,MEDICAL_STORE,Private Limited,Hyderabad,Telangana,26/06/2023,XXXX5771,Live,1465.66
MCH8490,SEKHON-CHADHA,05699,garments,SOLE_PROPRIETOR,Dilli,Delhi,06-28-2024,XXXX6195,Closed,-694.05
MCH8645,"Desai, Agarwal and Handa",4814,Mobile Recharge,INDIVIDUAL,ludhiana,Punjab,2024/03/31,NA,Active,"1,177.09"
MCH1706,Merchant-Dhar,5942,Books,private_limited,amritsar,Punjab,25-May-2023,,A,954.61
MCH-3395,Merchant-Johal,4131,Bus/Taxi,individual,lucknow,Uttar Pradesh,,MDBK0638673035972,Active,"₹2,176.33"
MCH1430,"Bhavsar, Dora and Singh",5812,Restaurant,PRIVATE_LIMITED,Dilli,Delhi,2024/03/07,NA,Enabled,₹238.76
MCH8037,Srinivas Ltd,4131,transprt,individual,pune,Maharashtra,1673713148,,Blocked,₹671.20
MCH2384,Dugar-Sathe,,telecom,partnership,ludhiana,Punjab,10-01-2023,9586840707,Active,"7,203.05"
MCH3701,Mand-Bhat,MCC-5999,Retail Other,SOLE-PROPRIETOR,LKO,Uttar Pradesh,2024/05/07,3078444164,Closed,₹231.29
MCH3869,HEGDE LTD,NA,Department Store,partnership,Pune,Maharashtra,2026-01-28 22:35:06,NA,ACTIVE,-342.59
mch4621,Ravel-Chaudhuri,5942,Stationery,PRIVATE_LIMITED,delhi,Delhi,04-Aug-2024,RGWL4221508668071,ACTIVE,-397.3
MCH 5676,Kohli-Bir,4814,Mobile Recharge,private_limited,LKO,Uttar Pradesh,29/04/2024 08:08 PM,XXXX1129,ACTIVE,-1466.78
MCH5390,"Choudhry, Dube and Morar",NA,Bus/Taxi,Partnership,ludhiana,Punjab,26-Aug-2024,,Live,420.78
MCH2704,Sengupta-Sarin,5699,CLOTHS,private_limited,Poona,Maharashtra,1678259496,TSWF3138170868556,Active,2593.67
MCH1479,"Mandal, Barad and Srinivasan",5942,Books,PARTNERSHIP,kolkata,West Bengal,27/07/2025,XXXX4686,Enabled,
mch3449,"Sundaram, Dasgupta and Dutt",5999,Miscellaneous,Individual,chennai,Tamil Nadu,06-14-2025,9645543739,INACTIVE,Rs. 436
mch9416,  Kulkarni and Sons  ,5411,Grocery Stores,PARTNERSHIP,Bombay,Maharashtra,2024-12-13 22:23:48,0558936473,A,Rs. 755
MCH4747,issac plc,4131,TRAVEL,private_limited,mumbai,Maharashtra,2023-07-07 09:40:00,3874952784,Closed,
MCH7003,"Dutt, Sachdeva and Sridhar",MCC-5999,Retail Other,INDIVIDUAL,lucknow,Uttar Pradesh,2025/04/30,7336401497,Disabled,418.71
MCH3123,"Hegde, Bahl and Comar",NA,TRAVEL,Private Limited,New Delhi,Delhi,01-Jun-2023,0540867962,A,2133.64
MCH5905,"Hayer, Char and Jain",5999,Retail Other,PRIVATE_LIMITED,Poona,Maharashtra,03-01-2025,NA,Enabled,2191.84
mch5737,Ben Inc,05699,Apparel,INDIVIDUAL,LDH,Punjab,13/06/2023,3336843959,Inactive,-2812.11
MCH8076,"Sani, Sanghvi and Butala",05311,DEPT_STORE,individual,LDH,Punjab,2024/07/02,9096281984,Enabled,INR 470.52
MCH4691,"Deshmukh, Pant and Garg",7011,Hotels,SOLE-PROPRIETOR,Bengaluru,Karnataka,2025/05/10,,A,2116.48
MCH9092,Mall-Deshpande,7011,Hospitality,Partnership,Delhi,Delhi,26/12/2025,JMDU2866891583451,Inactive,"₹1,485.10"
MCH-9857,Mitra-Bala,5311.0,Department Store,PARTNERSHIP,Bengaluru,Karnataka,1705278099,7322976024,Live,507.74
MCH9056,"Misra, Kalita and Kapur",5942,Books,PRIVATE_LIMITED,LKO,Uttar Pradesh,06-17-2023,0830352688,Live,497.59
MCH9733,SATHE-HARI,04131,Transport,PARTNERSHIP,Bengaluru,Karnataka,2025-09-24 05:50:29,,ACTIVE,"₹1,033.79"
MCH7489,  Sridhar PLC  ,5999,Misc Retail,Individual,BLR,Karnataka,15-Sep-2024,NA,Live,990.64
MCH8297,Ghose PLC,4131,TRAVEL,Partnership,kolkata,West Bengal,12-02-2024,XXXX1368,A,"₹1,408.64"
MCH 3733,Ramakrishnan-Chaudhuri,7011,Hotels,SOLE_PROPRIETOR,Amritsar,Punjab,15-Mar-2025,NA,Enabled,1213.25
MCH9940,"Thakur, Chokshi and Char",5699,garments,SOLE_PROPRIETOR,Jalandhar,Punjab,2023/01/16,NA,A,"Rs. 1,656"
MCH 3284,  Lal and Sons  ,,Mobile Recharge,Private Limited,ludhiana,Punjab,02-18-2024,XXXX5805,Closed,"3,943.29"
MCH4068,Balakrishnan Inc,4814,TELECOM,INDIVIDUAL,jalandhar,Punjab,11-23-2024,,A,1322.89
MCH5938,Prabhu LLC,05999,Other,SOLE_PROPRIETOR,Jalandar,Punjab,16/10/2024,,Active,590.79
MCH4968,Choudhry Inc,4814,Mobile Recharge,Partnership,jaipur,Rajasthan,,7588932286,Active,1122.44
MCH8844,"Lad, Walia and Raj",5912,chemist,INDIVIDUAL,Ludhiana,Punjab,26-Nov-2025,5044649266,Active,
8312,"Ramanathan, Andra and Sarma",5912,Medical,partnership,LKO,Uttar Pradesh,20-Feb-2023,XXXX8360,Enabled,-1966.71
MCH5968,"SOMAN, ISSAC AND GOSWAMI",5311,DEPT_STORE,Private Limited,Jalandhar,Punjab,16/10/2025,2039525092,A,5598.75
MCH9004,Vaidya-Subramanian,,chemist,private_limited,LDH,Punjab,08/03/2025 07:05 PM,UZFO1636955430005,SUSPENDED,-1239.93
MCH-6044,Narain-Srivastava,7011,Hospitality,SOLE_PROPRIETOR,HYDERABAD,Telangana,11/02/2026,NA,Live,INR 141.65
mch4413,"Parekh,KadeandTalwar",5699,CLOTHS,Sole Proprietor,LKO,Uttar Pradesh,11-Dec-2025,9207485110,ACTIVE,
MCH3779,aggarwal-hans,05311,Department Stores,PRIVATE_LIMITED,Calcutta,West Bengal,2024-12-04 08:30:32,VKLU5024337304270,Live,-1502.01
mch8198,Buch-Sengupta,5311,department stores,individual,Kolkata,West Bengal,2023/01/18,,Inactive,2004.67
MCH4133,Buch-Hayre,5912,Pharmacy,PARTNERSHIP,kolkata,West Bengal,16/02/2024,NA,Hold,-1903.02
MCH6816,Muni-Bakshi,NA,Book Store,PRIVATE_LIMITED,MUMBAI,Maharashtra,1760902580,3427916602,S,"1,412.92"
MCH 1142,MORAR LLC,MCC-5999,Misc Retail,SOLE_PROPRIETOR,jalandhar,Punjab,,NA,Active,
7568,"CHOKSHI, LALL AND SUBRAMANIAM",4131,Transport,individual,Amritsar,Punjab,15/11/2025 11:29 PM,XXXX4056,Enabled,
MCH6970,  Mani-Sankaran  ,5411,Grocery Stores,PARTNERSHIP,Delhi,Delhi,09-25-2024,8930276730,Live,511.17
MCH8338,Basu Ltd,5812,Food,PRIVATE-LIMITED,pune,Maharashtra,2025/06/21,XXXX2977,ACTIVE,279.50
mch8189,BAJAJ-SURA,4131,Bus/Taxi,Sole Proprietor,Delhi,Delhi,1675164649,,Enabled,1010.26
MCH6551,Kala LLC,4131,Transport,private_limited,JPR,Rajasthan,09-11-2025,,Active,
MCH 8823,SUBRAMANIAN INC,5699,Clothing,Partnership,mumbai,Maharashtra,01-31-2024,XXXX6614,SUSPENDED,523.43
MCH8140,"  Chokshi, Johal and Sachdeva  ",5812.0,Food,sole_proprietor,Calcutta,West Bengal,1724530179,,A,1136.04
MCH7688,"  Kata, Bobal and Basu  ",5912,MEDICAL_STORE,SOLE-PROPRIETOR,LDH,Punjab,29/07/2025,7749062073,A,"Rs. 3,346"
MCH8673,"Bahl, Chopra and Jaggi",5942,Stationery,SOLE-PROPRIETOR,Amritsar,Punjab,16/11/2024,NA,Enabled,1166.72
MCH3393,"PANCHAL, MISTRY AND SAWHNEY",,Grocery,SOLE-PROPRIETOR,Amritsar,Punjab,,NA,ACTIVE,Rs. 612
MCH2923,bahri plc,MCC-5912,Pharmacies,sole_proprietor,Bengaluru,Karnataka,2024/11/11,,Live,1195.19
MCH2887,Rau-Saha,MCC-5699,Clothing,SOLE-PROPRIETOR,Delhi,Delhi,2023/08/17,XXXX7555,ACTIVE,
mch1973,"Walia, Khatri and Saha",5942.0,BOOKS_STATIONERY,SOLE_PROPRIETOR,LKO,Uttar Pradesh,16/11/2025,2944514975,A,
MCH6729,Sharma and Sons,5311,Retail,partnership,Amritsar,Punjab,27/01/2023,NA,Active,442.47
MCH3652,Varghese PLC,,Other,Partnership,LDH,Punjab,,NA,Active,"Rs. 2,254"
MCH6741,PARIKH-BHATT,7011,Hotel,PARTNERSHIP,DELHI,Delhi,06-20-2025,,Hold,664.53
MCH9450,"Bahl, Varughese and Char",04814,Telecom,PARTNERSHIP,pune,Maharashtra,1687451608,RGOX3327381847596,Live,Rs. 260
MCH8066,Bandi-Zacharia,misc,TELECOM,INDIVIDUAL,pune,Maharashtra,,2423721940,Active,"10,687.04"
MCH2910,"Anand, Bhatia and Bora",05942,BOOKS_STATIONERY,Partnership,Pune,Maharashtra,2024-07-27 19:48:30,,Active,759.28
mch6656,uppal llc,5812.0,FOOD_SERVICES,INDIVIDUAL,LDH,Punjab,11-Oct-2023,XXXX4591,ACTIVE,488.8
MCH-5674,"Chhabra, Samra and Ghosh",04131,transprt,Partnership,Mumbai,Maharashtra,,,Live,1727.77
MCH3563,Devi-Dasgupta,4131,Bus/Taxi,PARTNERSHIP,jalandhar,Punjab,09/08/2023 08:21 AM,,Active,418.41
MCH4712,"  Gulati, Koshy and Purohit  ",5812,Food,individual,Lucknow,Uttar Pradesh,13/06/2023 07:51 PM,,Hold,576.59
MCH9371,Mand-Oommen,NA,kirana,private_limited,Madras,Tamil Nadu,2023/11/11,,ACTIVE,₹284.42
MCH1227,Shah and Sons,5699,Clothing,PRIVATE-LIMITED,LKO,Uttar Pradesh,01-Jul-2023,NA,Enabled,1660.63
MCH7443,chander-manda,4131,transprt,PRIVATE_LIMITED,Dilli,Delhi,27-Mar-2024,NA,Active,"Rs. 1,371"
MCH3896,"  Bansal, Thakkar and Dar  ",5942,Books,sole_proprietor,Bangalore,Karnataka,20/04/2023,HRLW3110428710394,ACTIVE,
MCH3659,Samra Inc,5812,Restaurants,INDIVIDUAL,Madras,Tamil Nadu,11/04/2023 10:53 AM,3971816049,A,2958.27
MCH4836,"  Sidhu, Krish and Wadhwa  ",5812,FOOD_SERVICES,Individual,Poona,Maharashtra,2025-11-15 20:13:55,OUBF1585452700403,ACTIVE,Rs. 431
mch1349,Verma-Rastogi,5942,BOOKS_STATIONERY,Partnership,Bombay,Maharashtra,2024-12-30 09:34:19,0030472757,S,"1,183.30"
MCH6062,"Suresh, Kibe and Sa1vi",,Department Store,PRIVATE_LIMITED,amritsar,Punjab,2023-11-27 01:28:22,XXXX9135,Enabled,"₹3,660.19"
MCH9176,Jayaraman PLC,5311,Department Store,Private Limited,Jalandar,Punjab,16/08/2025,NA,Suspended,609.42
1395,Venkatesh LLC,MCC-5812,Restaurant,partnership,lucknow,Uttar Pradesh,2023-04-16 01:21:59,2640758547,Active,Rs. 641
MCH3907,"Goswami, Chaudhary and Nanda",4814,phone service,INDIVIDUAL,ludhiana,Punjab,2025/06/13,NA,A,552.22
MCH6598,"Sachar, Thakkar and Sachar",5699,CLOTHS,PRIVATE-LIMITED,ASR,Punjab,2024/01/26,FGUE5705085368360,ACTIVE,Rs. 421
mch8869,Tella-Roy,5912,MEDICAL_STORE,sole_proprietor,LDH,Punjab,05-17-2025,3757131975,Active,₹618.72
MCH-9037,Varty-Vaidya,04131,Transportation,PRIVATE_LIMITED,Jalandhar,Punjab,17/04/2023 09:34 PM,XXXX4749,Active,2383.02
MCH 8210,"Dave, Bath and Cherian",4131,TRAVEL,SOLE_PROPRIETOR,HYDERABAD,Telangana,10/04/2025,2958672318,Active,3204.47
MCH5850,Virk-Loke,5699,CLOTHS,PARTNERSHIP,Mumbay,Maharashtra,,QOYF2667573006038,ACTIVE,"Rs. 3,558"
MCH8945,"Deol, Pant and Parekh",4814,Telecom,Sole Proprietor,amritsar,Punjab,18/01/2026,NA,Live,707.94
MCH 9402,Vyas-Nath,5812,Restaurant,PRIVATE_LIMITED,LKO,Uttar Pradesh,18/09/2023,,Active,-640.89
MCH1769,"Jha, Samra and Jhaveri",5311.0,DEPT_STORE,Private Limited,mumbai,Maharashtra,10-20-2023,XXXX5444,Live,₹522.35
MCH1011,Wable and Sons,5411.0,groceries,PRIVATE_LIMITED,Ludhiana,Punjab,02/11/2023,NA,Active,"6,536.07"
MCH2875,Chander-Parmer,5311,Department Store,PARTNERSHIP,Ludhiana,Punjab,12/11/2024,XXXX0207,A,351.55
MCH4097,Venkataraman PLC,5912,Pharmacy,SOLE-PROPRIETOR,Bangalore,Karnataka,25/05/2025 04:58 AM,NA,A,405.21
MCH5648,Jain-Bera,5912,chemist,Sole Proprietor,Ludhiana,Punjab,,NA,Enabled,"₹1,745.30"
MCH2229,  Maharaj Group  ,5999,Misc Retail,private_limited,HYDERABAD,Telangana,12-Dec-2025,NA,Enabled,289.57
MCH8455,Chauhan-Raju,5311,DEPT_STORE,private_limited,Poona,Maharashtra,03-29-2023,5585488676,Active,"₹1,832.78"
MCH7020,Dalal LLC,5311,Department Store,Partnership,Chennai,Tamil Nadu,2023-10-01 13:17:54,,ACTIVE,1105.4
MCH6783,Raju Group,5812,FOOD_SERVICES,INDIVIDUAL,Mumbay,Maharashtra,2025-05-17 11:49:22,XXXX7297,ACTIVE,
MCH-8029,"Gokhale, Varughese and Dube",MCC-5311,Retail,sole_proprietor,Hyd,Telangana,21-Dec-2025,GRPS2021500015035,Live,Rs. 973
MCH2309,TripathiPLC,,groceries,INDIVIDUAL,JPR,Rajasthan,2025-12-22 22:12:34,5026901266,ACTIVE,869.28
MCH7239,"Trivedi, Ramesh and Prabhakar",,Apparel,sole_proprietor,LKO,Uttar Pradesh,1771884884,NA,A,-918.27
MCH9957,"Choudhury, Doctor and Das",5942,Books,PARTNERSHIP,Jalandhar,Punjab,15-Mar-2023,XXXX1369,Live,
MCH-7266,Sule PLC,5812,eating place,Partnership,jaipur,Rajasthan,1756556931,XXXX3283,Enabled,
MCH1971,"Batta, Lal and Wason",05699,Clothing,PRIVATE-LIMITED,mumbai,Maharashtra,1760270704,,Enabled,854.92
MCH7912,"dewan, tak and subramanian",5912,Pharmacies,PARTNERSHIP,chennai,Tamil Nadu,2025-01-17 15:12:23,XOLJ5859104474839,Enabled,
MCH7639,Dewan-Ravi,05699,garments,Partnership,Calcutta,West Bengal,31/07/2023,XXXX1970,Live,-545.41
MCH2045,Nadig-Bal,5699,CLOTHS,PRIVATE-LIMITED,pune,Maharashtra,05/02/2024 11:14 PM,NA,A,-2363.1
MCH6755,Subramaniam Inc,7011,Hospitality,partnership,delhi,Delhi,23-Mar-2024,,Live,"1,535.05"
MCH 3675,Grewal and Sons,4814,phone service,PRIVATE-LIMITED,pune,Maharashtra,10-19-2025,YCGE0713459513460,I,₹263.38
MCH 9458,"Basak, Natarajan and Golla",4814,Mobile Recharge,Individual,Mumbai,Maharashtra,10/06/2024 01:29 PM,ROVV3982446480189,ACTIVE,"1,528.67"
MCH-5953,"Sandhu, Srinivas and Thakur",5699,garments,PRIVATE-LIMITED,Amritsar,Punjab,10/09/2023 07:25 PM,TMUQ0408880729796,Live,"₹3,101.03"
MCH2726,"Chawla, Tata and Chander",5699,Clothing,Partnership,chennai,Tamil Nadu,2025-10-11 02:35:19,XXXX2870,Closed,2102.32
MCH6720,"dhingra, shukla and edwin",5912,Medical,PARTNERSHIP,amritsar,Punjab,07/08/2025,XXXX5057,Live,Rs. 638
MCH6148,"Sem, Aggarwa1 and Uppa1",5311,DEPT_STORE,sole_proprietor,LKO,Uttar Pradesh,29/11/2025 06:29 AM,8892638195,Disabled,3148.18
MCH6477,Gopal-Dewan,5699,Clothing,Sole Proprietor,mumbai,Maharashtra,20-Dec-2025,GNKM1008209861483,ACTIVE,"INR 1,828.26"
MCH2535,MODY-GREWAL,5699,garments,SOLE-PROPRIETOR,Mumbai,Maharashtra,11/02/2026,XXXX4471,Live,1997.41
MCH8055,Sankaran-Sachar,5999,Miscellaneous,PRIVATE_LIMITED,ludhiana,Punjab,11-Nov-2023,UKDK6406633609762,A,1036.97
MCH5070,krishnan group,NA,Mobile Recharge,partnership,New Delhi,Delhi,18/06/2024 04:41 PM,,ACTIVE,"INR 1,597.64"
8693,  Mukhopadhyay-Rama  ,,Grocery Stores,Individual,Lucknow,Uttar Pradesh,2024-10-07 22:23:22,XXXX9284,Active,406.79
MCH6152,"Hayer, Jha and Tata",5411,GROCERY_STORE,PRIVATE-LIMITED,LKO,Uttar Pradesh,2025-06-23 08:59:29,6225747550,Active,"Rs. 2,396"
MCH5780,  Tara-Palan  ,5699,CLOTHS,INDIVIDUAL,Bangalore,Karnataka,01-11-2024,,Enabled,1736.15
MCH6392,Thaman Ltd,07011,HOTEL_LODGING,partnership,Calcutta,West Bengal,2023/08/03,1989029067,A,691.37
mch6107,PILLAY LLC,5999,Other,SOLE_PROPRIETOR,Jalandhar,Punjab,06-27-2024,COEO9019476576214,Active,"1,844.34"
MCH-7627,CHANDA-MURTY,5812,eating place,Partnership,JPR,Rajasthan,15/10/2024,NA,Active,3236.88
MCH-4822,SAMA-KEER,4131,Transportation,Private Limited,Hyd,Telangana,08-07-2025,,A,736.6
MCH7868,Ah1uwa1ia Inc,5812,Food,PRIVATE_LIMITED,HYDERABAD,Telangana,02-24-2023,AZWU9148172427914,I,-4268.0
8384,"  Tella, Batra and Baral  ",5311,Department Stores,INDIVIDUAL,Jalandar,Punjab,08/04/2023,NA,Live,
MCH8344,  Purohit-Ravi  ,5311.0,Department Store,private_limited,pune,Maharashtra,2023-09-04 21:29:50,NA,A,337.58
MCH-5599,Peri-Bhatti,05942,Book Store,INDIVIDUAL,Mumbay,Maharashtra,06/06/2023 05:11 AM,,Active,8103.17
MCH7767,Nadkarni-Pathak,7011,Hospitality,INDIVIDUAL,chennai,Tamil Nadu,10/07/2025 07:50 AM,NA,Live,3595.48
mch7024,gandhi-kunda,5942.0,BOOKS_STATIONERY,private_limited,LKO,Uttar Pradesh,2024/04/22,,Active,₹184.56
MCH4361,Shukla-Venkatesh,5699,CLOTHS,PARTNERSHIP,Pune,Maharashtra,1693477803,NA,Live,₹714.55
MCH2814,"SANI, KHARE AND RAMACHANDRAN",5912,MEDICAL_STORE,PARTNERSHIP,jalandhar,Punjab,24-Feb-2024,XXXX1070,ACTIVE,"1,581.52"
MCH3659,Ch0udhary-Sama,MCC-5912,Pharmacies,Sole Proprietor,chennai,Tamil Nadu,2024-06-13 05:48:52,XXXX0305,I,"1,376.76"
MCH7162,"SANKAR, MUNI AND MANDAL",,Stationery,sole_proprietor,Jalandhar,Punjab,1673676450,TTSV7753870906383,Enabled,4267.24
MCH4163,Kamdar-Jhaveri,7011,Hotel,SOLE_PROPRIETOR,jalandhar,Punjab,,,Active,390.74
MCH1262,CharInc,04814,TELECOM,INDIVIDUAL,pune,Maharashtra,06-28-2025,4484109203,Enabled,INR 489.52
MCH6441,"Konda, Swaminathan and Patel",4814,Mobile Recharge,individual,LKO,Uttar Pradesh,30-Jan-2025,6182390542,Active,-4535.55
MCH1563,Mandal-Biswas,4814,Telecom,PARTNERSHIP,jaipur,Rajasthan,10/11/2023,5466191568,Suspended,-376.51
MCH 7635,Pant and Sons,7011,HOTEL_LODGING,individual,jalandhar,Punjab,2023-03-04 20:51:37,7323981612,Active,"INR 4,941.43"
MCH4021,"BALAKRISHNAN, MISTRY AND VIG",5912,Pharmacy,individual,Hyd,Telangana,12/04/2025,4335587264,Enabled,"₹1,395.91"
MCH9036,CHERIAN LLC,5699,Apparel,sole_proprietor,ludhiana,Punjab,1684348268,XXXX5926,Live,928.81
MCH7366,"Shetty, Pa11 and Pi11ay",5699,CLOTHS,partnership,New Delhi,Delhi,01-14-2024,NA,A,
MCH6947,Sen LLC,5912,Medical,INDIVIDUAL,HYDERABAD,Telangana,29-May-2025,0155753762,ACTIVE,820.37
MCH2463,"Pillai, Tank and Das",MCC-7011,Hospitality,SOLE-PROPRIETOR,chennai,Tamil Nadu,13-Aug-2025,1687933229,Live,"₹1,834.30"
MCH2157,"Ramaswamy, Sundaram and Sachdev",4131,transprt,INDIVIDUAL,HYDERABAD,Telangana,25-May-2023,NA,A,"Rs. 1,899"
MCH2829,Narain Ltd,5999,Retail Other,Sole Proprietor,Bangalore,Karnataka,1676472364,NA,Live,1912.36
MCH9237,GOKHALE INC,5912,MEDICAL_STORE,PRIVATE-LIMITED,LDH,Punjab,28-Sep-2025,LPZT4038353121229,Live,1901.54
MCH8365,"Luthra, Kota and Choudhary",5311,retail,PRIVATE_LIMITED,Amritsar,Punjab,17-Oct-2024,,Inactive,
MCH-6832,"Chaudry, Barman and Patla",5812,Restaurant,SOLE-PROPRIETOR,lucknow,Uttar Pradesh,2024/09/03,3762925357,Inactive,617.14
MCH6512,"Sagar, Deep and Rao",,Mobile Recharge,Sole Proprietor,HYDERABAD,Telangana,01-11-2025,1702999144,Live,
1630,Yogi-Agate,5942,Book Store,PARTNERSHIP,Kolkata,West Bengal,31-Oct-2023,XXXX1041,ACTIVE,INR 444.27
MCH4191,"Mangal, Seshadri and Kakar",5699,garments,PRIVATE_LIMITED,pune,Maharashtra,2024/01/26,NA,ACTIVE,"1,192.21"
MCH6854,Singh-Pandya,5942,BOOKS_STATIONERY,PARTNERSHIP,amritsar,Punjab,2023-07-22 14:48:37,NA,Live,Rs. 353
MCH3893,Dhingra-Chaudhuri,5912,MEDICAL_STORE,SOLE-PROPRIETOR,chennai,Tamil Nadu,2025/08/03,XXXX2466,Live,"2,445.50"
MCH9728,"  Dass, Sengupta and Halder  ",5411,groceries,Sole Proprietor,chennai,Tamil Nadu,29/10/2024 12:12 PM,NA,A,"₹6,287.55"
MCH7951,Peri Group,7011,HOTEL_LODGING,sole_proprietor,Jaipur,Rajasthan,02-21-2024,,A,-981.55
MCH7600,Bora Inc,5999,Retail Other,private_limited,Jalandar,Punjab,09/01/2025,,Enabled,582.46
MCH8832,"Korpal, Dugar and Grover",5411,kirana,INDIVIDUAL,ludhiana,Punjab,27/10/2025 07:47 AM,XXXX3528,Live,"2,140.70"
MCH9979,"Bandi, Gupta and Sarma",4131,Transportation,PRIVATE_LIMITED,Ludhiana,Punjab,13/04/2023,NA,Blocked,-979.52
mch9514,Prakash Gr0up,5912,Pharmacies,PARTNERSHIP,LKO,Uttar Pradesh,2024/10/06,XXXX7878,INACTIVE,2338.36
MCH-1540,mohan-hegde,05912,Pharmacy,INDIVIDUAL,Mumbay,Maharashtra,2023-02-15 20:52:03,NA,INACTIVE,"2,002.37"
MCH8838,"KALA, SIDHU AND KURUVILLA",5912,Pharmacy,Partnership,Chennai,Tamil Nadu,11-Feb-2023,,INACTIVE,593.62
MCH-5980,MISRA-GANGULY,4131,transprt,Individual,Calcutta,West Bengal,2025/08/13,XXXX2799,ACTIVE,"Rs. 2,762"
MCH4261,"Kar, Krishnan and Nadig",5411,kirana,Partnership,mumbai,Maharashtra,1728289451,NA,Live,"₹1,395.90"
MCH-1439,Chawla Ltd,NA,Bus/Taxi,INDIVIDUAL,chennai,Tamil Nadu,10-May-2023,OYZO1535504454366,Live,"6,190.53"
mch9128,"Vig, Menon and Prabhakar",5942,Stationery,sole_proprietor,New Delhi,Delhi,30/08/2023 06:57 AM,ROAG7230893964425,Live,Rs. 594
MCH4781,Pillai Group,misc,Retail,INDIVIDUAL,jalandhar,Punjab,20-Mar-2023,,Enabled,541.83
MCH8545,Taneja and Sons,MCC-5411,kirana,private_limited,jaipur,Rajasthan,06-Jul-2025,,Enabled,"Rs. 1,926"
MCH9584,Kakar PLC,,FOOD_SERVICES,Individual,Pune,Maharashtra,13/05/2024 06:31 AM,FJCP5342966624704,Disabled,₹653.19
MCH8048,"kaul, master and deo",4814,Mobile Recharge,INDIVIDUAL,Hyderabad,Telangana,15/02/2025,XXXX6691,Enabled,"2,683.93"
MCH9803,Rastogi Ltd,misc,BOOKS_STATIONERY,partnership,Jaipur,Rajasthan,2025-01-29 05:08:38,NA,A,"₹3,135.89"
MCH6361,"Saran, Dhar and Chaudhry",7011,Hotel,SOLE_PROPRIETOR,New Delhi,Delhi,2023-04-18 22:29:15,9705258117,Live,₹701.89
MCH5594,ANNE LTD,4814,phone service,private_limited,Hyderabad,Telangana,03-16-2024,7934234539,Active,"₹1,557.37"
MCH7687,  Pant-Mukherjee  ,5999,Retail Other,PARTNERSHIP,HYDERABAD,Telangana,2023/08/15,0561782434,A,
MCH7279,das plc,5999,Retail Other,PARTNERSHIP,Jaipur,Rajasthan,,WTVS1342257023005,Live,"₹1,157.26"
9609,"Taneja, Parsa and Chaudhry",MCC-4814,Mobile Recharge,Private Limited,Mumbai,Maharashtra,15/09/2024,,ACTIVE,INR 501.49
MCH2753,"  Karan, Ganguly and Desai  ",5999,Misc Retail,Private Limited,amritsar,Punjab,31/03/2023,,A,"1,254.60"
MCH3955,"Dutta, Boase and Jha",5812,FOOD_SERVICES,PARTNERSHIP,Jaipur,Rajasthan,,7839475828,Inactive,935.24
MCH1380,Mahal-Khare,5999,Miscellaneous,private_limited,mumbai,Maharashtra,23/02/2025 12:44 AM,TLPQ4078335945068,ACTIVE,"Rs. 3,004"
MCH5898,  Virk-Mani  ,MCC-5699,CLOTHS,PARTNERSHIP,DELHI,Delhi,08-23-2025,1987474945,Enabled,"2,502.05"
MCH 5900,Sarraf-Nagar,5912,Pharmacy,Sole Proprietor,kolkata,West Bengal,2024-03-23 06:41:25,0859371893,Enabled,380.94
MCH-6718,Chaudry-Ramachandran,4814,phone service,Individual,lucknow,Uttar Pradesh,2024/07/19,XXXX5658,Active,1635.83
MCH-9002,MANNE LTD,,Department Store,partnership,ASR,Punjab,11-Apr-2023,XXXX2471,Live,2336.66
MCH9732,Pal-Kaur,5699,Clothing,Individual,Jalandar,Punjab,25/06/2023,2545195064,Live,"₹1,508.45"
MCH-4706,GHOSH-TAILOR,05912,Pharmacy,Partnership,chennai,Tamil Nadu,17/07/2025,,Live,INR 418.32
mch3219,Aggarwal Group,5311,Department Store,PARTNERSHIP,LKO,Uttar Pradesh,08-29-2025,RNPG2912069741191,Active,1058.64
MCH 4330,"Viswanathan, Morar and Barad",4131,transprt,Individual,Jalandhar,Punjab,04/10/2023,,ACTIVE,INR 151.73
MCH2842,ANNE LTD,5699,CLOTHS,partnership,delhi,Delhi,04-Mar-2023,,A,1642.14
MCH 2684,  Barad-Jaggi  ,5942,Book Store,SOLE_PROPRIETOR,New Delhi,Delhi,13/04/2024 01:13 AM,VFSV6228720846838,ACTIVE,Rs. 518
MCH4223,"Bajwa, Khurana and Sinha",misc,Retail,SOLE_PROPRIETOR,bengaluru,Karnataka,15/03/2025,,Live,585.1
MCH-7470,"Din,GuptaandRatti",5311,Department Store,PARTNERSHIP,DELHI,Delhi,21-Sep-2023,UMQY7730271159180,INACTIVE,684.47
MCH2596,Vasa PLC,4131.0,Transport,SOLE-PROPRIETOR,HYDERABAD,Telangana,20/08/2025 10:49 PM,,ACTIVE,-2736.9
mch8272,"Kaur, Barad and Sengupta",MCC-5411,kirana,Partnership,amritsar,Punjab,11/04/2023,5098196386,A,"Rs. 2,250"
mch5785,Vohra Inc,5699,CLOTHS,PARTNERSHIP,mumbai,Maharashtra,25/06/2023,6460565959,Active,1694.59
MCH5567,"Kibe, Halder and Saraf",5912,chemist,SOLE_PROPRIETOR,BLR,Karnataka,2023-01-28 02:44:29,IXRG4736294294938,Enabled,1983.35
MCH-9835,Mahajan-Pingle,07011,HOTEL_LODGING,private_limited,jaipur,Rajasthan,22/09/2025,,ACTIVE,"2,477.71"
MCH8730,  Banerjee-Kapoor  ,5942,Stationery,Sole Proprietor,ASR,Punjab,,CQGQ8537716696051,Live,"2,386.59"
MCH8435,Bajwa-Sandhu,5699,garments,INDIVIDUAL,Jaipur,Rajasthan,2024/08/11,XRHA7493996842867,Enabled,-5825.04
MCH3739,Murty Ltd,5311,Department Store,PRIVATE_LIMITED,Madras,Tamil Nadu,15-Sep-2025,XXXX2052,Enabled,571.15
MCH4765,madan-pandey,5699.0,Clothing,SOLE_PROPRIETOR,Hyderabad,Telangana,12/03/2025 12:56 PM,XXXX6725,ACTIVE,"₹1,004.95"
MCH9291,"Mukhopadhyay, Dua and Dada",5699,Clothing,sole_proprietor,Dilli,Delhi,2023/12/24,4794994318,ACTIVE,Rs. 875
MCH 3837,Bhat Group,5311,department store,individual,delhi,Delhi,01-17-2026,XXXX7816,Suspended,-2613.11
MCH9152,KARA-PARIKH,4814,Telecom,SOLE_PROPRIETOR,Lucknow,Uttar Pradesh,12-01-2024,,ACTIVE,"INR 5,009.29"
MCH 2020,Prabhu-Kar,5699.0,CLOTHS,PRIVATE-LIMITED,Jalandhar,Punjab,15/03/2025 09:17 PM,XXXX1985,Suspended,2649.5
MCH7712,  Sehgal Ltd  ,5411.0,kirana,partnership,lucknow,Uttar Pradesh,,XXXX7167,Live,2215.59
MCH2310,Char-Singhal,5942,Book Store,INDIVIDUAL,JPR,Rajasthan,08-Sep-2025,NA,ACTIVE,-1253.77
MCH3837,"Char, Naik and Sachdev",5999,Other,private_limited,New Delhi,Delhi,25-Jan-2026,XXXX8517,Enabled,"Rs. 5,233"
mch7403,"Raval, Hari and Khurana",5942,Book Store,Individual,Chennai,Tamil Nadu,12-Jul-2023,NA,ACTIVE,₹697.80
MCH7839,Mahajan-Bhasin,5699,Apparel,Partnership,Amritsar,Punjab,2023/06/03,XXXX8814,Enabled,4413.06
MCH7864,"Saini, Yohannan and Tank",5942,Book Store,Individual,ludhiana,Punjab,,9857461455,Live,1130.3
mch6903,Gu1ati-Thaker,05812,Restaurant,PARTNERSHIP,chennai,Tamil Nadu,07/07/2023,,Enabled,
MCH8210,Kannan Inc,5311,DEPT_STORE,partnership,LDH,Punjab,2025/02/04,NA,SUSPENDED,Rs. 370
mch2032,"  Doshi, Sur and Sarna  ",,FOOD_SERVICES,PRIVATE_LIMITED,pune,Maharashtra,15/07/2023,NA,Active,INR 771.07
mch1788,"Dass, Rajagopal and Madan",,Mobile Recharge,PRIVATE_LIMITED,pune,Maharashtra,12/11/2024,NA,Suspended,1479.46
MCH 1044,"Jha, Salvi and Setty",5311,Retail,Partnership,HYDERABAD,Telangana,28-Oct-2024,VZSQ7155957356020,ACTIVE,1084.93
MCH9583,Khurana-Johal,5411.0,Grocery,PARTNERSHIP,Delhi,Delhi,2024-04-30 09:32:52,9658176597,Live,"₹5,627.60"
MCH9207,"Gola, Prabhu and Sood",5311.0,DEPT_STORE,private_limited,Calcutta,West Bengal,2025-02-14 20:21:36,YDIJ7187856499079,Enabled,"1,107.16"
MCH5753,Zachariah-Rai,5812,FOOD_SERVICES,PRIVATE_LIMITED,HYDERABAD,Telangana,01-Dec-2023,,Enabled,"INR 3,163.49"
MCH-4249,"NARASIMHAN, NATT AND CHADA",7011,Hotel,sole_proprietor,Pune,Maharashtra,1703747507,8565095769,Enabled,"₹1,048.88"
MCH8820,Mistry Group,5812,Restaurant,Partnership,Kolkata,West Bengal,19-Oct-2025,VDFR2877623309973,Active,"INR 1,132.45"
MCH6448,"  Kara, Mahal and Borah  ",5699,garments,individual,Chennai,Tamil Nadu,02/02/2025 01:23 AM,2311602120,SUSPENDED,2308.59
MCH9764,More-Bhavsar,5912,chemist,sole_proprietor,Pune,Maharashtra,2024-09-06 22:28:13,XXXX9274,Live,"INR 3,514.68"
MCH5587,"Parmar,BobalandBatra",5912,Pharmacy,PRIVATE-LIMITED,bengaluru,Karnataka,06-25-2024,NA,Active,996.25
MCH9354,"SRINIVASAN, BHARGAVA AND SATHE",MCC-7011,Hotel,private_limited,Pune,Maharashtra,2025-12-26 03:14:06,MCIS2962837592027,Live,₹272.40
MCH 3024,Kade-Bhatia,5812.0,eating place,Partnership,New Delhi,Delhi,2025-09-22 17:31:43,,A,"Rs. 2,093"
MCH4980,Gaba-Sankaran,misc,Medical,SOLE-PROPRIETOR,Amritsar,Punjab,,,Inactive,857.86
MCH8137,G0pa1-Mahajan,04131,TRAVEL,PARTNERSHIP,BLR,Karnataka,2024/01/30,XXXX2908,Enabled,₹561.10
MCH8741,Swaminathan-Kakar,4814,TELECOM,sole_proprietor,Kolkata,West Bengal,17/08/2024 03:49 PM,7135208273,A,"₹8,897.16"
MCH-6352,ChadhaGroup,,kirana,Private Limited,Chennai,Tamil Nadu,1716130503,QWFC2198127321151,Suspended,419.41
MCH8436,Kapoor Inc,7011,Hotel,Individual,Bangalore,Karnataka,27-Jul-2025,4749660100,Enabled,"Rs. 7,117"
MCH-2579,More Inc,,Book Store,partnership,Jaipur,Rajasthan,06-05-2024,,ACTIVE,4068.74
MCH8845,Varkey-Jha,,Other,partnership,kolkata,West Bengal,01/03/2024 05:26 AM,NA,A,5630.04
MCH 5938,RAMA-PANDEY,4131,Transport,Individual,jaipur,Rajasthan,2024-02-12 12:51:22,,Active,Rs. 712
MCH8919,Parmar Ltd,,Transport,private_limited,Bangalore,Karnataka,24/12/2023,NA,Live,2228.63
MCH 9927,"lall, bali and varughese",05812,Food,SOLE-PROPRIETOR,Lucknow,Uttar Pradesh,12-09-2025,IDZP0771497763313,Active,"Rs. 1,410"
mch6326,"Barad,MurtyandTella",5942,books_stationery,PRIVATE-LIMITED,chennai,Tamil Nadu,22/06/2024 06:08 PM,LQXK9607455160094,Enabled,-671.62
MCH4643,Barad and Sons,5942,Books,INDIVIDUAL,ludhiana,Punjab,18/05/2025,5063903908,Blocked,"INR 3,490.79"
MCH-3596,"S01anki, Singha1 and S0man",5699,Apparel,INDIVIDUAL,JPR,Rajasthan,2023/04/03,,Inactive,330.41
MCH2411,SARAF-GOLA,4131,Transport,individual,JPR,Rajasthan,2023-02-09 06:15:13,,Live,2300.71
MCH1722,Patel-Warrior,07011,HOTEL_LODGING,INDIVIDUAL,Calcutta,West Bengal,15-Mar-2025,XXXX3839,ACTIVE,Rs. 420
MCH6328,"  Ray, Pandit and Bala  ",4814,phone service,private_limited,Chennai,Tamil Nadu,27/11/2025 12:31 AM,GCWI4729638964155,A,644.89
MCH3268,Kadakia-Rajan,5699,Clothing,SOLE-PROPRIETOR,Pune,Maharashtra,1731767063,,ACTIVE,2055.32
MCH8561,"Swaminathan, Sa1vi and Kant",05699,Clothing,Private Limited,Bombay,Maharashtra,04-19-2025,PNGX7339881598856,Enabled,4447.81
4030,Nayar PLC,,Books,private_limited,ASR,Punjab,02/08/2023 07:27 PM,NA,A,1079.32
mch3925,Rana-Sehga1,5912,Pharmacy,INDIVIDUAL,Chennai,Tamil Nadu,,IFJH9817043350326,Hold,-1111.78
1626,"Pau, Iyengar and Khare",5999,Misc Retail,sole_proprietor,delhi,Delhi,12-Jul-2025,XXXX6353,A,₹550.42
MCH1272,  Garg Inc  ,4131,Transportation,PARTNERSHIP,JPR,Rajasthan,28/05/2023 10:37 PM,7553237450,A,549.87
MCH9897,Modi PLC,05699,Fashion,INDIVIDUAL,New Delhi,Delhi,06-01-2023,NA,Enabled,-1453.4
MCH6670,SAWHNEY INC,5411,Grocery Stores,INDIVIDUAL,BLR,Karnataka,01-17-2026,XXXX5717,Live,-2332.15
MCH5292,Nori-Dugal,MCC-5999,Other,SOLE_PROPRIETOR,Poona,Maharashtra,,DLCF1511984552623,INACTIVE,Rs. 542
MCH2648,Batta LLC,5999,Retail Other,PARTNERSHIP,jaipur,Rajasthan,10-10-2024,,Active,416.94
MCH9114,Tiwari-0ak,4814,TELECOM,individual,Pune,Maharashtra,01-16-2026,NA,Enabled,"INR 7,090.63"
MCH 5154,DHINGRA-SUNDER,5999,Misc Retail,SOLE-PROPRIETOR,Poona,Maharashtra,14-Jun-2025,1153641874,Live,"Rs. 2,001"
MCH-6060,Chacko-Sundaram,4131.0,Transportation,INDIVIDUAL,JPR,Rajasthan,25-Mar-2023,XXXX2924,Disabled,"₹2,026.75"
MCH6100,"PILLAY, MERCHANT AND SEM",5942,BOOKS_STATIONERY,PRIVATE_LIMITED,Jalandhar,Punjab,05/09/2023 09:50 AM,0672030590,Enabled,1374.95
MCH9866,Sane-Dar,4814,phone service,PARTNERSHIP,LKO,Uttar Pradesh,11-Apr-2024,NA,Live,910.27
MCH 2627,SHANKER PLC,5311,Retail,Individual,lucknow,Uttar Pradesh,16/10/2024,0834395040,Active,₹427.05
MCH5722,Kant-Gara,7011,Hospitality,PARTNERSHIP,lucknow,Uttar Pradesh,16/12/2024,3048409027,A,"INR 1,451.76"
7558,Nair-Tandon,MCC-7011,HOTEL_LODGING,individual,delhi,Delhi,24-Sep-2025,WDIO8859498666425,Enabled,2209.65
MCH1429,Pal Ltd,5411,Grocery,INDIVIDUAL,Jaipur,Rajasthan,10-13-2024,YBSQ5701995451285,Live,Rs. 258
MCH7094,Narasimhan and Sons,5411,groceries,partnership,Lucknow,Uttar Pradesh,03/04/2023 07:40 AM,5172263250,A,-522.74
MCH-3847,  Nair PLC  ,5311,Retail,SOLE-PROPRIETOR,Poona,Maharashtra,,NA,Enabled,660.47
MCH8529,Pradhan PLC,5942,Stationery,SOLE-PROPRIETOR,Dilli,Delhi,13/07/2025 03:13 AM,,Active,476.91
MCH9623,Mangat PLC,4814,Telecom,Sole Proprietor,LKO,Uttar Pradesh,1711467573,,Live,457.6
MCH 2287,Baral Inc,5912,Medical,Individual,Delhi,Delhi,11/06/2025,,Enabled,920.82
MCH6677,"DESHMUKH, CHOUDHRY AND LAD",5912.0,MEDICAL_STORE,PRIVATE_LIMITED,Jalandhar,Punjab,2024/12/05,,Disabled,"₹2,949.00"
MCH2417,"Reddy, Patel and Manda",5912,Pharmacy,INDIVIDUAL,Bengaluru,Karnataka,03-13-2025,XXXX5551,ACTIVE,1553.29
MCH-7870,Sahota-Chand,5311,Department Stores,Sole Proprietor,Delhi,Delhi,12-Jun-2024,2012661045,Enabled,"INR 1,123.31"
mch7323,Mital Inc,5812,eating place,INDIVIDUAL,lucknow,Uttar Pradesh,01/03/2025,1221388018,Active,"₹1,194.36"
MCH3289,Tripathi-Mandal,4814,TELECOM,individual,chennai,Tamil Nadu,29/12/2024,XXXX2012,ACTIVE,"INR 1,368.37"
MCH-7681,"Bal, Kakar and Pillai",,Transportation,PRIVATE-LIMITED,Pune,Maharashtra,11-15-2024,2915378010,A,"1,955.63"
MCH2601,"Mangal, Lalla and Desai",4131,Transportation,PRIVATE-LIMITED,Ludhiana,Punjab,19/02/2025,XXXX7238,Enabled,"1,601.46"
MCH-5287,Sachdeva PLC,4131,TRAVEL,partnership,Hyderabad,Telangana,2024/02/06,XXXX8293,ACTIVE,₹823.34
mch8024,Banik PLC,5411,Grocery Stores,INDIVIDUAL,Jalandhar,Punjab,2026-02-02 22:13:43,OAOZ8994715452448,Enabled,"1,100.96"
MCH4476,Parikh Group,5912,Medical,Partnership,kolkata,West Bengal,1757463877,,Enabled,
MCH3736,"Chanda, Bandi and Pandya",4814,telecom,partnership,Hyderabad,Telangana,2023-04-25 00:48:36,,Suspended,INR 812.06
MCH4738,Jha PLC,,Retail Other,Sole Proprietor,bengaluru,Karnataka,2024-05-24 22:20:53,NA,Inactive,"1,636.42"
MCH 7849,Lal-Wagle,5311,DEPT_STORE,SOLE_PROPRIETOR,jaipur,Rajasthan,12/02/2025 04:31 PM,XXXX0377,Active,4061.65
MCH5801,"Narasimhan, Grewal and Vora",MCC-4131,Transportation,PRIVATE-LIMITED,Dilli,Delhi,2023/08/08,,Live,1697.55
mch8775,Bakshi-Shah,5699.0,Apparel,PARTNERSHIP,New Delhi,Delhi,2025-07-09 07:17:12,NA,ACTIVE,INR 480.13
MCH-8380,"kar, patil and karan",4131,TRAVEL,INDIVIDUAL,jalandhar,Punjab,22/01/2024,5690092544,ACTIVE,"₹9,540.15"
MCH5114,Lal Group,05411,kirana,Private Limited,Bangalore,Karnataka,2024-06-23 01:46:15,XXXX3035,Enabled,1143.5
MCH5999,NORI INC,MCC-5999,Other,Private Limited,jalandhar,Punjab,1767393296,XXXX4498,ACTIVE,629.41
MCH1726,RAJA AND SONS,4131,Transportation,PRIVATE_LIMITED,New Delhi,Delhi,13/12/2025,NA,Enabled,639.24
MCH-8910,"Sinha, Sen and Mander",4814.0,TELECOM,Private Limited,DELHI,Delhi,01/09/2023,,Enabled,
MCH6296,"Goyal, Vora and Loke",5411,GROCERY_STORE,PRIVATE_LIMITED,lucknow,Uttar Pradesh,,NA,Live,Rs. 538
mch3431,Ghosh and Sons,,eating place,Sole Proprietor,MUMBAI,Maharashtra,11-24-2025,LTDQ5015892785519,Suspended,"₹1,904.92"
MCH2696,"Dave, Chaudhari and Bhatti",5411,groceries,individual,delhi,Delhi,2024/11/25,XXXX0248,Enabled,-9658.06
MCH3244,Murthy Group,5912,MEDICAL_STORE,PRIVATE_LIMITED,Jalandar,Punjab,2025-03-07 05:29:26,NA,Active,"INR 3,366.47"
mch1887,Peri Inc,5311,Department Stores,private_limited,Bangalore,Karnataka,2023/02/26,,Enabled,2706.7
MCH2186,Venkatesh and Sons,5912,Medical,SOLE_PROPRIETOR,LKO,Uttar Pradesh,11-23-2025,,Enabled,661.82
MCH5905,KARNIK LTD,5812,Restaurants,individual,Poona,Maharashtra,02-05-2026,XXXX6996,Enabled,653.53
MCH8033,"  Kala, Mahal and Dash  ",5311,Department Store,INDIVIDUAL,HYDERABAD,Telangana,02-12-2025,XXXX2251,ACTIVE,"INR 1,390.13"
MCH3725,Balan Inc,5912,Medical,sole_proprietor,Calcutta,West Bengal,04/10/2024 06:42 PM,XXXX4682,Enabled,2579.6
MCH4739,Karpe-Doshi,5411,grocery stores,INDIVIDUAL,Lucknow,Uttar Pradesh,20/10/2023,DQQT0527144866471,Suspended,-1100.69
MCH-1222,Dass-Dugar,5411,GROCERY_STORE,Sole Proprietor,Kolkata,West Bengal,2023-11-07 18:19:21,,Active,
MCH6383,Char PLC,4814,Mobile Recharge,SOLE_PROPRIETOR,Bangalore,Karnataka,28/10/2023 04:05 AM,,A,Rs. 266
MCH8174,"banerjee, brahmbhatt and dave",7011,Hospitality,Individual,Jaipur,Rajasthan,2024/09/09,XXXX7104,Live,
MCH5753,Handa Inc,5812,Restaurants,Sole Proprietor,HYDERABAD,Telangana,2025-11-04 23:27:50,XXXX3053,ACTIVE,3518.1
MCH6465,Mody Ltd,5699.0,Fashion,sole_proprietor,Madras,Tamil Nadu,01-Mar-2025,NA,Hold,Rs. 307
MCH7201,"patil, mahajan and issac",5999,Miscellaneous,Private Limited,Mumbai,Maharashtra,2025/03/16,0796859598,Active,282.54
4958,Saini LLC,,transprt,Private Limited,HYDERABAD,Telangana,2023/06/24,NA,Enabled,440.09
MCH2169,"Munshi, Srinivas and Ramanathan",5942,BOOKS_STATIONERY,PARTNERSHIP,chennai,Tamil Nadu,07/09/2024,NA,Enabled,351.61
MCH8692,Singhal-Mane,5999,Misc Retail,PARTNERSHIP,jalandhar,Punjab,07-24-2025,1479687132,Enabled,"₹1,884.81"
MCH 5312,Choudhary Inc,05411,Grocery,Partnership,Kolkata,West Bengal,2023/07/27,,Enabled,"INR 1,438.20"
MCH2299,Ahluwalia Inc,4131,travel,PARTNERSHIP,Ludhiana,Punjab,02/12/2024 11:31 PM,NA,Active,2936.54
MCH7870,"Kalla,MoreandSwamy",5912,Pharmacies,PRIVATE_LIMITED,jaipur,Rajasthan,04-Mar-2025,JRSV4497187312439,Live,681.25
MCH3880,Sankaran-M0dy,4131,Transportation,Sole Proprietor,HYDERABAD,Telangana,26/02/2026 06:34 PM,XXXX4851,Enabled,₹794.44
MCH3780,HEGDE GROUP,5311,DEPT_STORE,PRIVATE_LIMITED,lucknow,Uttar Pradesh,27/02/2026 08:38 PM,XXXX3079,ACTIVE,315.62
MCH1101,Mangal Inc,5912,Medical,individual,Madras,Tamil Nadu,2023/06/19,XXXX7862,ACTIVE,2025.16
MCH1292,Gera-Nayak,7011,HOTEL_LODGING,sole_proprietor,Chennai,Tamil Nadu,25/09/2023,,Active,Rs. 267
MCH7162,Ranganathan-Chakraborty,MCC-5699,garments,PRIVATE_LIMITED,Poona,Maharashtra,17-Feb-2025,LGPC8265918729531,Enabled,"INR 1,830.64"
MCH5110,"deshpande, verma and shenoy",5942,Book Store,private_limited,Pune,Maharashtra,2024/11/11,,I,-555.9
MCH8104,CHACKO GROUP,7011,Hotel,PRIVATE-LIMITED,Bangalore,Karnataka,2024-01-02 09:22:31,4591497253,Active,
MCH 9640,Basu Group,NA,Department Store,SOLE-PROPRIETOR,bengaluru,Karnataka,05-21-2025,,ACTIVE,8379.99
2445,  Khare-Sane  ,,Retail Other,sole_proprietor,JPR,Rajasthan,1701804357,3925528828,Active,6063.97
MCH9185,Om Ltd,5812,restaurants,PARTNERSHIP,kolkata,West Bengal,22/09/2025,RKEJ2980134292377,Closed,₹311.59
MCH1133,Shere Ltd,5912,Pharmacies,partnership,Bengaluru,Karnataka,10/06/2025,NA,Live,11501.53
MCH4227,  Bora-Sood  ,5999,Retail Other,Partnership,Jaipur,Rajasthan,2023/02/11,NA,Active,"INR 1,928.46"
MCH7411,"Bhasin, Soman and Savant",4814,Mobile Recharge,SOLE_PROPRIETOR,Chennai,Tamil Nadu,,NA,Active,"2,298.88"
MCH6101,Rout-Barman,5812,FOOD_SERVICES,SOLE-PROPRIETOR,Kolkata,West Bengal,2024/10/11,NA,A,"₹2,918.42"
MCH9290,"Gole, Viswanathan and Brahmbhatt",7011.0,Hospitality,PARTNERSHIP,LDH,Punjab,,NA,I,1704.51
MCH8926,Roy-Nagarajan,UNKNOWN,Fashion,Sole Proprietor,pune,Maharashtra,11/05/2023 05:53 AM,NA,Disabled,₹217.41
MCH7829,Hora Ltd,4131,TRAVEL,Partnership,JPR,Rajasthan,06-May-2025,XXXX7292,Active,Rs. 422
MCH9523,"Tank, Uppal and Malhotra",MCC-5912,Pharmacies,PARTNERSHIP,Pune,Maharashtra,10-25-2025,,Live,"5,060.01"
MCH 5493,"Choudhury, Nayak and Hayer",misc,Clothing,INDIVIDUAL,Jalandhar,Punjab,,CMBW9456641489708,A,954.13
MCH-7295,Palan-Ray,7011,Hospitality,PARTNERSHIP,Bangalore,Karnataka,02/02/2023 10:44 AM,NA,Active,1161.77
1628,"rao, buch and kala",5912,Pharmacy,INDIVIDUAL,LKO,Uttar Pradesh,2025-01-08 16:04:25,,Live,₹789.95
MCH4416,Raju and S0ns,5999,Miscellaneous,INDIVIDUAL,bengaluru,Karnataka,04/10/2025,6909361511,Closed,"Rs. 3,955"
MCH 5021,Dora Group,misc,Hotel,Partnership,JPR,Rajasthan,01-10-2024,2704643767,Enabled,Rs. 843
MCH4687,GOEL LLC,5942,Book Store,Individual,lucknow,Uttar Pradesh,01-30-2023,BTTJ6615272024781,A,Rs. 820
MCH4284,Chawla LLC,4131,TRAVEL,Sole Proprietor,LDH,Punjab,13-Feb-2026,XXXX7941,ACTIVE,Rs. 385
MCH8896,Savant PLC,05411,Grocery,individual,ludhiana,Punjab,20/08/2023 12:44 PM,UQGT6646060473971,Live,2636.98
MCH8518,Srivastava-Parsa,5699,Fashion,individual,Jaipur,Rajasthan,11-Sep-2024,NA,ACTIVE,₹191.84
MCH9753,Chowdhury and Sons,4814,TELECOM,INDIVIDUAL,Bombay,Maharashtra,06/07/2023 01:36 PM,XRQC4173107226583,Live,559.33
2951,"THAKUR, SUBRAMANIAM AND AGRAWAL",7011.0,Hotel,Partnership,MUMBAI,Maharashtra,06/02/2026,0506591392,A,-3115.69
MCH8878,  Kashyap-Behl  ,7011,Hotels,SOLE-PROPRIETOR,Calcutta,West Bengal,21/07/2023,,Active,INR 228.35
MCH1136,"bahri, kanda and seth",5942.0,Book Store,private_limited,Madras,Tamil Nadu,17/07/2023,XXXX4885,Live,₹896.84
MCH1665,Salvi Group,5699,Clothing,individual,Bangalore,Karnataka,30-Nov-2025,KSUI6181238646481,Enabled,₹946.53
MCH6519,"  Dhar, Morar and Malhotra  ",5699,CLOTHS,PRIVATE-LIMITED,pune,Maharashtra,1684110422,XXXX0332,Enabled,445.06
MCH 2742,"Vasa, Devan and Tandon",5699,Fashion,individual,Mumbay,Maharashtra,13-Nov-2023,XXXX3213,Live,₹541.72
4888,Saha-Jani,4814,phone service,SOLE_PROPRIETOR,ludhiana,Punjab,20/11/2025,,Active,308.77
MCH1986,Brahmbhatt Inc,5999,Retail Other,PARTNERSHIP,mumbai,Maharashtra,11-23-2023,,Active,-892.28
MCH8422,Kakar-Bera,5699.0,garments,Sole Proprietor,amritsar,Punjab,10-03-2025,XXXX1336,Live,661.76
MCH7113,"Jain,BhattiandSha",5942,BOOKS_STATIONERY,Partnership,Madras,Tamil Nadu,2025-07-30 15:17:22,XXXX9585,Suspended,1921.99
MCH5023,CHATTERJEE-KALLA,5912,Pharmacies,Partnership,Bombay,Maharashtra,12-31-2024,XXXX9987,ACTIVE,-5484.78
7795,Prakash LLC,4131,TRAVEL,SOLE_PROPRIETOR,JPR,Rajasthan,2025-06-28 04:41:24,NA,Enabled,₹956.79
mch3980,Chadha-Raval,5699,Apparel,Partnership,Bengaluru,Karnataka,14/04/2023,XXXX9643,ACTIVE,1323.06
MCH7356,"Divan, Rastogi and Prabhu",5942,BOOKS_STATIONERY,Partnership,Lucknow,Uttar Pradesh,2025/07/22,8041409071,Enabled,-306.91
MCH5451,Divan LLC,5411.0,GROCERY_STORE,PARTNERSHIP,JPR,Rajasthan,2025/05/14,,ACTIVE,2492.35
MCH7252,"  Krishnamurthy, Pandit and Mukherjee  ",5942,Book Store,Sole Proprietor,Hyd,Telangana,08-01-2025,0285621980,ACTIVE,1234.51
mch1438,Pandit-Menon,5999,Other,PARTNERSHIP,Bangalore,Karnataka,22/11/2023,ZQNR3407194415594,Active,409.59
MCH 3917,CHOWDHURY-PANDIT,,fashion,PRIVATE_LIMITED,Hyd,Telangana,04-02-2023,XXXX2174,Inactive,-445.99
MCH7955,Sura Gr0up,5812,Food,individual,Amritsar,Punjab,,FIJI5501070753851,A,833.11
MCH9125,Raghavan PLC,,Miscellaneous,individual,JPR,Rajasthan,2024/10/10,NA,Active,1723.08
MCH2111,Dubey-Oommen,07011,Hotels,individual,ludhiana,Punjab,26/07/2023 08:03 AM,,Live,5111.16
MCH-2370,Mutti-Sarma,5699,Fashion,INDIVIDUAL,Delhi,Delhi,08-03-2024,,Active,6053.56
mch2533,"Chhabra, Shah and Tella",5912,Medical,Sole Proprietor,JPR,Rajasthan,03-05-2025,NA,Enabled,2439.28
MCH6019,Chatterjee Ltd,UNKNOWN,Food,PRIVATE-LIMITED,Dilli,Delhi,25/01/2026,UFWO7733965180914,Enabled,100.27
MCH 5477,Mahajan Ltd,5699,CLOTHS,individual,Bengaluru,Karnataka,01-Sep-2025,CBRP2025489889025,Live,"3,690.89"
MCH 9460,"Oza, Balakrishnan and Kapoor",5942,Stationery,INDIVIDUAL,Madras,Tamil Nadu,,XXXX5842,ACTIVE,₹481.26
MCH 4077,"Khalsa, Jaggi and Bumb",MCC-5812,Restaurants,SOLE-PROPRIETOR,jaipur,Rajasthan,10-26-2023,NA,Active,583.76
7737,"Sarma, Tripathi and Chandra",4131.0,transprt,Sole Proprietor,mumbai,Maharashtra,19-Sep-2023,9889598730,A,-1625.72
MCH7985,"Ba1ay, Mammen and Raman",05812,Restaurants,Partnership,LKO,Uttar Pradesh,16/12/2023 07:17 PM,NA,Active,"2,429.67"
MCH2299,Ahluwalia Inc,4131,TRAVEL,PARTNERSHIP,Ludhiana,Punjab,02/12/2024 11:31 PM,NA,Active,2936.54
MCH2613,"Grewal, Gade and Bhattacharyya",4814,Mobile Recharge,private_limited,kolkata,West Bengal,2023-06-04 01:02:27,NA,Hold,1066.15
MCH4424,"Date, Soman and Lall",05311,Department Store,Private Limited,chennai,Tamil Nadu,2024-02-01 22:21:10,GBLD6739471452450,Live,-410.17
MCH7353,"Tara, Rajag0pa1an and Ramanathan",05311,Department Store,partnership,mumbai,Maharashtra,16/10/2024,6926383860,A,₹840.14
MCH3203,Randhawa-Pant,5311,Retail,PARTNERSHIP,jaipur,Rajasthan,2024-12-16 07:20:41,XXXX9443,ACTIVE,
MCH4669,"Sidhu, Subramanian and Chakraborty",07011,Hospitality,PRIVATE_LIMITED,Bangalore,Karnataka,2023-03-20 14:14:52,,Enabled,
MCH4478,Shenoy Inc,4131,Transport,PRIVATE_LIMITED,pune,Maharashtra,2024-04-19 20:17:16,NA,ACTIVE,3749.72
MCH8306,"Wason, Saraf and Dube",,Hospitality,partnership,BLR,Karnataka,15/02/2025,2587742511,Live,67.35
MCH2801,"Khurana, Oza and Divan",4814,Mobile Recharge,private_limited,New Delhi,Delhi,10-14-2025,,Active,406.76
MCH8972,VIG INC,MCC-5411,Grocery Stores,PARTNERSHIP,Calcutta,West Bengal,17-Aug-2024,NA,Enabled,835.08
MCH 7982,De0 Ltd,5311,DEPT_STORE,PARTNERSHIP,LDH,Punjab,1673671702,KDBH6204467913349,Enabled,Rs. 579
MCH6069,Krish-Joshi,,Fashion,Private Limited,ASR,Punjab,30/07/2024,XXXX1701,Active,252.19
5488,Pradhan-Nagy,4814.0,TELECOM,PRIVATE_LIMITED,Lucknow,Uttar Pradesh,,,Enabled,"Rs. 1,893"
MCH6650,Reddy LLC,,GROCERY_STORE,sole_proprietor,Pune,Maharashtra,28/02/2024,XXXX5775,ACTIVE,3251.25
MCH4209,Bahri-Kari,4131,Bus/Taxi,INDIVIDUAL,JPR,Rajasthan,2025/12/29,NA,Active,"1,717.86"
MCH8899,bedi and sons,5699,garments,private_limited,kolkata,West Bengal,25-Feb-2025,XXXX6442,Suspended,
MCH6061,Anand-Savant,5411,GROCERY_STORE,SOLE-PROPRIETOR,amritsar,Punjab,2026-02-08 12:13:00,NA,ACTIVE,-625.71
MCH4587,Karnik and Sons,5311,retail,Partnership,jaipur,Rajasthan,02-07-2025,,Inactive,2493.1
MCH8467,"Tara, Nagi and Keer",,Grocery Stores,sole_proprietor,Chennai,Tamil Nadu,08-06-2024,YVFX0584692360896,Disabled,"3,292.09"
mch9196,"Dani, Palla and Ramachandran",07011,Hotels,sole_proprietor,Hyd,Telangana,04/02/2023,5171234438,Live,403.86
MCH3669,"  Dutta, Banerjee and Saini  ",5999,Misc Retail,Private Limited,lucknow,Uttar Pradesh,03-Sep-2024,9041253658,Live,"2,883.40"
MCH9375,"Bhalla, Koshy and Sule",,Books,INDIVIDUAL,LDH,Punjab,1690586170,XXXX7795,Inactive,924.32
MCH 7331,"Bakshi,PillaiandDhaliwal",MCC-5812,Restaurant,sole_proprietor,Lucknow,Uttar Pradesh,,2802277765,Disabled,₹490.55
MCH 5503,Suri Ltd,4131,transprt,private_limited,kolkata,West Bengal,30/08/2024 06:32 PM,NA,ACTIVE,2446.68
MCH 3788,Kuruvilla Ltd,5411,Grocery Stores,sole_proprietor,Hyderabad,Telangana,03-Oct-2024,,ACTIVE,"4,329.09"
MCH3439,"PALAN, BORA AND PURI",5411,kirana,PRIVATE_LIMITED,Ludhiana,Punjab,05/03/2024 12:36 AM,AHWJ3061043363701,A,"1,840.58"
MCH9386,Shankar Ltd,4131.0,Transport,INDIVIDUAL,Amritsar,Punjab,23-Oct-2023,XXXX6796,Live,-252.98
MCH-3856,"MUKHOPADHYAY, LOYAL AND PARSA",05812,eating place,SOLE-PROPRIETOR,New Delhi,Delhi,12/10/2024,NA,ACTIVE,"9,442.27"
MCH1679,"Chawla, Sura and Pal",4131.0,Bus/Taxi,Individual,LKO,Uttar Pradesh,2026-01-30 14:56:48,XXXX9878,SUSPENDED,"Rs. 1,030"
mch4716,Goda-Agate,5411,groceries,Sole Proprietor,Dilli,Delhi,01-07-2026,5226052062,Live,1438.61
MCH3837,"Sankar, Dass and Sarna",7011,Hotel,SOLE-PROPRIETOR,LKO,Uttar Pradesh,04-01-2024,,Enabled,568.41
MCH9129,"sinha, chauhan and sathe",5411,Grocery,partnership,Calcutta,West Bengal,06-Jul-2025,VXNZ5598805748177,Enabled,INR 914.12
MCH9234,"Jhaveri, Chandran and Shukla",7011,Hospitality,Partnership,Lucknow,Uttar Pradesh,26/07/2024,XXXX3221,Active,762.04
MCH7880,TIWARI-DUA,4131,Bus/Taxi,SOLE-PROPRIETOR,Ludhiana,Punjab,,XXXX1699,Live,12814.22
MCH5108,bora llc,5411,groceries,Private Limited,Jalandhar,Punjab,2025-03-16 12:39:17,DLNH5334244521006,A,
MCH7983,Karpe-Raval,5311.0,DEPT_STORE,INDIVIDUAL,lucknow,Uttar Pradesh,11-Jan-2024,XXXX7464,A,3843.3
MCH7096,Mukhopadhyay-Din,5812,FOOD_SERVICES,Private Limited,Delhi,Delhi,21/09/2023,8048297168,Active,616.51
MCH8325,Sarin Inc,5999.0,Miscellaneous,INDIVIDUAL,Amritsar,Punjab,03-19-2025,1450425498,ACTIVE,"₹1,640.03"
MCH1744,"Mani, Tara and Mane",4131,TRAVEL,SOLE-PROPRIETOR,ludhiana,Punjab,1679330553,,Closed,466.22
MCH2442,Gole PLC,5812,eating place,PARTNERSHIP,Mumbai,Maharashtra,08-28-2024,7767111670,A,625.13
MCH9050,Bali Ltd,4131,Bus/Taxi,Individual,jalandhar,Punjab,01/06/2025,8040024958,SUSPENDED,847.23
MCH1211,"  Munshi, Pai and Sibal  ",5311,Retail,SOLE_PROPRIETOR,delhi,Delhi,2023/01/04,NHYW6672789857023,A,296.16
MCH7779,"Mane, Bassi and Samra",5699,Clothing,Partnership,LKO,Uttar Pradesh,12/12/2024 07:16 PM,UAHK2726212156650,Active,
MCH7341,VARUGHESE INC,MCC-7011,HOTEL_LODGING,Partnership,kolkata,West Bengal,24/04/2023 02:30 AM,,Live,-3711.54
MCH-2636,Rau PLC,5311,Department Store,PARTNERSHIP,delhi,Delhi,2024-04-06 14:07:44,,ACTIVE,"₹5,739.27"
MCH5433,Subramanian PLC,5699,garments,partnership,LDH,Punjab,07/06/2024 07:30 PM,XXXX5051,ACTIVE,673.68
MCH7127,"Chhabra, Dayal and Sood",5699,Apparel,individual,amritsar,Punjab,05-Jun-2024,7467986775,Live,"Rs. 1,738"
MCH6010,"Tak, Sani and Jaggi",5912,Pharmacies,individual,JPR,Rajasthan,20/01/2024,TXCH9949373918886,Active,1022.54
MCH3810,Mallick-Lall,5411,kirana,Private Limited,lucknow,Uttar Pradesh,07/12/2025,XXXX7137,S,630.92
MCH9478,"desai, borah and dugar",,Other,PRIVATE-LIMITED,Kolkata,West Bengal,,,Blocked,"INR 1,333.54"
MCH1856,"Sem, Dhawan and Bakshi",,groceries,SOLE_PROPRIETOR,Bangalore,Karnataka,2023/07/27,9292167540,Closed,"2,232.22"
MCH5741,Uppal Group,,Books,individual,Bombay,Maharashtra,05-30-2023,SZOY5586957641724,Active,
2551,Nagarajan and Sons,,FOOD_SERVICES,SOLE-PROPRIETOR,bengaluru,Karnataka,,NFIY9606847093350,Active,"Rs. 7,900"
mch4934,Shroff Inc,5912,Pharmacy,PRIVATE-LIMITED,ASR,Punjab,08/12/2025,OBRZ2207838983000,Live,1471.24
7586,"Hayer, Savant and Tiwari",5311,Department Store,partnership,Pune,Maharashtra,31/03/2024,ODJU9409130463225,A,765.1
MCH7202,UPPAL PLC,4131,Transportation,INDIVIDUAL,Jaipur,Rajasthan,03-01-2023,INKB4884883910397,Disabled,-1350.11
MCH1445,Wali PLC,5411,groceries,sole_proprietor,Hyd,Telangana,1699550639,8128323198,Live,"Rs. 1,200"
MCH1551,malhotra-subramanian,5812,eating place,PARTNERSHIP,Pune,Maharashtra,06-13-2024,NA,Live,1909.07
MCH2356,"Vyas, Chhabra and Kala",,HOTEL_LODGING,PRIVATE-LIMITED,Chennai,Tamil Nadu,07-Aug-2024,NA,Enabled,"INR 2,064.97"
6090,Nigam-Balakrishnan,5942.0,Stationery,PARTNERSHIP,Jalandhar,Punjab,2024/07/14,KPZR0795458662994,Live,"Rs. 3,151"
MCH9762,Kara LLC,5999,Retail Other,INDIVIDUAL,Dilli,Delhi,,9982880458,Active,₹413.17
MCH6603,  Atwal PLC  ,7011,Hotels,SOLE-PROPRIETOR,Jaipur,Rajasthan,2024/08/20,GWCP5106034968553,ACTIVE,694.88
mch9349,"Bhat, Suri and Khalsa",05999,Retail Other,INDIVIDUAL,HYDERABAD,Telangana,2023/07/15,7591595714,A,"2,394.34"
MCH6176,"TANDON, BADAL AND NATARAJAN",04131,TRAVEL,PRIVATE_LIMITED,Hyderabad,Telangana,12-10-2025,XXXX9488,Enabled,"INR 2,925.84"
MCH4685,Mukhopadhyay-Cheema,,books,private_limited,Chennai,Tamil Nadu,1690025508,3857368814,SUSPENDED,
MCH2738,Yadav Group,5999,Other,Individual,pune,Maharashtra,2024-11-03 22:47:58,8802607832,Enabled,1282.34
MCH2981,Sami-Sura,5942,stationery,individual,Kolkata,West Bengal,01-27-2023,,Active,512.85
MCH-1168,"Seshadri, Borah and Sachdeva",misc,chemist,Individual,Pune,Maharashtra,2026-01-04 03:19:25,CWXA5916653675162,A,4780.41
MCH 4475,"Ray, Kulkarni and Suresh",5311,dept_store,PRIVATE_LIMITED,Ludhiana,Punjab,2024/03/03,XXXX5127,Active,"₹3,417.23"
MCH5308,Shukla-Trivedi,,Food,individual,jaipur,Rajasthan,11/06/2025,7037226511,A,
MCH5780,Oak-Mody,5999,Retail Other,partnership,Pune,Maharashtra,07/02/2023,XXXX4121,Inactive,
mch7679,"  Bal, Ganesh and Malhotra  ",5942,Stationery,PRIVATE-LIMITED,MUMBAI,Maharashtra,2025-12-15 23:24:32,OOXS0496924835573,Active,"₹3,308.00"
MCH3725,Puri PLC,5812,Restaurants,Sole Proprietor,Amritsar,Punjab,2023/01/23,XXXX0142,A,"Rs. 6,457"
MCH9338,  D’Alia-Mitter  ,UNKNOWN,Books,Partnership,mumbai,Maharashtra,07-01-2025,NA,Active,604.36
MCH9586,  Ghose PLC  ,7011,Hotels,PRIVATE_LIMITED,Chennai,Tamil Nadu,03-30-2023,NA,Active,2522.89
MCH7282,chopra llc,05411,kirana,PARTNERSHIP,amritsar,Punjab,14/12/2025 09:02 AM,XXXX9513,Enabled,"Rs. 1,111"
2274,D’Alia Group,MCC-4131,transprt,sole_proprietor,LDH,Punjab,26/04/2024,VFBL8074058900545,SUSPENDED,
MCH8639,Samra-Behl,7011,Hospitality,PRIVATE-LIMITED,bengaluru,Karnataka,30/06/2024 11:58 AM,,INACTIVE,2557.45
MCH9410,Sagar-Chawla,05699,Fashion,INDIVIDUAL,jalandhar,Punjab,24-Jan-2026,XXXX0534,Enabled,Rs. 820
MCH4168,"Chad, Dyal and Golla",5999,Retail Other,PARTNERSHIP,pune,Maharashtra,2023-06-10 10:22:54,XXXX8341,A,"1,194.41"
MCH 5660,Goda-Goda,5812.0,Restaurants,PARTNERSHIP,ludhiana,Punjab,,XXXX9971,ACTIVE,-1213.87
MCH6612,sule-pillay,5812,Restaurant,partnership,pune,Maharashtra,2025/09/09,ATSN3885757440400,A,"INR 2,010.07"
MCH1250,Ben-Thaman,5411,GROCERY_STORE,SOLE_PROPRIETOR,bengaluru,Karnataka,,BWCW6486975518274,S,1524.37
MCH6748,Sathe Inc,MCC-5411,Grocery Stores,SOLE_PROPRIETOR,kolkata,West Bengal,07/05/2023,,INACTIVE,"₹1,451.17"
mch3595,"SRIVASTAVA, MERCHANT AND KOTA",5311,Retail,PRIVATE-LIMITED,ludhiana,Punjab,03/01/2025 01:32 PM,3018831600,Disabled,"Rs. 1,153"
MCH5736,Agate LLC,MCC-4131,transprt,SOLE-PROPRIETOR,delhi,Delhi,16-Apr-2023,XXXX7731,A,"₹3,557.14"
MCH1646,Golla and Sons,UNKNOWN,groceries,INDIVIDUAL,MUMBAI,Maharashtra,2024/09/23,NA,INACTIVE,-790.28
MCH-1618,Muni Ltd,5812,Restaurant,Individual,delhi,Delhi,2023-11-01 18:31:16,NA,Active,"₹1,051.73"
MCH-8421,"Wali, Chowdhury and Barman",5812,Restaurant,Private Limited,Bengaluru,Karnataka,08/10/2023 02:41 AM,7007867420,Live,INR 966.94
MCH6446,upadhyay-upadhyay,5812,eating place,PARTNERSHIP,jalandhar,Punjab,05/12/2024 03:55 PM,NA,Live,-2923.06
MCH 8164,"Devan, Basu and Buch",MCC-5812,Food,private_limited,delhi,Delhi,2023/04/26,KRTZ4526793978232,ACTIVE,"₹3,036.35"
MCH 2786,Gola Inc,05699,Clothing,PARTNERSHIP,Chennai,Tamil Nadu,1734618855,XXXX8423,ACTIVE,576.47
MCH 9861,"Mukherjee, Murthy and Jani",4131,Transport,PRIVATE-LIMITED,ludhiana,Punjab,06-22-2025,NA,A,719.77
MCH4624,"krishnamurthy, mandal and luthra",5999,Miscellaneous,Individual,Chennai,Tamil Nadu,08-06-2025,5143404041,ACTIVE,784.01
MCH1323,DHAR AND SONS,5942,Books,Partnership,Amritsar,Punjab,,BGGB6995281283064,ACTIVE,-3792.9
MCH 6291,Sheth-Anne,5311,Retail,partnership,Delhi,Delhi,15/10/2025,5416820526,SUSPENDED,-2021.5
MCH7355,"rastogi, ahluwalia and tata",5311,DEPT_STORE,PRIVATE-LIMITED,mumbai,Maharashtra,,XJBM2228557617179,A,"Rs. 2,172"
MCH7244,Nadig-Kata,NA,Transport,PARTNERSHIP,Bangalore,Karnataka,1722572128,1173278568,ACTIVE,1686.67
MCH2202,"dass, vala and goda",5912.0,Pharmacy,private_limited,Hyd,Telangana,06-19-2023,EGTB4563622891580,Hold,-1191.83
MCH4651,Bhat-Kamdar,5999.0,Other,Sole Proprietor,Hyd,Telangana,2024/06/05,9030856078,Live,718.3
MCH8014,Mukherjee Inc,5912,Pharmacies,SOLE-PROPRIETOR,jaipur,Rajasthan,01-25-2026,,Active,702.0
MCH3726,Varughese PLC,4814,phone service,INDIVIDUAL,Lucknow,Uttar Pradesh,1731487219,,Active,3572.06
MCH1147,Dayal-Sabharwal,4814,phone service,Individual,Kolkata,West Bengal,11-23-2023,XXXX2380,Disabled,₹939.97
MCH6205,  Munshi Inc  ,4814,Telecom,sole_proprietor,LDH,Punjab,01/01/2026,JWPM8696907638772,ACTIVE,230.73
MCH 5103,"MORAR, KANNAN AND PUROHIT",7011,Hotel,Individual,LKO,Uttar Pradesh,11-12-2023,8919993904,S,
MCH6474,Dewan-Khatri,,Transportation,PARTNERSHIP,lucknow,Uttar Pradesh,1675981731,,Enabled,-231.31
MCH 1001,Anand-Kothari,misc,kirana,Partnership,pune,Maharashtra,17/02/2026 06:54 AM,7962506762,Active,332.55
MCH-8805,bose inc,5699,CLOTHS,Individual,LDH,Punjab,10/07/2024,,Enabled,"₹6,022.98"
MCH6507,"Ba1akrishnan, Shr0ff and Tank",MCC-4131,Bus/Taxi,individual,ludhiana,Punjab,28/10/2024 12:41 PM,XEKQ6062690527278,A,1269.14
MCH 2710,Kohli Group,05699,Apparel,Partnership,New Delhi,Delhi,29-May-2025,,Live,"Rs. 2,106"
MCH2841,"  Memon, Samra and Rajagopal  ",5942,Book Store,SOLE-PROPRIETOR,MUMBAI,Maharashtra,13-Jun-2024,,Active,
MCH-6105,upadhyay plc,7011,hotels,Sole Proprietor,Calcutta,West Bengal,1707265586,NA,Suspended,527.81
MCH6365,Bora-Sood,5311,Department Stores,Individual,Pune,Maharashtra,2025/06/28,,Active,-3013.41
MCH3459,  Nagi-Saini  ,4814,TELECOM,sole_proprietor,HYDERABAD,Telangana,2023/09/03,CIPH7138178222112,Enabled,2617.26
MCH2310,Raj Ltd,5411,Grocery Stores,PARTNERSHIP,JPR,Rajasthan,13/02/2026 10:28 PM,NA,Disabled,681.98
MCH9429,Varghese-Mitter,MCC-7011,Hotel,partnership,Hyd,Telangana,2024/12/16,ICYM9819940442894,Live,1566.55
MCH-9148,Venkatesh and Sons,07011,Hospitality,SOLE-PROPRIETOR,Hyderabad,Telangana,16/07/2023 09:32 PM,XXXX2774,Active,Rs. 503
MCH6388,  Raval-Cherian  ,,Restaurant,PARTNERSHIP,Mumbay,Maharashtra,2023-11-15 00:49:17,,Active,2297.8
MCH2600,Prabhakar and Sons,5699,Fashion,PARTNERSHIP,kolkata,West Bengal,1734466363,1873277155,Active,-1712.51
MCH1079,Sharaf and Sons,,Mobile Recharge,Sole Proprietor,Poona,Maharashtra,20/10/2023,NA,A,₹455.39
MCH7047,BATTA-BHAVSAR,4814,phone service,INDIVIDUAL,Lucknow,Uttar Pradesh,,DJKB0646172113081,Active,₹691.03
MCH7028,"Mohanty, Ray and Prabhu",05942,Books,Individual,Hyd,Telangana,22-Mar-2024,NA,ACTIVE,Rs. 174
MCH5050,Subramanian-Dua,5942,Book Store,PARTNERSHIP,pune,Maharashtra,1756392177,NA,Enabled,"Rs. 1,506"
MCH1516,LOYAL AND SONS,5999,Misc Retail,Private Limited,LDH,Punjab,12/01/2023 02:16 PM,XXXX1307,Enabled,1471.99
MCH4223,"Bajwa, Khurana and Sinha",misc,retail,SOLE_PROPRIETOR,bengaluru,Karnataka,15/03/2025,,Inactive,585.1
MCH-2907,VARUGHESE-MANI,5912.0,MEDICAL_STORE,Sole Proprietor,Chennai,Tamil Nadu,04-25-2023,NA,ACTIVE,"Rs. 1,106"
MCH4508,Prakash Ltd,5812.0,eating place,Private Limited,MUMBAI,Maharashtra,12/12/2023 04:42 PM,9822144537,Hold,1744.61
MCH1168,"Dugal, Thaker and Rana",5699,Apparel,PARTNERSHIP,Hyd,Telangana,04-28-2023,ZVAL3726006910876,Inactive,₹900.21
MCH4627,Barman-Kashyap,5699,CLOTHS,PARTNERSHIP,pune,Maharashtra,10-Jan-2026,NA,ACTIVE,1852.01
MCH2197,Palan-Bhatti,5311,Department Stores,partnership,DELHI,Delhi,,YPNI1403413664050,ACTIVE,"INR 2,800.25"
MCH5447,Ram-Shetty,,HOTEL_LODGING,PARTNERSHIP,Bangalore,Karnataka,2023/03/11,,Active,-606.16
MCH4992,VISWANATHAN-PANDEY,7011,HOTEL_LODGING,INDIVIDUAL,jalandhar,Punjab,19-Feb-2024,,Suspended,918.79
MCH6513,"Krishna, Deshpande and Kar",5311,DEPT_STORE,INDIVIDUAL,Bombay,Maharashtra,2025/08/13,XXXX3471,Enabled,2622.03
MCH 4998,"Sura, Kanda and Chopra",05411,Grocery Stores,partnership,Pune,Maharashtra,1702330751,6601172673,Disabled,-2782.68
MCH7838,"Yohannan, Sethi and Khare",5812.0,FOOD_SERVICES,SOLE-PROPRIETOR,ASR,Punjab,2024/03/25,NA,Live,₹974.30
MCH6205,"Manne, Zachariah and Arora",5311,Department Stores,Private Limited,Bombay,Maharashtra,23/06/2025,4034175727,ACTIVE,Rs. 756
MCH-9967,Kaul LLC,5812,eating place,Individual,Lucknow,Uttar Pradesh,12-23-2023,HXGW3877013830442,ACTIVE,"Rs. 4,200"
MCH1580,"  Subramaniam, Krishnamurthy and Din  ",MCC-5999,Miscellaneous,SOLE_PROPRIETOR,Kolkata,West Bengal,01-Aug-2025,IDJM3876425874680,Live,"2,992.77"
MCH-9942,"Joshi,PradhanandBawa",5311,Department Stores,PARTNERSHIP,Mumbai,Maharashtra,22-Aug-2023,7937476711,Enabled,289.38
MCH3693,"Rajagopal, Savant and Ganesan",4814,Mobile Recharge,Individual,Jalandhar,Punjab,02-26-2025,XXXX6831,Active,893.17
MCH3764,Tandon and Sons,5912,Medical,Partnership,mumbai,Maharashtra,2025/12/30,NA,Active,"Rs. 3,428"
MCH3147,Acharya-Uppal,4131,TRAVEL,individual,Madras,Tamil Nadu,10/02/2024 02:28 AM,1420771239,ACTIVE,Rs. 343
MCH2674,nair llc,4131,Bus/Taxi,sole_proprietor,New Delhi,Delhi,24-Feb-2025,PQUC6680227510245,I,-396.74
MCH 9542,"Buch, Singhal and Bhardwaj",05812,FOOD_SERVICES,INDIVIDUAL,Madras,Tamil Nadu,05/01/2023,ATYU2810542090525,Disabled,"Rs. 2,703"
MCH8656,"Sarma, Krish and Ranganathan",5942,BOOKS_STATIONERY,SOLE_PROPRIETOR,Kolkata,West Bengal,02-04-2025,ZBCP7467206635740,ACTIVE,
MCH8550,Nayar Ltd,,phone service,Partnership,Jalandar,Punjab,2024-01-09 17:54:25,CEPK3792011478067,Active,"1,649.78"
MCH2905,Goyal-Gopal,5912,Medical,INDIVIDUAL,Dilli,Delhi,13-Feb-2024,NA,SUSPENDED,2312.5
MCH5737,"Barad, Majumdar and Barad",05699,garments,PRIVATE-LIMITED,Jaipur,Rajasthan,12-18-2025,,Active,589.94
MCH9195,"Manne, Parsa and Ratta",5311.0,Department Store,Individual,Kolkata,West Bengal,1736308456,XXXX4221,A,"1,304.69"
MCH7720,Agate-Krishnamurthy,7011,HOTEL_LODGING,PRIVATE-LIMITED,Madras,Tamil Nadu,12/10/2025 10:57 PM,,A,Rs. 475
MCH4233,Parmar and Sons,5912,medical_store,Sole Proprietor,BLR,Karnataka,30/07/2024 10:30 PM,4132683121,Inactive,"3,068.07"
5786,"Bhasin, Manda1 and Tank",4131,Bus/Taxi,INDIVIDUAL,Kolkata,West Bengal,02/08/2025,2599782072,INACTIVE,1913.26
MCH3405,"DARA, BOASE AND CHADA",5999.0,Misc Retail,Partnership,pune,Maharashtra,06/03/2024,XXXX5690,ACTIVE,210.2
MCH6743,Zacharia Inc,05411,kirana,INDIVIDUAL,Dilli,Delhi,31/03/2024 03:21 AM,XXXX6034,Active,"INR 1,075.68"
MCH4548,"Butala, Som and Modi",04131,transprt,PRIVATE-LIMITED,BLR,Karnataka,,6510148022,S,568.11
MCH1639,Halder Inc,05411,GROCERY_STORE,sole_proprietor,Chennai,Tamil Nadu,04-12-2023,OKNU6888775607813,Disabled,-2075.47
MCH-9640,"Jain, Sant and Oak",05699,CLOTHS,individual,Bengaluru,Karnataka,,4751326262,Enabled,-714.89
MCH1853,Mukhopadhyay Inc,5699,CLOTHS,INDIVIDUAL,ASR,Punjab,10/04/2024,,ACTIVE,2522.93
MCH8563,Brar PLC,,Restaurants,Partnership,pune,Maharashtra,21/11/2024 02:24 AM,NA,SUSPENDED,₹943.44
MCH5851,"Chakrabarti, Sen and Misra",05411,kirana,SOLE-PROPRIETOR,Poona,Maharashtra,1771167489,XXXX3366,ACTIVE,"1,867.35"
MCH 4170,Saha-Sangha,5311,Department Stores,Individual,Lucknow,Uttar Pradesh,2024/05/31,YABO3956354404742,Enabled,1858.07
MCH5795,"Sunder, Bera and Srinivas",7011,HOTEL_LODGING,PRIVATE_LIMITED,Calcutta,West Bengal,19/05/2023 05:04 PM,NA,ACTIVE,Rs. 167
MCH4100,RAJA-VASA,7011,Hospitality,SOLE_PROPRIETOR,jalandhar,Punjab,06-28-2025,7806774171,ACTIVE,₹479.15
MCH6634,Dave-Sundaram,5999,Miscellaneous,PRIVATE_LIMITED,Ludhiana,Punjab,10/12/2024,,Disabled,"INR 1,276.14"
MCH8427,Lad-Vora,5942,Stationery,PRIVATE_LIMITED,jalandhar,Punjab,03-30-2025,YVUE5995024073682,Suspended,815.94
MCH5122,"Chand, Gupta and Bhargava",05812,Restaurants,individual,Jalandhar,Punjab,04-01-2024,XXXX9761,Live,2946.92
MCH2617,Mander-Parmar,04814,Mobile Recharge,PRIVATE-LIMITED,kolkata,West Bengal,05/08/2023 08:15 AM,5203670066,ACTIVE,5191.58
9433,Chhabra-Naik,5912,Medical,individual,jalandhar,Punjab,2023/12/14,CQOU4085851260723,Live,"₹4,629.09"
MCH1465,"GARG, MALLICK AND CHADHA",5812,Food,PRIVATE_LIMITED,Dilli,Delhi,24/03/2024 05:13 PM,AINO3925620579339,A,443.93
MCH8912,Chada Ltd,5411,kirana,Partnership,amritsar,Punjab,2023/09/12,MSHJ5068707529037,Active,"INR 1,015.47"
MCH4261,More Ltd,5311,Department Store,Partnership,Pune,Maharashtra,2023-04-06 04:55:30,8057436193,ACTIVE,761.11
mch2975,"Bora, Mander and Dalal",5942,Books,SOLE_PROPRIETOR,chennai,Tamil Nadu,2023/09/05,NA,INACTIVE,3477.51
MCH6802,"deo, vohra and palla",5311.0,Department Store,PRIVATE_LIMITED,Delhi,Delhi,04-11-2024,NA,Active,"INR 1,823.92"
mch2105,"Savant, Chauhan and Kumer",05912,chemist,Private Limited,amritsar,Punjab,28/09/2024,,ACTIVE,-898.76
MCH 3094,Wag1e-Thakkar,5699,garments,individual,bengaluru,Karnataka,2024/12/30,UIBH7195313053410,A,"₹1,038.48"
MCH6282,Madan-Din,7011,Hotels,PARTNERSHIP,ASR,Punjab,20-Jan-2026,,Enabled,955.08
MCH5872,  Sandal Ltd  ,05411,groceries,Private Limited,Bengaluru,Karnataka,,NA,ACTIVE,2434.63
MCH-2394,RAJAGOPALAN LLC,5812,eating place,PARTNERSHIP,Calcutta,West Bengal,,XXXX3997,Enabled,"INR 2,001.35"
MCH1068,Mall-Palan,,Other,sole_proprietor,Jaipur,Rajasthan,09/02/2026 09:23 AM,PKRN8629349498422,Live,663.04
MCH6355,Dutt PLC,05699,CLOTHS,PRIVATE_LIMITED,Bangalore,Karnataka,1743483161,4977061313,Live,INR 495.94
MCH6053,Barad-Sen,5999,Retail Other,INDIVIDUAL,Calcutta,West Bengal,20/10/2025,4325467547,Live,2730.09
MCH8781,Gade PLC,5912,chemist,PRIVATE_LIMITED,Mumbay,Maharashtra,2023-02-27 16:50:53,,Active,714.3
MCH8548,Karpe Ltd,5812,Food,partnership,New Delhi,Delhi,,,Enabled,Rs. 699
MCH5151,Sachar-Lad,4131,TRAVEL,PARTNERSHIP,mumbai,Maharashtra,2025-04-09 22:00:45,7481974508,A,INR 703.87
MCH3663,Saini-Gaba,5699,Clothing,SOLE_PROPRIETOR,jaipur,Rajasthan,03-Feb-2025,,ACTIVE,₹377.05
MCH9006,Chopra-Sandhu,5699,garments,Partnership,LKO,Uttar Pradesh,2024/04/03,XXXX5629,Enabled,1365.03
MCH8792,NagarLLC,5411,GROCERY_STORE,Sole Proprietor,Jaipur,Rajasthan,22/01/2025 09:40 PM,4320527012,Enabled,
MCH1525,sant-bhavsar,05942,Books,INDIVIDUAL,Jaipur,Rajasthan,2023/09/10,XXXX7524,A,INR 754.82
mch2766,"chakraborty, nazareth and dasgupta",5411,groceries,private_limited,Madras,Tamil Nadu,05-19-2025,WBWU7279932189451,Hold,"₹2,967.83"
mch5125,Dave and Sons,5812,FOOD_SERVICES,PRIVATE_LIMITED,LDH,Punjab,15-Jun-2025,XXXX1925,ACTIVE,₹838.15
MCH8508,"Iyengar,GillandTella",5999.0,Other,PRIVATE_LIMITED,chennai,Tamil Nadu,12/12/2023 06:59 AM,NA,Enabled,"1,985.47"
MCH6855,"Soman, Ravel and Anand",5411.0,groceries,Private Limited,kolkata,West Bengal,06-Feb-2026,XXXX2710,Active,1385.58
MCH1816,Aurora-Kata,05311,Retail,Sole Proprietor,lucknow,Uttar Pradesh,1742001869,,Active,1797.52
MCH2436,SHETTY-GOUR,5999,Misc Retail,individual,HYDERABAD,Telangana,1719719973,,Active,"₹2,453.33"
MCH-7384,Seshadri-Rai,4814,TELECOM,SOLE-PROPRIETOR,Kolkata,West Bengal,13/01/2024,,Live,"₹4,458.94"
MCH3143,"ZACHARIA, BUCH AND YADAV",05311,DEPT_STORE,PARTNERSHIP,Hyderabad,Telangana,13/03/2023,UMIZ4082572641807,Live,"Rs. 4,822"
MCH2965,shroff-prabhakar,5411,groceries,Partnership,Amritsar,Punjab,,FISH8890557164281,A,"Rs. 2,028"
mch9675,Mand-Varkey,5912,Medical,Individual,Jalandhar,Punjab,05-Nov-2025,,I,₹843.13
MCH-8139,"mani, kala and verma",5311,Department Stores,INDIVIDUAL,ASR,Punjab,02-07-2024,6294042962,Enabled,2137.68
MCH9383,"Sarraf, Mand and Dalal",4131,Transportation,PARTNERSHIP,Lucknow,Uttar Pradesh,11-25-2025,,ACTIVE,-548.73
MCH2071,Dube-Kapadia,,Mobile Recharge,Sole Proprietor,amritsar,Punjab,2024-08-19 04:07:47,5736154750,A,"Rs. 1,392"
MCH4786,  Peri-Kannan  ,5999.0,Miscellaneous,PARTNERSHIP,Lucknow,Uttar Pradesh,10-04-2025,RIMN3324315836653,Live,
MCH4916,  Rama-Patel  ,5942,BOOKS_STATIONERY,INDIVIDUAL,delhi,Delhi,24/06/2025 10:01 PM,XXXX0402,Live,-2293.01
MCH7062,"Karpe, Sekhon and Memon",5999,miscellaneous,partnership,Madras,Tamil Nadu,2024/07/18,ERAF1958847105569,Active,"Rs. 2,267"
MCH9426,Singh-Narula,07011,Hospitality,SOLE_PROPRIETOR,Madras,Tamil Nadu,08/07/2023,CZYQ5289749024896,A,INR 615.87
MCH8592,Venkatesh-Brahmbhatt,5942,Stationery,private_limited,Bengaluru,Karnataka,1701238056,XXXX8568,Live,"2,914.59"
MCH9291,"Thakkar, Bath and Uppal",misc,Retail,Sole Proprietor,LKO,Uttar Pradesh,2024-12-24 06:25:11,XXXX5444,Inactive,"Rs. 3,529"
MCH 4440,"Dey, Bala and Shan",5699,CLOTHS,SOLE-PROPRIETOR,Bombay,Maharashtra,01/04/2023 10:57 PM,FDNT8049485568761,Enabled,
MCH1965,Kata Inc,5311,DEPT_STORE,Private Limited,ASR,Punjab,2023-04-04 01:07:57,NA,Enabled,686.92
MCH9547,Anne-Narasimhan,5311,DEPT_STORE,INDIVIDUAL,delhi,Delhi,11/04/2025,NA,Active,823.12
MCH4589,GeraLtd,4814,TELECOM,Partnership,jalandhar,Punjab,2024-01-12 17:18:35,NA,Live,504.98
MCH 8809,Narasimhan-Sem,NA,Mobile Recharge,INDIVIDUAL,Jalandar,Punjab,2023/02/05,NA,Disabled,2118.31
MCH3407,Lal LLC,UNKNOWN,Other,private_limited,Jalandar,Punjab,2023/09/27,XXXX9006,ACTIVE,3232.78
MCH8563,"Sen, Saxena and Chopra",5411,GROCERY_STORE,Sole Proprietor,Poona,Maharashtra,2025/12/18,XXXX7720,ACTIVE,1384.68
MCH-8521,"Sankaran, Mangat and Gaba",MCC-5311,Department Stores,SOLE_PROPRIETOR,Dilli,Delhi,24/11/2024,MNDO2443340838612,Live,"₹1,028.11"
MCH6421,WadhwaLtd,5699,Apparel,sole_proprietor,Bangalore,Karnataka,30/01/2024 09:37 PM,,Enabled,1782.12
MCH8310,Chakraborty Ltd,4131,TRAVEL,INDIVIDUAL,New Delhi,Delhi,2026/01/02,5355342816,Enabled,"1,287.03"
MCH9787,Nigam LLC,7011,Hotels,PRIVATE_LIMITED,jaipur,Rajasthan,18/06/2023,NA,INACTIVE,717.19
MCH5322,Parsa LLC,MCC-5912,chemist,INDIVIDUAL,Jalandhar,Punjab,03-26-2023,XXXX3422,A,"INR 2,329.55"
MCH7359,Rajagopalan-Rattan,5912,Medical,Sole Proprietor,Calcutta,West Bengal,13/03/2025,,Enabled,-825.72
MCH4641,KarnikLLC,MCC-5311,Retail,SOLE_PROPRIETOR,ludhiana,Punjab,02-02-2025,,Enabled,
MCH-2912,"Singhal, Iyengar and Balasubramanian",,kirana,SOLE_PROPRIETOR,Lucknow,Uttar Pradesh,08-Mar-2023,MPVF3803985979560,Inactive,-4518.86
MCH8204,Bumb-Bansal,7011,Hotels,private_limited,Jalandhar,Punjab,2025-10-13 17:19:27,0190035504,Active,"INR 1,083.04"
mch5855,"Rajagopalan,MuniandPrasad",,CLOTHS,PARTNERSHIP,Jalandhar,Punjab,08-Sep-2023,NA,ACTIVE,115.41
MCH4900,Karpe PLC,5411,Grocery Stores,SOLE_PROPRIETOR,Jalandhar,Punjab,02/04/2025,NA,Active,"INR 2,695.78"
MCH9203,PATEL-BHASIN,7011,Hotels,partnership,New Delhi,Delhi,14/04/2025,XXXX4448,Active,"INR 1,305.76"
3307,Uppal and Sons,7011,HOTEL_LODGING,PRIVATE-LIMITED,Poona,Maharashtra,03/07/2023 08:38 PM,WQAU2336118593269,Live,"INR 1,033.39"
mch4337,Sethi Ltd,4814,TELECOM,individual,jalandhar,Punjab,28-Jan-2026,NBXU8148602683458,Inactive,3672.22
MCH8957,Brar-Lanka,5999,Retail Other,INDIVIDUAL,jalandhar,Punjab,,NA,ACTIVE,"INR 1,494.31"
MCH3177,"Shere, Pal and Kothari",5942,Stationery,PRIVATE_LIMITED,Jaipur,Rajasthan,2024/12/04,XXXX6075,Inactive,785.75
2949,"Mahal, Natt and Ghosh",5999,Miscellaneous,Partnership,jaipur,Rajasthan,19/07/2024,6197525290,Active,-2320.74
MCH 7724,Bir-Mitra,5812,Restaurant,Private Limited,Madras,Tamil Nadu,2023-04-04 00:59:22,BIAX4725507902960,ACTIVE,347.01
MCH 6246,  Zachariah Group  ,5699,CLOTHS,INDIVIDUAL,Madras,Tamil Nadu,16-Jun-2025,NA,A,1510.7
MCH7028,Jain-Merchant,5912,Medical,Partnership,lucknow,Uttar Pradesh,10-16-2025,,A,₹542.31
MCH7077,BASU LLC,7011.0,HOTEL_LODGING,individual,Lucknow,Uttar Pradesh,18/08/2025,5226667486,Hold,Rs. 484
mch3662,Banerjee LLC,5699,Apparel,Individual,Hyderabad,Telangana,03-15-2024,,INACTIVE,"Rs. 1,998"
MCH-1649,Venkatesh PLC,5812,Food,PRIVATE-LIMITED,Delhi,Delhi,08/03/2024 05:27 PM,6043188789,Blocked,851.41
MCH8901,  Raghavan-Bhavsar  ,5912,Pharmacy,PRIVATE-LIMITED,Jalandhar,Punjab,2023-12-13 16:08:56,,I,2886.4
MCH8654,"Deshpande, Comar and Pandya",4814,phone service,Individual,New Delhi,Delhi,,2533166217,ACTIVE,Rs. 898
MCH2776,"MITTAL, SHAH AND KADE",5411,groceries,Private Limited,Mumbai,Maharashtra,27-Jan-2023,EGXV9123448025042,A,10044.9
MCH9359,"Ramanathan, Parekh and Agrawal",4131,Transport,Partnership,ludhiana,Punjab,1680959872,FQHN0033426656652,Active,3245.01
MCH1389,munshi-behl,5411,Grocery,individual,Pune,Maharashtra,06-17-2023,,A,"Rs. 3,913"
MCH-2264,Sandal-Nadig,5912,Pharmacies,individual,kolkata,West Bengal,1714238688,NA,Enabled,"Rs. 1,380"
MCH8736,Mitter-Sura,,Restaurant,INDIVIDUAL,Jalandar,Punjab,07-22-2023,XXXX0698,Enabled,801.85
MCH4097,"Kala, Khatri and D’Alia",5411,kirana,private_limited,Ludhiana,Punjab,17/05/2024,EPRC2590629110289,I,"₹1,958.39"
MCH4164,Iyengar LLC,05999,Misc Retail,SOLE_PROPRIETOR,jaipur,Rajasthan,,LSYR7261669987207,Enabled,Rs. 440
MCH9410,Sagar-Chawla,05699,fashion,INDIVIDUAL,jalandhar,Punjab,24-Jan-2026,XXXX0534,Active,Rs. 820
MCH8358,Sarna-Singh,5699,CLOTHS,SOLE-PROPRIETOR,ASR,Punjab,16/12/2025 07:12 PM,XXXX7799,SUSPENDED,"INR 1,645.07"
MCH1109,Solanki Ltd,5311.0,Department Stores,PARTNERSHIP,MUMBAI,Maharashtra,23-Jul-2023,XXXX9384,Live,"1,262.18"
MCH5528,"Bhagat, Sathe and Iyengar",05411,Grocery,sole_proprietor,Pune,Maharashtra,13/02/2026 11:24 AM,NA,Active,INR 668.43
MCH2656,"Patla, Deo and Babu",5912,chemist,partnership,jaipur,Rajasthan,02-Feb-2026,2362196367,Live,"1,217.69"
3358,Suri-Dhillon,4131,TRAVEL,INDIVIDUAL,Kolkata,West Bengal,22-Sep-2023,3713072949,INACTIVE,665.29
mch8110,Kamdar-Raval,MCC-5999,Other,partnership,lucknow,Uttar Pradesh,13/07/2023,,Inactive,768.59
MCH5387,Khatri Group,7011,Hotel,Sole Proprietor,Delhi,Delhi,2025-10-06 12:45:13,6200633333,ACTIVE,"Rs. 1,172"
MCH4897,Bahl PLC,4131,Bus/Taxi,partnership,Amritsar,Punjab,09/03/2024,NA,ACTIVE,"6,953.87"
MCH7780,Jain PLC,5912,medical_store,SOLE_PROPRIETOR,Lucknow,Uttar Pradesh,2025-07-19 13:23:49,,Active,
MCH9370,Mallick-Gola,5999,Misc Retail,private_limited,Jaipur,Rajasthan,02-20-2023,LVKV0562210759080,ACTIVE,4284.71
MCH4334,"  Nazareth, Loyal and Dhar  ",05311,Department Store,INDIVIDUAL,Ludhiana,Punjab,09/11/2025,6420363344,Active,"INR 6,505.28"
mch4902,"Pingle, Choudhary and Raghavan",7011,Hospitality,SOLE_PROPRIETOR,Bengaluru,Karnataka,31/03/2023,,Live,482.41
MCH9012,nagy-master,5999,Misc Retail,PRIVATE-LIMITED,Bombay,Maharashtra,2023-01-10 02:07:00,XXXX7097,Blocked,297.61
MCH5541,Sheth and Sons,05812,FOOD_SERVICES,individual,Bengaluru,Karnataka,2024-07-13 09:55:59,NA,ACTIVE,₹548.54
2172,"taneja, raj and vora",7011,Hotel,SOLE_PROPRIETOR,Hyderabad,Telangana,15/06/2025 03:11 AM,,A,466.45
MCH6150,"  Chada, Vala and Merchant  ",4814.0,Mobile Recharge,private_limited,Hyd,Telangana,10-Oct-2024,6593744761,INACTIVE,Rs. 616
MCH3006,BISWAS-RAM,5999,Miscellaneous,INDIVIDUAL,lucknow,Uttar Pradesh,14/08/2023,XXXX8226,Enabled,Rs. 638
MCH-4606,"johal, kapur and chhabra",4814,Telecom,PARTNERSHIP,Jalandhar,Punjab,,,A,-2162.35
MCH2654,Lanka Inc,7011,HOTEL_LODGING,SOLE-PROPRIETOR,jalandhar,Punjab,18/02/2024 07:47 AM,NA,A,1563.2
MCH8865,Wali-Yogi,5942,Book Store,PARTNERSHIP,Pune,Maharashtra,,ADDY9100060907565,Live,"Rs. 1,783"
MCH3860,sama group,MCC-5699,Clothing,SOLE-PROPRIETOR,chennai,Tamil Nadu,03-Oct-2023,NA,Active,448.66
MCH1946,  Kanda Group  ,5812,eating place,Partnership,kolkata,West Bengal,,YUNT1236584633844,Active,"Rs. 1,028"
MCH 7863,KADE-SAXENA,7011,HOTEL_LODGING,partnership,Amritsar,Punjab,,5883030838,Blocked,₹432.77
MCH8126,bassi-hari,UNKNOWN,GROCERY_STORE,INDIVIDUAL,Jalandhar,Punjab,2024/12/31,4590614037,Live,Rs. 502
MCH 7521,"Sawhney, Desai and Andra",5999,Other,private_limited,Ludhiana,Punjab,12/02/2024,XXXX3945,Live,"Rs. 1,639"
MCH 8078,thaman-ganguly,5912,Pharmacy,sole_proprietor,Mumbai,Maharashtra,2023/07/12,7715038972,Active,"INR 1,158.31"
MCH7185,Krishnamurthy PLC,5942,BOOKS_STATIONERY,Sole Proprietor,JPR,Rajasthan,2023/03/06,XXXX2381,Closed,1581.12
MCH9320,Char Inc,5411.0,kirana,Private Limited,Hyderabad,Telangana,22/11/2025,OFHR1997447322569,A,Rs. 695
MCH8648,"KUMER, PRADHAN AND PAI",5912,chemist,SOLE_PROPRIETOR,jalandhar,Punjab,17-Dec-2023,CPHP6408157927970,Active,"2,147.87"
MCH1003,"Nayar, Batta and Barad",MCC-5699,Fashion,Private Limited,chennai,Tamil Nadu,,,Enabled,INR 792.91
MCH-6258,"Mitra, Nori and Venkataraman",,Pharmacies,private_limited,Hyd,Telangana,10/02/2025 06:46 PM,NA,ACTIVE,₹353.34
mch9386,"Kothari,SantandLoyal",5699,Clothing,INDIVIDUAL,Bangalore,Karnataka,04/01/2023 07:17 AM,XXXX0692,Enabled,"Rs. 2,792"
MCH3671,"VALA, DHAR AND WASON",5912,Medical,INDIVIDUAL,chennai,Tamil Nadu,,NA,ACTIVE,"Rs. 2,167"
MCH6979,Nadig Ltd,,chemist,sole_proprietor,Chennai,Tamil Nadu,2023-05-18 00:42:04,SYHI9438066539953,Live,640.32
MCH3146,Batta-Sharaf,4131,Transport,individual,Poona,Maharashtra,02/10/2024,MHGR0082109008102,Live,₹898.04
4370,Kuruvilla and Sons,05999,Other,INDIVIDUAL,Mumbay,Maharashtra,18-Aug-2023,NA,Active,-715.96
MCH4421,"Dua, Lad and Bassi",5411,Grocery,SOLE-PROPRIETOR,amritsar,Punjab,2024-06-21 18:21:57,,Active,"INR 1,610.18"
mch3506,Peri Group,07011,Hospitality,individual,bengaluru,Karnataka,,PINF7358781184682,Enabled,3808.09
mch8346,  Sawhney-Pillai  ,5699,Clothing,individual,Lucknow,Uttar Pradesh,1678071846,NA,ACTIVE,2613.63
MCH3277,Issac-Lata,,phone service,PARTNERSHIP,Dilli,Delhi,22/09/2025,RPRG9004987881265,Enabled,"INR 1,571.63"
MCH3820,Behl LLC,5311,Department Stores,Partnership,Jalandar,Punjab,2023/05/30,8600214749,I,983.06
MCH3484,Sidhu LLC,5999,Misc Retail,INDIVIDUAL,ludhiana,Punjab,,,A,-876.31
MCH7615,"DAR, PAREKH AND DE",5812,eating place,SOLE_PROPRIETOR,Lucknow,Uttar Pradesh,,4443349499,Disabled,2530.9
MCH9271,"Bera, Contractor and Trivedi",4131,Bus/Taxi,Sole Proprietor,DELHI,Delhi,2025/02/20,KHLJ8243266357655,ACTIVE,
MCH4548,Sarin Ltd,5912,Medical,Private Limited,Delhi,Delhi,,3265650948,Disabled,
MCH5716,nadig inc,4814,phone service,individual,Madras,Tamil Nadu,1750946998,NA,Live,"INR 1,811.84"
MCH4298,YadavLLC,5999,Other,SOLE_PROPRIETOR,Bombay,Maharashtra,19-Jul-2023,,Active,
MCH 9954,"Dutta, J0ha1 and Char",5699,Apparel,Sole Proprietor,delhi,Delhi,12-23-2025,ERMO2255417001428,A,"3,148.72"
MCH2786,cheema and sons,5411,GROCERY_STORE,Sole Proprietor,BLR,Karnataka,2024-10-11 06:21:19,NA,Inactive,"INR 5,082.90"
MCH2174,"Sood, Chowdhury and Chacko",07011,Hotel,private_limited,New Delhi,Delhi,03-13-2024,8824000729,Disabled,"₹1,287.16"
2917,"DEOL, KIBE AND KHANNA",5999,Misc Retail,private_limited,Dilli,Delhi,23/07/2024,XXXX8419,Live,356.58
MCH3829,Bansal Ltd,7011,Hotels,PRIVATE_LIMITED,pune,Maharashtra,04/12/2024,XXXX7846,A,"INR 2,565.33"
MCH7659,"Bali, Balan and Ramachandran",NA,Book Store,PARTNERSHIP,Dilli,Delhi,10-04-2023,XXXX6852,Live,"Rs. 1,079"
MCH2087,DUBEY-DOCTOR,5999,Miscellaneous,INDIVIDUAL,ASR,Punjab,2025/04/17,0974736100,Enabled,4751.6
MCH4974,Krishna PLC,5699,Fashion,INDIVIDUAL,Kolkata,West Bengal,18/04/2023,3596123048,S,"1,458.56"
MCH 4214,"Mitra, Oak and Keer",5699,Apparel,INDIVIDUAL,Bangalore,Karnataka,12/02/2024,,Enabled,1159.46
MCH8033,Gole Group,5942.0,Book Store,private_limited,Jalandar,Punjab,22-May-2025,3271616033,Active,1372.74
MCH-3649,"  Jain, Sama and Sarma  ",05999,Miscellaneous,PARTNERSHIP,mumbai,Maharashtra,08/06/2025 09:51 PM,XXXX8840,A,₹671.85
MCH7692,Ratti-Patla,MCC-5311,DEPT_STORE,Individual,ASR,Punjab,10-Jul-2025,XXXX7379,A,2270.3
MCH1852,Prabhu Group,5411,Grocery Stores,Individual,Mumbai,Maharashtra,03-31-2024,8479119924,A,INR 786.71
MCH3883,Vohra and Sons,7011,Hotels,INDIVIDUAL,mumbai,Maharashtra,17-Nov-2023,1962011949,Active,-2320.22
MCH5601,Raj-Gopal,7011,Hotels,Private Limited,Jalandhar,Punjab,17/05/2024 10:26 PM,6301334461,Live,
MCH2943,Kuruvilla and Sons,5812,Food,sole_proprietor,Poona,Maharashtra,,2379382640,Live,1517.82
MCH 4936,"Bhalla, Gour and Khare",5411,groceries,INDIVIDUAL,jalandhar,Punjab,14-Oct-2025,0586737361,Enabled,INR 739.83
MCH3451,AMBLE-NAIR,5912,Pharmacy,SOLE-PROPRIETOR,Amritsar,Punjab,10-06-2025,XXXX8569,SUSPENDED,
MCH6433,Bhattacharyya Ltd,4814,TELECOM,PARTNERSHIP,Bengaluru,Karnataka,2024/12/31,NA,INACTIVE,"₹1,248.03"
mch3572,"V0hra, Chander and Padmanabhan",5812,eating place,sole_proprietor,HYDERABAD,Telangana,16/05/2024 11:42 AM,NA,Live,793.52
MCH3388,Prakash Inc,5999.0,Misc Retail,INDIVIDUAL,kolkata,West Bengal,02-14-2024,NA,Closed,"Rs. 1,438"
MCH4182,"More, Sarma and Baria",4814,TELECOM,INDIVIDUAL,Mumbai,Maharashtra,2026/01/01,XXXX3295,Live,4102.61
mch4578,Bedi LLC,5942,Books,Private Limited,kolkata,West Bengal,1701231596,NA,Active,Rs. 360
MCH8200,Rai-Bhargava,5942,Stationery,SOLE-PROPRIETOR,amritsar,Punjab,19-Jul-2023,,Live,-443.44
MCH7954,Sur Inc,7011,Hotels,Private Limited,Hyderabad,Telangana,04/01/2025 10:07 PM,,A,"INR 2,803.00"
MCH8504,gala-bath,,kirana,PRIVATE-LIMITED,Bengaluru,Karnataka,24/05/2023,HUGZ7718103709815,Active,"Rs. 4,220"
9067,Boase-Sule,5942,BOOKS_STATIONERY,Individual,Jalandhar,Punjab,09-06-2025,NA,ACTIVE,"1,045.82"
MCH-8978,TalwarandSons,5942,Stationery,sole_proprietor,MUMBAI,Maharashtra,23/05/2023,,Active,4704.55
mch2712,"RAI, GHOSE AND WADHWA",5411,Grocery,PRIVATE-LIMITED,Amritsar,Punjab,09-30-2023,XXXX9691,Live,"2,957.32"
MCH3642,Prabhu-Pai,5411,groceries,SOLE_PROPRIETOR,Calcutta,West Bengal,11-24-2025,,Enabled,3223.63
MCH8125,Sahni-Ahuja,misc,Department Store,PARTNERSHIP,Hyderabad,Telangana,23/07/2025,,Active,"Rs. 6,045"
MCH9625,tripathi plc,4814,phone service,PRIVATE_LIMITED,Amritsar,Punjab,1726091298,NA,Live,
MCH2269,"dalal, samra and kala",7011,Hotel,sole_proprietor,Pune,Maharashtra,08/10/2025,NA,ACTIVE,-356.96
2885,"Varkey, Goda and Bala",5812,eating place,Private Limited,MUMBAI,Maharashtra,01-23-2023,0317882844,Enabled,4853.92
MCH8955,Sani LLC,7011,Hotel,PRIVATE_LIMITED,Madras,Tamil Nadu,09-26-2023,RSSK2984777812430,ACTIVE,-1833.73
MCH 7095,"Sachdev, Sunder and Dalal",,Book Store,partnership,mumbai,Maharashtra,1752999245,6394590196,Live,"₹3,937.60"
MCH4775,"DIVAN, BUCH AND KUNDA",4814,phone service,sole_proprietor,LKO,Uttar Pradesh,07-07-2025,1956916316,Disabled,562.44
MCH8401,  Pandey PLC  ,,hospitality,partnership,chennai,Tamil Nadu,09-09-2025,0328253862,Active,Rs. 625
MCH5148,"Bose, Ranganathan and Bose",5411,kirana,INDIVIDUAL,Amritsar,Punjab,20/10/2024,,Active,
MCH3616,DUA GROUP,5942,Book Store,PRIVATE-LIMITED,LKO,Uttar Pradesh,24/02/2026 08:51 PM,CYIZ1339742109891,Active,
mch1612,"Andra, Chana and Saha",5812,eating place,sole_proprietor,LKO,Uttar Pradesh,27/10/2025,5702735332,I,655.56
MCH2530,bal-sant,5999,Retail Other,PARTNERSHIP,kolkata,West Bengal,06/08/2023 05:36 PM,XXXX3441,Enabled,372.49
MCH2970,GOLLA-VORA,5699,Apparel,individual,Calcutta,West Bengal,01-Feb-2025,NA,ACTIVE,326.25
MCH5482,"tiwari, jain and hayer",MCC-4131,transprt,sole_proprietor,Chennai,Tamil Nadu,,7104632186,ACTIVE,249.86
MCH-7540,Solanki Inc,5999,miscellaneous,Partnership,jalandhar,Punjab,04/08/2024 07:31 AM,XXXX7550,Active,₹579.73
MCH7058,"Biswas, Arya and Chaudhary",5812,eating place,SOLE_PROPRIETOR,Hyderabad,Telangana,04-09-2023,NA,Active,822.57
MCH2770,"Deep, Ganguly and Solanki",MCC-5699,Clothing,Individual,chennai,Tamil Nadu,31-Jul-2025,,A,Rs. 660
mch1639,"  Borah, Dhaliwal and Morar  ",5999,Misc Retail,PARTNERSHIP,kolkata,West Bengal,14/11/2024 10:51 AM,XXXX3629,A,"Rs. 7,799"
MCH1506,GANDHI-LOKE,5912,Pharmacies,PARTNERSHIP,chennai,Tamil Nadu,13/06/2024 05:59 PM,,Enabled,Rs. 967
MCH4232,sehgal-rama,MCC-5411,GROCERY_STORE,partnership,Kolkata,West Bengal,2023/03/31,XXXX1805,Live,4112.72
MCH2934,Sama PLC,misc,Department Store,INDIVIDUAL,Jalandhar,Punjab,13/10/2023,6130921180,Active,1759.02
MCH5196,Saini Ltd,5311,Retail,PRIVATE_LIMITED,Jalandhar,Punjab,2025/02/23,GPCS2279648422088,Hold,-922.86
mch2845,Narasimhan LLC,5999.0,Other,PARTNERSHIP,Amritsar,Punjab,10-01-2024,2844893176,ACTIVE,"₹5,926.94"
MCH 9134,Edwin-Viswanathan,MCC-5699,garments,Sole Proprietor,jalandhar,Punjab,,,ACTIVE,1602.69
MCH 2772,goyal inc,5942,Books,Individual,delhi,Delhi,1682123155,,INACTIVE,478.58
MCH9896,Dave-Vasa,5311,Retail,Partnership,Poona,Maharashtra,30/09/2023,XXXX8599,Live,"₹3,148.67"
MCH-1070,Pandya PLC,5999,Misc Retail,Private Limited,chennai,Tamil Nadu,03-Sep-2024,NA,A,1259.2
MCH4884,"Reddy, Wason and Magar",04131,Transport,Private Limited,kolkata,West Bengal,16/05/2023,,Closed,"Rs. 2,421"
MCH-6075,"Lad, Menon and Tiwari",4814,Mobile Recharge,PRIVATE-LIMITED,BLR,Karnataka,06/08/2023,3853486592,Live,709.64
mch5489,NATH LTD,5311,Department Stores,INDIVIDUAL,Jaipur,Rajasthan,01-22-2025,XXXX9871,Live,3788.36
mch4101,raval plc,7011.0,Hospitality,INDIVIDUAL,Bengaluru,Karnataka,26-Nov-2023,XXXX6243,ACTIVE,1096.15
MCH5166,Roy-Srinivasan,4814,Mobile Recharge,INDIVIDUAL,bengaluru,Karnataka,24-Sep-2025,NA,Closed,1501.14
mch2492,Chandran Group,5812,Restaurants,partnership,amritsar,Punjab,13-Nov-2023,NA,Enabled,"Rs. 1,360"
MCH2117,Lal Group,NA,Hospitality,Partnership,jaipur,Rajasthan,10-28-2025,NA,ACTIVE,"₹2,615.21"
MCH3628,MITRA LTD,MCC-5699,garments,SOLE_PROPRIETOR,delhi,Delhi,2023/08/05,NA,ACTIVE,3214.64
MCH 9635,Konda-Verma,5942,Book Store,INDIVIDUAL,chennai,Tamil Nadu,10/09/2023,BAID6365865587003,Live,"4,885.39"
MCH3189,De-Kakar,4131.0,transprt,sole_proprietor,Hyderabad,Telangana,2023/07/21,IBQI3951526750314,Suspended,
MCH8107,Ramachandran Ltd,MCC-5999,Retail Other,PARTNERSHIP,Jaipur,Rajasthan,,XXXX9786,Active,
MCH6440,"Rajagopalan,ParsaandRana",5311,Department Store,PARTNERSHIP,Calcutta,West Bengal,,XXXX7920,Active,
MCH3419,"bansal, naidu and baria",5912,Pharmacies,Private Limited,pune,Maharashtra,26-Mar-2024,,Enabled,357.64
MCH4107,Pandey-Sastry,5699,CLOTHS,SOLE-PROPRIETOR,Jalandhar,Punjab,30/09/2025,,I,Rs. 319
mch8255,"Yadav, Goyal and Sem",5699,Fashion,individual,Jalandhar,Punjab,02-Nov-2023,3847429821,A,"₹2,733.83"
MCH4167,BanerjeePLC,5812,FOOD_SERVICES,PRIVATE-LIMITED,Jaipur,Rajasthan,26/10/2023 06:05 AM,0359713913,Live,3120.61
MCH 7977,"Kohli, Vaidya and Nagar",MCC-7011,HOTEL_LODGING,Sole Proprietor,chennai,Tamil Nadu,23/07/2025,PYMW1543762535071,Active,"Rs. 4,790"
MCH8790,Thaman-Singh,MCC-5912,chemist,INDIVIDUAL,Kolkata,West Bengal,04-Feb-2024,,Live,
MCH4397,Tailor-Pandey,5912,chemist,PRIVATE-LIMITED,pune,Maharashtra,24/10/2024,,Active,
MCH1971,Khanna and Sons,MCC-4814,TELECOM,PARTNERSHIP,Mumbai,Maharashtra,2026/02/06,XXXX1386,Active,2326.17
MCH8241,Bhasin and Sons,5999,Retail Other,private_limited,jaipur,Rajasthan,28/07/2025 07:43 AM,,ACTIVE,₹509.62
mch2042,"Rai, Das and Bava",MCC-5311,Retail,PARTNERSHIP,Pune,Maharashtra,17-Dec-2023,ZYCY1593553139876,ACTIVE,1564.88
MCH5656,Sen-Dube,5942,BOOKS_STATIONERY,partnership,Poona,Maharashtra,05-03-2024,XTPH3643560347441,Inactive,1139.41
MCH8439,Bala and Sons,5912,Pharmacies,INDIVIDUAL,jalandhar,Punjab,14/09/2024,NA,Live,"INR 1,591.75"
MCH8624,Kannan-Mital,5912,Pharmacy,SOLE_PROPRIETOR,Pune,Maharashtra,20/05/2023,BFXZ1340418444371,A,1202.33
MCH7363,Babu-Acharya,5999,Misc Retail,Sole Proprietor,kolkata,West Bengal,1709453646,,ACTIVE,1983.77
MCH5045,More-Doctor,,DEPT_STORE,individual,Bangalore,Karnataka,1757973859,NA,Suspended,₹145.75
MCH 4708,Loke-Ganesan,5999,miscellaneous,sole_proprietor,Jalandar,Punjab,22/02/2024 07:47 PM,,Active,1266.56
MCH6462,"Vaidya, Kunda and Bhavsar",MCC-5311,Retail,PRIVATE-LIMITED,Lucknow,Uttar Pradesh,19/12/2025,5665285252,Active,1652.23
mch2425,SURI-KURIAN,05411,Grocery,partnership,ludhiana,Punjab,2023-06-06 04:11:03,,Live,1800.35
MCH8154,  Yohannan PLC  ,,Bus/Taxi,SOLE_PROPRIETOR,Jalandhar,Punjab,26/06/2023,,S,998.6
MCH2309,"bajaj, chakraborty and malhotra",5311,DEPT_STORE,INDIVIDUAL,amritsar,Punjab,2026-01-24 07:59:49,RUZB5463334435942,ACTIVE,355.13
MCH1828,Mohanty-Gole,05999,Retail Other,SOLE-PROPRIETOR,Calcutta,West Bengal,04-21-2024,IQWO0971212362898,INACTIVE,INR 408.75
MCH6418,  Doctor Ltd  ,7011,Hotels,SOLE_PROPRIETOR,Jalandhar,Punjab,,NA,Active,1362.45
MCH8035,"Munshi, Mani and Taneja",5999,Retail Other,individual,Mumbay,Maharashtra,08-Feb-2025,5547624355,Live,
MCH2016,"Amble, Yadav and Dube",5999,Retail Other,PARTNERSHIP,kolkata,West Bengal,18/03/2025,XXXX3614,Hold,10324.69
MCH 5479,"Mukherjee, Nazareth and Palla",5812,Restaurants,SOLE-PROPRIETOR,ludhiana,Punjab,19/02/2024,XXXX2442,Enabled,
MCH3460,CHAND-BORA,5411,Grocery Stores,INDIVIDUAL,Calcutta,West Bengal,2025-02-05 10:51:56,,A,
MCH4889,Bhatti-Kapoor,5999,Misc Retail,INDIVIDUAL,Jalandhar,Punjab,26/01/2025,,Enabled,"INR 2,464.23"
MCH2504,"PAU, MODY AND DORA",5912.0,Pharmacy,PRIVATE-LIMITED,MUMBAI,Maharashtra,2023/04/08,XXXX3089,INACTIVE,
MCH1250,BHARDWAJ-WABLE,4131,Bus/Taxi,PRIVATE-LIMITED,Pune,Maharashtra,04/11/2025 10:39 AM,,Enabled,Rs. 515
MCH1155,Sha LLC,4131,Transportation,Sole Proprietor,Amritsar,Punjab,08/03/2024,NA,Disabled,"₹1,753.08"
MCH2229,"Kala, Baral and Subramanian",5311,DEPT_STORE,PRIVATE_LIMITED,MUMBAI,Maharashtra,21/12/2025,NA,Enabled,Rs. 577
MCH 2149,"Doctor, Varughese and Hans",5942,Stationery,INDIVIDUAL,bengaluru,Karnataka,07-May-2025,XXXX2634,A,"₹3,778.33"
MCH4536,Gulati and Sons,5311,Retail,INDIVIDUAL,Dilli,Delhi,1733507295,NA,ACTIVE,951.8
MCH1219,Khare-Puri,05812,FOOD_SERVICES,partnership,Amritsar,Punjab,21/11/2024,,Live,"Rs. 2,174"
mch9068,Halder PLC,5699,Apparel,PRIVATE-LIMITED,Jalandhar,Punjab,08-Oct-2023,3161253540,ACTIVE,5193.72
MCH5396,MANDA-SETH,4131,Transportation,Sole Proprietor,Delhi,Delhi,2023/01/11,,ACTIVE,₹439.03
MCH9661,Ramanathan Group,7011,Hospitality,Individual,Mumbay,Maharashtra,2023-11-10 08:09:50,NA,A,735.62
MCH1993,DHALIWAL PLC,4814,TELECOM,Sole Proprietor,Amritsar,Punjab,,8690977818,Active,INR 428.65
MCH6565,Parmer-Datta,4814,Mobile Recharge,SOLE_PROPRIETOR,Hyd,Telangana,28-Jul-2023,XXXX1044,ACTIVE,"2,464.68"
MCH1501,Anand-Bhatt,04814,Telecom,PARTNERSHIP,Hyderabad,Telangana,2025/11/07,XXXX2933,Active,"₹4,185.60"
MCH2959,Kanda LLC,5812.0,Food,PRIVATE_LIMITED,Kolkata,West Bengal,08/10/2023,,Live,"INR 6,588.76"
MCH5362,"kunda, tiwari and nagi",5912,Medical,PRIVATE_LIMITED,JPR,Rajasthan,1723236278,,ACTIVE,1922.99
MCH2990,Rout and Sons,MCC-7011,Hotel,Sole Proprietor,Ludhiana,Punjab,2025/08/30,XXXX7294,A,"INR 1,050.53"
MCH8060,"Bal, Garde and Puri",MCC-5699,Apparel,PRIVATE_LIMITED,kolkata,West Bengal,2024/12/06,XXXX9739,Active,"1,604.68"
MCH-5775,SRINIVAS LTD,05311,Department Store,INDIVIDUAL,kolkata,West Bengal,1761994211,AIEV2153769743983,Enabled,"INR 7,152.05"
MCH7093,Pai-Pau,7011,Hotel,individual,MUMBAI,Maharashtra,2025-03-19 11:49:49,,Suspended,1636.89
MCH1995,"Mand, Halder and Rajagopalan",5942,Books,PARTNERSHIP,Jaipur,Rajasthan,2024/04/04,COIS3057851068966,Disabled,158.78
mch9882,  Joshi PLC  ,04814,Mobile Recharge,sole_proprietor,JPR,Rajasthan,,,Enabled,INR 320.23
MCH4948,Dass-Dhaliwal,05812,Restaurants,Partnership,Jalandhar,Punjab,25/06/2024,XXXX1800,Active,-1356.31
MCH3207,"Gala, Khatri and Khalsa",5912,chemist,partnership,amritsar,Punjab,2024/04/23,7398854821,A,INR 929.51
MCH4713,Sura-Boase,,Clothing,sole_proprietor,amritsar,Punjab,12/04/2023,NA,Active,1694.6
MCH3535,Kaur LLC,7011,Hotels,individual,ludhiana,Punjab,2023-04-22 12:53:03,XXXX4614,Enabled,438.79
mch9601,JOSHI-CHAUHAN,4131,Bus/Taxi,PRIVATE_LIMITED,Bangalore,Karnataka,05-Oct-2023,GXDF2258830455225,A,"₹1,949.42"
MCH1833,"Bhatnagar, Bhavsar and Iyengar",4131,Transportation,Partnership,Bombay,Maharashtra,24/06/2023,XXXX4268,ACTIVE,"2,843.21"
MCH 5444,PRADHAN-NAIR,5999,Other,SOLE-PROPRIETOR,lucknow,Uttar Pradesh,27-Jul-2024,7036093641,A,Rs. 372
MCH-3846,  Khanna-Badal  ,5311,Retail,Private Limited,delhi,Delhi,18/04/2025 09:01 PM,9124984839,A,3521.78
MCH-5881,Sengupta-Bhat,,Pharmacy,sole_proprietor,Kolkata,West Bengal,1765924253,XXXX8685,Live,"1,381.95"
MCH5113,Mani-Buch,5699,CLOTHS,partnership,pune,Maharashtra,11/04/2025 10:11 PM,XXXX7200,ACTIVE,"₹2,132.66"
mch9393,SUBRAMANIAN LLC,7011.0,Hotel,INDIVIDUAL,Bangalore,Karnataka,10-Jan-2025,CNXK7674132644684,A,"INR 1,268.96"
MCH5538,Barad-Nigam,,Telecom,Partnership,pune,Maharashtra,2025/01/10,NA,Live,2223.97
MCH5588,Divan-Yohannan,04131,transprt,individual,HYDERABAD,Telangana,,,Live,Rs. 203
MCH5383,ray-dara,7011.0,Hospitality,PRIVATE_LIMITED,Dilli,Delhi,11/04/2025,8306637821,A,"Rs. 2,541"
MCH5271,Choudhary-Chaudhry,5812,FOOD_SERVICES,PARTNERSHIP,LDH,Punjab,30/11/2025,1480455412,Live,-605.6
MCH1089,"Mann, Edwin and Misra",05411,kirana,Individual,jaipur,Rajasthan,,7489263549,ACTIVE,Rs. 678
MCH8033,Murty-Grover,misc,Misc Retail,PARTNERSHIP,amritsar,Punjab,06-Nov-2024,VUQA2025298324084,ACTIVE,"Rs. 2,125"
MCH-9636,KIBE-MAGAR,5699,CLOTHS,INDIVIDUAL,Bengaluru,Karnataka,1692610555,SSYN5165458216497,Active,-1341.04
MCH2838,"Goel, Chand and Pai",5999,Retail Other,Partnership,Poona,Maharashtra,2024/12/28,NA,A,-1086.22
MCH2128,Ghosh-Sharaf,5812,FOOD_SERVICES,Partnership,amritsar,Punjab,21-Dec-2023,6688236722,Live,3157.17
MCH3577,"Ratta, Mane and Kapadia",5812.0,Restaurant,Individual,Amritsar,Punjab,,XXXX9384,Enabled,1820.36
MCH6578,"Varty, Mutti and Banik",,Books,Sole Proprietor,LKO,Uttar Pradesh,21/01/2025 04:22 AM,,S,1771.19
MCH2708,"Mand, Zacharia and Vora",04131,TRAVEL,Sole Proprietor,Madras,Tamil Nadu,20/01/2026,XXXX2440,Enabled,363.56
MCH-3793,"Sankar, Parsa and Shere",7011,Hospitality,SOLE_PROPRIETOR,Ludhiana,Punjab,03-30-2025,3431564371,Live,6906.85
MCH7620,narain-balasubramanian,5942,Books,Private Limited,Chennai,Tamil Nadu,02-14-2025,2629867303,A,"₹2,086.10"
MCH4448,Gara and Sons,5999,Miscellaneous,INDIVIDUAL,Madras,Tamil Nadu,09-24-2025,XXXX6028,SUSPENDED,"₹1,524.31"
MCH-8746,  Kari Inc  ,5912,MEDICAL_STORE,partnership,pune,Maharashtra,11/10/2024 07:16 AM,XXXX5648,Live,
MCH-3616,"  Comar, Munshi and Kakar  ",5311,Department Stores,private_limited,ASR,Punjab,09-07-2023,NA,A,₹377.75
MCH5648,Jain-Bera,5912,chemist,Sole Proprietor,Ludhiana,Punjab,,NA,Inactive,"₹1,745.30"
MCH1377,"TANEJA, DIN AND KAUL",5812,eating place,SOLE_PROPRIETOR,Dilli,Delhi,2025-10-05 09:00:44,QWQZ7332733729369,Live,767.08
MCH 3155,Agarwal Ltd,5311,DEPT_STORE,PARTNERSHIP,Madras,Tamil Nadu,2023-11-23 15:28:55,,Enabled,1414.89
MCH5531,"Dhingra, Sangha and Sidhu",5411,Grocery,partnership,Mumbay,Maharashtra,2025/04/25,0878189587,I,-414.79
MCH8453,"Jaggi, Saxena and Ratta",5411,Grocery,partnership,amritsar,Punjab,19/11/2023,,ACTIVE,599.17
MCH-2090,Upadhyay PLC,5812.0,eating place,SOLE-PROPRIETOR,Dilli,Delhi,2026-01-05 04:15:56,KZDI9850791739312,Enabled,439.31
MCH3189,Kapoor-Hegde,05411,GROCERY_STORE,partnership,HYDERABAD,Telangana,1675223974,XXXX4992,Active,"₹3,153.88"
MCH9957,"Chatterjee, Goda and Saraf",4814,TELECOM,SOLE_PROPRIETOR,Ludhiana,Punjab,2025-05-10 05:24:35,XXXX6546,Enabled,533.81
MCH-1654,More PLC,5999,Retail Other,INDIVIDUAL,bengaluru,Karnataka,18-Feb-2025,,A,"INR 2,598.19"
5606,"Hayer, Mukherjee and Kohli",5812,eating place,partnership,Kolkata,West Bengal,16/06/2023,NA,ACTIVE,"Rs. 1,765"
1077,Taneja-Nagar,5411,kirana,Individual,ASR,Punjab,27/02/2026,QQWI6101172213624,ACTIVE,358.21
MCH8768,"GARDE, MOHAN AND SRIDHAR",5311,DEPT_STORE,INDIVIDUAL,Calcutta,West Bengal,12/05/2024,,SUSPENDED,"INR 1,569.36"
MCH 3577,"dhawan, bobal and vala",NA,BOOKS_STATIONERY,SOLE-PROPRIETOR,Lucknow,Uttar Pradesh,2025-01-26 18:18:18,VJHP2127047917402,A,
mch1986,Vaidya-Roy,5699,Clothing,INDIVIDUAL,Bengaluru,Karnataka,19/01/2026,,Active,1981.5
MCH7731,"Issac, Muni and Natt",,Book Store,individual,HYDERABAD,Telangana,,XXXX4637,ACTIVE,₹236.08
MCH 8341,Jha Ltd,4814,TELECOM,private_limited,Madras,Tamil Nadu,2023-02-07 18:23:55,XXXX7449,Live,"INR 2,211.95"
MCH9131,"Arya, Narang and Maharaj",7011,HOTEL_LODGING,individual,JPR,Rajasthan,19/04/2024 05:10 AM,NA,Active,"₹6,588.75"
MCH9820,"Rai, Saha and Lalla",7011,HOTEL_LODGING,INDIVIDUAL,ASR,Punjab,13/10/2024,,A,"Rs. 3,129"
MCH7237,Reddy-Majumdar,UNKNOWN,Restaurants,Partnership,Dilli,Delhi,12-13-2024,,Live,₹987.48
1249,"Varkey, Kulkarni and More",05311,Retail,SOLE-PROPRIETOR,BLR,Karnataka,2023-07-26 21:44:19,NA,Live,1049.44
MCH 8332,"Sethi, Buch and Sachdeva",7011.0,Hospitality,INDIVIDUAL,Hyderabad,Telangana,04-May-2025,,ACTIVE,"1,666.61"
MCH7313,Sarma LLC,4131,Transport,individual,Kolkata,West Bengal,07-04-2025,XXXX9480,Blocked,1073.87
MCH6838,Wali-Nair,5912,chemist,Private Limited,DELHI,Delhi,11-12-2023,3622849709,Live,1461.29
MCH8073,Prabhakar-B0ra,5942,Stationery,SOLE-PROPRIETOR,kolkata,West Bengal,1735251458,,Active,
MCH6025,Rege-Bali,MCC-4131,transportation,Individual,Bengaluru,Karnataka,21-Apr-2025,XXXX0320,Suspended,"INR 2,516.42"
MCH-7233,Arora LLC,5699,Apparel,Individual,ludhiana,Punjab,2025/10/11,1141889916,Enabled,"INR 2,703.60"
MCH4551,SURA GROUP,5699,Apparel,SOLE_PROPRIETOR,jalandhar,Punjab,06/01/2023,XXXX0235,Enabled,"3,287.63"
mch8854,Sabharwal-Mitter,NA,HOTEL_LODGING,SOLE_PROPRIETOR,jaipur,Rajasthan,2023-12-01 17:23:56,,Active,"INR 1,003.79"
MCH4322,Mane PLC,7011,Hotels,Individual,Lucknow,Uttar Pradesh,12-Oct-2023,NA,ACTIVE,"Rs. 1,793"
mch4185,Nath-Chaudhuri,4814,TELECOM,private_limited,jaipur,Rajasthan,14/08/2024,EQFV9212095030396,Active,₹587.44
MCH7121,"narasimhan, anand and gaba",MCC-5999,Other,PRIVATE_LIMITED,Pune,Maharashtra,25/07/2025 09:18 PM,,Active,"Rs. 2,139"
MCH4349,Atwal-Sura,misc,BOOKS_STATIONERY,SOLE-PROPRIETOR,Pune,Maharashtra,2025/12/21,ZQKH6444366746348,A,463.78
MCH8039,"Kibe,BrahmbhattandJaggi",05699,CLOTHS,sole_proprietor,pune,Maharashtra,2024/10/28,,Live,"₹2,282.53"
MCH5641,"Kant, Raju and Sandal",5999,Miscellaneous,PARTNERSHIP,Poona,Maharashtra,30-May-2025,XXXX4214,INACTIVE,"INR 2,474.31"
MCH4863,GILL PLC,5812,Food,individual,Hyd,Telangana,01/07/2024,5619003847,Live,552.87
MCH7948,  Sachdeva-Buch  ,5311,Department Stores,PARTNERSHIP,Mumbai,Maharashtra,03-Jul-2025,XXXX0532,Enabled,656.76
MCH2029,  Bhalla-Brahmbhatt  ,05999,Misc Retail,sole_proprietor,Jalandar,Punjab,2023-06-20 12:29:06,,A,276.02
MCH7746,suresh-atwal,5942,Stationery,Sole Proprietor,ASR,Punjab,2023/08/28,XXXX1031,INACTIVE,"Rs. 4,023"
MCH7233,Kamdar-Bhakta,5411,groceries,Private Limited,Calcutta,West Bengal,1709933886,NA,ACTIVE,
MCH-2030,Singh-Banerjee,4131,Transport,Individual,LDH,Punjab,25/02/2023,NA,Active,"Rs. 3,976"
MCH5622,Solanki and Sons,5942,Books,Individual,Bengaluru,Karnataka,13-Aug-2023,4391498742,Live,252.61
MCH1812,Om PLC,5812,Restaurants,SOLE-PROPRIETOR,amritsar,Punjab,2024-11-26 18:01:01,NA,Live,"₹2,079.98"
MCH8654,Bhavsar-Subramanian,misc,Grocery,individual,MUMBAI,Maharashtra,15/12/2025,NA,ACTIVE,₹714.58
mch5794,Gulati and Sons,5999,Other,PRIVATE_LIMITED,BLR,Karnataka,2024-07-18 15:31:05,,Active,₹614.67
MCH3874,"Dora,DeshpandeandSeth",,phone service,private_limited,Jalandar,Punjab,18/05/2024 12:12 AM,XXXX2093,ACTIVE,"INR 1,119.69"
MCH9316,Bandi Ltd,05411,kirana,SOLE_PROPRIETOR,Ludhiana,Punjab,08-21-2025,9331997992,A,1198.18
MCH2830,"Joshi,ChaudhariandToor",5411,Grocery Stores,Individual,Bangalore,Karnataka,15/04/2023 02:55 PM,,Active,Rs. 756
MCH 4737,"Aurora, Mallick and Dugar",5942.0,Stationery,INDIVIDUAL,Jalandar,Punjab,08-27-2024,XXXX5003,Disabled,Rs. 489
MCH9049,"Badami, Pathak and Murty",5912,Pharmacy,partnership,pune,Maharashtra,03-10-2023,XXXX1304,Active,-2072.82
MCH9529,Dubey Inc,4814,Mobile Recharge,PRIVATE-LIMITED,Pune,Maharashtra,26-Apr-2024,XXXX3556,ACTIVE,"Rs. 1,801"
MCH5652,"Borde, Bhasin and Dua",5411,groceries,INDIVIDUAL,mumbai,Maharashtra,2023/12/10,XXXX7597,Active,-669.05
MCH5736,Agate LLC,MCC-4131,transprt,SOLE-PROPRIETOR,delhi,Delhi,16-Apr-2023,XXXX7731,A,"₹3,557.14"
MCH1334,"KALITA, SARRAF AND BHARDWAJ",5999,Retail Other,individual,Bangalore,Karnataka,09-28-2025,RPOB8162410396498,Live,"₹1,780.83"
mch6972,Badal-Kamdar,MCC-7011,Hotels,PRIVATE-LIMITED,pune,Maharashtra,1703083788,NA,Enabled,"INR 1,516.57"
MCH1976,"MUTTI, SASTRY AND JHA",5942,Stationery,private_limited,Amritsar,Punjab,08/04/2023,,Enabled,2928.73
MCH2360,Bhakta-Nazareth,5942,Stationery,Private Limited,JPR,Rajasthan,21/06/2024,,I,755.69
MCH 9531,lad ltd,5411,kirana,PRIVATE-LIMITED,ludhiana,Punjab,02-Dec-2025,CDSZ2178272638566,S,545.56
MCH 5253,  Balakrishnan PLC  ,5912.0,chemist,sole_proprietor,Mumbai,Maharashtra,2025-07-23 10:23:07,3588777363,Enabled,
MCH8138,deol and sons,5812,Food,PARTNERSHIP,chennai,Tamil Nadu,23/07/2023 02:47 PM,NA,Enabled,"1,238.62"
MCH 2836,RAI AND SONS,05912,Pharmacy,PRIVATE-LIMITED,chennai,Tamil Nadu,1721046539,XXXX2773,I,3262.99
MCH4918,GANESH INC,misc,Hotel,individual,lucknow,Uttar Pradesh,2023/12/09,XXXX3579,A,651.04
MCH 2169,"  Yogi, Bhakta and Suresh  ",5812,Food,PRIVATE-LIMITED,Hyderabad,Telangana,25/04/2023 08:08 AM,XXXX3751,ACTIVE,"5,225.51"
mch3536,Shankar Group,05942,Books,Partnership,Kolkata,West Bengal,2024-11-03 17:18:07,,Active,"1,640.82"
mch9107,"Devi, Chhabra and Sharaf",5699.0,garments,sole_proprietor,pune,Maharashtra,2026-02-22 08:24:38,5670845997,Enabled,Rs. 637
MCH2099,  Atwal Group  ,UNKNOWN,Apparel,partnership,Bombay,Maharashtra,23/10/2025 08:48 PM,XXXX7789,ACTIVE,245.52
MCH 7556,Hayer-Saini,5942,Books,INDIVIDUAL,Chennai,Tamil Nadu,24/01/2024 08:09 PM,,Live,
MCH1285,hayer plc,5912,Medical,individual,BLR,Karnataka,1695539732,,A,INR 436.70
MCH 4729,"Karpe, Dhaliwal and Subramanian",7011,Hotel,partnership,Amritsar,Punjab,14-Jan-2024,XMOP1907956771131,Active,2525.97
MCH9088,Bhardwaj-Bala,5999,Miscellaneous,PARTNERSHIP,Madras,Tamil Nadu,06-26-2025,UMVD8641404072198,Active,"Rs. 4,130"
MCH4435,"Shere, Jain and Luthra",5999,Retail Other,PRIVATE-LIMITED,Chennai,Tamil Nadu,23/06/2024,PJOC4178398535690,Enabled,Rs. 894
MCH6024,"Saran, Sinha and Barman",5812,Restaurants,SOLE-PROPRIETOR,Jalandhar,Punjab,18/01/2026 12:39 AM,XXXX8830,Live,"1,185.95"
MCH5112,"Agate, Atwal and Yohannan",5311,Department Store,Private Limited,ludhiana,Punjab,2023-06-27 18:52:54,JBYC7644035129509,Inactive,669.14
MCH9992,Rajagopalan PLC,07011,hotel_lodging,Sole Proprietor,Bengaluru,Karnataka,07-Feb-2024,5652803993,Active,₹577.93
MCH4538,Lad Ltd,5699,Fashion,Private Limited,New Delhi,Delhi,30/12/2023 08:20 AM,,Enabled,449.90
MCH8987,Mander LLC,5942,Stationery,PRIVATE-LIMITED,Pune,Maharashtra,02-Feb-2024,7115831556,ACTIVE,881.75
MCH-2044,"Upadhyay, Kapoor and Nazareth",7011,Hospitality,Individual,LKO,Uttar Pradesh,1672621135,3913922043,Active,INR 368.05
MCH5414,bhandari ltd,07011,Hotel,PRIVATE_LIMITED,DELHI,Delhi,03-26-2025,VQLO7234241275182,A,155.88
MCH8546,jani plc,5311,Department Store,Partnership,Calcutta,West Bengal,09-21-2024,NA,A,"1,691.74"
MCH 7773,Nath-Parikh,5699,garments,individual,JPR,Rajasthan,08/09/2025 12:42 PM,XXXX0128,Enabled,544.16
MCH5171,"pandya, bawa and kibe",4131,Transportation,Partnership,JPR,Rajasthan,2024/11/18,XXXX5385,Active,"₹1,895.53"
MCH7631,Chawla-Ganesh,4131,TRAVEL,Individual,Pune,Maharashtra,12/07/2023,1532003029,Active,6757.26
MCH7902,deol inc,4131,Bus/Taxi,PARTNERSHIP,Ludhiana,Punjab,07-05-2025,NA,Active,-2892.53
MCH4136,SEHGAL PLC,5699,garments,PARTNERSHIP,MUMBAI,Maharashtra,30-Jul-2024,NA,Enabled,"2,564.97"
MCH4790,date plc,,Hotel,Individual,amritsar,Punjab,1765447905,XXXX3526,Suspended,Rs. 199
MCH2035,HORA-GROVER,MCC-4131,Transportation,Sole Proprietor,New Delhi,Delhi,2026-01-07 09:43:17,NA,Enabled,212.97
MCH7806,"Sahni, Bhavsar and Kaul",,Transport,private_limited,HYDERABAD,Telangana,04-17-2023,XXXX2487,Live,1046.19
MCH7993,Garde Inc,4814,TELECOM,partnership,Kolkata,West Bengal,04-23-2023,4099690978,Live,"Rs. 1,024"
MCH5551,Narain-Goda,5699,Fashion,Private Limited,mumbai,Maharashtra,09/01/2026,,Live,₹817.05
MCH-6776,"Bhat, Hans and Maharaj",5812,Food,individual,Ludhiana,Punjab,1726609970,XXXX5302,Disabled,Rs. 699
5984,acharya-badal,5999,other,Sole Proprietor,kolkata,West Bengal,03/01/2023,NA,Inactive,Rs. 515
MCH3885,  Thakur Inc  ,4131,transprt,Private Limited,Madras,Tamil Nadu,,8680968188,ACTIVE,618.81
MCH4577,"Atwal, Sura and Bhatti",5812,restaurant,PARTNERSHIP,Hyd,Telangana,03/01/2026 06:58 PM,PWDW0230553443063,Suspended,316.90
mch1710,"Tara, Dash and Pau",5912.0,Pharmacies,PARTNERSHIP,lucknow,Uttar Pradesh,26/02/2026,NA,Enabled,804.19
MCH3956,Kota Ltd,5311,Department Store,PRIVATE_LIMITED,HYDERABAD,Telangana,2023/11/14,NA,Active,656.81
MCH2205,narayan plc,4131,Bus/Taxi,Partnership,HYDERABAD,Telangana,2023-03-16 14:24:12,,ACTIVE,2136.03
mch4540,Nadig LLC,05699,garments,PARTNERSHIP,MUMBAI,Maharashtra,03/02/2024 06:04 PM,,Live,"Rs. 7,331"
mch4089,Mistry and Sons,5411.0,GROCERY_STORE,sole_proprietor,MUMBAI,Maharashtra,20-Jul-2024,FZNP2052339077080,Live,"INR 1,563.22"
MCH 8220,sarkar plc,5411.0,kirana,Private Limited,Poona,Maharashtra,11-Jun-2024,,Active,142.34
MCH2993,"Dube, Yadav and Konda",5942,Stationery,Individual,Jaipur,Rajasthan,14/07/2025,WWQW1736251351915,A,"INR 2,422.76"
mch6061,Kaur LLC,5912,Medical,INDIVIDUAL,Chennai,Tamil Nadu,20-Dec-2025,PCHM7779378281911,ACTIVE,1323.16
MCH5847,"Kar, Gupta and Choudhry",7011,HOTEL_LODGING,Sole Proprietor,Kolkata,West Bengal,2023/05/20,8964900216,A,-4487.3
mch7439,Jayaraman PLC,7011.0,Hospitality,private_limited,kolkata,West Bengal,07/04/2024 01:32 PM,NA,Enabled,"7,697.49"
MCH9977,Mohanty-Desai,4814,Telecom,SOLE_PROPRIETOR,Mumbai,Maharashtra,13-Feb-2023,0069594001,A,845.52
MCH5777,Dubey and Sons,5999,Retail Other,Individual,Bangalore,Karnataka,01/12/2025 07:34 PM,,INACTIVE,4320.83
MCH1856,Baria-Balay,5311,DEPT_STORE,sole_proprietor,Lucknow,Uttar Pradesh,26/12/2023 03:21 PM,XXXX1618,Enabled,2071.73
MCH6223,Ramanathan-Dhingra,4131,TRAVEL,INDIVIDUAL,Lucknow,Uttar Pradesh,10-03-2023,4296850394,Active,Rs. 306
MCH1816,Kohli-Hans,7011,HOTEL_LODGING,INDIVIDUAL,Kolkata,West Bengal,01-22-2025,NA,Enabled,Rs. 487
MCH8527,  Tella-Mani  ,MCC-5912,Pharmacy,Partnership,LDH,Punjab,09/11/2025,,Live,
mch1304,sama ltd,05912,MEDICAL_STORE,INDIVIDUAL,bengaluru,Karnataka,02-27-2024,9710613459,ACTIVE,4095.57
MCH9279,Choudhury LLC,5411,Grocery Stores,SOLE_PROPRIETOR,Kolkata,West Bengal,18/11/2024,0970198759,Live,₹644.81
MCH3037,Gokhale PLC,5411,grocery,PARTNERSHIP,Calcutta,West Bengal,2024/12/13,XXXX1304,Hold,1146.48
MCH8876,Narayanan and Sons,5942,Stationery,Individual,BLR,Karnataka,12-10-2025,XXXX5207,INACTIVE,"INR 2,065.28"
MCH1599,RASTOGI-KUMER,5311,Department Store,PARTNERSHIP,jalandhar,Punjab,25/12/2025,EEOR2299289390848,A,₹361.82
MCH5823,Sen LLC,4814,phone service,sole_proprietor,pune,Maharashtra,30/08/2024 01:05 AM,,A,"7,119.48"
MCH-9847,"Krish, Rau and Parsa",05999,Retail Other,Private Limited,kolkata,West Bengal,2024/12/26,,Active,"₹1,027.86"
mch6336,"Kunda, Kumar and Gulati",,transprt,Private Limited,chennai,Tamil Nadu,16/03/2024 04:19 PM,XXXX8337,Enabled,772.78
MCH7910,Shenoy LLC,5812,FOOD_SERVICES,partnership,Hyd,Telangana,03-25-2024,5996954160,I,INR 741.50
MCH3510,  Sankaran Inc  ,5699,Apparel,individual,Hyderabad,Telangana,2026/02/18,9848495819,INACTIVE,"Rs. 2,317"
MCH6305,"Chakraborty,HansandSahota",4131,Transport,INDIVIDUAL,MUMBAI,Maharashtra,2025/10/20,,Active,1075.82
MCH 4024,Choudhury Ltd,5999,Misc Retail,Individual,Ludhiana,Punjab,28/03/2025,XSWD9540302475782,ACTIVE,-2449.8
mch2266,Natarajan and Sons,5912,chemist,INDIVIDUAL,Chennai,Tamil Nadu,1744854815,NABB6271790214696,ACTIVE,447.78
MCH1696,Rai and Sons,,Department Stores,Individual,Jaipur,Rajasthan,1682378909,,Active,2898.12
MCH6680,Vaidya-Agrawal,5999,Misc Retail,PARTNERSHIP,New Delhi,Delhi,28/05/2025,,Enabled,
MCH-4856,Aurora Ltd,4814,phone service,sole_proprietor,jaipur,Rajasthan,13/05/2024 09:42 PM,ECWU8427158374985,INACTIVE,"₹3,394.14"
MCH3325,Varty-Vig,5912,pharmacy,PARTNERSHIP,kolkata,West Bengal,2023/10/29,XXXX1753,Suspended,"Rs. 4,212"
MCH4126,Sen Group,5699,Apparel,Individual,jaipur,Rajasthan,08-Jun-2023,NA,ACTIVE,236.05
MCH9736,sant plc,7011,HOTEL_LODGING,sole_proprietor,LKO,Uttar Pradesh,2024/12/07,4147851928,Active,1081.26
6590,HandaInc,5699,Fashion,INDIVIDUAL,kolkata,West Bengal,07/04/2024,IRLC4441881574347,A,2071.46
MCH3612,Kala Inc,5812,Restaurant,SOLE-PROPRIETOR,MUMBAI,Maharashtra,17/08/2025 02:43 AM,GCWT7054433892701,Enabled,Rs. 577
MCH9835,MANDA INC,5912,Pharmacy,Individual,Calcutta,West Bengal,22/10/2024,,Active,₹293.75
MCH4888,chanda and sons,5912,MEDICAL_STORE,SOLE_PROPRIETOR,kolkata,West Bengal,14/08/2023,,Enabled,2635.13
MCH7885,Vaidya-Bhatt,5411,Grocery Stores,sole_proprietor,lucknow,Uttar Pradesh,25/08/2025 08:23 AM,,Enabled,648.72
MCH7280,"Sathe, Shan and Oommen",5411,groceries,INDIVIDUAL,Ludhiana,Punjab,10-21-2025,XXXX0221,Live,INR 466.99
MCH2713,Dayal Group,5699,Fashion,INDIVIDUAL,Poona,Maharashtra,10/08/2024,1734751668,Hold,"₹1,199.07"
MCH5500,"Dubey, Tandon and Batta",4814,TELECOM,Sole Proprietor,Lucknow,Uttar Pradesh,06-Jun-2024,8963304371,Live,2211.38
MCH8840,Chatterjee and Sons,5311.0,Retail,individual,pune,Maharashtra,26/09/2024 02:57 AM,,Enabled,1208.62
MCH9398,"Suresh, Khosla and Kadakia",,HOTEL_LODGING,SOLE-PROPRIETOR,Bengaluru,Karnataka,,XXXX1590,Enabled,1404.91
MCH1328,Buch and Sons,MCC-7011,Hotels,SOLE_PROPRIETOR,Chennai,Tamil Nadu,03-28-2025,JVTH6188797527471,Enabled,Rs. 711
mch1469,"CHOUDHURY, JANI AND RAMASWAMY",5942,Books,sole_proprietor,BLR,Karnataka,03-28-2025,XXXX9996,Enabled,Rs. 416
MCH9081,Patil-Hans,4814,phone service,Individual,mumbai,Maharashtra,2025-06-12 12:49:19,8795015116,Live,
MCH9947,Sarkar Ltd,5311,Department Stores,INDIVIDUAL,Ludhiana,Punjab,25-Jun-2023,GOFP4316530582610,A,
mch6984,wadhwa llc,5411,Grocery Stores,individual,pune,Maharashtra,01-23-2025,3976512741,Active,INR 542.76
MCH 9192,gandhi llc,5912,Pharmacies,INDIVIDUAL,jaipur,Rajasthan,01-Mar-2025,,Active,1758.06
MCH 5555,"Banerjee, Kurian and Tara",4814,TELECOM,sole_proprietor,jalandhar,Punjab,05-21-2025,,Live,
MCH2676,Subramanian Inc,MCC-5912,MEDICAL_STORE,PARTNERSHIP,Calcutta,West Bengal,01/04/2025,2515678335,ACTIVE,1679.3
MCH4573,"Edwin, Manda and Biswas",,Pharmacy,Sole Proprietor,pune,Maharashtra,28/02/2025 02:41 PM,3049901910,Live,2824.05
MCH2851,Ben Ltd,4131,Transport,SOLE_PROPRIETOR,Lucknow,Uttar Pradesh,24/06/2023 10:58 AM,,Live,Rs. 784
MCH7589,"Parekh, Dugal and Bumb",MCC-4131,Transportation,PRIVATE-LIMITED,pune,Maharashtra,17/01/2025,1086489702,ACTIVE,437.44
MCH7314,Mahajan-B0rde,5999,retail other,partnership,lucknow,Uttar Pradesh,1672912430,3772469001,ACTIVE,"Rs. 1,003"
MCH9397,Ramaswamy-Goel,5411,groceries,PRIVATE-LIMITED,jalandhar,Punjab,20/12/2025 01:06 AM,3711511693,Enabled,"Rs. 1,519"
MCH8125,"NADIG, ARORA AND RAJ",5411.0,GROCERY_STORE,private_limited,LDH,Punjab,2023-03-13 08:50:20,RTPE2593701073993,S,"₹1,340.53"
9617,Ranganathan-Ha1der,05411,Grocery Stores,Private Limited,Chennai,Tamil Nadu,08-12-2024,6857352456,ACTIVE,₹904.23
MCH-9036,Banerjee-Shenoy,MCC-5912,Pharmacy,SOLE_PROPRIETOR,Poona,Maharashtra,19-Nov-2025,NA,Live,1613.75
MCH2566,Oommen Inc,5999,Retail Other,private_limited,New Delhi,Delhi,,XXXX9507,Active,2200.23
MCH2888,Chahal LLC,5912,Pharmacies,Private Limited,MUMBAI,Maharashtra,04-21-2023,XXXX3951,Active,631.05
mch9672,contractor-sinha,05311,Retail,INDIVIDUAL,Kolkata,West Bengal,26/11/2024,8867559277,Active,1371.8
MCH1540,DAVE LLC,5942.0,BOOKS_STATIONERY,SOLE_PROPRIETOR,mumbai,Maharashtra,05-21-2024,,A,Rs. 525
MCH3353,sachar ltd,5942,Book Store,private_limited,jalandhar,Punjab,2023/06/06,,I,Rs. 446
MCH8451,"KALA, PRADHAN AND HAYRE",5812,FOOD_SERVICES,PARTNERSHIP,Hyderabad,Telangana,06-14-2024,9996900448,Enabled,1874.56
MCH9659,gokhale-bassi,4814,Mobile Recharge,SOLE_PROPRIETOR,Mumbai,Maharashtra,2023/09/11,AEKL3434312955275,ACTIVE,INR 269.40
MCH4821,"Kade, Dhawan and Kadakia",5411,kirana,private_limited,Mumbai,Maharashtra,2024/03/14,,Active,"Rs. 2,277"
MCH9018,TAK PLC,5999,Misc Retail,Partnership,Amritsar,Punjab,25/11/2023,,A,354.66
MCH3331,"Shukla, Kadakia and Kata",MCC-5699,garments,private_limited,Ludhiana,Punjab,2025/03/18,NA,Enabled,1008.43
1640,sem plc,,Hospitality,PRIVATE_LIMITED,Mumbai,Maharashtra,10/09/2023,5367265975,ACTIVE,INR 894.90
MCH 9161,Patla Group,5311,Retail,individual,pune,Maharashtra,25/10/2024,XXXX6366,Active,-1771.36
MCH1320,  Babu-Khatri  ,5699,Fashion,INDIVIDUAL,Kolkata,West Bengal,2023-11-24 10:52:12,XXXX8923,Active,
9901,Oommen Ltd,07011,Hotel,Sole Proprietor,Hyd,Telangana,2025-10-01 18:50:10,XXXX3340,Closed,538.3
MCH3853,Bhat-Dutt,5411,Grocery,Sole Proprietor,HYDERABAD,Telangana,2023/03/05,,ACTIVE,
MCH5914,Ku1karni-Deshmukh,5699,garments,individual,JPR,Rajasthan,2025-04-24 21:08:53,NA,Live,386.71
MCH6290,Chaudhry-Agarwal,5999,Retail Other,PARTNERSHIP,ludhiana,Punjab,01/09/2023,,Disabled,"Rs. 5,757"
mch6665,WadhwaInc,5311.0,Department Store,PRIVATE-LIMITED,New Delhi,Delhi,05-Jul-2025,NA,ACTIVE,1714.72
MCH4087,"basak, lal and tailor",4814,Mobile Recharge,PRIVATE_LIMITED,pune,Maharashtra,03/10/2025 12:37 AM,,Enabled,298.11
MCH7714,"koshy, dani and barad",4814,TELECOM,PRIVATE_LIMITED,jalandhar,Punjab,27/10/2023 11:10 PM,,Active,INR 669.74
MCH5663,"goyal, brahmbhatt and raja",5912.0,MEDICAL_STORE,INDIVIDUAL,Ludhiana,Punjab,31/05/2023,NA,Hold,2417.27
mch3389,"Barad, Murthy and Muni",misc,chemist,INDIVIDUAL,Amritsar,Punjab,2025/03/19,,Enabled,₹234.09
MCH3099,Peri-Parmer,05699,garments,PARTNERSHIP,DELHI,Delhi,22/06/2024,,Live,"2,046.10"
MCH6275,Tank PLC,4814,Mobile Recharge,Sole Proprietor,chennai,Tamil Nadu,26-Aug-2024,XXXX8300,Active,Rs. 781
MCH2447,anand llc,4131,Transport,SOLE_PROPRIETOR,JPR,Rajasthan,,,Closed,1803.52
MCH4460,BUMB PLC,5942,Books,PRIVATE_LIMITED,chennai,Tamil Nadu,,XXXX4424,A,696.95
MCH9823,Kunda-Parekh,5812,Restaurant,individual,Bombay,Maharashtra,04-10-2023,YIKU2339191619475,A,1308.28
MCH9096,Tandon-Thaman,5999,Retail Other,Individual,Delhi,Delhi,03-Sep-2023,3351065613,Enabled,2658.35
MCH1358,Bhatia-Sekhon,5942,BOOKS_STATIONERY,PRIVATE_LIMITED,Jaipur,Rajasthan,01/05/2025,XXXX4241,ACTIVE,"₹1,421.80"
MCH-9649,Sachdeva-Dey,07011,HOTEL_LODGING,sole_proprietor,ASR,Punjab,06/12/2025 07:10 AM,XRSK3388415827357,Active,-493.43
MCH 5235,palla inc,5942,Book Store,PARTNERSHIP,BLR,Karnataka,10-27-2024,,Live,"₹3,807.50"
MCH9154,"Mangat, Sarkar and Vasa",5311.0,Retail,SOLE_PROPRIETOR,HYDERABAD,Telangana,09-Mar-2023,DTTZ1892927349834,Live,1303.87
MCH4761,Khalsa PLC,5912,Pharmacy,individual,jaipur,Rajasthan,2025-01-17 07:20:16,DXWD4550992976599,Inactive,4970.84
MCH-8314,Mahajan-Batta,4131,Transportation,individual,Lucknow,Uttar Pradesh,01/04/2024,,A,INR 856.24
mch1180,Sangha and Sons,5411,Grocery,individual,HYDERABAD,Telangana,11-03-2023,VUOK6265318074983,Enabled,993.08
MCH8467,  Gara-Sarkar  ,5912,MEDICAL_STORE,INDIVIDUAL,Poona,Maharashtra,03/12/2025 05:00 PM,NA,Active,Rs. 826
MCH1768,"  Mody, Tata and Chatterjee  ",4131,Transport,SOLE-PROPRIETOR,Madras,Tamil Nadu,08-Sep-2024,,ACTIVE,360.87
MCH5402,"MANDAL, CHADA AND DESHPANDE",5411,kirana,SOLE-PROPRIETOR,DELHI,Delhi,08-11-2025,NA,SUSPENDED,-503.34
MCH8880,Hayer-Walia,MCC-4131,Bus/Taxi,partnership,jalandhar,Punjab,2023-04-08 11:08:14,NA,A,"INR 2,616.91"
MCH7595,Subramaniam-Balasubramanian,misc,kirana,Individual,ludhiana,Punjab,07-Jan-2026,4323936215,A,"3,392.31"
MCH6206,"  Sanghvi, Dugar and Rajagopal  ",4814,phone service,individual,Chennai,Tamil Nadu,31-Mar-2025,5473942096,Suspended,INR 683.76
MCH2424,PATIL LTD,MCC-5912,chemist,Partnership,Madras,Tamil Nadu,08/10/2023 02:00 PM,NA,A,737.41
MCH5894,Borra-Tiwari,5311,Retail,PARTNERSHIP,bengaluru,Karnataka,24/05/2025 07:29 PM,,Enabled,239.64
MCH-4672,Sandhu LLC,5942,Stationery,PARTNERSHIP,Bangalore,Karnataka,,NA,Enabled,456.49
MCH3259,Deep and Sons,05912,pharmacies,partnership,DELHI,Delhi,,7747336061,A,308.57
MCH9868,"Narain, Dada and Panchal",4814,Telecom,SOLE-PROPRIETOR,pune,Maharashtra,02-28-2026,7391477397,INACTIVE,-236.45
MCH7715,Patla-Memon,5699,garments,Private Limited,Chennai,Tamil Nadu,2024-02-28 04:11:46,,ACTIVE,-1669.66
5567,D’Alia Ltd,7011,Hotel,Individual,BLR,Karnataka,2025/09/09,XXXX2596,Active,INR 271.02
MCH3806,ParmerLLC,5411,kirana,sole_proprietor,JPR,Rajasthan,04-Nov-2024,6810844450,Active,"Rs. 1,939"
MCH 6454,Nagi-Ch0udhury,5699,garments,PRIVATE-LIMITED,Bengaluru,Karnataka,28/03/2024,XXXX1525,Inactive,"Rs. 3,116"
MCH-3602,"Panchal, Karpe and Bhatti",7011,Hotels,PARTNERSHIP,ASR,Punjab,08-29-2023,NJWF8221387776765,Live,754.95
3319,"Jani, Tailor and Radhakrishnan",5699,Apparel,SOLE_PROPRIETOR,Jalandar,Punjab,26/08/2024 05:30 AM,IUQF4655993827398,A,-516.88
MCH4131,ChaudhryInc,5999,Other,PARTNERSHIP,Amritsar,Punjab,07/01/2023,NA,A,"₹1,561.61"
MCH4104,"Som, Rege and Thaker",,Hotel,INDIVIDUAL,BLR,Karnataka,21/07/2024,NA,Live,
MCH 3252,"Patel, Saran and Bala",5699,garments,Individual,Poona,Maharashtra,06-18-2023,4243165999,Enabled,1917.91
MCH4111,Brahmbhatt LLC,5999,Miscellaneous,partnership,LKO,Uttar Pradesh,,,SUSPENDED,682.69
5295,"Goda, Prashad and Narain",,Medical,Individual,LKO,Uttar Pradesh,10-27-2024,,Live,₹888.39
MCH5335,Daya1-Gera,,HOTEL_LODGING,PARTNERSHIP,Delhi,Delhi,,NA,Live,INR 699.30
MCH9555,"nadig, kumer and nath",5912.0,MEDICAL_STORE,Partnership,lucknow,Uttar Pradesh,01/02/2023,9648467253,ACTIVE,
mch8799,"Tailor,RattiandAnne",5912,MEDICAL_STORE,SOLE_PROPRIETOR,Calcutta,West Bengal,13-Mar-2023,XXXX2356,S,1556.57
MCH2899,Golla Ltd,4131,transprt,Partnership,Jaipur,Rajasthan,,EGFZ1016369573887,Active,"₹5,018.99"
MCH2238,Chakrabarti-Lata,5699,garments,INDIVIDUAL,Amritsar,Punjab,2024-10-19 10:57:01,0636957365,A,"Rs. 1,650"
MCH1636,Nigam PLC,MCC-5699,garments,PARTNERSHIP,DELHI,Delhi,2024-06-13 01:00:37,,A,"₹2,284.21"
6080,"kanda, krishnan and chaudry",5411,GROCERY_STORE,Private Limited,chennai,Tamil Nadu,27/02/2023 12:47 AM,NA,INACTIVE,1675.16
MCH6474,Bakshi Ltd,5912,Medical,Private Limited,Lucknow,Uttar Pradesh,06-Sep-2025,UIQO0757463991116,Enabled,"₹3,871.85"
MCH8449,Vaidya-Gulati,,Restaurants,PRIVATE-LIMITED,Chennai,Tamil Nadu,2024/04/06,TCOQ6253751311209,Active,INR 118.49
7152,"Bedi, Patil and Rana",5311.0,Retail,PRIVATE_LIMITED,Chennai,Tamil Nadu,01-02-2026,2453620033,I,"INR 1,076.99"
mch4408,Dhar-Shetty,5912,Medical,individual,ASR,Punjab,2023/12/19,XXXX8510,INACTIVE,INR 425.49
MCH7327,"Krish, Dhar and Choudhury",4814,TELECOM,Individual,kolkata,West Bengal,2023-05-22 13:42:22,KDMG5541225124685,ACTIVE,Rs. 440
MCH-6556,Chana-Barad,5999,Other,private_limited,Jalandhar,Punjab,09/06/2024,XXXX3130,Live,"Rs. 1,172"
MCH6031,Chauhan Group,MCC-5699,CLOTHS,individual,HYDERABAD,Telangana,13/12/2024 10:44 PM,XXXX4944,Enabled,Rs. 654
MCH8963,"Aggarwal,NagiandBorde",5411,groceries,SOLE-PROPRIETOR,ludhiana,Punjab,01/08/2024 05:56 PM,UGNI2119725168826,A,INR 474.91
MCH4216,Ratta and Sons,5942,Stationery,Partnership,Jalandhar,Punjab,07-Oct-2023,XXXX5580,Live,1337.5
MCH 9569,Parekh-Kalita,5311,Retail,Individual,ASR,Punjab,07-Dec-2025,XXXX5054,Live,"₹1,617.31"
MCH7106,Master and Sons,5812.0,Restaurant,partnership,lucknow,Uttar Pradesh,2023/01/27,6057584489,A,1328.09
MCH3371,  Ganguly Group  ,5699,Clothing,sole_proprietor,LKO,Uttar Pradesh,1731934092,NA,A,INR 304.02
MCH3489,Bahl-Bhavsar,MCC-4131,Transportation,PARTNERSHIP,DELHI,Delhi,,XXXX6898,A,908.03
MCH7938,CHANDER LTD,,phone service,SOLE_PROPRIETOR,Bangalore,Karnataka,22/09/2023,NA,ACTIVE,-639.19
MCH4802,Jain Inc,5411,grocery_store,Individual,Mumbay,Maharashtra,,WAKX1731194726020,Inactive,"₹1,158.19"
MCH4967,Mallick PLC,4131,Transport,PARTNERSHIP,Amritsar,Punjab,08-22-2025,XXXX4798,Live,-3082.77
MCH8308,"MUKHOPADHYAY, KOTHARI AND RAVAL",,Retail,INDIVIDUAL,amritsar,Punjab,2023/01/21,2673122998,A,764.32
MCH1658,khatri-mohanty,5812,Restaurants,sole_proprietor,JPR,Rajasthan,2025/08/08,DGXZ0949885183603,Disabled,"INR 2,016.79"
MCH7394,Dhar-Saxena,05311,Department Store,INDIVIDUAL,lucknow,Uttar Pradesh,06-28-2024,XXXX8622,ACTIVE,"₹1,562.30"
mch8142,Mane and Sons,5912,MEDICAL_STORE,PRIVATE_LIMITED,Ludhiana,Punjab,08-25-2025,WMPI8979622395583,Enabled,"₹5,955.63"
MCH3247,  Nagarajan-Shan  ,NA,Pharmacy,INDIVIDUAL,Chennai,Tamil Nadu,07/04/2025 09:55 PM,5730507447,Disabled,"2,666.23"
MCH3357,"Sundaram, Kara and Sibal",7011,Hospitality,partnership,ASR,Punjab,2025-11-14 12:11:27,XVJC4162540658234,Enabled,246.81
MCH-6953,Khurana-Prabhakar,NA,Books,Partnership,HYDERABAD,Telangana,03/10/2024,,A,-2749.21
MCH7866,"Raval, Sane and Dua",5411,Grocery,PARTNERSHIP,ASR,Punjab,2025-01-27 18:48:57,,A,292.43
MCH5283,"  Verma, Narasimhan and Balan  ",,pharmacies,Individual,delhi,Delhi,05-Feb-2026,,Active,"Rs. 1,266"
MCH3250,Bose-Kalita,5311,Department Stores,Sole Proprietor,MUMBAI,Maharashtra,,NA,I,"1,514.47"
MCH4367,Sankaran-Bhattacharyya,MCC-5699,Fashion,PARTNERSHIP,chennai,Tamil Nadu,13/12/2023 04:19 AM,PBSG5651430183192,Live,"₹1,153.81"
MCH3567,Kala Ltd,MCC-4814,telecom,Sole Proprietor,amritsar,Punjab,15-May-2023,0120134197,Inactive,"INR 1,794.62"
MCH6337,Chander LLC,5912.0,Pharmacies,INDIVIDUAL,Calcutta,West Bengal,28/12/2025 10:16 PM,,Live,1428.08
MCH 9098,Ghosh-Roy,7011,Hotels,PARTNERSHIP,Calcutta,West Bengal,,5455672154,Enabled,372.61
2407,CHAUDHRY PLC,,Pharmacy,Private Limited,Pune,Maharashtra,,4475713369,ACTIVE,"₹5,215.07"
MCH5225,"Bera, Guha and Narayan",5942,Book Store,INDIVIDUAL,Hyd,Telangana,16/08/2025 05:25 AM,AJUQ5177176562909,Live,
MCH6773,"parmar, sahota and rajagopalan",05999,Miscellaneous,SOLE-PROPRIETOR,Poona,Maharashtra,23/02/2024,GSZT9943608461358,Enabled,3042.0
MCH 8432,Lad Inc,5942,Book Store,PRIVATE_LIMITED,Dilli,Delhi,07-Oct-2024,FRLI9065794513387,Enabled,394.7
MCH-6267,Mandal-Badal,4814,phone service,partnership,MUMBAI,Maharashtra,10-Dec-2024,,A,
MCH1846,Kurian-Chad,7011,HOTEL_LODGING,PARTNERSHIP,Madras,Tamil Nadu,2023-03-23 22:54:26,NA,Active,597.53
MCH9983,bhagat group,5411,GROCERY_STORE,individual,pune,Maharashtra,2025/11/27,XXXX2568,Active,"3,669.57"
MCH7337,NATH-NARAYAN,5699,cloths,Individual,Hyd,Telangana,28-Jul-2024,,Active,"3,029.85"
MCH2741,"Palan, Bhalla and Srinivasan",05812,FOOD_SERVICES,individual,JPR,Rajasthan,19/12/2025 01:05 AM,XXXX0289,A,"Rs. 1,319"
mch7211,"Apte, Vasa and Batta",5942.0,BOOKS_STATIONERY,SOLE-PROPRIETOR,Bombay,Maharashtra,2024-11-18 13:48:32,NA,Live,"Rs. 1,841"
MCH-3473,"Mahal, Butala and Shenoy",4131,TRAVEL,Individual,Amritsar,Punjab,20/11/2025 11:26 PM,9906876351,INACTIVE,456.80
mch7503,Raval LLC,5411,Grocery,PARTNERSHIP,Delhi,Delhi,2025-10-30 13:02:18,6775545242,Enabled,1167.54
MCH2480,Banik-Nagar,5812,eating place,PRIVATE_LIMITED,JPR,Rajasthan,27-Jul-2025,XXXX7952,Live,"Rs. 3,594"
MCH-5998,Joshi Inc,5411,GROCERY_STORE,Private Limited,Chennai,Tamil Nadu,2024/08/30,NA,Live,"₹1,152.74"
MCH2040,Goel-Dewan,,Miscellaneous,Individual,delhi,Delhi,07/12/2025,EFTH2141412119625,ACTIVE,320.83
MCH6343,bains plc,MCC-4814,Telecom,partnership,Mumbai,Maharashtra,10-Jul-2024,,A,4598.19
MCH8937,"Mand, Bhatt and Pathak",7011,Hotels,individual,Amritsar,Punjab,2023/06/10,OPXS5269399322215,Active,2746.33
mch5923,"  Banik, Yogi and Seth  ",4814,mobile recharge,INDIVIDUAL,Delhi,Delhi,,CKTY3945451387681,Disabled,₹378.20
MCH6359,  Pai-Dada  ,NA,TRAVEL,INDIVIDUAL,JPR,Rajasthan,2025/05/27,XFLS9466066220965,Live,484.00
MCH8965,Lal and Sons,,Books,Sole Proprietor,chennai,Tamil Nadu,2025/09/07,,Enabled,
MCH3989,Madan LLC,5411,Grocery Stores,PARTNERSHIP,Jaipur,Rajasthan,18/09/2023 07:54 AM,9575202686,Active,238.33
MCH9132,Shankar-Bahl,4814,Telecom,individual,pune,Maharashtra,04/12/2023 06:44 PM,LXEB0419516326153,SUSPENDED,"₹2,278.28"
MCH5559,Kata Ltd,7011,Hospitality,SOLE-PROPRIETOR,ludhiana,Punjab,,XXXX7757,Active,
MCH2282,mall group,,Retail,Partnership,Jalandar,Punjab,1707435085,0935990033,Live,Rs. 654
MCH9352,RAMANATHAN-LALA,4131,Transport,PARTNERSHIP,Bengaluru,Karnataka,2026/02/09,ICJY2091662937472,ACTIVE,1121.19
MCH-5595,"Menon, Ahluwalia and Mistry",7011,Hospitality,SOLE_PROPRIETOR,jaipur,Rajasthan,1770716564,,Active,INR 376.55
MCH8912,"Wable, Sule and Mani",,garments,INDIVIDUAL,Hyderabad,Telangana,1691724695,NA,Live,510.28
MCH7051,  Ramachandran-Rajan  ,5812,eating place,PARTNERSHIP,MUMBAI,Maharashtra,2023/12/26,XXXX3526,Live,"1,183.53"
MCH 6675,Vora and Sons,,CLOTHS,PARTNERSHIP,Ludhiana,Punjab,31/07/2025,XXXX5119,Live,769.28
MCH5404,Cherian Group,7011,Hotels,SOLE_PROPRIETOR,pune,Maharashtra,1743889856,DZIB4073572435126,ACTIVE,"Rs. 1,440"
6611,Mand PLC,5411,GROCERY_STORE,Private Limited,Chennai,Tamil Nadu,2023/01/01,,A,-1110.3
MCH3382,"  Patla, Thakur and Kaur  ",4131,Transportation,PRIVATE-LIMITED,pune,Maharashtra,2025-02-06 19:20:09,NA,A,470.22
MCH7950,Om-Andra,MCC-5411,groceries,individual,ludhiana,Punjab,,,Enabled,3471.68
MCH6282,"Chacko, Chakrabarti and Suresh",5411,GROCERY_STORE,private_limited,Jaipur,Rajasthan,16-Jun-2024,XXXX6827,Enabled,"Rs. 1,078"
MCH 9276,Bandi Inc,5942,Books,private_limited,Jalandar,Punjab,,3029302980,A,"INR 2,777.32"
1873,Rai-Nagi,4131,Transport,PRIVATE_LIMITED,Dilli,Delhi,1704872109,NA,Active,"Rs. 3,862"
MCH7076,  Bava-Shroff  ,5999.0,Miscellaneous,Sole Proprietor,Chennai,Tamil Nadu,2025-09-03 01:54:16,NA,Live,₹875.99
MCH3085,mander-mital,7011,hotel,PRIVATE-LIMITED,chennai,Tamil Nadu,2024-08-20 01:44:53,,Inactive,"INR 3,842.00"
MCH1143,ARYA-KHANNA,4131,transprt,SOLE_PROPRIETOR,jalandhar,Punjab,2023/08/16,9953530102,Enabled,486.39
MCH6464,Date LLC,5699,Apparel,PRIVATE_LIMITED,Bengaluru,Karnataka,03-Dec-2025,XXXX4137,Enabled,"Rs. 3,772"
MCH5169,Kurian-Narayan,5942,Stationery,INDIVIDUAL,Jalandhar,Punjab,01-Jun-2024,7935605737,Enabled,1621.49
MCH1011,Wable and Sons,5411.0,groceries,PRIVATE_LIMITED,Ludhiana,Punjab,02/11/2023,NA,Suspended,"6,536.07"
MCH7613,"Parekh, Ch0kshi and Das",5699,Apparel,PRIVATE-LIMITED,Jaipur,Rajasthan,2024-11-23 19:31:50,VJFK9617718212331,A,419.26
MCH8628,Pai-Upadhyay,7011,HOTEL_LODGING,Sole Proprietor,ASR,Punjab,,NA,Live,"₹12,455.57"
MCH3856,"Pandit, Karnik and Kurian",5912,Medical,INDIVIDUAL,Ludhiana,Punjab,07-07-2025,,A,₹755.40
MCH5223,"Dua, Raj and Aurora",5812.0,Food,Private Limited,ludhiana,Punjab,06/08/2024,XXXX3071,Enabled,986.86
MCH 3849,Das-Ratta,4814.0,phone service,INDIVIDUAL,Chennai,Tamil Nadu,13/06/2024 12:11 AM,MLDH2446114366761,Active,"Rs. 4,368"
MCH3441,"Naidu, Nayar and Chand",05942,Books,partnership,LDH,Punjab,29/05/2023,1623488849,Live,Rs. 817
MCH 3959,"Kant, Goel and Pradhan",5999,Miscellaneous,individual,Hyd,Telangana,2025/03/19,XXXX9762,Live,"₹1,214.73"
MCH5781,Bava and Sons,7011,Hospitality,Partnership,HYDERABAD,Telangana,1711274173,NA,A,"2,364.14"
8870,Sandhu Inc,,CLOTHS,PRIVATE-LIMITED,Ludhiana,Punjab,2023/02/14,NA,Inactive,
MCH3057,Nagy-Banik,05311,Department Stores,PARTNERSHIP,kolkata,West Bengal,2024/03/15,PCQH3034924487610,ACTIVE,764.15
MCH2979,"Kurian, Guha and Gaba",5999,Miscellaneous,INDIVIDUAL,Chennai,Tamil Nadu,1678542496,XXXX6692,Enabled,"INR 7,883.21"
MCH3406,"Swamy, Borah and Sampath",5311,Retail,Individual,MUMBAI,Maharashtra,2024-05-22 03:05:47,XXXX9630,Inactive,438.79
MCH6836,Gola-Rout,5999,Miscellaneous,sole_proprietor,bengaluru,Karnataka,2025/12/03,6402935239,Blocked,"INR 2,040.92"
MCH3142,"dugar, merchant and kala",5942,Books,private_limited,JPR,Rajasthan,1704098807,CUQS1241290775925,Live,619.08
MCH2997,Nadkarni Inc,,groceries,PRIVATE-LIMITED,Hyderabad,Telangana,08/10/2025 11:15 PM,NA,A,INR 761.67
mch4903,Khatri Gr0up,5311,DEPT_STORE,Individual,delhi,Delhi,07-07-2024,NA,Active,
MCH5765,Murty Inc,4131,Transport,Partnership,Mumbay,Maharashtra,18-Jul-2025,,A,"INR 2,715.83"
MCH3964,"Bala, Chanda and Loyal",5942,Books,partnership,JPR,Rajasthan,2023/09/05,CFOS0283411374388,A,2002.33
9968,Swamy-Was0n,5311,Department Store,Sole Proprietor,mumbai,Maharashtra,2024-04-29 12:30:36,,I,526.26
MCH6146,Handa LLC,5912,MEDICAL_STORE,individual,ASR,Punjab,01-Jan-2023,BIZN7645519547179,Enabled,-1061.38
mch8159,Grover-Barad,5411,Grocery Stores,PARTNERSHIP,chennai,Tamil Nadu,12-18-2024,,S,768.97
MCH9865,Minhas PLC,5942,Books,private_limited,Dilli,Delhi,29/11/2025,NA,ACTIVE,Rs. 334
3023,Arora LLC,7011,hospitality,individual,bengaluru,Karnataka,03/02/2025,NA,Suspended,"INR 1,722.88"
MCH3388,"Ha1der, Chander and Krishnamurthy",5311,Department Store,Individual,Ludhiana,Punjab,23/03/2025 12:51 AM,FTJO6113858465780,I,447.14
MCH 6572,  Naidu PLC  ,5311,DEPT_STORE,Private Limited,pune,Maharashtra,2025/03/17,HNFH7484368794581,Enabled,INR 402.00
MCH7724,"Johal, Khatri and Sant",5411,Grocery,INDIVIDUAL,jalandhar,Punjab,02-18-2026,BSAD5422938420269,ACTIVE,"3,132.90"
MCH4084,Mitra PLC,5311.0,Department Stores,INDIVIDUAL,jalandhar,Punjab,2023/12/15,XXXX5719,Enabled,973.94
mch9385,"Ray, Gu1ati and Gi11",04814,Telecom,SOLE-PROPRIETOR,ASR,Punjab,2024/02/17,,Active,1178.44
MCH5277,Kannan-Deshmukh,5942,Book Store,private_limited,lucknow,Uttar Pradesh,1758877269,,Inactive,4638.51
MCH8824,Mani PLC,5999,Other,INDIVIDUAL,Hyderabad,Telangana,22/02/2024,0602443496,A,1314.9
MCH1397,"Bir,RavelandSwaminathan",5411,GROCERY_STORE,Partnership,pune,Maharashtra,07-16-2023,,ACTIVE,"INR 6,150.31"
MCH4608,  Chandran Group  ,MCC-5699,Apparel,SOLE_PROPRIETOR,lucknow,Uttar Pradesh,09/05/2023 02:14 PM,ZPZS9153819912287,Live,₹950.53
MCH1800,Mall PLC,5311,Department Store,private_limited,Hyd,Telangana,24-Oct-2025,,ACTIVE,"Rs. 1,030"
MCH6837,Oommen-Thaker,,BOOKS_STATIONERY,INDIVIDUAL,jalandhar,Punjab,11/10/2025 04:08 PM,6324216769,ACTIVE,1750.4
MCH8923,Choudhury Group,5912,Pharmacy,INDIVIDUAL,jaipur,Rajasthan,12-Jun-2024,WVVA0613994696185,Disabled,2880.15
MCH-4232,Raj Group,5912,Pharmacies,INDIVIDUAL,Hyd,Telangana,23/06/2023,NA,S,-479.88
MCH1594,Bera Inc,5999,Retail Other,PRIVATE-LIMITED,amritsar,Punjab,2024/09/05,9659925213,Live,"INR 2,187.43"
MCH7804,Deo-Pandya,5812,food,Partnership,Jaipur,Rajasthan,,XXXX1482,SUSPENDED,₹492.54
MCH2981,"Sachdeva, Iyer and Borra",5942,Books,individual,Calcutta,West Bengal,19/07/2023 03:05 PM,1834855061,Active,841.65
MCH 6866,Thaker-Behl,5999,Retail Other,SOLE_PROPRIETOR,Pune,Maharashtra,2024/03/22,NA,Active,221.31
MCH-7667,LALLA AND SONS,5311,Retail,Individual,HYDERABAD,Telangana,01-20-2023,,ACTIVE,"Rs. 1,676"
MCH 3705,"Prakash, Korpal and Narasimhan",5812,eating place,SOLE-PROPRIETOR,JPR,Rajasthan,10-Nov-2025,,A,753.96
MCH7726,Modi Ltd,5311,Department Store,individual,Lucknow,Uttar Pradesh,2025-05-17 15:11:06,XXXX3760,A,1955.14
5335,shroff and sons,MCC-5311,DEPT_STORE,SOLE_PROPRIETOR,chennai,Tamil Nadu,,XXXX4486,Disabled,"Rs. 1,166"
MCH9641,Andra Ltd,5912,Pharmacies,private_limited,kolkata,West Bengal,2025-10-15 02:13:04,2325222758,Enabled,3323.59
mch4811,Chaudhry-Majumdar,5912,Pharmacies,PRIVATE_LIMITED,Delhi,Delhi,26-Jun-2024,XXXX5566,ACTIVE,615.9
MCH5019,Bah1-L0ya1,5411,Grocery Stores,Sole Proprietor,Bengaluru,Karnataka,2025-05-12 09:53:54,,Live,1093.52
MCH5110,Grover and Sons,MCC-5999,Misc Retail,Private Limited,Jalandar,Punjab,2024/05/02,ZILO7642666200036,Enabled,-1491.89
6868,Tara Group,MCC-5311,Retail,PARTNERSHIP,pune,Maharashtra,1707009036,NA,A,323.93
MCH6889,Behl-Deep,05942,Book Store,partnership,Bangalore,Karnataka,12-22-2023,ZYSS9298134271861,Enabled,
mch1488,"Chada, Gopal and Rajagopal",4814,Mobile Recharge,SOLE-PROPRIETOR,Jaipur,Rajasthan,02-Jan-2026,,Enabled,"Rs. 1,905"
MCH-1654,Swamy Group,,Telecom,partnership,jalandhar,Punjab,14/07/2024,NA,A,
MCH 3232,"Sarraf,ChaudhuriandAcharya",5812,FOOD_SERVICES,SOLE_PROPRIETOR,kolkata,West Bengal,29-May-2024,NA,ACTIVE,
MCH2205,narayan plc,4131,bus/taxi,Partnership,HYDERABAD,Telangana,2023-03-16 14:24:12,,Inactive,2136.03
MCH7576,Ramanathan-Menon,7011,Hospitality,PARTNERSHIP,Jalandar,Punjab,1728896971,NA,Active,INR 757.61
MCH2098,Ranganathan-Chopra,4131.0,transprt,private_limited,Madras,Tamil Nadu,05-13-2023,,Enabled,"4,538.04"
MCH5250,Virk-Nadkarni,5999,Retail Other,partnership,Pune,Maharashtra,2023/07/16,NA,Suspended,759.43
mch2222,"Mani, Ravel and Agrawal",UNKNOWN,CLOTHS,Sole Proprietor,LKO,Uttar Pradesh,2023/10/01,NA,ACTIVE,815.84
MCH7702,Ahuja-Nayar,05411,Grocery,Private Limited,Ludhiana,Punjab,2024/10/04,NA,SUSPENDED,
MCH7618,MUTTI-MOHAN,5942,books,INDIVIDUAL,Hyd,Telangana,2023/03/14,XXXX5035,Active,Rs. 664
mch7152,dewan-garde,4131,TRAVEL,sole_proprietor,DELHI,Delhi,14/01/2024 10:30 PM,NA,Live,₹628.75
MCH3511,"Konda, Venkatesh and Jha",5411,Grocery,individual,Lucknow,Uttar Pradesh,2025/06/28,BGWP5416829581598,Active,
MCH2440,Hans-Master,7011,HOTEL_LODGING,SOLE-PROPRIETOR,LDH,Punjab,15/02/2023 11:47 AM,IUZN5055483856054,Live,"Rs. 1,395"
MCH-8044,"Sant, Nadkarni and Rajan",,Department Store,Individual,BLR,Karnataka,13/10/2024 07:30 AM,,A,-794.78
MCH-7913,Khare Inc,5912,MEDICAL_STORE,PARTNERSHIP,pune,Maharashtra,02-22-2025,QFFQ8944942522196,Active,-1243.32
MCH8640,"vasa, nanda and bhat",5311,DEPT_STORE,sole_proprietor,pune,Maharashtra,03-05-2025,NA,A,347.11
MCH 1892,Shanker-De,7011,Hotels,Private Limited,Mumbai,Maharashtra,2024-02-12 01:08:42,4394256877,Live,987.4
mch3507,"Sundaram, Shan and Subramanian",7011,HOTEL_LODGING,Individual,amritsar,Punjab,01-28-2023,7115308153,Live,INR 950.31
MCH 6782,JANI-BHAKTA,07011,HOTEL_LODGING,PRIVATE-LIMITED,delhi,Delhi,29-Oct-2024,1624647213,Active,₹289.03
MCH3627,"CHANDRA, VENKATARAMAN AND PALLA",5912,Medical,Sole Proprietor,JPR,Rajasthan,09/10/2025,1981451941,Enabled,379.66
MCH3601,Lanka Inc,5942,Book Store,Individual,pune,Maharashtra,1747207579,NA,Live,4672.85
MCH4322,Bumb-Arya,5411,groceries,Sole Proprietor,Kolkata,West Bengal,06-Dec-2024,XXXX0050,Live,2473.26
MCH7126,"Shankar, Dave and Mahajan",4131,Transport,INDIVIDUAL,Pune,Maharashtra,29/05/2025,XXXX9486,Active,2564.94
MCH2789,Peri-Panchal,5311,DEPT_STORE,PARTNERSHIP,jalandhar,Punjab,,,Enabled,1044.19
MCH6543,Nagi-Pradhan,5411,GROCERY_STORE,PRIVATE_LIMITED,Bombay,Maharashtra,2025-07-17 01:33:23,NA,ACTIVE,"₹2,785.85"
MCH3265,Mittal Ltd,05942,BOOKS_STATIONERY,PRIVATE-LIMITED,Hyd,Telangana,1723682308,GNXO4175681425980,ACTIVE,"INR 4,170.98"
mch5737,"Mangat, Parmer and Khosla",5311.0,DEPT_STORE,sole_proprietor,Poona,Maharashtra,,ERHY5292307870912,Live,2850.24
9866,"Lad,ShereandKarpe",5812,FOOD_SERVICES,INDIVIDUAL,LKO,Uttar Pradesh,2023-07-07 23:38:23,NA,ACTIVE,"Rs. 1,173"
mch2027,"Boase, Ghosh and Manda",5311,DEPT_STORE,PARTNERSHIP,chennai,Tamil Nadu,12-16-2023,XXXX6284,A,1163.7
MCH2542,Thakur Group,5411.0,GROCERY_STORE,SOLE-PROPRIETOR,kolkata,West Bengal,2023/12/15,7251186427,I,"INR 3,711.74"
mch4818,Deol Inc,5999,Miscellaneous,INDIVIDUAL,delhi,Delhi,04-29-2024,RIGL0488107049334,Enabled,Rs. 316
MCH3148,RaoLtd,4814.0,Telecom,Individual,DELHI,Delhi,16-Jan-2023,NA,Live,"₹1,684.65"
MCH2038,DARA-SAMA,07011,Hotel,Individual,Hyderabad,Telangana,20-Aug-2023,1467343581,Enabled,INR 801.94
MCH5594,Savant-Bhargava,MCC-5411,Grocery Stores,sole_proprietor,bengaluru,Karnataka,2025/01/19,1080833717,S,1235.6
MCH6757,Brar-Saha,5942,Books,sole_proprietor,Ludhiana,Punjab,2024/05/09,NTTY4243627390116,Active,INR 602.25
MCH8735,"Chhabra, Kunda and Sem",4814,phone service,PARTNERSHIP,Jalandar,Punjab,18/09/2025,DZIA5449518052658,Enabled,"INR 1,589.68"
MCH7947,Padmanabhan-Kale,4814,Telecom,PRIVATE_LIMITED,Mumbay,Maharashtra,08/09/2023,NA,ACTIVE,"INR 3,921.35"
MCH6697,ANDRA-SENGUPTA,5411,GROCERY_STORE,Partnership,BLR,Karnataka,10-09-2025,,Disabled,1006.44
MCH8208,TAK-SHANKAR,7011,Hotel,Individual,mumbai,Maharashtra,2024-03-18 07:08:51,,Live,1309.39
MCH5081,  Grewal-Dutt  ,5942,Stationery,PARTNERSHIP,jaipur,Rajasthan,09-22-2024,NA,Enabled,₹624.18
MCH 7459,"Gara, Agarwal and Anne",7011,HOTEL_LODGING,INDIVIDUAL,LDH,Punjab,14/04/2023 08:15 PM,2572840529,Live,"2,650.18"
MCH9754,Khanna Group,5411,GROCERY_STORE,Partnership,Ludhiana,Punjab,20/11/2023,EDBE0893143652084,Enabled,3682.51
MCH-6231,"CHAND, JOHAL AND CHAWLA",5812,FOOD_SERVICES,PRIVATE-LIMITED,Jalandhar,Punjab,2023/06/26,1062018479,Live,Rs. 919
MCH4982,Upadhyay-Thaker,5699,Apparel,PRIVATE_LIMITED,pune,Maharashtra,04/10/2023,XXXX3001,Active,
MCH9551,Chaudhari-Dugar,05942,BOOKS_STATIONERY,INDIVIDUAL,Lucknow,Uttar Pradesh,11/08/2023,XXXX6470,Enabled,"INR 2,156.36"
MCH-1751,Bava-Mukherjee,5411,GROCERY_STORE,SOLE_PROPRIETOR,JPR,Rajasthan,20/05/2023,EFFJ4269274300862,Live,"Rs. 1,591"
mch3292,Ravi-Keer,,retail,private_limited,Jalandhar,Punjab,11-21-2023,NA,Suspended,9611.45
MCH 3616,Bakshi Group,,TRAVEL,PRIVATE-LIMITED,HYDERABAD,Telangana,2024-03-13 21:36:11,NA,Active,1136.19
mch4413,"Parekh,KadeandTalwar",5699,cloths,Sole Proprietor,LKO,Uttar Pradesh,11-Dec-2025,9207485110,ACTIVE,
MCH6657,Atwal-Sarraf,05411,Grocery,partnership,Hyd,Telangana,,,Enabled,Rs. 804
MCH2028,Dhingra PLC,04814,phone service,SOLE-PROPRIETOR,Pune,Maharashtra,27/09/2023,,ACTIVE,-1170.35
MCH1263,"Soman, Chaudhary and Luthra",04814,phone service,PARTNERSHIP,Hyd,Telangana,27/06/2023 08:38 PM,NA,A,696.55
mch7058,Chatterjee PLC,misc,CLOTHS,INDIVIDUAL,Jalandhar,Punjab,,NA,Active,587.63
MCH-2350,"Gill, Sura and Doshi",5812,Restaurant,Individual,pune,Maharashtra,2026-02-19 21:03:12,,Live,Rs. 668
MCH-5834,Sundaram-Sarkar,5812,Food,Partnership,Hyderabad,Telangana,27/07/2025,XXXX6821,A,"₹1,502.09"
MCH9348,"Solanki, Chaudhary and Nori",5912,Pharmacies,PARTNERSHIP,pune,Maharashtra,2023-09-09 14:53:51,ACBK1959673899093,Enabled,"Rs. 1,188"
MCH-3502,"  Bail, Sawhney and Majumdar  ",,eating place,INDIVIDUAL,Hyd,Telangana,1707151059,,Enabled,4792.39
MCH7600,SALVI-MISHRA,,chemist,PRIVATE_LIMITED,BLR,Karnataka,1748144980,NA,Live,Rs. 577
MCH2623,dara-kulkarni,5942,BOOKS_STATIONERY,SOLE_PROPRIETOR,Calcutta,West Bengal,28-Jun-2025,NA,Active,1296.1
MCH9710,Trivedi PLC,5411,kirana,PARTNERSHIP,ludhiana,Punjab,24-Jan-2025,,A,718.83
MCH9922,Chand-Jain,5411,GROCERY_STORE,Partnership,Madras,Tamil Nadu,10-Sep-2023,XXXX1121,ACTIVE,"Rs. 1,800"
MCH7850,Reddy Inc,05699,Clothing,PARTNERSHIP,chennai,Tamil Nadu,1715836075,,ACTIVE,"Rs. 1,378"
MCH5555,Prabhu Ltd,4131,transprt,PRIVATE-LIMITED,Bangalore,Karnataka,2024/12/16,NA,A,"₹1,663.56"
MCH8505,"  Joshi, Sarin and Krishnamurthy  ",5311,DEPT_STORE,partnership,Jaipur,Rajasthan,2023/04/08,NA,Live,811.55
MCH1349,Bahri and Sons,5912,Pharmacies,individual,HYDERABAD,Telangana,08-Jun-2025,BGVV4182827632214,ACTIVE,"₹2,320.20"
MCH4760,"Kalla, Mammen and Purohit",4814.0,phone service,Individual,New Delhi,Delhi,27-Oct-2024,,ACTIVE,INR 964.00
mch9476,Sama PLC,5812,Restaurants,PRIVATE-LIMITED,HYDERABAD,Telangana,,XXXX6830,Live,INR 165.93
MCH7957,Varty-Natarajan,7011,Hotel,PRIVATE_LIMITED,Madras,Tamil Nadu,28/06/2024 09:08 AM,,ACTIVE,INR 410.29
1534,"MERCHANT, SARNA AND KORPAL",5912,chemist,PRIVATE-LIMITED,HYDERABAD,Telangana,02/04/2023 02:45 PM,NA,Closed,3752.5
MCH1056,Mital-Jhaveri,5311,Department Stores,PARTNERSHIP,ASR,Punjab,2023-09-10 00:09:34,6820698589,Active,5938.05
MCH1364,Krishnamurthy LLC,4131,Transportation,INDIVIDUAL,Hyderabad,Telangana,01/02/2023,IIJY7170442781592,Enabled,377.26
MCH9751,Memon-Sinha,5812,Restaurant,Sole Proprietor,Ludhiana,Punjab,2023/07/16,4462778035,Enabled,"2,265.65"
MCH6865,Mander-Chakrabarti,7011,Hotel,private_limited,mumbai,Maharashtra,20/04/2023 10:35 AM,NA,Enabled,-465.56
mch3179,"Sarma, Singh and Char",5311,DEPT_STORE,INDIVIDUAL,Hyderabad,Telangana,,,Active,1817.49
MCH7289,Nayar-Dara,5699,Apparel,INDIVIDUAL,Poona,Maharashtra,2025/12/28,AFIS6620860774027,ACTIVE,"Rs. 4,510"
mch9764,"Chaudhry, Samra and Garde",4814.0,TELECOM,private_limited,Jalandar,Punjab,2024/07/15,XXXX9534,Active,-4596.71
MCH6107,Bassi and Sons,5912.0,MEDICAL_STORE,Sole Proprietor,Hyderabad,Telangana,,,INACTIVE,"Rs. 1,888"
MCH3130,"arora, karnik and sarraf",5942,Book Store,SOLE-PROPRIETOR,Calcutta,West Bengal,2023-07-10 21:24:05,NA,INACTIVE,1573.29
MCH4553,Zachariah-Dara,5812,Restaurants,PRIVATE_LIMITED,Jalandhar,Punjab,03/07/2024 11:07 AM,NA,A,343.99
MCH9443,"Chowdhury, Kapadia and Chada",5812,FOOD_SERVICES,partnership,chennai,Tamil Nadu,20-Feb-2024,,A,1660.16
MCH2746,"tella, mane and pillai",7011,Hotels,private_limited,ludhiana,Punjab,12/03/2023,0851637180,Closed,395.56
3663,Kunda-Chaudhuri,misc,Hospitality,PARTNERSHIP,jaipur,Rajasthan,2024/11/20,,SUSPENDED,"Rs. 1,356"
MCH4253,MANDER-SAGAR,,Retail Other,Individual,LDH,Punjab,12/12/2024,,A,348.43
MCH-8148,Sehgal-Banik,4131.0,Transportation,SOLE-PROPRIETOR,Bengaluru,Karnataka,27-Jan-2024,NA,A,Rs. 406
MCH4706,"Varughese, Mani and Ch0udhary",5311,Department Store,Individual,BLR,Karnataka,2025-11-11 03:09:47,3980025472,Live,-1658.13
MCH7699,mammen ltd,4814,Mobile Recharge,INDIVIDUAL,jalandhar,Punjab,2024-10-16 05:11:31,XXXX5219,Enabled,
MCH8086,  Contractor-Narain  ,5812,Restaurant,PARTNERSHIP,Pune,Maharashtra,28/08/2024 09:47 AM,NA,Enabled,"Rs. 1,394"
MCH4110,Suresh-Bassi,5942,Stationery,individual,mumbai,Maharashtra,18/09/2024 08:58 AM,NA,Disabled,1527.43
mch2534,Shetty-Sundaram,5411,groceries,private_limited,Pune,Maharashtra,1741624229,NA,ACTIVE,709.87
1983,Jayaraman PLC,5912,Pharmacy,SOLE_PROPRIETOR,Hyderabad,Telangana,2024/12/13,6619790480,A,INR 657.32
MCH4754,Menon Inc,5999,Miscellaneous,private_limited,Hyd,Telangana,2023/03/24,XXXX5608,Live,-1804.69
MCH4332,  Varma PLC  ,5942,Books,INDIVIDUAL,Mumbai,Maharashtra,22-Jan-2025,XXXX6546,Enabled,229.07
MCH9785,Nagarajan PLC,5699,cloths,INDIVIDUAL,MUMBAI,Maharashtra,06/08/2025,,Active,"INR 2,709.78"
MCH6240,mutti plc,5999,Misc Retail,PARTNERSHIP,Delhi,Delhi,11-08-2025,,Enabled,"₹1,461.10"
MCH2336,Narasimhan Inc,,Grocery,sole_proprietor,Jalandar,Punjab,18/06/2025,,Inactive,₹791.05
MCH5494,palan-bhatnagar,MCC-4814,Mobile Recharge,PRIVATE_LIMITED,Calcutta,West Bengal,02/10/2024 09:53 AM,2710953349,A,₹720.88
MCH5411,Kale Inc,5411,Grocery,Partnership,pune,Maharashtra,2024-06-21 06:11:57,NA,Enabled,Rs. 708
MCH7636,BIR PLC,MCC-5699,CLOTHS,SOLE_PROPRIETOR,Jalandhar,Punjab,03/05/2025,XXXX9076,Enabled,Rs. 178
MCH8918,Solanki and Sons,,garments,PRIVATE-LIMITED,BLR,Karnataka,05-17-2025,ITGT2090730500760,ACTIVE,
mch6360,"Garg, Char and Sharaf",5912,MEDICAL_STORE,sole_proprietor,MUMBAI,Maharashtra,14/02/2024 01:39 AM,DELE6172573272913,ACTIVE,242.87
MCH5467,"Kurian, Anne and Borra",4814,Mobile Recharge,INDIVIDUAL,LDH,Punjab,17-May-2024,3367286055,A,Rs. 940
MCH2763,Thaman-Virk,5912,chemist,Private Limited,Bangalore,Karnataka,23-Jul-2025,XXXX7625,Active,INR 563.88
MCH6819,"Krishnan, Pal and Nayar",5812,FOOD_SERVICES,sole_proprietor,Hyd,Telangana,1760726983,NA,Enabled,Rs. 499
MCH9563,"Singh, Issac and Murty",4131,TRAVEL,private_limited,Kolkata,West Bengal,02-01-2023,NA,Active,1366.02
mch8413,"Mammen,ParmerandChandra",4814,Mobile Recharge,SOLE_PROPRIETOR,Bangalore,Karnataka,03-19-2024,NA,Enabled,-393.94
mch6163,Raju and Sons,04131,Bus/Taxi,INDIVIDUAL,Ludhiana,Punjab,06/02/2025,XTAO1446983636380,Enabled,"INR 1,659.71"
MCH9740,Jain and Sons,5812,Restaurants,INDIVIDUAL,JPR,Rajasthan,2025-01-31 05:45:13,BHGC5407337420204,Live,1510.42
MCH3536,"Chaudry, Halder and Kota",5812,Food,PARTNERSHIP,JPR,Rajasthan,05-Nov-2023,UYBS8259834217447,INACTIVE,3533.21
MCH6352,Brar-Kale,5699,CLOTHS,partnership,Chennai,Tamil Nadu,2023-10-08 20:03:14,,Live,2366.79
MCH9196,Brahmbhatt Inc,5411,Grocery Stores,partnership,Bengaluru,Karnataka,1678948902,,Enabled,-4354.3
MCH5162,Srinivas-Sule,MCC-5311,Retail,INDIVIDUAL,jaipur,Rajasthan,20/02/2025,3127556904,Enabled,"₹1,145.33"
MCH9772,Sachdeva LLC,5411,Grocery Stores,sole_proprietor,kolkata,West Bengal,2025/10/23,BDSV5277645088008,Live,
MCH2506,"Sarna, Vora and Seth",4131,Transportation,INDIVIDUAL,Jaipur,Rajasthan,2024-06-13 02:51:27,,Enabled,222.33
mch1350,"KRISHNAMURTHY, DUTT AND SURA",MCC-4814,phone service,partnership,MUMBAI,Maharashtra,07-25-2024,3860313878,ACTIVE,"₹1,360.18"
mch7544,Ganesh and S0ns,4131,transprt,sole_proprietor,Ludhiana,Punjab,03-22-2025,FWAU1672608587886,Inactive,2329.09
MCH1221,"BAKSHI, DOCTOR AND BOBAL",MCC-7011,Hotels,Partnership,Mumbai,Maharashtra,,XXXX9345,Active,"INR 1,302.20"
MCH5637,Desai-Sankaran,MCC-5942,BOOKS_STATIONERY,Individual,kolkata,West Bengal,05/12/2025,NA,Active,-485.95
MCH-1973,Shan-Ahuja,4814,phone service,Private Limited,New Delhi,Delhi,22/01/2024,,Active,1273.63
MCH-6527,"Menon, Subramanian and Pai",7011,Hotel,individual,Ludhiana,Punjab,,,Enabled,1220.94
MCH1047,Rana-Aurora,4814,Telecom,Partnership,Bangalore,Karnataka,20/08/2023 01:01 AM,BJXS0430805448675,Enabled,"INR 1,003.46"
MCH7233,Kamdar-Bhakta,5411,groceries,Private Limited,Calcutta,West Bengal,1709933886,NA,Active,
MCH9043,Setty and Sons,7011,Hotel,PARTNERSHIP,Pune,Maharashtra,02-10-2024,NA,Active,"Rs. 3,323"
MCH9858,"Kapur, Doshi and Nayak",5812,Restaurant,PARTNERSHIP,delhi,Delhi,22/02/2025 05:45 AM,NA,Enabled,791.03
MCH7566,  Minhas Group  ,5912,Pharmacy,partnership,Bombay,Maharashtra,2024-03-08 07:53:44,NA,A,880.25
4788,Chauhan-Kh0s1a,05699,garments,INDIVIDUAL,Bangalore,Karnataka,,0651098523,Live,109.29
MCH9942,"Sarma, Butala and Ganguly",5912,MEDICAL_STORE,SOLE-PROPRIETOR,LKO,Uttar Pradesh,1760581270,,Enabled,
MCH6598,"Banik, Halder and Sabharwal",7011,HOTEL_LODGING,individual,mumbai,Maharashtra,02-Jun-2025,XXXX2729,Inactive,230.53
MCH 6737,Kohli Inc,5942,books_stationery,PARTNERSHIP,ludhiana,Punjab,06/07/2023,7394942754,Active,675.29
MCH 8024,Char-Sehgal,misc,Telecom,private_limited,Poona,Maharashtra,1724092131,3608411983,ACTIVE,-2309.37
mch7860,"Pall, Som and Dalal",5999,Misc Retail,PRIVATE-LIMITED,ASR,Punjab,2024-11-11 02:08:53,1164754239,Live,-625.05
mch2159,Sawhney LLC,5812,Food,SOLE_PROPRIETOR,Jalandhar,Punjab,16/05/2024,MGFR5989061568022,Active,"1,420.00"
MCH9941,"prakash, ramakrishnan and shukla",4814,Telecom,PARTNERSHIP,Ludhiana,Punjab,19/08/2023,,A,414.88
mch9489,Badal-Sankaran,4131,Transport,SOLE-PROPRIETOR,chennai,Tamil Nadu,03/02/2026 06:53 PM,,A,"INR 1,437.06"
MCH-9057,Dayal Ltd,NA,Stationery,partnership,JPR,Rajasthan,10-11-2024,TJAX1540713634286,Live,INR 728.46
mch3177,"Ping1e, Ra0 and Varty",4131,TRAVEL,individual,Calcutta,West Bengal,2025-04-19 12:39:17,XXXX0077,S,"₹1,840.14"
MCH7162,panchal-ratti,5411,kirana,private_limited,DELHI,Delhi,11/03/2023 12:12 AM,RYQU3238280392506,Enabled,1176.97
MCH3449,NIGAM-AGATE,05999,Miscellaneous,partnership,Bombay,Maharashtra,1770954212,UOSM0726239882457,Enabled,236.02
MCH7185,Prasad Ltd,05311,Department Store,INDIVIDUAL,Mumbai,Maharashtra,2023-06-04 18:29:01,XXXX4284,Enabled,-853.37
MCH2919,Menon-Vaidya,,Pharmacy,SOLE_PROPRIETOR,New Delhi,Delhi,2023-03-20 14:46:24,NA,Enabled,"₹3,825.85"
MCH 4487,Maharaj-Murthy,MCC-5912,MEDICAL_STORE,individual,amritsar,Punjab,04-23-2024,TWRO4245073175794,A,1455.08
MCH8098,mittal-konda,MCC-5699,Clothing,PRIVATE_LIMITED,Kolkata,West Bengal,,NA,ACTIVE,925.94
MCH 6474,Soni-Raja,5999,Miscellaneous,INDIVIDUAL,ASR,Punjab,2024-01-29 07:23:52,NA,Enabled,696.57
MCH9444,Sachdeva-Khatri,04131,TRAVEL,PARTNERSHIP,Jalandhar,Punjab,13/01/2024,2308250236,Active,345.26
MCH6064,Viswanathan-Tak,5942.0,BOOKS_STATIONERY,SOLE-PROPRIETOR,Madras,Tamil Nadu,,RDFT0727994735934,Blocked,519.38
MCH 6869,"Oak, Kalla and Chand",4131,transprt,PRIVATE_LIMITED,Pune,Maharashtra,2025-01-21 15:07:04,XXXX1495,A,"2,412.44"
MCH4320,Vala and Sons,4814,Mobile Recharge,PRIVATE_LIMITED,MUMBAI,Maharashtra,14/10/2024,NNFD4351390281416,Disabled,-288.28
MCH6401,ramachandran-borah,4814,Telecom,PRIVATE-LIMITED,bengaluru,Karnataka,2023-07-16 14:03:46,BIIV8391883916775,Live,Rs. 371
MCH4218,Srivastava Ltd,05942,Book Store,SOLE_PROPRIETOR,Bombay,Maharashtra,20-Nov-2023,LFAP5704533731300,Enabled,"1,744.69"
MCH3900,Mand-Bedi,5812,eating place,PRIVATE_LIMITED,Kolkata,West Bengal,2025/02/20,XXXX1674,Enabled,1036.74
MCH8615,devi-narasimhan,5942,Book Store,SOLE-PROPRIETOR,Calcutta,West Bengal,11-18-2024,8648906197,A,722.58
MCH6447,Kant-Tella,07011,Hotel,PARTNERSHIP,Delhi,Delhi,22/01/2026,,A,994.25
MCH-7366,Bora-Nadkarni,5411,kirana,partnership,Bengaluru,Karnataka,17-Mar-2024,NA,Suspended,"Rs. 2,024"
mch5106,LUTHRA LLC,5942.0,Stationery,PRIVATE_LIMITED,jalandhar,Punjab,2023/12/01,XXXX6321,Enabled,Rs. 411
MCH2038,Keer Inc,5311,Department Stores,Partnership,pune,Maharashtra,07/06/2025 07:52 PM,,INACTIVE,
MCH3179,"Din,MukhopadhyayandBawa",05999,Misc Retail,SOLE_PROPRIETOR,Chennai,Tamil Nadu,10-31-2023,UQUU0653302527343,Suspended,"INR 1,687.99"
MCH9173,BUMB-BANDI,5999,Miscellaneous,SOLE_PROPRIETOR,Poona,Maharashtra,26/06/2023 02:58 AM,,Enabled,INR 450.27
MCH3483,"Puri, Sachdeva and Jhaveri",5812,Restaurants,private_limited,jaipur,Rajasthan,15/08/2025,XXXX0583,Closed,"1,128.90"
MCH3971,Sura PLC,7011,hotel_lodging,INDIVIDUAL,Dilli,Delhi,2024-04-17 13:25:57,,Inactive,₹748.82
MCH9811,"Dyal, Ranganathan and Sinha",5812.0,Food,private_limited,New Delhi,Delhi,04/11/2025,RQQY2365576077878,Enabled,972.81
MCH 1924,"Choudhary, Iyer and Boase",05912,chemist,Partnership,jaipur,Rajasthan,12-Nov-2024,XXXX3944,ACTIVE,7220.04
1064,Nanda Ltd,5812,eating place,individual,amritsar,Punjab,1757458144,NA,ACTIVE,"INR 1,182.15"
MCH 3842,"Rao, Rajagopal and Ratti",4131,Bus/Taxi,PRIVATE-LIMITED,Jaipur,Rajasthan,27-Jan-2024,,Live,₹444.10
MCH-3549,Khalsa and Sons,5812,Food,INDIVIDUAL,amritsar,Punjab,07/01/2025,AXNC2296857054867,Active,1756.73
MCH5450,"Karnik, Karan and Boase",,Stationery,PARTNERSHIP,kolkata,West Bengal,09-09-2024,NA,Enabled,852.07
MCH4630,Jhaveri PLC,MCC-5999,Misc Retail,Sole Proprietor,Ludhiana,Punjab,11/07/2025 02:07 AM,2284002392,Live,"INR 1,285.49"
MCH9942,Srinivas and Sons,,Hotels,individual,amritsar,Punjab,09/07/2024 01:54 PM,NAOM1028605509837,Active,636.69
MCH7198,"Thakkar, Mistry and Sinha",misc,Book Store,sole_proprietor,Pune,Maharashtra,02-21-2023,,A,3029.62
MCH9770,jha-andra,,transprt,Sole Proprietor,Chennai,Tamil Nadu,01-22-2026,BRJH7377264204006,S,"₹1,847.23"
MCH4623,"Gokhale, Ranganathan and Shenoy",05999,Miscellaneous,PRIVATE_LIMITED,HYDERABAD,Telangana,2025-08-17 15:21:40,0347099856,Active,Rs. 171
MCH3465,"Patla, Tiwari and Bobal",4814,Mobile Recharge,PRIVATE-LIMITED,amritsar,Punjab,10/09/2024 10:44 PM,BMXM3313589371926,ACTIVE,Rs. 662
5186,Dey-Bansal,5912,MEDICAL_STORE,sole_proprietor,Chennai,Tamil Nadu,21/09/2025,,ACTIVE,Rs. 365
MCH8638,ramanathan-apte,05942,Book Store,PARTNERSHIP,chennai,Tamil Nadu,16/04/2025,XXXX4259,ACTIVE,INR 985.80
MCH6547,"Gupta,DewanandNadig",5942,Books,Individual,HYDERABAD,Telangana,27/05/2023,,Disabled,INR 974.14
MCH9827,Chaudry and Sons,5311,Department Stores,PRIVATE-LIMITED,Bangalore,Karnataka,02-Apr-2025,WKDN2531235762305,Enabled,1686.75
MCH8539,Arya-Char,5699,Apparel,sole_proprietor,Madras,Tamil Nadu,2025-10-07 09:25:50,XXXX4751,Enabled,3012.9
MCH2656,"Kala, Shetty and Sheth",5411,kirana,sole_proprietor,Dilli,Delhi,1701825795,NA,Enabled,5073.35
MCH3841,"SANDHU, KHOSLA AND GUHA",5999,miscellaneous,Partnership,Bangalore,Karnataka,16/09/2024,7616513593,Active,2207.18
MCH5114,Lal Group,05411,kirana,Private Limited,Bangalore,Karnataka,2024-06-23 01:46:15,XXXX3035,Active,1143.5
mch3680,Gala and Sons,4131,Transportation,PARTNERSHIP,Dilli,Delhi,2023/12/31,,ACTIVE,Rs. 962
mch9530,B0rah PLC,,FOOD_SERVICES,individual,Hyderabad,Telangana,11-01-2023,,Suspended,999.86
MCH4975,Bhakta-Sidhu,5699,Fashion,PARTNERSHIP,Jalandar,Punjab,2024/09/18,,Enabled,280.66
MCH4319,"Setty, Sarkar and Mahajan",5311,Retail,PRIVATE_LIMITED,Mumbai,Maharashtra,01-Feb-2025,5750964403,Live,"1,351.02"
MCH7912,Jaggi-Khare,4814,Mobile Recharge,individual,Kolkata,West Bengal,29/04/2023 03:51 AM,,Suspended,993.76
mch2995,  Patil Ltd  ,7011,Hotel,PRIVATE-LIMITED,amritsar,Punjab,25-Dec-2025,2612684538,Enabled,492.36
MCH-7596,Bajwa-Luthra,4814,Telecom,PRIVATE-LIMITED,Hyderabad,Telangana,20-Apr-2024,,SUSPENDED,
MCH5941,G0ur Ltd,5942,Books,PRIVATE_LIMITED,lucknow,Uttar Pradesh,04-30-2023,XXXX2222,Inactive,1448.04
MCH7025,"Shanker, Bandi and Bala",5999,Retail Other,INDIVIDUAL,bengaluru,Karnataka,2025/01/26,XXXX6482,A,4575.03
MCH8943,Bassi-Dhingra,5942,Book Store,PRIVATE-LIMITED,Madras,Tamil Nadu,09/09/2024 12:49 AM,NA,Live,774.62
MCH1879,  Maharaj PLC  ,5942,BOOKS_STATIONERY,Partnership,delhi,Delhi,01/03/2023 06:18 AM,,Enabled,"INR 1,269.91"
MCH-1811,Shukla-Ganesan,misc,HOTEL_LODGING,Individual,DELHI,Delhi,2024-01-14 13:33:19,9614445611,Disabled,871.51
MCH2792,KrishnamurthyPLC,MCC-7011,Hotel,SOLE_PROPRIETOR,Jalandhar,Punjab,03/02/2023,NA,Enabled,"INR 1,501.90"
MCH8613,Comar-Tata,5812,Restaurant,INDIVIDUAL,Lucknow,Uttar Pradesh,1693917088,NA,S,"₹2,485.09"
MCH4283,Joshi-Srinivas,MCC-5411,GROCERY_STORE,Partnership,Amritsar,Punjab,01-Sep-2023,NA,Enabled,1135.0
MCH8821,MUKHOPADHYAY-CHERIAN,MCC-5812,Restaurants,sole_proprietor,jalandhar,Punjab,11-26-2023,2404954167,A,INR 703.03
MCH8043,Lalla Group,5311,Department Stores,PRIVATE-LIMITED,LDH,Punjab,07-31-2024,,ACTIVE,"Rs. 1,064"
mch9954,Mitra LLC,5912,Medical,Sole Proprietor,Lucknow,Uttar Pradesh,30/06/2023,,ACTIVE,₹412.84
MCH5061,Natarajan Inc,05699,CLOTHS,SOLE-PROPRIETOR,LDH,Punjab,2025-10-10 11:35:42,3155448560,ACTIVE,"1,265.19"
MCH4527,BansalInc,5411.0,groceries,PRIVATE-LIMITED,lucknow,Uttar Pradesh,29/10/2025 09:36 PM,BWHM6431375051395,A,"Rs. 3,449"
MCH5873,"  Kade, Srivastava and Iyengar  ",5999,Miscellaneous,Partnership,lucknow,Uttar Pradesh,06/10/2023,NA,Enabled,"₹3,185.85"
MCH6772,"Sarin,KaleandBava",5411,groceries,Individual,Amritsar,Punjab,12/03/2024,4810020944,INACTIVE,893.58
MCH2180,Chaudry-Sidhu,,Apparel,PRIVATE-LIMITED,Pune,Maharashtra,,4033666419,Live,"INR 3,354.42"
MCH7350,SULE LLC,5699,CLOTHS,private_limited,amritsar,Punjab,2024-01-31 17:29:42,XXXX7331,A,-1887.59
MCH 4383,Vala LLC,05311,DEPT_STORE,SOLE-PROPRIETOR,Lucknow,Uttar Pradesh,15/06/2025,NA,A,219.66
MCH6498,Sankaran-Gupta,,Grocery,PARTNERSHIP,HYDERABAD,Telangana,29-Oct-2023,LBQV8100985155327,Hold,₹992.12
MCH4717,Bir Ltd,4131,Transportation,PRIVATE-LIMITED,Madras,Tamil Nadu,14-Nov-2025,JKIU5676140711543,Live,"7,107.16"
MCH6233,"Arora, Agarwal and Padmanabhan",5942,Books,SOLE-PROPRIETOR,Amritsar,Punjab,03-May-2024,,ACTIVE,1090.35
MCH6907,Dhillon-Sama,5812.0,Restaurants,PRIVATE-LIMITED,Jalandar,Punjab,21/12/2024 07:31 AM,,A,4335.88
MCH8365,"Kashyap,SharmaandBalasubramanian",4814,TELECOM,PRIVATE-LIMITED,Jalandhar,Punjab,01-24-2023,XXXX5913,Enabled,786.29
MCH8714,GuptaGroup,5912,Pharmacies,SOLE_PROPRIETOR,Pune,Maharashtra,08/10/2023,XXXX2445,Inactive,INR 569.38
MCH6239,"MAJUMDAR, LANKA AND SEHGAL",05942,BOOKS_STATIONERY,PARTNERSHIP,Amritsar,Punjab,21-Jan-2024,,Active,"1,181.24"
mch6053,Sehgal-Pathak,05699,CLOTHS,INDIVIDUAL,MUMBAI,Maharashtra,2023-02-18 08:22:28,,Live,379.97
mch8263,"Gara, Kar and Raval",5699,CLOTHS,SOLE_PROPRIETOR,Madras,Tamil Nadu,2025-07-21 16:32:17,XLDI5037601996445,ACTIVE,1443.08
MCH4194,Hegde-Chahal,,MEDICAL_STORE,sole_proprietor,ASR,Punjab,11-15-2025,,INACTIVE,
MCH7890,contractor plc,07011,Hotel,PARTNERSHIP,Chennai,Tamil Nadu,2024-07-21 17:41:07,KQNM1742343730851,Inactive,-652.34
MCH6480,Sundaram and S0ns,5699,Apparel,Partnership,Bombay,Maharashtra,13/11/2023 01:40 AM,XXXX8936,A,680.72
mch7973,"Dhar, Som and Mane",07011,Hospitality,sole_proprietor,Calcutta,West Bengal,1673956648,GEUZ7160822941996,ACTIVE,"1,422.91"
MCH7504,"MANDAL, TRIPATHI AND BHATNAGAR",7011,Hotel,SOLE-PROPRIETOR,ASR,Punjab,1682244282,IUKB6414988497315,A,"INR 8,261.29"
MCH9567,"Dar, Gera and Sane",05812,FOOD_SERVICES,private_limited,delhi,Delhi,09-Jan-2026,NA,ACTIVE,850.48
MCH6731,ThakurPLC,05812,eating place,Individual,Hyd,Telangana,25/10/2025,NA,Enabled,₹305.30
MCH1530,Parmer-Bath,5699,Clothing,INDIVIDUAL,Lucknow,Uttar Pradesh,29-Apr-2024,JMXE9195425616055,Live,INR 375.02
9012,"Goel, Devan and Grover",5411,GROCERY_STORE,SOLE-PROPRIETOR,ASR,Punjab,16/09/2025 06:09 AM,7133638417,Disabled,603.58
MCH5163,"Pandit, Lad and V0ra",4814.0,Mobile Recharge,INDIVIDUAL,kolkata,West Bengal,31/05/2023,XXXX7995,ACTIVE,"1,014.92"
MCH5897,Mutti-Doshi,5912,MEDICAL_STORE,PRIVATE-LIMITED,Amritsar,Punjab,06/01/2026,NA,Live,"Rs. 1,302"
MCH3872,Krish Group,5699,CLOTHS,Partnership,ASR,Punjab,03-14-2024,NA,A,3660.6
MCH2941,SenGroup,MCC-5311,Department Store,SOLE-PROPRIETOR,mumbai,Maharashtra,2024/09/22,XXXX4390,Live,"INR 1,783.76"
MCH4395,  Ramakrishnan-Rastogi  ,5999,Misc Retail,private_limited,chennai,Tamil Nadu,11-19-2025,,Active,
MCH9843,"Banerjee, Singh and Anne",5942,Stationery,INDIVIDUAL,chennai,Tamil Nadu,2025/04/07,,Enabled,"₹8,077.21"
MCH4528,Memon LLC,MCC-5912,Medical,partnership,Hyd,Telangana,2023-01-05 23:02:24,VOFY4004091833640,Active,490.99
MCH4973,vala-raval,7011,Hotel,PRIVATE_LIMITED,Chennai,Tamil Nadu,05-04-2024,XXXX2841,A,INR 859.46
MCH1855,Kala-Shan,,Restaurant,Private Limited,Kolkata,West Bengal,1699835914,NA,Hold,"Rs. 1,474"
9426,Puri-Soman,5699.0,garments,INDIVIDUAL,Bangalore,Karnataka,10-28-2023,EDMP4232010731701,A,333.54
MCH 6171,  Naik and Sons  ,5812,Restaurant,Individual,amritsar,Punjab,08-09-2023,NA,Closed,4084.17
MCH6244,maharaj ltd,07011,Hospitality,INDIVIDUAL,JPR,Rajasthan,29-Jul-2023,NA,Suspended,-1112.58
MCH3720,"Bedi, Sanghvi and Balakrishnan",5411,groceries,INDIVIDUAL,New Delhi,Delhi,2024-04-14 08:30:13,ECCR6940813795514,ACTIVE,Rs. 610
mch6446,CONTRACTOR LLC,5311,DEPT_STORE,INDIVIDUAL,Jaipur,Rajasthan,1727090002,,A,"INR 1,356.41"
MCH4989,Khanna and Sons,7011,HOTEL_LODGING,private_limited,ludhiana,Punjab,2025/09/25,,A,"₹1,981.95"
MCH7149,  Shanker-Kala  ,5942.0,Book Store,Sole Proprietor,Amritsar,Punjab,2023-07-09 09:54:42,,Active,"Rs. 1,819"
MCH2567,"Magar, Hora and Khare",4131,Transportation,sole_proprietor,delhi,Delhi,30/09/2024,TLMQ4688047179537,A,572.7
MCH9494,"  Wable, Warrior and Parmer  ",,telecom,Individual,pune,Maharashtra,05-27-2024,NA,A,INR 455.01
MCH6482,Mitra-Agate,5311,Department Store,INDIVIDUAL,amritsar,Punjab,04-06-2024,,Inactive,"Rs. 1,340"
MCH1729,VORA LLC,misc,Food,INDIVIDUAL,Ludhiana,Punjab,25-Dec-2023,SJMV2211374932495,ACTIVE,-2759.18
MCH1908,"RAGHAVAN, BADAMI AND MANI",05942,Stationery,partnership,Kolkata,West Bengal,2025-05-29 11:41:39,XXXX6948,Active,Rs. 856
MCH9342,Dua-Lala,5999,Misc Retail,sole_proprietor,bengaluru,Karnataka,17/04/2025 11:33 AM,BUXU5026475055431,S,1698.37
MCH9231,Kala-Dugar,4131,transprt,PARTNERSHIP,Poona,Maharashtra,,7817631283,Active,228.82
7679,Sama and Sons,05912,Pharmacies,PARTNERSHIP,Bengaluru,Karnataka,25-Feb-2026,2230627789,ACTIVE,3295.19
MCH-4414,"Manne, Arora and Goel",05411,groceries,PRIVATE_LIMITED,Hyd,Telangana,07-15-2025,,Active,-618.59
mch4811,Bhavsar-Seshadri,4814,TELECOM,Private Limited,ludhiana,Punjab,2023-08-25 10:08:48,2988135938,ACTIVE,₹388.63
MCH1267,master-tiwari,4814,TELECOM,private_limited,lucknow,Uttar Pradesh,,,Inactive,"INR 1,213.17"
MCH-6396,Mani-Puri,5999.0,Retail Other,INDIVIDUAL,LKO,Uttar Pradesh,21-Apr-2025,XXXX7558,Live,4113.97
MCH-2607,Garg PLC,5812,Food,INDIVIDUAL,Hyderabad,Telangana,01-31-2023,,Live,"Rs. 3,395"
MCH7106,mody-mitter,5699,CLOTHS,INDIVIDUAL,bengaluru,Karnataka,11/06/2023,ZNDK0366125245871,Active,₹574.51
MCH3212,Merchant LLC,5999,Miscellaneous,Private Limited,bengaluru,Karnataka,2023-07-06 11:16:53,9377229545,A,980.37
MCH6293,Bora-Nigam,5311,Department Store,PARTNERSHIP,Jalandar,Punjab,,NA,Live,-4957.97
MCH6162,"Naik, Kade and Singh",4131,Bus/Taxi,PARTNERSHIP,ASR,Punjab,21/03/2025,XXXX4537,Enabled,2176.24
MCH7104,Kothari LLC,4814.0,phone service,PARTNERSHIP,Jalandar,Punjab,2023/07/12,XXXX8714,Live,810.17
MCH2009,"Tiwari, Naidu and Muni",5699,garments,partnership,Pune,Maharashtra,05-Apr-2024,NVFX6549311428381,Live,Rs. 732
MCH7513,Buch Inc,5812.0,Food,individual,Kolkata,West Bengal,2024/09/02,MLTA1304721995984,Active,Rs. 584
MCH 7432,sidhu-aurora,05942,Stationery,SOLE-PROPRIETOR,Dilli,Delhi,,1656062042,Enabled,₹611.30
MCH9096,"Boase, Swaminathan and Yohannan",5999,Miscellaneous,INDIVIDUAL,Chennai,Tamil Nadu,1722797787,NA,Live,"₹1,547.45"
MCH2241,Patla-Prabhakar,5942,BOOKS_STATIONERY,partnership,Calcutta,West Bengal,01-15-2026,,Live,Rs. 868
MCH6198,Rana-Sabharwal,5311,Retail,Individual,Bombay,Maharashtra,,,Live,410.5
MCH5611,"Bawa, Grewal and Chakrabarti",5311,Department Stores,PARTNERSHIP,mumbai,Maharashtra,,NA,ACTIVE,Rs. 764
MCH6026,NARAYANAN-BHATT,MCC-5942,Books,partnership,Hyderabad,Telangana,09-14-2025,1281831300,Enabled,746.02
MCH7455,"MODY, BHATTACHARYYA AND PALLA",4814,phone service,INDIVIDUAL,delhi,Delhi,2024-04-11 22:40:38,XXXX4231,Live,113.99
mch9541,"Grover, Bhatia and Tandon",,Food,partnership,Lucknow,Uttar Pradesh,2025-07-02 05:37:38,NA,Live,"₹2,401.33"
MCH6711,Loyal-Srinivasan,5411,Grocery,PARTNERSHIP,HYDERABAD,Telangana,15-Jun-2025,XXXX4153,Disabled,931.24
MCH5545,  Parikh-Raja  ,5942,BOOKS_STATIONERY,SOLE-PROPRIETOR,Lucknow,Uttar Pradesh,2023/06/04,NA,Live,1144.37
MCH6928,Tata-Wagle,5912,chemist,PARTNERSHIP,Bengaluru,Karnataka,1703998737,RIXU6958241048195,A,"Rs. 1,008"
MCH7523,"sharaf, chad and prashad",5912,Medical,SOLE-PROPRIETOR,Lucknow,Uttar Pradesh,09-11-2023,XXXX3383,Active,"2,848.66"
MCH3619,"MODY, SAMI AND BATTA",5999,Retail Other,sole_proprietor,Kolkata,West Bengal,27/01/2026 07:14 AM,7469875023,Inactive,3456.23
MCH4984,"Aurora, Mohan and Jain",4814.0,Mobile Recharge,SOLE-PROPRIETOR,jaipur,Rajasthan,02-Jul-2024,XXLT9593960471643,Active,-1500.11
mch2590,Goyal Group,7011,Hospitality,individual,DELHI,Delhi,22/06/2025 04:22 AM,XXXX8497,Enabled,INR 531.43
MCH 4200,Mahajan Group,5942.0,Book Store,sole_proprietor,Pune,Maharashtra,1716261173,XXXX4189,ACTIVE,839.74
MCH 1815,  Bhasin-Hans  ,5999,Misc Retail,PRIVATE_LIMITED,Hyd,Telangana,10-May-2025,,Enabled,₹789.34
mch3253,Khatri-Krishnamurthy,5942.0,Books,partnership,LKO,Uttar Pradesh,1702976322,NA,Enabled,"₹2,086.58"
mch9715,Desai PLC,7011,Hotel,Partnership,kolkata,West Bengal,10/01/2023,5413889015,Disabled,547.82
MCH6210,Sem Group,5812,eating place,private_limited,amritsar,Punjab,1704249728,,A,2370.64
MCH1019,Iyer-Thaker,5699,Clothing,Partnership,Kolkata,West Bengal,23-May-2025,XXXX9462,Live,
MCH1848,Acharya-Bail,5311,Retail,partnership,Poona,Maharashtra,2025/09/05,3196162533,ACTIVE,"Rs. 3,044"
MCH6803,  Babu-Aggarwal  ,5942,Stationery,Partnership,Pune,Maharashtra,24-May-2025,KCIX8411550946242,A,"INR 2,653.94"
MCH8410,Dugal and Sons,5942,Book Store,partnership,Bangalore,Karnataka,,RLEB2720083934064,Enabled,853.16
MCH5144,Johal Ltd,7011.0,HOTEL_LODGING,sole_proprietor,Jalandar,Punjab,1706805887,XXXX0257,INACTIVE,490.70
MCH5127,Sarkar-Vaidya,05699,Apparel,INDIVIDUAL,Bangalore,Karnataka,23/11/2023,NA,Live,465.12
mch6775,La11 Gr0up,5999,Retail Other,private_limited,chennai,Tamil Nadu,,WEWN8816151774902,INACTIVE,₹196.61
MCH6765,KONDA-MANDAL,4814,Telecom,sole_proprietor,Mumbai,Maharashtra,01-23-2025,NA,Live,
2003,Rajagopalan Inc,5311,DEPT_STORE,INDIVIDUAL,Poona,Maharashtra,16/06/2023,3428467704,ACTIVE,Rs. 567
MCH1226,"APTE, PINGLE AND PAL",,Hotel,Private Limited,Hyderabad,Telangana,03/01/2024,,Active,"Rs. 2,290"
MCH2914,BASSI-VARGHESE,5812,FOOD_SERVICES,SOLE-PROPRIETOR,Hyderabad,Telangana,2025/01/01,VBYI2823908948465,Closed,Rs. 90
MCH7560,  Chakraborty and Sons  ,,Department Store,PARTNERSHIP,pune,Maharashtra,,WVEJ5381131962008,ACTIVE,2097.03
MCH3324,"Thaman, Rajagopal and Borde",7011,Hotels,private_limited,Jalandhar,Punjab,2023/10/09,,Inactive,366.78
MCH4530,Kadakia Group,5942,Books,partnership,jalandhar,Punjab,2023-10-26 18:53:21,9489296663,Enabled,-2165.16
MCH3037,Wagle Ltd,5411,Grocery Stores,individual,Hyderabad,Telangana,30-Jan-2026,XXXX1382,ACTIVE,2391.24
MCH8927,RAJ-KALA,5999,Other,Individual,New Delhi,Delhi,22/04/2024 10:45 PM,XXXX1023,Live,261.67
MCH9395,Bhagat-Chana,MCC-5699,Fashion,Private Limited,jaipur,Rajasthan,12-12-2024,,Live,"₹2,768.73"
MCH4937,Mand and Sons,5912,chemist,partnership,Calcutta,West Bengal,,FBXP3192759861569,INACTIVE,2054.97
MCH8765,"Kamdar, Sehgal and Tata",5411,Grocery,PARTNERSHIP,DELHI,Delhi,01-06-2025,XXXX8883,Active,"INR 4,863.17"
MCH9074,Sa1vi-Tata,7011,Hotels,PARTNERSHIP,Chennai,Tamil Nadu,2025/04/24,XXXX6816,ACTIVE,"Rs. 1,227"
MCH2438,Saxena-Sagar,5999,Misc Retail,sole_proprietor,amritsar,Punjab,2025-06-21 03:10:13,TOND5392493573658,ACTIVE,1010.25
MCH7391,"Vora, Lad and Sekhon",5411,groceries,partnership,Poona,Maharashtra,08-Jul-2023,,Inactive,4971.16
MCH 9969,Tiwari and Sons,05942,BOOKS_STATIONERY,private_limited,ludhiana,Punjab,15/01/2023,3536281860,Disabled,1542.28
MCH7270,Subramanian LLC,7011,Hotels,PRIVATE-LIMITED,ASR,Punjab,2025-01-15 22:39:15,NA,ACTIVE,1469.96
MCH4244,Kade-Devan,,Hotels,Sole Proprietor,Chennai,Tamil Nadu,12-Jul-2025,0738245695,A,1429.19
mch8768,kata-bajwa,5999,Miscellaneous,partnership,Madras,Tamil Nadu,2023-09-16 08:38:57,7445884693,ACTIVE,"INR 1,033.90"
MCH8093,"Seth, Bassi and Raman",7011,HOTEL_LODGING,PARTNERSHIP,Hyd,Telangana,15/05/2024,XXXX3618,Active,1629.96
MCH8607,  Dash-Dora  ,5411,Grocery,PRIVATE_LIMITED,delhi,Delhi,2023/01/29,XXXX9578,A,"3,092.32"
MCH2476,Choudhary-Borah,7011,Hospitality,PRIVATE-LIMITED,Kolkata,West Bengal,15/10/2025,PXIN8486080746921,A,1108.38
MCH-6121,Madan PLC,MCC-5311,Retail,Private Limited,Bangalore,Karnataka,09-07-2023,2257947989,Active,1208.86
MCH4517,"Madan, Gola and Srivastava",5812,Restaurants,SOLE-PROPRIETOR,kolkata,West Bengal,1746627964,NA,ACTIVE,-671.65
MCH8176,Bala PLC,MCC-5311,DEPT_STORE,sole_proprietor,HYDERABAD,Telangana,,,Enabled,"Rs. 3,488"
MCH3682,"Upadhyay, Soni and Dhawan",4131,transprt,SOLE_PROPRIETOR,chennai,Tamil Nadu,16-Sep-2025,XXXX0969,Inactive,"₹3,236.27"
MCH 5086,Balan LLC,5999,Other,PRIVATE-LIMITED,Amritsar,Punjab,12-19-2023,XXXX8174,A,INR 575.58
5951,"Sahni, Gour and Sama",05311,Department Store,Private Limited,Pune,Maharashtra,13/05/2024,NA,ACTIVE,2353.06
mch2741,"Wason, Jain and D’Alia",5942,BOOKS_STATIONERY,SOLE_PROPRIETOR,Ludhiana,Punjab,23/03/2024,KUJF0124670796240,Hold,361.19
MCH3903,"KHARE, BALASUBRAMANIAN AND MITAL",05942,BOOKS_STATIONERY,sole_proprietor,Jaipur,Rajasthan,2024-08-25 14:04:47,7400031518,Live,3531.21
MCH1311,"Dugal, Munshi and Kunda",4814,Telecom,INDIVIDUAL,Jaipur,Rajasthan,27/03/2025 09:22 PM,XXXX7230,ACTIVE,"1,605.92"
MCH2743,Joshi PLC,,chemist,PRIVATE_LIMITED,Kolkata,West Bengal,1733162174,,Live,
MCH2698,KalaLLC,7011,HOTEL_LODGING,individual,lucknow,Uttar Pradesh,08-19-2023,YXNF3515433387898,Live,"INR 3,590.19"
MCH4092,Mukhopadhyay Group,5812,Food,Private Limited,Hyderabad,Telangana,24/12/2025,XXXX3479,Enabled,504.84
8680,Bhatt-Toor,5311,dept_store,private_limited,Jaipur,Rajasthan,2025/12/02,NA,Active,"₹1,399.60"
MCH4656,"Verma,SanghaandVora",5942,Book Store,PRIVATE_LIMITED,Delhi,Delhi,07-02-2024,NA,Active,431.25
MCH6246,kota inc,5699,Apparel,PRIVATE_LIMITED,MUMBAI,Maharashtra,17-Sep-2023,NSCU9760012397000,Active,1586.1
MCH9774,Trivedi Group,5912,Pharmacy,PARTNERSHIP,JPR,Rajasthan,03/08/2024,5443660478,Active,"Rs. 1,811"
MCH5100,Garde-Mody,,GROCERY_STORE,sole_proprietor,Hyderabad,Telangana,12-02-2023,HBWM0411273165352,A,347.68
MCH3873,"DUGAL, THAKUR AND PURI",7011,Hotels,PRIVATE-LIMITED,Jalandar,Punjab,02/07/2023,,ACTIVE,"1,499.22"
MCH1764,"K0h1i, Sa1vi and Ch0kshi",5699,CLOTHS,Partnership,ASR,Punjab,13/09/2025,NA,Enabled,12860.85
MCH9594,Ben Group,5311,DEPT_STORE,Sole Proprietor,jaipur,Rajasthan,10-Jan-2023,3846101369,A,4070.31
MCH8489,Mand and Sons,7011,Hotel,INDIVIDUAL,Poona,Maharashtra,24/08/2025,XXXX8251,Enabled,"₹2,744.11"
MCH5874,pandya plc,MCC-7011,Hotels,PARTNERSHIP,Hyderabad,Telangana,,XXXX1960,Suspended,-3183.86
MCH6650,Kuruvi11a-G01a,5942.0,Stationery,PRIVATE_LIMITED,Bangalore,Karnataka,2024/07/16,XXXX4971,Inactive,"2,725.71"
MCH 2514,"Dua, Peri and Sani",UNKNOWN,Mobile Recharge,Sole Proprietor,Kolkata,West Bengal,,VHRN8113044559744,A,937.87
MCH6572,"Sawhney, Bala and Krish",7011,HOTEL_LODGING,INDIVIDUAL,HYDERABAD,Telangana,08/06/2024 05:53 AM,XXXX3772,I,₹874.21
mch7449,"Brahmbhatt, Nagarajan and Kaul",05311,Department Store,sole_proprietor,Amritsar,Punjab,,,Enabled,INR 397.32
MCH4390,Ar0ra LLC,5812,Restaurants,Sole Proprietor,Hyd,Telangana,06/07/2025,XXXX2296,Enabled,"Rs. 1,372"
MCH5662,Kannan-Yogi,4131,transprt,individual,Madras,Tamil Nadu,2025/08/01,NA,Active,"1,393.63"
MCH5524,"Mangat, Sanghvi and Shah",5942,Books,PARTNERSHIP,Jalandar,Punjab,2024/09/30,XXXX2255,ACTIVE,"INR 6,188.20"
MCH7246,LATA LTD,5699,CLOTHS,PARTNERSHIP,Madras,Tamil Nadu,17/03/2024 08:45 AM,XXXX2358,Active,1315.04
MCH6729,  Khatri and Sons  ,misc,Medical,PARTNERSHIP,Madras,Tamil Nadu,07-01-2023,TABO6915851442100,Active,
MCH9311,Sathe Group,5942,BOOKS_STATIONERY,PRIVATE_LIMITED,Ludhiana,Punjab,31/05/2025 11:35 PM,NA,Active,595.82
mch4812,rai-aurora,7011,Hospitality,Private Limited,JPR,Rajasthan,09/07/2025,IKZY9727785883400,Enabled,1732.91
mch4447,"sodhi, dalal and iyengar",5311,Department Store,Private Limited,Bangalore,Karnataka,,XXXX0235,A,₹208.51
mch5091,Rau-Ratta,5812,eating place,PARTNERSHIP,Calcutta,West Bengal,2024/03/24,ZHRH0362265719965,Enabled,Rs. 755
MCH5281,Rajagopalan Ltd,7011,Hotels,SOLE_PROPRIETOR,Bengaluru,Karnataka,02-04-2024,NA,ACTIVE,939.26
MCH1364,Ba1 Gr0up,05942,Book Store,Sole Proprietor,Lucknow,Uttar Pradesh,21-Feb-2025,NA,Enabled,-2000.66
MCH4096,"Bhat, Kapoor and Borah",5999,Misc Retail,private_limited,Hyderabad,Telangana,27-Nov-2024,0474814059,Live,"INR 2,092.25"
MCH9702,Ranganathan-Madan,7011,Hotels,INDIVIDUAL,Hyderabad,Telangana,10-Apr-2025,RTHS3346421176187,Active,"INR 1,980.13"
MCH5813,Nair Inc,4814,Mobile Recharge,Sole Proprietor,Chennai,Tamil Nadu,,,A,1408.29
MCH5950,Nath-Lad,5812,FOOD_SERVICES,Individual,Jalandar,Punjab,17/12/2023,NA,ACTIVE,Rs. 318
MCH8976,PRAKASH PLC,5699,garments,Sole Proprietor,Jalandar,Punjab,15-Feb-2023,YWYW3270588037167,SUSPENDED,1358.57
MCH1774,"Sundaram, Dani and Mall",5942,Stationery,Partnership,lucknow,Uttar Pradesh,23-Aug-2024,XXXX1272,Enabled,10785.29
MCH7470,Venkatesh Ltd,misc,garments,sole_proprietor,lucknow,Uttar Pradesh,1745934573,DLXM0557851330372,Active,Rs. 787
MCH6863,Mani Group,5311,DEPT_STORE,individual,JPR,Rajasthan,30-May-2024,EJVY0425294699404,Enabled,"Rs. 2,985"
MCH3586,Dayal-Nagar,misc,Pharmacies,partnership,Hyd,Telangana,28-Jan-2026,1143347480,ACTIVE,"₹2,093.13"
MCH9834,Handa-Chaudhari,05411,Grocery Stores,private_limited,Lucknow,Uttar Pradesh,2025/04/27,XXXX0961,Enabled,"₹3,989.90"
MCH 4723,kanda ltd,5999,Retail Other,Individual,Chennai,Tamil Nadu,2024/08/27,XXXX1287,A,INR 649.83
MCH8811,Bobal LLC,5999.0,Other,PARTNERSHIP,Hyderabad,Telangana,18-Dec-2023,4729552126,Enabled,"INR 1,645.76"
MCH2047,Ghose-Kannan,5942,Book Store,SOLE_PROPRIETOR,LKO,Uttar Pradesh,2025/05/24,NA,Active,"₹1,609.08"
MCH2308,Bhattacharyya LLC,MCC-5311,DEPT_STORE,SOLE-PROPRIETOR,Jalandhar,Punjab,14-Oct-2023,NA,I,"4,753.89"
MCH9162,Shankar-Shah,5999,Miscellaneous,PRIVATE-LIMITED,Bangalore,Karnataka,22-Feb-2023,BRKF3158800571527,A,
MCH5430,THAKKAR AND SONS,5699,CLOTHS,PRIVATE_LIMITED,Amritsar,Punjab,01-19-2023,,INACTIVE,4264.84
MCH7768,Sahota-Walia,4131,Bus/Taxi,Partnership,delhi,Delhi,19/06/2025 07:32 AM,,Hold,1097.55
MCH6325,Mannan-Rattan,5311,Department Store,PRIVATE_LIMITED,Calcutta,West Bengal,2023-12-29 06:16:05,XXXX9688,Live,"₹1,405.47"
MCH7362,kothari plc,5942,Books,private_limited,pune,Maharashtra,2026/02/11,XXXX4121,ACTIVE,₹478.42
MCH8060,Nayar-Ahluwalia,5812,FOOD_SERVICES,private_limited,pune,Maharashtra,04/03/2025 08:55 PM,6259970343,I,"₹2,824.32"
MCH 1032,Nori-Nigam,7011,Hotels,SOLE_PROPRIETOR,pune,Maharashtra,21/09/2025,DXHQ1859405929058,Enabled,652.29
MCH3324,"Thaman, Rajagopal and Borde",7011,hotels,private_limited,Jalandhar,Punjab,2023/10/09,,Suspended,366.78
mch7763,"Choudhury, Mody and Tank",5912,Medical,INDIVIDUAL,chennai,Tamil Nadu,11-03-2023,,Enabled,777.85
MCH4361,"dugal, barad and nagi",5411,groceries,Private Limited,pune,Maharashtra,2025/10/27,XXXX1186,Enabled,4047.59
MCH1336,Tandon-Pant,5311,Department Store,SOLE-PROPRIETOR,Jaipur,Rajasthan,2025-09-04 05:40:18,EOFD1587956050833,Enabled,Rs. 991
MCH2487,"Virk, Ganguly and Saraf",5812,Food,PARTNERSHIP,bengaluru,Karnataka,2024/04/24,,I,₹362.02
MCH 5219,Pillay Group,04814,TELECOM,PARTNERSHIP,Jalandar,Punjab,,XXXX0337,Enabled,INR 834.97
MCH6308,  Seshadri LLC  ,5699,Fashion,PRIVATE_LIMITED,New Delhi,Delhi,03/10/2025,,A,INR 422.55
MCH-6119,HayerLtd,5912,Pharmacies,Individual,ASR,Punjab,2025/12/11,,Live,"₹1,262.04"
MCH4360,Khurana Ltd,5699,Apparel,partnership,Jaipur,Rajasthan,,7767895451,ACTIVE,507.91
MCH3334,Majumdar-Raja,4814,Mobile Recharge,private_limited,Hyd,Telangana,02/09/2023 04:50 AM,7204878806,A,2941.2
9879,Venkataraman-Tata,4814,Mobile Recharge,INDIVIDUAL,LDH,Punjab,04/01/2024,5404250897,I,2839.66
mch3553,"Bajwa, Tata and Narula",5912.0,MEDICAL_STORE,PRIVATE-LIMITED,lucknow,Uttar Pradesh,02/01/2023 07:20 PM,7783034910,Enabled,-1334.71
mch3504,"Ram, Dora and Bhatti",5942.0,Book Store,individual,pune,Maharashtra,08-May-2025,OOSJ0277155475198,Inactive,520.17
MCH3568,"CHOUDHURY, TRIVEDI AND BHATNAGAR",5311,Department Stores,Private Limited,Ludhiana,Punjab,10/04/2025,XXXX4927,Enabled,1208.3
MCH6721,Pradhan-Taneja,5411,Grocery Stores,INDIVIDUAL,BLR,Karnataka,,XXXX4118,Live,433.36
MCH3574,Sodhi-Shan,4131,Transport,partnership,Poona,Maharashtra,31-May-2025,YFPD1472473488670,INACTIVE,"Rs. 4,407"
MCH2015,Gulati LLC,4814,phone service,PRIVATE_LIMITED,Jaipur,Rajasthan,22/06/2023 07:04 AM,,Live,"17,945.28"
mch2215,Maharaj-Kale,7011,Hospitality,Individual,Calcutta,West Bengal,2024/08/03,,ACTIVE,"₹3,526.35"
MCH 4725,Joshi PLC,5311.0,DEPT_STORE,private_limited,Amritsar,Punjab,2023/05/23,UNBB3297911061225,Active,639.24
MCH 7452,Vora-Gill,5999,Miscellaneous,PRIVATE_LIMITED,Ludhiana,Punjab,2024-12-05 11:38:47,NKBN9107928248400,Enabled,254.79
MCH7118,Chaudhry Ltd,5311,Retail,SOLE_PROPRIETOR,HYDERABAD,Telangana,2025/05/15,XXXX9631,A,6144.18
MCH8813,Dey-Dua,5812,Food,PARTNERSHIP,HYDERABAD,Telangana,10-Nov-2023,7101082372,Enabled,"₹1,432.39"
mch3698,"Prashad, Viswanathan and Sama",5311,Retail,PARTNERSHIP,amritsar,Punjab,02-09-2026,,Enabled,Rs. 514
mch4727,Dua-Mishra,5311,Department Store,sole_proprietor,pune,Maharashtra,18/05/2024,9730998246,Active,"Rs. 1,242"
MCH1526,CHOWDHURY AND SONS,4814,Mobile Recharge,sole_proprietor,Bangalore,Karnataka,07-14-2023,HWTS1273017978357,ACTIVE,"₹2,697.93"
MCH4463,"Choudhry, Sahni and Chaudhry",5699,Apparel,individual,Ludhiana,Punjab,1736392653,XXXX3118,Active,Rs. 402
MCH1224,setty-sami,5942,Books,INDIVIDUAL,kolkata,West Bengal,02/09/2023 05:59 AM,7626814027,Enabled,609.48
MCH1747,"Vig, Cherian and Ch0udhury",5999,Other,INDIVIDUAL,New Delhi,Delhi,2025-08-22 05:19:05,,Enabled,"₹1,469.56"
MCH4022,"Kade, Sethi and Balakrishnan",,Grocery,SOLE-PROPRIETOR,Ludhiana,Punjab,27/03/2025,XXXX9200,Active,-1344.13
MCH8068,Narula-Nadkarni,4131.0,transprt,PRIVATE-LIMITED,bengaluru,Karnataka,2025-06-08 09:19:38,ATPT6936183619498,Live,-452.45
MCH4185,Khanna and S0ns,MCC-5942,Book Store,PRIVATE-LIMITED,pune,Maharashtra,12-24-2025,,ACTIVE,"1,148.06"
mch6563,naik plc,4131,TRAVEL,individual,Jalandar,Punjab,04/04/2025 12:38 AM,NA,Enabled,"Rs. 1,376"
MCH2550,Misra-Natarajan,,Bus/Taxi,individual,Ludhiana,Punjab,06/02/2023 04:42 AM,7951076714,Enabled,1549.99
MCH2556,"ZACHARIAH, MANNE AND BEDI",5942,BOOKS_STATIONERY,partnership,Calcutta,West Bengal,05/10/2024 01:12 AM,8663284555,Active,"INR 1,248.82"
MCH2592,"Garg, Saha and Sampath",5999,Miscellaneous,PRIVATE_LIMITED,HYDERABAD,Telangana,2024-03-28 13:13:52,NA,A,"₹3,945.98"
mch7967,Chandran Inc,5912,chemist,INDIVIDUAL,Bengaluru,Karnataka,06-19-2025,NA,Active,-1630.08
MCH8436,sangha plc,5942,Book Store,private_limited,Hyd,Telangana,08-16-2025,NA,Enabled,
MCH8326,"Bassi, Lalla and Sastry",5411,Grocery,INDIVIDUAL,Amritsar,Punjab,2025/12/30,XXXX1031,Enabled,"Rs. 1,031"
MCH7629,Taneja-Vyas,5999,Miscellaneous,INDIVIDUAL,Poona,Maharashtra,2023-01-01 17:10:32,0070872652,Active,"₹1,413.56"
MCH2144,Choudhary-Kashyap,5942,Books,PARTNERSHIP,LDH,Punjab,1723568208,XXXX3571,A,350.72
MCH7077,raman and sons,5942,Stationery,PARTNERSHIP,chennai,Tamil Nadu,12/07/2023,YGME2321336279700,Enabled,359.0
MCH7034,Deol LLC,MCC-5942,BOOKS_STATIONERY,Individual,Pune,Maharashtra,27-Jan-2026,,Live,₹856.21
MCH1954,"Kunda, Kata and Shetty",,Telecom,INDIVIDUAL,Poona,Maharashtra,10-19-2025,0079661036,Active,INR 923.81
MCH9414,Banik-Garde,05812,Food,INDIVIDUAL,Jalandar,Punjab,01-16-2025,VESW9193556812149,A,942.13
MCH8450,Singhal LLC,,Miscellaneous,Private Limited,JPR,Rajasthan,18/07/2023,HPUX4362247724149,A,2472.47
MCH6843,TATA-BORAH,,BOOKS_STATIONERY,Sole Proprietor,Mumbai,Maharashtra,25/04/2023,NA,Live,395.55
MCH4474,Ram Ltd,4814,Telecom,PARTNERSHIP,Jalandhar,Punjab,07-13-2024,NA,ACTIVE,"₹1,082.17"
MCH-9988,"Johal, Padmanabhan and Sagar",,Medical,Individual,Dilli,Delhi,02/02/2026,NA,A,"₹1,620.14"
MCH-8734,"Ganguly, Hayre and Choudhury",4814,Telecom,SOLE_PROPRIETOR,Lucknow,Uttar Pradesh,05-May-2023,8075659044,ACTIVE,4276.72
MCH3288,"Bains, Arya and Sanghvi",7011,Hotels,partnership,Mumbai,Maharashtra,2025/11/26,ZNEZ2979868781030,Hold,-3587.5
MCH6985,Devi-Radhakrishnan,5942,Stationery,INDIVIDUAL,jalandhar,Punjab,1674187022,VEKB0627444661101,Active,694.07
mch2528,Bumb PLC,4131,Transport,SOLE_PROPRIETOR,amritsar,Punjab,2024-06-22 21:11:30,NA,Live,
MCH3237,Gaba Inc,5999,Miscellaneous,SOLE-PROPRIETOR,Delhi,Delhi,06/03/2023 03:03 PM,YPVB7296650386869,A,
MCH1923,Barad-Devan,5699,garments,Private Limited,Hyd,Telangana,08/12/2025,NA,Enabled,300.28
MCH4957,Natt Ltd,5699,Apparel,individual,lucknow,Uttar Pradesh,,5191776924,A,"₹1,324.11"
MCH 9467,"Pall, Lala and Dhar",4131,Transportation,Individual,Madras,Tamil Nadu,2024-09-03 09:23:16,,Live,"₹1,206.07"
MCH1007,Jain-Wadhwa,7011,HOTEL_LODGING,Private Limited,chennai,Tamil Nadu,30/06/2025,NA,Disabled,-927.51
1543,  Parmer Group  ,4131,TRAVEL,INDIVIDUAL,HYDERABAD,Telangana,04/02/2025 08:13 PM,,Active,"1,064.76"
MCH2962,"  Bala, Grover and Dutta  ",5411,kirana,partnership,ludhiana,Punjab,2024-07-12 18:53:51,,Live,"Rs. 1,134"
MCH8125,"Sane, Misra and Mitter",05912,MEDICAL_STORE,INDIVIDUAL,bengaluru,Karnataka,2025-10-29 14:28:47,,Live,"₹2,004.37"
MCH6161,More PLC,5311,Retail,PARTNERSHIP,JPR,Rajasthan,1713149526,,Active,849.42
MCH1077,"Peri, Pai and Dani",5311,Department Stores,Individual,Pune,Maharashtra,1753321037,OBKX2096371467257,Active,1189.85
MCH2924,Chaudhary-Dugar,5942,Stationery,INDIVIDUAL,Bombay,Maharashtra,2024-12-26 03:07:13,2683760099,Enabled,INR 770.99
MCH3180,Sanghvi and S0ns,5912,chemist,PRIVATE_LIMITED,Dilli,Delhi,06-03-2023,XXXX6774,Enabled,"Rs. 2,608"
MCH 4969,"Bobal, Garde and Upadhyay",4814,Mobile Recharge,sole_proprietor,Chennai,Tamil Nadu,2023/11/01,XXXX2131,Enabled,₹817.93
MCH-1159,De Ltd,MCC-5942,BOOKS_STATIONERY,individual,Calcutta,West Bengal,1764948926,,Enabled,"1,672.61"
mch7435,"Puri, Biswas and Roy",5912,Medical,PARTNERSHIP,JPR,Rajasthan,11-12-2023,XXXX1625,Blocked,-1536.78
MCH1299,mutti plc,5699,Clothing,Partnership,Jaipur,Rajasthan,06-27-2023,8421728078,A,605.64
MCH4090,Dada LLC,05999,Miscellaneous,Individual,chennai,Tamil Nadu,27/02/2025,EOAQ0943270820101,Enabled,"Rs. 1,538"
MCH-5562,Savant-Narayan,4131,TRAVEL,private_limited,Hyderabad,Telangana,18-Nov-2025,1333760731,A,"INR 2,799.21"
MCH1625,"Bora, Hayer and Koshy",,Miscellaneous,INDIVIDUAL,Bangalore,Karnataka,1729729956,TNHP5317294437298,ACTIVE,-1201.74
MCH-6839,Saha LLC,5411,groceries,INDIVIDUAL,Chennai,Tamil Nadu,07-20-2025,XXXX2777,Active,1531.04
MCH5749,"Bir, Sibal and Arya",5942,Stationery,partnership,Mumbay,Maharashtra,2024-05-10 03:51:33,NA,Active,1490.24
mch9135,"NATH, SAMRA AND CHOPRA",4814,Mobile Recharge,SOLE_PROPRIETOR,kolkata,West Bengal,04/02/2026 01:44 AM,7899898758,Active,387.53
MCH6045,"bajwa, wali and walla",5912,Pharmacy,PRIVATE_LIMITED,Bengaluru,Karnataka,28-Sep-2023,2003662760,Active,"Rs. 2,897"
MCH7606,  Chaudhari-Raman  ,MCC-5999,Misc Retail,PRIVATE_LIMITED,BLR,Karnataka,27/08/2024,,A,296.04
MCH5287,Dhillon Inc,05812,FOOD_SERVICES,Partnership,Madras,Tamil Nadu,2025-05-25 09:00:23,0377274505,A,
MCH8427,  Sankaran-Rai  ,5942.0,books,sole_proprietor,Hyd,Telangana,17-Oct-2023,ZQGR3907039607264,Suspended,Rs. 302
8789,"Pingle,NadigandNarula",5812,FOOD_SERVICES,Individual,Ludhiana,Punjab,02-07-2025,3828234177,A,-1463.08
MCH4123,"Parekh, Patla and Kar",5942,Book Store,Partnership,Jalandhar,Punjab,2024/11/09,5310260642,Enabled,"₹2,764.76"
MCH7554,"J0ha1, K0thari and Nagar",04131,Bus/Taxi,individual,Jalandar,Punjab,2023-02-05 23:53:12,NA,ACTIVE,572.11
MCH4124,"Dara, Salvi and Sawhney",5411,groceries,sole_proprietor,bengaluru,Karnataka,2025/10/12,INFT7849125820167,ACTIVE,2121.35
MCH3945,Mukhopadhyay-Raghavan,4131.0,transprt,Sole Proprietor,Bombay,Maharashtra,2023/03/05,XXXX6774,Enabled,INR 942.71
MCH 2516,Ben-Varghese,,GROCERY_STORE,SOLE-PROPRIETOR,chennai,Tamil Nadu,04/08/2023 09:20 PM,NA,Suspended,INR 398.68
mch7839,Chandra-Borra,5311,Department Store,Sole Proprietor,Lucknow,Uttar Pradesh,2024/11/02,NA,A,INR 710.20
MCH1713,Dubey Inc,5812,Restaurants,SOLE_PROPRIETOR,Kolkata,West Bengal,02/06/2025,XXXX0557,A,"Rs. 1,132"
MCH1393,HEGDE-BAHRI,MCC-5912,MEDICAL_STORE,Partnership,ludhiana,Punjab,15-Nov-2024,BAUM6641100955450,Active,6478.07
6508,Kalla-Ramachandran,5699,Fashion,Sole Proprietor,LKO,Uttar Pradesh,1707048951,,Enabled,321.73
MCH5744,Dalal-Lall,07011,Hospitality,PRIVATE-LIMITED,chennai,Tamil Nadu,05-31-2023,XXXX1007,Live,3350.6
MCH3289,Rajagopalan-Master,5912,Medical,private_limited,MUMBAI,Maharashtra,05-17-2025,UTKH3152831159971,ACTIVE,
mch9798,Mann-Gera,4131,transprt,INDIVIDUAL,Jalandhar,Punjab,15/07/2025 05:53 AM,AQRW3805344799887,Active,Rs. 952
MCH2041,"Sagar, Chakraborty and Kurian",4131,TRAVEL,sole_proprietor,ludhiana,Punjab,1711103801,NA,INACTIVE,
MCH6114,"  Khurana, Chowdhury and Chaudhary  ",NA,Mobile Recharge,PRIVATE_LIMITED,chennai,Tamil Nadu,,XXXX2122,ACTIVE,"Rs. 1,212"
MCH 1675,"Dey, Sathe and Sibal",4131,Transport,private_limited,Chennai,Tamil Nadu,11/09/2025,DIRY6496511188422,Active,"INR 1,577.75"
MCH-6582,MUKHOPADHYAY PLC,4814,TELECOM,INDIVIDUAL,Ludhiana,Punjab,,NA,A,572.51
5753,"Nair, Pai and Issac",,garments,INDIVIDUAL,Mumbai,Maharashtra,01-29-2026,VEQN2292788694850,Active,1860.02
MCH2327,KIBE-CHAR,5812,Food,PARTNERSHIP,HYDERABAD,Telangana,09/10/2025,XXXX0303,Active,₹848.32
MCH-2634,"Duga1, G0pa1 and La1a",,Hotel,PRIVATE-LIMITED,Lucknow,Uttar Pradesh,2023-11-01 11:24:38,XXXX1684,Enabled,3213.29
MCH2849,Ba1 LLC,MCC-5999,Misc Retail,sole_proprietor,MUMBAI,Maharashtra,01/02/2024,HLTP5468154912269,Closed,910.62
MCH 5408,"Setty, Mangal and Dhar",5411,kirana,INDIVIDUAL,Mumbai,Maharashtra,2026/01/31,XXXX4132,A,1231.49
MCH8525,Bah1-Mangat,7011,Hotels,Individual,MUMBAI,Maharashtra,2025-03-27 07:27:27,NA,Inactive,444.54
MCH8529,Prakash-Sharaf,4814,phone service,PARTNERSHIP,ASR,Punjab,30/10/2024,XXXX5799,Closed,2061.7
MCH3438,Murty-Parmar,,Mobile Recharge,PRIVATE-LIMITED,Amritsar,Punjab,10-Apr-2024,LRSK8249071074897,Enabled,₹621.11
MCH4857,Sethi-Soni,MCC-4131,Bus/Taxi,INDIVIDUAL,Ludhiana,Punjab,1772261879,,Enabled,₹278.84
mch8297,Desai Ltd,,Retail,sole_proprietor,ASR,Punjab,2023/06/24,NA,S,"INR 8,921.00"
MCH2119,Kashyap Ltd,05699,Apparel,individual,Chennai,Tamil Nadu,1690102430,QOGH2854636021780,I,1155.58
MCH4106,"Ramanathan, Bava and Dasgupta",5912,Pharmacy,PRIVATE_LIMITED,Ludhiana,Punjab,2023-09-23 03:53:36,,INACTIVE,₹902.18
MCH8365,"Luthra, Kota and Choudhary",5311,Retail,PRIVATE_LIMITED,Amritsar,Punjab,17-Oct-2024,,Disabled,
MCH8037,Patla-Balakrishnan,4814,phone service,SOLE-PROPRIETOR,Pune,Maharashtra,19/09/2025 04:54 PM,4862107137,Live,₹327.35
MCH2627,Gupta and Sons,5699.0,garments,INDIVIDUAL,DELHI,Delhi,01/04/2025 05:51 PM,UVIS7862723743155,ACTIVE,"1,249.33"
5723,Doctor LLC,,GROCERY_STORE,PRIVATE_LIMITED,Calcutta,West Bengal,2023/04/08,XXXX6555,Enabled,-574.8
mch5408,"Mani, Reddy and Shah",4814,TELECOM,partnership,Mumbai,Maharashtra,1740932304,,ACTIVE,1405.07
mch6563,naik plc,4131,travel,individual,Jalandar,Punjab,04/04/2025 12:38 AM,NA,Active,"Rs. 1,376"
MCH6875,Anand-Bajwa,7011,Hotel,PRIVATE-LIMITED,pune,Maharashtra,06-15-2025,5856572593,ACTIVE,1892.34
MCH9813,Modi Group,5912,chemist,sole_proprietor,kolkata,West Bengal,2023/01/13,NMVQ7058285918265,INACTIVE,3354.47
MCH 8569,Tara Ltd,5812,Food,individual,Lucknow,Uttar Pradesh,2025-11-18 04:42:59,NA,Enabled,1022.19
MCH8330,"Dhawan, Tella and Rau",MCC-4131,Transportation,PRIVATE-LIMITED,chennai,Tamil Nadu,20/01/2023 08:57 PM,NA,Live,"INR 1,437.59"
mch4614,"Savant, Sur and Sani",05411,kirana,sole_proprietor,Madras,Tamil Nadu,05/03/2023,NA,Inactive,"Rs. 1,483"
MCH7165,Kulkarni-Ramanathan,4814,Telecom,Private Limited,Amritsar,Punjab,28/01/2025,8142627827,Live,INR 284.68
MCH-7038,Mannan-Singh,5942,Books,INDIVIDUAL,BLR,Karnataka,25-May-2025,KOWX5085991997722,Closed,Rs. 620
MCH3625,Singhal Ltd,5812,Restaurants,sole_proprietor,MUMBAI,Maharashtra,2025-10-28 12:02:57,XXXX0908,A,"INR 10,079.36"
mch4690,  Natt-Bhattacharyya  ,5311,Department Stores,PRIVATE-LIMITED,Amritsar,Punjab,,HZVJ1693332420203,Disabled,150.96
MCH 8138,Chaudhuri-Varma,5311,Department Stores,INDIVIDUAL,Chennai,Tamil Nadu,12/05/2025,,A,"Rs. 1,502"
MCH8098,"chauhan, magar and parsa",5411,Grocery Stores,PRIVATE-LIMITED,Delhi,Delhi,29/06/2024,0112525902,Active,
mch8399,"La11a, Wadhwa and Bhardwaj",misc,Restaurants,Private Limited,kolkata,West Bengal,1757104225,XXXX6906,A,"1,773.81"
MCH4932,KHOSLA AND SONS,5812,FOOD_SERVICES,SOLE_PROPRIETOR,Jalandhar,Punjab,08/09/2024 02:55 AM,QSCW5400259337785,Closed,340.55
MCH9038,DarGroup,5942,Books,SOLE-PROPRIETOR,amritsar,Punjab,2024/02/06,PWGC8781462428260,Enabled,"₹1,037.27"
MCH6862,"Agrawal, Butala and Ravi",5912.0,Medical,private_limited,Bombay,Maharashtra,25/01/2025,,Enabled,"₹1,279.37"
MCH6922,"bassi, dara and dutt",5699,Clothing,private_limited,BLR,Karnataka,2023/04/01,XXXX6999,A,"₹1,736.93"
MCH 6654,Cheema-Dara,7011,Hotels,partnership,Mumbai,Maharashtra,26/12/2023 12:35 PM,ETTT3125962256169,A,581.25
MCH-2755,"majumdar, ravi and dave",5999,Miscellaneous,partnership,mumbai,Maharashtra,13-Feb-2026,NA,A,-889.32
MCH8221,Kala-Bajaj,5942,book store,SOLE_PROPRIETOR,bengaluru,Karnataka,,5133526509,Inactive,1133.63
MCH5136,Thakur and Sons,4131,Bus/Taxi,Sole Proprietor,Jaipur,Rajasthan,02-10-2025,8466988688,Blocked,2681.3
4583,Badal Inc,5699,Clothing,PARTNERSHIP,Amritsar,Punjab,2025/07/08,4453438674,Active,2513.6
MCH1096,Subramanian-Prasad,5699,Fashion,INDIVIDUAL,Hyd,Telangana,1741315310,NA,Active,"INR 8,373.82"
MCH4090,MittalLLC,4131.0,Transportation,Individual,Dilli,Delhi,03/02/2025 07:44 PM,XXXX8621,Live,
MCH6628,Thakur-Kunda,,phone service,PRIVATE_LIMITED,New Delhi,Delhi,13/05/2025 02:37 PM,XXXX4289,ACTIVE,"Rs. 1,718"
MCH2725,Varma-Loke,MCC-5812,FOOD_SERVICES,Partnership,kolkata,West Bengal,1703173721,,Disabled,"₹4,486.37"
MCH3600,Gole and Sons,MCC-4131,Transport,Sole Proprietor,Delhi,Delhi,10/09/2023,NA,Hold,1548.59
MCH2724,Aggarwal Group,5812,Food,Individual,BLR,Karnataka,,2736138598,Enabled,-7977.75
MCH1100,swamy inc,5311,Retail,Partnership,Ludhiana,Punjab,17-Aug-2024,9084083237,Inactive,"2,008.22"
MCH4153,Shroff Ltd,5999,Retail Other,Sole Proprietor,kolkata,West Bengal,11-07-2025,,ACTIVE,3578.7
MCH5459,Sachdev Ltd,5699,Clothing,sole_proprietor,BLR,Karnataka,,HQPJ1613148200279,Hold,1804.28
MCH8338,"sastry, deo and char",7011,HOTEL_LODGING,individual,MUMBAI,Maharashtra,07-23-2024,,Active,"₹3,821.74"
MCH6743,Manne-Prasad,5999,Miscellaneous,INDIVIDUAL,amritsar,Punjab,1752451391,XXXX4125,I,
MCH7482,"Bail, Verma and Sur",5699,Clothing,private_limited,Jalandar,Punjab,2024/02/06,NA,Enabled,249.45
MCH9831,"Nayar, Sridhar and Shankar",5411,Grocery,sole_proprietor,bengaluru,Karnataka,05-03-2023,NA,ACTIVE,2558.5
MCH1183,Rajan LLC,5812,FOOD_SERVICES,PRIVATE_LIMITED,bengaluru,Karnataka,02-02-2023,,Active,"1,717.84"
MCH3880,Gole and Sons,5999,Retail Other,PARTNERSHIP,Hyderabad,Telangana,02/10/2024,,Enabled,4989.21
mch1050,Trivedi-Zachariah,5699,Apparel,Sole Proprietor,Jaipur,Rajasthan,01-30-2025,0368449602,Active,"₹2,479.88"
mch7088,Prabhu-Agarwal,5311,DEPT_STORE,SOLE_PROPRIETOR,Mumbai,Maharashtra,2025-11-30 13:55:45,1353265918,Closed,5426.05
MCH-8436,Sagar PLC,5999,Other,SOLE-PROPRIETOR,Poona,Maharashtra,14/04/2025,6639530850,A,642.69
MCH5360,pillai and sons,5912,chemist,Individual,lucknow,Uttar Pradesh,1746593954,,Enabled,₹745.28
MCH 9840,"gara, bedi and dua",5942.0,Stationery,PRIVATE_LIMITED,amritsar,Punjab,09-12-2025,4627903528,ACTIVE,Rs. 369
MCH7167,"Bir, Kunda and Manne",05942,Stationery,PARTNERSHIP,Hyderabad,Telangana,2023/05/26,DXXE7335968012539,ACTIVE,Rs. 397
3520,Jhaveri and Sons,MCC-7011,Hotel,Individual,Bangalore,Karnataka,22-Mar-2023,2637882357,Enabled,"Rs. 1,231"
MCH3439,"Grewal, Kar and Krishnan",4814,phone service,Partnership,LDH,Punjab,2025/08/08,,I,Rs. 761
MCH8004,hayre-agate,5999,Miscellaneous,INDIVIDUAL,ASR,Punjab,01/10/2025 08:15 PM,2751341092,Closed,934.62
MCH4807,"Dutt, Pandey and Tella",5912,Pharmacies,individual,Madras,Tamil Nadu,2024/05/14,RXUW0906720577178,Enabled,"Rs. 1,458"
MCH7428,VOHRA LTD,05311,Department Store,sole_proprietor,Kolkata,West Bengal,,NA,ACTIVE,"₹1,227.52"
MCH9431,Madan-Kota,4131,TRAVEL,PRIVATE-LIMITED,Bengaluru,Karnataka,02-05-2023,1678744111,Active,436.79
MCH3887,Pa11a-Sah0ta,7011,Hotel,PARTNERSHIP,Calcutta,West Bengal,2025-11-19 10:50:37,EUVX7549332799238,INACTIVE,1596.95
MCH4831,GALA GROUP,5311,Department Store,Sole Proprietor,Poona,Maharashtra,05/05/2025,,A,1889.75
MCH6683,Pai Inc,5411.0,Grocery,Individual,Madras,Tamil Nadu,29/11/2025 12:42 AM,XSXE7944444672498,Live,-808.55
MCH-2199,Subramanian Inc,5311,Department Stores,PRIVATE-LIMITED,Bangalore,Karnataka,01-14-2024,,S,369.25
MCH8481,"Dixit,GeraandGara",4131,Bus/Taxi,Sole Proprietor,JPR,Rajasthan,,COTV7157526007969,Live,"₹1,730.88"
mch2047,"KALITA, NAGARAJAN AND JOSHI",5999,Misc Retail,INDIVIDUAL,Pune,Maharashtra,07-Jul-2024,8653452097,Closed,341.63
MCH-6036,chhabra group,MCC-5699,Fashion,sole_proprietor,ASR,Punjab,01-10-2024,XXXX4226,Active,
MCH6431,"batra, pant and devan",7011,Hotels,Partnership,Bengaluru,Karnataka,2026/01/31,XXXX1013,Inactive,"Rs. 1,564"
MCH9800,"Om, Rana and Bhatti",MCC-5311,DEPT_STORE,Partnership,Hyderabad,Telangana,,XXXX5409,Enabled,
MCH6527,"Lalla, Bhandari and Mane",5411,Grocery Stores,SOLE_PROPRIETOR,Pune,Maharashtra,07-09-2025,AWSX7915320511081,Active,-1832.42
MCH8920,"Parekh, Srivastava and Choudhury",MCC-5311,Department Store,PRIVATE-LIMITED,DELHI,Delhi,15/12/2023,XXXX5523,Enabled,19788.99
MCH5516,Muni LLC,5699,CLOTHS,Individual,kolkata,West Bengal,1763385312,,Active,"Rs. 1,139"
MCH6559,"Master, Dutta and Dash",5999,Misc Retail,individual,LDH,Punjab,12-May-2024,,ACTIVE,Rs. 521
MCH9845,Misra-Varghese,5912.0,Pharmacies,sole_proprietor,ludhiana,Punjab,30-Dec-2025,,Live,186.59
MCH3964,"Bala, Chanda and Loyal",5942,books,partnership,JPR,Rajasthan,2023/09/05,CFOS0283411374388,Inactive,2002.33
MCH8953,Narayan-Uppal,5912,Pharmacy,PRIVATE-LIMITED,LDH,Punjab,28/06/2025 10:02 AM,AXNQ2993996148384,ACTIVE,2726.98
MCH8750,NAIR LTD,5699,Fashion,Individual,JPR,Rajasthan,2024/03/22,,Enabled,"Rs. 3,874"
mch3086,Nori-Mishra,5912,chemist,sole_proprietor,kolkata,West Bengal,05-20-2023,NA,Inactive,1788.09
MCH4990,"Ramakrishnan, Dey and Thakkar",5411,GROCERY_STORE,private_limited,Mumbai,Maharashtra,,OWGO7691795560125,A,
MCH4794,borra-dutt,07011,Hotels,PRIVATE-LIMITED,JPR,Rajasthan,19/09/2024 10:25 PM,XRGH9133437458010,Active,"₹1,006.04"
MCH6262,Saran Ltd,5311,Department Store,partnership,Mumbay,Maharashtra,1754309198,XXXX7596,I,"Rs. 6,560"
MCH8146,Bath-Purohit,5942,Stationery,Sole Proprietor,delhi,Delhi,1745862046,XXXX1421,ACTIVE,"5,566.64"
MCH5387,Hayre-Chaudry,05699,CLOTHS,SOLE_PROPRIETOR,amritsar,Punjab,11/06/2023,XXXX7071,Active,"INR 1,445.17"
MCH4827,"Deol, Rastogi and Khatri",04814,Mobile Recharge,sole_proprietor,lucknow,Uttar Pradesh,10/05/2024 03:12 AM,NA,ACTIVE,Rs. 810
MCH6819,"ARYA, BASSI AND KAUR",,retail other,Partnership,amritsar,Punjab,11-19-2025,,Active,"2,433.05"
MCH9826,RANA AND SONS,,groceries,Private Limited,Bengaluru,Karnataka,07/07/2023 04:29 PM,ZBMZ7199667891551,Active,INR 739.28
MCH1349,MITAL-NARASIMHAN,5311,Department Stores,PRIVATE_LIMITED,JPR,Rajasthan,14/02/2025,0965472450,Live,₹538.14
MCH2582,  Lal PLC  ,5912,chemist,SOLE_PROPRIETOR,Dilli,Delhi,09-13-2025,NA,Enabled,1344.48
MCH8268,Krishnamurthy-Chopra,5942,Books,Private Limited,Madras,Tamil Nadu,13/09/2025,9959196450,ACTIVE,"INR 1,218.95"
MCH5934,Halder LLC,07011,HOTEL_LODGING,private_limited,ASR,Punjab,03-22-2023,CBWB3662425285759,A,"INR 1,201.69"
MCH6556,"gala, kale and manne",5699,Clothing,PARTNERSHIP,delhi,Delhi,22/08/2025,NA,Active,Rs. 760
MCH1072,Kalla-Khalsa,5812,Restaurants,private_limited,mumbai,Maharashtra,10-Nov-2025,,Disabled,422.23
MCH5979,Mani Group,4131,TRAVEL,PRIVATE-LIMITED,BLR,Karnataka,15/07/2024,NA,SUSPENDED,4686.23
MCH9802,  Kashyap LLC  ,4814,TELECOM,private_limited,ASR,Punjab,,4417851194,Inactive,₹378.50
MCH2817,"hayre, ramesh and parikh",4814,phone service,individual,Calcutta,West Bengal,23/04/2025 01:57 AM,HCIS1374268781822,ACTIVE,1790.3
MCH 2403,Chana-Yohannan,05411,groceries,PARTNERSHIP,Kolkata,West Bengal,28-Jul-2025,,Active,574.13
MCH 2347,"  Dara, Ravel and Soni  ",5912,Pharmacies,sole_proprietor,ASR,Punjab,2023/12/09,LYBJ8156884625938,ACTIVE,3169.93
MCH3189,Prasad Inc,4814,Telecom,individual,Lucknow,Uttar Pradesh,30/07/2025,NA,Live,"₹2,516.09"
MCH 1974,Kap00r LLC,4131,Transport,PARTNERSHIP,Chennai,Tamil Nadu,1715502313,5931788473,Enabled,
MCH 2710,"Batta, Shetty and Ka1ita",5699,Apparel,individual,Hyderabad,Telangana,1755397530,2640797887,ACTIVE,₹109.84
MCH2994,Kumar PLC,4814,Mobile Recharge,sole_proprietor,jalandhar,Punjab,11-13-2024,,A,653.34
1126,"Nayak, Dhaliwal and Soman",5411,Grocery Stores,PARTNERSHIP,Jalandhar,Punjab,02-12-2026,NA,A,₹564.83
MCH 2157,PARMER-SINHA,5912,Pharmacies,partnership,New Delhi,Delhi,22/10/2023 03:49 AM,,ACTIVE,"₹1,536.42"
mch7925,"Bedi, Shroff and Nadkarni",4131,Bus/Taxi,Sole Proprietor,Lucknow,Uttar Pradesh,07/07/2023,BECU4208184850705,Enabled,"₹2,480.62"
MCH4237,"Deshmukh, Ghose and Chhabra",,eating place,SOLE-PROPRIETOR,Pune,Maharashtra,1707739250,NA,Blocked,5905.65
MCH-2902,SAMRA-KAPUR,5411,GROCERY_STORE,INDIVIDUAL,Chennai,Tamil Nadu,24-Apr-2024,XXXX9404,ACTIVE,
mch7744,NATH PLC,5311,Retail,INDIVIDUAL,ASR,Punjab,1770550778,NA,Enabled,-283.48
MCH1806,Thaker-Dutt,NA,Fashion,INDIVIDUAL,Ludhiana,Punjab,1714641414,1201362088,ACTIVE,"Rs. 6,418"
MCH1401,Din and Sons,5411,Grocery,Individual,amritsar,Punjab,2025-07-20 20:31:24,2717124397,ACTIVE,INR 286.09
9692,Parekh-Kurian,5699,garments,INDIVIDUAL,Jaipur,Rajasthan,20-Oct-2025,XXXX0036,Live,
MCH5476,Buch Group,,chemist,Private Limited,Delhi,Delhi,03-08-2024,,Active,1311.87
1059,Prasad Ltd,4814,phone service,PARTNERSHIP,Hyd,Telangana,18/03/2023,XXXX9900,Active,"INR 4,187.75"
MCH6585,KARA-NATH,5699,Apparel,PRIVATE-LIMITED,Calcutta,West Bengal,29/12/2024 01:18 AM,0436756334,I,"2,202.59"
mch7026,Ganesan-Manda,7011,Hotel,Sole Proprietor,MUMBAI,Maharashtra,30/09/2025,6953234378,Live,"Rs. 1,364"
MCH7949,Vohra-Chaudhary,4131,Transportation,PRIVATE_LIMITED,Mumbai,Maharashtra,2023/10/14,NA,Enabled,265.37
mch8473,"Tella, Dara and Krish",4814,phone service,private_limited,mumbai,Maharashtra,2025-06-21 06:51:14,,Enabled,320.84
MCH7144,"char, kapadia and palla",5999,Miscellaneous,Private Limited,MUMBAI,Maharashtra,23-Mar-2025,8545782179,Disabled,"INR 4,555.85"
MCH-1075,Pingle-Mohan,5912,Medical,SOLE-PROPRIETOR,ludhiana,Punjab,2025/02/24,XXXX2118,Active,"₹1,639.19"
MCH1736,Barman Inc,4131,Transportation,partnership,JPR,Rajasthan,08/06/2025 08:56 PM,NA,A,1937.05
MCH1365,Ahluwalia-Choudhary,5311.0,Retail,Private Limited,LDH,Punjab,03/10/2023,XXXX5844,A,"INR 4,292.21"
MCH4496,"Shroff,AhujaandKumar",4814,TELECOM,Partnership,amritsar,Punjab,11/05/2025 06:25 PM,5684338286,A,-497.26
mch9091,"Dewan, Hayre and Kala",MCC-4131,Transportation,sole_proprietor,Amritsar,Punjab,,VGTR9380587606414,Closed,"₹4,267.28"
MCH-6882,"Thaker, Hans and Chandra",4131,Transport,PRIVATE-LIMITED,lucknow,Uttar Pradesh,2025-02-10 06:27:51,XXXX2452,INACTIVE,274.11
MCH-4736,Suresh-Gola,5942,Stationery,partnership,mumbai,Maharashtra,24/08/2023 02:12 AM,OCLG6376733151298,ACTIVE,885.16
mch3882,Kannan PLC,5912,Medical,INDIVIDUAL,Poona,Maharashtra,08/06/2024,4780136395,Enabled,"INR 1,470.90"
MCH 8568,Krishna-Agrawal,4814,Mobile Recharge,partnership,kolkata,West Bengal,25/10/2024 03:43 AM,7283032727,INACTIVE,₹412.10
MCH 2075,"Dhar,DeoandRau",5912,chemist,Individual,delhi,Delhi,2024-09-01 00:59:41,0032289516,Active,"₹1,584.12"
MCH 4006,Thakur-Narayan,5411,kirana,PRIVATE-LIMITED,amritsar,Punjab,2024/06/23,0693723278,Closed,282.17
mch5236,Basak-Madan,5999,Other,PRIVATE-LIMITED,delhi,Delhi,,1939509420,Active,₹389.03
MCH9744,  Walia Inc  ,5942,Stationery,Sole Proprietor,BLR,Karnataka,2024/06/24,XXXX8765,ACTIVE,574.28
MCH9394,Pal-Taneja,MCC-4814,Mobile Recharge,private_limited,ludhiana,Punjab,02-Jan-2024,NA,Closed,311.59
mch3817,Subramanian Group,5311,DEPT_STORE,Sole Proprietor,Ludhiana,Punjab,,XXXX6376,A,3916.72
MCH2495,Solanki LLC,,Books,PRIVATE_LIMITED,Delhi,Delhi,19-May-2023,8034024153,A,1374.43
MCH 4712,"ZACHARIA, SHERE AND DHAR",5912.0,MEDICAL_STORE,Private Limited,jalandhar,Punjab,27/04/2023 04:30 AM,XXXX2361,Enabled,"INR 2,235.26"
MCH2658,"Parmar, Purohit and Bhasin",5812,Restaurants,Sole Proprietor,Bengaluru,Karnataka,,8958415885,ACTIVE,INR 548.82
MCH4922,Cheema Group,5999,Misc Retail,Partnership,Hyderabad,Telangana,20/03/2024,,ACTIVE,324.81
MCH6420,Wadhwa and Sons,5912,Medical,PARTNERSHIP,Bangalore,Karnataka,,0724197412,Enabled,160.44
MCH3167,"grewal, biswas and naidu",5411,Grocery Stores,SOLE_PROPRIETOR,JPR,Rajasthan,02-19-2024,NA,Active,2704.22
mch1987,"DORA, SARMA AND BISWAS",4814,Mobile Recharge,partnership,MUMBAI,Maharashtra,01-31-2023,NNVG3490646202999,Enabled,"₹3,268.84"
mch5710,Karnik Ltd,5942,Book Store,partnership,jaipur,Rajasthan,2025/12/24,4751773025,Enabled,"INR 2,156.34"
MCH 6789,Sanghvi-Garg,5699,Apparel,Individual,kolkata,West Bengal,,XXXX2367,Live,8043.93
MCH5807,  Madan Ltd  ,5311,Department Store,SOLE-PROPRIETOR,Jalandar,Punjab,06/11/2023,XXXX1600,ACTIVE,1974.14
4389,"Bobal, Chakrabarti and Dash",5912,Pharmacy,SOLE_PROPRIETOR,pune,Maharashtra,04-Feb-2026,NA,A,445.95
6072,"  Bassi, Sarma and Yohannan  ",misc,Other,sole_proprietor,Madras,Tamil Nadu,01-14-2024,OFUG5890068758335,Live,"₹1,959.53"
MCH9352,Bains Group,NA,Retail,individual,chennai,Tamil Nadu,13/01/2026,NA,I,1537.37
MCH7619,"ranganathan, kumer and pandya",5311,Department Stores,private_limited,Kolkata,West Bengal,11-02-2023,XXXX7479,A,
MCH-6050,"Choudhary, Shanker and Rajan",5812,Restaurants,Individual,LDH,Punjab,2024-03-26 21:03:47,1328212555,ACTIVE,-2324.79
MCH-2730,hans llc,,Miscellaneous,Individual,JPR,Rajasthan,23/06/2025,NA,ACTIVE,1392.27
MCH7773,"Mannan, Rout and Dara",7011.0,Hotels,INDIVIDUAL,Jalandhar,Punjab,,2874939436,A,INR 649.31
MCH4490,"DOSHI, RAJ AND BUMB",5411,groceries,PARTNERSHIP,LDH,Punjab,07-28-2025,XXXX2409,Live,748.40
MCH4031,"Mitra, Bali and Rai",05942,BOOKS_STATIONERY,private_limited,lucknow,Uttar Pradesh,12/01/2026,,Enabled,"9,089.26"
MCH 3031,Morar and Sons,5411,groceries,Individual,Pune,Maharashtra,23/04/2025,,Enabled,"₹4,053.43"
MCH4700,"rajan, garg and ray",,Apparel,INDIVIDUAL,chennai,Tamil Nadu,,ZNYW6274259007166,ACTIVE,805.94
9517,MENON INC,,Hospitality,sole_proprietor,mumbai,Maharashtra,23/09/2023,XXXX3518,A,-1486.34
MCH1763,  Dhillon Ltd  ,misc,DEPT_STORE,PARTNERSHIP,jalandhar,Punjab,02-22-2026,4567982166,ACTIVE,231.69
MCH7074,CHAKRABARTI-RAMA,4131,TRAVEL,Individual,Poona,Maharashtra,06-08-2025,3727290380,A,Rs. 843
mch1948,"Sundaram, Sami and Jha",MCC-4814,Mobile Recharge,private_limited,jaipur,Rajasthan,07-17-2024,4160009756,A,₹634.29
MCH3680,Pradhan Ltd,4131,TRAVEL,PRIVATE-LIMITED,HYDERABAD,Telangana,22/11/2025,HAKD1990878179577,A,₹519.26
mch1640,  Dash Ltd  ,5699.0,Clothing,Sole Proprietor,JPR,Rajasthan,2024/11/25,SPQL0474110490629,Live,Rs. 328
MCH7095,Deshmukh-Sarna,5999,Miscellaneous,INDIVIDUAL,Bangalore,Karnataka,06-10-2023,,A,560.73
MCH9457,Som-Ravi,MCC-5311,Department Stores,Sole Proprietor,Jaipur,Rajasthan,19/02/2025 05:25 AM,,ACTIVE,672.31
MCH3442,"Thaman, Tata and Divan",5411.0,GROCERY_STORE,SOLE-PROPRIETOR,Jalandhar,Punjab,01/07/2024 05:17 AM,5904029606,Blocked,Rs. 486
mch3974,"Mishra, Baral and Char",5942,Book Store,SOLE-PROPRIETOR,chennai,Tamil Nadu,22/02/2026,XXXX0042,Hold,"₹2,017.65"
MCH7736,Kara PLC,5699,Clothing,INDIVIDUAL,amritsar,Punjab,02/01/2024,,ACTIVE,778.45
MCH1872,rege llc,4814,phone service,Partnership,bengaluru,Karnataka,26/06/2024,,ACTIVE,INR 768.52
MCH7327,"Krish, Dhar and Choudhury",4814,telecom,Individual,kolkata,West Bengal,2023-05-22 13:42:22,KDMG5541225124685,Suspended,Rs. 440
MCH 7194,Shan and S0ns,4131,Transport,individual,ludhiana,Punjab,,NA,Live,983.19
MCH 6904,"dora, buch and dara",5411,kirana,INDIVIDUAL,LKO,Uttar Pradesh,1769552285,3574033912,A,
MCH6742,"Garde, Chaudhry and Mistry",07011,Hospitality,Sole Proprietor,jalandhar,Punjab,03-May-2024,,ACTIVE,Rs. 646
mch2289,Tank-Datta,05812,Food,PRIVATE_LIMITED,Hyd,Telangana,26-Oct-2025,2288122436,Live,372.03
MCH1674,"Bansal, Babu and Bansal",5699,CLOTHS,individual,chennai,Tamil Nadu,03/11/2024 05:59 AM,,Enabled,Rs. 811
MCH7412,Chand-Bada1,5812,food_services,PRIVATE-LIMITED,MUMBAI,Maharashtra,15/08/2025,,Inactive,INR 539.20
1107,Sen-Das,,Mobile Recharge,Private Limited,Madras,Tamil Nadu,09-16-2024,VDXT6754486241555,Live,
MCH9858,"Devi, Thaker and Master",MCC-5812,Restaurant,Private Limited,amritsar,Punjab,20/07/2024,NA,Live,255.83
mch4167,"Thakur, Purohit and Gade",05311,Retail,Individual,lucknow,Uttar Pradesh,06-08-2024,XXXX3875,ACTIVE,642.28
MCH1581,"Nayak, Verma and Sawhney",5311,Department Stores,Partnership,MUMBAI,Maharashtra,01-11-2025,NA,Enabled,"INR 3,655.93"
3678,"Ramanathan, Oza and Aggarwal",5699.0,Fashion,PARTNERSHIP,Jalandhar,Punjab,03/04/2023 10:00 AM,9191196267,Live,"₹1,617.86"
MCH2200,Choudhry-Vig,4814,TELECOM,Private Limited,jaipur,Rajasthan,21/04/2023 06:16 AM,JBNG6240536039384,Live,INR 207.14
MCH8890,"Kumar, Yogi and Seshadri",5999,Miscellaneous,SOLE-PROPRIETOR,Lucknow,Uttar Pradesh,12/01/2025 06:31 PM,,Live,₹535.53
MCH9424,Sur-Bajaj,5311,department store,SOLE-PROPRIETOR,BLR,Karnataka,18-Apr-2025,XXXX3219,Active,"₹1,902.79"
MCH2754,Chahal Group,5812,Food,sole_proprietor,Amritsar,Punjab,09-27-2023,,Active,"1,452.51"
MCH5829,Mall LLC,5699,apparel,SOLE_PROPRIETOR,Madras,Tamil Nadu,12-Jul-2023,NA,A,-940.71
MCH7829,"Tara, Deo and More",MCC-5812,Restaurant,Private Limited,New Delhi,Delhi,13-Jan-2024,NA,Active,1127.59
MCH7577,"Gandhi, Golla and Arora",5699,Clothing,Private Limited,Amritsar,Punjab,26/01/2023,XXXX6249,A,
MCH8306,"Wason, Saraf and Dube",,hospitality,partnership,BLR,Karnataka,15/02/2025,2587742511,Suspended,67.35
MCH-5093,Khatri-Kata,5411,GROCERY_STORE,PARTNERSHIP,JPR,Rajasthan,2024/10/28,NA,Disabled,"₹1,344.37"
mch1366,"shah, roy and srinivasan",misc,Grocery,sole_proprietor,Calcutta,West Bengal,2023-08-03 07:31:06,5320028837,Live,₹935.11
MCH2189,"  Mammen, Balakrishnan and Prakash  ",5311,Retail,SOLE_PROPRIETOR,Jaipur,Rajasthan,05-14-2025,,Enabled,"₹2,363.97"
MCH 9440,Ratti LLC,MCC-5311,Retail,Individual,jalandhar,Punjab,,MAUW1308281422202,Enabled,186.6
MCH1879,muni-sachdeva,05999,Miscellaneous,Individual,chennai,Tamil Nadu,16-Dec-2023,XXXX4876,ACTIVE,687.52
MCH8933,Karpe Inc,5912,MEDICAL_STORE,Private Limited,amritsar,Punjab,,UYYR5964634247104,Live,"Rs. 2,968"
mch6809,  Reddy-Bhatt  ,,Clothing,Partnership,BLR,Karnataka,2024/08/05,,Active,"Rs. 2,382"
MCH 7585,Rattan-Ratti,5699,Clothing,PARTNERSHIP,pune,Maharashtra,02-10-2026,NA,A,-3222.54
MCH3072,Vora-Soman,5699,Clothing,individual,ASR,Punjab,1770955459,DNMO7101498768595,Live,1993.93
MCH8352,Tailor and Sons,7011.0,Hotel,Sole Proprietor,LKO,Uttar Pradesh,06/11/2024,,Enabled,"₹1,393.59"
MCH4260,"Kalla, Banerjee and Choudhary",4814,phone service,PARTNERSHIP,LDH,Punjab,,NA,A,389.14
MCH3732,"Bhat, Sarin and Wag1e",,Hotel,SOLE-PROPRIETOR,lucknow,Uttar Pradesh,2025-06-23 19:32:43,NA,A,Rs. 604
MCH-8076,Banerjee Group,4814,phone service,PRIVATE-LIMITED,Lucknow,Uttar Pradesh,08/06/2025,NA,ACTIVE,1709.68
MCH5490,"Bahl, Kakar and Dara",5699,Fashion,individual,Hyd,Telangana,2025/12/28,JQDE2976951081698,ACTIVE,1917.65
MCH3715,BANSAL INC,5942,Books,INDIVIDUAL,Lucknow,Uttar Pradesh,27-Nov-2024,NA,SUSPENDED,"2,025.81"
MCH1588,Doctor Ltd,4131,Transportation,INDIVIDUAL,ludhiana,Punjab,07-27-2025,XXXX2866,Suspended,1791.21
MCH 6949,"Dada, Suri and Chhabra",7011,HOTEL_LODGING,SOLE-PROPRIETOR,Poona,Maharashtra,2024/01/26,2829880140,ACTIVE,₹333.77
MCH4709,DEWAN-JAIN,4131,TRAVEL,PARTNERSHIP,Lucknow,Uttar Pradesh,02/11/2025 05:55 AM,KNDG8941878782288,Enabled,108.08
MCH9919,"Ramaswamy,PallandBahri",05912,Pharmacy,PRIVATE_LIMITED,Mumbai,Maharashtra,2026/02/09,,A,1346.24
MCH7145,Ratti and Sons,NA,kirana,SOLE_PROPRIETOR,Pune,Maharashtra,01/07/2025,9050093816,Active,"INR 1,161.56"
mch7100,  Sanghvi-Pandit  ,5699,Apparel,individual,Pune,Maharashtra,09/07/2024,NA,Enabled,-638.61
MCH4459,suresh-mane,5311,DEPT_STORE,INDIVIDUAL,Kolkata,West Bengal,25/12/2023,6103544959,Inactive,"Rs. 3,983"
MCH 8968,"Mukherjee,MorarandDesai",5411,kirana,INDIVIDUAL,amritsar,Punjab,09/04/2023,,Active,8122.94
MCH7653,Sama-Yogi,5999,Miscellaneous,SOLE_PROPRIETOR,Hyd,Telangana,05-Jan-2025,,Active,"₹1,041.79"
mch4055,rai plc,5812,Restaurant,PRIVATE_LIMITED,Ludhiana,Punjab,2023/08/12,XXXX0097,Active,283.42
mch4624,"Loke, Swamy and Mishra",5411,groceries,sole_proprietor,BLR,Karnataka,09/03/2023 03:05 PM,,ACTIVE,Rs. 228
MCH 7281,Kalita-Mistry,4814.0,Mobile Recharge,private_limited,Hyderabad,Telangana,2024/11/24,XXXX5201,Active,"₹2,941.71"
mch2154,"Chhabra, Walla and Ramakrishnan",05942,Book Store,SOLE_PROPRIETOR,Ludhiana,Punjab,28-Oct-2023,NA,INACTIVE,"Rs. 1,662"
MCH 7501,Jayaraman Inc,5311,Department Store,PARTNERSHIP,Calcutta,West Bengal,03-10-2024,XXXX9347,Enabled,2898.16
MCH6091,  Dutt-Nair  ,5699,CLOTHS,PRIVATE-LIMITED,kolkata,West Bengal,30/01/2023,9792145375,Enabled,1466.59
MCH7930,"Boase, Barman and Virk",5812,eating place,PRIVATE_LIMITED,amritsar,Punjab,02/05/2025,NA,ACTIVE,1076.5
MCH7549,Narayan PLC,07011,Hotels,SOLE-PROPRIETOR,kolkata,West Bengal,1677040694,8324142833,Closed,"Rs. 2,720"
MCH-3172,KumarandSons,5311.0,Department Store,partnership,Amritsar,Punjab,2026/01/14,,Live,3144.22
MCH1063,"Samra, Sur and Venkataraman",5999,Retail Other,PRIVATE_LIMITED,Chennai,Tamil Nadu,13/06/2023,2476053551,Enabled,"₹1,297.70"
4599,Majumdar-Choudhary,,groceries,PRIVATE_LIMITED,MUMBAI,Maharashtra,05/03/2023 04:37 PM,5607530943,I,1341.81
MCH8345,"Srinivas, Bali and Bhatt",7011,HOTEL_LODGING,sole_proprietor,jalandhar,Punjab,2023-02-08 02:01:40,NA,Inactive,1909.16
7846,Chad-Gole,,Miscellaneous,individual,mumbai,Maharashtra,08-24-2023,XXXX4268,Active,Rs. 228
MCH 9302,Savant-Dave,5311,Department Stores,PARTNERSHIP,BLR,Karnataka,08-17-2025,NA,Live,543.56
MCH3072,Varkey-Shanker,5999,Miscellaneous,PARTNERSHIP,MUMBAI,Maharashtra,30/11/2024,NA,INACTIVE,852.87
9136,Mody Ltd,5411.0,Grocery Stores,individual,Madras,Tamil Nadu,2024/07/10,MHEB9502738400073,Active,1976.5
MCH3328,"NARANG, LAL AND BHALLA",MCC-5942,BOOKS_STATIONERY,SOLE-PROPRIETOR,kolkata,West Bengal,20-Oct-2024,XXXX6467,ACTIVE,"₹3,697.78"
MCH8145,Dhi110n LLC,7011,Hotel,Private Limited,Chennai,Tamil Nadu,10/12/2025,NA,ACTIVE,₹180.43
MCH7298,"SANGHA, SANGHA AND KULKARNI",5411,groceries,individual,delhi,Delhi,1706464098,VEZZ6158628097451,ACTIVE,"INR 1,661.92"
MCH6825,Viswanathan Ltd,5912,chemist,PARTNERSHIP,Mumbai,Maharashtra,01-10-2023,7090133493,Active,"₹1,083.22"
MCH5704,Biswas-Yohannan,7011,Hotel,SOLE-PROPRIETOR,Calcutta,West Bengal,,XXXX3443,A,₹751.57
MCH-3055,"Batta, Sha and Dugar",7011,Hotel,private_limited,Madras,Tamil Nadu,18/08/2025 05:51 PM,XXXX2455,Enabled,₹262.10
MCH1420,"Hayer, Malhotra and Dugar",5311,Retail,Individual,Pune,Maharashtra,2023-07-08 22:38:55,XXXX5505,Live,"1,649.54"
MCH3796,Swaminathan Ltd,5699,CLOTHS,Partnership,Poona,Maharashtra,1675541852,,Enabled,1024.22
MCH1617,Cherian LLC,05311,DEPT_STORE,INDIVIDUAL,HYDERABAD,Telangana,1707462837,4300505477,ACTIVE,-11340.36
MCH6743,Patla Inc,4814,Mobile Recharge,PRIVATE_LIMITED,MUMBAI,Maharashtra,2026/02/20,EOKT5528330953242,ACTIVE,
MCH9220,"Agate,BoaseandKurian",04131,TRAVEL,SOLE-PROPRIETOR,Delhi,Delhi,,XXXX4686,I,-728.01
MCH3161,Mittal-Bawa,5999.0,Other,private_limited,Jalandar,Punjab,1680361598,NA,A,"₹2,703.14"
MCH7111,Kohli-Zachariah,5411,kirana,partnership,LDH,Punjab,04/08/2025,XXXX9398,A,585.6
MCH-9665,Baria and Sons,5699.0,Fashion,SOLE-PROPRIETOR,Chennai,Tamil Nadu,09/08/2023,VFLG7914496362461,S,"₹4,561.80"
MCH3594,Om-Tiwari,,Bus/Taxi,Partnership,Poona,Maharashtra,28/07/2024 12:22 AM,VPIP7717372044916,ACTIVE,-1023.26
2094,Ratti Ltd,05411,Grocery,SOLE-PROPRIETOR,bengaluru,Karnataka,,2357394958,A,"4,897.48"
MCH6255,"GUPTA, KIBE AND AURORA",7011,Hospitality,PARTNERSHIP,lucknow,Uttar Pradesh,2023-10-31 04:07:14,5876602681,Live,"Rs. 3,182"
MCH5278,"  Sarraf, Peri and Ratti  ",5999,Misc Retail,PRIVATE_LIMITED,kolkata,West Bengal,27/04/2025,,A,"₹1,446.64"
MCH3559,Chokshi Inc,5812.0,food,private_limited,bengaluru,Karnataka,23/12/2024,XXXX5330,Active,-535.7
MCH3567,"Ahuja, Mody and Radhakrishnan",5411,Grocery Stores,SOLE_PROPRIETOR,LKO,Uttar Pradesh,2023-09-24 03:33:54,NA,A,1060.67
MCH-7164,"Tata, Sachdeva and Palan",4131,Bus/Taxi,INDIVIDUAL,jalandhar,Punjab,1691645425,FKFD7859864387581,Active,519.18
MCH5245,"Bhatt, Kakar and Boase",5311,Retail,INDIVIDUAL,jalandhar,Punjab,1751000288,4405470614,A,2923.74
MCH7814,  Mallick-Puri  ,5812,Restaurant,SOLE_PROPRIETOR,jaipur,Rajasthan,01/03/2024,NA,Enabled,-2963.54
mch9082,SESHADRI GROUP,5812,eating place,sole_proprietor,jaipur,Rajasthan,2025-11-24 03:08:55,,A,Rs. 862
MCH2701,"Prabhakar, Saraf and Mand",7011,Hospitality,PRIVATE-LIMITED,HYDERABAD,Telangana,25/01/2023,1250735780,Active,"INR 2,599.41"
MCH1409,Baral LLC,MCC-5912,Medical,INDIVIDUAL,Hyd,Telangana,06/03/2023,NA,ACTIVE,-1891.12
MCH6943,  Vyas Group  ,05699,garments,INDIVIDUAL,ASR,Punjab,11-Apr-2023,KIUE4469872424797,Live,-651.75
MCH1498,Deo-Mand,5999,Retail Other,SOLE_PROPRIETOR,chennai,Tamil Nadu,01/03/2025,NA,A,1460.33
MCH5367,REDDY-CHAKRABORTY,5699,Clothing,Sole Proprietor,mumbai,Maharashtra,1740799482,WHOV7357855523116,Live,1679.09
MCH7262,Loke LLC,4814,Telecom,Partnership,MUMBAI,Maharashtra,12-13-2023,XXXX0516,Active,3675.05
MCH2157,"Ramaswamy, Sundaram and Sachdev",4131,transprt,INDIVIDUAL,HYDERABAD,Telangana,25-May-2023,NA,Suspended,"Rs. 1,899"
MCH7344,Rama-Shukla,05699,Clothing,SOLE_PROPRIETOR,HYDERABAD,Telangana,2023/10/11,,Enabled,1447.45
MCH1047,"natarajan, kashyap and goel",NA,Hotels,PRIVATE-LIMITED,kolkata,West Bengal,01/08/2023,XXXX9448,Active,"Rs. 2,594"
MCH6806,Virk-Batra,7011,Hospitality,SOLE-PROPRIETOR,JPR,Rajasthan,1704389145,1113737217,A,687.46
MCH-5704,Bhardwaj and Sons,5942,Book Store,SOLE-PROPRIETOR,New Delhi,Delhi,1709980864,XXXX2621,Enabled,INR 885.73
mch4745,"  Krishnamurthy, Nath and Chahal  ",5699,Apparel,SOLE_PROPRIETOR,Madras,Tamil Nadu,,,Enabled,"₹1,604.97"
MCH6523,Ramanathan-Wali,MCC-5999,Other,Private Limited,Bangalore,Karnataka,27/08/2024,CTGF7705622759501,Active,"2,272.75"
MCH-2450,bail plc,5812,eating place,PRIVATE-LIMITED,HYDERABAD,Telangana,25/04/2024 12:52 PM,XXXX3279,A,"Rs. 3,923"
MCH3075,Bedi-Ramanathan,4131,transprt,Individual,jalandhar,Punjab,29-Sep-2023,XXXX7029,Active,"Rs. 1,301"
MCH9185,Om Ltd,5812,Restaurants,PARTNERSHIP,kolkata,West Bengal,22/09/2025,RKEJ2980134292377,Closed,₹311.59
mch9836,"Nori, Malhotra and Deep",7011.0,HOTEL_LODGING,Sole Proprietor,chennai,Tamil Nadu,,XXXX5684,ACTIVE,"Rs. 3,007"
MCH-4421,  Sani LLC  ,5999,Retail Other,Sole Proprietor,ludhiana,Punjab,15/05/2023,7724162998,Active,₹901.69
MCH6090,Bahl-Ramanathan,07011,Hotel,sole_proprietor,Jalandar,Punjab,1741566545,3270315873,Live,"₹1,685.43"
MCH3688,"  Nayak, Brar and Sahni  ",4814,Mobile Recharge,Individual,Madras,Tamil Nadu,20-Aug-2025,NA,Hold,2787.88
MCH8131,Sekhon-Agrawal,5999,Other,PRIVATE-LIMITED,kolkata,West Bengal,2023/05/15,NA,I,"INR 5,430.66"
MCH-7276,Talwar-Kant,4131,Bus/Taxi,partnership,jaipur,Rajasthan,2023-06-23 22:04:06,NA,Live,692.16
mch8018,Lad PLC,5411.0,kirana,Private Limited,Kolkata,West Bengal,2025/03/27,XXXX3019,ACTIVE,655.70
mch9102,sastry-wali,5942.0,BOOKS_STATIONERY,Private Limited,Poona,Maharashtra,2025-06-30 04:03:18,WUTS6822135925592,A,1846.0
MCH-3017,Ramanathan and Sons,05311,Department Stores,PARTNERSHIP,DELHI,Delhi,06/07/2024,,ACTIVE,-3967.02
MCH 6051,"Prashad, Date and Sodhi",5311,Department Stores,Private Limited,Jalandhar,Punjab,18/01/2026,,Enabled,-212.27
mch2917,Edwin-Ahuja,5411,Grocery Stores,Sole Proprietor,Jalandar,Punjab,2023-06-08 23:40:31,8964022658,I,Rs. 490
mch4977,ARORA-NAYAK,MCC-5999,Other,INDIVIDUAL,LDH,Punjab,05/03/2025,NA,Enabled,1505.38
MCH9418,"BORA, VENKATESH AND LOKE",5411,groceries,individual,bengaluru,Karnataka,22-May-2024,ZTOW0641939254087,Suspended,"1,520.21"
MCH-4114,"Pandya, Jayaraman and Ray",4814,Mobile Recharge,SOLE_PROPRIETOR,Hyderabad,Telangana,01-15-2025,SSMR5889038460894,I,436.15
mch5963,Mukhopadhyay Ltd,5999,Other,PARTNERSHIP,pune,Maharashtra,2023/04/09,XXXX5492,INACTIVE,"₹5,714.63"
MCH 8825,"mandal, chaudhari and savant",5699,garments,individual,jalandhar,Punjab,27/07/2025,8501342789,Enabled,"₹1,817.30"
MCH5776,Date-Mangat,7011,Hospitality,Private Limited,LDH,Punjab,2025/01/15,NA,Live,-1509.26
1696,Prakash-Dhar,5411,kirana,PARTNERSHIP,BLR,Karnataka,01/09/2025,TXHI7483173386178,A,567.04
MCH4090,Panchal-Gera,5942,Books,PRIVATE-LIMITED,Mumbay,Maharashtra,2023/11/23,XXXX0223,I,976.5
MCH4440,"Krishna, Bora and Swaminathan",5699,Apparel,PRIVATE_LIMITED,Jalandar,Punjab,29/04/2023,5872380651,Hold,749.44
MCH8281,Tara-Mander,4131,Bus/Taxi,PRIVATE_LIMITED,Pune,Maharashtra,03-11-2023,TEPW4553100153492,A,"3,216.91"
4811,"rege, misra and mander",07011,Hospitality,Sole Proprietor,ASR,Punjab,,NA,Enabled,₹458.06
MCH1830,shan llc,MCC-7011,HOTEL_LODGING,private_limited,lucknow,Uttar Pradesh,,8821748714,A,405.35
MCH 8449,Mani-Ramachandran,5912,Pharmacies,PARTNERSHIP,delhi,Delhi,2024-12-27 07:20:47,XXXX6183,Live,461.73
MCH2896,"Date, Sahota and Hayre",4131,Transport,individual,Madras,Tamil Nadu,,KPBN8019714054804,A,"₹1,484.62"
mch1093,"dubey, uppal and bhatt",5812,FOOD_SERVICES,PRIVATE_LIMITED,Poona,Maharashtra,26/04/2025,NA,Closed,4005.67
MCH9984,Samra and Sons,MCC-5942,Stationery,PRIVATE-LIMITED,ludhiana,Punjab,02/09/2025,QLUY8246015665493,Enabled,₹983.46
MCH3008,"Datta, Sarkar and Nori",5311,Department Store,Partnership,LDH,Punjab,11-Nov-2024,,Enabled,-522.31
mch5159,"Boase, Nadkarni and Kala",4131,Bus/Taxi,PRIVATE_LIMITED,JPR,Rajasthan,18/05/2025,DDIU4780752450137,A,214.1
mch5333,  Rajagopal-Agate  ,4814,TELECOM,sole_proprietor,ASR,Punjab,,,INACTIVE,15510.71
MCH2498,Peri-Sachdeva,7011.0,Hospitality,individual,lucknow,Uttar Pradesh,22-Jul-2024,7968546113,Enabled,1576.69
MCH4235,NAGAR-SHARMA,5311,Retail,SOLE-PROPRIETOR,Kolkata,West Bengal,10-02-2024,,Live,"1,671.65"
MCH6148,KEER AND SONS,04814,phone service,PRIVATE_LIMITED,Kolkata,West Bengal,08/10/2024,NA,Live,2790.1
MCH4636,Sura and Sons,5699,Apparel,Partnership,mumbai,Maharashtra,1702835915,8723730767,Live,
MCH 1124,"Hayre, Chana and Bhasin",MCC-5699,Clothing,Sole Proprietor,jaipur,Rajasthan,10/05/2024,,Enabled,843.01
MCH7828,  Jhaveri and Sons  ,5699.0,garments,Individual,kolkata,West Bengal,2026/02/23,3888843924,A,"₹3,105.54"
MCH6277,"MANGAT, KAUR AND GUHA",07011,Hospitality,PARTNERSHIP,New Delhi,Delhi,2024-04-07 03:31:48,,Active,"Rs. 1,786"
MCH4690,"Dutt, Mukhopadhyay and Dara",5999,Other,SOLE_PROPRIETOR,amritsar,Punjab,24/04/2023 10:55 PM,HYJC1967089654932,Hold,-390.23
mch8110,Kamdar-Raval,MCC-5999,other,partnership,lucknow,Uttar Pradesh,13/07/2023,,Inactive,768.59
MCH-1243,"Buch, Atwal and Roy",5912.0,MEDICAL_STORE,PARTNERSHIP,ludhiana,Punjab,12/06/2025 08:43 AM,NA,Live,"1,323.94"
MCH5851,"Dugar, Shanker and Bedi",NA,Miscellaneous,Sole Proprietor,Pune,Maharashtra,07-24-2024,,Active,-1000.2
MCH4064,"Sastry, Sibal and Rajagopal",4131,Transportation,PARTNERSHIP,Lucknow,Uttar Pradesh,11-23-2024,XXXX7853,Inactive,-460.13
MCH8389,Thaman Group,UNKNOWN,Restaurants,INDIVIDUAL,MUMBAI,Maharashtra,17/02/2024 04:36 PM,XXXX0828,Inactive,"1,716.78"
8601,CHAHAL-PAREKH,5812,Food,PRIVATE-LIMITED,ASR,Punjab,2025/02/20,SPNT7219401023773,A,-600.58
MCH7997,"Rattan, Naik and Singh",5999,Miscellaneous,Individual,Poona,Maharashtra,1717167158,MFLT0388804537888,A,-397.79
mch6078,Oza-Srinivasan,04814,Telecom,Individual,Bombay,Maharashtra,15/10/2023 07:51 PM,,A,4379.06
MCH7058,"Barad,PalandBoase",5311.0,Department Store,INDIVIDUAL,Kolkata,West Bengal,06/12/2025 04:07 AM,XXXX2802,Enabled,"INR 1,284.51"
MCH7042,  Halder-Kalla  ,NA,Misc Retail,PRIVATE_LIMITED,pune,Maharashtra,26/09/2023,NA,Active,"INR 1,230.30"
9415,Krishnamurthy-Warrior,7011.0,Hotels,sole_proprietor,Ludhiana,Punjab,21/02/2023,,Live,₹438.69
MCH4364,SASTRY-SHETTY,4131,Transport,sole_proprietor,kolkata,West Bengal,14/06/2024,BYKR5512266480306,A,"Rs. 1,128"
MCH2120,"Yohannan, Patla and Parmer",7011,hotel_lodging,Partnership,Delhi,Delhi,2024/01/01,XXXX7380,Live,-3366.53
MCH 9778,"chandra, subramanian and borde",5942,Book Store,PRIVATE_LIMITED,Bengaluru,Karnataka,2025-05-20 15:00:27,2832098556,Enabled,"₹2,313.10"
MCH 6507,Kadakia PLC,5812,food_services,PARTNERSHIP,chennai,Tamil Nadu,05-01-2023,XXXX3350,Suspended,INR 740.55
2730,Nayar and Sons,7011,Hotels,SOLE_PROPRIETOR,Jaipur,Rajasthan,06-30-2023,NA,ACTIVE,"₹1,113.62"
MCH3743,doctor ltd,05912,Pharmacy,sole_proprietor,Hyd,Telangana,16/01/2023 08:06 PM,BRVO9557812490695,Enabled,"12,417.30"
mch9074,Thaman-Ramesh,misc,kirana,private_limited,New Delhi,Delhi,04/08/2024,YVFC7381559709766,ACTIVE,"₹2,298.62"
1730,  Buch Ltd  ,5699,Fashion,individual,Kolkata,West Bengal,2023/04/25,NA,Live,₹813.32
MCH8953,Oak Inc,5912,Medical,PARTNERSHIP,Mumbai,Maharashtra,2025/04/18,,Active,-1051.63
mch1122,Bakshi and Sons,,Department Store,private_limited,chennai,Tamil Nadu,03-09-2023,NA,Live,638.59
MCH5281,RAMASWAMY-BHANDARI,5411,kirana,partnership,Bangalore,Karnataka,2023/04/04,NA,Live,INR 113.91
mch1336,"NARAYANAN, ANAND AND KALITA",5999.0,Other,SOLE-PROPRIETOR,Ludhiana,Punjab,,XXXX4236,Live,Rs. 699
MCH1921,Raj LLC,5999,Miscellaneous,PARTNERSHIP,lucknow,Uttar Pradesh,12-Feb-2024,5917860419,Active,"₹2,280.24"
MCH3795,Sinha-Ramesh,4814,TELECOM,Partnership,Hyderabad,Telangana,2024/06/19,XXXX9092,Live,1083.1
MCH7236,"Ramanathan, Varkey and Iyengar",5812.0,Restaurant,partnership,ludhiana,Punjab,17/01/2024 08:37 PM,8807064129,ACTIVE,INR 843.44
MCH7057,"Lad, Kala and Bhagat",4814.0,TELECOM,PARTNERSHIP,jaipur,Rajasthan,10/02/2026 03:50 PM,NA,Active,1333.8
MCH9560,Puri-Ahluwalia,5999,Misc Retail,Partnership,ludhiana,Punjab,2025-06-21 05:09:56,XXXX3305,Enabled,1176.68
MCH3129,"Ghose,HariandGarde",5411,GROCERY_STORE,SOLE_PROPRIETOR,Ludhiana,Punjab,27/06/2025 03:24 AM,GWXI4589298577824,Live,"1,908.27"
8549,"Tandon, Tella and Srinivas",5311,Department Store,PARTNERSHIP,jalandhar,Punjab,22/09/2025 11:22 AM,NA,Live,-649.65
mch3163,Hora-Peri,5999,Retail Other,Partnership,Kolkata,West Bengal,2025-08-22 19:53:51,CRLP7276100496707,ACTIVE,
mch5857,"VARUGHESE, VORA AND CHOKSHI",4814,TELECOM,individual,lucknow,Uttar Pradesh,21/11/2025,,INACTIVE,₹687.33
MCH6200,"Kapadia, Bail and Badal",04131,TRAVEL,PRIVATE_LIMITED,Chennai,Tamil Nadu,12-09-2023,NA,Live,1183.13
MCH3328,Yadav and Sons,4814.0,Telecom,PARTNERSHIP,LKO,Uttar Pradesh,2023/04/20,FIFX0642566792123,ACTIVE,"1,324.81"
MCH5631,"Bhattacharyya, Behl and Barad",5699,CLOTHS,SOLE_PROPRIETOR,Bangalore,Karnataka,1756573001,XXXX1656,ACTIVE,Rs. 857
MCH9430,"Shetty, Pau and Chhabra",4814,phone service,Partnership,Poona,Maharashtra,31-Oct-2023,,Live,₹927.24
MCH-4211,Amb1e-Saha,,groceries,sole_proprietor,Dilli,Delhi,27-Jun-2023,,Active,Rs. 525
mch8076,Seshadri LLC,5942,Books,PARTNERSHIP,Jaipur,Rajasthan,1740142995,,Inactive,"INR 4,406.44"
MCH6366,"hora, edwin and zacharia",4814,Mobile Recharge,sole_proprietor,ludhiana,Punjab,29/03/2025,8367872742,ACTIVE,₹780.59
MCH3637,Pai-Parikh,05812,eating place,SOLE_PROPRIETOR,HYDERABAD,Telangana,2024/06/26,NA,Active,"3,420.81"
MCH8446,Kuruvi11a Gr0up,5999,Miscellaneous,sole_proprietor,Madras,Tamil Nadu,2025/07/07,NA,Active,INR 979.24
MCH1454,Mishra-Batra,5999,Other,sole_proprietor,Hyd,Telangana,02/12/2025 08:43 PM,ARMV5646544388660,Live,163.44
MCH8038,"sane, bir and singhal",5311,Department Store,individual,amritsar,Punjab,,NA,I,1346.16
MCH7919,"Dugar, Buch and Bhatti",5812,Restaurant,PRIVATE_LIMITED,Hyd,Telangana,17/11/2023 05:05 PM,,ACTIVE,"₹3,138.05"
MCH3214,Dubey Inc,4131,transprt,INDIVIDUAL,Bangalore,Karnataka,24/07/2024 12:45 AM,1238686450,ACTIVE,"Rs. 2,052"
mch1968,Shroff-Mani,,kirana,partnership,MUMBAI,Maharashtra,10/04/2024,FIQR5425866491953,Enabled,"Rs. 1,674"
MCH7955,"Andra, Oommen and Salvi",5699,garments,PARTNERSHIP,ASR,Punjab,02-02-2023,XXXX5039,Live,-2313.71
MCH4102,Dass LLC,5912.0,chemist,PARTNERSHIP,kolkata,West Bengal,19/02/2026,XXXX9287,Live,₹375.32
9153,Amble and Sons,4131,Bus/Taxi,sole_proprietor,ASR,Punjab,11/04/2025,RQJV0029687316825,Live,
MCH2724,Saha Group,,Department Store,Individual,Jaipur,Rajasthan,1770600785,LOPJ0201883436603,Inactive,
MCH2237,Chatterjee-Din,4814,TELECOM,SOLE_PROPRIETOR,Lucknow,Uttar Pradesh,01-23-2023,4350832934,Live,
mch6630,"  Kalla, Vyas and Lanka  ",5942,Stationery,Sole Proprietor,JPR,Rajasthan,,,Active,257.87
MCH3512,"  Bhatti, Khosla and Chhabra  ",,phone service,PRIVATE_LIMITED,Amritsar,Punjab,1683243379,NA,Active,"Rs. 1,112"
MCH2196,Badal-Ghosh,4131.0,transprt,INDIVIDUAL,delhi,Delhi,2024/04/07,XXXX7232,A,188.84
MCH4340,"Nadig, Kothari and Khalsa",7011,Hotels,partnership,mumbai,Maharashtra,,,ACTIVE,1756.35
MCH5546,"Brar, Rajan and Bhat",4814,phone service,Private Limited,Bengaluru,Karnataka,16-Oct-2024,,A,843.23
mch6998,Jani-Nayak,5311,DEPT_STORE,individual,DELHI,Delhi,01-27-2026,,A,"₹3,349.13"
MCH6746,"Tank, Chanda and Kothari",5411.0,Grocery Stores,PRIVATE_LIMITED,Ludhiana,Punjab,04-Feb-2024,2882499145,A,2445.51
MCH6730,"Babu, Sarma and Setty",5912,chemist,Partnership,Lucknow,Uttar Pradesh,2023/10/28,XXXX4738,ACTIVE,1118.53
MCH8982,deo-nath,5812,FOOD_SERVICES,PRIVATE-LIMITED,Amritsar,Punjab,1689671726,NA,Active,1840.43
MCH8725,Ganesan Inc,5411,Grocery Stores,PRIVATE_LIMITED,Jalandar,Punjab,1677248337,NA,I,-1002.32
MCH9946,Jain LLC,MCC-5912,Medical,Partnership,pune,Maharashtra,2024-12-10 16:23:14,WESP3308956963595,Active,"Rs. 1,421"
MCH9406,Goyal-Bhakta,5912,MEDICAL_STORE,individual,Dilli,Delhi,11-20-2023,,A,280.93
MCH6520,Manda-Shah,5912,MEDICAL_STORE,Individual,kolkata,West Bengal,01/08/2024 12:55 AM,,ACTIVE,1457.02
MCH1959,"Barad, Bala and Chad",MCC-5999,Retail Other,INDIVIDUAL,Pune,Maharashtra,2025-10-12 19:55:24,,Live,578.42
MCH1388,"Kala, Kunda and Pandit",5912,Medical,SOLE_PROPRIETOR,bengaluru,Karnataka,22/07/2025,PZDL0297294331143,Live,"INR 3,155.43"
MCH-6155,"Varghese, Mahal and Nadkarni",5812,Restaurants,PRIVATE-LIMITED,jaipur,Rajasthan,2024-07-20 05:18:20,MGRT6859674527943,ACTIVE,
MCH 9459,BATTA-HANDA,MCC-4131,Transport,PARTNERSHIP,Hyderabad,Telangana,03/06/2025,NA,Live,11281.97
MCH7735,Nanda PLC,05912,chemist,INDIVIDUAL,kolkata,West Bengal,,4101693364,ACTIVE,₹763.99
MCH9609,Saran-Iyengar,,Restaurant,SOLE_PROPRIETOR,bengaluru,Karnataka,14/11/2023,NA,Active,3223.75
MCH6450,Mishra PLC,5411,kirana,Individual,Madras,Tamil Nadu,2024-04-02 01:49:04,NA,Inactive,
MCH8365,Banik PLC,MCC-5999,Miscellaneous,Private Limited,Jalandhar,Punjab,01-11-2024,XXXX2609,Active,"Rs. 3,523"
MCH1756,Ben and Sons,5999.0,Miscellaneous,Private Limited,HYDERABAD,Telangana,02-Aug-2023,XXXX4519,A,"₹1,706.90"
MCH 2092,"Dubey, Tara and Thaker",04131,Transportation,individual,Kolkata,West Bengal,2023/11/09,6682311847,Live,1262.97
MCH9067,Korpal-Som,4814,TELECOM,PRIVATE-LIMITED,amritsar,Punjab,04/10/2024,5383470268,INACTIVE,1246.81
MCH1751,"Keer, Dara and Gour",5942,BOOKS_STATIONERY,INDIVIDUAL,LDH,Punjab,29-Jun-2023,,SUSPENDED,"1,719.30"
8437,  Sinha LLC  ,7011,HOTEL_LODGING,Sole Proprietor,Kolkata,West Bengal,1764837012,NA,Inactive,761.27
MCH 3541,"SRIVASTAVA, TELLA AND KONDA",4814,Mobile Recharge,PRIVATE-LIMITED,DELHI,Delhi,10-31-2024,XXXX6960,A,"₹2,341.43"
MCH8777,Kibe PLC,7011,Hotel,PARTNERSHIP,MUMBAI,Maharashtra,16-Jun-2023,3399976956,Inactive,1945.67
MCH1806,dugar-rege,5912,chemist,PRIVATE-LIMITED,New Delhi,Delhi,,7841679256,S,"Rs. 1,498"
mch8692,"Dubey, Nair and Bobal",5812,eating place,sole_proprietor,ludhiana,Punjab,17-Apr-2023,9956125917,Enabled,"₹2,839.54"
MCH9009,Badami-Sani,5411,groceries,Individual,Mumbay,Maharashtra,03-31-2024,XXXX8465,Enabled,"INR 1,732.46"
MCH 9975,Nadkarni-Sane,5999,misc retail,SOLE-PROPRIETOR,New Delhi,Delhi,02-Aug-2025,XXXX7415,Suspended,"INR 4,465.19"
MCH6473,  Tata Group  ,5812,Restaurants,PRIVATE_LIMITED,LKO,Uttar Pradesh,09-Apr-2023,3128582685,Suspended,2924.69
MCH2915,"Vohra, Pathak and Bumb",5912,Pharmacies,INDIVIDUAL,Kolkata,West Bengal,06/09/2025,NA,Active,₹459.58
MCH1782,Kari PLC,5411.0,Grocery,SOLE_PROPRIETOR,MUMBAI,Maharashtra,26/06/2024,NA,A,-4762.58
MCH3487,Soni and Sons,5912,Medical,sole_proprietor,lucknow,Uttar Pradesh,16/05/2023 03:23 AM,XXXX5287,A,1671.71
MCH5423,"Chanda, Mallick and Butala",MCC-5311,Department Store,sole_proprietor,Jaipur,Rajasthan,2024/08/25,XXXX3345,A,INR 458.56
MCH 4431,"Wali, Zachariah and Toor",MCC-5411,GROCERY_STORE,SOLE_PROPRIETOR,Bombay,Maharashtra,13-May-2023,,Blocked,"₹3,595.68"
MCH5565,Chatterjee and Sons,5411,Grocery,SOLE-PROPRIETOR,Poona,Maharashtra,12-11-2025,NMWT6772454974745,A,1083.09
MCH7273,Keer and S0ns,7011,HOTEL_LODGING,private_limited,chennai,Tamil Nadu,1724493261,NA,A,3146.24
MCH2133,Bose-Saraf,5999,misc retail,SOLE-PROPRIETOR,MUMBAI,Maharashtra,2024/09/19,6035698626,Suspended,-434.11
MCH9278,Oza-Gera,4131,Transport,partnership,Mumbai,Maharashtra,20/04/2024,,ACTIVE,"Rs. 13,241"
MCH7204,Thaman Ltd,,Stationery,individual,jalandhar,Punjab,05-Sep-2023,NA,ACTIVE,Rs. 937
MCH6107,"Bhattacharyya, Narayanan and Samra",05812,Food,PARTNERSHIP,pune,Maharashtra,21/02/2025,NA,A,1215.85
MCH6541,"Mahal, Panchal and Doshi",5912,chemist,INDIVIDUAL,Mumbay,Maharashtra,2024-06-12 16:15:10,XXXX5174,ACTIVE,Rs. 307
mch6607,Bedi-Bhandari,05812,Food,SOLE-PROPRIETOR,ludhiana,Punjab,30/12/2023,,Live,"₹1,203.00"
MCH3281,Thakur-Gade,5912,Pharmacy,SOLE-PROPRIETOR,Dilli,Delhi,,XXXX4216,Closed,432.42
MCH6843,Gupta Gr0up,05942,Book Store,SOLE-PROPRIETOR,Jaipur,Rajasthan,,WRES2664733004628,Active,825.48
MCH-3093,Keer Inc,4814,Mobile Recharge,Individual,Jalandhar,Punjab,,5623610175,INACTIVE,-881.76
MCH8879,  Raju and Sons  ,NA,MEDICAL_STORE,sole_proprietor,Lucknow,Uttar Pradesh,2023-08-30 05:18:50,,ACTIVE,Rs. 906
MCH 4994,"Uppal, Bawa and Gera",05812,eating place,sole_proprietor,DELHI,Delhi,04-21-2023,,Live,"Rs. 1,710"
MCH4322,Patla PLC,4814,telecom,PRIVATE-LIMITED,pune,Maharashtra,10-17-2025,XXXX9948,A,Rs. 274
MCH1865,Chandra-Pandey,5942,Books,individual,pune,Maharashtra,15-Nov-2025,,ACTIVE,3847.74
MCH6213,Sangha LLC,,Retail Other,PRIVATE_LIMITED,delhi,Delhi,03/12/2025 12:46 PM,NA,ACTIVE,Rs. 722
MCH5518,Bhalla-Chaudhuri,5812,Food,Individual,LKO,Uttar Pradesh,19/04/2025,NA,Active,1038.42
MCH 5484,Vasa PLC,7011.0,HOTEL_LODGING,individual,Lucknow,Uttar Pradesh,06-01-2023,KFFT4078081558704,Active,
MCH1591,Ramaswamy-Babu,5311,DEPT_STORE,PARTNERSHIP,amritsar,Punjab,18/04/2024,NA,Enabled,1638.46
MCH4273,Bava Group,5999,Misc Retail,Private Limited,Ludhiana,Punjab,28/12/2024 03:12 PM,OCKK9490643242644,Inactive,2773.64
MCH4101,"Sani, Ben and Subramaniam",5311,Department Stores,private_limited,pune,Maharashtra,2025-10-20 20:35:21,XXXX9217,Live,1377.51
MCH6102,"hayre, peri and sura",7011,Hotel,private_limited,Ludhiana,Punjab,01-26-2024,FLWX5559304020457,Active,-4593.66
MCH5160,subramanian inc,7011,Hotel,partnership,amritsar,Punjab,17/11/2025,,A,1435.76
mch1101,Seshadri-Rajagopalan,4814.0,phone service,INDIVIDUAL,Calcutta,West Bengal,06-28-2023,,I,3516.26
MCH7517,"  Banik, Kamdar and Dada  ",5699,CLOTHS,individual,ASR,Punjab,20/07/2025,YYXV9001319720217,ACTIVE,"INR 2,046.69"
MCH6187,"Shanker, Sastry and Rattan",4131,TRAVEL,Individual,Dilli,Delhi,11-17-2025,NA,ACTIVE,327.19
MCH8614,Singhal Group,5912,Medical,sole_proprietor,BLR,Karnataka,27-Mar-2025,XXXX4582,ACTIVE,4570.35
mch6390,barman plc,UNKNOWN,MEDICAL_STORE,INDIVIDUAL,kolkata,West Bengal,24/11/2023,XXXX9714,Active,-904.29
MCH7614,WaliLtd,5699,garments,individual,Mumbai,Maharashtra,03-Jul-2023,BEBD9243619313229,ACTIVE,Rs. 969
MCH 4835,  Hari Inc  ,MCC-5912,MEDICAL_STORE,individual,HYDERABAD,Telangana,10/06/2024,XXXX3222,ACTIVE,INR 348.86
MCH-2731,Krishna-Kumar,5311,Department Store,PRIVATE_LIMITED,ludhiana,Punjab,18-Dec-2025,XXXX8549,Enabled,"1,031.53"
mch5040,Lala-Pandit,5411,Grocery Stores,INDIVIDUAL,kolkata,West Bengal,,,Live,INR 709.71
MCH4086,"Kannan, Varghese and Lalla",5311,Retail,private_limited,mumbai,Maharashtra,12-08-2024,0493830742,Enabled,"₹1,459.96"
MCH-1033,Sidhu and Sons,4814,phone service,individual,Jalandhar,Punjab,11-Sep-2023,WXKC0706100279623,Active,"1,871.48"
MCH6360,"  Desai, Shroff and Goel  ",7011,Hotel,private_limited,Jalandhar,Punjab,11-Nov-2025,7990572488,INACTIVE,635.23
MCH7514,Ahuja-Bobal,5311,Retail,Sole Proprietor,lucknow,Uttar Pradesh,2024-04-19 10:36:48,,A,"1,943.52"
MCH1193,"Padmanabhan, Sekhon and Dhawan",5812,Restaurants,PARTNERSHIP,lucknow,Uttar Pradesh,16-Jan-2025,NA,Active,"INR 1,712.05"
MCH1154,"oommen, tata and randhawa",NA,hotel,PARTNERSHIP,Kolkata,West Bengal,2025/04/18,RBFJ6015227406897,Active,INR 655.30
MCH6256,MANDA INC,5912,Pharmacy,PARTNERSHIP,Ludhiana,Punjab,27/09/2024 10:23 PM,,ACTIVE,INR 574.96
MCH8337,padmanabhan-nanda,5999,Misc Retail,INDIVIDUAL,BLR,Karnataka,1724141641,OIGZ3615629643358,ACTIVE,₹694.67
MCH9797,"Basu, Kota and Hora",7011,HOTEL_LODGING,INDIVIDUAL,jaipur,Rajasthan,,NA,A,3455.43
MCH 8939,"DHAWAN, KAMDAR AND DALAL",5812,Restaurants,individual,Bangalore,Karnataka,2023-01-06 17:37:02,0807622113,ACTIVE,Rs. 729
MCH6112,LUTHRA-GROVER,5942,Books,partnership,Jaipur,Rajasthan,22/06/2024,NA,Live,"Rs. 1,366"
MCH8308,"Ganguly, Raj and Keer",,Mobile Recharge,INDIVIDUAL,ASR,Punjab,04-02-2023,5508076719,A,"₹3,204.80"
MCH-6493,"SUBRAMANIAM, PRASHAD AND PARMER",,Bus/Taxi,SOLE_PROPRIETOR,Mumbay,Maharashtra,2025/04/13,XXXX8820,I,
mch2825,Ku1karni Inc,4814,phone service,INDIVIDUAL,ludhiana,Punjab,18/07/2023,QGWN3520325181186,Active,"1,291.01"
MCH2404,  Mutti-Seshadri  ,5411,GROCERY_STORE,INDIVIDUAL,Ludhiana,Punjab,13/01/2026 07:54 AM,,Active,INR 233.40
MCH7912,Som-Mistry,,Misc Retail,PARTNERSHIP,jaipur,Rajasthan,1756459955,,A,
MCH4674,Sachar-Loke,5699,Apparel,Private Limited,Jalandhar,Punjab,,NA,Active,"INR 1,222.52"
MCH3705,Vig Ltd,5942,Stationery,INDIVIDUAL,Chennai,Tamil Nadu,,,A,1102.78
MCH3637,"Lalla, Deep and Sama",5699,Fashion,INDIVIDUAL,Poona,Maharashtra,27/05/2023,GKWZ9818461335290,Live,560.03
MCH8553,Kumar and Sons,5411.0,Grocery Stores,Partnership,Jalandhar,Punjab,15/11/2025,,Live,1412.27
MCH 1071,ShankarGroup,7011,Hotel,INDIVIDUAL,MUMBAI,Maharashtra,2024-06-23 13:38:43,6765564160,Active,-389.19
MCH7862,  Pandit-Ratti  ,05912,MEDICAL_STORE,INDIVIDUAL,Amritsar,Punjab,23/04/2023,NA,Enabled,558.23
MCH7965,  Magar-Kant  ,5311,Department Stores,SOLE_PROPRIETOR,Pune,Maharashtra,13-May-2024,XXXX3832,Active,567.32
MCH3269,Kara-Ramaswamy,,eating place,Partnership,Poona,Maharashtra,07-Dec-2023,,Enabled,"₹1,481.00"
MCH2501,ravel inc,,Pharmacies,partnership,ludhiana,Punjab,13/08/2024,XXXX9432,Live,"₹2,494.94"
MCH5502,KAUL-NAYAR,05912,Pharmacy,sole_proprietor,Madras,Tamil Nadu,1729283714,0267393457,Enabled,Rs. 716
MCH3983,Behl-Viswanathan,5411.0,Grocery Stores,PARTNERSHIP,ludhiana,Punjab,23/04/2024,PHDB4189535389714,Active,"INR 1,037.83"
MCH3610,KHANNA-GOSWAMI,,TELECOM,sole_proprietor,amritsar,Punjab,11-Jul-2023,,ACTIVE,940.6
MCH 8607,Sachdeva-Dutta,MCC-4814,Telecom,PARTNERSHIP,Jalandhar,Punjab,1771276466,HBCE1328673504211,ACTIVE,INR 699.07
MCH7900,Lala-Kashyap,misc,MEDICAL_STORE,individual,Madras,Tamil Nadu,01/06/2024,DYCG4683635893934,A,"Rs. 1,298"
MCH3259,Bajaj-Mann,4131,transprt,Individual,Amritsar,Punjab,2024/05/09,VUFB9274060732272,ACTIVE,Rs. 426
MCH-1697,Sodhi-Ramakrishnan,4814.0,Telecom,private_limited,lucknow,Uttar Pradesh,1681369471,QYQC0323724202438,SUSPENDED,1234.06
MCH5825,Bhardwaj-Sachdeva,5942,Stationery,PARTNERSHIP,Bangalore,Karnataka,2024-05-17 00:03:40,NA,Live,-1108.32
MCH 8159,"  Gade, Gala and Bhatti  ",05812,Restaurant,INDIVIDUAL,JPR,Rajasthan,2024-01-31 09:10:22,NA,ACTIVE,1186.29
MCH9193,Ramachandran-Rao,5699,garments,INDIVIDUAL,bengaluru,Karnataka,2024/04/07,XXXX3147,A,"₹1,693.53"
MCH8832,Gour Ltd,5942,book store,INDIVIDUAL,Pune,Maharashtra,2024-10-19 08:26:23,9524602047,Enabled,
9637,Handa-Basu,5699,Clothing,PARTNERSHIP,Poona,Maharashtra,17/09/2025,,Live,515.71
MCH8698,"Boase, Bal and Mand",5311,Department Stores,Private Limited,Calcutta,West Bengal,2025/06/13,NA,Enabled,3054.52
MCH7383,"SRIVASTAVA, VENKATARAMAN AND ROY",5699,garments,INDIVIDUAL,Chennai,Tamil Nadu,10-07-2023,,ACTIVE,241.13
MCH6372,G0da and S0ns,5699.0,Apparel,Individual,chennai,Tamil Nadu,05-14-2024,WEUJ5834386997769,ACTIVE,515.6
MCH 5129,"kant, chaudhari and sarna",4131,Transport,SOLE-PROPRIETOR,chennai,Tamil Nadu,2025/07/19,QYZU2715177783366,Enabled,"INR 4,873.16"
MCH 5293,Varma Inc,,Bus/Taxi,INDIVIDUAL,bengaluru,Karnataka,2025/12/26,LBEZ4327128100737,ACTIVE,-1266.49
2436,"Bhagat, Amble and Dixit",4131,Transportation,INDIVIDUAL,LKO,Uttar Pradesh,2024-07-27 10:21:56,XXXX8612,ACTIVE,2085.74
MCH4965,"  Shukla, Brahmbhatt and Natarajan  ",5699,CLOTHS,INDIVIDUAL,pune,Maharashtra,20/11/2024 08:09 AM,3036734144,Enabled,INR 168.46
MCH8974,"  Kota, Varty and Mangal  ",7011,Hotels,INDIVIDUAL,Jaipur,Rajasthan,27/06/2024 11:13 PM,,ACTIVE,"1,353.93"
MCH8996,Bala-Bhalla,UNKNOWN,Other,PRIVATE_LIMITED,lucknow,Uttar Pradesh,08-18-2025,NA,A,"₹1,146.92"
MCH9732,"Srinivasan,EdwinandRattan",misc,TRAVEL,SOLE_PROPRIETOR,Amritsar,Punjab,2025-04-19 12:04:14,NA,Active,"INR 3,076.50"
MCH 2384,"Savant, Kant and Chokshi",5699,Fashion,PARTNERSHIP,chennai,Tamil Nadu,2024/02/05,NA,SUSPENDED,"Rs. 1,196"
mch6877,Jain PLC,5699,Apparel,partnership,Dilli,Delhi,2023-11-23 17:40:08,,Enabled,3249.89
MCH5762,Dyal-Loke,5812,Food,INDIVIDUAL,Calcutta,West Bengal,29/06/2023,,Enabled,5081.8
MCH6828,Warrior-Bhardwaj,04814,Telecom,Partnership,Lucknow,Uttar Pradesh,2023/06/01,NTMS5038197940684,A,2500.44
8370,Tandon-Khosla,4131,Transport,PARTNERSHIP,Hyderabad,Telangana,1726440487,2595692413,Live,Rs. 574
MCH5559,Grewal-Mohanty,5999,Misc Retail,PRIVATE-LIMITED,Jalandar,Punjab,2024/04/23,,ACTIVE,"INR 1,466.58"
MCH-4027,"Hegde, Ratti and Gera",5411,GROCERY_STORE,PRIVATE-LIMITED,Hyd,Telangana,08-Feb-2025,,Live,-659.89
MCH8261,"Sridhar, Manda and Arora",MCC-5812,Food,SOLE_PROPRIETOR,jaipur,Rajasthan,02/12/2023 03:30 PM,,SUSPENDED,8032.44
MCH5874,Pathak Group,4814,Telecom,INDIVIDUAL,Jalandhar,Punjab,16-Mar-2025,NA,Inactive,₹814.38
MCH-9481,Kata LLC,4814.0,phone service,partnership,Amritsar,Punjab,25/11/2025,NA,Enabled,"₹1,054.88"
MCH4677,"Sethi, Bora and Karpe",5942,Stationery,Individual,Poona,Maharashtra,,NA,Disabled,"₹5,089.50"
MCH9258,Edwin Inc,5942,Stationery,PARTNERSHIP,Lucknow,Uttar Pradesh,2024/09/26,0028974564,Active,"INR 1,647.77"
MCH2825,Koshy-Gola,5812,Restaurant,PARTNERSHIP,Bangalore,Karnataka,1758759283,YLMF2374015161502,Active,-3012.53
MCH2474,"Setty, Reddy and Singh",misc,MEDICAL_STORE,SOLE-PROPRIETOR,kolkata,West Bengal,11-Dec-2023,XXXX1604,Live,"INR 3,043.10"
MCH1533,Wason and Sons,5812,eating place,partnership,Amritsar,Punjab,1743060769,NA,I,419.64
mch9112,Saini-Sinha,5699,garments,PRIVATE-LIMITED,Pune,Maharashtra,03/08/2024,NA,Live,"1,129.73"
MCH2096,"Taneja, Basu and Bal",4814,Telecom,PRIVATE-LIMITED,pune,Maharashtra,09-28-2024,6426260442,Enabled,"INR 1,660.30"
MCH1718,Wason-Vaidya,5311,retail,PRIVATE_LIMITED,Jalandhar,Punjab,04/04/2025 05:19 PM,,Inactive,705.66
MCH7524,"Sarna, Mital and Deo",MCC-7011,Hospitality,Private Limited,BLR,Karnataka,1752404209,XXXX6292,A,"1,847.00"
MCH9147,Bedi-Dugar,5912,Pharmacies,SOLE-PROPRIETOR,bengaluru,Karnataka,31/05/2024 05:15 AM,,ACTIVE,1264.98
9642,Sarin Group,4814,TELECOM,INDIVIDUAL,MUMBAI,Maharashtra,09/10/2025,LEVP3171266345624,A,"₹11,510.93"
6776,  Hari-Tak  ,4131,Transport,SOLE-PROPRIETOR,Jalandhar,Punjab,25-May-2025,MRFF6144887569600,Inactive,1189.41
MCH7803,  Mukherjee-Sha  ,4814,TELECOM,PRIVATE_LIMITED,jaipur,Rajasthan,2023/02/16,7883892457,Active,Rs. 763
MCH-2973,"Bhargava, Dani and Krishnamurthy",4131,transprt,PARTNERSHIP,ludhiana,Punjab,08-30-2023,NA,Active,3748.31
MCH2293,"pandit, bhavsar and barman",4814,TELECOM,PRIVATE_LIMITED,Pune,Maharashtra,2023-03-20 00:50:23,NA,A,INR 792.61
MCH6645,buch llc,4131,transprt,PRIVATE-LIMITED,Amritsar,Punjab,09-25-2024,,Active,102.32
MCH3941,"Khanna, Sama and Korpal",,Retail Other,Sole Proprietor,pune,Maharashtra,,NA,Active,1016.43
MCH 2419,Suri Ltd,5999,Misc Retail,INDIVIDUAL,Mumbai,Maharashtra,05/02/2024,2248391109,Live,-5184.52
MCH8762,Dani-Saha,4131,Transport,PARTNERSHIP,Calcutta,West Bengal,,NA,A,₹778.15
MCH7428,Chand Inc,5699,CLOTHS,Individual,Bangalore,Karnataka,11-Oct-2025,XXXX8001,Enabled,1254.86
MCH 7784,DAYAL PLC,4814,phone service,PARTNERSHIP,pune,Maharashtra,1727050811,XXXX9570,ACTIVE,
MCH-1917,"Chowdhury, Krishna and Rajagopal",5699,Fashion,SOLE_PROPRIETOR,amritsar,Punjab,10-20-2024,NA,SUSPENDED,909.84
MCH-5641,Thaker and Sons,4131.0,Transportation,Partnership,Madras,Tamil Nadu,20/02/2024,4665430270,A,"INR 1,143.48"
mch7192,Subramaniam and S0ns,5942,Book Store,PRIVATE-LIMITED,Dilli,Delhi,20-Sep-2025,,Enabled,2702.97
MCH6904,DIXIT-MALLICK,7011,Hotel,SOLE-PROPRIETOR,Hyd,Telangana,25/03/2023,UXIZ6468526873602,INACTIVE,₹402.95
MCH4043,choudhry and sons,5912,Pharmacies,Private Limited,Bangalore,Karnataka,1707156028,XXXX3422,A,367.6
MCH7661,Brahmbhatt and Sons,UNKNOWN,Fashion,Individual,JPR,Rajasthan,02-13-2024,NA,A,825.29
MCH1845,Goel Inc,4131,Bus/Taxi,private_limited,Dilli,Delhi,17/10/2023,6579207527,A,1675.96
mch1459,"Palla, Saini and Date",7011,Hotel,individual,Ludhiana,Punjab,20/02/2024,NA,Suspended,1582.79
MCH1611,Karan-Kibe,UNKNOWN,groceries,sole_proprietor,Jalandhar,Punjab,06/03/2024,,A,343.64
MCH 2844,Misra-Seth,4131,Transportation,Individual,ASR,Punjab,2023/05/24,XXXX4860,Active,162.5
MCH1101,Ramaswamy-Prabhakar,5912,Pharmacies,SOLE_PROPRIETOR,chennai,Tamil Nadu,02-Jun-2025,,A,"Rs. 8,687"
MCH4250,"SUBRAMANIAM, DATTA AND PATEL",5411,Grocery,PARTNERSHIP,Kolkata,West Bengal,07/06/2023,,Active,1320.67
MCH5558,"Rao, Sidhu and Barad",7011,Hospitality,partnership,ASR,Punjab,14/09/2024,,Live,Rs. 626
MCH2767,"Patel, Jhaveri and Dugar",MCC-4814,Telecom,Private Limited,Jalandhar,Punjab,06-16-2025,NA,Live,"₹1,222.94"
MCH6681,Baria PLC,4131,Bus/Taxi,INDIVIDUAL,DELHI,Delhi,17-Feb-2026,0443076547,INACTIVE,"Rs. 1,343"
MCH1709,sachdeva-khanna,5999,Other,PARTNERSHIP,Madras,Tamil Nadu,2023-08-25 07:56:38,XXXX5946,Live,₹481.17
mch1610,Sodhi-Parekh,5411,GROCERY_STORE,partnership,Amritsar,Punjab,,XXXX7277,A,"INR 1,488.13"
MCH5918,bora-rege,5699,garments,Partnership,pune,Maharashtra,23/09/2024,USII8978521648386,Live,-203.17
MCH6812,"Gade, Badami and Choudhary",4814,Mobile Recharge,sole_proprietor,ASR,Punjab,2023/12/21,,Active,-200.21
MCH7290,"Subramanian, B0rde and Ba1akrishnan",5699,Clothing,Individual,Lucknow,Uttar Pradesh,03-17-2023,IRWT0239440992204,Live,"Rs. 2,695"
MCH7981,"  Singhal, Manne and Ray  ",MCC-5699,CLOTHS,Private Limited,jalandhar,Punjab,02-Nov-2023,IOCQ7344534204502,Active,234.87
9121,Divan-Char,5942,BOOKS_STATIONERY,PARTNERSHIP,Amritsar,Punjab,2025/02/18,YDYC9354203967320,Inactive,-339.98
mch3806,Thakkar-Kara,5942,Books,sole_proprietor,jaipur,Rajasthan,1725619233,SOII5443407300788,Enabled,"INR 2,156.00"
MCH6568,MINHAS PLC,7011,HOTEL_LODGING,Sole Proprietor,Amritsar,Punjab,2024-04-10 18:11:31,8442730412,Enabled,"Rs. 1,486"
MCH1894,Tara-Gupta,5812,FOOD_SERVICES,individual,Hyderabad,Telangana,1732726526,NA,Closed,"Rs. 2,112"
8050,Bora-Oommen,MCC-5311,Department Store,individual,jalandhar,Punjab,1702704531,YBIM5056880883544,ACTIVE,₹587.46
MCH8470,"GARG, SURI AND SAGAR",5699,Fashion,individual,ludhiana,Punjab,11-19-2023,,Live,
MCH5833,Deep and Sons,5411,Grocery,partnership,jaipur,Rajasthan,04/04/2024,NA,Enabled,"₹4,335.22"
MCH 1497,Lanka PLC,5912.0,Medical,Private Limited,ASR,Punjab,2025/09/24,,ACTIVE,"Rs. 1,817"
mch5705,"PALAN, BHARGAVA AND JAGGI",4131,Transport,INDIVIDUAL,Lucknow,Uttar Pradesh,2026/02/05,NA,Active,1360.45
MCH9147,BORDE GROUP,5942,Book Store,SOLE_PROPRIETOR,Madras,Tamil Nadu,,,A,Rs. 193
MCH7912,"Raju, Bhakta and Kaul",5942,Books,Partnership,Jaipur,Rajasthan,1728860908,NA,ACTIVE,"₹1,561.88"
MCH8416,"Bal, Kant and Gola",5411,kirana,PRIVATE_LIMITED,Chennai,Tamil Nadu,03-31-2025,XXXX9605,Active,5069.39
MCH4129,"Lad, Raja and Sachdev",7011,Hotel,Partnership,MUMBAI,Maharashtra,11-09-2023,0929537946,Enabled,954.07
MCH9027,"Dani, Soni and Nagy",7011,Hotels,partnership,Jalandhar,Punjab,26/10/2023,XXXX0115,Live,-905.68
MCH7574,Loke Ltd,,DEPT_STORE,SOLE_PROPRIETOR,kolkata,West Bengal,,XXXX9656,ACTIVE,-302.53
MCH9234,"Jhaveri, Chandran and Shukla",7011,hospitality,Partnership,Lucknow,Uttar Pradesh,26/07/2024,XXXX3221,Inactive,762.04
MCH6113,  Tara-Kala  ,5699,garments,Private Limited,Amritsar,Punjab,,NA,ACTIVE,915.2
MCH5586,Andra-Sha,5699,CLOTHS,PRIVATE_LIMITED,amritsar,Punjab,03-Jul-2023,4565854983,Suspended,-349.98
MCH4782,Salvi-Comar,7011,Hotel,SOLE_PROPRIETOR,jalandhar,Punjab,2025-07-13 09:44:30,XXXX1728,ACTIVE,876.50
MCH1518,Saini-Gole,5999,Other,PRIVATE_LIMITED,jalandhar,Punjab,08-Jul-2023,NA,Active,957.31
MCH8566,Magar-Kota,4131,transprt,PARTNERSHIP,ASR,Punjab,03/01/2026 12:47 PM,,Live,"1,353.18"
MCH8890,Halder Inc,7011.0,Hotels,PRIVATE_LIMITED,lucknow,Uttar Pradesh,2026/01/15,XXXX3843,Blocked,"₹2,352.14"
6586,Pandya PLC,05999,Miscellaneous,individual,bengaluru,Karnataka,29/04/2024,ADLW1268933500473,Active,Rs. 520
MCH4212,Raman-Kohli,5411.0,Grocery Stores,PARTNERSHIP,ludhiana,Punjab,1730025567,AIWO1178745904405,A,"Rs. 3,361"
MCH-5602,Kaul PLC,5411,Grocery Stores,private_limited,Hyderabad,Telangana,05-17-2023,2312889197,Inactive,469.06
MCH-8291,walia inc,7011,HOTEL_LODGING,PRIVATE_LIMITED,Ludhiana,Punjab,04/01/2023 07:11 PM,,ACTIVE,1898.37
MCH3545,"CHACKO, OZA AND JAGGI",7011,Hotels,Sole Proprietor,Hyd,Telangana,2023/09/30,,Enabled,867.82
MCH 3889,upadhyay-chaudhry,4131,Bus/Taxi,Individual,ludhiana,Punjab,2026/01/16,5975404049,ACTIVE,
mch5413,"K0shy, Batra and K0h1i",5311,Department Store,SOLE_PROPRIETOR,LKO,Uttar Pradesh,04/09/2023,,Live,Rs. 608
MCH7533,"Boase, Krishnan and Tiwari",,Clothing,partnership,LKO,Uttar Pradesh,2025-04-06 21:09:50,YYIV1816207811981,ACTIVE,"Rs. 1,221"
MCH3412,Tak and Sons,7011.0,HOTEL_LODGING,sole_proprietor,JPR,Rajasthan,31/10/2024,XXXX3873,Enabled,"INR 4,884.39"
MCH 1095,Mander Group,04814,phone service,PARTNERSHIP,kolkata,West Bengal,2023-01-30 03:08:00,XXXX5510,A,"1,277.94"
MCH5775,  Aurora-Dhillon  ,4131.0,TRAVEL,individual,Bangalore,Karnataka,15/01/2024 12:58 AM,NA,INACTIVE,470.32
MCH2492,"dhawan, salvi and dara",5812,Food,partnership,Lucknow,Uttar Pradesh,07/08/2025,XXXX8560,I,3500.9
MCH6890,Pandit-Narasimhan,7011,hotel,private_limited,Calcutta,West Bengal,21/04/2024,XXXX8046,Inactive,525.87
MCH9038,NAIDU GROUP,4131,Transport,private_limited,MUMBAI,Maharashtra,12-07-2024,,A,225.16
MCH1010,Menon-Andra,,Grocery,PRIVATE-LIMITED,delhi,Delhi,11-17-2024,XXXX4837,Active,678.36
MCH9133,"Rai, Nadig and Karpe",4131,transprt,PRIVATE-LIMITED,ludhiana,Punjab,03-09-2025,,Enabled,-268.65
MCH9363,  Mannan Group  ,4131,Transport,PRIVATE_LIMITED,Mumbai,Maharashtra,29-Jul-2024,NA,Enabled,
MCH9035,Merchant PLC,5411,Grocery Stores,Private Limited,JPR,Rajasthan,2023/02/04,UCPE5658691269773,ACTIVE,-1280.34
mch5642,Swaminathan-Ratti,MCC-7011,Hospitality,Sole Proprietor,Bangalore,Karnataka,2024/09/16,NA,ACTIVE,1651.14
MCH2695,Patil Inc,5411,kirana,Partnership,Pune,Maharashtra,26-Jun-2024,9565066028,ACTIVE,792.09
MCH8792,CHOPRA-NORI,5699,garments,PRIVATE-LIMITED,Lucknow,Uttar Pradesh,09/01/2025,XXXX7970,Enabled,-793.52
MCH 7281,Kalita-Mistry,4814.0,mobile recharge,private_limited,Hyderabad,Telangana,2024/11/24,XXXX5201,Inactive,"₹2,941.71"
MCH-4952,"Anne,ChoudhryandBhattacharyya",5812,Restaurants,Individual,Dilli,Delhi,,XAPW5259361506192,Live,"Rs. 4,302"
MCH9739,"Gupta, Bhatia and Dhillon",4131,transprt,PRIVATE-LIMITED,jaipur,Rajasthan,20-Mar-2025,NA,A,-374.45
MCH1268,Vyas Ltd,5311,Retail,Individual,Amritsar,Punjab,06-28-2023,NA,A,
MCH-8242,Choudhary-Pall,07011,Hotel,PRIVATE_LIMITED,Ludhiana,Punjab,2023-06-27 07:50:14,XXXX7286,Live,₹607.04
MCH5233,Raghavan-Mall,04814,Mobile Recharge,partnership,Bengaluru,Karnataka,11/02/2026 05:56 AM,NA,Live,3087.5
MCH2131,Boase-Varghese,5699,Clothing,SOLE-PROPRIETOR,Poona,Maharashtra,29-Mar-2025,,Live,2157.11
MCH1917,"Bera, Bhakta and Dhillon",5942,Books,SOLE_PROPRIETOR,MUMBAI,Maharashtra,2023-08-06 01:48:07,9839969668,Live,Rs. 293
MCH1377,Sinha-Gaba,5411,kirana,PRIVATE-LIMITED,Poona,Maharashtra,2025-12-04 06:37:25,YBUL0961027329909,I,"INR 1,471.43"
MCH4842,Lall-Bakshi,7011,HOTEL_LODGING,Sole Proprietor,jaipur,Rajasthan,2023-04-11 04:37:40,NA,Active,INR 346.23
5911,Chacko-Kota,5311,Retail,Partnership,Hyd,Telangana,07-Sep-2023,NA,Live,INR 797.25
MCH5678,Kumar and Sons,5311,Department Store,PRIVATE-LIMITED,JPR,Rajasthan,25-Mar-2024,JJQM4342551832633,Active,"Rs. 6,122"
MCH1944,Morar Ltd,5812,FOOD_SERVICES,Individual,Pune,Maharashtra,2023/04/23,XXXX8672,ACTIVE,1207.98
MCH5497,Dayal and Sons,5999,Miscellaneous,Private Limited,DELHI,Delhi,28/04/2024 10:58 PM,XXXX0595,Enabled,1767.24
MCH4002,"Bora, Kant and Chauhan",5411.0,GROCERY_STORE,INDIVIDUAL,bengaluru,Karnataka,1686919600,7171127147,Live,
MCH6903,Lata-Raja,4131,transprt,Sole Proprietor,Pune,Maharashtra,08-Jun-2023,XXXX0937,A,"Rs. 2,296"
MCH-6137,"Saxena, Aggarwa1 and Sem",5812,eating place,INDIVIDUAL,HYDERABAD,Telangana,,3824594690,Live,421.31
mch6147,Singhal-Murthy,4131.0,Transport,Partnership,Mumbay,Maharashtra,01-06-2023,,Active,-1814.59
MCH4477,Edwin Group,5912.0,chemist,PARTNERSHIP,Poona,Maharashtra,19/12/2025,,ACTIVE,1145.96
MCH9325,"  Patel, Parikh and Kaul  ",4814,TELECOM,PRIVATE_LIMITED,Lucknow,Uttar Pradesh,2023-03-13 00:58:46,9323786200,A,"1,538.45"
MCH6795,"Hans, Majumdar and Mangat",5999,Misc Retail,individual,Hyderabad,Telangana,05-Jun-2023,NA,Live,1573.9
MCH7986,Pathak Inc,,Retail Other,INDIVIDUAL,Chennai,Tamil Nadu,30/05/2024,,INACTIVE,"₹1,602.91"
MCH 5740,  Dayal-Desai  ,5699,CLOTHS,SOLE-PROPRIETOR,chennai,Tamil Nadu,10/04/2025,,Enabled,"Rs. 4,887"
MCH2902,Karpe LLC,,Medical,PRIVATE_LIMITED,Jaipur,Rajasthan,1690308820,JHGQ1740219623528,ACTIVE,"INR 1,088.17"
mch6683,Konda-Nagar,MCC-4814,Telecom,individual,LDH,Punjab,20/09/2025 10:19 AM,,Enabled,4740.89
MCH 2755,Wason and Sons,5699,Fashion,PARTNERSHIP,BLR,Karnataka,,,Enabled,-3396.06
MCH6400,Sem-Keer,5411,Grocery Stores,PARTNERSHIP,ludhiana,Punjab,12-21-2025,4217077300,A,13683.2
mch8951,Golla-Venkataraman,4814,phone service,individual,Mumbai,Maharashtra,02-Sep-2023,2811788004,Active,436.83
mch8157,Lall-Char,,Books,Private Limited,Jalandhar,Punjab,2023-07-08 23:15:42,CLWX6992397328584,Live,3861.94
MCH7810,Bail Inc,5942,Books,Sole Proprietor,Ludhiana,Punjab,01-25-2025,9018773100,Closed,-529.29
MCH7044,Chanda-Gaba,5812,Restaurants,Private Limited,Bangalore,Karnataka,2023-06-04 10:26:47,SOPQ0539518853543,Live,402.62
MCH5573,"GUHA, DAYAL AND MUTTI",5411,groceries,sole_proprietor,chennai,Tamil Nadu,,XXXX9546,Live,"₹2,684.58"
MCH2764,"Yogi, Jani and Choudhry",4814,phone service,INDIVIDUAL,Ludhiana,Punjab,2024/04/19,3163531350,Enabled,516.18
MCH8436,"  Seshadri, Minhas and Subramanian  ",4814,Mobile Recharge,INDIVIDUAL,DELHI,Delhi,21/12/2025,XXXX8739,Enabled,1427.93
MCH6369,"Chaudhry, Batra and Rama",4131,Transportation,PARTNERSHIP,jalandhar,Punjab,15/04/2024,3514628122,Disabled,INR 612.29
MCH5934,"bandi, devi and gulati",4131,Bus/Taxi,Individual,chennai,Tamil Nadu,08/08/2023 12:06 AM,NA,A,INR 306.36
MCH1326,"Chaudhry, Agrawa1 and Sridhar",5942,Books,sole_proprietor,Bangalore,Karnataka,05-20-2024,ZQNQ7613300121760,Live,177.58
mch9048,Sastry-Prakash,,Restaurants,private_limited,Pune,Maharashtra,01/02/2023,NA,Suspended,469.83
MCH9844,MENON AND SONS,4131,Bus/Taxi,Sole Proprietor,Bombay,Maharashtra,2024/04/14,NA,Active,"Rs. 1,083"
MCH3911,"  Majumdar, Sane and Raval  ",5812.0,Restaurant,SOLE-PROPRIETOR,Poona,Maharashtra,1757107597,2993218520,Hold,"INR 2,093.32"
MCH7164,lata-parmar,,Food,individual,Madras,Tamil Nadu,18-Nov-2023,8876915291,Enabled,
MCH6548,"Nayak, Kannan and Chatterjee",5999,Retail Other,private_limited,Jaipur,Rajasthan,28-Jul-2025,,Enabled,"INR 2,065.28"
MCH1908,Tara-Babu,MCC-5942,BOOKS_STATIONERY,sole_proprietor,chennai,Tamil Nadu,2023-12-13 15:54:11,NA,ACTIVE,"Rs. 4,659"
MCH-2444,Barman-Prakash,5999,Misc Retail,Individual,chennai,Tamil Nadu,,NA,A,
MCH9151,  Ravi Ltd  ,4131,Transport,PARTNERSHIP,Jalandhar,Punjab,26/06/2025 08:37 AM,NA,INACTIVE,779.12
MCH-8555,Gopal LLC,5942.0,Book Store,PRIVATE-LIMITED,Madras,Tamil Nadu,13-Jun-2025,3381139283,A,
MCH2289,Sinha-Purohit,5699,Fashion,sole_proprietor,LKO,Uttar Pradesh,,4542627557,Suspended,"₹2,284.55"
8283,Nagar Group,4814,Mobile Recharge,partnership,Kolkata,West Bengal,2026-02-08 06:11:47,,Enabled,1032.5
7919,Nadkarni Group,MCC-5912,MEDICAL_STORE,PRIVATE-LIMITED,MUMBAI,Maharashtra,1684776835,,ACTIVE,-4687.28
MCH8496,Sandhu PLC,5942,Book Store,partnership,Hyderabad,Telangana,10/01/2025 07:16 PM,PCDO3725942171870,INACTIVE,
MCH6843,"Thakkar, Date and Balasubramanian",5699,Apparel,INDIVIDUAL,Mumbay,Maharashtra,19/06/2024,CATP2399171338860,Enabled,2750.74
MCH1335,"Wagle, Kamdar and Mallick",7011,Hospitality,SOLE_PROPRIETOR,Mumbai,Maharashtra,05/03/2024 01:55 AM,OQHA9321120180853,Suspended,Rs. 398
MCH-4531,bail-ramachandran,4814,Telecom,Private Limited,JPR,Rajasthan,1746987235,XXXX9300,A,597.69
MCH3351,"Loke, Narasimhan and Gandhi",5912,chemist,PARTNERSHIP,ASR,Punjab,2023/06/22,NA,Suspended,"₹1,029.99"
MCH8425,"Bhatnagar,ComarandHans",7011,Hotels,Individual,Jalandar,Punjab,12/06/2025,NAVX0262232106872,A,637.53
MCH4913,Baral-Bhattacharyya,4131.0,Transport,Individual,amritsar,Punjab,19/05/2023 07:12 PM,MXBT0588021899874,Disabled,697.03
MCH1448,TAK AND SONS,05999,Other,sole_proprietor,Mumbay,Maharashtra,2024-03-30 02:02:17,XXXX9348,ACTIVE,"₹2,897.23"
MCH-7013,"Menon, Bahri and Pal",misc,HOTEL_LODGING,Partnership,Lucknow,Uttar Pradesh,02-23-2024,YKID8300912408123,Enabled,INR 419.34
MCH 8192,"oza, sant and loke",5411.0,Grocery Stores,PRIVATE-LIMITED,kolkata,West Bengal,11/05/2024 12:46 AM,XXXX6524,Closed,Rs. 408
MCH4274,BHAT-TAILOR,,GROCERY_STORE,Private Limited,LDH,Punjab,17-Mar-2025,0718437905,INACTIVE,168.98
MCH7294,"Kuruvilla, Ahluwalia and Gole",5912,Medical,Partnership,pune,Maharashtra,2023/06/11,FATQ4333129690113,Active,1573.98
MCH4815,"  Mohan, Gaba and Banik  ",4131,Transportation,SOLE-PROPRIETOR,jalandhar,Punjab,13/01/2025,NA,ACTIVE,4426.57
mch2624,Pandya Group,5311,Department Store,Individual,Bombay,Maharashtra,09/12/2023,3278618323,Hold,₹606.95
MCH1558,Shroff-Khanna,4814,Telecom,PARTNERSHIP,BLR,Karnataka,1674219162,,Live,1953.35
MCH5631,CHADA-BUCH,7011,Hotel,SOLE_PROPRIETOR,LKO,Uttar Pradesh,06-Mar-2023,YVOF0855521464981,Blocked,2202.48
MCH 5587,"Rama, Bail and Garde",5812,Restaurants,SOLE_PROPRIETOR,Jaipur,Rajasthan,26/11/2024 10:05 AM,,Disabled,"Rs. 3,401"
MCH4306,"Narula, Hegde and Minhas",5411.0,Grocery Stores,private_limited,BLR,Karnataka,2025-08-03 01:58:17,,Live,-2023.94
MCH4487,RANDHAWA-MALLICK,5311,Department Stores,INDIVIDUAL,ludhiana,Punjab,2023-08-22 21:49:04,NA,ACTIVE,1290.99
mch9930,Kale LLC,5699,CLOTHS,SOLE_PROPRIETOR,jaipur,Rajasthan,,,Active,1917.92
MCH9605,Chokshi LLC,5812,Restaurants,sole_proprietor,Bangalore,Karnataka,31/01/2026,NA,Live,"Rs. 2,523"
MCH5042,Narasimhan Ltd,7011,Hospitality,Private Limited,pune,Maharashtra,11-03-2025,NA,Live,
MCH-1842,"Singh, Dhillon and Garg",4814,Telecom,partnership,Lucknow,Uttar Pradesh,10-21-2024,6092011664,Inactive,-182.82
MCH2859,"Doctor, Bir and Lanka",5411,GROCERY_STORE,Private Limited,HYDERABAD,Telangana,2025/04/03,,ACTIVE,2296.45
MCH5129,dayal-saran,5912,Pharmacy,Sole Proprietor,Chennai,Tamil Nadu,30/09/2024,1476589127,Enabled,1504.46
mch3469,Ha1der-Bains,,Telecom,Private Limited,Ludhiana,Punjab,,AHBB0158183764134,ACTIVE,943.76
3402,"Lala, Loyal and Trivedi",5999,Miscellaneous,PARTNERSHIP,Poona,Maharashtra,14/12/2025,4812392751,Closed,1152.61
MCH 5111,Ramachandran Group,,Department Stores,private_limited,ludhiana,Punjab,05/01/2026 10:29 AM,9740232667,Live,INR 541.94
MCH4413,Bedi-Chanda,4131,Transport,private_limited,Madras,Tamil Nadu,2024-01-16 00:17:39,,A,3646.52
MCH9394,Balay Group,5311,Department Store,Sole Proprietor,chennai,Tamil Nadu,08-08-2023,,A,Rs. 279
MCH7163,"Chowdhury, Goyal and Pradhan",4131,Transportation,Sole Proprietor,pune,Maharashtra,08-11-2023,5098805593,Enabled,-806.17
mch8198,Buch-Sengupta,5311,Department Stores,individual,Kolkata,West Bengal,2023/01/18,,Live,2004.67
MCH6268,"yogi, sachar and mammen",5411,Grocery Stores,Sole Proprietor,Jalandhar,Punjab,05-Nov-2025,XXXX1380,A,"Rs. 1,773"
MCH1710,"talwar, goyal and dhillon",5812,Food,PARTNERSHIP,Dilli,Delhi,2025/11/26,,Enabled,₹542.31
MCH1714,Kalita Group,5699,CLOTHS,SOLE_PROPRIETOR,amritsar,Punjab,2024-03-31 14:28:04,XXXX3148,ACTIVE,3974.77
MCH5712,Goda-Kashyap,5942.0,books,private_limited,Amritsar,Punjab,12-Jan-2025,ILKC7960163227117,Active,
1084,Krishnamurthy Inc,5999.0,Other,PRIVATE_LIMITED,Jalandar,Punjab,04-21-2025,7207827487,Active,4469.21
MCH8132,BISWAS PLC,5411,Grocery,SOLE-PROPRIETOR,Pune,Maharashtra,22/11/2024,CXST4288098118218,Active,"₹1,347.49"
MCH-2723,Mandal PLC,,eating place,individual,ludhiana,Punjab,2023-07-28 19:33:37,1234084041,A,6532.68
MCH6221,Dey-Maharaj,5912,chemist,PRIVATE-LIMITED,ludhiana,Punjab,2026/01/22,8909550882,Inactive,-402.9
MCH9114,Narayan-Kalita,5699.0,Apparel,INDIVIDUAL,bengaluru,Karnataka,2025-03-08 21:47:49,PHUX7313608770713,A,"Rs. 2,471"
MCH3788,BHARGAVA AND SONS,4131,Bus/Taxi,partnership,Bengaluru,Karnataka,18-Dec-2025,SFPS7075877461991,Active,"₹2,495.65"
MCH3061,Viswanathan Ltd,05942,BOOKS_STATIONERY,PRIVATE_LIMITED,Lucknow,Uttar Pradesh,25/04/2025,NA,I,574.59
MCH2376,"Lata, Krishnamurthy and Lal",05311,Retail,PARTNERSHIP,Jalandhar,Punjab,05-Dec-2025,,Enabled,Rs. 113
MCH8933,magar inc,7011,Hotel,Sole Proprietor,lucknow,Uttar Pradesh,08/03/2025,XXXX1861,Active,"₹1,568.46"
MCH3438,Kapur-Mangat,4131,Transport,partnership,HYDERABAD,Telangana,,XXXX6916,Live,"INR 1,153.19"
mch4040,"Bahri, Solanki and Magar",5311,Department Stores,Private Limited,Chennai,Tamil Nadu,2025-01-28 03:48:23,DNQF3989342164675,Active,"Rs. 1,173"
9912,"Gade, Bajaj and Zachariah",7011,Hotels,Sole Proprietor,LDH,Punjab,22/02/2023 06:06 PM,NA,Active,Rs. 564
MCH9846,Mukherjee Ltd,5812,Restaurant,SOLE-PROPRIETOR,Chennai,Tamil Nadu,2024/09/15,XXXX2201,Live,"₹1,799.62"
3242,"upadhyay, dash and vaidya",5999.0,Misc Retail,PARTNERSHIP,JPR,Rajasthan,,NA,Live,"₹1,731.73"
MCH-2701,BAIL LTD,,Other,Individual,JPR,Rajasthan,1740643560,JFSQ7616747260509,Live,₹863.24
MCH5371,Tailor Ltd,misc,Department Store,SOLE-PROPRIETOR,Jalandhar,Punjab,2024/10/08,3819002392,ACTIVE,2851.53
mch4324,Choudhury Group,5311,DEPT_STORE,Individual,chennai,Tamil Nadu,02/11/2024,ZMED4163796029617,Live,"Rs. 10,680"
mch9358,Shroff Ltd,5311,Department Store,SOLE_PROPRIETOR,Kolkata,West Bengal,21/05/2023,RLLU5222765967468,Enabled,"₹1,856.54"
mch1352,MUKHERJEE-SETHI,5812.0,Food,SOLE_PROPRIETOR,pune,Maharashtra,2024-03-19 01:21:36,,Live,-737.77
MCH8277,"Patil, Goyal and Sarin",5912,Pharmacies,INDIVIDUAL,ASR,Punjab,2025/07/04,XXXX6940,Disabled,1542.69
MCH4124,kakar-prabhu,7011,HOTEL_LODGING,PARTNERSHIP,Jalandar,Punjab,2023/01/21,DOCW0340939340492,A,Rs. 930
MCH4444,Kara-Murty,,Misc Retail,PARTNERSHIP,Jaipur,Rajasthan,24/11/2023,SVOB9088353520562,A,1214.6
MCH9041,Kade-Sahota,4131,transprt,Individual,Poona,Maharashtra,,8030172107,Enabled,"2,738.21"
MCH-1288,"jain, loke and zacharia",4131,transprt,SOLE-PROPRIETOR,BLR,Karnataka,17/07/2023 08:08 AM,XXXX2041,A,915.81
MCH8137,"Sankar,GuhaandKara",5912,MEDICAL_STORE,PRIVATE_LIMITED,Hyd,Telangana,2023/08/20,OYZH8287026186914,A,425.78
MCH1873,Oak-Ramachandran,,phone service,private_limited,Amritsar,Punjab,23/05/2024 03:31 PM,XXXX5817,ACTIVE,942.83
MCH8928,Deo PLC,4131,transport,PARTNERSHIP,Chennai,Tamil Nadu,18/10/2024 05:30 AM,XXXX5889,Active,"₹1,547.93"
MCH2634,"KARNIK, BAINS AND RATTI",5311,Retail,INDIVIDUAL,bengaluru,Karnataka,20/03/2025 07:33 AM,3474601890,Live,581.71
MCH1101,Sethi Ltd,05812,Restaurant,PARTNERSHIP,kolkata,West Bengal,08-10-2023,NA,A,840.25
MCH6409,Wason and Sons,5699,Clothing,PRIVATE_LIMITED,BLR,Karnataka,10-07-2024,TVOP0202048560476,S,"INR 1,111.14"
MCH1612,Khare-Jha,7011,HOTEL_LODGING,SOLE_PROPRIETOR,pune,Maharashtra,07/05/2024 01:44 PM,XXXX6820,A,"3,967.18"
MCH1567,  Bhargava-Bora  ,5812,Food,PRIVATE_LIMITED,Jalandhar,Punjab,20-Dec-2024,PRCN9599813480981,ACTIVE,101.33
2928,"Hans, Parmer and Buch",5812,FOOD_SERVICES,PRIVATE-LIMITED,ludhiana,Punjab,04/12/2025,NA,Closed,"Rs. 1,903"
MCH4746,"Srivastava, Bhattacharyya and Morar",05999,Miscellaneous,SOLE-PROPRIETOR,Madras,Tamil Nadu,2025/07/29,NA,Closed,402.85
MCH9729,Prabhakar Ltd,5812,Restaurants,Individual,Bengaluru,Karnataka,2025-12-28 11:50:57,NA,Live,"Rs. 1,127"
MCH5727,"Sandal, Deshmukh and Lata",5699,Clothing,PARTNERSHIP,Bangalore,Karnataka,2024-04-21 23:21:20,9631209751,A,411.34
MCH-3079,anne-sen,05942,Book Store,Individual,Poona,Maharashtra,2025/08/04,NA,Enabled,
MCH9772,Vyas-Ganguly,5942.0,Books,PARTNERSHIP,Jalandhar,Punjab,12-25-2023,1012219749,Live,"₹1,198.91"
mch9045,"  Kaul, Sethi and Vaidya  ",4814,Telecom,PARTNERSHIP,Bangalore,Karnataka,,6906668934,Disabled,"Rs. 1,488"
MCH7335,Keer-Goyal,5411,groceries,sole_proprietor,MUMBAI,Maharashtra,25/01/2025 01:25 PM,XXXX8870,Enabled,470.18
MCH 8934,Dubey and Sons,5411,groceries,sole_proprietor,Bengaluru,Karnataka,2025-09-12 05:11:51,NA,Inactive,"Rs. 1,359"
MCH7574,"  Saini, Dubey and Bava  ",,DEPT_STORE,Private Limited,pune,Maharashtra,28/09/2024 01:58 AM,,ACTIVE,1109.44
MCH-6095,"Sahota, Misra and Kata",,Stationery,PARTNERSHIP,Hyd,Telangana,29/11/2024,,Live,Rs. 665
mch5121,Din-Dar,5812,eating place,individual,Jalandhar,Punjab,,,ACTIVE,2367.99
MCH4964,SARKAR-GODA,5311,dept_store,PRIVATE_LIMITED,Poona,Maharashtra,14/07/2025,NA,Active,"Rs. 1,517"
MCH7729,Keer LLC,5942,Books,Private Limited,Mumbai,Maharashtra,,,Active,Rs. 884
MCH8741,VenkateshGroup,5411.0,Grocery,Private Limited,Ludhiana,Punjab,2024-08-03 03:48:35,,Active,"Rs. 1,511"
MCH6917,"Deshmukh, Parmar and Lad",4814,phone service,Sole Proprietor,Jaipur,Rajasthan,29/07/2023,KZXC7074900980989,A,"INR 1,543.47"
MCH1214,Patel-Bhatti,5311,Department Store,individual,jalandhar,Punjab,2024-10-05 17:31:40,XXXX0366,Active,1829.91
MCH-1605,ShethandSons,4131,TRAVEL,Sole Proprietor,mumbai,Maharashtra,,9021316639,A,"1,128.85"
MCH7495,DHINGRA AND SONS,5999,Miscellaneous,Sole Proprietor,Jalandhar,Punjab,,XXXX0797,I,"₹3,168.53"
MCH8600,  Lata-Khurana  ,5411,groceries,INDIVIDUAL,Jalandar,Punjab,06-16-2023,5082992374,Enabled,₹861.64
MCH2618,"Loyal, Nadkarni and Mangal",5942,Books,PARTNERSHIP,Bangalore,Karnataka,27/01/2026 08:44 PM,NZSX7829638547170,Live,Rs. 816
MCH8555,Ar0ra PLC,5999.0,Other,PRIVATE-LIMITED,DELHI,Delhi,15/04/2023,9465965379,Enabled,"Rs. 1,643"
MCH5683,"ramesh, bhalla and murthy",4131,transprt,private_limited,kolkata,West Bengal,02/12/2025,,Active,"Rs. 3,635"
MCH8697,Karnik Ltd,05999,Miscellaneous,SOLE_PROPRIETOR,HYDERABAD,Telangana,19/01/2023 11:39 AM,ELBE1390395985700,Enabled,353.31
MCH-7540,Solanki Inc,5999,Miscellaneous,Partnership,jalandhar,Punjab,04/08/2024 07:31 AM,XXXX7550,Active,₹579.73
MCH4658,Kapadia Inc,5311,Retail,INDIVIDUAL,HYDERABAD,Telangana,21/05/2023,OORB1075233391671,Active,2693.95
2503,DATE LLC,4814,TELECOM,Private Limited,jaipur,Rajasthan,1691281253,NA,Active,"INR 1,656.27"
MCH1179,Suresh-Chand,5942,Books,Partnership,Madras,Tamil Nadu,19/11/2025,NA,Enabled,
MCH5166,Rastogi Ltd,NA,Grocery,Individual,Hyd,Telangana,2025/11/10,XXXX4606,ACTIVE,1432.96
MCH2598,Sani Gr0up,,Clothing,Partnership,Pune,Maharashtra,2025-11-27 17:05:19,1059212674,Active,Rs. 489
MCH7648,"  Trivedi, Ramachandran and Keer  ",,Retail Other,private_limited,Hyd,Telangana,1731427471,7503405109,S,"INR 1,840.11"
mch7105,"PALAN, DOCTOR AND ARORA",5942,BOOKS_STATIONERY,SOLE_PROPRIETOR,HYDERABAD,Telangana,2025/04/18,1349306323,Enabled,₹969.67
mch1774,patla-warrior,5912,chemist,PARTNERSHIP,Mumbai,Maharashtra,2023-01-02 11:10:48,XREO9787326188727,A,442.29
mch2772,  Rajagopalan-Lal  ,5699,CLOTHS,partnership,Jalandar,Punjab,03/05/2025,YDTF9778396986125,S,594.07
MCH5597,"Shankar, Pandey and Sridhar",5812.0,eating place,PRIVATE-LIMITED,Lucknow,Uttar Pradesh,,NA,Active,INR 380.65
MCH 4774,Wadhwa PLC,5311,DEPT_STORE,PARTNERSHIP,jalandhar,Punjab,2026-01-09 14:20:47,4049174087,ACTIVE,374.94
MCH6731,Wagle-Pau,5812,eating place,Private Limited,amritsar,Punjab,1758927717,,Enabled,"₹2,980.89"
MCH9015,PRASHAD INC,5812,Restaurants,SOLE-PROPRIETOR,Madras,Tamil Nadu,05-Aug-2025,ZMCX8700350444666,Live,INR 787.45
MCH 8727,Vig-Mann,5999,Retail Other,PARTNERSHIP,DELHI,Delhi,,PYLB7387354028266,Live,157.65
MCH9968,Kata-Bawa,5311,Department Stores,Private Limited,lucknow,Uttar Pradesh,2025-09-01 12:08:34,,ACTIVE,2070.31
MCH4250,"Mani, Roy and Manne",4131,Bus/Taxi,PRIVATE-LIMITED,Bangalore,Karnataka,04-12-2023,,Enabled,Rs. 77
MCH7444,Lanka-Shukla,5699,Fashion,PRIVATE_LIMITED,Mumbai,Maharashtra,13/03/2023 03:58 AM,7637285335,Live,2750.67
MCH1674,Kari-Tara,MCC-4814,TELECOM,Partnership,Mumbay,Maharashtra,08-16-2024,XXXX5872,ACTIVE,"1,266.21"
mch6626,Zacharia-Kapadia,5912,Pharmacy,Private Limited,LKO,Uttar Pradesh,07-25-2024,NA,Inactive,"INR 2,864.89"
MCH5493,ROY GROUP,05812,eating place,partnership,lucknow,Uttar Pradesh,2024-05-11 12:32:56,8876014777,ACTIVE,
MCH-5937,"Babu, Contractor and Sem",5411,Grocery,PRIVATE_LIMITED,Hyd,Telangana,04/01/2023,NA,Disabled,415.88
MCH9986,tak ltd,4131,transprt,Partnership,DELHI,Delhi,2025/01/21,PVFQ1310778139722,ACTIVE,-1750.99
MCH2726,"Rastogi, Behl and Purohit",5942,Stationery,SOLE_PROPRIETOR,mumbai,Maharashtra,2025/04/04,XYEE0098710788916,Enabled,"1,692.27"
MCH-6926,Bhattacharyya and S0ns,misc,MEDICAL_STORE,PRIVATE-LIMITED,jaipur,Rajasthan,28/08/2025 10:51 AM,NA,Active,"INR 3,997.27"
MCH-3080,lad-soman,05411,groceries,SOLE_PROPRIETOR,jalandhar,Punjab,1733059372,NA,Live,-152.69
MCH8240,Sur LLC,5912,Pharmacies,partnership,lucknow,Uttar Pradesh,2025/08/10,0641477724,Active,1777.69
1204,  Rana Group  ,MCC-5311,Department Store,PRIVATE-LIMITED,JPR,Rajasthan,2025-05-24 15:30:29,NA,ACTIVE,733.33
MCH1347,D’ALIA GROUP,7011.0,Hospitality,PRIVATE_LIMITED,chennai,Tamil Nadu,2023/07/02,XXXX4418,Enabled,"Rs. 1,739"
MCH2040,ATWAL-VARUGHESE,5311,DEPT_STORE,INDIVIDUAL,BLR,Karnataka,2025/06/26,NA,A,"INR 2,009.33"
MCH2831,Rastogi-Devi,NA,Miscellaneous,Private Limited,Delhi,Delhi,2023/10/20,XXXX4746,Active,₹501.88
mch4727,Dua-Mishra,5311,department store,sole_proprietor,pune,Maharashtra,18/05/2024,9730998246,Inactive,"Rs. 1,242"
MCH4623,Bath-Keer,5942,Stationery,SOLE_PROPRIETOR,MUMBAI,Maharashtra,1688857979,,Enabled,₹233.65
5502,Dutta and Sons,MCC-5311,Department Stores,partnership,Kolkata,West Bengal,2025/04/08,5772238249,ACTIVE,-595.34
MCH5390,bajwa group,5942,Stationery,sole_proprietor,Jaipur,Rajasthan,,XXXX7220,ACTIVE,"Rs. 2,643"
MCH2607,"Deep, Prasad and Dass",,CLOTHS,PRIVATE_LIMITED,Hyd,Telangana,29/05/2023,4668596918,Disabled,1570.82
MCH-3308,Misra Inc,5311,Retail,SOLE_PROPRIETOR,LDH,Punjab,,2104958437,A,8756.33
MCH8245,BRAR LLC,MCC-5942,Books,INDIVIDUAL,BLR,Karnataka,18-Jan-2024,,Enabled,
MCH4200,"Sood, Kurian and Raghavan",5699,Apparel,INDIVIDUAL,jaipur,Rajasthan,2024/08/18,4567697450,A,"INR 2,010.35"
MCH3288,Kuruvilla-Kala,4814,phone service,PARTNERSHIP,Calcutta,West Bengal,1752733660,HFDT8427341893769,Enabled,
MCH8448,"Roy, Parekh and Ratti",7011,HOTEL_LODGING,PRIVATE_LIMITED,Jaipur,Rajasthan,2024-07-25 22:15:50,,A,INR 364.74
MCH 1491,"Sarna, Chand and Goda",4814,Telecom,Sole Proprietor,ludhiana,Punjab,2026/01/27,NA,Live,1075.6
MCH5183,Chandra LLC,05942,Stationery,INDIVIDUAL,jaipur,Rajasthan,1697459328,,Enabled,578.29
MCH3089,Tata PLC,5942,Stationery,SOLE_PROPRIETOR,Jalandhar,Punjab,30/08/2025,XXXX2474,Active,-2328.32
MCH3369,"yadav, deep and bassi",5999,Misc Retail,INDIVIDUAL,LKO,Uttar Pradesh,16/05/2024,0407364103,Active,Rs. 786
MCH7700,"Lanka, Setty and Muni",5812,eating place,PARTNERSHIP,DELHI,Delhi,2025/06/14,NA,Inactive,-4782.98
mch2261,Gr0ver Inc,5812,Restaurant,Sole Proprietor,Mumbai,Maharashtra,2025-11-25 01:19:55,NA,Active,"Rs. 1,519"
MCH3561,"KEER, NATT AND KADAKIA",4814,phone service,Individual,kolkata,West Bengal,03-04-2023,NA,Live,Rs. 277
mch8603,mane ltd,5812,Restaurant,SOLE_PROPRIETOR,ludhiana,Punjab,2023-04-01 16:26:07,9861979521,ACTIVE,INR 258.46
MCH5084,Doshi LLC,5942,BOOKS_STATIONERY,Individual,Jalandhar,Punjab,11/06/2025 08:48 PM,5224325531,A,Rs. 182
MCH1605,"Patla, Thaman and Chatterjee",4131.0,Transport,PARTNERSHIP,Bangalore,Karnataka,22/09/2025,XXXX0679,Active,INR 932.80
MCH3096,"Pradhan, Anne and Dhillon",5812,Food,INDIVIDUAL,kolkata,West Bengal,25-Feb-2025,XXXX9447,A,
MCH8554,MANGAT PLC,5999,Miscellaneous,SOLE_PROPRIETOR,mumbai,Maharashtra,2023/04/03,NA,INACTIVE,
mch9095,  Mital-Reddy  ,4814,Mobile Recharge,PARTNERSHIP,lucknow,Uttar Pradesh,12-07-2025,,SUSPENDED,1105.17
MCH9855,Samra-Manda,4814,Mobile Recharge,PRIVATE_LIMITED,Chennai,Tamil Nadu,01/02/2025,PEIX9794404707965,ACTIVE,"INR 1,167.22"
MCH3987,Pandya Inc,,Pharmacy,Partnership,Amritsar,Punjab,10-14-2025,NA,Active,
3968,"Peri, Sane and Mohanty",5812,eating place,INDIVIDUAL,MUMBAI,Maharashtra,10/06/2024 04:21 AM,,A,"INR 1,174.15"
MCH4600,Devi Group,5311,Department Stores,INDIVIDUAL,New Delhi,Delhi,2024/02/17,2508192627,Inactive,"₹1,126.47"
MCH2124,"Chander, Kohli and Dube",4131,Transport,Individual,delhi,Delhi,2024/02/15,XXXX2531,A,"₹1,551.09"
mch3442,Garg-Borah,4131,TRAVEL,partnership,chennai,Tamil Nadu,1695982854,2231701583,Active,3562.63
MCH8316,  Bakshi-Rout  ,5311,DEPT_STORE,private_limited,Dilli,Delhi,1731206436,,Active,Rs. 618
MCH5390,Pall-Vig,4131,Transport,private_limited,ASR,Punjab,2024-02-18 13:47:07,9048380759,Live,6624.25
MCH3586,"Ghose, Ganesh and Edwin",04814,Telecom,SOLE_PROPRIETOR,Kolkata,West Bengal,2023-09-15 06:20:33,ZJVL8370026948243,Closed,"Rs. 1,437"
MCH2690,nagarajan inc,5912.0,Medical,Sole Proprietor,LKO,Uttar Pradesh,22/06/2023,LDEV4758391652112,SUSPENDED,3091.83
MCH7478,"Sami, Brahmbhatt and Khurana",5699,Clothing,private_limited,Mumbay,Maharashtra,1724065293,,Closed,
MCH9815,"NARASIMHAN, VASA AND GOSWAMI",5942,book store,INDIVIDUAL,DELHI,Delhi,10/11/2025 04:53 AM,MZNM1643262942719,Active,-528.91
MCH-5090,Chacko-Dora,5411.0,Grocery,SOLE_PROPRIETOR,HYDERABAD,Telangana,27-Dec-2023,DVGQ3463891046958,A,-658.73
MCH8944,"Zachariah, Ratta and Contractor",05311,Department Stores,PRIVATE-LIMITED,Hyderabad,Telangana,2024-07-16 13:53:35,0653764901,ACTIVE,"Rs. 2,179"
MCH5106,Sagar LLC,05912,chemist,individual,jalandhar,Punjab,23/02/2026 06:38 AM,NA,Live,"₹1,707.71"
MCH8211,Seth LLC,MCC-5999,Misc Retail,PARTNERSHIP,Pune,Maharashtra,2024-09-08 00:27:35,,Active,"₹2,939.69"
MCH3088,Suresh LLC,5411,Grocery,partnership,chennai,Tamil Nadu,2024/03/08,NA,Enabled,"INR 4,739.60"
MCH7280,"Sathe, Shan and Oommen",5411,groceries,INDIVIDUAL,Ludhiana,Punjab,10-21-2025,XXXX0221,Active,INR 466.99
MCH5388,Mann-Oza,5942,Books,PRIVATE_LIMITED,Hyderabad,Telangana,,NA,Active,"Rs. 1,696"
MCH 2591,"Deol, Palla and Goel",misc,Grocery,Individual,HYDERABAD,Telangana,22/08/2025,2241068743,Active,₹468.59
MCH5784,"Kakar, Palla and Vyas",5699,garments,PRIVATE-LIMITED,Jalandhar,Punjab,2024-06-01 22:17:58,NA,Live,220.77
MCH1441,"Kakar, Parsa and Sodhi",5999,Miscellaneous,partnership,LKO,Uttar Pradesh,09/06/2024,SBUL4886955523512,Live,"1,723.15"
mch5560,"D’Alia, Dasgupta and Chakrabarti",4131.0,Transportation,sole_proprietor,jalandhar,Punjab,09/02/2023,,Inactive,1247.75
MCH2818,Sibal Inc,5411,GROCERY_STORE,SOLE_PROPRIETOR,jalandhar,Punjab,03-Jun-2025,HHRP3016788161129,Active,₹600.04
MCH6391,"BHATTI, KEER AND GUPTA",4814,Telecom,INDIVIDUAL,MUMBAI,Maharashtra,22/08/2025 10:17 AM,NA,Live,Rs. 684
MCH7228,SwaminathanLtd,,TELECOM,PARTNERSHIP,ludhiana,Punjab,13/03/2024,XXXX9584,ACTIVE,
MCH4501,BARMAN AND SONS,5812,Restaurant,private_limited,Dilli,Delhi,24-Apr-2025,NA,Active,523.04
MCH6722,Khalsa-Kapadia,05912,MEDICAL_STORE,partnership,bengaluru,Karnataka,03-06-2023,4686133127,Active,2042.78
MCH2013,"Nanda, Saraf and Halder",5411,groceries,Individual,kolkata,West Bengal,22-Apr-2025,NA,Enabled,-1721.62
mch7524,"Babu, Banerjee and Parsa",5812,Restaurant,INDIVIDUAL,Calcutta,West Bengal,04/06/2023,XXXX7557,Active,INR 811.70
MCH4524,Tara Ltd,5999,Miscellaneous,private_limited,Hyderabad,Telangana,2025-07-23 17:42:29,,Live,1296.94
MCH3012,Sathe LLC,misc,groceries,PRIVATE-LIMITED,Chennai,Tamil Nadu,23/10/2024 02:09 AM,NA,Hold,INR 448.76
MCH3564,"  Konda, Natarajan and Chawla  ",5999.0,Misc Retail,PRIVATE_LIMITED,amritsar,Punjab,2025/10/08,NA,ACTIVE,982.65
MCH4373,Raman-Karnik,5942,Books,Partnership,DELHI,Delhi,2023-08-09 15:36:00,IPHA4538122781630,A,
MCH8337,Date-Mand,05999,Misc Retail,PARTNERSHIP,LDH,Punjab,31/01/2023 03:03 AM,UXDC3751207514110,Inactive,333.78
MCH6351,Mahal-Padmanabhan,05812,Restaurant,PARTNERSHIP,BLR,Karnataka,2025/03/30,IXWO1858083433710,ACTIVE,"₹3,129.06"
MCH7268,Mand-Char,5912,Pharmacies,private_limited,Mumbay,Maharashtra,2025-06-20 02:06:05,NA,Active,1359.5
MCH5684,Dua-Ghose,5311,Department Stores,PARTNERSHIP,pune,Maharashtra,07/10/2024 04:56 AM,NA,Active,465.0
MCH4179,"Choudhry, Bera and Pandit",5699,Fashion,PARTNERSHIP,Kolkata,West Bengal,2025-08-14 04:33:40,ABQY2242292056782,ACTIVE,1930.08
7149,  Keer-Dua  ,MCC-4131,transportation,private_limited,Dilli,Delhi,10/02/2026 05:58 PM,NA,Suspended,-852.06
mch1646,"Sane, Zacharia and Samra",5912,Medical,INDIVIDUAL,JPR,Rajasthan,31/12/2023,5847905998,Enabled,1891.86
MCH7567,Bora-Venkatesh,5912,MEDICAL_STORE,PARTNERSHIP,LKO,Uttar Pradesh,,,Live,664.14
MCH5965,Wason LLC,4814,phone service,Partnership,Hyderabad,Telangana,2025-06-03 21:59:21,,A,"Rs. 2,365"
MCH9112,Pingle-Natt,5311.0,Department Stores,SOLE-PROPRIETOR,lucknow,Uttar Pradesh,1695027412,GWBM3117902848580,Closed,Rs. 356
MCH3039,Murty Inc,5411.0,Grocery Stores,INDIVIDUAL,Dilli,Delhi,1701592461,SVKA2268543185915,Enabled,1465.47
MCH6079,"Chaudhuri, Mody and Goswami",5912,MEDICAL_STORE,Partnership,LDH,Punjab,1759555635,IGWP7360975530260,Closed,
mch1484,"  Uppal, Butala and Tata  ",07011,Hospitality,individual,Bangalore,Karnataka,18-Feb-2025,,Enabled,-3825.1
MCH7847,Ramakrishnan-Misra,5411,groceries,individual,Mumbay,Maharashtra,04/12/2025,NA,Active,"Rs. 2,108"
mch6896,Dugar-Minhas,NA,Apparel,sole_proprietor,mumbai,Maharashtra,03-17-2025,XXXX5745,Enabled,
MCH7289,Rajagopal-Contractor,,Food,PRIVATE-LIMITED,lucknow,Uttar Pradesh,1681954224,7395909166,A,"INR 1,484.26"
4613,"Kapadia, Sankar and Nadig",5311,Retail,INDIVIDUAL,LKO,Uttar Pradesh,02/09/2023 03:38 PM,ALEY9883118921328,Live,"INR 1,451.15"
MCH8080,Brar PLC,4814,Telecom,Individual,pune,Maharashtra,02-02-2025,NA,Active,"Rs. 1,241"
MCH 7452,Kala LLC,5311,Department Store,Sole Proprietor,Bengaluru,Karnataka,07-Jul-2025,4973608976,Live,1838.62
MCH4170,Bassi Group,5999,Misc Retail,SOLE-PROPRIETOR,Ludhiana,Punjab,1728800017,7567135746,A,INR 591.58
MCH9080,  Jani and Sons  ,5699,Apparel,partnership,LKO,Uttar Pradesh,13/05/2025,XXXX8347,S,672.43
mch3468,Aurora-Ben,NA,Hospitality,private_limited,Hyd,Telangana,16-Mar-2025,,Enabled,Rs. 199
MCH4871,KUNDA LTD,5812.0,Food,partnership,Lucknow,Uttar Pradesh,2024-09-02 06:08:34,,Blocked,648.87
MCH 3787,Rajan-Swaminathan,7011,Hotels,Private Limited,Kolkata,West Bengal,1707306551,NA,Enabled,
2737,"Sani, Chowdhury and Ganesan",5999,Retail Other,Partnership,Bengaluru,Karnataka,2023/05/01,1105547451,A,610.07
MCH 2076,Chad Ltd,05942,Book Store,SOLE_PROPRIETOR,jalandhar,Punjab,03/07/2024 02:08 AM,7969775416,ACTIVE,579.16
MCH3499,"Mand, Munshi and Bali",5311,Retail,Sole Proprietor,Chennai,Tamil Nadu,2026/02/01,NA,Enabled,"INR 1,115.88"
9713,"Toor, Nayak and Varma",5699,Fashion,individual,jalandhar,Punjab,,NA,A,-297.05
MCH9083,Vohra-Mishra,5812,FOOD_SERVICES,PARTNERSHIP,Pune,Maharashtra,2024/06/16,,A,"Rs. 2,189"
MCH1097,"Narayan, Datta and Chowdhury",5999,Other,INDIVIDUAL,LKO,Uttar Pradesh,05-09-2025,NA,Enabled,343.8
MCH1816,"Dass, Chaudhry and Peri",5999,Misc Retail,SOLE-PROPRIETOR,jaipur,Rajasthan,05/03/2024 05:11 PM,,ACTIVE,INR 800.46
MCH4975,"NAGY, KURUVILLA AND SAXENA",7011,HOTEL_LODGING,Sole Proprietor,DELHI,Delhi,05-25-2025,NA,Live,₹621.98
MCH3163,Majumdar-Minhas,5999,Other,SOLE_PROPRIETOR,Madras,Tamil Nadu,1743854910,OGEJ6099307050342,S,2179.72
8837,Tata-Rajagopal,5411,Grocery,partnership,Ludhiana,Punjab,03-Sep-2023,,SUSPENDED,2586.19
MCH7034,Kohli Inc,,Grocery,PARTNERSHIP,Bengaluru,Karnataka,27/03/2023,2103247749,Live,"Rs. 4,369"
MCH5529,"  Ganguly, Mukherjee and Boase  ",,groceries,private_limited,Madras,Tamil Nadu,01-Apr-2025,EMNT5419387001495,Live,Rs. 879
MCH7558,Lanka-Dixit,5812,eating place,SOLE-PROPRIETOR,Poona,Maharashtra,2024-04-21 08:12:32,DPGO5407180491231,Active,1010.63
MCH 1262,Lad and Sons,7011,Hospitality,INDIVIDUAL,Jalandar,Punjab,2025-11-17 01:26:45,XXXX6412,Active,503.65
MCH2302,"Sekhon, Tak and Dhingra",5942,Book Store,SOLE-PROPRIETOR,amritsar,Punjab,11/11/2023,8509370195,Live,852.28
MCH1247,"Nayak, Lala and Pillai",5411,groceries,SOLE-PROPRIETOR,Bengaluru,Karnataka,19/01/2023,9109437765,INACTIVE,677.02
MCH1675,chokshi-mukherjee,5411,Grocery Stores,INDIVIDUAL,LDH,Punjab,01/11/2023 03:46 PM,XXXX1927,Live,1694.04
MCH4951,Cheema-Dugal,5311.0,Department Stores,Individual,Amritsar,Punjab,04-03-2024,NA,A,
MCH9613,  Tella Group  ,5912,Pharmacy,partnership,Hyderabad,Telangana,07-29-2024,IJFC0895713811161,A,
MCH9928,KrishnanInc,,Hospitality,PRIVATE-LIMITED,JPR,Rajasthan,1746512637,8263891927,Active,₹477.53
MCH7211,Nagar-Bhagat,5699,Apparel,Partnership,BLR,Karnataka,2024-01-16 09:01:52,NA,Active,585.46
MCH-5114,  Sarraf-Iyengar  ,5912,chemist,INDIVIDUAL,delhi,Delhi,1740561845,XRZF4644234669872,Live,INR 452.11
MCH2897,Bath Ltd,5999,Other,private_limited,HYDERABAD,Telangana,2025-07-23 05:48:07,NA,ACTIVE,2239.12
MCH6535,Nagy and Sons,05411,Grocery,SOLE_PROPRIETOR,Hyd,Telangana,2023/11/24,NA,Live,291.26
MCH7465,Bhatt Group,,Misc Retail,INDIVIDUAL,pune,Maharashtra,10/04/2023,XXXX7739,ACTIVE,"INR 3,040.67"
MCH7458,"hans, som and krish",,eating place,sole_proprietor,BLR,Karnataka,20/09/2025 08:06 PM,NA,Enabled,"8,448.66"
MCH5019,"Mahajan, Gulati and Chakrabarti",05411,GROCERY_STORE,partnership,ASR,Punjab,08-Aug-2024,NA,Enabled,448.34
MCH9083,"Gera, Varghese and Karpe",5311.0,Department Store,Private Limited,jaipur,Rajasthan,19/05/2025 12:31 AM,9824715725,Active,3755.09
MCH 2962,"Naik, Ranganathan and Sahota",4814,Telecom,PARTNERSHIP,Pune,Maharashtra,08-23-2024,XXXX5665,Active,INR 174.64
MCH6758,"Kaul, Vyas and Bobal",5912,chemist,Sole Proprietor,jaipur,Rajasthan,,OLOU3337406191926,Active,1560.09
MCH9070,"buch, samra and tata",5912.0,Medical,partnership,Lucknow,Uttar Pradesh,2023-11-19 07:02:51,6049785311,Enabled,5075.53
MCH 9928,Kalita-Dave,05999,Miscellaneous,PRIVATE_LIMITED,Mumbay,Maharashtra,14-Feb-2023,NA,Live,2034.32
MCH6251,"Sodhi, Handa and Venkatesh",5411,Grocery Stores,Sole Proprietor,LKO,Uttar Pradesh,18/09/2025,2729847488,S,291.55
MCH7863,"Lal, Hegde and Hora",5812,eating place,Partnership,LKO,Uttar Pradesh,18-Nov-2024,BRCS2990278425539,Live,673.1
mch8602,Raghavan-Ah1uwa1ia,5411,groceries,Individual,Madras,Tamil Nadu,19-Jan-2023,,Live,-292.78
MCH6315,"Pal, Zacharia and Narayan",7011,HOTEL_LODGING,Sole Proprietor,mumbai,Maharashtra,01-Apr-2023,5478307805,Live,529.2
MCH7558,Keer-Krish,05942,Book Store,PRIVATE-LIMITED,chennai,Tamil Nadu,1711707814,XXXX0444,Active,777.64
MCH2886,"Raja, Hayre and Deshmukh",5912,Medical,private_limited,Calcutta,West Bengal,04/07/2024,,ACTIVE,Rs. 511
MCH8219,Devi Group,MCC-4814,Mobile Recharge,INDIVIDUAL,ludhiana,Punjab,1672982217,,A,"Rs. 1,980"
mch9075,BHAKTA INC,4814,phone service,partnership,New Delhi,Delhi,20-Oct-2023,,I,"INR 1,186.46"
MCH7029,"Vasa, Zachariah and Narula",5812,Restaurants,PRIVATE-LIMITED,kolkata,West Bengal,01-15-2025,6099382833,A,2526.83
MCH9738,Barman-Rastogi,5411.0,Grocery,Partnership,Madras,Tamil Nadu,11-19-2024,XXXX3047,Enabled,2419.77
MCH6280,Khanna-Kanda,5699,garments,SOLE-PROPRIETOR,pune,Maharashtra,,1584508627,Enabled,243.27
MCH9542,"Singh, Johal and Khalsa",5942,Book Store,INDIVIDUAL,HYDERABAD,Telangana,2025-06-18 21:51:23,XXXX3154,A,"₹2,463.46"
mch4009,Deo PLC,04814,phone service,sole_proprietor,Kolkata,West Bengal,1760138090,,ACTIVE,"Rs. 1,937"
MCH7796,"Kari, Sridhar and J0ha1",5411.0,kirana,Partnership,Poona,Maharashtra,09/12/2024,5623137802,Enabled,489.31
MCH2046,Konda-Garde,5411,kirana,SOLE_PROPRIETOR,lucknow,Uttar Pradesh,01-28-2026,,ACTIVE,1405.98
2842,Patel-Chacko,,Hotels,INDIVIDUAL,Bangalore,Karnataka,13-Aug-2025,NA,Live,"₹2,354.89"
MCH7034,BHAVSAR LLC,5999.0,Misc Retail,partnership,New Delhi,Delhi,06-11-2025,,Live,Rs. 251
MCH5180,"Gaba, Chacko and Khatri",5699,Fashion,private_limited,Poona,Maharashtra,12-Feb-2025,XXXX8144,Enabled,₹753.85
MCH1995,"Sandhu, Kar and Chaudry",5699,Apparel,PARTNERSHIP,mumbai,Maharashtra,25/01/2024,NA,Live,4626.93
MCH2390,Bandi-Sidhu,5311,Retail,Sole Proprietor,JPR,Rajasthan,,XXXX9688,Live,1091.1
MCH 7353,Gh0se LLC,,groceries,PRIVATE-LIMITED,Pune,Maharashtra,01/11/2025,NA,Hold,"INR 1,477.74"
MCH5305,taneja inc,7011,Hotels,SOLE-PROPRIETOR,Chennai,Tamil Nadu,06-01-2024,XXXX9718,ACTIVE,"INR 1,731.48"
MCH 4848,"Borra, Balakrishnan and Chad",5699,Apparel,PARTNERSHIP,DELHI,Delhi,06-18-2024,5183213301,Live,"₹3,072.49"
MCH7597,Vohra-Mitter,,Bus/Taxi,Sole Proprietor,pune,Maharashtra,31/07/2025,BWIV7516426838159,Live,"INR 2,111.86"
MCH3023,Raj-Bajwa,4131,Transport,partnership,Lucknow,Uttar Pradesh,11-10-2024,YYPA0272541440376,ACTIVE,"Rs. 6,135"
MCH7017,"Roy, Khosla and Oak",UNKNOWN,Misc Retail,SOLE_PROPRIETOR,Lucknow,Uttar Pradesh,14-Sep-2025,XXXX0409,Active,952.71
MCH3661,"Deshmukh, Patla and Goel",4131.0,Transportation,Individual,Ludhiana,Punjab,17/11/2023,XXXX0412,Suspended,"Rs. 1,439"
MCH8910,Hayer-Mandal,5411,groceries,Sole Proprietor,LDH,Punjab,,XXXX1730,Enabled,INR 597.80
MCH7128,Agarwal Group,5912,chemist,PRIVATE-LIMITED,Jalandhar,Punjab,06/06/2023 08:54 PM,,Enabled,"₹6,405.90"
mch5758,"aggarwal, hayer and nayar",5999,Retail Other,individual,ASR,Punjab,09-22-2023,XXXX0401,A,3630.79
MCH6119,"Hans, Gokhale and Shanker",5999.0,Other,PARTNERSHIP,Bombay,Maharashtra,28-Jan-2024,NA,Closed,"INR 1,753.67"
MCH-5316,"Mand, Banerjee and Bhandari",5699,Clothing,PRIVATE-LIMITED,Chennai,Tamil Nadu,,MZUJ8841043737441,ACTIVE,1934.84
mch7502,GOKHALE LLC,5311,DEPT_STORE,INDIVIDUAL,ASR,Punjab,07/06/2024,5976838930,A,1185.45
MCH6180,Thakur and Sons,5699.0,Apparel,Private Limited,LKO,Uttar Pradesh,1748055563,MWYN7782824521830,ACTIVE,699.96
MCH9335,srinivasan-shere,NA,Department Store,PARTNERSHIP,ludhiana,Punjab,04-13-2024,,Active,1875.12
MCH9710,"Mohanty, Lanka and Kamdar",5311,DEPT_STORE,Individual,Bombay,Maharashtra,2024/11/13,EZNF2282969074066,I,1462.25
MCH7591,Gour-Hora,5812.0,FOOD_SERVICES,Sole Proprietor,ASR,Punjab,12/07/2023 05:34 AM,XXXX5661,ACTIVE,"₹1,230.68"
MCH2754,"Rastogi, Kamdar and Kumer",5912,Medical,SOLE_PROPRIETOR,Madras,Tamil Nadu,27-Apr-2023,NA,Enabled,"₹2,871.91"
MCH7370,Peri LLC,4131.0,Bus/Taxi,Private Limited,Calcutta,West Bengal,28/09/2023,0713043152,Active,1188.42
MCH8588,"Kala, Kant and Gola",,Bus/Taxi,INDIVIDUAL,chennai,Tamil Nadu,11-24-2025,5957904984,Active,
MCH2244,Master PLC,5912,chemist,private_limited,Jalandar,Punjab,10/06/2024 01:44 AM,,Closed,"Rs. 2,383"
MCH9565,Gaba LLC,5912,Pharmacy,Individual,Calcutta,West Bengal,08-Mar-2025,5752723069,INACTIVE,715.93
MCH6551,Oza LLC,7011,HOTEL_LODGING,PRIVATE-LIMITED,lucknow,Uttar Pradesh,11-Jul-2023,NA,ACTIVE,578.45
MCH7972,Lata Inc,5411,Grocery Stores,Partnership,Bangalore,Karnataka,2024/12/16,6873256015,Active,-401.1
MCH3787,"Boase, Mand and Khatri",5411,kirana,partnership,Pune,Maharashtra,21/03/2025 12:49 AM,4292433603,ACTIVE,1436.68
MCH2583,Gole-Prabhakar,4814,Telecom,private_limited,Bangalore,Karnataka,21/04/2025,XXXX1523,Live,Rs. 323
MCH5707,varughese-hegde,,TELECOM,PRIVATE-LIMITED,lucknow,Uttar Pradesh,2025-07-12 22:37:37,VFHE9510842870262,ACTIVE,
MCH1478,Sah0ta LLC,5912,Pharmacies,individual,jaipur,Rajasthan,2024-09-12 18:14:03,1321864172,I,"Rs. 2,037"
MCH5190,Karpe Inc,5942,BOOKS_STATIONERY,Sole Proprietor,New Delhi,Delhi,1717767268,AIVF4646117807271,Live,"₹2,042.93"
mch5645,Dey Ltd,4814,Telecom,PRIVATE-LIMITED,Jalandhar,Punjab,12-18-2025,9437173245,Live,"₹1,164.31"
mch5872,KaleLLC,4131.0,Transport,Partnership,Bangalore,Karnataka,,,A,"INR 1,429.88"
MCH-6239,Varkey-More,5699,Clothing,PRIVATE-LIMITED,LKO,Uttar Pradesh,08-20-2025,NA,Active,849.30
MCH5188,"Dube, Nair and Datta",MCC-4131,Bus/Taxi,INDIVIDUAL,Jalandhar,Punjab,03-22-2023,4717131081,ACTIVE,2008.92
MCH2551,"Krishnamurthy, Murthy and Savant",5699,Fashion,PRIVATE_LIMITED,Pune,Maharashtra,27/09/2023,XXXX9848,ACTIVE,"Rs. 3,427"
MCH8241,"MANE, WAGLE AND GANESAN",05311,Department Stores,partnership,Kolkata,West Bengal,2024-09-22 06:26:59,GUGG0514416234988,Enabled,814.25
MCH3267,  Balasubramanian-Butala  ,UNKNOWN,CLOTHS,INDIVIDUAL,Chennai,Tamil Nadu,20/10/2025,XXXX4438,A,1843.39
MCH 9404,BARAL AND SONS,4131,TRAVEL,private_limited,Calcutta,West Bengal,10/02/2025,,Enabled,
MCH1667,dalal ltd,7011,Hospitality,Sole Proprietor,Hyderabad,Telangana,16/02/2025,,Enabled,"₹3,517.09"
MCH 4275,"Boase, Chanda and Bajaj",5311.0,DEPT_STORE,INDIVIDUAL,New Delhi,Delhi,1751220912,XXXX6193,Live,INR 684.10
MCH 8065,Parekh Group,4131.0,Transport,PRIVATE-LIMITED,jaipur,Rajasthan,1710173997,NA,A,"₹1,217.53"
MCH 8355,DADA AND SONS,5699,Apparel,SOLE_PROPRIETOR,Chennai,Tamil Nadu,27/01/2023,,Enabled,1302.55
mch9343,Sridhar-Sarna,7011,Hospitality,partnership,Chennai,Tamil Nadu,08-16-2025,XXXX5274,ACTIVE,287.96
MCH 2155,Vig-Bobal,4814,Mobile Recharge,PRIVATE_LIMITED,New Delhi,Delhi,05-03-2023,XXXX5202,Active,"Rs. 8,483"
8377,"garde, varty and vyas",4131.0,Transport,INDIVIDUAL,MUMBAI,Maharashtra,2025-08-01 20:50:41,,ACTIVE,1200.23
MCH-6274,Mall Inc,7011,HOTEL_LODGING,PARTNERSHIP,Amritsar,Punjab,2025/06/21,XXXX1310,ACTIVE,"₹1,700.39"
MCH5698,Rana Ltd,5942,Stationery,PRIVATE-LIMITED,chennai,Tamil Nadu,07-Jan-2025,,Enabled,"₹2,808.27"
MCH1940,ANNE GROUP,4131,Transport,Sole Proprietor,HYDERABAD,Telangana,16/01/2025 07:34 PM,XXXX3192,ACTIVE,"₹2,525.67"
MCH1817,Wadhwa Group,NA,Telecom,Partnership,kolkata,West Bengal,30/06/2024,XZWP2134363743881,Enabled,200.17
MCH8852,Bali-Hora,UNKNOWN,Pharmacies,Individual,Dilli,Delhi,07-09-2024,,Active,2821.74
MCH9143,Prakash Inc,5812,Restaurants,PARTNERSHIP,lucknow,Uttar Pradesh,03-02-2023,XXXX9977,Active,1791.89
MCH7338,"Verma, Rai and Patla",,Medical,private_limited,Bangalore,Karnataka,05/06/2024,XXXX7454,Active,2235.57
MCH9888,"Contractor, Mohanty and Devi",5912,pharmacy,SOLE-PROPRIETOR,Madras,Tamil Nadu,23/09/2025 11:00 PM,XXXX3253,Suspended,1367.96
MCH5496,  Bhagat and Sons  ,5912,Medical,PARTNERSHIP,lucknow,Uttar Pradesh,13-Aug-2024,DOMQ3055982121356,A,-199.73
MCH5361,"Baria,SantandMunshi",MCC-5942,Stationery,private_limited,DELHI,Delhi,01-Feb-2025,XXXX6510,A,-1636.11
MCH-1199,"  Chatterjee, Chada and Ghose  ",5812,eating place,PRIVATE_LIMITED,Madras,Tamil Nadu,2025-04-14 01:46:00,,Live,6574.56
7350,Toor-Sachar,4814,Telecom,partnership,Bangalore,Karnataka,29/10/2023 12:11 AM,8049687567,A,1079.19
MCH3970,"Chawla, Sami and Mani",5942,BOOKS_STATIONERY,SOLE_PROPRIETOR,Poona,Maharashtra,25-Apr-2023,XXXX3871,A,2506.67
MCH-3509,Tandon-Thakur,5999.0,Other,Private Limited,Poona,Maharashtra,1711568512,TBRS8526244076916,Enabled,₹253.70
MCH8188,"ram, krish and pai",MCC-5999,Retail Other,PARTNERSHIP,LKO,Uttar Pradesh,16/02/2025,XXXX6724,I,INR 734.28
MCH3893,"Kapadia, Keer and Oak",5812,Food,Private Limited,amritsar,Punjab,10/12/2023,LOCC9278519241012,Enabled,-590.57
MCH5465,"KEER, GILL AND TANK",MCC-4814,TELECOM,individual,JPR,Rajasthan,23/10/2023,WBGT3042878113023,ACTIVE,"Rs. 3,170"
MCH-9837,Raval-Aurora,05812,Restaurants,sole_proprietor,Calcutta,West Bengal,04-26-2023,NA,Live,"Rs. 2,990"
MCH3145,Chaudry and Sons,5311.0,Department Store,individual,bengaluru,Karnataka,01-29-2026,NA,Enabled,
MCH5100,Garde-Mody,,grocery_store,sole_proprietor,Hyderabad,Telangana,12-02-2023,HBWM0411273165352,Active,347.68
MCH-1122,"Rana, Choudhury and Garde",5912,Medical,PARTNERSHIP,LDH,Punjab,30/11/2024,XXXX6047,A,4792.92
MCH-1874,KANDA-MANE,05942,Book Store,PARTNERSHIP,Ludhiana,Punjab,06/12/2024,0940514966,ACTIVE,"INR 2,286.66"
MCH7881,MENON PLC,5311,Department Store,Partnership,pune,Maharashtra,04-Feb-2024,1137446678,Live,"₹1,357.10"
MCH7395,Bera Group,5912.0,Pharmacy,PARTNERSHIP,Jalandar,Punjab,,NA,Enabled,-307.59
mch4547,rout inc,5812,Restaurant,private_limited,bengaluru,Karnataka,2026/01/28,4666460002,ACTIVE,₹307.37
8680,Bhatt-Toor,5311,DEPT_STORE,private_limited,Jaipur,Rajasthan,2025/12/02,NA,ACTIVE,"₹1,399.60"
5646,badal-anand,4814,phone service,Private Limited,mumbai,Maharashtra,05/06/2025 11:31 PM,XXXX0079,Enabled,"4,606.04"
MCH5898,"Dalal, Bhavsar and Taneja",MCC-5999,Other,private_limited,Kolkata,West Bengal,05-19-2025,NA,A,2660.29
MCH7724,"Thaman,ParsaandAurora",UNKNOWN,Mobile Recharge,INDIVIDUAL,Pune,Maharashtra,2025/01/08,,ACTIVE,"INR 1,482.24"
MCH2278,"Mohanty, Bobal and Minhas",07011,HOTEL_LODGING,SOLE-PROPRIETOR,Poona,Maharashtra,25/08/2023 10:07 PM,2573696997,A,"4,540.82"
MCH4377,Kale-Krishnan,5942,Book Store,partnership,bengaluru,Karnataka,10/12/2023,,Closed,2218.12
MCH-1477,Ahluwalia-Devan,5912,MEDICAL_STORE,Partnership,JPR,Rajasthan,15/04/2024,XXXX2364,A,551.17
MCH4581,"Tailor, Ganesh and Menon",5812,restaurants,Partnership,Bombay,Maharashtra,11-02-2025,,Inactive,"Rs. 1,137"
mch5020,Sarna-Sarraf,5411,Grocery,individual,Lucknow,Uttar Pradesh,2023-02-27 19:58:28,,Enabled,"3,351.89"
MCH6965,Lala Group,MCC-5912,Medical,PRIVATE-LIMITED,pune,Maharashtra,26-Aug-2023,NA,A,Rs. 256
MCH9782,"Prashad, Sura and Mutti",5311,Department Store,Sole Proprietor,amritsar,Punjab,17-Apr-2025,NA,A,"Rs. 2,734"
MCH6113,"Shen0y, Kapadia and Pradhan",MCC-5942,BOOKS_STATIONERY,INDIVIDUAL,Amritsar,Punjab,2025-05-21 01:21:00,OAOW4206990585455,Enabled,"INR 8,727.62"
MCH7471,DASS LLC,5812,Restaurant,SOLE_PROPRIETOR,Lucknow,Uttar Pradesh,02-14-2023,XXXX4634,Active,₹390.54
MCH9048,Kalla PLC,5812,Food,PARTNERSHIP,Jalandhar,Punjab,1695011577,,Live,544.22
mch6449,Chakraborty-Hans,5812,food_services,SOLE-PROPRIETOR,Hyderabad,Telangana,2024/03/01,XXXX5646,Active,1506.6
MCH5081,"Bhatia, Srinivasan and Sampath",5912,Medical,Private Limited,Madras,Tamil Nadu,01-19-2024,6512242126,Enabled,869.22
MCH5505,Shan-Cherian,5311,Department Stores,individual,DELHI,Delhi,19-Aug-2023,NA,A,"3,177.98"
MCH7728,Gaba Ltd,7011.0,Hospitality,PARTNERSHIP,jalandhar,Punjab,07-Jun-2024,,Live,970.98
MCH3386,"balay, chacko and dani",5311,Department Stores,private_limited,Jaipur,Rajasthan,2025-10-27 15:17:05,XXXX2339,ACTIVE,"₹2,775.53"
MCH 3753,Kala Ltd,4814.0,Mobile Recharge,individual,Kolkata,West Bengal,20/03/2024,XXXX7019,Live,411.14
MCH 4676,Shan Inc,5999,Other,Sole Proprietor,mumbai,Maharashtra,20/01/2026,DCZB8927650142403,Live,"2,805.31"
MCH5055,Aggarwal-Doctor,05912,Medical,private_limited,HYDERABAD,Telangana,1720061793,,Active,"₹3,805.08"
MCH7297,"Bhasin, Sankar and Pradhan",5812.0,FOOD_SERVICES,PRIVATE-LIMITED,delhi,Delhi,1746306390,NA,ACTIVE,
MCH8798,"Taneja, Maharaj and Sa1vi",5942.0,Stationery,PARTNERSHIP,mumbai,Maharashtra,,NA,SUSPENDED,"Rs. 2,125"
MCH4454,"varghese, shenoy and mahajan",05812,Restaurants,PARTNERSHIP,Mumbai,Maharashtra,1750537099,,A,"Rs. 1,952"
MCH6575,Sanghvi PLC,05942,Book Store,Individual,lucknow,Uttar Pradesh,15-Feb-2025,JZFS4748636238917,Active,Rs. 819
MCH1130,Bhargava-Dara,5311,Department Store,INDIVIDUAL,Amritsar,Punjab,14/06/2025,8689036086,Live,2188.62
MCH9401,Ravi LLC,07011,hotels,Sole Proprietor,Pune,Maharashtra,2025/11/14,1215375647,Active,"INR 1,824.72"
MCH4702,Nath Group,5311,Retail,sole_proprietor,Lucknow,Uttar Pradesh,15/08/2024 11:18 PM,,Active,Rs. 584
MCH3604,Dara-Borde,5942,Stationery,SOLE-PROPRIETOR,LDH,Punjab,03/10/2025,NA,ACTIVE,
MCH7724,Gade-Tata,05912,Medical,sole_proprietor,New Delhi,Delhi,2023/07/04,8406773720,Active,1191.59
MCH9199,"BAIL, PERI AND BARIA",,DEPT_STORE,partnership,Chennai,Tamil Nadu,2024/01/14,MIRO8677255410818,Live,7748.66
MCH7709,Kala LLC,5411,GROCERY_STORE,Partnership,Jalandhar,Punjab,1687361052,NA,Live,
MCH4606,"MORAR, DALAL AND MUKHERJEE",5912.0,Pharmacies,partnership,bengaluru,Karnataka,26/05/2023,NA,Disabled,"INR 1,103.98"
MCH3499,"Gaba, Nanda and Pillay",5812,Food,PRIVATE-LIMITED,mumbai,Maharashtra,30-Sep-2023,,ACTIVE,804.98
MCH4573,"Borde, Patil and Taneja",4814,phone service,INDIVIDUAL,Chennai,Tamil Nadu,10-27-2023,KZVD4103515080767,ACTIVE,₹642.81
MCH4169,"  Vaidya, Vasa and Palan  ",4814,Mobile Recharge,INDIVIDUAL,Hyd,Telangana,11-15-2024,NA,A,1965.48
1083,Chaudhry-Bhat,5812,Food,SOLE-PROPRIETOR,Jalandhar,Punjab,30-Apr-2025,DSMZ2555394666399,Disabled,INR 730.39
MCH9503,"Lanka, Bhasin and Srinivas",5411,kirana,Partnership,Calcutta,West Bengal,29-Oct-2024,,Enabled,"₹1,065.10"
MCH5798,DIVAN-MAHAL,5812,eating place,Individual,Jaipur,Rajasthan,19/02/2023,1492699438,ACTIVE,₹110.98
MCH7804,Deo-Pandya,5812,Food,Partnership,Jaipur,Rajasthan,,XXXX1482,SUSPENDED,₹492.54
mch7639,brar-chana,5999,Other,Sole Proprietor,MUMBAI,Maharashtra,20/02/2025 05:32 AM,XXXX2309,A,"4,805.68"
2788,"Dash, Mallick and Sachdev",5812,Restaurant,INDIVIDUAL,BLR,Karnataka,2025-04-06 04:08:29,WZXG3956270476463,ACTIVE,3989.94
MCH9813,"Padmanabhan,BrahmbhattandTrivedi",5411,Grocery Stores,Private Limited,Ludhiana,Punjab,27/01/2025 10:19 AM,XXXX5772,Enabled,2491.37
MCH5367,Varughese-Kala,5942,Book Store,SOLE_PROPRIETOR,ludhiana,Punjab,24/09/2024 08:00 PM,,Enabled,"₹1,142.44"
MCH3256,"Patil, Tripathi and Seshadri",5942,Books,partnership,ludhiana,Punjab,2025/02/11,0074721461,A,4035.32
MCH 6853,Prashad PLC,7011,Hotel,private_limited,Dilli,Delhi,13/06/2024,KVIV4494971706487,Live,410.64
MCH8226,Das-Subramanian,5999,Other,Partnership,Jaipur,Rajasthan,03-26-2024,6578658444,Live,789.74
MCH8372,Parsa-Chokshi,4814,Telecom,PRIVATE_LIMITED,Amritsar,Punjab,10/02/2023 09:57 AM,XXXX0623,A,714.9
MCH 5590,"Bhandari, M0re and Bhatti",4131,TRAVEL,partnership,Pune,Maharashtra,07-Oct-2024,CXPI7064872826114,Closed,"₹2,034.57"
MCH6578,LAL-SACHDEVA,4131.0,Bus/Taxi,Partnership,Jalandar,Punjab,04/01/2026 01:25 PM,2444694216,Active,"INR 1,965.27"
MCH6030,"DHILLON, SUNDER AND SODHI",05999,Miscellaneous,partnership,JPR,Rajasthan,2025/02/19,FIPF1132011620068,Active,884.98
MCH2056,"  Kadakia, Nagi and Ramakrishnan  ",5699,CLOTHS,Sole Proprietor,Bombay,Maharashtra,23/02/2023,XXXX6025,A,2168.0
1083,Chaudhry-Bhat,5812,food,SOLE-PROPRIETOR,Jalandhar,Punjab,30-Apr-2025,DSMZ2555394666399,Suspended,INR 730.39
MCH4041,Salvi-Mishra,5812,Restaurants,sole_proprietor,ASR,Punjab,,IIMZ0020327103815,Disabled,"₹1,291.58"
MCH3859,"mall, bassi and seshadri",05411,groceries,partnership,Mumbay,Maharashtra,,,Active,Rs. 610
MCH8007,Chaudhari Inc,5699,garments,Sole Proprietor,Poona,Maharashtra,2025-11-26 16:25:31,KFYF9189766472754,ACTIVE,1165.41
MCH-9731,Chaudhry-Pillay,5311,DEPT_STORE,INDIVIDUAL,jaipur,Rajasthan,1758300214,4390962437,Enabled,516.39
mch5790,  Devi and Sons  ,5942,Stationery,partnership,JPR,Rajasthan,1717378536,LANA4621044039956,ACTIVE,"₹8,961.20"
MCH1189,"rai, doctor and dar",5699,Apparel,SOLE_PROPRIETOR,Mumbay,Maharashtra,13/11/2024 08:40 PM,8075572970,Live,"Rs. 1,513"
MCH-6504,"wagle, choudhry and patla",5942,Stationery,Private Limited,Jalandar,Punjab,11-14-2025,,Active,"Rs. 1,748"
MCH1213,Ray LLC,5912,Pharmacies,PARTNERSHIP,pune,Maharashtra,1704652432,1805958295,Inactive,"Rs. 1,556"
MCH3854,"Was0n, Chauhan and Gh0se",5812,FOOD_SERVICES,Private Limited,Hyderabad,Telangana,01-Sep-2025,FZNK7723155067265,ACTIVE,Rs. 528
MCH8884,"Dubey, Srinivasan and Pillai",,Stationery,SOLE_PROPRIETOR,chennai,Tamil Nadu,03-Jul-2023,,Enabled,
MCH-6692,  Parekh Group  ,5942,Book Store,Partnership,ASR,Punjab,23/12/2023,XXXX5642,A,"Rs. 3,070"
MCH 2148,Dora Ltd,5912.0,Pharmacy,private_limited,ASR,Punjab,2024-05-30 17:40:28,NA,Live,343.34
MCH7323,Buch PLC,07011,HOTEL_LODGING,Partnership,Amritsar,Punjab,2023-08-11 12:36:40,XXXX4242,A,552.97
MCH3447,ANDRA-EDWIN,5699,Fashion,INDIVIDUAL,Hyd,Telangana,2023-10-09 13:58:47,XXXX8236,Live,1619.69
MCH6804,Johal and Sons,5699,CLOTHS,SOLE-PROPRIETOR,chennai,Tamil Nadu,13/10/2025,9253208573,INACTIVE,"INR 4,018.13"
MCH3569,Choudhury-Prashad,05942,Stationery,sole_proprietor,LKO,Uttar Pradesh,17/02/2025,,Live,"Rs. 1,411"
MCH7364,VIG-BALA,7011,HOTEL_LODGING,sole_proprietor,Mumbai,Maharashtra,2024-08-29 05:57:59,XXXX1900,ACTIVE,"₹1,242.00"
MCH 5511,"Pandya, Dugar and Dube",05999,Miscellaneous,individual,delhi,Delhi,09/02/2025 08:12 AM,,Active,997.89
MCH6517,"Vig, Sen and Kumar",5699,CLOTHS,SOLE-PROPRIETOR,delhi,Delhi,2023/05/05,NA,Enabled,1024.93
mch9779,De0-Agate,4814,Telecom,INDIVIDUAL,Calcutta,West Bengal,03-24-2024,NA,A,"₹2,425.10"
MCH5217,Swamy Ltd,5411,kirana,Private Limited,Calcutta,West Bengal,22/02/2023,5295856120,A,1618.62
MCH4732,"RAMANATHAN, KANDA AND KARNIK",5812,eating place,private_limited,lucknow,Uttar Pradesh,13/08/2025 05:58 AM,,A,3954.51
MCH5027,Mukhopadhyay-Brar,5999,Retail Other,Partnership,ludhiana,Punjab,2023/10/17,CWYO9756460575495,A,"3,103.67"
MCH4411,"Kale, Issac and Sibal",5999,Retail Other,PRIVATE_LIMITED,MUMBAI,Maharashtra,23/12/2025,GYAZ8851086848708,A,566.46
MCH2104,Iyengar PLC,,Fashion,PRIVATE_LIMITED,LKO,Uttar Pradesh,1742476817,,SUSPENDED,1344.05
MCH6928,"Mutti, Palla and Zacharia",4814,Telecom,partnership,Kolkata,West Bengal,11-12-2023,1804027882,Active,"2,042.85"
MCH2177,"Boase, Bajaj and Krish",05999,Other,Private Limited,jalandhar,Punjab,01-Aug-2025,NA,Active,420.77
MCH4354,Natarajan-Lad,7011.0,HOTEL_LODGING,PARTNERSHIP,amritsar,Punjab,2023/08/18,XXXX6382,A,703.43
MCH7273,De-Gokhale,4131,Bus/Taxi,SOLE-PROPRIETOR,jalandhar,Punjab,23/05/2024 07:01 AM,NXVM2607916550138,ACTIVE,₹654.26
MCH1456,Madan-Ganesh,5699,Apparel,INDIVIDUAL,amritsar,Punjab,01/11/2025,,Live,
MCH7181,"Dar, Dada and Kala",4131,transprt,PARTNERSHIP,Calcutta,West Bengal,14/04/2023,XXXX4833,Live,₹859.59
MCH6314,"kuruvilla, lalla and mallick",5699.0,CLOTHS,Private Limited,lucknow,Uttar Pradesh,05/01/2026 03:15 PM,,Live,697.89
MCH7864,"Kumer, Iyer and Bhavsar",4131,TRAVEL,Private Limited,Amritsar,Punjab,2024-12-30 05:51:45,9319227409,Live,611.66
MCH 5294,Bhakta Group,4814,TELECOM,Private Limited,jaipur,Rajasthan,2023/12/27,XXXX2441,Enabled,₹765.13
MCH9219,  Baria Inc  ,4814,Telecom,SOLE_PROPRIETOR,JPR,Rajasthan,2024/07/29,7495991370,Active,"Rs. 1,931"
MCH5070,Rau-Nagar,5999.0,Retail Other,PRIVATE_LIMITED,Madras,Tamil Nadu,2024-12-04 11:51:13,,ACTIVE,"Rs. 11,139"
MCH1889,Bakshi LLC,5999,Retail Other,INDIVIDUAL,Jalandhar,Punjab,2024-02-13 09:50:36,XXXX2818,Active,"₹2,474.04"
MCH 6224,La1-Anand,5912,chemist,private_limited,New Delhi,Delhi,28-Jul-2025,3453251138,ACTIVE,"Rs. 3,823"
7709,Sangha LLC,5812,eating place,SOLE-PROPRIETOR,jalandhar,Punjab,07-11-2024,LORK7301099084726,Enabled,₹968.83
MCH4769,"Venkataraman, Dey and Patil",7011,Hotels,PARTNERSHIP,LDH,Punjab,01-Nov-2023,,Active,145.49
MCH4274,Walia Group,4131.0,Transportation,Private Limited,MUMBAI,Maharashtra,29/10/2025,OSZC0719397300693,A,"INR 1,705.04"
MCH1772,"Sarin,KothariandLal",,Medical,INDIVIDUAL,Jalandhar,Punjab,11-Sep-2025,GQQF2119444967880,Enabled,-342.59
MCH1818,BAKSHI-GOLLA,5699,Clothing,PRIVATE_LIMITED,kolkata,West Bengal,10-04-2023,7575233501,Live,4859.19
MCH6343,Prabhakar Ltd,5411,Grocery,SOLE-PROPRIETOR,ludhiana,Punjab,13-Nov-2025,,Disabled,8227.32
MCH8114,"raman, sandal and bedi",4814,phone service,individual,jalandhar,Punjab,08-Feb-2024,LFZC4951241506007,Enabled,"₹1,612.23"
7335,"  Narayan, Cheema and Chana  ",05812,Food,PRIVATE-LIMITED,Madras,Tamil Nadu,18/03/2025 07:16 PM,EHXK3209295259680,ACTIVE,699.42
mch8125,"Jaggi, Samra and Narula",4131,Transport,Sole Proprietor,Chennai,Tamil Nadu,19/10/2023,XXXX6695,ACTIVE,983.23
MCH2718,"Krishna, Prabhu and Kara",7011,Hotels,Individual,Bengaluru,Karnataka,2024/12/20,VEWG4998867762324,A,529.14
MCH3718,"S0m, Barman and Bhavsar",5411,kirana,SOLE_PROPRIETOR,Pune,Maharashtra,,2345441898,Live,312.19
mch3338,"Mistry, Majumdar and Ghosh",04814,Mobile Recharge,INDIVIDUAL,Ludhiana,Punjab,2024-04-26 08:50:51,KYYU5062619258958,Active,"Rs. 1,989"
MCH8038,"singh, baria and kakar",5912,Pharmacy,PRIVATE_LIMITED,LKO,Uttar Pradesh,2024-12-20 17:52:56,5855829731,A,1174.3
MCH6634,"BOBAL, RANDHAWA AND GUHA",misc,Other,SOLE-PROPRIETOR,DELHI,Delhi,2024/07/17,4957341463,A,3780.75
MCH2028,Viswanathan LLC,,Telecom,Individual,Pune,Maharashtra,23/05/2024,XXXX2833,Active,Rs. 634
MCH9722,"KRISHNA, SAXENA AND AURORA",4814,Mobile Recharge,INDIVIDUAL,lucknow,Uttar Pradesh,,XXXX5150,Enabled,
MCH8966,Talwar PLC,5999,Retail Other,sole_proprietor,Madras,Tamil Nadu,07-23-2023,LXSL0666403926452,Live,432.95
MCH 5378,biswas-seshadri,UNKNOWN,kirana,SOLE_PROPRIETOR,kolkata,West Bengal,11-05-2025,,Enabled,815.52
MCH-7864,"Joshi, Warrior and Guha",NA,garments,sole_proprietor,jalandhar,Punjab,2023/10/18,,Live,785.07
MCH5741,Rajagopalan PLC,5942,BOOKS_STATIONERY,INDIVIDUAL,Hyd,Telangana,2025-10-29 08:07:02,2788746336,Disabled,1562.28
MCH 1721,"Mammen, Ka1a and Gara",7011,Hotel,individual,kolkata,West Bengal,1696642760,NA,ACTIVE,1736.83
MCH7647,"Bala, Mody and Kumer",5912,Medical,Partnership,Mumbay,Maharashtra,2025-12-30 18:11:40,XXXX0768,Disabled,"Rs. 3,285"
MCH7358,Basak-Patla,MCC-5999,Misc Retail,Sole Proprietor,Delhi,Delhi,19/12/2025,1781542230,A,"INR 3,053.41"
mch5912,shenoy plc,4814.0,Telecom,INDIVIDUAL,Bangalore,Karnataka,12-Dec-2023,NA,A,₹551.95
MCH6380,Naik-Kalla,5999,Other,Individual,Pune,Maharashtra,2026-01-02 06:05:56,6290942991,Blocked,-1353.03
MCH7225,APTE-WADHWA,5812,FOOD_SERVICES,Individual,jalandhar,Punjab,1741332055,XXXX2773,ACTIVE,-5618.9
MCH5924,Chana-Thaman,04814,phone service,SOLE-PROPRIETOR,New Delhi,Delhi,1759016535,XXXX2862,Live,1054.56
MCH-1680,"Dube, Sekhon and Nagarajan",05699,CLOTHS,SOLE-PROPRIETOR,Ludhiana,Punjab,1738547432,,ACTIVE,Rs. 855
MCH7060,"Nayak, Parmer and Anand",NA,Pharmacies,PRIVATE-LIMITED,kolkata,West Bengal,26-May-2023,NA,Active,"INR 1,299.10"
MCH8909,"PALAN, WALI AND WAGLE",5999,Other,INDIVIDUAL,Dilli,Delhi,,AMLI0055772138931,A,"1,366.30"
MCH7548,  Dhillon Inc  ,4814,phone service,PRIVATE-LIMITED,Hyderabad,Telangana,24/08/2025,XXXX6625,Blocked,"Rs. 4,170"
MCH6043,NATT INC,5311,Retail,SOLE-PROPRIETOR,MUMBAI,Maharashtra,24/01/2024,NA,Active,INR 766.54
5607,Sengupta-Murty,5942,Books,SOLE_PROPRIETOR,delhi,Delhi,05/10/2023,GVNH6755841589954,Live,"2,739.15"
MCH 4529,varkey-pant,NA,Clothing,PRIVATE-LIMITED,LDH,Punjab,01-Jun-2024,6768398433,Live,"INR 1,710.62"
MCH 3518,Borah and Sons,4131,Transportation,SOLE_PROPRIETOR,Mumbay,Maharashtra,06/02/2026 03:51 PM,GCBI5958315675126,Live,INR 451.33
MCH3477,"Mangal, Comar and Krish",5311,Department Store,SOLE_PROPRIETOR,mumbai,Maharashtra,2025-03-30 09:40:40,NA,ACTIVE,"13,897.21"
MCH4777,Babu-Choudhry,4814,Mobile Recharge,Individual,DELHI,Delhi,2026/01/10,,Active,INR 373.40
MCH7440,Rastogi-Manne,5699,garments,SOLE-PROPRIETOR,Lucknow,Uttar Pradesh,10-27-2025,,Active,2334.42
MCH1352,"Bandi, Soman and Manne",5812,Food,individual,Jalandar,Punjab,28/01/2026,NA,Live,"Rs. 4,146"
MCH-1400,Kapoor-Bhalla,5699,Apparel,PARTNERSHIP,Madras,Tamil Nadu,17-May-2023,NA,Enabled,INR 913.08
MCH9937,"Sant, Dada and Biswas",4814,phone service,partnership,Hyd,Telangana,08-09-2023,,INACTIVE,Rs. 663
MCH8151,Dalal PLC,5699,Apparel,INDIVIDUAL,Jalandar,Punjab,2024-08-01 20:15:56,WQMC9295186993346,Enabled,"Rs. 1,200"
MCH5768,Minhas Gr0up,UNKNOWN,Telecom,sole_proprietor,Hyderabad,Telangana,09-08-2023,BVES3790408976679,Active,"1,396.68"
MCH2914,Sharaf-Tara,5311,Retail,INDIVIDUAL,kolkata,West Bengal,07-02-2025,NA,A,Rs. 542
MCH3085,Reddy-Wagle,07011,Hotels,SOLE-PROPRIETOR,BLR,Karnataka,27-May-2025,NA,ACTIVE,Rs. 258
MCH2345,"Kibe, Verma and Koshy",MCC-4814,phone service,INDIVIDUAL,bengaluru,Karnataka,28/06/2024,2126684184,ACTIVE,INR 808.61
MCH-3134,Rajan PLC,5311,DEPT_STORE,Individual,Jaipur,Rajasthan,1727657360,YYBA4456378455566,Active,Rs. 993
MCH3263,SARNA-CHAUHAN,5812,FOOD_SERVICES,sole_proprietor,LKO,Uttar Pradesh,05-18-2025,4897875203,Live,"₹2,348.10"
MCH5261,M0dy Gr0up,5942,Book Store,Individual,jaipur,Rajasthan,12-11-2025,NA,Active,₹345.16
MCH9931,"Wadhwa, Loyal and Bhat",4814,Telecom,Partnership,LKO,Uttar Pradesh,2024-05-03 20:57:24,,Hold,-1226.34
MCH8597,Hayre-Badami,5812,Food,PRIVATE_LIMITED,Amritsar,Punjab,26-May-2023,XXXX4723,Live,"INR 1,847.81"
MCH6071,nagy inc,5311,DEPT_STORE,private_limited,DELHI,Delhi,,XXXX2349,A,-2743.11
8957,MADAN-KOTHARI,5699,Apparel,Sole Proprietor,Ludhiana,Punjab,,XXXX2329,Live,934.34
MCH1605,Kar-Peri,NA,Misc Retail,INDIVIDUAL,Dilli,Delhi,1765745567,,Live,"3,940.67"
8509,RAMAN-HANS,5699,Clothing,individual,Lucknow,Uttar Pradesh,16/05/2024,XXXX2100,Disabled,Rs. 882
MCH1450,"HORA, KUNDA AND DANI",5311,Department Store,Sole Proprietor,ludhiana,Punjab,10-30-2023,XXXX1537,Disabled,1853.9
MCH2424,Kari-Morar,5999,Miscellaneous,sole_proprietor,Mumbay,Maharashtra,,7720169821,A,763.93
MCH3612,Dara-Rama,05942,Book Store,SOLE-PROPRIETOR,delhi,Delhi,2024/04/10,NA,Active,"2,252.16"
MCH9082,Din-Batta,5311,Department Stores,private_limited,mumbai,Maharashtra,18/02/2024,XXXX5721,Inactive,4454.42
MCH1727,Chacko LLC,05999,Retail Other,partnership,Amritsar,Punjab,2023/07/23,NA,Live,1914.68
MCH1280,"Ben, Madan and Dey",5942.0,Books,private_limited,Lucknow,Uttar Pradesh,13/06/2025,,Active,1308.81
2448,shan ltd,5699,Apparel,PRIVATE-LIMITED,DELHI,Delhi,2023-03-22 16:55:53,NA,A,331.32
MCH1021,VARGHESE-RAMACHANDRAN,5812,FOOD_SERVICES,PRIVATE-LIMITED,ASR,Punjab,,,ACTIVE,Rs. 734
MCH 9004,KaurInc,05699,Apparel,partnership,bengaluru,Karnataka,07/10/2023,XXXX9308,Live,1124.44
mch4010,"  Barad, Mukherjee and Joshi  ",05411,kirana,Sole Proprietor,ASR,Punjab,2024/01/28,NA,Enabled,₹992.35
MCH1379,Chokshi Ltd,5912,MEDICAL_STORE,individual,chennai,Tamil Nadu,2024/01/23,XXXX4340,A,"₹2,729.50"
MCH3014,Nagarajan-Bandi,5311,Retail,individual,Delhi,Delhi,09/06/2025,XXXX4761,Active,3013.17
MCH2100,"  Jani, Bobal and Singhal  ",7011,Hospitality,INDIVIDUAL,Bangalore,Karnataka,,,Enabled,"Rs. 1,281"
MCH 5040,Kumer-M0rar,4131,transprt,PRIVATE_LIMITED,Chennai,Tamil Nadu,08/01/2023 04:01 AM,,ACTIVE,"Rs. 5,948"
mch8151,"Sangha, Master and Chand",MCC-5999,Other,SOLE_PROPRIETOR,New Delhi,Delhi,04/02/2024,NA,Enabled,606.88
MCH3941,Bassi-Deshmukh,4814,TELECOM,INDIVIDUAL,Amritsar,Punjab,10-25-2025,,Active,979.98
MCH1531,Savant and Sons,7011,Hotel,private_limited,Delhi,Delhi,2026/02/10,NA,Closed,"1,019.94"
MCH6025,Wable and Sons,4814,Mobile Recharge,sole_proprietor,pune,Maharashtra,14/01/2026 04:31 AM,,A,2018.15
MCH9396,Baria-Bhasin,05912,MEDICAL_STORE,partnership,pune,Maharashtra,2025/01/24,WSGG2231313442332,Active,-157.3
MCH-2742,"Manne, Patil and Mukhopadhyay",5942,Stationery,SOLE_PROPRIETOR,Poona,Maharashtra,03-10-2025,JAUF9449397976214,Enabled,"Rs. 1,389"
MCH5831,KIBE INC,MCC-4814,TELECOM,Sole Proprietor,Ludhiana,Punjab,2024-01-21 16:49:33,,Live,"INR 2,267.19"
MCH2179,CHANDA-SURA,5699,Fashion,PRIVATE_LIMITED,Jalandhar,Punjab,2026/01/07,XXXX4523,ACTIVE,1281.24
MCH 3753,vohra-din,5699,Clothing,Private Limited,Calcutta,West Bengal,03-30-2025,8109513390,Live,754.9
mch5958,"panchal, krishnan and thakkar",5812,Restaurants,PRIVATE-LIMITED,Madras,Tamil Nadu,16-Jun-2025,1176480578,Closed,999.64
MCH2767,Banik-Biswas,NA,Grocery Stores,INDIVIDUAL,Mumbai,Maharashtra,04-01-2024,,INACTIVE,"INR 4,259.84"
mch9584,"  Bhat, Shukla and Bajaj  ",5311,Department Stores,PRIVATE-LIMITED,Mumbai,Maharashtra,2025-02-04 10:04:43,XXXX2185,Closed,"4,140.74"
MCH5208,mann inc,05411,groceries,private_limited,HYDERABAD,Telangana,10/04/2023 08:46 AM,,S,"1,269.59"
mch7432,taneja-hari,5699,CLOTHS,Sole Proprietor,bengaluru,Karnataka,24/11/2025 07:34 AM,,Active,"INR 1,291.31"
MCH 3340,Bhargava LLC,5699,CLOTHS,sole_proprietor,Kolkata,West Bengal,2025-10-12 02:52:58,NA,Hold,-4266.92
MCH9332,GALA INC,5699,CLOTHS,PRIVATE-LIMITED,amritsar,Punjab,21-Mar-2023,XXXX9903,Active,"₹1,348.88"
mch2123,Lala and Sons,5311,Department Stores,PRIVATE-LIMITED,Mumbai,Maharashtra,03/01/2025 05:53 AM,NA,Live,"₹13,187.41"
MCH2792,"VARKEY, UPPAL AND MITTER",,Transport,Partnership,DELHI,Delhi,1730900850,4127542367,Live,Rs. 130
MCH 5230,Bajaj Ltd,misc,Transportation,Partnership,Delhi,Delhi,01/02/2024,8842729592,Live,"₹3,959.52"
MCH9972,"Bakshi, Tata and Parmer",05311,Department Stores,sole_proprietor,Hyd,Telangana,14/08/2024,ATOC5117985834296,Active,"1,398.48"
MCH6365,Raghavan LLC,4131,transprt,PARTNERSHIP,Hyd,Telangana,28/10/2023,NA,Live,"₹2,729.02"
MCH8890,Mane-Sheth,05999,Miscellaneous,INDIVIDUAL,JPR,Rajasthan,,XXXX2596,Disabled,-475.08
MCH3672,"Ray, Radhakrishnan and Parmar",7011,HOTEL_LODGING,PRIVATE_LIMITED,Lucknow,Uttar Pradesh,1732997376,GKAL4059180951446,Active,-801.35
MCH3187,"Mand, Singhal and Raman",5912,Pharmacy,Sole Proprietor,Calcutta,West Bengal,1689059422,ZOEN9168175383897,ACTIVE,"4,276.66"
MCH6247,Dhar-Ram,4814,phone service,INDIVIDUAL,JPR,Rajasthan,01-14-2026,,Live,₹468.52
MCH4438,Vasa-Divan,5311,Department Store,PARTNERSHIP,Kolkata,West Bengal,10/09/2025 05:49 AM,DDPR9154239625573,A,1288.65
MCH7960,Comar-Ramesh,5411,Grocery,sole_proprietor,Amritsar,Punjab,01/05/2023,XXXX2411,A,
MCH3578,"badal, gopal and walla",MCC-4131,Transportation,Individual,amritsar,Punjab,19/05/2024 08:33 PM,CBPY2495238962575,Live,"Rs. 14,795"
MCH7279,das plc,5999,retail other,PARTNERSHIP,Jaipur,Rajasthan,,WTVS1342257023005,Active,"₹1,157.26"
MCH 9457,"Grover, Deep and Subramaniam",4131,TRAVEL,PARTNERSHIP,BLR,Karnataka,19/01/2026,XXXX7189,Enabled,276.66
MCH5265,"Jain, Jaggi and Gara",5699,Clothing,Individual,Jaipur,Rajasthan,05-Oct-2023,XXXX8547,Enabled,617.01
MCH1053,"gera, grover and sehgal",MCC-4814,Mobile Recharge,Individual,Amritsar,Punjab,22-Feb-2025,NA,Enabled,-708.11
MCH7840,Sood LLC,5311,Department Store,Individual,Pune,Maharashtra,09-26-2023,XXXX2181,ACTIVE,Rs. 394
7828,Samra Ltd,5912,Medical,PRIVATE_LIMITED,Calcutta,West Bengal,2023/10/03,,Live,"Rs. 2,295"
MCH5954,"Chand, Dora and Dey",UNKNOWN,Restaurant,PRIVATE_LIMITED,Chennai,Tamil Nadu,2025-08-28 14:38:01,NA,Active,1159.45
MCH4944,"Pillai, Kurian and Sunder",misc,kirana,SOLE-PROPRIETOR,mumbai,Maharashtra,2023-04-08 22:00:12,XXXX3249,ACTIVE,907.45
3216,K0thari-Bhatia,05411,Grocery Stores,SOLE-PROPRIETOR,HYDERABAD,Telangana,28/01/2025 12:09 PM,3754349166,ACTIVE,"INR 1,987.15"
MCH6260,MITTAL PLC,5912,Pharmacy,PRIVATE-LIMITED,lucknow,Uttar Pradesh,27/01/2025 03:46 PM,XXXX9807,Live,
MCH6396,Ganesan-Lad,5311.0,DEPT_STORE,Private Limited,jaipur,Rajasthan,2023-03-16 23:22:53,1072029777,Blocked,3700.61
MCH8428,"  Keer, Batra and Kapadia  ",7011,Hotel,PARTNERSHIP,Jalandar,Punjab,2024-08-19 14:22:51,NA,ACTIVE,"INR 2,475.47"
MCH7042,BARAD-RAMAN,4814,TELECOM,Sole Proprietor,Chennai,Tamil Nadu,07/01/2023,XXXX5012,Enabled,986.23
MCH9021,Sandhu-Jayaraman,5311,DEPT_STORE,private_limited,delhi,Delhi,,NA,Active,1258.68
MCH3475,"  Wadhwa, Banik and Prakash  ",5812,Restaurant,private_limited,jaipur,Rajasthan,01-16-2025,4792307270,A,335.53
MCH2990,Nazareth Ltd,04814,TELECOM,individual,New Delhi,Delhi,,NNKA9590521959789,A,"Rs. 1,043"
MCH8098,"Sahni, Bahri and Apte",5912,Pharmacy,individual,Poona,Maharashtra,27/08/2025 08:34 AM,XXXX6599,Active,"Rs. 1,970"
MCH2154,"Badal, Yadav and Mane",05999,Miscellaneous,SOLE-PROPRIETOR,LKO,Uttar Pradesh,2023-08-02 02:36:07,XXXX9820,Active,-4388.39
MCH 4720,sha ltd,5411,kirana,PARTNERSHIP,Chennai,Tamil Nadu,04-05-2024,0136765801,Enabled,₹874.68
MCH5097,SATHE INC,5311,Department Store,Sole Proprietor,Jaipur,Rajasthan,05/07/2023,XXXX5532,ACTIVE,997.33
MCH-7628,"Mander, Guha and Varty",4814,phone service,SOLE-PROPRIETOR,mumbai,Maharashtra,01-12-2026,0845621446,S,8496.25
MCH2749,KASHYAP-PILLAI,04131,Transport,PRIVATE-LIMITED,Bangalore,Karnataka,2024/07/15,,Disabled,
MCH9966,TOOR GROUP,,Retail Other,PARTNERSHIP,kolkata,West Bengal,2024/03/11,1428945380,A,681.04
mch7495,"Subramaniam, Radhakrishnan and Bahri",5411,Grocery Stores,individual,amritsar,Punjab,2023/05/14,XXXX3800,Closed,"₹1,584.42"
MCH6466,Randhawa LLC,5311,Retail,individual,pune,Maharashtra,06-03-2024,WUJF6073785687916,A,"3,082.90"
MCH4744,Tiwari-Bedi,5942,Stationery,SOLE_PROPRIETOR,Poona,Maharashtra,2024/07/13,0085843923,Closed,"Rs. 1,636"
MCH6861,Gandhi-Shukla,,kirana,partnership,Kolkata,West Bengal,09-Jan-2024,NA,Enabled,"Rs. 1,540"
MCH9593,Varty-Lala,5942,Books,INDIVIDUAL,LKO,Uttar Pradesh,08-Feb-2024,DUTM3222823880955,ACTIVE,3004.61
MCH8929,Nagi-Bala,5311,Department Stores,SOLE-PROPRIETOR,Calcutta,West Bengal,17/12/2024 05:24 PM,XXXX2967,ACTIVE,Rs. 232
MCH8489,"  Nadkarni, Murty and Chad  ",05912,Medical,PARTNERSHIP,ludhiana,Punjab,11-29-2023,NA,ACTIVE,₹713.56
MCH6244,Memon and Sons,5311,Retail,Individual,MUMBAI,Maharashtra,2025/11/24,,Disabled,-1468.71
MCH2085,KALA-SHAH,4131,transprt,private_limited,Poona,Maharashtra,22-Jul-2024,XXXX7338,ACTIVE,"INR 3,590.82"
MCH 9482,"Vasa, Chada and Iyengar",5411,Grocery Stores,Partnership,Hyd,Telangana,,XXXX4559,A,INR 600.13
MCH6501,Ka1a-Garg,,Clothing,sole_proprietor,ludhiana,Punjab,07-May-2023,5422601773,Enabled,471.98
mch2007,"MAHAL, DIVAN AND SHARAF",5999,Other,sole_proprietor,jalandhar,Punjab,1675376077,4814016835,A,435.32
MCH3105,Bandi PLC,5311.0,Department Stores,sole_proprietor,Mumbay,Maharashtra,1767597204,1280850023,ACTIVE,1578.41
MCH7654,Chakraborty Inc,5699,garments,SOLE_PROPRIETOR,LKO,Uttar Pradesh,,NA,Active,"Rs. 1,250"
MCH2778,madan plc,MCC-5912,Medical,sole_proprietor,amritsar,Punjab,2024/03/25,XXXX3934,Live,"₹4,029.72"
MCH 6056,IYENGAR-HEGDE,04131,Transport,Partnership,Amritsar,Punjab,23-Mar-2025,NA,Enabled,"1,004.69"
MCH9704,"Maharaj, Sangha and Suresh",5411,kirana,private_limited,Poona,Maharashtra,01/01/2023 04:43 PM,FJDE3725342913526,Active,-1435.77
MCH2915,"  Chakrabarti, Hora and Sha  ",4814.0,TELECOM,Partnership,chennai,Tamil Nadu,15-Mar-2024,1253622214,A,18355.56
MCH9916,"Sur, Palla and Goyal",04814,Telecom,PRIVATE-LIMITED,Pune,Maharashtra,2023-09-04 08:24:31,7186592814,Live,Rs. 282
MCH3260,Viswanathan Inc,4131,Transport,Individual,ASR,Punjab,1758738791,,Disabled,"2,698.89"
MCH1609,Ram-Palla,4814,Mobile Recharge,Private Limited,mumbai,Maharashtra,17/07/2023 09:30 PM,8485226822,Live,554.3
MCH5934,Krish-Doshi,4131.0,Transport,INDIVIDUAL,jaipur,Rajasthan,1708744241,2184684980,Live,"₹2,895.40"
MCH6508,Varty Inc,5912,Pharmacies,INDIVIDUAL,Jalandar,Punjab,18/09/2025,NA,A,"3,434.37"
MCH2950,"Rastogi, Bhavsar and Varghese",5942,Stationery,private_limited,BLR,Karnataka,26-Nov-2024,6783380146,A,"INR 2,370.66"
5904,Karan Ltd,5699.0,Fashion,Sole Proprietor,bengaluru,Karnataka,11-29-2023,,Enabled,"Rs. 1,441"
MCH9299,Pathak-Menon,05812,FOOD_SERVICES,SOLE_PROPRIETOR,ludhiana,Punjab,2024-04-28 07:03:55,,Live,"Rs. 3,015"
MCH7431,Nagarajan and Sons,7011,Hotel,SOLE-PROPRIETOR,jaipur,Rajasthan,01-04-2023,XXXX7904,Enabled,"Rs. 1,657"
MCH3330,"Keer, Gupta and Som",5311,Department Stores,private_limited,Jalandhar,Punjab,26-Nov-2025,LOCM5644673929837,Enabled,3134.69
6805,Dora Ltd,05311,Department Store,PRIVATE-LIMITED,mumbai,Maharashtra,17-Sep-2025,4896284694,A,371.73
MCH7280,Baral Ltd,5812,FOOD_SERVICES,INDIVIDUAL,Jalandar,Punjab,18/12/2025 02:28 PM,,Live,5521.6
MCH4667,solanki-batta,5699,CLOTHS,INDIVIDUAL,kolkata,West Bengal,2025/07/05,3048400302,A,-1692.44
MCH5401,Dave PLC,5311.0,Department Store,partnership,Bombay,Maharashtra,03-Jun-2023,NA,A,"Rs. 3,231"
MCH 7464,DuttaLLC,04131,TRAVEL,PRIVATE-LIMITED,Lucknow,Uttar Pradesh,09-18-2024,NA,Live,INR 270.92
mch4909,"Sharaf, Lalla and Rattan",,books,Sole Proprietor,Calcutta,West Bengal,16/02/2025 08:04 PM,5725440715,Active,650.04
MCH7830,Narayanan-Barad,5912,Pharmacies,Private Limited,Jaipur,Rajasthan,2025-12-14 17:19:27,9447863643,Suspended,"INR 1,497.41"
MCH 3454,Rajagopal-Wason,5812,Restaurant,partnership,Hyderabad,Telangana,22/08/2024 03:32 PM,XXXX7731,ACTIVE,-1479.06
MCH 8572,"Sheth,SethandKulkarni",4814,phone service,Individual,Jaipur,Rajasthan,2026/01/15,AQKO8183766323405,Enabled,"Rs. 4,326"
mch7917,Parsa-Madan,5411,groceries,SOLE_PROPRIETOR,Pune,Maharashtra,2023-04-02 01:07:51,XXXX8810,Inactive,-1524.64
MCH8431,"Brahmbhatt, Ranganathan and Sangha",5912.0,Medical,Partnership,Hyd,Telangana,29-Apr-2023,,Active,1715.36
MCH4490,"Chawla, Prabhakar and Gupta",5812,Restaurants,PRIVATE-LIMITED,Chennai,Tamil Nadu,,XXXX6406,ACTIVE,Rs. 279
MCH-3362,Chander-Sangha,5411.0,groceries,Private Limited,ASR,Punjab,26/02/2026 04:43 AM,,Suspended,12795.59
MCH9393,Chand-Vasa,05942,Stationery,INDIVIDUAL,Ludhiana,Punjab,23/12/2024 11:24 AM,2020254669,ACTIVE,"₹2,868.44"
MCH1636,"Natt, Mitter and Oza",7011,HOTEL_LODGING,SOLE-PROPRIETOR,Delhi,Delhi,2025-01-17 21:22:17,NA,Active,Rs. 987
MCH8096,Srinivas-Verma,NA,Mobile Recharge,Partnership,Bombay,Maharashtra,,,Live,2241.14
MCH6450,bobal ltd,5699,CLOTHS,INDIVIDUAL,Lucknow,Uttar Pradesh,25-Jun-2025,UETF4584172674537,S,"3,737.71"
MCH6332,Varkey-Jha,5699,garments,SOLE-PROPRIETOR,Amritsar,Punjab,2025-10-13 15:26:59,,Active,-304.48
MCH7383,Mander LLC,NA,Misc Retail,sole_proprietor,Hyderabad,Telangana,2025-03-25 01:21:17,NA,Live,2244.22
MCH6397,"CHACKO, GANGULY AND GALA",4814,Mobile Recharge,sole_proprietor,DELHI,Delhi,1687082526,KTQR3750781117068,Live,
MCH1359,  Palan-Minhas  ,,CLOTHS,INDIVIDUAL,Madras,Tamil Nadu,24/08/2024,,A,1891.91
MCH7701,Ravel-Lala,5411,GROCERY_STORE,PRIVATE_LIMITED,ludhiana,Punjab,2025-05-12 05:37:27,XXXX7294,Enabled,"₹1,411.44"
7395,Bose and Sons,7011,HOTEL_LODGING,individual,bengaluru,Karnataka,07-01-2024,XXXX9489,ACTIVE,Rs. 431
MCH4165,nayar plc,5311,Department Stores,private_limited,delhi,Delhi,06-03-2023,NA,Hold,1388.15
MCH9137,Chakrabarti PLC,4131,transprt,PRIVATE_LIMITED,jaipur,Rajasthan,19-Nov-2023,XXXX6117,Active,INR 347.82
MCH 1663,"Edwin, Kala and Barad",4131,Bus/Taxi,individual,chennai,Tamil Nadu,07-04-2024,FGIZ0772949946430,Active,449.21
mch1380,Bhatia-Oza,4814,Telecom,Partnership,jaipur,Rajasthan,2023/07/11,NA,SUSPENDED,479.32
7746,LUTHRA GROUP,MCC-5699,CLOTHS,PRIVATE-LIMITED,jaipur,Rajasthan,08-Oct-2025,4338266840,A,1244.49
MCH6593,Sharma-Ahuja,5411,kirana,SOLE-PROPRIETOR,Jalandar,Punjab,2025-06-27 17:43:12,RJHM5836701029342,Live,3094.86
MCH4951,"Sha, Shan and D’Alia",4814,Telecom,PRIVATE_LIMITED,mumbai,Maharashtra,2023-08-05 18:25:08,6408029678,Disabled,
mch2921,Bakshi-Narayanan,7011,Hospitality,Private Limited,lucknow,Uttar Pradesh,18-Jun-2024,XXXX0910,A,-6327.48
MCH2697,Shan-Warrior,4131,Transport,Private Limited,Bangalore,Karnataka,08/02/2024 04:05 AM,NA,I,"INR 1,199.93"
MCH3376,Sama-Gaba,5411,kirana,individual,Hyderabad,Telangana,,XXXX4890,Active,₹732.24
MCH 9203,Lad LLC,5812,eating place,Individual,Chennai,Tamil Nadu,2023/09/29,NA,Live,-12917.19
MCH8981,Tara-Sinha,MCC-5999,Retail Other,Individual,Bengaluru,Karnataka,2025/10/02,1533662903,Enabled,"Rs. 3,617"
MCH9867,TripathiLtd,MCC-5942,BOOKS_STATIONERY,Individual,HYDERABAD,Telangana,01/11/2024 12:43 AM,,ACTIVE,Rs. 936
MCH5316,Madan Ltd,5311,department stores,INDIVIDUAL,Kolkata,West Bengal,2023-05-11 17:42:55,,Inactive,706.61
1848,Dugar and Sons,4814,TELECOM,PARTNERSHIP,Chennai,Tamil Nadu,19-Aug-2023,QLVN5575786751509,SUSPENDED,644.35
MCH8633,  Pillai-Lata  ,5912,Medical,INDIVIDUAL,amritsar,Punjab,2025/04/02,6437885672,A,1325.55
mch4515,Memon-Upadhyay,4131,transprt,SOLE_PROPRIETOR,Lucknow,Uttar Pradesh,2024-04-03 17:37:57,,Enabled,"INR 2,435.25"
MCH 1058,"Vyas,VirkandDatta",05311,DEPT_STORE,partnership,Poona,Maharashtra,20-Jan-2023,XXXX0826,A,"INR 1,504.39"
mch1541,Chopra LLC,MCC-5311,DEPT_STORE,PRIVATE-LIMITED,Chennai,Tamil Nadu,2023/10/31,XXXX8788,Enabled,-2438.12
MCH8505,"Dora, Bhatia and Bhatia",5411,GROCERY_STORE,Partnership,amritsar,Punjab,05-17-2023,SAIK5515592782318,Live,"₹2,376.66"
5064,Pandey-Sangha,5699.0,CLOTHS,sole_proprietor,Bangalore,Karnataka,2023/12/31,XXXX3296,Enabled,"2,028.77"
MCH6839,  Kapoor-Dubey  ,04814,Telecom,PARTNERSHIP,Dilli,Delhi,13-Oct-2024,,Inactive,"₹2,336.23"
MCH 6545,  Garg PLC  ,5699,Fashion,PARTNERSHIP,ludhiana,Punjab,2024/02/20,NA,A,"INR 1,653.52"
MCH8059,Kapadia PLC,4814,TELECOM,SOLE_PROPRIETOR,Bombay,Maharashtra,2023/06/05,,INACTIVE,263.96
MCH6831,Kurian and Sons,4131,Transportation,private_limited,Pune,Maharashtra,08-Sep-2024,NA,Active,350.65
MCH4630,bhandari group,7011,Hotel,PARTNERSHIP,HYDERABAD,Telangana,2025-07-13 12:30:35,GJVT8091874035086,Closed,
4148,"Wali, Babu and Tank",4814,phone service,Partnership,Jaipur,Rajasthan,08-Jan-2023,PUUF6382776692306,Live,"₹2,368.62"
MCH2395,Dara-Natarajan,5999,Misc Retail,private_limited,Jalandar,Punjab,,7691266983,Enabled,-1204.29
MCH-4047,KAUL-BARAD,5311,DEPT_STORE,Sole Proprietor,Mumbay,Maharashtra,13/05/2025,XXXX0729,Live,986.5
MCH6469,"Bahl, Barad and Dhillon",5311,Department Store,Private Limited,Chennai,Tamil Nadu,10/02/2025,,Live,-931.21
MCH1142,"Master, Soni and Kapadia",MCC-4814,phone service,SOLE_PROPRIETOR,Chennai,Tamil Nadu,2024-10-06 12:07:57,4563871051,Live,₹252.13
MCH5236,"More, Luthra and Deol",5999,Retail Other,Partnership,amritsar,Punjab,11-Feb-2023,NA,A,1110.58
MCH9080,Sarraf Group,4814,TELECOM,PRIVATE_LIMITED,jalandhar,Punjab,2023-09-06 11:01:24,ZYKY9821545261930,Enabled,-2602.3
mch8794,Mani-Zachariah,5411,Grocery,Partnership,BLR,Karnataka,2026-01-04 01:33:25,AKYW5964261838493,I,"₹6,393.53"
MCH4208,devi-mangal,5942,Book Store,SOLE_PROPRIETOR,Ludhiana,Punjab,2025-08-27 16:16:44,,ACTIVE,"INR 1,564.41"
MCH-2754,"Lata,WadhwaandParsa",5812.0,Restaurant,sole_proprietor,bengaluru,Karnataka,2023/06/11,,A,11880.54
MCH2709,"Iyengar, Dugar and Chacko",7011,HOTEL_LODGING,PRIVATE_LIMITED,Jaipur,Rajasthan,2023-09-16 04:28:40,XXXX4012,Enabled,"₹2,413.11"
MCH4289,singhal-dasgupta,NA,Fashion,PARTNERSHIP,Bengaluru,Karnataka,02-17-2025,ZEDE0222029565689,Enabled,-809.48
5914,"Agarwal, Pant and Ravi",5311,DEPT_STORE,private_limited,HYDERABAD,Telangana,2023-10-23 09:35:36,XXXX4508,Enabled,-1447.48
MCH3946,Dhar-Buch,5812,Food,PARTNERSHIP,DELHI,Delhi,1751437737,YGDI8437831559376,ACTIVE,"1,451.62"
MCH2402,  Dhillon Group  ,5912,Pharmacy,individual,Mumbay,Maharashtra,2024-02-12 07:15:12,IEQW6694363532348,ACTIVE,1477.89
MCH7604,"Varkey, Hayer and Ratti",5411,kirana,PARTNERSHIP,Chennai,Tamil Nadu,17/02/2025,XXXX6093,Active,868.52
mch3604,"  Shetty, Bali and Sama  ",5411,groceries,Partnership,Ludhiana,Punjab,1672794464,IQHJ3383226507557,Inactive,Rs. 394
MCH7919,mistry-bhatt,4814.0,phone service,Individual,LKO,Uttar Pradesh,01/04/2023,NA,A,563.19
7154,"Raj, Ram and Chokshi",5812,Food,private_limited,chennai,Tamil Nadu,05/11/2023 12:39 PM,,Enabled,₹242.80
mch8446,  Pingle Inc  ,5912,Pharmacies,individual,Jalandar,Punjab,02/11/2024 09:35 AM,IMWK0138526461627,INACTIVE,1069.0
MCH7138,Shere-Shankar,05411,Grocery Stores,sole_proprietor,Chennai,Tamil Nadu,1709808803,CDLC2524893044250,Live,"1,960.27"
MCH9040,  Sharma-Dubey  ,NA,Stationery,Sole Proprietor,JPR,Rajasthan,25/06/2023 10:52 AM,XXXX1697,Active,573.1
MCH-9393,Narasimhan Inc,4131,Transportation,PARTNERSHIP,Kolkata,West Bengal,2024-09-18 13:34:26,8072590742,ACTIVE,"Rs. 1,156"
mch3140,Sarraf-Viswanathan,4131,TRAVEL,PARTNERSHIP,Ludhiana,Punjab,07-30-2023,4937611894,S,"Rs. 1,614"
MCH3021,"HEGDE, KIBE AND GADE",4814,Mobile Recharge,PRIVATE-LIMITED,Kolkata,West Bengal,2023-09-13 19:33:51,,ACTIVE,
MCH5307,"Balan, Varughese and Dave",5812,Restaurants,partnership,Pune,Maharashtra,,SMCN8377573336751,Active,204.07
mch9906,sani-tailor,05311,Department Stores,PARTNERSHIP,Chennai,Tamil Nadu,2024/11/20,,A,"Rs. 3,953"
MCH6216,"Bhatti, Dass and Deshpande",05411,Grocery,individual,Ludhiana,Punjab,08/09/2024 01:01 AM,XXXX5234,Active,"₹1,325.06"
mch7987,Mangat-Sundaram,5912,Medical,individual,Chennai,Tamil Nadu,2023/02/25,XXXX1113,ACTIVE,-2275.51
MCH4652,Mistry Inc,5812,Restaurants,PRIVATE-LIMITED,ludhiana,Punjab,1721931889,0761661593,ACTIVE,3458.11
MCH1021,Naik-Karpe,5411,Grocery,sole_proprietor,mumbai,Maharashtra,1763315316,BPUY6277335937444,Enabled,"INR 2,341.57"
MCH8915,"  Chadha, Patil and Bose  ",4131,transprt,SOLE_PROPRIETOR,Jaipur,Rajasthan,2025/10/19,,A,-775.66
MCH 4000,"Dewan, Sunder and Bhakta",5411,groceries,private_limited,Calcutta,West Bengal,2023-06-25 20:40:27,KUHA3646516215943,Enabled,-3205.97
MCH4856,Gera-Nanda,5311,Retail,PRIVATE-LIMITED,Pune,Maharashtra,02-08-2024,2286237129,ACTIVE,Rs. 711
MCH8901,Narasimhan and Sons,MCC-4814,Mobile Recharge,Private Limited,Amritsar,Punjab,04/01/2024 05:23 AM,3421072904,Enabled,772.61
MCH-6939,Sampath Ltd,5999,misc retail,SOLE-PROPRIETOR,LKO,Uttar Pradesh,01/07/2025 11:23 AM,XXXX8052,Suspended,2962.51
MCH7442,"Tand0n, Tak and Mane",MCC-5699,Apparel,PARTNERSHIP,chennai,Tamil Nadu,2024/09/12,,Enabled,"1,620.41"
MCH-9101,Pal-Ramesh,NA,Transport,PARTNERSHIP,Pune,Maharashtra,2024-05-29 14:48:09,XXXX0762,Live,"Rs. 1,223"
MCH8363,Salvi Group,7011,HOTEL_LODGING,Sole Proprietor,Lucknow,Uttar Pradesh,20-Nov-2024,NA,Active,833.32
mch8511,Narain-Nori,5411,Grocery,PARTNERSHIP,kolkata,West Bengal,1680446112,NA,Active,4133.84
MCH-7945,"Barad, Wagle and Raju",5912,chemist,INDIVIDUAL,Ludhiana,Punjab,24/01/2023,EHNZ2779616653327,A,268.67
MCH 1221,Nadig-Ray,05942,Books,INDIVIDUAL,DELHI,Delhi,2024/12/22,7362492315,Active,Rs. 618
MCH9175,BHATT LTD,7011,Hospitality,SOLE-PROPRIETOR,BLR,Karnataka,27/04/2025 06:17 PM,2467254885,Active,INR 567.73
MCH3025,"Sachdeva, Bora and Hegde",04131,Transport,Private Limited,pune,Maharashtra,15/08/2024,3805315664,A,611.84
MCH2608,"Loyal, Ghosh and Gaba",05999,Other,individual,Hyd,Telangana,21-Mar-2025,ZBIP4363265097456,A,₹869.47
MCH9145,"Yadav, Bhatti and Atwal",4814,TELECOM,PARTNERSHIP,DELHI,Delhi,11-24-2025,NA,Enabled,INR 845.36
MCH2354,"TOOR, NAGI AND DARA",5912,Medical,sole_proprietor,pune,Maharashtra,2024-04-12 23:57:41,AIXG4946165098881,Enabled,"1,954.79"
MCH8069,MEMON INC,,Hotel,Individual,amritsar,Punjab,09/09/2023 08:32 PM,XXXX8900,Active,557.54
MCH3797,"Dhaliwal, Parekh and Dey",7011,HOTEL_LODGING,Partnership,Jalandhar,Punjab,2024/11/02,XXXX1096,SUSPENDED,
MCH4336,"Prasad, Bhagat and De",5411,groceries,Partnership,Hyderabad,Telangana,22/05/2023,FQWT9362753717033,ACTIVE,614.99
MCH5257,Kara-Sibal,4814,TELECOM,individual,Bengaluru,Karnataka,,WHEV2991802850485,ACTIVE,"1,601.92"
MCH4971,"Gopal, Jayaraman and Narayan",5942,Book Store,INDIVIDUAL,LKO,Uttar Pradesh,20/11/2024 07:33 AM,,A,INR 650.74
MCH4736,"Jani, Chaudhry and Chaudhuri",4131,Transportation,Individual,delhi,Delhi,06-Jul-2025,NA,Live,
MCH9858,Nayar Group,7011,Hotel,sole_proprietor,Poona,Maharashtra,23/11/2024 05:57 PM,,Active,648.23
MCH-2649,  Pandya PLC  ,,kirana,individual,pune,Maharashtra,2025/05/31,XXXX1050,Active,6206.32
MCH5496,Dar PLC,5912,chemist,Sole Proprietor,jalandhar,Punjab,01/03/2023 12:43 AM,,ACTIVE,374.06
MCH5219,"PRAKASH, AMBLE AND MUKHOPADHYAY",7011,Hospitality,sole_proprietor,Jaipur,Rajasthan,2024-06-21 13:59:32,NA,ACTIVE,-2597.41
MCH-7190,Som-Kibe,5699.0,CLOTHS,PRIVATE-LIMITED,lucknow,Uttar Pradesh,1681025089,,Enabled,2254.41
MCH1515,"MALL, KARA AND SASTRY",MCC-5699,CLOTHS,PARTNERSHIP,HYDERABAD,Telangana,2024/07/19,9073071658,Live,
MCH4972,Prabhu-Murty,MCC-5812,Food,Partnership,amritsar,Punjab,2023-05-01 04:53:55,YKBG1517599142176,A,-327.77
MCH4197,Chaudry Group,5912,Pharmacy,Private Limited,Pune,Maharashtra,,UHGU5811611698099,Live,"₹4,814.44"
MCH2676,Subramanian Inc,MCC-5912,medical_store,PARTNERSHIP,Calcutta,West Bengal,01/04/2025,2515678335,Active,1679.3
MCH 5503,Suri Ltd,4131,transprt,private_limited,kolkata,West Bengal,30/08/2024 06:32 PM,NA,ACTIVE,2446.68
MCH5799,"Sankaran, Kadakia and Banerjee",7011,Hotels,PARTNERSHIP,Amritsar,Punjab,2026/01/26,NA,Active,"INR 1,412.02"
MCH9716,"Kadakia, Mishra and Ba1i",05812,Restaurants,PRIVATE_LIMITED,Lucknow,Uttar Pradesh,09/09/2023 01:40 PM,4695594803,Enabled,-1762.09
MCH 5164,"Yohannan,SahniandBasak",,Department Store,INDIVIDUAL,Mumbay,Maharashtra,2023/09/01,8938397659,I,830.61
MCH-3072,"Bhargava, Shan and Char",5812,Restaurants,Private Limited,Jalandhar,Punjab,24/11/2025,TOQS1924554113450,A,"₹2,675.68"
MCH5995,Palla Group,5812,Restaurants,INDIVIDUAL,kolkata,West Bengal,12/06/2023,TCYK9099122126833,A,
MCH6827,Mangat and Sons,5912,chemist,SOLE-PROPRIETOR,Jalandar,Punjab,,4120235225,Enabled,1859.4
7098,"Bora, Char and Dube",7011,Hospitality,PRIVATE_LIMITED,BLR,Karnataka,24/09/2024,NA,Enabled,"Rs. 2,947"
MCH9772,"Memon, Virk and Mital",,Food,Individual,amritsar,Punjab,,NA,ACTIVE,2402.93
MCH3880,Raja and Sons,05912,Medical,private_limited,JPR,Rajasthan,,NA,Live,641.53
MCH4228,"SINGHAL, BHASIN AND KAUL",5699,CLOTHS,Private Limited,ASR,Punjab,23-May-2025,6707310647,Active,896.57
MCH9439,Jani LLC,5411,Grocery,SOLE_PROPRIETOR,BLR,Karnataka,02-24-2024,2073250929,ACTIVE,INR 275.02
MCH3139,Arya-Rau,7011,Hospitality,sole_proprietor,Kolkata,West Bengal,05-17-2024,NA,Live,10507.41
mch1578,gala ltd,5999,Miscellaneous,INDIVIDUAL,BLR,Karnataka,13/04/2023,NA,ACTIVE,446.42
mch9403,"Bains,BanerjeeandBansal",MCC-7011,Hotels,partnership,MUMBAI,Maharashtra,22/02/2025 04:11 PM,,Inactive,1838.83
MCH7355,"Raval, Goswami and Sem",4814,Mobile Recharge,PRIVATE-LIMITED,Pune,Maharashtra,12-29-2023,NA,Enabled,"2,675.45"
mch7408,Bala Group,,Retail Other,Private Limited,HYDERABAD,Telangana,13/01/2026,CMJA0173542788867,ACTIVE,"1,032.22"
MCH3382,Walla-Rau,5311,DEPT_STORE,INDIVIDUAL,Bombay,Maharashtra,,,Hold,2452.74
MCH5036,Dutt-Nagy,5812,Restaurants,individual,New Delhi,Delhi,15/03/2023 12:48 AM,NA,A,"Rs. 1,947"
MCH2862,Bhasin Group,5699,garments,Partnership,JPR,Rajasthan,2023/07/20,FHYX9050690414655,Active,544.80
MCH8501,Koshy-Mukherjee,7011,Hotels,partnership,HYDERABAD,Telangana,21-Aug-2023,,Active,"3,180.80"
7852,"Kapadia, K0nda and Luthra",UNKNOWN,Hotel,sole_proprietor,Chennai,Tamil Nadu,1683871986,XXXX7199,Hold,4401.63
MCH6257,"Parsa, Rana and Raja",5812,FOOD_SERVICES,partnership,BLR,Karnataka,28/03/2023 08:34 PM,0948269604,A,2744.98
MCH1406,Parmer-Goswami,7011,Hotels,Private Limited,bengaluru,Karnataka,11-Jul-2024,XXXX3050,Live,2632.53
9914,nayar group,5311,DEPT_STORE,INDIVIDUAL,amritsar,Punjab,26/05/2024 03:30 AM,PBUY1561698017263,A,5811.91
MCH-5676,"BHATTI, CHAHAL AND MISHRA",5311,Retail,INDIVIDUAL,jalandhar,Punjab,1752558320,9996182575,A,₹744.63
MCH2894,NORI-KURIAN,5812,Restaurants,partnership,Lucknow,Uttar Pradesh,12-15-2024,RJBD4464019057563,Blocked,-2634.83
MCH 8419,Nigam Inc,4814,phone service,sole_proprietor,ASR,Punjab,10/01/2025 08:52 AM,WLCE4900884368712,Live,₹462.51
MCH9266,Chatterjee Group,5411,GROCERY_STORE,SOLE_PROPRIETOR,Bengaluru,Karnataka,,XXXX2510,Suspended,726.18
MCH8900,Murthy-Vala,5699,Apparel,partnership,Calcutta,West Bengal,27-Sep-2024,PZJY7011608000971,Live,₹314.81
MCH 5356,  Rege LLC  ,5411,GROCERY_STORE,SOLE_PROPRIETOR,LDH,Punjab,02/10/2024,,I,917.24
MCH8999,  Babu and Sons  ,7011,Hospitality,PRIVATE-LIMITED,Jaipur,Rajasthan,19-Feb-2023,6301987055,ACTIVE,"Rs. 1,204"
MCH9813,MENON GROUP,NA,Retail Other,individual,DELHI,Delhi,01-06-2026,XXXX6379,SUSPENDED,12265.27
MCH1817,"Mohanty, Behl and Rao",4131,Transport,INDIVIDUAL,Poona,Maharashtra,23-Jul-2025,,I,"₹2,347.62"
MCH5687,"Prasad, Tank and Char",04131,Transport,individual,ludhiana,Punjab,,XXXX6544,A,₹487.38
MCH6376,"Naik, Dhillon and Sama",5942,Books,partnership,Jalandar,Punjab,20/01/2024,KHDL5323426037616,Live,2593.39
MCH6980,sarna-rajagopal,5999,Misc Retail,PARTNERSHIP,jalandhar,Punjab,2024-02-13 12:55:41,,Enabled,5229.33
mch7493,Sachdeva-Pillai,5699,CLOTHS,Private Limited,Kolkata,West Bengal,18/01/2026 08:12 PM,1151514873,Inactive,₹203.44
MCH2314,"  Tank, Bera and Dash  ",misc,Food,SOLE_PROPRIETOR,kolkata,West Bengal,01/02/2023 01:03 AM,NA,Active,"INR 2,905.93"
MCH5019,"Sah0ta, Rama and Rama",05912,Pharmacy,Partnership,LKO,Uttar Pradesh,2025/07/27,XXXX3502,Enabled,Rs. 955
MCH3895,Wable-Sarna,,Hotels,PRIVATE_LIMITED,jaipur,Rajasthan,2024/06/20,,Closed,₹797.39
MCH9909,"Gade, Tiwari and Solanki",5699,CLOTHS,INDIVIDUAL,pune,Maharashtra,23/08/2024,XXXX1254,Active,2922.02
MCH6188,Balay LLC,MCC-7011,HOTEL_LODGING,partnership,Pune,Maharashtra,1682851070,7260180361,Enabled,"Rs. 3,749"
MCH4441,"Sachdev, Doctor and Subramanian",5311,Department Store,partnership,Chennai,Tamil Nadu,2023/06/08,6376514375,Closed,3222.79
MCH-7996,Bhargava LLC,5912,Medical,PRIVATE-LIMITED,Amritsar,Punjab,18-Dec-2024,BYTJ9061277350740,Disabled,-830.56
MCH1514,"Lata, Raja and Parsa",5311,Retail,PRIVATE_LIMITED,jalandhar,Punjab,2024-06-14 17:26:04,XXXX1457,Enabled,553.18
MCH1661,Mani-Jayaraman,5812,eating place,PRIVATE-LIMITED,HYDERABAD,Telangana,2024-09-16 22:00:20,XXXX6928,Live,813.04
MCH4356,"Basak, Sur and Sundaram",UNKNOWN,Telecom,Partnership,Dilli,Delhi,07-22-2024,,A,"Rs. 1,661"
MCH6708,Soman and Sons,5912,MEDICAL_STORE,private_limited,LDH,Punjab,2025/06/03,9694442119,Enabled,Rs. 957
MCH6257,"Ba1i, Ahuja and Natarajan",4131,transprt,Individual,DELHI,Delhi,27/11/2025,,Hold,"Rs. 1,050"
MCH6731,dhar llc,5311,Department Stores,private_limited,Calcutta,West Bengal,03/11/2023 06:37 PM,,Live,"1,373.69"
MCH8187,"Chada, Mammen and Lanka",04131,TRAVEL,sole_proprietor,LDH,Punjab,03-Jun-2025,3255945345,Enabled,Rs. 671
MCH-7720,"  Gulati, Kothari and Mital  ",7011,Hotels,sole_proprietor,Poona,Maharashtra,2025/02/21,NA,Enabled,INR 501.87
MCH3610,"Deo, Krish and Lanka",05699,Apparel,PRIVATE_LIMITED,Madras,Tamil Nadu,1736248689,3505089399,A,
MCH5420,Sahni-Ghosh,7011,Hotel,sole_proprietor,kolkata,West Bengal,26/09/2025 09:42 PM,1296057901,Enabled,1993.6
MCH7552,SOM AND SONS,MCC-4814,Telecom,SOLE-PROPRIETOR,pune,Maharashtra,21/07/2025,4455888078,A,1934.0
MCH 9918,Lanka-Oommen,05411,Grocery,Private Limited,amritsar,Punjab,08-Feb-2023,,Live,562.01
MCH2546,Kant Group,UNKNOWN,MEDICAL_STORE,SOLE_PROPRIETOR,Amritsar,Punjab,04/04/2025,VVGC5802490491946,Active,"₹4,120.12"
MCH7178,Devan and Sons,5411.0,GROCERY_STORE,Sole Proprietor,kolkata,West Bengal,2023/11/11,,Closed,758.21
MCH 5376,"Narayanan, Palla and Tripathi",MCC-4814,phone service,Sole Proprietor,ludhiana,Punjab,14/08/2025,IUFK0088105725528,ACTIVE,2169.37
MCH2857,Bhattacharyya Inc,4131,transprt,private_limited,Jalandar,Punjab,13-Jul-2025,AFIK7241528245690,Active,4557.38
MCH7419,Minhas Inc,5699.0,Clothing,INDIVIDUAL,Bengaluru,Karnataka,2023/05/03,IRMQ2437668083455,A,
MCH 4127,Subramaniam-Jhaveri,4131,Bus/Taxi,Sole Proprietor,JPR,Rajasthan,22/05/2024,XXXX1628,Enabled,"5,333.88"
MCH5265,Natt-Munshi,05411,Grocery Stores,PRIVATE_LIMITED,Poona,Maharashtra,22/07/2024,4213217107,Enabled,2606.12
MCH6043,Saran-Rai,5411,groceries,Private Limited,jaipur,Rajasthan,17/11/2025,,A,2845.67
MCH2956,"wali, khatri and mistry",4814,Mobile Recharge,Sole Proprietor,Lucknow,Uttar Pradesh,02/06/2025,3651063150,INACTIVE,"INR 4,934.63"
MCH 4419,  Gill-Ratta  ,5912.0,medical_store,SOLE-PROPRIETOR,JPR,Rajasthan,15/09/2024 02:40 PM,ETZF4377515836271,Active,"INR 1,442.51"
MCH7737,Pal-Rama,5311,DEPT_STORE,Partnership,ludhiana,Punjab,01-09-2023,XXXX1213,ACTIVE,"1,196.31"
MCH1060,Sampath-Dora,misc,Restaurants,PARTNERSHIP,Jalandar,Punjab,27/07/2023 03:57 AM,NA,Enabled,2594.73
mch5000,Lad Group,5999,Miscellaneous,private_limited,Kolkata,West Bengal,1736098010,,Enabled,-341.11
MCH8281,Krishnan-Kuruvilla,7011,Hotels,individual,Madras,Tamil Nadu,2024-01-16 23:49:43,5487927446,ACTIVE,-1408.93
MCH4301,Thakur Inc,MCC-5942,BOOKS_STATIONERY,partnership,New Delhi,Delhi,2023-04-29 06:39:16,,Active,"Rs. 4,449"
MCH4459,"Gola, Dara and Anne",05411,Grocery Stores,PRIVATE_LIMITED,ASR,Punjab,20/10/2024 04:40 PM,2438786419,Live,
MCH3433,"  Pathak, Sathe and Rama  ",5411,GROCERY_STORE,PRIVATE-LIMITED,kolkata,West Bengal,2025/12/22,XXXX0746,I,"Rs. 3,697"
MCH9494,Sama Group,4814,TELECOM,INDIVIDUAL,BLR,Karnataka,1698814659,9680001784,Enabled,-1540.07
MCH9749,Virk Ltd,misc,Transport,Private Limited,Pune,Maharashtra,05-24-2023,7433630126,Enabled,"Rs. 4,831"
MCH4172,"khosla, tak and mahajan",5912.0,MEDICAL_STORE,PARTNERSHIP,kolkata,West Bengal,23/03/2024,NA,Active,1964.28
MCH6513,Ch0pra-Kannan,05699,Fashion,SOLE-PROPRIETOR,Pune,Maharashtra,12-11-2024,XXXX5329,Live,INR 240.80
MCH9821,Natt-Kibe,5699,Fashion,PRIVATE-LIMITED,Madras,Tamil Nadu,2025/05/03,XXXX1748,Live,"₹4,072.48"
MCH1796,Kohli-Nagar,5942.0,Books,Individual,amritsar,Punjab,07-20-2024,,Enabled,741.16
MCH9913,Das Ltd,4814.0,phone service,Partnership,lucknow,Uttar Pradesh,2024/08/10,,Live,442.64
mch1032,Manda-Hayer,7011,Hotels,PARTNERSHIP,amritsar,Punjab,20/04/2025,XXXX4099,Active,INR 674.56
MCH1054,  Cheema Ltd  ,5311,Department Store,PRIVATE-LIMITED,Pune,Maharashtra,2023/05/27,NA,Active,INR 868.09
MCH 7032,"Mangat, Naik and Kakar",7011,Hotels,private_limited,ASR,Punjab,01-09-2023,NA,Live,
mch3666,Gera-Ranganathan,MCC-4131,Transport,PARTNERSHIP,Jaipur,Rajasthan,2023/04/12,NA,A,243.55
MCH8581,"Sundaram, Sekhon and Andra",7011,Hotel,partnership,Jalandar,Punjab,14/11/2024,,Active,INR 953.97
MCH5747,"NARASIMHAN, DOSHI AND PALL",5812.0,Food,PRIVATE-LIMITED,Calcutta,West Bengal,05/08/2025,XXXX9034,Live,"4,280.12"
MCH-4220,GOPAL-DARA,05699,Apparel,Individual,bengaluru,Karnataka,2025-10-02 13:08:23,,Active,₹532.47
MCH2149,"DAS, ROY AND SRIDHAR",04131,Transportation,INDIVIDUAL,Jalandar,Punjab,16/05/2024,NA,Active,
mch8073,"Chaudhary, Nori and Aggarwal",4814,TELECOM,PRIVATE_LIMITED,Bombay,Maharashtra,04/08/2023,UFCA0209377639619,ACTIVE,2535.65
MCH1739,Joshi Group,,Book Store,Individual,LDH,Punjab,2024-08-31 19:16:02,IRPP9017025863509,I,
MCH1676,"Palla, Gupta and Narain",4814,Telecom,Sole Proprietor,Jalandar,Punjab,2025-11-27 17:23:23,,Live,750.53
MCH5040,Oza-Gulati,5699,garments,PARTNERSHIP,mumbai,Maharashtra,,,Active,"1,665.61"
MCH8999,"panchal, aurora and kamdar",5311,Department Store,private_limited,LKO,Uttar Pradesh,1698212240,XXXX8730,Live,
2249,Konda Ltd,05411,Grocery,private_limited,Calcutta,West Bengal,2023-10-28 17:22:02,IPUT2600707533349,Live,"Rs. 1,258"
MCH8355,Chacko-D’Alia,5311,Department Stores,PRIVATE_LIMITED,Bangalore,Karnataka,08-14-2024,ZJXY9541779110030,Disabled,413.17
MCH5644,Prabhu-Chaudhry,5699,Clothing,individual,Hyderabad,Telangana,09/05/2025 08:50 PM,ZHTO8764288741052,A,-2643.86
MCH4051,Sharma-Viswanathan,4131,Transport,INDIVIDUAL,DELHI,Delhi,23/02/2025,,Live,"INR 1,135.12"
4102,Oza-Sarna,5699,Clothing,INDIVIDUAL,New Delhi,Delhi,20/01/2025,1096969735,ACTIVE,"₹1,950.82"
mch8911,Bava LLC,5942,Books,Sole Proprietor,Hyd,Telangana,14/06/2025 08:41 AM,NA,Enabled,"INR 3,342.77"
7914,Grover-Karnik,4814,TELECOM,sole_proprietor,JPR,Rajasthan,30-Nov-2023,,Active,"1,922.54"
MCH 5973,Biswas-Dass,5699,Fashion,SOLE_PROPRIETOR,LKO,Uttar Pradesh,25-Nov-2025,XXXX1507,Live,
MCH2077,KARA PLC,5812,eating place,INDIVIDUAL,amritsar,Punjab,15/11/2025 02:48 AM,XXXX1473,Active,239.1
MCH3424,Tandon-Raja,5411,Grocery Stores,PRIVATE-LIMITED,Pune,Maharashtra,08-09-2023,LJDU7390595746498,Closed,"INR 1,643.97"
MCH5079,Ramaswamy-Trivedi,05311,DEPT_STORE,Private Limited,BLR,Karnataka,2024/07/01,MSIB5848944508855,Hold,549.02
MCH 2674,Mistry and Sons,MCC-5942,BOOKS_STATIONERY,Sole Proprietor,HYDERABAD,Telangana,,XXXX8847,Enabled,INR 569.39
MCH1229,"Sen, Dewan and Tripathi",5942,Stationery,PRIVATE-LIMITED,ASR,Punjab,2025/02/19,JECT9983029325791,Active,"INR 2,028.74"
MCH7137,Nanda-Nazareth,4814,Telecom,PRIVATE-LIMITED,Pune,Maharashtra,09/02/2025,NA,Live,"₹1,165.18"
MCH6990,Apte-Choudhary,4131,transprt,partnership,Bangalore,Karnataka,05/05/2023,,Enabled,3342.47
MCH-3913,Tank-Pathak,5311.0,Department Stores,INDIVIDUAL,jalandhar,Punjab,,NA,Enabled,"₹2,215.86"
MCH-7469,Dua LLC,5812.0,Restaurants,SOLE_PROPRIETOR,pune,Maharashtra,,0464385224,INACTIVE,"Rs. 1,848"
MCH7749,Nigam Inc,NA,phone service,PRIVATE-LIMITED,Pune,Maharashtra,01-23-2023,STDX5070330242192,A,7003.66
MCH1787,JOHAL AND SONS,5942,BOOKS_STATIONERY,SOLE_PROPRIETOR,Madras,Tamil Nadu,04-09-2024,8096098187,ACTIVE,"₹1,495.88"
mch6815,"Borra, Talwar and Jha",4814.0,Telecom,PARTNERSHIP,Jalandar,Punjab,,0561076238,Enabled,750.82
mch1039,Lal-Barad,4814,TELECOM,SOLE_PROPRIETOR,LKO,Uttar Pradesh,28/07/2025 12:43 AM,NA,Active,"INR 3,062.03"
MCH7508,Garg-Deo,5942,Books,partnership,Amritsar,Punjab,2024/11/15,XXXX5011,Active,"₹1,956.49"
MCH4434,Andra and Sons,5999,Other,Private Limited,ludhiana,Punjab,2025-02-21 00:35:17,NA,ACTIVE,Rs. 233
mch7354,"CHATTERJEE, SARNA AND HANDA",,Fashion,Sole Proprietor,Bengaluru,Karnataka,2023-10-13 16:44:55,,Active,Rs. 728
MCH2296,Buch Ltd,4131,Bus/Taxi,PARTNERSHIP,ludhiana,Punjab,2023-06-19 12:35:26,XXXX9780,ACTIVE,8012.35
mch8768,"Rout, Dixit and Malhotra",7011,Hotel,PRIVATE-LIMITED,jalandhar,Punjab,2024/06/05,,Disabled,₹556.74
MCH6233,Vohra Ltd,5942,Books,PARTNERSHIP,DELHI,Delhi,02-26-2026,NA,Live,2389.79
MCH2327,KIBE-CHAR,5812,food,PARTNERSHIP,HYDERABAD,Telangana,09/10/2025,XXXX0303,Active,₹848.32
MCH3079,"Bobal, Balay and Batra",7011,Hotel,Private Limited,Bengaluru,Karnataka,,XXXX1002,Enabled,486.3
MCH3552,"morar, ahuja and ravel",5942,Stationery,sole_proprietor,pune,Maharashtra,08-03-2024,4264827743,ACTIVE,"Rs. 8,846"
MCH5362,"Date, Gandhi and Bath",05942,BOOKS_STATIONERY,partnership,delhi,Delhi,27/03/2023 02:31 PM,XXXX8502,A,
9018,Zacharia and Sons,5942,Stationery,individual,BLR,Karnataka,06-Mar-2024,,Enabled,₹594.92
8288,Kakar-Sood,5311,Department Store,PRIVATE-LIMITED,BLR,Karnataka,2024/05/04,1654192370,Active,"INR 1,556.66"
MCH 2177,Ramakrishnan Inc,5411,groceries,individual,JPR,Rajasthan,1697228847,UGOR9246572099156,A,"1,755.18"
MCH5042,Nagi-Raja,,Pharmacies,INDIVIDUAL,kolkata,West Bengal,1714043621,3533096055,Active,3524.4
MCH5339,"vaidya, hari and mistry",5999,Other,INDIVIDUAL,Delhi,Delhi,2024/08/07,5298779846,Active,514.42
mch2268,"  Verma, Aurora and De  ",5999,Miscellaneous,PRIVATE-LIMITED,jalandhar,Punjab,,NBDA6083922141930,Active,995.42
MCH-9706,"Mohan, Sahni and Doctor",5699,garments,PARTNERSHIP,Lucknow,Uttar Pradesh,26/10/2023,NA,A,
MCH3122,"TOOR, KUNDA AND MUNSHI",5942,Stationery,partnership,Mumbay,Maharashtra,14/04/2025 09:07 PM,3432360123,Active,₹797.24
MCH-2719,"SOOD, CHACKO AND CHAUDRY",4131,Transport,partnership,Mumbai,Maharashtra,04/04/2024,,Live,3699.12
MCH7558,Bandi-Khanna,5999,Other,Partnership,BLR,Karnataka,2025/05/19,NA,Enabled,"1,002.06"
mch9004,"Nigam, Hegde and Sura",5912,Pharmacies,PARTNERSHIP,Hyd,Telangana,,,Inactive,926.37
MCH 1428,De-Natarajan,4131,Transportation,individual,Mumbai,Maharashtra,2025/12/30,IPNL0786549644750,ACTIVE,"Rs. 1,289"
MCH5955,"Rana, Mangat and De",4814,Mobile Recharge,SOLE-PROPRIETOR,Kolkata,West Bengal,02-05-2025,XXXX7902,Live,"INR 1,491.64"
MCH 6667,Konda-Jain,05912,Pharmacy,Sole Proprietor,Hyderabad,Telangana,16/10/2024,NA,A,2831.62
MCH3189,Walla-Sawhney,4814.0,Telecom,partnership,BLR,Karnataka,14-May-2024,8245733998,Active,
MCH2486,"Mohanty, Iyer and Sharma",7011,HOTEL_LODGING,Individual,chennai,Tamil Nadu,23/10/2023 09:00 PM,FCPB2927426048520,A,"Rs. 2,266"
MCH9457,"Rege, Kalita and Sibal",,Hotel,Partnership,HYDERABAD,Telangana,,,Enabled,"INR 3,319.89"
MCH7387,Lad-Comar,5812,Restaurant,Sole Proprietor,jalandhar,Punjab,1740455072,DFES3088920437736,ACTIVE,"INR 4,968.31"
MCH 7891,BAKSHI PLC,5411,Grocery Stores,Individual,Bangalore,Karnataka,02/03/2024 08:11 PM,5025889978,Enabled,"INR 3,419.67"
mch2533,"Chana, Joshi and Saran",,Transport,Partnership,Lucknow,Uttar Pradesh,21-Nov-2023,NA,Active,Rs. 296
MCH2523,Sarma Inc,5999,Retail Other,INDIVIDUAL,Kolkata,West Bengal,09-05-2025,,Enabled,"₹2,146.62"
MCH2612,Vala Ltd,7011,Hotels,sole_proprietor,lucknow,Uttar Pradesh,08-11-2023,,A,
MCH2473,Lanka Inc,MCC-5942,Books,individual,Bengaluru,Karnataka,20/01/2025 01:42 AM,7620940119,Enabled,1883.19
MCH9790,Kumar-Dua,4814,Mobile Recharge,sole_proprietor,Calcutta,West Bengal,09-Dec-2024,XXXX3101,Enabled,375.28
MCH4778,wali llc,4131,Transportation,Private Limited,Lucknow,Uttar Pradesh,2025/01/02,DJNF3001962539740,Enabled,1242.33
MCH6857,Barad and Sons,7011,Hotel,partnership,Jalandar,Punjab,2025-09-24 12:38:27,8351493566,Active,"INR 2,452.63"
MCH1940,Ravel Inc,MCC-4814,Mobile Recharge,Sole Proprietor,chennai,Tamil Nadu,09-17-2025,,Disabled,1112.95
7715,Tata-Borah,5999,Retail Other,private_limited,Kolkata,West Bengal,06/10/2025,XXXX1003,Closed,1652.04
mch6930,dhingra plc,4131,transprt,SOLE-PROPRIETOR,kolkata,West Bengal,12-26-2025,0573344250,A,
MCH5422,sawhney llc,misc,Fashion,Sole Proprietor,Calcutta,West Bengal,08/08/2024,MLTB5743748396701,Live,866.35
mch4312,Dada-Hari,5699,CLOTHS,SOLE_PROPRIETOR,LDH,Punjab,17-Feb-2024,XXXX5151,Live,"2,174.33"
MCH6498,"Banik, Nadig and Mann",5812,eating place,individual,Ludhiana,Punjab,30/10/2024 12:59 AM,NA,ACTIVE,"1,076.60"
MCH1969,Gole LLC,4131,TRAVEL,PRIVATE-LIMITED,Chennai,Tamil Nadu,,URWV6656600871469,ACTIVE,-6707.89
MCH2471,"Pillai, Chopra and Modi",7011,Hotel,PRIVATE_LIMITED,New Delhi,Delhi,,QSMG3289733481830,ACTIVE,606.04
mch6004,Raval and Sons,5812,eating place,Partnership,Bangalore,Karnataka,20/10/2025 12:33 PM,,ACTIVE,477.72
MCH6825,Biswas-Nadig,5999,Other,sole_proprietor,Jalandhar,Punjab,12/10/2023 10:16 AM,FNXI2179536432243,Hold,872.49
7446,"SAMI, NARAYAN AND ROY",05942,BOOKS_STATIONERY,PARTNERSHIP,ludhiana,Punjab,2023/02/08,,INACTIVE,6191.17
MCH4685,Mukhopadhyay-Cheema,,Books,private_limited,Chennai,Tamil Nadu,1690025508,3857368814,SUSPENDED,
MCH4496,"Pandya, Bhalla and Malhotra",4814,Telecom,PARTNERSHIP,JPR,Rajasthan,23/07/2025 09:17 AM,6668375188,Live,
MCH7371,"  Anand, Bains and Parmer  ",MCC-5311,Department Store,partnership,lucknow,Uttar Pradesh,2023-04-13 04:10:55,3361678460,ACTIVE,-1724.45
mch5809,Virk-Peri,5942,Stationery,INDIVIDUAL,jaipur,Rajasthan,25/07/2023 09:05 AM,7094756781,Inactive,1513.53
MCH8174,Bera Group,5311,Department Stores,private_limited,pune,Maharashtra,2023-12-23 04:06:09,XXXX5992,Enabled,"1,502.14"
MCH9287,"Datta, Virk and Arya",MCC-5999,Misc Retail,Individual,amritsar,Punjab,21/09/2025,XXXX9129,Active,636.69
MCH5298,  Keer and Sons  ,5999,Miscellaneous,PARTNERSHIP,bengaluru,Karnataka,,,Disabled,600.45
mch6285,Kumer-Mane,MCC-7011,Hotel,PRIVATE-LIMITED,Bengaluru,Karnataka,2024/10/01,,Active,567.98
MCH8926,Ramesh-Mukhopadhyay,5912,Medical,SOLE-PROPRIETOR,Dilli,Delhi,16-Jan-2024,3730788940,Enabled,"INR 5,318.08"
MCH4610,"Barad,ChandaandRana",5942.0,BOOKS_STATIONERY,Private Limited,HYDERABAD,Telangana,12-23-2024,3247180851,Enabled,"₹2,989.03"
MCH3156,"Bal, Deo and Kala",5999,Miscellaneous,partnership,lucknow,Uttar Pradesh,,8908434715,ACTIVE,"Rs. 2,486"
MCH3988,Barad-Bawa,7011,HOTEL_LODGING,Individual,amritsar,Punjab,20/11/2023,XXXX1285,Active,INR 602.31
mch3044,Gupta PLC,5942,Stationery,sole_proprietor,BLR,Karnataka,27/04/2023,NA,Inactive,INR 582.54
MCH9609,Mohanty LLC,UNKNOWN,Books,partnership,MUMBAI,Maharashtra,23/02/2025,2458956606,Enabled,-503.9
MCH9769,Yogi-Dixit,5411,Grocery Stores,private_limited,amritsar,Punjab,,ITST4174155209610,Hold,"₹1,299.88"
MCH8024,"  Basu, Magar and Venkatesh  ",,TELECOM,INDIVIDUAL,Hyd,Telangana,13/09/2025 11:45 PM,,Enabled,"1,611.07"
MCH7623,Pandya LLC,,Stationery,PARTNERSHIP,Bombay,Maharashtra,23-Jan-2026,XXXX7491,Enabled,₹701.06
MCH2378,"Rau, Pradhan and Bansa1",5411,kirana,INDIVIDUAL,LKO,Uttar Pradesh,2024-02-09 01:00:15,8007526864,Active,"Rs. 6,158"
MCH 5720,Karnik Group,MCC-5942,Books,PARTNERSHIP,amritsar,Punjab,28/10/2023,9007561693,A,6186.34
MCH3263,Barman Inc,,BOOKS_STATIONERY,PARTNERSHIP,Kolkata,West Bengal,2024/12/24,XXXX0034,ACTIVE,-2889.21
MCH1071,"Keer, Roy and Narayanan",,Medical,sole_proprietor,JPR,Rajasthan,17-Apr-2025,4373595007,Enabled,619.21
MCH2647,Saha Inc,5999,Miscellaneous,PRIVATE_LIMITED,LKO,Uttar Pradesh,04-06-2023,,Enabled,"₹1,551.40"
MCH5320,Ramaswamy-Sarma,4814,Mobile Recharge,sole_proprietor,Hyderabad,Telangana,11/02/2025 02:58 AM,9234288178,ACTIVE,750.06
MCH7436,Mane-Trivedi,5912,MEDICAL_STORE,individual,Bengaluru,Karnataka,14-Sep-2024,,ACTIVE,-1384.27
MCH3077,  Warrior Ltd  ,4131.0,transprt,PARTNERSHIP,Kolkata,West Bengal,04-02-2023,,Active,1448.69
mch8025,"Karnik, Hayer and Khalsa",4814,phone service,PARTNERSHIP,LKO,Uttar Pradesh,14/08/2023 02:32 PM,4642162943,Live,"INR 1,781.41"
MCH2422,SAMPATH-BALASUBRAMANIAN,,phone service,PRIVATE-LIMITED,Bangalore,Karnataka,25/06/2025,7967511719,A,"INR 2,352.58"
MCH2766,Kanda-Brahmbhatt,MCC-5311,DEPT_STORE,sole_proprietor,Madras,Tamil Nadu,06-18-2025,5339281473,Active,1540.08
MCH9834,Pau Ltd,,Retail Other,PRIVATE_LIMITED,Jalandar,Punjab,07/12/2023,XXXX5411,Live,428.09
MCH5108,"Te11a, Naik and Rajag0pa1",7011,Hotels,PRIVATE_LIMITED,New Delhi,Delhi,2023-02-17 06:26:08,,A,1054.85
MCH4526,"Mittal, Saha and Puri",5699,Apparel,sole_proprietor,BLR,Karnataka,06-19-2025,NA,Enabled,893.38
MCH1664,Karan Ltd,4131,TRAVEL,PARTNERSHIP,Chennai,Tamil Nadu,02/06/2025,XXXX0248,Enabled,
MCH4643,Sandhu-Kakar,4131,transprt,PRIVATE-LIMITED,bengaluru,Karnataka,2024/03/30,,Enabled,551.11
MCH7248,Rajagopalan Group,7011,Hotels,Partnership,HYDERABAD,Telangana,2024/05/22,,ACTIVE,₹859.24
MCH2085,"Varma, Dua and Bhattacharyya",,BOOKS_STATIONERY,PARTNERSHIP,ASR,Punjab,2023-11-29 15:20:07,NA,Active,-4575.32
MCH5001,Narayan LLC,5812,eating place,Partnership,Poona,Maharashtra,2023/06/17,JVBH8016822587770,Live,"₹1,893.51"
MCH 9801,"Manda, Bansal and Devan",5812,Restaurant,PARTNERSHIP,Pune,Maharashtra,12/09/2025 12:49 AM,XXXX9062,Suspended,1106.68
MCH 7622,Agrawal-Yogi,4131,transprt,partnership,amritsar,Punjab,19-Oct-2025,,Active,-717.88
MCH2353,sood-vasa,5411,GROCERY_STORE,sole_proprietor,Mumbai,Maharashtra,24/01/2026 05:19 AM,NA,Enabled,"₹2,728.11"
MCH4989,din-bhatia,05912,chemist,SOLE-PROPRIETOR,Amritsar,Punjab,22/07/2024,8027810029,A,"₹2,169.45"
mch4006,"Guha, Bumb and Bora",,Transport,SOLE_PROPRIETOR,Jaipur,Rajasthan,05-02-2023,KYVL1514303273723,Active,"Rs. 2,379"
9289,Baria-Nagy,5999,Misc Retail,sole_proprietor,Chennai,Tamil Nadu,,NA,Enabled,620.71
MCH1041,Pat1a-S0m,,Fashion,private_limited,kolkata,West Bengal,04-21-2024,NA,Active,3701.53
MCH4914,BORA INC,,Department Store,SOLE-PROPRIETOR,jaipur,Rajasthan,05-12-2024,,Active,4227.85
MCH3211,"Mani, Hora and Hayer",5912.0,Pharmacy,private_limited,bengaluru,Karnataka,2026/01/31,SYDI3812560844687,Active,3678.27
MCH9408,Arya-Vig,4131,Transport,INDIVIDUAL,Bengaluru,Karnataka,24/12/2023,6291585633,Active,-784.44
MCH2152,"Choudhry, Chauhan and Dayal",5942,Stationery,PRIVATE_LIMITED,Poona,Maharashtra,2025-11-28 17:27:17,6428134605,A,"INR 1,507.67"
MCH-4534,BUMB-GANGULY,05699,CLOTHS,partnership,chennai,Tamil Nadu,1762974898,YNBM1819285405206,A,"INR 1,225.88"
MCH6744,GREWAL INC,5999,Miscellaneous,PRIVATE_LIMITED,Hyd,Telangana,12-01-2023,,Active,"INR 1,886.71"
MCH8271,Konda-Bawa,5699,CLOTHS,SOLE-PROPRIETOR,Madras,Tamil Nadu,1696467458,WSNV9244788716456,Enabled,"1,087.99"
MCH9111,"  Dhar, Thaker and Madan  ",5999.0,Misc Retail,private_limited,Calcutta,West Bengal,08-11-2024,IKTX4120845617487,Enabled,"1,785.10"
MCH3335,Choudhary Ltd,5699,Apparel,PARTNERSHIP,Lucknow,Uttar Pradesh,11/08/2025,,Live,413.6
MCH4843,Dugar-Master,5912,Medical,sole_proprietor,Hyderabad,Telangana,18-May-2024,4521971795,A,"₹1,023.41"
MCH3920,SharmaLLC,UNKNOWN,Book Store,PRIVATE-LIMITED,LKO,Uttar Pradesh,23/06/2024 09:51 PM,1753085069,S,1885.7
MCH4951,"natt, dyal and gill",5411,GROCERY_STORE,PRIVATE_LIMITED,Poona,Maharashtra,01-02-2026,NA,Active,INR 430.18
MCH8575,"Doctor, Merchant and Bhatti",4814,Telecom,partnership,Calcutta,West Bengal,18-Apr-2024,,Enabled,"₹2,693.45"
mch1118,ChokshiInc,4131,Transport,PARTNERSHIP,Jalandar,Punjab,26-Jul-2025,XXXX1304,Active,₹590.75
MCH7871,"Mital, Palla and Saraf",5699,CLOTHS,SOLE-PROPRIETOR,HYDERABAD,Telangana,2026-02-17 14:36:44,QSZR3521803060698,Live,-2352.21
MCH4643,"Dha1iwa1, Pathak and Ping1e",7011,Hotel,PARTNERSHIP,Chennai,Tamil Nadu,,,Active,₹382.94
mch4626,"Lalla, Handa and Ahuja",5999,Retail Other,private_limited,bengaluru,Karnataka,31-Jul-2023,NA,Live,1497.15
MCH1018,Kannan-Khatri,5311.0,DEPT_STORE,INDIVIDUAL,Jalandar,Punjab,2023/03/19,,ACTIVE,"Rs. 1,791"
MCH9782,Bhardwaj-Varghese,4131,TRAVEL,individual,Ludhiana,Punjab,1676730809,GXDH5697468169226,Active,"Rs. 1,522"
MCH 5983,"Morar, Memon and Kala",5311,Department Store,Sole Proprietor,Pune,Maharashtra,2025-05-06 09:44:28,4976019828,Live,-306.11
MCH4695,Patel-Halder,5812,Restaurants,SOLE-PROPRIETOR,Pune,Maharashtra,1770829027,NA,ACTIVE,652.55
MCH 1014,"Agate, Saxena and Pandit",05311,Department Store,partnership,Jalandar,Punjab,2023/12/21,3851769270,Live,"INR 1,096.96"
MCH-8125,Nagi-Ranganathan,4814,phone service,SOLE-PROPRIETOR,Calcutta,West Bengal,04-Oct-2024,XXXX7501,Disabled,"Rs. 7,428"
MCH8372,BanerjeeLtd,5912,Pharmacy,INDIVIDUAL,HYDERABAD,Telangana,2023/10/26,,Active,"Rs. 4,531"
MCH2513,BhallaInc,,garments,PARTNERSHIP,Amritsar,Punjab,2023/11/09,6553818868,Live,"₹5,544.37"
MCH 4846,arora-raghavan,5999,Retail Other,PRIVATE-LIMITED,jaipur,Rajasthan,1757690515,XXXX5049,Active,-1546.33
MCH 4886,Mangat-Gh0se,5999,Misc Retail,sole_proprietor,Poona,Maharashtra,11/03/2023,8646245603,Live,Rs. 551
MCH7359,Chacko-Dugar,5942,BOOKS_STATIONERY,private_limited,MUMBAI,Maharashtra,,1437980069,Active,Rs. 654
MCH1071,  Wali and Sons  ,4814,phone service,SOLE-PROPRIETOR,Bangalore,Karnataka,21/01/2025,,A,1437.33
MCH5580,Chatterjee-Andra,04131,TRAVEL,PRIVATE-LIMITED,lucknow,Uttar Pradesh,01-Jan-2026,2440958731,A,512.38
mch4870,Rana Inc,04814,TELECOM,Individual,amritsar,Punjab,12/07/2024 12:35 PM,,Suspended,"Rs. 1,127"
MCH8891,"Natt,ManeandPau",NA,Telecom,Private Limited,mumbai,Maharashtra,2025-03-13 09:17:17,6087577130,Enabled,"Rs. 1,140"
MCH6401,"Shenoy, Doctor and Gola",5912,Medical,INDIVIDUAL,Mumbai,Maharashtra,2025-02-09 13:26:39,,Suspended,690.47
MCH7156,Lata-Som,5812,FOOD_SERVICES,PRIVATE_LIMITED,Bengaluru,Karnataka,24-Feb-2023,,Active,₹739.29
mch4749,Sane-Kota,07011,Hotels,PARTNERSHIP,ludhiana,Punjab,28/08/2025,XXXX8682,Active,"INR 2,066.82"
MCH2503,  Chatterjee-Saran  ,5699,Fashion,INDIVIDUAL,Jalandar,Punjab,14/08/2024,XXXX3264,ACTIVE,1760.1
MCH9756,"  Dugal, Virk and Dhaliwal  ",4131,Transport,PARTNERSHIP,Jalandhar,Punjab,2023-01-01 08:25:47,SZBM8211536669889,Active,Rs. 494
MCH2568,"Dhaliwal, Bhat and Sarin",5411.0,kirana,PARTNERSHIP,Mumbai,Maharashtra,2023/04/28,3925852137,Active,Rs. 803
MCH4802,"  Mistry, Roy and Salvi  ",,DEPT_STORE,SOLE_PROPRIETOR,chennai,Tamil Nadu,2024-08-23 18:00:36,2812418940,I,Rs. 468
MCH8418,Jaggi Inc,07011,HOTEL_LODGING,INDIVIDUAL,pune,Maharashtra,01/12/2023,5753448100,INACTIVE,-1654.02
MCH7357,Varkey LLC,7011,Hotels,Private Limited,Calcutta,West Bengal,2025/08/05,NA,ACTIVE,665.88
MCH-9080,"  Goswami, Nagy and Sathe  ",4131,TRAVEL,SOLE-PROPRIETOR,JPR,Rajasthan,07/11/2023,NA,Active,"Rs. 6,603"
MCH9232,Ahuja-Chaudhry,4131,Transportation,individual,Hyderabad,Telangana,04-20-2023,XXXX7963,Live,361.11
MCH9690,Bai1-Sarin,7011,Hotels,Partnership,Amritsar,Punjab,11/04/2025 05:06 PM,XXXX0228,Live,3320.22
MCH4874,"chanda, bahl and kohli",5699,garments,SOLE_PROPRIETOR,Bombay,Maharashtra,2024/12/02,,Enabled,709.03
7203,Sani-Memon,,Retail,SOLE_PROPRIETOR,ASR,Punjab,2023/03/25,OFZD1453201567778,Enabled,-205.09
MCH-9931,ray ltd,5912,MEDICAL_STORE,Private Limited,Chennai,Tamil Nadu,2023-06-28 07:48:26,8013465643,ACTIVE,"INR 7,044.30"
MCH2421,Chanda PLC,4131.0,Transport,Partnership,lucknow,Uttar Pradesh,11/10/2023 08:31 PM,VAVC3668026777539,A,Rs. 146
MCH7216,PILLAI AND SONS,4814,Mobile Recharge,INDIVIDUAL,Amritsar,Punjab,12/02/2025 11:50 PM,,Live,Rs. 356
MCH3371,Raju Inc,4131.0,Transport,PARTNERSHIP,HYDERABAD,Telangana,19/04/2025 05:25 AM,ENEX5677212292143,Live,4057.11
MCH3498,AGATE AND SONS,4814,TELECOM,INDIVIDUAL,chennai,Tamil Nadu,,,Active,1499.04
MCH-4052,Bal-Choudhary,5812,Food,Partnership,jalandhar,Punjab,,XXXX5480,Enabled,"INR 2,217.99"
MCH1569,"Bal, Wali and Sheth",4814,Mobile Recharge,Private Limited,Chennai,Tamil Nadu,11-Oct-2025,XXXX9971,Active,"₹1,678.57"
mch9654,Saini-Bath,MCC-5942,Books,PRIVATE-LIMITED,ludhiana,Punjab,10-11-2024,XXXX5605,A,2570.91
MCH3445,"Madan, Naidu and Andra",7011,Hotels,Private Limited,jaipur,Rajasthan,09-Jul-2023,2270103966,Enabled,983.3
9474,"Bajwa, Bhandari and Parmar",5912,Pharmacy,Sole Proprietor,Kolkata,West Bengal,16/03/2024 07:46 PM,0765979563,A,"Rs. 1,464"
MCH5598,"Thakur, Verma and Venkataraman",5912,chemist,INDIVIDUAL,jalandhar,Punjab,13/09/2023,,Enabled,"INR 2,948.79"
9593,"Vora, Natt and Butala",5411,Grocery,Sole Proprietor,Ludhiana,Punjab,03/06/2023,XXXX8685,Active,-2670.56
mch7856,"Sood, Dalal and Butala",7011,Hotels,Private Limited,New Delhi,Delhi,06/11/2025 03:54 PM,1705220103,Live,"Rs. 2,048"
MCH1219,Buta1a Ltd,05699,garments,SOLE-PROPRIETOR,LKO,Uttar Pradesh,23/10/2025,1736220262,Live,"INR 1,046.51"
MCH8610,Pandey and Sons,MCC-5999,Retail Other,SOLE_PROPRIETOR,Bengaluru,Karnataka,,LZLP7648523257090,ACTIVE,"Rs. 1,014"
MCH1318,GUPTA LLC,4814,TELECOM,PRIVATE_LIMITED,Jaipur,Rajasthan,,0618978505,Active,
mch7340,Devi and Sons,,CLOTHS,PARTNERSHIP,Calcutta,West Bengal,01-09-2024,1367853568,ACTIVE,1101.37
MCH 3191,Dhawan-Warrior,4131,Bus/Taxi,SOLE-PROPRIETOR,HYDERABAD,Telangana,1726103358,NA,Active,"1,885.90"
MCH1132,Cheema Inc,5999,Retail Other,SOLE_PROPRIETOR,Ludhiana,Punjab,2023/09/10,3299217122,A,
MCH1657,"Kaur, Sandhu and Shanker",05699,CLOTHS,Private Limited,Mumbai,Maharashtra,14/01/2025 03:44 PM,NA,ACTIVE,"1,224.96"
mch2969,Randhawa-Karnik,7011.0,Hotel,SOLE-PROPRIETOR,bengaluru,Karnataka,2023/07/27,,Live,₹310.59
mch5881,  Baria-Keer  ,4131,transprt,PRIVATE_LIMITED,Jaipur,Rajasthan,2026-02-09 03:41:16,NA,Closed,2633.32
MCH8537,Mital and Sons,5411,Grocery,PARTNERSHIP,Jalandar,Punjab,14/05/2023,XXXX8286,Enabled,-3683.74
MCH2096,GolePLC,5942,Books,individual,Delhi,Delhi,,3610900033,Disabled,"INR 6,529.52"
MCH9340,Mallick-Konda,5999,Other,Individual,Bengaluru,Karnataka,24/01/2025 01:55 PM,NA,INACTIVE,1550.33
MCH8511,Bhattacharyya LLC,4131,TRAVEL,SOLE_PROPRIETOR,Kolkata,West Bengal,2025-09-13 17:14:01,5718101424,Live,1377.4
MCH6519,Mane-Madan,05699,clothing,Partnership,ludhiana,Punjab,12-25-2024,,Active,978.4
mch1163,"Gour, Comar and Palan",MCC-4814,Telecom,PARTNERSHIP,LDH,Punjab,10-25-2025,BYWD2962302915002,Closed,5449.73
mch5231,Om-Shah,5912,Pharmacy,INDIVIDUAL,jaipur,Rajasthan,29-Apr-2023,2208124689,Active,INR 165.39
MCH-2778,Buch-Lala,5912,Pharmacies,Individual,HYDERABAD,Telangana,2023/04/27,XXXX6570,ACTIVE,
MCH8263,"Kapoor, Khanna and Mohan",5311,Retail,INDIVIDUAL,ludhiana,Punjab,08-Jan-2025,NA,Enabled,"Rs. 5,404"
MCH4290,  Konda-Memon  ,5311,Department Store,PRIVATE_LIMITED,New Delhi,Delhi,11/08/2024 10:16 PM,NA,Closed,"INR 3,295.40"
MCH 6877,Nadkarni and Sons,UNKNOWN,kirana,INDIVIDUAL,ludhiana,Punjab,10-12-2025,NA,ACTIVE,"Rs. 1,757"
MCH8733,"Dhillon, Goel and Dar",4814,Telecom,SOLE_PROPRIETOR,Calcutta,West Bengal,2024-03-27 19:48:14,XXXX9551,Live,-2966.16
MCH5203,"Goel, Mishra and Ram",4814,Telecom,Sole Proprietor,BLR,Karnataka,28-Apr-2023,NA,Live,3326.82
MCH 1982,"Behl, Jayaraman and Divan",MCC-5699,Apparel,sole_proprietor,Bombay,Maharashtra,09/10/2025,,Active,₹298.94
MCH1163,Chauhan Group,05912,MEDICAL_STORE,SOLE_PROPRIETOR,Calcutta,West Bengal,10/04/2024,,ACTIVE,2218.96
MCH6851,Chaudhary and S0ns,4131,transprt,individual,kolkata,West Bengal,04-03-2023,XXXX0557,ACTIVE,"INR 4,509.31"
MCH 7539,"Kalita, Din and Ganesh",5311,Retail,private_limited,chennai,Tamil Nadu,1704418707,5865236657,Active,
MCH9014,Konda-Ram,4814,TELECOM,SOLE_PROPRIETOR,LDH,Punjab,15-Aug-2025,,Active,485.94
MCH4450,ZACHARIAH-BATRA,5311,Retail,SOLE_PROPRIETOR,amritsar,Punjab,1694963446,,ACTIVE,"₹1,045.82"
MCH9458,Raja Ltd,MCC-5311,Retail,partnership,Amritsar,Punjab,2025/12/15,XXXX6323,Enabled,480.87
MCH5227,"Yogi, Varghese and Balay",5812,FOOD_SERVICES,INDIVIDUAL,Mumbai,Maharashtra,2024/02/10,,A,"INR 2,005.26"
MCH3481,"RAJA, BRAR AND NAGAR",NA,Grocery Stores,PRIVATE_LIMITED,New Delhi,Delhi,03-13-2023,XXXX8620,ACTIVE,"1,791.83"
MCH4652,  Varghese-Ramachandran  ,04131,Transportation,private_limited,Amritsar,Punjab,30/10/2024,0536639184,ACTIVE,-2348.76
mch3990,Dey-Chaudhari,5912,Pharmacy,individual,Chennai,Tamil Nadu,14/03/2025,IPYG2797181414167,A,-1780.37
MCH7029,  Purohit Ltd  ,4814,Mobile Recharge,Partnership,Bengaluru,Karnataka,2025-03-28 00:44:27,7715883452,Disabled,"1,186.22"
MCH3778,Karnik Inc,MCC-5912,Pharmacies,sole_proprietor,Jaipur,Rajasthan,,2560479060,I,"Rs. 1,211"
MCH9345,Mahal Inc,4814.0,TELECOM,Private Limited,Amritsar,Punjab,30/11/2025,5557853955,ACTIVE,"4,834.52"
MCH 6190,Pal Ltd,5699.0,CLOTHS,PRIVATE_LIMITED,Ludhiana,Punjab,2023/03/01,NA,Live,INR 376.59
MCH8540,Tiwari Ltd,5999,Other,Sole Proprietor,Jaipur,Rajasthan,27/06/2024 07:54 AM,,A,
MCH1492,Ganesan LLC,5999.0,Other,PARTNERSHIP,Hyderabad,Telangana,19/08/2023 12:27 PM,1007001196,Active,3316.76
MCH3172,SONI-VARTY,4814,TELECOM,SOLE-PROPRIETOR,Bangalore,Karnataka,2025-07-10 02:41:34,XXXX7710,A,"INR 3,097.60"
mch7885,Atwal-Jha,4131,bus/taxi,Private Limited,jalandhar,Punjab,15/08/2023,XXXX1162,Hold,
MCH2492,More LLC,5699,CLOTHS,partnership,Jaipur,Rajasthan,2023/04/22,3899609403,Inactive,
5021,"Badami, Chatterjee and Handa",4814,Mobile Recharge,SOLE_PROPRIETOR,Hyd,Telangana,1724367136,NA,ACTIVE,443.63
MCH9571,buch inc,5812,Restaurants,individual,Hyderabad,Telangana,,DKEU4746665718428,Live,1270.83
MCH9158,"Sachdeva, Va1a and Bedi",5812,Restaurants,sole_proprietor,lucknow,Uttar Pradesh,,8244922873,Closed,"₹6,181.65"
mch2525,"Nath, Gaba and Viswanathan",05699,Fashion,INDIVIDUAL,Mumbay,Maharashtra,29/12/2024 12:44 PM,NA,Active,₹518.76
MCH4359,Mistry-Parekh,MCC-5912,Pharmacies,private_limited,MUMBAI,Maharashtra,10/06/2023 04:16 PM,YQCO7150849658211,Blocked,Rs. 684
MCH-8049,Balan-Shah,5699,garments,PRIVATE_LIMITED,LKO,Uttar Pradesh,04-09-2024,,ACTIVE,
MCH2129,Bhavsar-De,5912,Pharmacy,SOLE-PROPRIETOR,Hyderabad,Telangana,,2500999511,Active,"Rs. 4,898"
MCH2776,Datta Ltd,4814,Telecom,Partnership,JPR,Rajasthan,2024-11-09 21:59:20,QUCG6914808410390,Enabled,"₹1,643.13"
MCH7205,Dara PLC,5912,chemist,SOLE_PROPRIETOR,ludhiana,Punjab,26-Sep-2023,NA,A,1778.94
MCH8761,chokshi llc,7011.0,Hospitality,INDIVIDUAL,Hyd,Telangana,01/12/2025 06:08 AM,9822762385,Active,₹963.43
MCH6598,Rajagopalan Inc,5812,Food,INDIVIDUAL,Hyderabad,Telangana,27/04/2023,,Enabled,"Rs. 2,194"
MCH2910,"Mitter, Sekhon and Kunda",5912,Pharmacies,Sole Proprietor,lucknow,Uttar Pradesh,2023-11-04 03:45:23,XXXX8939,Enabled,"INR 1,288.60"
MCH5122,K0ta-R0y,5699,CLOTHS,Individual,Delhi,Delhi,20-Aug-2025,XXXX7270,Enabled,390.64
MCH 5929,Chaudry-Pal,7011,Hotels,private_limited,chennai,Tamil Nadu,11-12-2024,RXEM4030982599966,Enabled,705.57
mch6165,"chandran, dey and dalal",NA,apparel,Private Limited,delhi,Delhi,29/08/2025 04:50 PM,CFEB4939576870397,Active,1513.56
MCH1750,"Dube, Natt and V0hra",4131,transprt,INDIVIDUAL,pune,Maharashtra,2024-12-18 12:18:45,XXXX3705,A,
MCH2064,date and sons,5812,Restaurant,private_limited,Delhi,Delhi,05/08/2025,,ACTIVE,"Rs. 1,715"
MCH1462,Swamy Inc,5912,chemist,PRIVATE-LIMITED,Jalandar,Punjab,13-Sep-2023,CPHK2049802773880,Inactive,"Rs. 1,411"
MCH 7353,NADIG LLC,4814.0,Mobile Recharge,Individual,Hyderabad,Telangana,12/11/2025,XXXX4294,ACTIVE,"Rs. 1,097"
mch2067,"Barad, Rai and Kapur",5411,Grocery Stores,Private Limited,jaipur,Rajasthan,2023/03/04,5177364796,Active,999.18
6148,GANESAN-JOHAL,4814,phone service,partnership,MUMBAI,Maharashtra,08-Oct-2023,XXXX8688,ACTIVE,INR 778.99
MCH 2028,"Sanghvi, Sibal and Vala",,Transportation,Individual,Bombay,Maharashtra,12/06/2024,,A,868.81
MCH4200,Karnik Ltd,NA,transprt,Sole Proprietor,Poona,Maharashtra,04-27-2024,MNTN2594343179544,Active,951.15
MCH 2632,Agate-Gandhi,5311.0,DEPT_STORE,partnership,Madras,Tamil Nadu,01-14-2026,ZCSO2053232739383,Live,-243.56
MCH4322,Khanna-Sarma,05311,dept_store,sole_proprietor,Jalandar,Punjab,2025/05/02,NA,Active,575.07
MCH4805,"KRISHNAN, BHATNAGAR AND PRASAD",,Stationery,partnership,amritsar,Punjab,12-Jul-2025,,Live,INR 284.87
MCH 4867,"Bedi, Ganesan and Radhakrishnan",7011,Hotels,PRIVATE-LIMITED,Pune,Maharashtra,2023/05/04,NA,Active,"₹2,651.67"
MCH-7353,Bhat-Munshi,MCC-5912,Medical,partnership,Madras,Tamil Nadu,09-08-2023,,Live,
MCH6556,"Andra, Chaudhary and Kunda",04814,Telecom,PARTNERSHIP,Bengaluru,Karnataka,31-Dec-2023,IBEQ5874818667293,Hold,327.82
MCH 7095,SONI-DUBEY,5812,restaurants,INDIVIDUAL,Mumbai,Maharashtra,05-01-2025,NA,Enabled,589.1
MCH 9905,Pate1-S00d,7011,HOTEL_LODGING,Sole Proprietor,Jaipur,Rajasthan,2025/11/21,ZWIP5852637363100,Active,
mch2037,Kadakia LLC,misc,Grocery Stores,partnership,New Delhi,Delhi,13-Oct-2024,ZTLJ8328872113925,Active,₹426.54
MCH5355,"Sundaram, Gara and Bajwa",5812,Restaurant,Sole Proprietor,Kolkata,West Bengal,2023/08/03,,Enabled,3350.71
1250,  Kata Group  ,5812,eating place,Private Limited,chennai,Tamil Nadu,22/12/2023 01:25 AM,NA,Enabled,"₹1,162.22"
MCH1185,"Buch, Barad and Toor",5999,Other,PARTNERSHIP,Jalandhar,Punjab,06-16-2024,6769671490,Active,2955.34
MCH7817,Lata PLC,05812,FOOD_SERVICES,private_limited,Madras,Tamil Nadu,27-Jul-2025,,I,3090.66
MCH2423,Ratti-Gupta,4131,TRAVEL,Private Limited,HYDERABAD,Telangana,09/02/2023 07:16 AM,8487553058,Enabled,1549.78
MCH2806,Jhaveri-Babu,7011,Hospitality,SOLE-PROPRIETOR,lucknow,Uttar Pradesh,2023-09-15 11:54:30,XXXX2533,Closed,"Rs. 1,939"
MCH7344,Banerjee Inc,4131,Transport,sole_proprietor,LDH,Punjab,09-04-2023,XXXX7344,Suspended,"INR 1,385.40"
MCH1884,Nagi LLC,4131,transprt,PRIVATE_LIMITED,Bengaluru,Karnataka,2025/01/08,ROSD8740992299086,ACTIVE,INR 628.95
3754,Dugal-Chawla,5812,FOOD_SERVICES,PARTNERSHIP,Calcutta,West Bengal,01-18-2025,MIWY6996336112119,Live,-581.93
MCH3029,hegde-sood,5699,Clothing,PARTNERSHIP,LDH,Punjab,30/11/2023 03:01 AM,TXOB9117990620646,A,669.40
MCH9249,"Aggarwal, Agarwal and Naidu",5699,garments,PARTNERSHIP,Madras,Tamil Nadu,23-Dec-2025,XXXX8648,Live,-3533.14
MCH1767,Bhatnagar-Ka1a,,TELECOM,INDIVIDUAL,Jalandar,Punjab,,2537411732,Active,314.16
MCH4336,"Dube, Baria and Nath",MCC-5411,kirana,private_limited,Jalandhar,Punjab,2026-01-06 20:58:43,,Live,-1545.59
MCH1482,"Bahri,SarinandHora",5999,Miscellaneous,Partnership,HYDERABAD,Telangana,01-26-2024,2731738944,Hold,"Rs. 1,651"
MCH2284,Wadhwa-Karpe,,TRAVEL,sole_proprietor,lucknow,Uttar Pradesh,,NA,INACTIVE,"INR 2,337.52"
2885,"Varkey, Goda and Bala",5812,eating place,Private Limited,MUMBAI,Maharashtra,01-23-2023,0317882844,Inactive,4853.92
MCH8328,Raman-Dass,,GROCERY_STORE,PARTNERSHIP,jalandhar,Punjab,29-Sep-2024,,Active,"2,484.83"
mch6345,Mani Group,5999,Other,PARTNERSHIP,Ludhiana,Punjab,,NA,A,"₹1,339.21"
MCH-2522,SINGHAL-CHANA,5999,Miscellaneous,PARTNERSHIP,ludhiana,Punjab,12/05/2023,NA,Inactive,
MCH1838,Sarraf-Bhakta,,Miscellaneous,PARTNERSHIP,bengaluru,Karnataka,2023-04-20 03:12:53,XXXX3450,Live,Rs. 584
6700,RAVI LTD,4814,TELECOM,partnership,pune,Maharashtra,,NA,Enabled,INR 219.11
MCH3231,Gokhale Group,5411,Grocery,INDIVIDUAL,Jalandhar,Punjab,,,Enabled,Rs. 205
MCH7411,"Bhasin, Soman and Savant",4814,mobile recharge,SOLE_PROPRIETOR,Chennai,Tamil Nadu,,NA,Inactive,"2,298.88"
MCH6035,Brar-Kohli,NA,Restaurant,Partnership,ludhiana,Punjab,2023-10-06 04:49:23,,A,4518.69
MCH7600,"Minhas, Rattan and Oak",5311.0,Retail,sole_proprietor,Ludhiana,Punjab,13/10/2023 07:20 PM,XXXX9742,Live,"Rs. 10,025"
MCH8638,ramanathan-apte,05942,book store,PARTNERSHIP,chennai,Tamil Nadu,16/04/2025,XXXX4259,ACTIVE,INR 985.80
MCH-9537,Mahal Group,5999,Miscellaneous,Private Limited,jalandhar,Punjab,2023/05/13,NA,Enabled,777.57
MCH5121,ramakrishnan inc,4131,transprt,SOLE-PROPRIETOR,ludhiana,Punjab,27/11/2023,,A,"₹3,794.33"
MCH8619,Salvi-Nazareth,5411.0,grocery,SOLE_PROPRIETOR,New Delhi,Delhi,25-Jul-2024,,Live,₹860.21
MCH9484,"bail, sen and bava",,MEDICAL_STORE,Sole Proprietor,Jalandar,Punjab,30-Nov-2024,,A,"Rs. 1,401"
MCH1567,SURESH LTD,NA,CLOTHS,INDIVIDUAL,Chennai,Tamil Nadu,2024/08/12,XXXX6891,ACTIVE,"3,203.25"
MCH6986,"  Joshi, Chacko and Sawhney  ",05411,kirana,Individual,MUMBAI,Maharashtra,05-Nov-2025,3156013270,Active,606.88
MCH1086,Agrawal-Sule,misc,Apparel,INDIVIDUAL,ludhiana,Punjab,13-Nov-2023,NA,Live,1355.59
MCH8634,Palla-Brar,MCC-5912,Medical,PARTNERSHIP,Jalandar,Punjab,13-Jun-2023,FVKP3398609583042,Enabled,843.2
MCH5274,Thakur and Sons,4814,Telecom,SOLE-PROPRIETOR,chennai,Tamil Nadu,2025-04-21 09:59:18,NA,Active,983.36
MCH7412,Chand-Bada1,5812,FOOD_SERVICES,PRIVATE-LIMITED,MUMBAI,Maharashtra,15/08/2025,,Hold,INR 539.20
MCH 3234,Lad Inc,,Mobile Recharge,individual,Calcutta,West Bengal,2024/02/21,LTGH4419649542857,Enabled,-9763.29
MCH1656,Dhar PLC,5311,Department Store,PARTNERSHIP,Amritsar,Punjab,29/05/2025 10:52 PM,OTBM8790953463908,A,"Rs. 2,992"
MCH 8074,Prakash-Bera,4814,Telecom,INDIVIDUAL,Jalandhar,Punjab,04/12/2024,2437188894,A,439.79
MCH3677,Choudhury-Radhakrishnan,7011,HOTEL_LODGING,PARTNERSHIP,jalandhar,Punjab,29-Jan-2025,NA,ACTIVE,INR 226.71
mch2646,Parsa-Gole,5999,Misc Retail,private_limited,HYDERABAD,Telangana,18/12/2025 03:23 AM,JJBK8920317843679,A,450.19
MCH6268,"Pillay, Borah and Roy",5812,Restaurant,SOLE-PROPRIETOR,ASR,Punjab,08/07/2024,2204602404,ACTIVE,"Rs. 1,108"
MCH7156,Lata-Som,5812,food_services,PRIVATE_LIMITED,Bengaluru,Karnataka,24-Feb-2023,,Suspended,₹739.29
MCH9831,deep-kanda,4814,phone service,SOLE-PROPRIETOR,pune,Maharashtra,29/07/2025,XXXX7811,A,796.02
MCH9367,Luthra and Sons,misc,BOOKS_STATIONERY,PRIVATE_LIMITED,Amritsar,Punjab,31/05/2023 05:55 PM,,Live,"Rs. 1,752"
MCH 7523,venkataraman-hans,04131,Transport,sole_proprietor,Poona,Maharashtra,04-28-2025,6156184588,ACTIVE,"₹6,157.65"
MCH1872,chaudry group,5999,Other,private_limited,BLR,Karnataka,02-Feb-2024,2703911432,Enabled,1044.41
MCH6002,Bal Group,5912,MEDICAL_STORE,partnership,Dilli,Delhi,14/05/2025,,Active,Rs. 718
MCH9187,MANE AND SONS,5812.0,Restaurants,INDIVIDUAL,HYDERABAD,Telangana,18/12/2025,,Active,508.01
MCH3084,Mani-Chowdhury,5699.0,CLOTHS,PARTNERSHIP,Hyd,Telangana,27/09/2023 01:37 AM,,A,1594.62
MCH3997,Chatterjee Group,5999,Retail Other,INDIVIDUAL,ludhiana,Punjab,30/04/2023,HIRQ3582999375796,Suspended,
MCH6562,Kant Inc,7011,HOTEL_LODGING,sole_proprietor,chennai,Tamil Nadu,14/10/2024,XXXX2723,Active,"₹2,590.35"
MCH9877,Borra and Sons,4814.0,Telecom,Individual,Bengaluru,Karnataka,1681335452,YYFP6378402221168,Live,416.84
mch6623,Kakar and Sons,5912,Pharmacy,INDIVIDUAL,Poona,Maharashtra,,8474818927,Enabled,"₹1,424.35"
MCH1188,M0rar Ltd,5912,Pharmacies,individual,Hyderabad,Telangana,19-Feb-2024,3674511273,Live,1156.7
MCH7877,  Parekh-Borra  ,05942,Book Store,Private Limited,Bombay,Maharashtra,29-Feb-2024,XXXX5911,Active,
MCH7769,"Atwal, Loke and Prasad",04814,Telecom,partnership,mumbai,Maharashtra,2024/07/21,,Active,₹232.38
8850,"  Sachdev, Nayar and Arora  ",5411,Grocery,PARTNERSHIP,Ludhiana,Punjab,1743997388,,S,
MCH1625,saran ltd,4814,Mobile Recharge,partnership,Calcutta,West Bengal,17/10/2024 02:52 AM,6216492189,Enabled,1093.54
MCH9052,ramaswamy-chhabra,NA,BOOKS_STATIONERY,partnership,mumbai,Maharashtra,10/11/2024,,Live,-534.11
MCH 8431,"Bail, Sura and Misra",5411.0,groceries,Partnership,lucknow,Uttar Pradesh,24/02/2023,BOES1880983766713,Live,6861.27
MCH2492,"Bhatti, Kala and Sahni",4131,TRAVEL,Individual,Hyderabad,Telangana,11/12/2024 10:36 PM,NA,ACTIVE,2662.9
MCH6602,Thakkar Ltd,4131,TRAVEL,PARTNERSHIP,Mumbay,Maharashtra,2023-01-03 08:43:35,XXXX6968,Active,INR 483.25
MCH 9944,"Parikh, Mutti and Saha",4131,Transportation,partnership,jalandhar,Punjab,1754223766,YTTI1528625741410,Active,"1,826.64"
MCH 8536,"BASAK, SAMI AND CHAR",5311,Retail,private_limited,Mumbai,Maharashtra,,NA,Enabled,₹335.50
mch3139,"Dhar, Kumar and Sawhney",5699,garments,PARTNERSHIP,Pune,Maharashtra,24/01/2025,XXXX0682,Disabled,"₹2,338.90"
MCH2368,Chadha-Barman,05912,Pharmacy,individual,jalandhar,Punjab,2025/11/27,7857705450,S,"INR 3,326.29"
MCH3229,Keer-Kale,5912,Pharmacy,sole_proprietor,Mumbay,Maharashtra,1709156400,UDDZ7214972649948,Active,276.23
mch8615,Kurian Inc,UNKNOWN,phone service,private_limited,Hyd,Telangana,03-25-2024,,Active,3051.58
MCH1154,Saran and Sons,5912,Pharmacies,Private Limited,pune,Maharashtra,26/12/2023,TCTB2753134775657,Live,871.24
MCH-2487,Venkatesh Ltd,misc,Hotel,partnership,ludhiana,Punjab,,MCTW2396874836471,ACTIVE,2913.12
MCH2980,Mander and Sons,5411,groceries,Sole Proprietor,Calcutta,West Bengal,03-Apr-2023,NA,A,1129.72
MCH9718,  Bumb PLC  ,5699,CLOTHS,PRIVATE_LIMITED,jalandhar,Punjab,,XXXX7725,Live,
MCH5673,Palan-Memon,4131,Bus/Taxi,Sole Proprietor,Delhi,Delhi,16-Sep-2023,5428187851,Live,414.92
MCH2995,  Kurian-Kumar  ,MCC-5699,CLOTHS,INDIVIDUAL,amritsar,Punjab,2023-10-16 02:32:49,NA,A,
MCH 6615,PILLAY GROUP,5942,Book Store,individual,Hyd,Telangana,2025-09-12 23:50:08,3204013146,S,-785.64
MCH5391,Nagi-Pandya,5411,kirana,partnership,kolkata,West Bengal,2025/12/24,,Suspended,"Rs. 1,471"
MCH8170,"Dyal, Chadha and Shenoy",4814,phone service,Partnership,Hyd,Telangana,2024/12/15,4344277649,ACTIVE,589.07
MCH4622,Toor-Rajan,7011.0,HOTEL_LODGING,PRIVATE_LIMITED,LDH,Punjab,20/06/2024 02:20 PM,NA,Live,2524.16
MCH2040,"Balan, Sahota and Nagi",MCC-5699,Clothing,Sole Proprietor,Kolkata,West Bengal,,,Active,Rs. 409
MCH7803,Naik LLC,5999,Retail Other,PARTNERSHIP,delhi,Delhi,,NA,A,-285.6
MCH6559,Patla Ltd,7011,HOTEL_LODGING,Sole Proprietor,bengaluru,Karnataka,18-Dec-2025,NA,Enabled,922.45
MCH8262,Sanghvi Ltd,5411.0,GROCERY_STORE,sole_proprietor,Bengaluru,Karnataka,2024/06/10,NA,A,"Rs. 4,676"
MCH8149,"Chandran, Mander and Parmar",5812,FOOD_SERVICES,PARTNERSHIP,kolkata,West Bengal,,NA,Active,"Rs. 1,378"
MCH4484,"Mukherjee, Tella and Malhotra",5812,Restaurant,PARTNERSHIP,Bangalore,Karnataka,02/10/2025 05:38 AM,8422535984,Active,2091.93
MCH9164,MITAL AND SONS,,CLOTHS,Private Limited,Dilli,Delhi,08-12-2025,,Enabled,4681.79
MCH7906,"Ganesan, Gopal and Ratta",5912,chemist,INDIVIDUAL,JPR,Rajasthan,2023/08/04,6930056996,A,INR 733.85
4055,Sinha-Sundaram,7011,Hotel,Individual,Chennai,Tamil Nadu,,BRZM1208408639064,SUSPENDED,₹978.27
MCH1016,"Mangat, Som and Deshmukh",5942,BOOKS_STATIONERY,INDIVIDUAL,pune,Maharashtra,08/02/2025,OOIR2591293670615,S,756.28
MCH4081,Srinivasan-Bahri,4814,Mobile Recharge,SOLE_PROPRIETOR,delhi,Delhi,07-Jun-2025,NA,Active,"₹2,928.84"
7302,Murthy and Sons,5411,Grocery,Partnership,Bangalore,Karnataka,23-Jan-2025,,ACTIVE,3381.11
MCH1906,"TANEJA, MAHAJAN AND SARNA",05311,Retail,Individual,Bangalore,Karnataka,16-Jan-2026,ZMCC2986180199571,Disabled,"Rs. 2,772"
MCH4976,Walla and Sons,5942,BOOKS_STATIONERY,SOLE-PROPRIETOR,bengaluru,Karnataka,10-21-2025,XKET6356016924037,Active,Rs. 929
MCH2749,Borde PLC,07011,HOTEL_LODGING,partnership,Jalandar,Punjab,2025-11-15 14:42:20,AKGD7711918524900,Active,299.85
mch2813,"Sha, Bhatia and Vig",UNKNOWN,dept_store,INDIVIDUAL,chennai,Tamil Nadu,2024-10-24 13:37:28,5399147177,Suspended,"INR 3,821.16"
7294,"Singh, Ramanathan and Setty",5942,BOOKS_STATIONERY,PRIVATE-LIMITED,Jalandar,Punjab,02/04/2025,NA,Suspended,"Rs. 1,690"
mch4299,Master PLC,5699,CLOTHS,private_limited,Delhi,Delhi,2023/05/31,XXXX0419,Enabled,"INR 3,539.65"
mch8052,  Mangat-Ganesh  ,4131,Transport,sole_proprietor,Calcutta,West Bengal,2024-01-05 09:32:24,NA,A,₹527.34
MCH7875,  Narasimhan PLC  ,5411,kirana,private_limited,amritsar,Punjab,01-03-2025,NA,A,585.43
9253,Gole LLC,5699,CLOTHS,SOLE_PROPRIETOR,amritsar,Punjab,2024-05-09 20:29:36,XXXX9261,Active,"₹1,349.23"
MCH3410,Mutti PLC,MCC-7011,Hotel,SOLE_PROPRIETOR,chennai,Tamil Nadu,2023/05/23,5994810528,A,4042.64
mch2755,Chaudhuri and S0ns,5942,Books,Individual,Mumbay,Maharashtra,2025/11/29,,ACTIVE,Rs. 440
MCH3435,"MITTER, CHAKRABARTI AND SWAMINATHAN",5812,Food,individual,ludhiana,Punjab,23-Apr-2023,XXXX3745,Enabled,"INR 1,050.63"
MCH7403,Prabhakar Group,5942,BOOKS_STATIONERY,SOLE_PROPRIETOR,Chennai,Tamil Nadu,1766987686,XXXX4472,INACTIVE,657.74
MCH1926,"Bail, Bala and Bahl",5942,Books,PARTNERSHIP,Poona,Maharashtra,05-07-2024,,Active,-1485.21
MCH2996,Rege-Khanna,5411,Grocery,INDIVIDUAL,lucknow,Uttar Pradesh,2023/10/15,NA,Closed,-745.45
MCH 5749,Master LLC,,Restaurant,Private Limited,kolkata,West Bengal,04-30-2024,PVNW9033788560313,Enabled,6699.41
MCH9088,Bajaj-Karnik,5912,chemist,individual,Mumbay,Maharashtra,2025/03/11,,Suspended,1838.62
MCH1947,BHATTI PLC,,transprt,SOLE_PROPRIETOR,Hyderabad,Telangana,17/10/2025 03:35 AM,,A,INR 860.05
MCH6221,Shukla and Sons,4131,Transportation,SOLE-PROPRIETOR,Chennai,Tamil Nadu,2025-01-25 13:39:54,,A,1793.34
MCH2827,Bala-Bhatti,5999,Miscellaneous,INDIVIDUAL,Bangalore,Karnataka,10/05/2024 08:16 PM,5191749246,Disabled,Rs. 381
MCH4176,Sani-Bhalla,UNKNOWN,HOTEL_LODGING,individual,Delhi,Delhi,22-Jul-2024,XXXX6805,Live,"₹1,216.13"
mch5210,Rege-Sridhar,MCC-5942,Book Store,private_limited,Jalandhar,Punjab,10-May-2024,VHMQ6214837340223,Active,1199.73
MCH7493,Nanda LLC,5411,groceries,partnership,New Delhi,Delhi,2024-12-01 00:24:51,,A,537.94
mch4621,Ravel-Chaudhuri,5942,stationery,PRIVATE_LIMITED,delhi,Delhi,04-Aug-2024,RGWL4221508668071,ACTIVE,-397.3
MCH6079,Gulati Inc,4131,Transport,SOLE-PROPRIETOR,pune,Maharashtra,29/01/2023 08:05 AM,XXXX5091,Active,"₹2,029.26"
MCH6122,RAI LTD,MCC-4131,Transport,PRIVATE-LIMITED,Jalandar,Punjab,02-11-2024,JNKS9651802205909,INACTIVE,"₹2,198.19"
MCH9537,"Kohli, Bedi and Khatri",5812,Food,partnership,lucknow,Uttar Pradesh,03-Feb-2023,ETHU3692414694902,A,-2200.76
MCH9503,Kulkarni LLC,4131,transprt,Individual,Hyd,Telangana,22/01/2026 09:02 PM,FRMH0087238544779,Inactive,1312.52
5849,Balakrishnan Ltd,MCC-5699,Fashion,PRIVATE_LIMITED,Lucknow,Uttar Pradesh,06/04/2025,,Active,"₹6,558.56"
MCH4034,Tiwari-Lad,5999,Other,individual,LDH,Punjab,13-Dec-2023,XXXX6100,SUSPENDED,"2,041.77"
MCH2860,Ahluwalia Ltd,7011,HOTEL_LODGING,Private Limited,Bengaluru,Karnataka,27/01/2026,EAAS5526551207941,A,Rs. 250
MCH1969,Narain-Menon,5311,Retail,INDIVIDUAL,Dilli,Delhi,2025/11/16,FJVW1497261653850,Enabled,453.33
MCH3993,VAIDYA LTD,5999,Other,PARTNERSHIP,chennai,Tamil Nadu,23/12/2023 03:28 AM,YBKO6037061844125,A,372.73
mch5895,Dey LLC,4131.0,TRAVEL,Individual,Chennai,Tamil Nadu,08-05-2024,,Active,693.85
MCH-8238,"Lala, Seth and Tak",5699,Clothing,PARTNERSHIP,JPR,Rajasthan,2024/07/22,XXXX3627,Live,952.06
MCH4588,"Gole, Raval and Hans",UNKNOWN,Food,SOLE-PROPRIETOR,bengaluru,Karnataka,14/03/2025,2064667231,Live,"INR 1,061.34"
mch9785,Bains-Bhavsar,05999,Retail Other,PARTNERSHIP,Bombay,Maharashtra,2023/08/07,,ACTIVE,54.42
MCH2179,Prakash Inc,5411,groceries,partnership,Jalandar,Punjab,05-14-2025,XBTI4209602657255,Enabled,"₹5,901.01"
mch8289,"Ch0udhury, Chakrabarti and Kha1sa",4131,Transport,SOLE-PROPRIETOR,Lucknow,Uttar Pradesh,06-10-2023,1750486763,Active,954.52
MCH8466,dani plc,5999,Retail Other,SOLE-PROPRIETOR,LKO,Uttar Pradesh,2024/11/20,0971517189,ACTIVE,"1,946.42"
MCH1750,Sastry-Chaudhari,,Apparel,Individual,Dilli,Delhi,17/11/2024,XXXX2201,ACTIVE,"Rs. 1,155"
MCH6991,dani ltd,UNKNOWN,Bus/Taxi,partnership,bengaluru,Karnataka,16/07/2025,5759081808,Active,-1831.13
MCH3265,"PRAKASH, WABLE AND GANESH",misc,TELECOM,INDIVIDUAL,Jaipur,Rajasthan,11-13-2025,NA,Inactive,"Rs. 1,446"
MCH9355,Vig PLC,5912,Pharmacy,partnership,Jalandhar,Punjab,11-01-2024,KRTG3596169904435,ACTIVE,"₹1,697.72"
4455,Iyer LLC,5411,kirana,INDIVIDUAL,Bangalore,Karnataka,,JMHS4435674556652,Active,₹586.02
MCH2641,Varma-Saha,5999.0,Other,INDIVIDUAL,BLR,Karnataka,09-Oct-2024,,Closed,"5,621.28"
MCH4352,suri ltd,5912,MEDICAL_STORE,INDIVIDUAL,lucknow,Uttar Pradesh,21/08/2023,,Active,-2179.96
MCH5260,"Memon, Ben and Sant",5912,Medical,Sole Proprietor,jalandhar,Punjab,25-Jul-2024,XXXX7324,ACTIVE,"Rs. 1,467"
MCH4061,Mody-Vig,5999,Miscellaneous,individual,Amritsar,Punjab,1722147140,NA,ACTIVE,2007.74
MCH3095,HANS-SHAN,5999,Misc Retail,Partnership,Calcutta,West Bengal,05-28-2024,9222512011,Live,"1,208.82"
mch7944,Bassi-Dyal,4131,Bus/Taxi,sole_proprietor,Kolkata,West Bengal,04-Nov-2025,YDDT9877099170196,Active,"₹1,227.24"
MCH9149,varghese plc,5411.0,kirana,INDIVIDUAL,Jaipur,Rajasthan,26-Dec-2025,,Enabled,"3,708.64"
MCH2265,"Bail, Gopal and Khare",UNKNOWN,pharmacies,partnership,LKO,Uttar Pradesh,08-04-2024,VZCP3787385327453,Inactive,-785.4
MCH8253,Dutt-Narain,5411,Grocery Stores,SOLE-PROPRIETOR,HYDERABAD,Telangana,15/04/2024 01:54 AM,XXXX4097,Active,1104.19
MCH-1809,Grewal Inc,5311,Department Stores,Private Limited,BLR,Karnataka,2025-10-31 03:18:09,1597132394,Active,"₹2,181.93"
MCH7473,"Nair, Ramachandran and Mane",5311.0,Retail,sole_proprietor,HYDERABAD,Telangana,07-Sep-2023,3598989275,Disabled,-418.39
mch8101,"Jani, Varghese and Barman",,CLOTHS,sole_proprietor,delhi,Delhi,,ZAGS9531645948920,INACTIVE,₹734.89
MCH6254,MURTHY GROUP,4814,Telecom,partnership,Amritsar,Punjab,05/07/2025 11:34 PM,7655418410,I,
MCH 7992,Goel Group,4814.0,Telecom,Individual,bengaluru,Karnataka,18-Oct-2023,UIMY5187810690637,A,INR 609.52
MCH5054,"Kara, Mandal and Mitra",5812.0,eating place,Sole Proprietor,Kolkata,West Bengal,29/01/2024,NA,S,"₹5,895.31"
MCH1040,chand plc,5912,Medical,INDIVIDUAL,pune,Maharashtra,2024/09/08,NA,A,653.92
MCH1104,Chander LLC,4814,Telecom,Private Limited,DELHI,Delhi,05/09/2024,,A,778.62
MCH2387,Dar-Dass,5912.0,chemist,PARTNERSHIP,Lucknow,Uttar Pradesh,,,Active,1022.15
MCH2335,GaneshLtd,5999.0,Miscellaneous,private_limited,Poona,Maharashtra,03-Mar-2025,NA,A,
mch6277,"PARMER, BERA AND NORI",,transprt,partnership,MUMBAI,Maharashtra,02-Apr-2024,NA,Live,₹514.01
MCH5122,Garde Ltd,05699,garments,PARTNERSHIP,MUMBAI,Maharashtra,06/09/2024,GIIN6826016830316,Enabled,957.5
MCH 7580,DHALIWAL-SHANKAR,4814,Mobile Recharge,Sole Proprietor,Mumbai,Maharashtra,04-Jul-2023,XXXX8286,A,1155.73
MCH1729,GANESH PLC,5812.0,FOOD_SERVICES,private_limited,HYDERABAD,Telangana,23-May-2025,XXXX6365,Live,
MCH 2571,Deep-Chakraborty,5812,Restaurants,Partnership,Delhi,Delhi,31-Jul-2024,NA,Suspended,"3,828.75"
MCH9296,Ramanathan Ltd,05912,Pharmacies,Individual,jaipur,Rajasthan,2025-01-29 16:04:16,,A,"1,253.48"
mch8571,"Garde, Toor and Malhotra",04814,phone service,Partnership,amritsar,Punjab,2023/05/31,NA,Active,INR 266.55
MCH6242,  Som Inc  ,5311,Department Store,sole_proprietor,jaipur,Rajasthan,1687841954,ELTM3518126936690,Live,-1984.97
MCH8058,"Jayaraman, Pall and Goel",5912,Pharmacy,Partnership,Kolkata,West Bengal,06-25-2023,DJCR4230820318730,Live,"₹1,476.23"
MCH5242,Mishra-Dua,5311,Department Store,INDIVIDUAL,mumbai,Maharashtra,08-Jun-2024,XXXX0138,ACTIVE,-3063.29
MCH3379,Sura Inc,5411,Grocery Stores,sole_proprietor,Madras,Tamil Nadu,28-Nov-2023,NA,A,851.53
MCH9211,Dubey-Kurian,7011,HOTEL_LODGING,INDIVIDUAL,jalandhar,Punjab,08-01-2023,XXXX5476,Enabled,2981.74
MCH2694,Misra PLC,05699,Clothing,INDIVIDUAL,pune,Maharashtra,,,I,"2,669.29"
MCH9289,LALL LLC,7011,HOTEL_LODGING,PRIVATE_LIMITED,Kolkata,West Bengal,2025-12-08 09:38:21,PFKV1152289254196,Live,3024.28
MCH 4503,Acharya LLC,5411,groceries,private_limited,DELHI,Delhi,2024-09-12 20:47:57,NA,Live,241.19
MCH8493,BUCH INC,5912,MEDICAL_STORE,INDIVIDUAL,Chennai,Tamil Nadu,2025-01-17 02:45:11,YMCT2319815382495,Live,2394.24
MCH4613,"Batra, Devi and Buch",5699,garments,individual,Dilli,Delhi,2023/10/03,6706330376,Disabled,-3664.64
MCH4456,Krish-Panchal,MCC-5411,Grocery,INDIVIDUAL,lucknow,Uttar Pradesh,11/05/2024 06:33 PM,,ACTIVE,"₹1,642.08"
MCH4369,"Tandon, Viswanathan and Chaudhary",5812,Food,PRIVATE-LIMITED,Pune,Maharashtra,01-13-2023,1839441599,S,INR 226.61
MCH9559,Randhawa-Mody,5699,Fashion,sole_proprietor,ASR,Punjab,08-Jun-2025,XXXX2517,I,₹543.84
MCH 4318,Nagar and Sons,4131,transprt,sole_proprietor,LKO,Uttar Pradesh,20/12/2023 03:21 PM,3039905093,Enabled,"₹1,159.12"
MCH2473,"  Gill, Deol and Deep  ",5411,Grocery Stores,PRIVATE_LIMITED,Lucknow,Uttar Pradesh,07-09-2024,YWZO7271967683864,Live,1433.28
MCH1161,"Kuruvilla, Pall and Ravel",5411,GROCERY_STORE,PRIVATE_LIMITED,jalandhar,Punjab,12-29-2023,NA,Enabled,₹549.82
MCH9563,Sharaf-Tella,,Hotels,SOLE_PROPRIETOR,Kolkata,West Bengal,09-Feb-2025,NA,ACTIVE,1375.95
MCH6465,Chadha-Char,05912,MEDICAL_STORE,PARTNERSHIP,kolkata,West Bengal,22/04/2023 05:00 PM,5666974983,Active,749.37
MCH-8631,Chaudhari-Chhabra,5699,Clothing,Sole Proprietor,lucknow,Uttar Pradesh,2024/02/17,7902410971,ACTIVE,"INR 1,011.95"
MCH-9582,"Aggarwal, Morar and Vohra",4814,TELECOM,PRIVATE_LIMITED,chennai,Tamil Nadu,02/02/2026,1610482956,Active,"Rs. 2,012"
MCH 6617,Buch Group,5699,CLOTHS,sole_proprietor,HYDERABAD,Telangana,2024/09/01,NA,Live,1759.15
MCH 3616,trivedi-ramachandran,5411,GROCERY_STORE,PARTNERSHIP,Jalandhar,Punjab,2025/07/02,XXXX1853,I,181.96
MCH9391,Vasa-Mitra,4814.0,phone service,individual,Jalandar,Punjab,30/10/2024,XXXX6623,Live,"₹1,456.23"
MCH 9379,Nazareth and Sons,5999,Misc Retail,INDIVIDUAL,kolkata,West Bengal,,XXXX1135,I,Rs. 242
MCH-7288,"Kumar, Sachdeva and Natarajan",5999,Miscellaneous,PRIVATE-LIMITED,Calcutta,West Bengal,1769927092,NA,SUSPENDED,
MCH2051,  Deshpande PLC  ,5912,Medical,private_limited,chennai,Tamil Nadu,2024/10/06,6948597427,A,₹625.93
MCH4507,Bassi-Merchant,5812,eating place,sole_proprietor,Madras,Tamil Nadu,30/05/2024,XXXX7969,Active,3598.7
MCH9647,"Bhat, Tank and Aurora",7011,HOTEL_LODGING,INDIVIDUAL,kolkata,West Bengal,18-Aug-2024,8968048918,Live,5590.39
mch1082,Oommen Inc,7011.0,Hotel,Partnership,amritsar,Punjab,,6717543820,ACTIVE,₹833.19
7017,DeepGroup,,Hospitality,INDIVIDUAL,Dilli,Delhi,,,Live,1258.92
MCH8506,"HANDA, SAHNI AND SAWHNEY",4814,Telecom,PARTNERSHIP,HYDERABAD,Telangana,01-12-2026,NA,A,Rs. 339
mch6839,VARUGHESE LLC,5912,Medical,INDIVIDUAL,JPR,Rajasthan,05/05/2025,4050131250,Live,"Rs. 1,354"
MCH8735,Ha1der-Mane,5411,Grocery,PARTNERSHIP,Pune,Maharashtra,1681274753,PJBJ0308854019653,Enabled,"Rs. 7,303"
MCH9443,"Bumb, Sama and Prashad",4131,Transport,SOLE-PROPRIETOR,lucknow,Uttar Pradesh,2024/03/28,,Active,712.16
MCH3125,Din-Dara,05699,CLOTHS,partnership,delhi,Delhi,15/11/2025,NBXZ1237892442741,Active,"INR 3,672.47"
MCH3092,"Dutta, Vasa and Jayaraman",5999,Miscellaneous,Private Limited,Amritsar,Punjab,,4110907056,Active,"₹1,605.55"
MCH 1365,  Agate PLC  ,5942,Stationery,PARTNERSHIP,pune,Maharashtra,10/12/2024,NA,Live,-2839.17
MCH8679,Dutt-Goel,04814,phone service,Private Limited,kolkata,West Bengal,2024/08/14,XXXX4631,Active,423.15
MCH3722,"BEN, DHINGRA AND GARDE",5942,Books,PRIVATE_LIMITED,delhi,Delhi,01-28-2025,,Inactive,₹163.22
MCH5606,Sunder Inc,,Hospitality,partnership,Ludhiana,Punjab,25/06/2023,TYTS3020219689289,ACTIVE,965.69
MCH6384,"Rave1, Mane and Madan",05912,Pharmacies,Partnership,Delhi,Delhi,26/04/2023 06:56 AM,8497490345,A,₹334.08
mch4170,Bahri-Mangat,5812,FOOD_SERVICES,sole_proprietor,Poona,Maharashtra,15/03/2023,XXXX2954,Enabled,926.11
MCH9537,Chakrab0rty PLC,5942,BOOKS_STATIONERY,individual,amritsar,Punjab,1735799074,XXXX8422,ACTIVE,-1188.48
MCH9787,Nigam LLC,7011,hotels,PRIVATE_LIMITED,jaipur,Rajasthan,18/06/2023,NA,Active,717.19
mch8895,Chakraborty-Apte,7011,Hotels,SOLE-PROPRIETOR,Jalandar,Punjab,2023-05-04 01:45:30,8501954276,Active,"2,412.11"
MCH 1773,Prakash-Malhotra,5411,Grocery Stores,INDIVIDUAL,Jalandhar,Punjab,,XEKJ5137440988369,ACTIVE,"₹1,551.73"
MCH3662,dey llc,5999,Misc Retail,Sole Proprietor,Calcutta,West Bengal,2023-09-24 17:57:18,XXXX8815,Suspended,
MCH6301,"Apte, Vohra and Gade",4814,Telecom,PARTNERSHIP,Jalandar,Punjab,2023/03/30,NA,ACTIVE,"2,355.49"
MCH-5745,Sawhney-Apte,,chemist,private_limited,delhi,Delhi,1749009414,6957896911,A,2109.42
MCH6441,Boase Group,5942,Books,SOLE_PROPRIETOR,amritsar,Punjab,18/10/2024,XXXX1328,Active,"₹4,755.40"
MCH6394,YogiInc,5699.0,CLOTHS,PRIVATE-LIMITED,Calcutta,West Bengal,20/10/2023,,Active,1717.76
MCH7172,Chandran-Palla,5311,Department Stores,PARTNERSHIP,Pune,Maharashtra,09-23-2025,XXXX0145,Enabled,1177.65
MCH4843,KURUVILLA-PILLAY,4814,phone service,individual,Bengaluru,Karnataka,18/08/2025,VYHF0905352746746,Live,-898.89
MCH 7272,Bansal-Das,05912,Pharmacy,Sole Proprietor,Ludhiana,Punjab,20/12/2023 09:43 PM,XXXX6496,Active,₹391.71
MCH9906,"Raj, Goda and Rastogi",05912,Pharmacy,Private Limited,Pune,Maharashtra,01-31-2025,2812012011,ACTIVE,543.33
MCH5797,Bhatt Ltd,5942.0,BOOKS_STATIONERY,individual,chennai,Tamil Nadu,,XXXX5629,ACTIVE,"Rs. 1,641"
MCH4356,"Guha, Sheth and Ravi",5912,Medical,Partnership,Kolkata,West Bengal,2024/07/06,3427547300,ACTIVE,2725.51
MCH8558,Dutt-Tailor,5311,Retail,SOLE-PROPRIETOR,amritsar,Punjab,29-Dec-2024,,Enabled,₹857.14
MCH1764,"Kurian, Vaidya and Loyal",5999,Misc Retail,INDIVIDUAL,LKO,Uttar Pradesh,16/11/2025 04:20 AM,QLVG4760642998653,Blocked,419.98
MCH3308,Setty LLC,5942.0,Book Store,PARTNERSHIP,Poona,Maharashtra,28/06/2023,,Active,883.84
MCH7664,Datta Ltd,UNKNOWN,TRAVEL,PARTNERSHIP,Kolkata,West Bengal,,XXXX7337,ACTIVE,990.98
MCH4521,Raman PLC,5699,Apparel,private_limited,HYDERABAD,Telangana,02/04/2023 12:10 PM,,Live,4397.68
MCH2356,Baria PLC,,chemist,INDIVIDUAL,LDH,Punjab,1712055922,NA,A,2672.62
MCH7772,"Chatterjee, Wason and Nadkarni",MCC-5311,DEPT_STORE,PARTNERSHIP,Bombay,Maharashtra,2026-01-02 19:37:55,XXXX1871,Live,541.48
MCH2894,Rege-Baria,5699,garments,PRIVATE-LIMITED,delhi,Delhi,2024/12/22,XXXX3813,A,2107.84
MCH1370,Wable LLC,4814,Telecom,PRIVATE-LIMITED,Jalandar,Punjab,19/11/2023,6802604838,A,"INR 3,898.88"
mch6370,"Dass, Hegde and Viswanathan",05812,FOOD_SERVICES,Partnership,jaipur,Rajasthan,2023-03-24 18:53:14,PUYW3534134349316,Live,2201.27
MCH 5963,GOYAL-SUR,5812,Restaurants,PRIVATE_LIMITED,chennai,Tamil Nadu,14/09/2025 08:31 AM,XXXX6740,Live,"Rs. 3,785"
MCH8295,MAMMEN LLC,5999,Miscellaneous,PRIVATE_LIMITED,Chennai,Tamil Nadu,11-04-2024,XXXX0713,Live,1554.58
MCH5980,Arya LLC,7011,Hospitality,PRIVATE-LIMITED,Ludhiana,Punjab,,NA,ACTIVE,"₹2,432.63"
MCH-2956,BAVA LTD,NA,TELECOM,INDIVIDUAL,DELHI,Delhi,01-18-2023,2075067293,Active,"INR 2,838.96"
MCH8958,Verma-Biswas,5699,CLOTHS,Partnership,Amritsar,Punjab,06/03/2023 02:48 PM,,A,7196.61
MCH4457,"Chanda, Parikh and Hayre",5999,Retail Other,PRIVATE_LIMITED,amritsar,Punjab,,NA,Live,
MCH1785,  Shere-Pall  ,5311,Department Store,SOLE_PROPRIETOR,Calcutta,West Bengal,05/08/2023 05:22 AM,,A,2271.85
MCH4357,Som and Sons,MCC-5311,Retail,INDIVIDUAL,LDH,Punjab,,XXXX0823,Enabled,
MCH8209,Pai-Gokhale,5311,Retail,PRIVATE-LIMITED,JPR,Rajasthan,1679521754,,Disabled,INR 426.65
MCH7311,Dhar PLC,5411,GROCERY_STORE,Private Limited,MUMBAI,Maharashtra,,NA,Enabled,148.28
MCH5683,"Magar, Cherian and Wable",5912,chemist,PARTNERSHIP,Amritsar,Punjab,2024/08/07,3259910905,Live,"₹1,544.64"
MCH8391,Talwar-Bhasin,misc,garments,individual,ludhiana,Punjab,21-Oct-2025,9793728885,Enabled,"Rs. 2,052"
MCH8060,"Pall, Lal and Ahluwalia",5812.0,Food,individual,LKO,Uttar Pradesh,07/10/2023,OYJG7569387470582,Live,"4,990.63"
MCH4319,Luthra-D’Alia,,Apparel,PARTNERSHIP,Madras,Tamil Nadu,2024-07-23 16:12:09,,A,"5,413.24"
MCH7609,Mitta1 PLC,5912,MEDICAL_STORE,individual,jalandhar,Punjab,10-Mar-2025,XXXX5424,Enabled,-7169.86
MCH5972,Mane Ltd,5942,BOOKS_STATIONERY,Individual,amritsar,Punjab,03/06/2024 07:02 AM,XXXX0204,Enabled,INR 644.97
MCH-7572,"Nori, Kibe and Das",5699,Fashion,SOLE_PROPRIETOR,lucknow,Uttar Pradesh,11-28-2023,BLHB3138092170893,Enabled,Rs. 870
MCH2530,Palla-Datta,5942,Books,partnership,Poona,Maharashtra,2023/08/03,NA,Enabled,2593.27
MCH3499,"Gaba, Nanda and Pillay",5812,food,PRIVATE-LIMITED,mumbai,Maharashtra,30-Sep-2023,,Active,804.98
MCH 3788,Kuruvilla Ltd,5411,grocery stores,sole_proprietor,Hyderabad,Telangana,03-Oct-2024,,Suspended,"4,329.09"
mch1493,"Kar, Nath and Koshy",5942,BOOKS_STATIONERY,INDIVIDUAL,BLR,Karnataka,28-Jan-2023,XXXX9866,Active,
MCH 6105,lala group,7011,Hotel,SOLE_PROPRIETOR,bengaluru,Karnataka,01-25-2023,,ACTIVE,"1,595.66"
MCH5697,"Kapadia, Sharma and Maharaj",,Retail Other,partnership,Poona,Maharashtra,27/08/2023,IHYO1132265068472,Live,4565.23
MCH4072,Singhal-Natarajan,5812,Restaurant,SOLE-PROPRIETOR,chennai,Tamil Nadu,,XXXX4620,ACTIVE,2593.54
mch1732,Badal-Chacko,4131,TRAVEL,sole_proprietor,kolkata,West Bengal,01-02-2024,,A,INR 888.60
MCH-2610,Chopra-Narayanan,5311.0,DEPT_STORE,sole_proprietor,delhi,Delhi,05/07/2023,NA,Live,1284.93
MCH3898,Wadhwa-Sahni,5699,Fashion,PRIVATE_LIMITED,LDH,Punjab,05-Aug-2025,NA,A,
MCH5939,"mohan, varughese and johal",5411,GROCERY_STORE,Partnership,bengaluru,Karnataka,20/12/2024,XXXX0991,Active,"4,307.34"
MCH6742,Mammen Gr0up,4814,phone service,Private Limited,Kolkata,West Bengal,03-20-2024,XXXX8463,Live,"₹6,284.10"
MCH9601,Murthy-Sagar,5999,Retail Other,PRIVATE-LIMITED,delhi,Delhi,,4391317650,Live,2574.06
MCH9793,Brar Ltd,,Fashion,PRIVATE-LIMITED,Bangalore,Karnataka,,4222281666,Enabled,198.68
MCH4349,"naik, pandey and din",MCC-4131,Transportation,Partnership,Bengaluru,Karnataka,30/06/2023 08:31 PM,NA,ACTIVE,2172.69
MCH2081,Date PLC,5311,Department Stores,Private Limited,LKO,Uttar Pradesh,2023/04/01,XXXX3660,Live,INR 275.64
MCH8181,Mall-Chatterjee,4131,Transportation,INDIVIDUAL,Amritsar,Punjab,,6803575158,Active,-1624.73
MCH 4363,NARAYAN-SANGHA,7011,HOTEL_LODGING,Sole Proprietor,jalandhar,Punjab,,,ACTIVE,598.32
mch4900,Issac-Venkataraman,5912.0,Pharmacies,SOLE_PROPRIETOR,Kolkata,West Bengal,2023-08-15 07:39:24,NA,Live,"INR 1,519.72"
MCH8157,"mahal, srinivas and vasa",,Pharmacy,Sole Proprietor,delhi,Delhi,1728465417,XFHS0358306861946,Disabled,"1,033.09"
MCH5247,Nagi Ltd,4814,Telecom,Partnership,Amritsar,Punjab,06/06/2025,,Hold,INR 632.92
MCH2116,Chaudhari and Sons,5699,garments,individual,JPR,Rajasthan,02/09/2023,XXXX7517,A,947.14
MCH1254,Pant-Muni,4131,TRAVEL,partnership,DELHI,Delhi,21/10/2023,NA,A,781.27
MCH2191,"Raval, Halder and Brahmbhatt",5999,Retail Other,sole_proprietor,Bengaluru,Karnataka,09-15-2023,,A,"₹2,745.45"
MCH1227,  Dyal Ltd  ,5999,Other,individual,ludhiana,Punjab,09-21-2025,QLYV4506400926648,Live,602.09
MCH8085,VERMA-RAMACHANDRAN,5942,Stationery,INDIVIDUAL,pune,Maharashtra,10-22-2025,7310237630,ACTIVE,
MCH-1882,kamdar-banik,5812,Food,Partnership,Ludhiana,Punjab,,NA,Inactive,₹427.50
MCH 5494,Bhavsar-Jhaveri,5912,chemist,INDIVIDUAL,Ludhiana,Punjab,05-23-2023,SVWM6177755227439,Live,Rs. 325
MCH9640,Aurora and Sons,04131,TRAVEL,Sole Proprietor,Lucknow,Uttar Pradesh,1694242490,6211538586,Live,"₹1,623.21"
MCH9679,RAMAN LTD,,HOTEL_LODGING,SOLE-PROPRIETOR,DELHI,Delhi,07-09-2024,PIVF1729636161305,I,310.73
MCH7519,"Sarkar, Garg and Kumar",4131,Bus/Taxi,partnership,LKO,Uttar Pradesh,01/06/2025,6307100507,I,₹771.94
MCH7061,Grover and Sons,7011,Hospitality,INDIVIDUAL,JPR,Rajasthan,1686608001,,A,462.72
MCH3916,"Parmer, Chakrabarti and Sibal",04131,Transport,individual,Jaipur,Rajasthan,03-Jan-2025,XXXX6443,Enabled,Rs. 794
mch5043,"Chakraborty, Gour and Kothari",4131.0,TRAVEL,PRIVATE-LIMITED,Calcutta,West Bengal,2025/03/17,ROSR2212738533894,I,614.63
MCH1343,"Madan,TrivediandGanguly",NA,garments,individual,BLR,Karnataka,15/10/2025,QSCH7195613672769,ACTIVE,"1,927.76"
MCH6666,  Baral Inc  ,05699,Clothing,Individual,Bengaluru,Karnataka,2025/12/22,DXHD9016941179950,Active,381.87
MCH2997,Karan Inc,7011,Hospitality,PRIVATE-LIMITED,lucknow,Uttar Pradesh,16/10/2023 05:07 PM,1402967436,Live,1286.53
MCH1257,Varma-Maharaj,5942,Books,sole_proprietor,Calcutta,West Bengal,15/04/2023 04:16 PM,VIAW9051693811302,ACTIVE,3059.27
mch8719,kala llc,5311,Department Store,INDIVIDUAL,Kolkata,West Bengal,2025/10/25,NA,ACTIVE,"INR 2,779.32"
MCH 3086,Pant Inc,5812,Food,PRIVATE-LIMITED,chennai,Tamil Nadu,2023-10-13 11:54:24,XXXX6152,Active,287.52
mch1642,Zacharia-Dhawan,5411,GROCERY_STORE,PARTNERSHIP,Kolkata,West Bengal,2023-01-02 04:08:32,XXXX3812,Enabled,Rs. 363
MCH4094,jani-mistry,5311,DEPT_STORE,PARTNERSHIP,Amritsar,Punjab,05-06-2024,NA,A,5482.47
MCH5416,Upadhyay LLC,5942,Stationery,INDIVIDUAL,chennai,Tamil Nadu,2024/07/24,XXXX2133,Enabled,
MCH5618,Biswas and Sons,5912,Pharmacies,PARTNERSHIP,delhi,Delhi,03/04/2024 09:03 PM,XXXX7039,Enabled,833.5
MCH2765,"SANT, NATT AND SAWHNEY",7011,Hotel,Private Limited,Kolkata,West Bengal,04/04/2023 09:56 PM,XXXX8678,INACTIVE,"₹1,191.66"
mch3554,"Chowdhury, Mann and Mitter",4131,Transportation,INDIVIDUAL,Jalandhar,Punjab,2025-04-27 19:48:07,XXXX2146,Active,893.92
MCH8718,  Chaudhari-Bhalla  ,5812,eating place,Individual,Poona,Maharashtra,1721709510,NA,ACTIVE,
MCH5683,subramanian group,5311.0,dept_store,PRIVATE_LIMITED,LKO,Uttar Pradesh,1729783610,XUFZ9750077803623,Suspended,774.44
MCH9786,"Pai, Thakkar and Krish",5311,Department Store,PRIVATE-LIMITED,HYDERABAD,Telangana,,,Active,"INR 1,876.06"
MCH3011,"Ahluwalia, Contractor and Comar",5311,Department Stores,SOLE-PROPRIETOR,Dilli,Delhi,11-30-2023,XXXX1217,Closed,"INR 2,626.62"
MCH 3508,  Prabhu and Sons  ,4131.0,TRAVEL,PRIVATE_LIMITED,DELHI,Delhi,26-Jul-2024,,Enabled,"Rs. 1,850"
MCH5805,natarajan-walla,04131,Bus/Taxi,PARTNERSHIP,ludhiana,Punjab,2025-06-03 12:56:57,XXXX1704,Active,₹449.15
MCH3689,"Palla, Gara and Malhotra",5942,Stationery,PARTNERSHIP,Bengaluru,Karnataka,2025/02/04,JSVI9099789537273,Disabled,"1,319.27"
MCH1755,Kulkarni and Sons,MCC-4814,phone service,INDIVIDUAL,MUMBAI,Maharashtra,12-29-2025,9887027328,Active,-1088.47
mch1277,Bhatnagar-Borah,5812,Restaurant,INDIVIDUAL,Kolkata,West Bengal,,4086473586,Active,3540.87
MCH 9696,D’Alia-Bhardwaj,5999.0,Misc Retail,Private Limited,Lucknow,Uttar Pradesh,1708206136,XXXX0392,Active,3568.12
MCH2166,SANT-VENKATESH,5912,Pharmacy,individual,ASR,Punjab,2024/09/20,9608426270,ACTIVE,789.14
MCH4165,"Dhar,PallaandKorpal",4814,TELECOM,private_limited,pune,Maharashtra,2024/05/29,EWYW3013882760872,Hold,
MCH2938,"Babu, Lata and Zacharia",5411,kirana,private_limited,Poona,Maharashtra,06-Sep-2024,ZZOP9174222804228,Live,823.9
MCH6982,"Baral, Ramachandran and Keer",MCC-5942,Stationery,PARTNERSHIP,LKO,Uttar Pradesh,13/09/2025,IVWY4612352669313,Hold,"INR 5,234.31"
mch2220,Tailor and Sons,5311,DEPT_STORE,Sole Proprietor,Mumbay,Maharashtra,1750712067,,Enabled,INR 940.64
MCH-1885,mahal ltd,05999,Other,PRIVATE_LIMITED,HYDERABAD,Telangana,2025-11-07 18:42:57,NA,ACTIVE,Rs. 618
MCH7904,Kapadia-Pandya,5942,BOOKS_STATIONERY,Partnership,chennai,Tamil Nadu,09-20-2023,XXXX8842,Live,6260.03
MCH2211,KRISHNAN-SIBAL,5942,BOOKS_STATIONERY,Individual,Bengaluru,Karnataka,2023-05-28 18:32:06,,ACTIVE,1189.37
MCH7932,SETHI LTD,4814.0,telecom,Private Limited,Bengaluru,Karnataka,20/04/2025 10:28 PM,AUYT1495828220876,Active,4410.18
MCH6765,Sengupta-Keer,5912,chemist,INDIVIDUAL,New Delhi,Delhi,17-Nov-2025,XXXX7076,ACTIVE,"₹1,250.47"
mch7442,Thakur-Rana,05999,Miscellaneous,PARTNERSHIP,kolkata,West Bengal,17/01/2026 10:14 PM,NA,A,-1816.81
MCH6566,"Purohit, Chacko and Kadakia",MCC-4814,Mobile Recharge,Private Limited,chennai,Tamil Nadu,10/03/2024,YAOU8203503390794,Closed,"₹1,923.82"
MCH7728,"  Banerjee, Iyengar and Ganguly  ",7011,Hotel,Individual,jaipur,Rajasthan,10-11-2024,XXXX5198,ACTIVE,750.16
MCH3029,Sarma PLC,4131,transprt,SOLE_PROPRIETOR,Bombay,Maharashtra,15/06/2024,1403660080,A,163.28
MCH3656,kurian-chad,,Restaurant,Individual,Calcutta,West Bengal,18/12/2024 12:21 AM,NA,A,
MCH9393,  Vala-Bahri  ,04814,phone service,SOLE_PROPRIETOR,kolkata,West Bengal,2024-06-09 10:37:28,KRHX3053527242378,S,1926.43
MCH1948,Prabhakar-Kari,5699,Apparel,SOLE_PROPRIETOR,Mumbay,Maharashtra,11-21-2025,,Active,-6392.07
MCH2964,"Nanda, Comar and Sachdev",,Restaurants,SOLE_PROPRIETOR,Delhi,Delhi,05/03/2023,NA,Closed,1238.67
MCH9883,Modi PLC,5411,kirana,sole_proprietor,delhi,Delhi,25/08/2024,XXXX9460,ACTIVE,492.10
MCH8968,"MAJUMDAR, SETTY AND SAHNI",5812,Restaurant,PRIVATE_LIMITED,ASR,Punjab,23/02/2026 01:01 PM,,I,INR 477.90
MCH6410,Dua-Kara,5699,Clothing,INDIVIDUAL,Dilli,Delhi,,NA,Enabled,1003.3
MCH7844,Singh-Mane,,GROCERY_STORE,SOLE-PROPRIETOR,LDH,Punjab,31-Oct-2024,NA,A,"Rs. 1,309"
MCH1424,"GOEL, BALAY AND DUA",7011,HOTEL_LODGING,PRIVATE-LIMITED,Jalandar,Punjab,2025-10-19 00:36:54,,Enabled,5339.46
MCH1101,"Deo, Gill and Dhaliwal",MCC-5812,eating place,Private Limited,delhi,Delhi,26/05/2023 09:37 AM,,Enabled,"₹1,076.28"
MCH-2257,Mandal-Sankaran,5311,Department Stores,Individual,mumbai,Maharashtra,1713481902,,Live,"INR 4,831.04"
MCH 9335,"Sarraf, Wable and Deshmukh",5912,MEDICAL_STORE,individual,amritsar,Punjab,03/05/2023,,ACTIVE,Rs. 399
MCH3487,Subramanian Inc,5812.0,Restaurant,individual,Poona,Maharashtra,26/07/2025,,Live,"₹1,612.87"
MCH6224,"Khatri, Swaminathan and Loke",4131,Transport,SOLE-PROPRIETOR,ASR,Punjab,02/12/2024,CTJV7649423556703,ACTIVE,561.32
MCH3071,Misra-Padmanabhan,MCC-5812,Restaurants,SOLE_PROPRIETOR,ludhiana,Punjab,2024-07-24 08:52:44,IJYT4830685989652,Live,
mch5426,"DORA, SEHGAL AND CHOUDHURY",MCC-4131,Transport,Individual,Dilli,Delhi,2025/11/14,6432706759,Live,598.49
MCH8736,Dora-Sachar,5311,Department Stores,PRIVATE_LIMITED,Mumbai,Maharashtra,2024-10-11 13:06:21,XXXX8019,Active,2228.33
MCH4443,Sachar-Banik,5942,Stationery,PARTNERSHIP,JPR,Rajasthan,12-06-2024,BADT3910512012474,Live,"INR 2,375.86"
MCH1585,Khalsa-Kulkarni,5311,DEPT_STORE,PARTNERSHIP,New Delhi,Delhi,2023/05/22,XXXX6587,Enabled,3398.13
MCH4781,"Mohan, Sharaf and Narula",,Retail,SOLE_PROPRIETOR,Dilli,Delhi,08-Jan-2024,3603337866,Active,482.6
MCH8632,"Koshy, Suri and Dey",5812,Restaurants,INDIVIDUAL,DELHI,Delhi,2025-11-14 10:58:44,BRHB3883781562442,Active,3705.21
MCH 4093,  Krishnamurthy PLC  ,7011,Hotel,PRIVATE-LIMITED,Lucknow,Uttar Pradesh,03-15-2024,XXXX5675,Disabled,1291.9
MCH-7773,Goel-Srivastava,5999,Miscellaneous,individual,Jaipur,Rajasthan,18/07/2024,XXXX1201,S,
MCH4911,"Nigam, Mahajan and Misra",5411,GROCERY_STORE,INDIVIDUAL,bengaluru,Karnataka,06-14-2025,,Live,₹689.30
mch3640,Parikh-Raghavan,7011.0,Hotel,SOLE_PROPRIETOR,Hyderabad,Telangana,11/04/2023 10:07 PM,0058678829,Enabled,400.1
MCH4037,chaudhuri llc,5311,DEPT_STORE,INDIVIDUAL,Hyd,Telangana,11-23-2024,0677487191,Enabled,-2168.76
MCH1483,Mohan-Kari,5942.0,Books,Private Limited,amritsar,Punjab,02-11-2026,XXXX3338,Active,"1,901.08"
MCH7023,Walla-Raj,5311,Department Store,individual,Delhi,Delhi,1678965332,NA,Enabled,"INR 1,307.24"
MCH-4897,Bedi-Mitra,,Medical,Individual,LKO,Uttar Pradesh,,,INACTIVE,-851.98
MCH-7723,"Pandya, Barman and Biswas",5699,garments,private_limited,Ludhiana,Punjab,2025-01-06 01:31:38,MLMI7440738115367,Live,"3,268.86"
MCH7310,Mander Group,05699,Clothing,Partnership,lucknow,Uttar Pradesh,1757308878,WNOZ8918272123966,Closed,1987.96
mch7007,Sastry-Soni,7011,Hotels,sole_proprietor,chennai,Tamil Nadu,01/11/2024,XXXX4092,Disabled,-649.1
MCH5583,"Sama, Thaman and Bakshi",4814.0,Mobile Recharge,INDIVIDUAL,pune,Maharashtra,2023-07-21 01:11:03,XXXX8722,Enabled,2696.94
MCH1297,Luthra and Sons,5411.0,Grocery Stores,PRIVATE-LIMITED,New Delhi,Delhi,2023-06-12 01:16:32,5942366474,Live,381.86
MCH2648,Batta LLC,5999,retail other,PARTNERSHIP,jaipur,Rajasthan,10-10-2024,,Suspended,416.94
2923,Virk Group,4814,phone service,INDIVIDUAL,Jalandar,Punjab,,NA,Active,₹681.07
MCH2765,Mukhopadhyay Inc,5311,DEPT_STORE,SOLE-PROPRIETOR,LKO,Uttar Pradesh,2024/11/19,XXXX9677,Enabled,"INR 3,568.40"
mch5717,"Kuruvilla, Deol and Rama",5942,Stationery,SOLE_PROPRIETOR,jaipur,Rajasthan,16/05/2023 11:01 PM,,Active,8901.44
7313,Comar-Din,4814,Telecom,private_limited,mumbai,Maharashtra,18/01/2026,8645351517,ACTIVE,"1,884.45"
MCH7010,kuruvilla-shanker,5411,kirana,SOLE-PROPRIETOR,Dilli,Delhi,07-22-2023,,S,INR 524.40
8679,MANGAL-GOLE,5942,Books,PRIVATE-LIMITED,Jaipur,Rajasthan,01-Nov-2023,4734640473,Active,₹971.58
MCH3556,"Sant, 0ak and Jani",4814,phone service,PRIVATE_LIMITED,Calcutta,West Bengal,29-Mar-2024,,ACTIVE,-515.95
MCH 6313,Ramanathan PLC,UNKNOWN,Grocery,Sole Proprietor,Mumbai,Maharashtra,,THOM0066375833437,Active,"3,430.73"
MCH5343,Sangha-Pillay,5411,kirana,Individual,LKO,Uttar Pradesh,,4912596257,Inactive,"1,724.67"
MCH4064,"Sidhu, Kunda and Hayre",7011,HOTEL_LODGING,INDIVIDUAL,Pune,Maharashtra,05/02/2025,XXXX9354,Active,1462.39
5167,Bose and Sons,5942,Book Store,PRIVATE_LIMITED,Jalandhar,Punjab,20/08/2025 05:50 PM,,Inactive,"INR 1,269.25"
MCH-8005,"  Kumar, Ahluwalia and Thaman  ",4131,Transportation,SOLE_PROPRIETOR,Bengaluru,Karnataka,30/06/2025,,Live,-6211.56
MCH-2224,luthra-nagy,,Book Store,Individual,Jaipur,Rajasthan,10-23-2025,HRLX9724386565153,Inactive,₹890.70
MCH6079,"SESHADRI, MUNI AND BANIK",7011,HOTEL_LODGING,INDIVIDUAL,kolkata,West Bengal,02-24-2026,,ACTIVE,434.97
MCH2232,Borde-Sule,5311,Department Store,PARTNERSHIP,HYDERABAD,Telangana,24/02/2025,9040784909,A,642.26
MCH 6172,Raja Inc,5812,Food,Sole Proprietor,Hyderabad,Telangana,09-Nov-2024,NA,Enabled,"Rs. 1,050"
MCH9348,"TOOR, PAREKH AND AGATE",5942.0,Books,private_limited,ASR,Punjab,30-Mar-2025,HCSS6943242832650,A,"4,472.44"
MCH4416,Raju and S0ns,5999,miscellaneous,INDIVIDUAL,bengaluru,Karnataka,04/10/2025,6909361511,Suspended,"Rs. 3,955"
MCH 3275,Sridhar and Sons,5699.0,garments,Partnership,New Delhi,Delhi,2024-04-15 07:33:51,,Hold,
mch5607,Ba1a and S0ns,UNKNOWN,Transport,Individual,DELHI,Delhi,24-Jul-2023,,Enabled,2712.11
MCH6097,MANNAN PLC,5812.0,Restaurant,PARTNERSHIP,LKO,Uttar Pradesh,1739407191,XXXX8307,Live,₹258.41
mch9310,Ganguly-Tella,07011,Hospitality,INDIVIDUAL,pune,Maharashtra,29/03/2024,XXXX9831,A,-482.88
MCH9943,Mukhopadhyay-Kale,5699,Fashion,private_limited,Amritsar,Punjab,2025-11-30 15:51:23,HLRA9462438432419,A,2114.46
MCH-6645,Kalla Ltd,UNKNOWN,CLOTHS,Partnership,ASR,Punjab,29/01/2023 01:22 PM,CBQP9610741406951,ACTIVE,329.87
MCH4406,"Chand, Ahuja and Behl",07011,HOTEL_LODGING,Private Limited,Pune,Maharashtra,2023/06/09,NA,ACTIVE,"Rs. 3,629"
mch4792,Agrawal-Prabhu,5812,Food,SOLE_PROPRIETOR,Madras,Tamil Nadu,2025-11-02 16:37:14,NA,I,"Rs. 1,844"
mch1064,Mishra-Badami,5942,Books,SOLE-PROPRIETOR,lucknow,Uttar Pradesh,12/03/2025,,Live,"₹2,393.66"
MCH2679,"Barman, Bains and Shan",05912,chemist,PRIVATE_LIMITED,mumbai,Maharashtra,2024/12/25,2613968880,Active,1334.82
mch2118,Kakar Group,5812,Food,Sole Proprietor,Dilli,Delhi,2023-07-08 08:31:00,,A,Rs. 683
MCH5505,Wagle Ltd,04131,Transport,PARTNERSHIP,LKO,Uttar Pradesh,06-Jan-2025,,Disabled,INR 318.93
MCH9452,Kapoor-Kara,5999,Other,PRIVATE_LIMITED,kolkata,West Bengal,,TTFV4828934746515,Disabled,
MCH1261,"Cheema, Savant and Bakshi",5311,retail,sole_proprietor,Ludhiana,Punjab,03-Jun-2024,EXGQ1328686965867,Inactive,
MCH8873,"Pathak, Bath and Kant",4131,transprt,PARTNERSHIP,Pune,Maharashtra,11/06/2025,,ACTIVE,"2,212.30"
MCH4606,Vyas-Mukhopadhyay,7011,Hotels,Private Limited,Hyderabad,Telangana,09-29-2025,XXXX6697,Active,₹745.57
MCH8276,"Kakar, Handa and Sachdeva",5812,eating place,Sole Proprietor,Mumbai,Maharashtra,09-23-2025,XXXX1898,ACTIVE,"2,410.37"
MCH6608,"puri, dar and mann",,kirana,PRIVATE-LIMITED,delhi,Delhi,2024-02-10 07:57:42,,Active,-410.36
MCH7605,Kakar-Dhi110n,5311,Retail,Private Limited,BLR,Karnataka,07-21-2025,XXXX1255,Inactive,"₹1,126.42"
MCH8480,Doshi-Sarin,MCC-4131,Transportation,INDIVIDUAL,pune,Maharashtra,2023/07/02,,Live,-1310.85
MCH 8876,  Rai LLC  ,MCC-4131,TRAVEL,sole_proprietor,Bombay,Maharashtra,17-Feb-2025,MDBH5898755219705,Active,1825.17
MCH5845,kara group,5999,Misc Retail,PRIVATE-LIMITED,ASR,Punjab,1703993910,XXXX0508,Live,1557.96
MCH5482,"Baral, Tak and Rajan",5812,eating place,individual,Calcutta,West Bengal,2025-06-23 15:48:14,XXXX1905,Inactive,710.53
MCH4640,Choudhary-Joshi,5699,Clothing,PARTNERSHIP,JPR,Rajasthan,,GOPL6469934819715,Live,₹857.62
3811,"bhat, anand and bakshi",,Hotels,individual,Bengaluru,Karnataka,,4680162216,Enabled,₹563.14
mch3254,"Chanda, Maharaj and Chandra",4131,Transportation,Partnership,Hyd,Telangana,03-Nov-2025,TXWB1746078464859,Enabled,1842.04
MCH6228,"Kar, Agarwal and Karpe",5812,eating place,private_limited,Bengaluru,Karnataka,2024/08/05,,Suspended,1145.75
MCH-9008,"GOUR, AMBLE AND BAKSHI",5411,Grocery Stores,sole_proprietor,amritsar,Punjab,2024-12-18 18:50:53,NUSH9143769186873,Enabled,"1,167.35"
1532,sarna-kota,05999,Miscellaneous,private_limited,New Delhi,Delhi,21/10/2024,NA,A,4843.68
MCH2696,"Dave, Chaudhari and Bhatti",5411,groceries,individual,delhi,Delhi,2024/11/25,XXXX0248,Suspended,-9658.06
mch7627,  Maharaj-Narain  ,5311.0,Department Stores,INDIVIDUAL,LKO,Uttar Pradesh,26/03/2023 02:43 AM,YXZM1071683755810,Enabled,₹508.95
MCH7830,Hegde Ltd,,transprt,Sole Proprietor,Bangalore,Karnataka,,,Enabled,
MCH 9021,Dubey PLC,4814,TELECOM,Private Limited,JPR,Rajasthan,10-03-2023,DCIU7751773884205,Inactive,₹214.99
MCH-2813,"Panchal, Pradhan and Bora",5812,Food,INDIVIDUAL,jalandhar,Punjab,05/01/2026,,Live,-169.64
MCH7709,"JANI, SIDHU AND TRIPATHI",MCC-4131,Transport,PARTNERSHIP,Jaipur,Rajasthan,05/06/2025,KEWA6292181807133,Active,451.31
MCH6104,Keer-Gade,MCC-5311,Department Store,INDIVIDUAL,Calcutta,West Bengal,01/01/2023 08:32 PM,DQNV8530720672123,INACTIVE,935.82
MCH-8316,Nagi PLC,5812,Restaurant,Private Limited,Madras,Tamil Nadu,23/09/2023,XXXX1199,ACTIVE,1504.17
MCH6660,BISWAS GROUP,4131,Transportation,SOLE-PROPRIETOR,chennai,Tamil Nadu,1742337052,,A,204.05
MCH1177,"Mistry, Savant and Jha",4131,Transportation,Sole Proprietor,amritsar,Punjab,29/08/2025 06:32 PM,,ACTIVE,"1,663.99"
MCH9205,Lala Ltd,4131,Transport,PRIVATE_LIMITED,Kolkata,West Bengal,26/11/2024 04:12 AM,XXXX6473,Suspended,INR 569.25
MCH7733,Bora Inc,,Telecom,PRIVATE-LIMITED,LKO,Uttar Pradesh,2024/01/22,XXXX3762,Active,5028.38
MCH9140,  Dugar-Uppal  ,5411,Grocery Stores,PARTNERSHIP,Jaipur,Rajasthan,2024-12-06 06:26:10,,A,"₹1,470.42"
MCH2398,Kapur-Dani,5311,DEPT_STORE,INDIVIDUAL,chennai,Tamil Nadu,1694797115,IWCQ2998069556193,Active,711.05
MCH5141,Gera-Kashyap,4814,TELECOM,Partnership,Ludhiana,Punjab,01/08/2024 12:21 AM,NA,Enabled,2000.07
MCH9126,Anne-Chahal,5411,Grocery,PARTNERSHIP,Hyderabad,Telangana,2023/03/05,,A,
MCH1583,SARIN-MORE,5812,Restaurants,private_limited,ASR,Punjab,2023/10/05,1923155303,Live,1435.48
MCH2283,"Dhawan, Pa11a and Krishnan",7011,HOTEL_LODGING,PARTNERSHIP,Hyd,Telangana,,2734680306,A,954.74
MCH5646,Luthra PLC,5942,BOOKS_STATIONERY,SOLE-PROPRIETOR,Madras,Tamil Nadu,06/04/2024,NA,Active,2198.41
MCH1269,SHUKLA PLC,5699,Clothing,Individual,Hyd,Telangana,1741028409,,Active,"1,758.28"
4881,"Wadhwa, Morar and Kara",5912.0,Pharmacies,Sole Proprietor,Jalandar,Punjab,26-Aug-2023,XXXX1836,Enabled,INR 367.72
MCH6492,PERI LLC,05912,Pharmacies,Individual,MUMBAI,Maharashtra,1755681483,NA,Active,3574.25
MCH6422,"Bhatnagar, Bora and Venkataraman",5912,Pharmacies,SOLE_PROPRIETOR,Poona,Maharashtra,11/05/2025 11:45 AM,NA,Live,"₹1,587.75"
MCH1210,"Dua, Buch and Kaul",NA,Book Store,PRIVATE-LIMITED,Bombay,Maharashtra,,9379400368,Suspended,"Rs. 1,903"
MCH8801,BEDI INC,5912.0,Pharmacy,SOLE_PROPRIETOR,LKO,Uttar Pradesh,2024/08/11,XXXX1264,Active,"₹3,479.49"
mch5715,"Bansal,AryaandBhat",5912,Pharmacy,private_limited,Bangalore,Karnataka,20-Jan-2025,,Active,"₹1,290.00"
MCH7429,"Sandal, Raja and Gopal",7011,HOTEL_LODGING,sole_proprietor,BLR,Karnataka,12-15-2023,,Live,"₹1,419.21"
MCH3596,CHOUDHRY LTD,4131.0,Transport,PRIVATE-LIMITED,lucknow,Uttar Pradesh,11/11/2024,NDFD6315987877623,ACTIVE,311.69
MCH2884,Malhotra-Sarin,5942,BOOKS_STATIONERY,SOLE-PROPRIETOR,pune,Maharashtra,02-27-2025,,A,683.54
MCH1098,"raval, yadav and yogi",7011,Hotel,Private Limited,Jaipur,Rajasthan,01/12/2023,XXXX3614,ACTIVE,Rs. 181
mch1118,"BASAK, PILLAI AND ARORA",5999.0,Retail Other,private_limited,Madras,Tamil Nadu,01-06-2026,,ACTIVE,3933.25
MCH2267,Bobal and Sons,7011,HOTEL_LODGING,PARTNERSHIP,delhi,Delhi,03/01/2023,NKYD4958921832559,Enabled,"2,114.71"
MCH2727,Ahluwalia and Sons,5942,BOOKS_STATIONERY,PARTNERSHIP,BLR,Karnataka,24-Jul-2023,FLWS4381228751020,Enabled,₹133.58
MCH3308,"DHAWAN, RANGANATHAN AND LUTHRA",5699,garments,PARTNERSHIP,Amritsar,Punjab,09/01/2026,XXXX7835,Disabled,"₹2,438.38"
MCH6560,"Pandit, Jayaraman and Chokshi",4814,phone service,individual,Hyd,Telangana,2023/05/29,3945566171,ACTIVE,"₹11,930.97"
MCH9400,"Dara, Desai and Sethi",5999,Other,PARTNERSHIP,Mumbai,Maharashtra,23-Aug-2025,NA,ACTIVE,"INR 2,120.88"
MCH-7675,Suresh-Tandon,4131,Bus/Taxi,partnership,pune,Maharashtra,24-Jan-2025,NA,Live,1022.55
MCH5328,Kaur Group,05699,garments,PARTNERSHIP,lucknow,Uttar Pradesh,2025-04-07 20:09:14,,Enabled,"Rs. 1,594"
mch1449,"Chadha, Ramakrishnan and Badami",7011,HOTEL_LODGING,Partnership,Hyderabad,Telangana,2023-09-28 15:52:52,NA,Blocked,1634.83
MCH9277,Pa1-R0ut,5942,Stationery,individual,ASR,Punjab,2026-02-10 18:58:24,NA,A,963.33
5210,"Gill, Acharya and Naidu",5912,chemist,Partnership,Amritsar,Punjab,2024/12/10,1435006704,S,"₹1,319.30"
MCH1434,Kale and Sons,5812,Restaurants,PRIVATE_LIMITED,Jalandar,Punjab,04-25-2023,0258989067,Enabled,985.73
MCH7184,Dara Inc,,GROCERY_STORE,SOLE_PROPRIETOR,Mumbay,Maharashtra,31-Aug-2023,NA,Live,"₹1,095.25"
MCH5684,Arora PLC,5699,CLOTHS,Sole Proprietor,kolkata,West Bengal,15/11/2023 04:39 PM,XXXX4030,A,INR 898.89
MCH8650,Konda Ltd,5999,Miscellaneous,SOLE_PROPRIETOR,Ludhiana,Punjab,27/05/2024,XXXX1884,Active,₹578.35
MCH2274,"KUNDA, VIG AND PARSA",5999,Other,SOLE_PROPRIETOR,Mumbai,Maharashtra,06/06/2023 04:13 AM,XXXX2871,A,"Rs. 3,028"
MCH-9413,Kala-Sarkar,5912,Pharmacies,SOLE-PROPRIETOR,HYDERABAD,Telangana,2023-10-25 07:38:39,XXXX4409,Active,869.76
MCH9516,"SULE, BORRA AND RATTAN",misc,Food,PARTNERSHIP,amritsar,Punjab,2023-01-19 00:01:38,NA,Enabled,-397.19
MCH3659,Kashyap LLC,4131,Bus/Taxi,PARTNERSHIP,Poona,Maharashtra,06-Jul-2025,,Active,403.54
MCH8370,"ramaswamy, dugal and upadhyay",4131,transprt,Sole Proprietor,New Delhi,Delhi,,XXXX7519,Enabled,₹538.41
mch9807,PILLAY-SULE,05912,chemist,PARTNERSHIP,LDH,Punjab,17/09/2024,NA,Live,"₹3,555.86"
MCH6983,Barman-Chand,5311.0,Department Stores,partnership,DELHI,Delhi,2024-10-07 12:44:43,,Live,"3,713.18"
MCH 4094,Thakur-Shah,05311,DEPT_STORE,individual,Madras,Tamil Nadu,12-25-2024,8582719146,Active,1848.8
MCH2416,"Gokhale, Dua and Murty",5411,kirana,Sole Proprietor,New Delhi,Delhi,2024/09/15,0489469400,Live,4341.41
MCH1838,Manda-Deshpande,05942,Stationery,Partnership,jalandhar,Punjab,1756966936,XYTA4197098019941,A,"INR 2,224.32"
MCH9946,Koshy Group,UNKNOWN,Stationery,PRIVATE-LIMITED,Hyderabad,Telangana,,XXXX9561,SUSPENDED,1728.0
5274,"Nair, Dave and Hayre",4131.0,TRAVEL,individual,BLR,Karnataka,08/04/2023,AJZR1927630901873,Active,INR 598.65
MCH3399,MUNI AND SONS,5699.0,garments,Private Limited,amritsar,Punjab,04/07/2024,2117257070,ACTIVE,-3737.76
mch5823,GARDE LLC,5311,Department Stores,SOLE_PROPRIETOR,bengaluru,Karnataka,15/03/2023,XXXX1484,Inactive,1075.77
MCH9130,Chhabra LLC,5812,eating place,PRIVATE-LIMITED,jalandhar,Punjab,09/12/2024,,Active,1786.29
mch3553,"Goda, Padmanabhan and Goswami",4131,Transportation,Individual,Jaipur,Rajasthan,,NA,Hold,"Rs. 1,035"
MCH2610,"Dhar, Mahajan and Sarkar",5912,Pharmacy,PRIVATE-LIMITED,Dilli,Delhi,1754763869,GLOR5725383010765,Active,-3319.36
MCH6392,NAZARETH PLC,7011,Hotel,individual,Hyd,Telangana,06-May-2023,2855125611,ACTIVE,"₹3,645.82"
mch6862,Misra-Dada,4814,TELECOM,PRIVATE_LIMITED,Kolkata,West Bengal,12-Aug-2025,XXXX0069,Live,Rs. 736
MCH-2564,Bumb and Sons,7011,Hotels,private_limited,Hyd,Telangana,18-Apr-2025,XXXX0675,ACTIVE,"₹1,155.71"
MCH7040,Bhasin-Lala,5942,Stationery,Individual,MUMBAI,Maharashtra,11/10/2025,FTZP5237157996499,Suspended,"INR 2,406.66"
MCH-3760,Das-Ahuja,5812,eating place,SOLE_PROPRIETOR,Lucknow,Uttar Pradesh,13-Jan-2023,QOFI2681256583657,Active,₹755.00
MCH 3700,"Sinha, Purohit and Shetty",5912,chemist,INDIVIDUAL,Bengaluru,Karnataka,01/04/2025,2727095091,Disabled,"INR 1,238.03"
MCH2232,Saha PLC,7011,HOTEL_LODGING,PARTNERSHIP,Dilli,Delhi,28-Sep-2023,8260481168,I,"Rs. 1,033"
MCH7422,Divan-Vaidya,5942,Book Store,individual,Jaipur,Rajasthan,26/07/2024 01:42 PM,7661131218,Suspended,170.31
MCH2849,Gokhale-Iyengar,MCC-4814,TELECOM,Partnership,Jalandhar,Punjab,,8509639866,ACTIVE,1215.62
MCH3572,Kohli PLC,,TRAVEL,sole_proprietor,DELHI,Delhi,20-Nov-2025,XXXX5864,ACTIVE,-1042.66
mch9001,Sangha-Ravi,05912,Pharmacy,INDIVIDUAL,Bangalore,Karnataka,10-17-2024,,Enabled,₹242.09
MCH7473,"Goswami, Narang and Chaudhari",5411,groceries,Partnership,Hyd,Telangana,,NA,Active,1709.42
MCH8358,Tripathi-Borah,5912,Pharmacies,Private Limited,kolkata,West Bengal,2025/06/12,BKSI3267781366733,Live,"₹1,758.66"
MCH7463,CHAUDRY-NATARAJAN,5912,MEDICAL_STORE,PARTNERSHIP,chennai,Tamil Nadu,05/07/2025 02:13 PM,VIFS4477584866493,ACTIVE,
MCH8910,Varkey Group,5912,Pharmacies,INDIVIDUAL,ludhiana,Punjab,2025-02-07 02:32:41,XXXX9985,ACTIVE,"INR 9,929.86"
MCH-2879,"Sidhu, Kumer and Venkatesh",4131,Bus/Taxi,partnership,BLR,Karnataka,14/02/2024,,ACTIVE,"₹1,726.80"
MCH3416,"Rau, Baral and Karan",4814.0,phone service,PRIVATE_LIMITED,Ludhiana,Punjab,2024/02/02,NA,Live,Rs. 894
MCH3600,Bhat-Naik,5999,Retail Other,PRIVATE-LIMITED,ASR,Punjab,,0307550331,A,"3,889.22"
MCH3571,"Aurora, Kamdar and Vasa",5411,kirana,Private Limited,LKO,Uttar Pradesh,03-Feb-2023,NA,A,583.65
MCH 1552,uppal plc,4131,transprt,SOLE_PROPRIETOR,HYDERABAD,Telangana,,NA,Live,"Rs. 1,136"
MCH9311,"Dyal, Mohan and Patla",5942,Books,SOLE-PROPRIETOR,Bengaluru,Karnataka,16-Feb-2025,8480146699,Live,1774.56
MCH5822,Gandhi-Krish,5311.0,Retail,Sole Proprietor,Bangalore,Karnataka,10/02/2023,7874103727,ACTIVE,1268.39
MCH1861,Vora-Balan,5411,groceries,Sole Proprietor,Pune,Maharashtra,17/10/2025 12:39 AM,MBHV3858162453364,Disabled,2646.57
mch9811,natarajan-goswami,5699,Clothing,PARTNERSHIP,Mumbay,Maharashtra,2023-08-24 00:06:28,,Active,5908.31
MCH-7226,"Peri, Barad and Panchal",5942,Books,SOLE_PROPRIETOR,Delhi,Delhi,11-30-2024,VDWB1270434840968,ACTIVE,"Rs. 4,237"
MCH9245,zachariah-suri,5311,Retail,INDIVIDUAL,jalandhar,Punjab,2023/05/03,ZBKQ5898737738506,Enabled,₹328.18
MCH1219,Srinivas-Bobal,5912,Pharmacies,SOLE-PROPRIETOR,Madras,Tamil Nadu,27-Aug-2023,NA,Enabled,2814.27
MCH-3488,  Sarna-Ramaswamy  ,5699,Clothing,Private Limited,Kolkata,West Bengal,2025-12-10 17:02:29,XXXX7182,Enabled,"₹1,118.60"
MCH-1040,Krishnan and S0ns,5411,kirana,sole_proprietor,Jalandar,Punjab,2023/01/06,5805252531,Live,"₹1,030.03"
MCH-9140,Raghavan-Batta,4814,Telecom,INDIVIDUAL,bengaluru,Karnataka,2024-11-04 20:20:17,HHIC1764468874406,ACTIVE,755.01
MCH8870,Solanki-Cherian,4131,Transportation,PARTNERSHIP,Kolkata,West Bengal,04-Jul-2025,HJDK9008014525015,ACTIVE,"Rs. 1,597"
MCH 3541,"SRIVASTAVA, TELLA AND KONDA",4814,mobile recharge,PRIVATE-LIMITED,DELHI,Delhi,10-31-2024,XXXX6960,Inactive,"₹2,341.43"
MCH 4439,DESHPANDE LTD,5812.0,eating place,partnership,bengaluru,Karnataka,02-Apr-2025,XXXX4378,ACTIVE,-917.66
MCH2767,"Munshi, Kohli and Pai",,garments,private_limited,LKO,Uttar Pradesh,1772279230,6694122395,A,1994.09
MCH8606,Prabhakar Ltd,5942,Book Store,Partnership,Mumbay,Maharashtra,25/11/2024 10:32 PM,NA,Enabled,₹602.72
MCH9276,TRIVEDI-KUNDA,5699,CLOTHS,INDIVIDUAL,Delhi,Delhi,31/12/2025 04:58 AM,XXXX9182,Live,2310.01
MCH6692,Kamdar Inc,5999,Retail Other,PRIVATE_LIMITED,Lucknow,Uttar Pradesh,02/09/2023,NA,A,INR 116.28
MCH8057,Kalla Group,5912.0,MEDICAL_STORE,Sole Proprietor,Mumbai,Maharashtra,29-Aug-2025,NA,ACTIVE,437.01
MCH5263,"Narang, Kata and Pillai",5311,Department Stores,PRIVATE-LIMITED,Ludhiana,Punjab,12-08-2024,NA,A,
MCH8893,Anand-Dada,5411,kirana,PRIVATE-LIMITED,Delhi,Delhi,02-15-2023,NA,A,598.72
MCH4709,Ramakrishnan-Palla,4814,phone service,individual,BLR,Karnataka,15/02/2026,AMXA0608566091033,Live,1190.3
MCH2444,"Sachar, Das and Deo",4131,Bus/Taxi,SOLE_PROPRIETOR,Jalandar,Punjab,12-May-2025,NA,Enabled,₹563.27
MCH7580,"Setty, Kala and Ramesh",7011,Hotel,PARTNERSHIP,JPR,Rajasthan,2025/10/20,,ACTIVE,-377.84
MCH1087,"Mitter, Sawhney and Luthra",7011,Hotels,Partnership,Madras,Tamil Nadu,04-19-2025,,SUSPENDED,"INR 2,381.71"
mch4066,Nazareth Group,UNKNOWN,Book Store,SOLE-PROPRIETOR,Kolkata,West Bengal,2023-01-28 16:03:19,XMZT2343976498711,ACTIVE,-507.68
8169,"Kapur, Prashad and Srinivasan",5999,Miscellaneous,INDIVIDUAL,Jaipur,Rajasthan,11/03/2024,XXXX1277,ACTIVE,"Rs. 1,294"
MCH-9022,"Kunda,DugarandKari",5699,garments,individual,amritsar,Punjab,24/01/2026,NA,A,"Rs. 1,439"
MCH3287,"dave, ganesan and biswas",5311,Retail,Individual,Bengaluru,Karnataka,,7925995111,ACTIVE,"Rs. 1,007"
MCH2522,Savant-Sangha,5311,Retail,PARTNERSHIP,MUMBAI,Maharashtra,01/03/2024 03:56 PM,1167145374,Active,702.03
MCH 4362,Sura LLC,7011,HOTEL_LODGING,INDIVIDUAL,Jaipur,Rajasthan,2023/04/23,2143307806,S,Rs. 218
MCH9060,"RAMASWAMY, SINGHAL AND DEEP",05999,Retail Other,INDIVIDUAL,mumbai,Maharashtra,01/01/2023,,Enabled,"Rs. 1,011"
mch5890,Apte-Sant,5311,Department Store,partnership,ASR,Punjab,27/01/2026,BNKX3894227656030,INACTIVE,"2,687.77"
MCH1327,GandhiPLC,5699,garments,SOLE-PROPRIETOR,LKO,Uttar Pradesh,02-Nov-2023,XXXX1458,Enabled,902.09
MCH8636,GHOSH-DASH,05942,Stationery,PARTNERSHIP,ASR,Punjab,2023-09-06 09:12:03,8172688665,A,"INR 3,699.41"
MCH2676,"Kohli, Biswas and Aggarwal",5912,chemist,PARTNERSHIP,Pune,Maharashtra,2026/01/30,LQDP7543612313020,INACTIVE,
MCH6654,Tella Group,5812,Restaurant,SOLE_PROPRIETOR,HYDERABAD,Telangana,,,Active,"Rs. 1,438"
MCH2418,Majumdar-Hegde,5411,groceries,Partnership,pune,Maharashtra,09/06/2023 01:09 PM,NA,A,-2787.7
MCH4148,"Muni, Chaudhari and De",5999,Other,PRIVATE-LIMITED,kolkata,West Bengal,20-Dec-2024,2868917120,Disabled,"₹2,139.38"
MCH4285,Bhatnagar-Atwal,5942.0,Book Store,partnership,jalandhar,Punjab,,NA,Closed,INR 988.90
MCH7362,"Rege, Thaker and Sinha",5912,MEDICAL_STORE,PRIVATE-LIMITED,pune,Maharashtra,2025/01/29,NA,Live,"INR 1,915.79"
MCH5683,Chauhan-Chakraborty,5912,MEDICAL_STORE,private_limited,Madras,Tamil Nadu,06/06/2025 12:35 AM,8678287299,ACTIVE,
MCH7196,Kunda-Bakshi,05311,Retail,PRIVATE-LIMITED,Kolkata,West Bengal,2026/02/08,NA,Suspended,859.44
MCH5040,NAYAR-KHATRI,4814,TELECOM,INDIVIDUAL,pune,Maharashtra,30/04/2025 04:40 AM,NA,Live,1055.33
MCH5639,"Viswanathan, Gupta and Varghese",7011,Hotel,sole_proprietor,Bombay,Maharashtra,2023/09/02,,Enabled,"Rs. 2,712"
MCH7048,Manda Inc,5942,Books,SOLE-PROPRIETOR,Calcutta,West Bengal,17/02/2024 04:08 AM,1555117689,Active,Rs. 776
mch9492,Mitra Gr0up,5912,chemist,PRIVATE_LIMITED,Kolkata,West Bengal,07-13-2024,8155802263,A,"1,049.00"
MCH7758,"memon, agate and deshpande",05699,Clothing,partnership,mumbai,Maharashtra,12-27-2023,KYBY5368849904131,ACTIVE,INR 362.28
MCH3668,Pandey-Uppal,MCC-4131,Transportation,SOLE-PROPRIETOR,pune,Maharashtra,1725386991,XXXX9816,Enabled,795.26
MCH 8828,RANGANATHAN AND SONS,MCC-4131,TRAVEL,Individual,amritsar,Punjab,2026-01-02 04:46:18,,Active,
MCH6774,PARSA LTD,5699,CLOTHS,PRIVATE_LIMITED,ASR,Punjab,17/01/2023,,Live,"2,007.14"
MCH2105,Nagar-Misra,5912,chemist,PRIVATE_LIMITED,jaipur,Rajasthan,2024-03-17 02:55:14,DJMK6141720098442,ACTIVE,"₹1,101.76"
MCH-8681,Suri Ltd,5699,Clothing,partnership,jalandhar,Punjab,1752896034,TFNO3503811861510,Live,1034.26
MCH3144,raval-korpal,MCC-7011,Hotels,PARTNERSHIP,New Delhi,Delhi,,,Live,1879.74
mch7639,Comar PLC,5411,groceries,PRIVATE-LIMITED,delhi,Delhi,29/11/2023,,Enabled,"₹2,058.56"
MCH1446,Sunder-Sathe,5311,Department Stores,SOLE-PROPRIETOR,Chennai,Tamil Nadu,11-18-2024,XXXX0028,A,"₹3,885.08"
MCH5749,"Chaudry, Minhas and Chatterjee",5812,Food,PRIVATE-LIMITED,Bombay,Maharashtra,09-May-2024,NA,ACTIVE,"Rs. 1,621"
MCH 5812,aurora and sons,7011,Hotel,Sole Proprietor,HYDERABAD,Telangana,03-03-2024,7984668048,ACTIVE,410.12
MCH7667,solanki llc,4814,TELECOM,Sole Proprietor,lucknow,Uttar Pradesh,28-Jun-2024,,Live,1620.69
MCH8798,Ch0wdhury-Su1e,5311,DEPT_STORE,INDIVIDUAL,Jalandhar,Punjab,1735353506,CPUC4526229447155,A,₹207.92
MCH2084,"Murthy, Dutt and Bakshi",4131,TRAVEL,private_limited,mumbai,Maharashtra,03-Apr-2024,NA,Live,659.75
mch6583,Raval-Badal,5912,Pharmacies,INDIVIDUAL,kolkata,West Bengal,2025/11/07,6285750236,A,"Rs. 2,083"
MCH4463,Bera-Kota,5699,CLOTHS,partnership,Amritsar,Punjab,03/08/2024,NA,S,"Rs. 4,533"
MCH4205,Behl-Narula,05311,DEPT_STORE,SOLE-PROPRIETOR,Calcutta,West Bengal,1701118285,NA,Live,"Rs. 4,442"
MCH9856,"Gala, Nadig and Borra",5411,Grocery,partnership,Lucknow,Uttar Pradesh,13/10/2025 11:24 PM,DZVT3507500653540,A,1744.37
2550,Dhaliwal LLC,4814,TELECOM,individual,chennai,Tamil Nadu,2024/08/25,NA,Enabled,-291.0
MCH3122,"  Bobal, Ramachandran and Guha  ",5912,chemist,SOLE-PROPRIETOR,Kolkata,West Bengal,21-Jan-2025,FHGU4599451146972,Active,1010.17
mch6844,"bedi, gill and dube",MCC-7011,Hospitality,Partnership,Kolkata,West Bengal,11/06/2025,MUIE3650763763562,ACTIVE,INR 713.58
MCH3221,Baria-Dube,7011,Hotels,Sole Proprietor,Kolkata,West Bengal,,CKDG4069954350716,Disabled,338.34
MCH9595,Kapur Inc,5999,Miscellaneous,PRIVATE_LIMITED,chennai,Tamil Nadu,10-26-2023,FKYL3305691122715,Live,
MCH4051,Dixit-Chaudry,,DEPT_STORE,Private Limited,Lucknow,Uttar Pradesh,17/08/2024,RUAK0632911011346,A,
MCH 2231,"Goyal, Balakrishnan and Patla",7011,HOTEL_LODGING,private_limited,BLR,Karnataka,2024-11-10 09:09:32,,INACTIVE,"INR 1,360.71"
MCH4028,TANEJA-BHATTACHARYYA,4131,Transport,PARTNERSHIP,Lucknow,Uttar Pradesh,14-Jul-2023,,Live,"Rs. 2,673"
MCH3139,"Chaudhry, Barman and Choudhury",5942,BOOKS_STATIONERY,Sole Proprietor,Bengaluru,Karnataka,2024-01-12 22:39:28,5767179524,ACTIVE,"Rs. 4,138"
MCH9038,"Dara, Pai and Saxena",UNKNOWN,garments,Sole Proprietor,LDH,Punjab,04-18-2024,0739300438,Inactive,2740.86
MCH2172,Pandey Group,5699.0,Clothing,INDIVIDUAL,Amritsar,Punjab,03-Oct-2023,NA,Closed,544.85
mch6278,"Keer, Sha and Sama",05912,Medical,PARTNERSHIP,kolkata,West Bengal,2025/08/23,2867105387,Enabled,"8,713.68"
MCH-1491,Tripathi Ltd,MCC-5699,Apparel,PRIVATE_LIMITED,Calcutta,West Bengal,20-Jun-2024,XXXX2255,A,-1820.04
mch3021,"Gupta, Mukherjee and Setty",4131,Bus/Taxi,sole_proprietor,Mumbai,Maharashtra,14-Feb-2026,XXXX2366,ACTIVE,INR 614.86
MCH6676,Balakrishnan-Baral,4131,Transport,PARTNERSHIP,chennai,Tamil Nadu,1754129871,NA,A,"₹1,126.87"
MCH4277,Khalsa Inc,MCC-5311,DEPT_STORE,Individual,Amritsar,Punjab,2023-01-31 21:37:31,FHSK9777802879372,ACTIVE,"INR 1,332.99"
MCH8210,Bains Group,5912,Medical,PARTNERSHIP,delhi,Delhi,2025/05/06,4433554214,Enabled,"Rs. 2,128"
MCH6158,"Dhingra, Ratti and Palla",4131,Bus/Taxi,Sole Proprietor,Amritsar,Punjab,26/04/2023,VDGT0468038681462,ACTIVE,1443.6
MCH 5669,"Sodhi, Luthra and Batta",5812,Restaurants,private_limited,Jalandhar,Punjab,2025-10-08 07:29:30,XXXX1040,Enabled,1557.34
MCH4741,KARA AND SONS,,Miscellaneous,PARTNERSHIP,jaipur,Rajasthan,02-13-2023,XXXX2970,Active,"2,009.21"
MCH8965,bajaj ltd,5942,Stationery,INDIVIDUAL,Chennai,Tamil Nadu,30/01/2025 07:02 AM,XXXX4056,Active,Rs. 326
MCH9651,Thakkar-Dass,5311,Department Stores,private_limited,jalandhar,Punjab,1679976808,NA,ACTIVE,"Rs. 2,535"
MCH3251,BALAN-KUNDA,5411,Grocery,INDIVIDUAL,LDH,Punjab,14/12/2024,NA,Enabled,"₹3,266.06"
MCH4338,Johal-Dara,7011.0,Hotel,INDIVIDUAL,JPR,Rajasthan,06/07/2025 08:41 PM,XXXX8581,Blocked,"₹3,419.42"
MCH3938,Acharya Group,7011,Hotel,Sole Proprietor,Kolkata,West Bengal,10-17-2024,NA,Active,2349.37
MCH9223,Ram LLC,5912,MEDICAL_STORE,SOLE_PROPRIETOR,delhi,Delhi,,NA,A,₹633.68
MCH-1922,"DEO, SARAF AND KALE",,Stationery,SOLE-PROPRIETOR,lucknow,Uttar Pradesh,,NA,ACTIVE,"₹2,507.85"
MCH8819,AcharyaInc,5912,MEDICAL_STORE,PRIVATE-LIMITED,ludhiana,Punjab,27/02/2024,XXXX4379,ACTIVE,"₹2,075.22"
mch2106,"  Doctor, Karnik and Sridhar  ",5999,Retail Other,partnership,bengaluru,Karnataka,16-Aug-2023,XXXX6082,I,871.69
MCH5493,KANT-BHANDARI,7011,Hospitality,INDIVIDUAL,Madras,Tamil Nadu,,,Active,"₹2,521.07"
mch9745,ramanathan-kara,4131,TRAVEL,sole_proprietor,Madras,Tamil Nadu,2023-11-27 13:35:38,,ACTIVE,
mch9104,Mannan-Kaul,4131,Bus/Taxi,sole_proprietor,amritsar,Punjab,17/08/2023 02:59 PM,XXXX9446,Enabled,-1425.14
5619,"Iyer, Lata and Bhatnagar",4131,transprt,PARTNERSHIP,Bengaluru,Karnataka,09/07/2025,XXXX4930,ACTIVE,"Rs. 5,962"
7013,"Batra,NarangandGala",5912,MEDICAL_STORE,SOLE_PROPRIETOR,New Delhi,Delhi,02-Mar-2025,XXXX0133,ACTIVE,"2,875.47"
MCH 3558,BRAHMBHATT-PERI,7011,Hotels,SOLE-PROPRIETOR,Poona,Maharashtra,2025-10-14 11:56:55,VGYH0383362932637,Enabled,
MCH8504,Kohli PLC,5411,groceries,sole_proprietor,Madras,Tamil Nadu,2025-05-05 19:30:15,5858195769,Live,977.26
MCH 1959,Khatri-Kumar,05912,Pharmacy,PRIVATE-LIMITED,MUMBAI,Maharashtra,01/09/2025 08:33 PM,VKRC9106963270153,A,Rs. 622
4838,SRINIVASAN LTD,5699,CLOTHS,Partnership,ludhiana,Punjab,1699179013,PWKI0930308328537,A,₹193.54
MCH1955,"SRINIVAS, KHURANA AND CHOUDHRY",5999,Retail Other,private_limited,Jalandhar,Punjab,18/01/2025 12:28 PM,XXXX5304,Live,883.05
MCH 7757,"Uppal, Kota and Ramaswamy",4814,phone service,individual,Delhi,Delhi,02-09-2024,XXXX2473,Live,669.43
MCH2623,"Oak, Nadig and Doshi",5411,kirana,sole_proprietor,jalandhar,Punjab,2025-03-18 11:32:41,SGLM9352062021997,ACTIVE,"1,380.47"
mch8341,TARA-BEN,MCC-5311,Retail,individual,Kolkata,West Bengal,26/06/2023,,ACTIVE,1137.47
MCH3570,sura-barman,5999.0,Other,Private Limited,Jalandhar,Punjab,2023-05-22 22:03:03,5640847872,Closed,"Rs. 1,099"
MCH3771,Bumb Inc,5999,Retail Other,partnership,LKO,Uttar Pradesh,11-06-2024,NA,A,2602.75
MCH3563,Dhar-Wable,,eating place,sole_proprietor,Madras,Tamil Nadu,25-Dec-2023,XXXX0345,ACTIVE,748.96
MCH9888,Lalla-Cherian,5411,kirana,sole_proprietor,mumbai,Maharashtra,1693599399,,Active,"Rs. 2,000"
MCH2733,CHAUHAN LTD,5411,Grocery,Sole Proprietor,New Delhi,Delhi,27-Dec-2024,,Active,872.28
mch3940,Chad-Dara,,groceries,PARTNERSHIP,Madras,Tamil Nadu,09/11/2024,XXXX0176,ACTIVE,-3610.64
MCH9949,Balan LLC,05411,groceries,private_limited,ASR,Punjab,27/06/2024,XXXX7461,Enabled,"2,493.77"
mch7386,Thaman Group,7011,Hotel,Sole Proprietor,Jalandar,Punjab,,3740809096,ACTIVE,3859.08
MCH7074,Yogi Group,5999.0,Other,Individual,bengaluru,Karnataka,04-19-2024,XXXX7029,ACTIVE,"Rs. 3,900"
MCH-7934,Srinivasan-Maharaj,5812,Restaurants,partnership,Chennai,Tamil Nadu,02-23-2023,NA,INACTIVE,1154.88
MCH1621,pandey-soni,5812,Restaurant,Sole Proprietor,Pune,Maharashtra,15/11/2023,XXXX4420,Closed,Rs. 769
MCH7900,Basu-Sami,04131,Transportation,Individual,New Delhi,Delhi,24-Apr-2025,CGXR1652716099772,Live,1035.61
MCH6488,"cheema, dubey and kala",misc,garments,Private Limited,Mumbai,Maharashtra,14-Nov-2024,,Enabled,"1,180.07"
MCH 6873,Dar and Sons,5311,Department Store,sole_proprietor,Jalandar,Punjab,,XXXX7759,Active,75.71
MCH9556,"Hari, Dave and Ahluwalia",4131,transprt,sole_proprietor,Chennai,Tamil Nadu,06-12-2025,LIFR2342836809377,Enabled,4820.97
MCH7249,  Prakash Group  ,5812,Restaurants,sole_proprietor,mumbai,Maharashtra,2024-11-30 17:32:21,4410967035,Enabled,"Rs. 1,855"
MCH8678,Dani-Talwar,07011,HOTEL_LODGING,PARTNERSHIP,LKO,Uttar Pradesh,07-Jul-2024,XXXX8500,I,393.54
mch9604,Merchant-Johal,5311,Retail,Partnership,Poona,Maharashtra,11-Oct-2024,2871306703,Live,762.2
MCH5180,Varkey Inc,5699,Fashion,Individual,Lucknow,Uttar Pradesh,1758875781,XXXX1928,Live,1047.37
MCH1779,"MAHARAJ, JAGGI AND REDDY",7011,Hotel,Partnership,bengaluru,Karnataka,02/09/2024,NA,Active,"INR 1,540.91"
mch1259,"Wagle, Verma and Ramanathan",,Medical,private_limited,Jaipur,Rajasthan,08-12-2025,NA,Live,548.2
MCH1009,Bha11a-Dave,,Bus/Taxi,INDIVIDUAL,mumbai,Maharashtra,01-08-2024,BAVP5007663773178,Live,"Rs. 1,496"
MCH5215,Tank-Golla,5999.0,Misc Retail,Individual,HYDERABAD,Telangana,08/06/2024 02:20 AM,XXXX4115,Active,"Rs. 1,953"
MCH6617,"Aurora, Bhakta and Bawa",5311,Department Stores,PRIVATE-LIMITED,pune,Maharashtra,2023/11/30,NA,A,₹324.91
MCH6376,"  Buch, Raj and Karan  ",05699,Apparel,partnership,HYDERABAD,Telangana,1704697055,IBFA8815501065293,ACTIVE,1366.82
MCH8160,Amble and Sons,5699.0,Apparel,individual,JPR,Rajasthan,2023/05/18,XXXX4907,A,"INR 5,769.95"
MCH1706,KandaandSons,4814,phone service,private_limited,Chennai,Tamil Nadu,2023-08-20 20:33:03,,A,₹546.33
MCH8931,"Pau, Chatterjee and Deol",7011,Hotel,Partnership,pune,Maharashtra,02-Mar-2024,,Enabled,"INR 1,739.01"
7149,  Keer-Dua  ,MCC-4131,Transportation,private_limited,Dilli,Delhi,10/02/2026 05:58 PM,NA,Active,-852.06
MCH8062,RANDHAWA-KATA,,Misc Retail,INDIVIDUAL,Bombay,Maharashtra,31-Mar-2024,,Active,"Rs. 1,473"
MCH8369,Samra-Radhakrishnan,5699,Apparel,SOLE-PROPRIETOR,Bengaluru,Karnataka,18/03/2024 01:50 PM,IECA0291676472161,ACTIVE,"2,175.82"
MCH1152,Raman-Choudhury,,Grocery,PARTNERSHIP,Chennai,Tamil Nadu,19-Dec-2025,XXXX0685,Active,Rs. 233
MCH2422,SAMPATH-BALASUBRAMANIAN,,phone service,PRIVATE-LIMITED,Bangalore,Karnataka,25/06/2025,7967511719,Suspended,"INR 2,352.58"
MCH1537,Goswami-Sibal,MCC-5812,FOOD_SERVICES,Partnership,Hyderabad,Telangana,04-05-2023,VFGD4255370364176,Enabled,360.35
MCH6455,Luthra-Wable,05999,Miscellaneous,PARTNERSHIP,Bombay,Maharashtra,04/09/2023,7955476293,Enabled,1528.51
MCH8980,"peri, karpe and saraf",,garments,sole_proprietor,Jalandar,Punjab,24/10/2024,XXXX9158,Live,INR 277.50
MCH2021,Shenoy-Wable,5912,chemist,Sole Proprietor,delhi,Delhi,05/06/2025,BNOS2436378037599,Live,"INR 2,287.51"
MCH9550,Chandra-Sangha,05942,Book Store,Sole Proprietor,Hyd,Telangana,2025/12/18,NA,ACTIVE,674.90
mch4716,Goda-Agate,5411,groceries,Sole Proprietor,Dilli,Delhi,01-07-2026,5226052062,Suspended,1438.61
MCH5224,Prabhakar-Baral,5999,Miscellaneous,SOLE_PROPRIETOR,Delhi,Delhi,06/02/2024 07:20 PM,VAHS1051982392955,A,INR 873.18
MCH9400,SACHAR PLC,5942,BOOKS_STATIONERY,sole_proprietor,Kolkata,West Bengal,28-Mar-2023,,Enabled,872.66
5883,Pillai Ltd,,BOOKS_STATIONERY,Partnership,pune,Maharashtra,18-Oct-2024,ELEN4323090043469,Active,"2,102.56"
MCH6150,Nagarajan-Peri,,phone service,sole_proprietor,Dilli,Delhi,19/04/2024,XXXX0784,Active,₹414.20
MCH9940,Mutti-Chakraborty,,Restaurants,PRIVATE_LIMITED,jaipur,Rajasthan,05-03-2024,NA,INACTIVE,"₹1,326.53"
mch3291,Sanghvi-Nair,7011,HOTEL_LODGING,private_limited,Bangalore,Karnataka,2023/09/25,NA,A,"Rs. 3,917"
MCH8931,Ramaswamy-Bhasin,5812,FOOD_SERVICES,partnership,Hyd,Telangana,05-23-2024,,Inactive,"Rs. 1,406"
MCH2738,Grover PLC,MCC-4131,TRAVEL,PARTNERSHIP,Pune,Maharashtra,1763852396,,Live,4547.63
MCH3786,Ratta-Bhasin,05999,Misc Retail,PARTNERSHIP,bengaluru,Karnataka,08-22-2023,,A,1037.97
MCH 1756,  Vala-Cheema  ,5311,Retail,INDIVIDUAL,New Delhi,Delhi,03/09/2023,XXXX7019,Live,"1,245.26"
9266,"Badami, Pathak and Nanda",5699,Clothing,PRIVATE_LIMITED,pune,Maharashtra,10/09/2024 07:17 PM,3246654174,Enabled,157.82
MCH4701,Bhagat and Sons,4131,Transportation,individual,Hyderabad,Telangana,17/03/2025,FBYF6895567808971,Enabled,493.82
MCH3530,DUGAR PLC,5699,garments,Individual,LDH,Punjab,08/10/2024 01:53 AM,,A,
MCH3605,Bhasin Ltd,04131,TRAVEL,PARTNERSHIP,LDH,Punjab,15/11/2023,NA,A,"₹1,858.98"
mch3661,"Tak, Sandhu and Baria",5311,DEPT_STORE,INDIVIDUAL,Bengaluru,Karnataka,02-Apr-2023,UIJD2569404575285,Hold,865.02
MCH7845,  Bhasin-Dubey  ,4814,phone service,PRIVATE_LIMITED,Ludhiana,Punjab,22-Aug-2024,8372327074,Enabled,Rs. 994
MCH5912,"raman, viswanathan and garg",MCC-4814,Mobile Recharge,individual,bengaluru,Karnataka,01/12/2023 05:59 PM,3092091837,ACTIVE,"Rs. 4,153"
MCH6168,"raj, sharma and panchal",4131,Bus/Taxi,private_limited,LDH,Punjab,19/08/2025,,Active,"1,123.84"
MCH2430,Balay-Golla,MCC-5999,Misc Retail,Sole Proprietor,jalandhar,Punjab,1673962388,0079601658,Closed,-612.46
MCH2912,Natt-Kohli,UNKNOWN,groceries,private_limited,Jalandar,Punjab,2024-07-09 22:05:41,XXXX0399,I,1895.43
MCH 5629,Barman Ltd,4131.0,Transport,PARTNERSHIP,New Delhi,Delhi,16/10/2024 08:12 PM,,Enabled,"₹1,135.33"
MCH4682,Dora-Chander,4814,Telecom,individual,mumbai,Maharashtra,08-Mar-2023,,A,1036.09
MCH8080,"koshy, das and handa",5311,Department Store,PARTNERSHIP,ASR,Punjab,07-Oct-2023,,A,3825.94
MCH5448,"Bala, Sha and Bera",5311,Department Store,PRIVATE-LIMITED,Bengaluru,Karnataka,08-12-2025,,Enabled,₹523.59
mch8132,Sami-Balay,5699,garments,private_limited,bengaluru,Karnataka,2025-08-20 00:20:49,XXXX7576,A,"4,139.52"
MCH1229,Hayre Inc,NA,Retail Other,SOLE_PROPRIETOR,Calcutta,West Bengal,14/08/2023 12:08 AM,,Enabled,INR 527.50
MCH 8380,Chaudhari-Behl,07011,HOTEL_LODGING,partnership,Mumbay,Maharashtra,05-18-2024,XXXX2808,Enabled,780.2
MCH3294,"Murty, Vala and Pall",04131,Transport,individual,ludhiana,Punjab,2024/12/10,7450449470,Enabled,822.03
2185,wagle inc,,Medical,PRIVATE_LIMITED,Poona,Maharashtra,,XXXX8242,S,Rs. 828
MCH-8279,Lala PLC,5411,Grocery,Sole Proprietor,chennai,Tamil Nadu,,NA,Active,₹416.00
MCH6530,  Muni-Rout  ,05699,CLOTHS,individual,Pune,Maharashtra,10-15-2023,3811526471,Active,INR 938.29
MCH1363,Rattan-Shere,7011,HOTEL_LODGING,SOLE_PROPRIETOR,Madras,Tamil Nadu,2025/08/19,,ACTIVE,926.5
MCH7942,Parmar-Oza,5912,MEDICAL_STORE,SOLE_PROPRIETOR,Hyderabad,Telangana,2024-08-10 06:25:22,,ACTIVE,"₹1,133.78"
MCH2067,"Choudhry, Bhalla and Jaggi",5942,Book Store,INDIVIDUAL,Jalandar,Punjab,11-Mar-2023,NA,Closed,952.93
mch5283,"Ganesh, Parekh and Subramanian",05912,Medical,PARTNERSHIP,Hyd,Telangana,2025/03/02,,Active,307.25
MCH-9555,Chandra Ltd,4814,TELECOM,PARTNERSHIP,JPR,Rajasthan,2023-01-10 01:23:43,XXXX4338,Disabled,"₹7,981.95"
MCH8497,"Pandey, Dutta and Thakkar",5812,eating place,PRIVATE_LIMITED,New Delhi,Delhi,18/09/2025 03:34 AM,0266895023,Enabled,802.0
MCH 8527,"Varkey, Chacko and Sarraf",05411,kirana,PRIVATE_LIMITED,delhi,Delhi,2025-07-20 12:37:01,,ACTIVE,₹128.48
MCH7198,Dar-Sani,7011,Hotel,Private Limited,HYDERABAD,Telangana,2023-06-27 13:24:21,HWWD0144016589581,Active,1840.43
MCH6716,Shan PLC,5699,garments,partnership,Amritsar,Punjab,2025/09/07,XXXX2064,A,"₹1,208.93"
MCH2418,  Doctor Group  ,4131,Transport,sole_proprietor,bengaluru,Karnataka,25/03/2023 11:18 AM,8132788390,ACTIVE,523.42
MCH5135,swaminathan-kashyap,5942,Books,Sole Proprietor,Mumbay,Maharashtra,2024/01/22,RDNZ1508980329306,ACTIVE,INR 727.31
mch4075,  Sankar-Mandal  ,5812,eating place,PARTNERSHIP,Ludhiana,Punjab,,XXXX6718,Active,1056.32
mch1475,"Bora, Bhakta and Aurora",,Department Stores,private_limited,Calcutta,West Bengal,11-Jun-2024,8871048979,Enabled,"1,652.87"
MCH9362,"Lala, Oza and Chahal",5912.0,Pharmacies,SOLE-PROPRIETOR,Delhi,Delhi,2024/04/25,XXXX6427,ACTIVE,1820.41
MCH5709,shroff-mukherjee,4814,Telecom,private_limited,jaipur,Rajasthan,2024-11-10 18:13:32,FPQT8539252763493,ACTIVE,₹668.22
mch5064,bassi inc,5812,Restaurant,Individual,delhi,Delhi,2025-12-27 16:24:04,NA,Inactive,"Rs. 1,024"
MCH-3409,BADAMI AND SONS,7011,Hotel,SOLE_PROPRIETOR,bengaluru,Karnataka,2024/05/31,,Enabled,"₹1,179.18"
MCH-3829,"Seshadri, Bansal and Ahluwalia",5311,DEPT_STORE,sole_proprietor,Pune,Maharashtra,2024/09/20,8781513092,Inactive,"Rs. 1,296"
MCH-5036,Buch Inc,5942,Book Store,Partnership,Madras,Tamil Nadu,02-Feb-2023,9320708690,Active,"1,529.39"
mch8433,"Gill, Taneja and Bhardwaj",05411,Grocery,INDIVIDUAL,lucknow,Uttar Pradesh,12-May-2023,9035895384,S,5465.01
MCH2761,Sabharwa1-Pati1,5999,Other,PRIVATE-LIMITED,Hyderabad,Telangana,04-Apr-2025,NA,Closed,2607.92
MCH3298,"kurian, sheth and bains",5699.0,Fashion,INDIVIDUAL,delhi,Delhi,04-20-2025,XXXX3758,A,"Rs. 3,789"
MCH9551,Chaudhry-Vaidya,5942,Book Store,sole_proprietor,pune,Maharashtra,2023-04-23 05:10:39,XXXX2092,ACTIVE,1013.07
MCH8551,  Sule-Ganesh  ,MCC-5699,Clothing,individual,Kolkata,West Bengal,15/03/2023 04:50 AM,ILTD6256269158206,Live,"INR 1,452.12"
MCH2832,Parmer Inc,5311.0,Retail,Private Limited,Pune,Maharashtra,2025/10/26,NA,Live,₹831.48
MCH2240,"Shenoy, Tara and Kala",5912,Medical,partnership,Chennai,Tamil Nadu,25/03/2023,,Live,1500.77
MCH5627,"SRIDHAR, YOGI AND PANCHAL",5411,GROCERY_STORE,sole_proprietor,JPR,Rajasthan,2025/09/23,,Enabled,Rs. 483
MCH-8779,Tak-Wali,5812,Restaurants,Individual,bengaluru,Karnataka,24/01/2024,3182666424,Active,Rs. 206
mch3672,Ramaswamy PLC,UNKNOWN,Books,PRIVATE-LIMITED,Calcutta,West Bengal,24/01/2025,XXXX8500,Enabled,"9,848.33"
mch2223,"Magar, Krishnamurthy and Maharaj",5942,BOOKS_STATIONERY,private_limited,delhi,Delhi,,3527789859,Active,1565.53
MCH6922,"Walia, Mukherjee and Sodhi",05912,Medical,Private Limited,Mumbai,Maharashtra,,FUTM3546823667854,I,Rs. 371
MCH9806,Hari-Kant,5411,groceries,individual,amritsar,Punjab,2023/12/26,JKYA8958406507555,A,"INR 1,398.42"
MCH3889,Bhagat-Sarna,7011,Hotel,sole_proprietor,kolkata,West Bengal,1718962276,XXXX2885,Live,"2,088.06"
MCH8177,Bera PLC,04814,Mobile Recharge,individual,amritsar,Punjab,14-Jul-2023,3738058376,Disabled,491.01
mch8056,"Pai, Doshi and Nath",4814,Telecom,Private Limited,lucknow,Uttar Pradesh,05-26-2024,YMRE9652845311736,ACTIVE,INR 581.34
MCH6002,Ch0kshi-Kibe,5699,Apparel,sole_proprietor,Poona,Maharashtra,2023-05-17 16:17:04,NA,Live,864.81
6460,Deol-Narayanan,5311.0,Retail,Partnership,MUMBAI,Maharashtra,19/01/2026 08:20 AM,XXXX8283,Enabled,878.73
MCH7913,Ganesan-S00d,MCC-5912,Pharmacy,INDIVIDUAL,delhi,Delhi,2024/08/15,NA,Active,562.1
8945,KRISH AND SONS,5912,Pharmacies,PARTNERSHIP,Mumbay,Maharashtra,11-Jan-2024,XXXX9324,Live,411.91
MCH3703,Khatri-Shuk1a,5812,FOOD_SERVICES,private_limited,Jalandar,Punjab,,,S,"₹3,523.05"
MCH5137,"GREWAL, CHHABRA AND SAWHNEY",4131,Transportation,Sole Proprietor,LDH,Punjab,29-Jun-2023,NA,Live,551.72
MCH3612,"Manne, Dutt and Sah0ta",7011,Hotels,SOLE_PROPRIETOR,Jaipur,Rajasthan,13/06/2023,GSKL9256274813586,A,₹605.01
MCH2203,"DAR, KHURANA AND VASA",5812,Restaurant,SOLE-PROPRIETOR,Jaipur,Rajasthan,05/07/2024 09:28 AM,,ACTIVE,"₹14,312.42"
MCH5933,"natarajan, swaminathan and dugar",5999,Retail Other,PARTNERSHIP,Kolkata,West Bengal,26/09/2025 08:35 PM,XXXX6381,Active,-2711.41
MCH2850,Gera-Seth,4814,Telecom,Private Limited,Madras,Tamil Nadu,15-Mar-2023,NA,Live,689.16
MCH1619,DIVAN-BHATTI,MCC-5912,Pharmacy,sole_proprietor,New Delhi,Delhi,24-Dec-2025,,Active,477.85
MCH6183,DUTT PLC,7011,Hotel,SOLE-PROPRIETOR,Kolkata,West Bengal,2026/02/23,NA,Active,-1191.35
MCH4811,Rattan-Raval,5812,Food,Partnership,lucknow,Uttar Pradesh,2025/06/05,PPVP9119915286785,Active,-896.7
MCH3819,Butala-Patla,5999,Misc Retail,INDIVIDUAL,Delhi,Delhi,08-Apr-2023,XXXX5729,ACTIVE,2466.12
MCH4681,"Sengupta,VenkataramanandKonda",5411,Grocery Stores,INDIVIDUAL,pune,Maharashtra,10/01/2026 08:52 AM,,A,₹526.79
MCH3264,Gopal Ltd,7011,HOTEL_LODGING,SOLE_PROPRIETOR,Poona,Maharashtra,1684050722,NA,Active,1501.67
MCH1518,"Deol, Mand and Bhattacharyya",4131,Transportation,partnership,Jaipur,Rajasthan,2023-09-17 16:16:07,NA,SUSPENDED,Rs. 862
MCH5497,Devan Ltd,5912,Medical,partnership,kolkata,West Bengal,2023/11/20,NA,A,₹266.70
MCH3421,"Sandhu, Saxena and Talwar",5942,Stationery,Sole Proprietor,Delhi,Delhi,,XXXX6543,Suspended,"1,117.58"
MCH4623,"Gokhale, Ranganathan and Shenoy",05999,miscellaneous,PRIVATE_LIMITED,HYDERABAD,Telangana,2025-08-17 15:21:40,0347099856,Active,Rs. 171
MCH-8296,GARA INC,5411,groceries,PARTNERSHIP,Jalandhar,Punjab,1752684950,MFEL4687001236835,A,
MCH6183,Nayar and Sons,4131,Bus/Taxi,Individual,jalandhar,Punjab,07/06/2023,XXXX7204,Enabled,"Rs. 2,423"
MCH1171,Sampath-Shroff,05912,MEDICAL_STORE,PARTNERSHIP,Dilli,Delhi,1768800060,,Live,INR 393.94
MCH-8411,Chopra Group,NA,eating place,Private Limited,Jalandar,Punjab,01/01/2023,NA,Inactive,1067.4
MCH1022,Ramesh-Bhat,,Other,PRIVATE-LIMITED,HYDERABAD,Telangana,,NA,A,"3,026.17"
MCH 9635,Parekh-Mammen,MCC-5411,Grocery,PRIVATE_LIMITED,Poona,Maharashtra,2025-05-07 07:22:44,NA,Active,1533.7
MCH1675,"sarma, saxena and chandran",misc,Department Stores,Private Limited,jaipur,Rajasthan,06-09-2023,,Active,"INR 1,777.80"
mch8592,ramaswamy plc,4814,Mobile Recharge,individual,Amritsar,Punjab,,,S,Rs. 661
MCH7735,GARG-BALAN,MCC-5999,Misc Retail,SOLE_PROPRIETOR,Ludhiana,Punjab,24/01/2024,7094886442,Live,-639.06
MCH5023,"B0rde, Venkataraman and Sura",,Hotels,PRIVATE-LIMITED,chennai,Tamil Nadu,07-Jun-2024,,Live,1983.28
mch3423,Sant-Singh,07011,HOTEL_LODGING,partnership,Delhi,Delhi,2023-01-01 09:47:09,9051549967,Live,"11,283.23"
MCH5023,rastogi ltd,5411.0,Grocery Stores,INDIVIDUAL,LDH,Punjab,1727035715,6206604276,Enabled,532.62
MCH6058,Loke LLC,5942,Book Store,sole_proprietor,amritsar,Punjab,,TMOY5327017538734,Enabled,317.07
MCH4648,Tara-Pandya,5699,Clothing,partnership,Chennai,Tamil Nadu,2026/01/02,TEXQ3961216144905,Active,852.19
MCH 3696,"pandya, maharaj and sundaram",5942.0,Book Store,INDIVIDUAL,Poona,Maharashtra,07/08/2025,,Hold,₹416.04
MCH6577,D’Alia Inc,5699,CLOTHS,partnership,Bangalore,Karnataka,05/08/2023 04:50 PM,NA,Enabled,1979.76
MCH2077,Sahota Inc,5942,Book Store,partnership,lucknow,Uttar Pradesh,01-09-2024,BSBT5352705836134,Live,"₹2,058.18"
MCH7536,Kalla-Deo,5311,DEPT_STORE,Partnership,kolkata,West Bengal,08-29-2024,5654813293,Active,803.42
MCH-6024,"Doshi, Peri and Keer",4131,Transportation,PARTNERSHIP,Pune,Maharashtra,2025-01-01 16:46:07,,A,142.5
MCH 1883,"BAHL, KASHYAP AND SIBAL",5812,Restaurant,PRIVATE_LIMITED,jalandhar,Punjab,01-04-2023,XXXX4248,Enabled,
MCH3659,TANDON PLC,5411,kirana,INDIVIDUAL,LKO,Uttar Pradesh,30/01/2024,,Suspended,"INR 1,421.27"
MCH1946,Sibal LLC,7011,Hospitality,SOLE-PROPRIETOR,Jalandar,Punjab,2026-01-24 21:05:43,QGEZ9290048707008,A,"2,804.71"
5664,"Om, Kari and Pandit",5812,eating place,PARTNERSHIP,Hyd,Telangana,15/07/2024,7995815997,I,"₹6,853.27"
MCH2816,Yogi-Palan,,Miscellaneous,individual,mumbai,Maharashtra,02-14-2025,YLAY0045447026896,SUSPENDED,2753.81
MCH1816,Samra-Bhattacharyya,5912,Medical,individual,Kolkata,West Bengal,07-11-2024,NA,Live,"1,868.22"
mch5792,"bava, krish and ghose",4131,Bus/Taxi,partnership,Amritsar,Punjab,09/07/2024,0878817279,Hold,1136.54
7389,Basu-Bedi,5812,eating place,PARTNERSHIP,BLR,Karnataka,07/04/2023 12:28 PM,XXXX3335,A,
MCH2123,"Pandey, Swamy and Desai",5912,chemist,PRIVATE-LIMITED,Hyderabad,Telangana,31-Mar-2024,1343743370,A,"Rs. 2,367"
MCH5321,Maharaj Ltd,5912,Pharmacy,SOLE_PROPRIETOR,MUMBAI,Maharashtra,2024/08/29,9534555078,INACTIVE,-2746.79
MCH 7765,Dyal LLC,05812,eating place,individual,amritsar,Punjab,27/02/2025,XXXX8941,Active,3067.55
MCH6502,Mall PLC,5999,Retail Other,SOLE_PROPRIETOR,Chennai,Tamil Nadu,2025-05-10 03:33:00,,Inactive,"₹1,695.37"
mch4050,"ARYA, DYAL AND AURORA",5411,GROCERY_STORE,Partnership,kolkata,West Bengal,23/01/2026 02:54 AM,,A,980.29
MCH-4927,mohan plc,5699,Apparel,Individual,JPR,Rajasthan,04-Mar-2025,MQQO7446373111287,A,"INR 1,972.99"
MCH9548,Raja PLC,UNKNOWN,Transportation,partnership,JPR,Rajasthan,2026-02-22 14:03:23,XXXX5841,ACTIVE,"Rs. 1,649"
MCH2441,bhatnagar plc,4814,phone service,Individual,Jaipur,Rajasthan,04/05/2024 11:00 PM,4907126528,Live,"Rs. 1,789"
MCH8082,Contractor and Sons,7011,Hospitality,SOLE-PROPRIETOR,Amritsar,Punjab,20-Feb-2025,XXXX4733,A,4480.58
7729,"Jain, Bail and Rattan",05411,Grocery,PRIVATE_LIMITED,Pune,Maharashtra,1677914876,,A,"₹2,571.40"
MCH1977,Chahal-Kumer,5942,Stationery,SOLE-PROPRIETOR,Calcutta,West Bengal,01-Sep-2025,XXXX3479,Enabled,Rs. 897
MCH2954,"  Keer, Borra and Hayre  ",7011,Hotels,private_limited,LDH,Punjab,23/12/2025,,Live,-1556.07
mch3698,Khanna-Bail,05912,Medical,PARTNERSHIP,lucknow,Uttar Pradesh,2024/11/10,NA,Enabled,2901.24
MCH4984,Rege-Mane,07011,HOTEL_LODGING,INDIVIDUAL,bengaluru,Karnataka,14-Aug-2023,NA,Disabled,-693.28
MCH 9350,SINGH-SANE,5411,kirana,PRIVATE_LIMITED,LDH,Punjab,13/04/2023,1346716181,Enabled,840.43
MCH 7031,Chander Inc,4814,Telecom,Private Limited,Poona,Maharashtra,28/09/2025,XXXX5142,A,1538.5
MCH4917,"Bhat, Saha and Wable",4131,TRAVEL,private_limited,Jaipur,Rajasthan,14/04/2025,XXXX6979,Enabled,"6,159.51"
MCH9831,Kala-Wason,5942.0,Stationery,INDIVIDUAL,chennai,Tamil Nadu,21/09/2024,XXXX7493,A,1222.6
MCH6856,"  Dalal, Morar and Gala  ",07011,Hospitality,PRIVATE-LIMITED,Madras,Tamil Nadu,2025-11-18 11:40:38,XXXX3477,Active,-1373.13
MCH8239,"Brahmbhatt, 0ak and Dhar",5411,Grocery,partnership,Jaipur,Rajasthan,2025-05-19 21:53:30,NA,A,Rs. 266
MCH4477,"Ray, Agate and Som",4814,Telecom,PARTNERSHIP,Amritsar,Punjab,2025-01-27 15:16:06,3942164768,Live,"3,504.19"
mch5587,Pau-Gour,5812,Food,Private Limited,Pune,Maharashtra,1760386442,AIKN3298712438615,Active,INR 246.08
MCH5874,Mann-Ma11ick,07011,Hotel,PARTNERSHIP,Delhi,Delhi,29/11/2023,7898379818,Live,"Rs. 1,160"
MCH4243,"Ramesh, Venkatesh and Ravel",5311,Retail,sole_proprietor,amritsar,Punjab,2025/06/24,NA,A,₹133.28
MCH7016,Ratti PLC,4131,TRAVEL,PARTNERSHIP,LKO,Uttar Pradesh,2025-10-18 02:35:27,HWTR3220006102269,Enabled,319.94
MCH9174,"Chander, Goswami and Butala",MCC-7011,Hospitality,Partnership,Jalandar,Punjab,14/06/2024 12:24 PM,1722137543,Enabled,914.67
mch8308,Thakkar PLC,UNKNOWN,HOTEL_LODGING,SOLE-PROPRIETOR,mumbai,Maharashtra,06/06/2023 09:51 PM,LHVQ2811292052937,Enabled,"Rs. 1,612"
MCH2726,sant-sani,5411,Grocery,Individual,Lucknow,Uttar Pradesh,28-Jan-2024,NA,Blocked,"₹2,020.62"
MCH7257,"  Nagi, Gera and Bedi  ",5999,Miscellaneous,Sole Proprietor,JPR,Rajasthan,29/10/2023 03:03 AM,,Enabled,786.7
3181,"Kothari, Sengupta and Sandal",4131,Bus/Taxi,PRIVATE_LIMITED,Lucknow,Uttar Pradesh,06/12/2025 11:52 PM,NA,Live,"₹9,001.75"
MCH5797,Sami Ltd,5942,Books,Individual,jalandhar,Punjab,2024-03-05 15:38:56,YJXP8191139167716,A,INR 651.76
MCH1994,"Naik, Bhasin and Virk",7011,HOTEL_LODGING,SOLE-PROPRIETOR,ASR,Punjab,1727180225,3176426647,Enabled,886.83
MCH4048,"Lall, Kara and Uppal",05812,Food,PARTNERSHIP,Jalandar,Punjab,2024/06/14,,Closed,"INR 1,748.00"
mch4371,Chahal-Chaudhari,4814,phone service,Sole Proprietor,ludhiana,Punjab,20-Jan-2025,,Suspended,219.82
MCH1833,"Sabharwal, Chopra and Nayar",4131.0,transprt,PRIVATE-LIMITED,Poona,Maharashtra,26/07/2023 05:30 AM,8483394590,Live,1391.53
MCH6300,Kumar PLC,5699.0,CLOTHS,PARTNERSHIP,jaipur,Rajasthan,17/04/2025,,ACTIVE,1647.52
MCH-8405,Roy Ltd,,garments,Private Limited,kolkata,West Bengal,1676325926,MAGL2579020752689,I,"INR 1,147.53"
MCH8537,Mital and Sons,5411,grocery,PARTNERSHIP,Jalandar,Punjab,14/05/2023,XXXX8286,Enabled,-3683.74
MCH6256,Rana-Walia,5812,Restaurants,SOLE-PROPRIETOR,LDH,Punjab,2025/02/27,XXXX5533,I,INR 330.34
MCH 5028,"Chhabra, Deo and Chakrabarti",7011,Hotels,partnership,Ludhiana,Punjab,14-Mar-2024,RQQO5337522783830,Closed,716.94
MCH5547,RAJU GROUP,5411,Grocery Stores,Partnership,bengaluru,Karnataka,15/04/2025,,ACTIVE,₹915.94
mch3311,Sule Ltd,5942,BOOKS_STATIONERY,SOLE_PROPRIETOR,Pune,Maharashtra,2026-01-30 17:36:53,XXXX2539,Active,1079.15
8032,  Roy-Ramesh  ,MCC-5699,garments,partnership,Bombay,Maharashtra,2025/05/24,NA,Enabled,1773.07
mch4509,"shanker, sem and varughese",4131,Bus/Taxi,SOLE_PROPRIETOR,Pune,Maharashtra,16/08/2023,NA,Active,
MCH2418,mangal-krishnamurthy,MCC-5942,Stationery,Individual,DELHI,Delhi,21/07/2024,,Enabled,436.58
MCH8297,NAYAR LTD,5912,Medical,Partnership,Calcutta,West Bengal,,5258052297,Closed,465.08
MCH2986,  Kade-Anne  ,4131,TRAVEL,PARTNERSHIP,amritsar,Punjab,29/11/2025,,Blocked,736.81
MCH3694,"Date, Naidu and Raja",5912,Pharmacies,partnership,Jalandhar,Punjab,2024-11-22 04:13:38,GPTO7610757270352,Active,"4,933.54"
mch9692,Pandey-Behl,5812.0,Restaurants,PRIVATE-LIMITED,HYDERABAD,Telangana,31/08/2024,XXXX3446,A,522.57
MCH4614,BADAMI LLC,5942,Stationery,Partnership,Jaipur,Rajasthan,1743615630,3429375766,ACTIVE,4687.53
MCH5197,AcharyaInc,4131.0,Transportation,private_limited,Jalandar,Punjab,,XXXX5691,A,₹699.94
MCH-3558,Balakrishnan LLC,5311,Department Store,SOLE-PROPRIETOR,bengaluru,Karnataka,17/06/2023 12:45 AM,XXXX0210,SUSPENDED,Rs. 918
MCH1823,"Patla, Bhasin and Parsa",,Hotel,PARTNERSHIP,Lucknow,Uttar Pradesh,15/06/2023,NA,Active,"3,003.20"
MCH3699,Lal Ltd,5999,Other,Private Limited,jaipur,Rajasthan,2023-06-25 06:53:54,MSXL7767787846316,Enabled,INR 479.97
mch8132,Jain-Peri,5912,MEDICAL_STORE,SOLE-PROPRIETOR,ludhiana,Punjab,25-Oct-2024,NA,ACTIVE,INR 594.94
MCH4401,BEDI AND SONS,5699,Fashion,partnership,Calcutta,West Bengal,2024-05-16 03:12:04,HWLG9372836696223,Active,557.79
MCH 2910,"Mall, Sankaran and Mittal",4131,bus/taxi,Private Limited,Delhi,Delhi,28-Sep-2025,XXXX0107,Inactive,"INR 3,631.28"
MCH6837,"  Wali, Upadhyay and Shukla  ",05411,Grocery Stores,Sole Proprietor,Hyderabad,Telangana,2025/05/22,MLUM4465205062232,Hold,-413.96
MCH 8559,"Gokhale, Dugal and Pradhan",5812,eating place,PRIVATE-LIMITED,pune,Maharashtra,09/07/2023,NA,S,"2,171.47"
mch7628,"Chawla, Datta and Ahuja",05411,GROCERY_STORE,partnership,Poona,Maharashtra,05/01/2024,,ACTIVE,₹979.26
3736,"Morar, Roy and Bali",,kirana,Private Limited,Ludhiana,Punjab,05-18-2023,1010746003,Active,1684.27
MCH7939,Mand LLC,5812,FOOD_SERVICES,PRIVATE_LIMITED,Bengaluru,Karnataka,2025/01/23,NA,Enabled,2096.4
MCH5156,"Bumb, Buch and R0ut",7011,HOTEL_LODGING,PRIVATE_LIMITED,mumbai,Maharashtra,11/10/2025 09:13 PM,,Enabled,1483.33
MCH3748,Bedi-Cherian,5311,Retail,Individual,Mumbay,Maharashtra,03-19-2025,XXXX2002,Hold,"₹1,343.58"
MCH7220,Rege-Sharaf,5812,Restaurants,private_limited,Amritsar,Punjab,2023/12/15,RRUP8952328372225,A,978.47
mch4135,sunder ltd,MCC-5411,Grocery,partnership,ludhiana,Punjab,28-Jan-2025,NA,A,"INR 6,745.05"
8756,Warrior Inc,5699.0,fashion,private_limited,Jalandar,Punjab,10-04-2023,9910438985,A,"INR 1,476.03"
MCH5117,BAVA-SANI,5311,Department Store,Private Limited,amritsar,Punjab,1683474989,ICYL7735321082205,Enabled,₹557.72
MCH5200,  Saha PLC  ,4131,Bus/Taxi,Private Limited,ludhiana,Punjab,11/10/2025 08:57 AM,NA,Live,INR 913.24
MCH7309,"LOKE, CHADA AND BADAL",NA,Fashion,SOLE_PROPRIETOR,ludhiana,Punjab,26/07/2023,9268725800,ACTIVE,3465.02
MCH-9847,Dube and Sons,4814,Telecom,PARTNERSHIP,DELHI,Delhi,2023-06-06 03:41:54,6626610678,ACTIVE,918.47
MCH3656,Agrawal Ltd,4814,Telecom,PRIVATE_LIMITED,ludhiana,Punjab,05-Aug-2024,XXXX7009,A,3644.12
MCH6785,rai llc,7011,HOTEL_LODGING,Sole Proprietor,Chennai,Tamil Nadu,1733042445,NA,A,2498.92
MCH4244,"DOCTOR, PILLAY AND NORI",5311,Department Store,INDIVIDUAL,LDH,Punjab,02-22-2026,8115439991,A,"2,111.57"
MCH-4163,Rajag0pa1an-Hans,MCC-5812,FOOD_SERVICES,sole_proprietor,Poona,Maharashtra,1688051589,GQKM7843504448024,ACTIVE,
MCH-4220,chaudry ltd,misc,Hotel,individual,Lucknow,Uttar Pradesh,,,Enabled,₹788.42
MCH2881,J0ha1 PLC,,FOOD_SERVICES,PARTNERSHIP,ASR,Punjab,16/05/2023 11:44 PM,WTST5086684279337,A,807.63
MCH4804,Swamy PLC,,Fashion,partnership,LKO,Uttar Pradesh,2025-01-12 09:37:41,NA,Blocked,207.24
MCH4858,MALHOTRA-DOCTOR,4814.0,TELECOM,individual,Ludhiana,Punjab,2024/11/20,4066282320,ACTIVE,"INR 7,460.92"
MCH6083,"Shah, Deep and Swaminathan",5411,GROCERY_STORE,PARTNERSHIP,amritsar,Punjab,06-28-2025,,Enabled,"Rs. 1,417"
MCH8968,Sankar-Zachariah,05411,Grocery Stores,individual,Madras,Tamil Nadu,,VDPY3965638190434,Live,"7,171.02"
mch5280,Mani-Chada,4131,Bus/Taxi,SOLE-PROPRIETOR,chennai,Tamil Nadu,18-Mar-2025,XXXX6717,Enabled,"₹1,112.24"
MCH8832,KALA LLC,,Telecom,Individual,Hyd,Telangana,10-12-2025,XXXX8743,Active,₹292.25
MCH2052,"Saraf, Maharaj and Kakar",5999,Misc Retail,INDIVIDUAL,Poona,Maharashtra,30-Jan-2025,XXXX8291,Enabled,"₹3,476.81"
MCH6947,"DESAI, DARA AND DANI",,Telecom,INDIVIDUAL,BLR,Karnataka,13/10/2023 04:09 PM,NA,A,947.15
1956,"Magar, Ramakrishnan and Dhingra",5912,MEDICAL_STORE,private_limited,LDH,Punjab,05-02-2024,XXXX9114,A,919.28
MCH9366,"Parsa, Walia and Viswanathan",5699,Clothing,INDIVIDUAL,jalandhar,Punjab,2024/11/13,XXXX5233,Live,7891.78
MCH5256,GhoshLLC,4131,Transport,INDIVIDUAL,Madras,Tamil Nadu,,ASNK4892862388041,Active,429.35
MCH9239,BALAKRISHNAN-DAS,05411,groceries,partnership,BLR,Karnataka,2025-12-11 06:31:01,EHOI0009201922607,Enabled,
MCH8055,"Gade, Dani and Daya1",5812,Restaurant,Private Limited,BLR,Karnataka,1717346011,VCUQ2055885788947,I,"₹1,539.89"
mch9377,chaudhuri plc,5699,Clothing,SOLE_PROPRIETOR,New Delhi,Delhi,04-14-2023,6784208248,A,1583.18
MCH 3564,Chadha-Sarin,5812,FOOD_SERVICES,INDIVIDUAL,LKO,Uttar Pradesh,2024/06/09,XXXX4527,ACTIVE,506.02
MCH 9720,Hayre Ltd,5942,Stationery,SOLE_PROPRIETOR,Poona,Maharashtra,24/04/2024,NA,Enabled,₹507.94
MCH4051,Desai-Tank,5812,Restaurant,PARTNERSHIP,lucknow,Uttar Pradesh,02-21-2025,XXXX7388,Enabled,Rs. 389
MCH7918,Purohit LLC,5942,BOOKS_STATIONERY,private_limited,Calcutta,West Bengal,2024/09/06,XXXX2495,ACTIVE,"Rs. 1,204"
MCH9846,"Nadig, Saran and Prabhakar",,kirana,PRIVATE_LIMITED,Amritsar,Punjab,2023/05/30,,Enabled,Rs. 672
mch7821,  Deshmukh Inc  ,,Other,partnership,Bangalore,Karnataka,01-26-2026,3967998762,A,"₹1,463.63"
MCH 1016,"CHAR, BHARGAVA AND CHAUDHARY",05812,Restaurant,PRIVATE_LIMITED,Hyd,Telangana,,TODJ2902550918108,A,"Rs. 1,933"
MCH3801,"Arya, Sachar and Khanna",5912,Pharmacy,Partnership,BLR,Karnataka,2024-01-03 13:59:47,XXXX2457,SUSPENDED,639.86
MCH-3386,Mody LLC,5311,Retail,sole_proprietor,Bombay,Maharashtra,2023/12/21,9912276450,Enabled,1737.99
MCH4831,"Raja, Rout and Singh",5411,GROCERY_STORE,INDIVIDUAL,Kolkata,West Bengal,01-09-2023,XXXX4829,Enabled,"₹1,885.15"
MCH1686,Chokshi and Sons,5942.0,Stationery,INDIVIDUAL,Bangalore,Karnataka,02-Feb-2024,,Active,"1,116.34"
MCH-9534,DESHMUKH-YADAV,7011,Hospitality,INDIVIDUAL,Hyd,Telangana,13/08/2024,XXXX7810,Active,"₹1,143.60"
MCH4342,"bhavsar, mital and garde",4131,transprt,PRIVATE_LIMITED,Kolkata,West Bengal,06-Oct-2025,NA,Suspended,-341.44
MCH-9447,Sundaram LLC,5999,Retail Other,individual,Hyderabad,Telangana,30/01/2026,XXXX5917,A,₹974.62
mch1324,"EDWIN, SAVANT AND TANDON",7011,Hotel,partnership,Bangalore,Karnataka,2026/01/26,,Active,"INR 1,192.31"
mch2264,"Sule, Sarma and Sur",5311,retail,individual,New Delhi,Delhi,2025/10/21,HGHS4575612385959,Suspended,"Rs. 4,017"
MCH 2014,Sundaram and Sons,5999,Miscellaneous,PRIVATE_LIMITED,Ludhiana,Punjab,27/01/2024,XXXX5436,A,"Rs. 4,199"
MCH1912,Keer-Mitra,04131,transprt,Sole Proprietor,Madras,Tamil Nadu,2024-10-27 18:55:18,XXXX9508,ACTIVE,3259.24
MCH2428,Suresh-Varma,4814,TELECOM,Private Limited,Hyd,Telangana,31/05/2024,XXXX3635,A,Rs. 949
MCH3383,  Muni Inc  ,5999,Other,SOLE_PROPRIETOR,delhi,Delhi,21/04/2023 10:36 PM,XXXX2845,A,"5,804.60"
MCH4692,Bhat Inc,4131,TRAVEL,Sole Proprietor,HYDERABAD,Telangana,05-06-2024,,Enabled,3808.17
MCH9704,"Wason, Upadhyay and Palla",5311,Retail,Private Limited,Mumbai,Maharashtra,11/07/2024 02:29 AM,0272024202,A,
MCH2122,"Bava, Bal and Mittal",UNKNOWN,MEDICAL_STORE,INDIVIDUAL,Pune,Maharashtra,04/01/2024,NA,Live,1119.03
mch4776,Lall Inc,05912,chemist,PRIVATE_LIMITED,amritsar,Punjab,22-Jul-2023,6483794741,A,4262.37
MCH5660,Sama LLC,UNKNOWN,CLOTHS,PRIVATE_LIMITED,LKO,Uttar Pradesh,,,ACTIVE,"₹18,060.85"
MCH3513,"Gade, Raghavan and Ben",5942,Stationery,Individual,Chennai,Tamil Nadu,21/07/2024 08:51 AM,EGJQ8131249829529,INACTIVE,"₹1,116.95"
MCH7462,"MALHOTRA, SACHDEVA AND SANT",5411,GROCERY_STORE,SOLE_PROPRIETOR,Hyderabad,Telangana,11/11/2025,EIQX3043472487822,Enabled,"INR 1,601.35"
MCH-8935,tella-bawa,4131.0,Bus/Taxi,individual,JPR,Rajasthan,2024-01-13 15:35:49,JHDG3104790925076,A,997.56
MCH9266,Nazareth Ltd,5942,Books,SOLE-PROPRIETOR,LKO,Uttar Pradesh,07/07/2023,,A,1049.97
MCH3509,Dara-Rajagopalan,5912,Pharmacies,Sole Proprietor,Kolkata,West Bengal,09/09/2023,JSXR7999494577088,A,1651.56
MCH5193,Shetty Inc,5912,chemist,partnership,amritsar,Punjab,13-Jul-2025,QQWR4601081024609,Active,-1291.02
MCH1305,Ghose-Batta,04131,Transport,individual,Hyd,Telangana,20-Dec-2025,NA,Closed,380.06
mch1162,"Anand, Mistry and Khare",5999,Miscellaneous,private_limited,New Delhi,Delhi,12-02-2025,XXXX2346,Live,"Rs. 1,311"
MCH1387,HANDA-TALWAR,4131,TRAVEL,sole_proprietor,lucknow,Uttar Pradesh,05/10/2023 03:18 AM,,Live,Rs. 754
MCH4114,Pate1 PLC,4131,transprt,PRIVATE_LIMITED,Madras,Tamil Nadu,03-17-2023,NA,A,2658.88
MCH6721,"Saran, Varughese and Savant",5912,Pharmacies,INDIVIDUAL,ludhiana,Punjab,11/11/2025,EEDF3505931890281,Live,"1,696.94"
MCH4669,Bail PLC,4131,Bus/Taxi,sole_proprietor,lucknow,Uttar Pradesh,17/09/2023,XXXX4093,Inactive,1960.77
MCH7126,Deol Ltd,5999,Other,PARTNERSHIP,delhi,Delhi,25-Jun-2025,,A,₹495.33
MCH9805,Sha-Mitter,5311,Retail,PARTNERSHIP,Jalandar,Punjab,,6239132906,Enabled,1993.26
MCH6064,"Wable, Virk and Gaba",5812,FOOD_SERVICES,Private Limited,ASR,Punjab,1749434172,0328512355,Active,5256.61
MCH 3369,Hans LLC,5942,Stationery,SOLE-PROPRIETOR,Mumbay,Maharashtra,,YCNF1081951553349,Live,"INR 3,188.62"
MCH2306,GOSWAMI INC,MCC-7011,HOTEL_LODGING,SOLE-PROPRIETOR,bengaluru,Karnataka,,4771057298,ACTIVE,"₹1,562.95"
MCH1874,"Bail, Madan and Mahal",5411,Grocery Stores,PRIVATE-LIMITED,Jalandhar,Punjab,2025-11-03 21:30:47,0723751803,Enabled,INR 928.89
MCH4939,Bath-Kumer,4814,Mobile Recharge,partnership,DELHI,Delhi,10/06/2023 12:33 PM,XXXX8414,Enabled,1620.24
MCH-4290,Venkataraman-Wadhwa,5999,Other,Individual,lucknow,Uttar Pradesh,04-16-2023,NGRS4293634400913,A,"Rs. 1,056"
MCH9143,Kibe and Sons,NA,Mobile Recharge,Individual,Jalandhar,Punjab,06-12-2025,NA,Live,INR 924.79
MCH7187,Sandhu Inc,5812,Restaurant,Individual,ASR,Punjab,,0356861723,Live,"INR 4,006.56"
MCH-9896,wali group,4814,TELECOM,SOLE-PROPRIETOR,pune,Maharashtra,15-Aug-2023,NA,Blocked,1708.02
MCH1776,Vohra and Sons,5999,Retail Other,PRIVATE_LIMITED,lucknow,Uttar Pradesh,16/06/2023,XXXX6558,Active,843.8
5147,"  Rao, Mahal and Wable  ",MCC-5999,Other,PRIVATE-LIMITED,Jalandar,Punjab,2024-09-16 08:12:00,8569345830,Live,Rs. 687
MCH9154,"PAL, DARA AND YADAV",5999.0,Retail Other,PRIVATE_LIMITED,jaipur,Rajasthan,12-Jul-2025,XXXX2752,Active,3887.81
MCH 8086,  Kala LLC  ,,groceries,Partnership,jalandhar,Punjab,12-29-2024,XXXX1156,ACTIVE,1335.85
MCH9593,Daya1 Inc,,Transportation,PARTNERSHIP,kolkata,West Bengal,06/05/2024,NA,A,2414.51
MCH3935,Majumdar-Aggarwal,5311,Department Store,PRIVATE_LIMITED,Delhi,Delhi,2024-07-07 10:50:51,5282295543,Active,3614.23
MCH3046,Walla PLC,5942,Book Store,Private Limited,Jalandhar,Punjab,12-03-2023,DJCZ8193007555479,Hold,6756.54
MCH 6308,Panchal PLC,5999,Other,PARTNERSHIP,JPR,Rajasthan,,,Active,3549.84
MCH 9822,Thaman-Parsa,5311,Department Store,PRIVATE_LIMITED,bengaluru,Karnataka,,0500860031,A,534.71
MCH5235,Yogi-Dutt,4131,TRAVEL,SOLE_PROPRIETOR,LDH,Punjab,2023-10-19 00:25:55,NA,Live,-1341.4
MCH5525,Nagy and Sons,7011,HOTEL_LODGING,partnership,Bangalore,Karnataka,29/01/2026 04:09 AM,EFCT6045045841970,A,"INR 1,141.10"
MCH3587,  Sagar-Raval  ,7011,hotel_lodging,partnership,Jalandar,Punjab,31/07/2024,NA,Suspended,"INR 1,064.25"
MCH1128,Natt-Keer,05999,Retail Other,SOLE-PROPRIETOR,Hyd,Telangana,1768048975,XXXX1918,ACTIVE,"₹1,028.32"
mch5317,Seth PLC,7011,HOTEL_LODGING,sole_proprietor,Bangalore,Karnataka,2023-03-01 07:27:37,NA,A,2738.46
MCH1561,Gera-Kota,5942,Books,sole_proprietor,jaipur,Rajasthan,15/06/2024,8921681390,I,Rs. 530
MCH 5932,Jani-Sathe,4814,TELECOM,PARTNERSHIP,ludhiana,Punjab,2024-10-09 04:03:57,NA,INACTIVE,"INR 2,383.64"
MCH5477,CHOPRA INC,5411,kirana,individual,LDH,Punjab,2025-01-14 15:06:24,HOQQ9340168679590,ACTIVE,878.29
MCH4401,"Misra, Sama and Shetty",4814,phone service,INDIVIDUAL,Poona,Maharashtra,10-12-2023,4220162821,A,"Rs. 4,329"
MCH9911,"Pal, Dash and Nagi",4131,Transport,INDIVIDUAL,MUMBAI,Maharashtra,28-Nov-2024,XXXX9114,Enabled,"₹1,474.73"
MCH 3461,"  Balakrishnan, Sachdeva and Sekhon  ",MCC-5999,Miscellaneous,individual,Mumbai,Maharashtra,2025-09-23 02:42:23,QTCR6301966166012,A,1049.37
MCH-3655,Batra LLC,5912,MEDICAL_STORE,SOLE_PROPRIETOR,Poona,Maharashtra,2024/08/17,NA,Live,-528.59
MCH 2263,Puri-D’Alia,5311,Department Store,PRIVATE-LIMITED,ASR,Punjab,08-29-2024,CMUQ0128896673333,ACTIVE,"2,781.79"
MCH9001,Mangat-Sachar,04814,Mobile Recharge,Individual,Kolkata,West Bengal,11-09-2023,MHGZ0836129052576,A,₹805.62
MCH6595,More-Sharma,7011,Hotel,SOLE_PROPRIETOR,jalandhar,Punjab,12-Nov-2023,NA,ACTIVE,INR 308.54
MCH6430,prakash group,4814,TELECOM,individual,Hyd,Telangana,2025/08/05,NA,Blocked,"₹5,278.71"
1612,Salvi-Patel,05812,Restaurant,partnership,Dilli,Delhi,2023/09/05,3960939473,Suspended,1940.8
MCH9990,Mishra Inc,5912.0,MEDICAL_STORE,PRIVATE_LIMITED,Mumbay,Maharashtra,18-Feb-2023,XXXX3137,Live,₹970.05
MCH8521,Rao Ltd,5812,Food,SOLE-PROPRIETOR,jaipur,Rajasthan,05-Feb-2023,1686745515,Hold,"₹2,388.44"
MCH7631,DOSHI-VERMA,5942,BOOKS_STATIONERY,Partnership,kolkata,West Bengal,27-Jan-2024,,Live,2548.32
MCH4454,"RAMAN, MUKHERJEE AND SINHA",5942.0,BOOKS_STATIONERY,SOLE-PROPRIETOR,kolkata,West Bengal,2024-12-26 22:24:01,NRFQ4744687183200,Live,567.26
MCH5847,  Andra-Tata  ,5699,Fashion,Private Limited,Jaipur,Rajasthan,2023-01-02 11:44:45,NA,Enabled,693.92
MCH4444,Khalsa PLC,5999,Retail Other,Partnership,ludhiana,Punjab,25-May-2023,XXXX2938,A,"INR 2,332.61"
MCH7074,tripathi-nayar,,Transportation,Individual,Calcutta,West Bengal,1694812388,XXXX6196,I,3455.86
MCH4556,Bhakta Inc,5942,Book Store,PRIVATE-LIMITED,Mumbai,Maharashtra,03-Feb-2026,,A,881.89
MCH 1966,Munshi-Bath,4131,TRAVEL,private_limited,Bangalore,Karnataka,27/01/2026,,S,"₹1,858.12"
MCH6321,Chander Ltd,5999,Other,private_limited,jaipur,Rajasthan,,,A,₹380.10
MCH9119,Dyal-Salvi,4814,TELECOM,Partnership,Chennai,Tamil Nadu,20/04/2023,NA,A,"INR 6,428.96"
MCH 1509,"Rajan, Dash and Bora",,Transportation,private_limited,Amritsar,Punjab,26-Apr-2025,NA,INACTIVE,Rs. 806
MCH7566,KADE-BHATTACHARYYA,5912,Pharmacy,Individual,MUMBAI,Maharashtra,2024/12/11,NA,INACTIVE,748.55
MCH7795,Maharaj PLC,5812,Restaurant,SOLE-PROPRIETOR,amritsar,Punjab,14-Jan-2023,NA,Active,"Rs. 1,446"
mch6707,Kari Ltd,,Books,Sole Proprietor,Bangalore,Karnataka,21/06/2025,8891593046,Enabled,1949.47
9999,"KONDA, SUBRAMANIAN AND RAU",5999,Retail Other,Individual,MUMBAI,Maharashtra,16/01/2024 08:59 PM,,Active,Rs. 510
MCH2954,gour group,5912,MEDICAL_STORE,partnership,Calcutta,West Bengal,2024-02-13 21:15:01,NA,Enabled,"Rs. 1,398"
MCH1627,DUA LTD,5999,Miscellaneous,private_limited,LKO,Uttar Pradesh,31/07/2024,,A,160.25
MCH5505,Korpal Inc,4814,Telecom,INDIVIDUAL,Bombay,Maharashtra,05-05-2025,,Live,1908.25
MCH2588,datta inc,5699,Apparel,Private Limited,Jaipur,Rajasthan,2024/09/28,XXXX7714,A,311.95
MCH4187,"Tella, Hayre and Patla",5812.0,eating place,sole_proprietor,Jaipur,Rajasthan,2023/09/08,NA,SUSPENDED,"INR 2,332.84"
MCH 2470,Chadha LLC,,Retail Other,INDIVIDUAL,LKO,Uttar Pradesh,01-28-2025,DYBS8259485877528,A,INR 144.47
MCH9257,Deep-Venkataraman,7011.0,Hotels,PARTNERSHIP,ASR,Punjab,17/12/2023,AYAD9422325940628,Live,INR 705.83
3404,"parekh, lad and soman",MCC-5311,DEPT_STORE,Individual,Mumbai,Maharashtra,2023/02/16,PSMJ2500672647390,ACTIVE,-1405.46
MCH 6447,"Mody, Dara and Ray",5812,Restaurant,INDIVIDUAL,Calcutta,West Bengal,19/05/2023,XXXX4551,A,₹860.24
MCH9335,Shenoy Group,MCC-5699,garments,PARTNERSHIP,Lucknow,Uttar Pradesh,2024-07-07 04:29:20,,Active,"₹1,203.23"
MCH6974,Ramaswamy Ltd,5311,Department Stores,INDIVIDUAL,Delhi,Delhi,01-01-2026,XXXX1883,Live,"Rs. 1,499"
MCH8648,MUKHOPADHYAY PLC,4131.0,Bus/Taxi,Sole Proprietor,Mumbai,Maharashtra,21/11/2023,YHOL6648547123400,Enabled,"Rs. 1,325"
MCH2445,"Vohra, Gill and Saini",5311,DEPT_STORE,Individual,JPR,Rajasthan,01-May-2025,XXXX4477,Disabled,887.98
MCH8934,kakar group,5812,FOOD_SERVICES,SOLE-PROPRIETOR,LDH,Punjab,,WUVU9130782874849,Active,1507.45
7386,Tara PLC,5912,chemist,PRIVATE-LIMITED,Hyd,Telangana,12-17-2025,,Hold,1062.8
MCH9353,"Baral, Raj and Mishra",5411.0,kirana,PARTNERSHIP,bengaluru,Karnataka,2025-03-19 22:49:10,1787550452,A,
MCH 1960,Bail-Chand,5411,kirana,PARTNERSHIP,Hyd,Telangana,08-26-2024,XXXX7716,Active,Rs. 613
mch5067,Mangat-Pant,4814,TELECOM,Individual,Poona,Maharashtra,2024/02/27,NOGU4869470784091,A,1263.65
MCH4082,Khurana Inc,5999,Other,private_limited,delhi,Delhi,02-Jun-2023,MAKF1380226043660,Inactive,₹288.70
MCH 5637,pandit-bail,5311,Retail,Private Limited,lucknow,Uttar Pradesh,15-Sep-2024,XXXX5250,Live,₹905.79
5662,BUCH PLC,4131.0,TRAVEL,partnership,DELHI,Delhi,1674075014,9769098268,ACTIVE,2776.96
MCH8725,"SHAH, KRISHNA AND BORRA",5699,Clothing,SOLE-PROPRIETOR,lucknow,Uttar Pradesh,15/02/2024,NA,Live,-508.73
MCH4374,Venkatesh LLC,7011,Hotel,INDIVIDUAL,Jalandhar,Punjab,1736979737,,Active,418.37
MCH4131,"Goyal, Krishnamurthy and Dewan",4131,Transport,INDIVIDUAL,Jaipur,Rajasthan,24/10/2023 02:15 PM,4282467745,Inactive,319.32
4818,Trivedi-Randhawa,5411,Grocery,partnership,bengaluru,Karnataka,,XXXX9024,Enabled,"₹1,275.92"
MCH5186,"Iyer, Sarma and Issac",5311,department store,PRIVATE-LIMITED,jaipur,Rajasthan,27/03/2023 08:46 PM,WHOY9873117052427,Inactive,₹830.18
7509,Narasimhan-Naidu,5699,garments,SOLE-PROPRIETOR,Kolkata,West Bengal,29-Jul-2025,RUXH2213582281170,ACTIVE,"₹1,271.23"
MCH6992,"Srivastava, Sha and Natarajan",5812,Restaurant,Partnership,amritsar,Punjab,01-21-2026,5921074250,Active,Rs. 893
MCH-4145,"Dalal, Dass and Vaidya",5942,Book Store,sole_proprietor,Poona,Maharashtra,2025/09/16,PZMX8375142166938,Suspended,-1294.48
MCH6356,"pandit, wagle and kata",7011,Hospitality,private_limited,ASR,Punjab,1722677488,XXXX6397,Disabled,499.8
MCH 7540,Buch-Das,5311,DEPT_STORE,SOLE-PROPRIETOR,Hyd,Telangana,17-May-2025,ILTI6803944844549,ACTIVE,-2362.92
mch6020,Goda Ltd,5942,Books,SOLE_PROPRIETOR,Lucknow,Uttar Pradesh,09/01/2025,XXXX5529,A,"INR 2,555.72"
mch8921,"Palla, Kanda and Kohli",5411,Grocery Stores,INDIVIDUAL,jaipur,Rajasthan,01-Apr-2023,NA,INACTIVE,"₹1,560.65"
MCH5770,kari llc,5912,Medical,Private Limited,HYDERABAD,Telangana,1738147097,NA,Active,573.41
mch8324,Golla-Chaudhuri,7011,Hospitality,PRIVATE_LIMITED,jalandhar,Punjab,04/06/2025,NA,Enabled,
MCH5596,Biswas Group,5311,Retail,partnership,Bangalore,Karnataka,12-02-2024,MQQQ6004896266330,S,-464.03
MCH7832,"  Sodhi, Venkataraman and Kohli  ",5999,Misc Retail,INDIVIDUAL,Delhi,Delhi,1748825112,XXXX9396,Live,"₹4,116.49"
MCH6977,SATHE-JHA,5942,Book Store,INDIVIDUAL,LKO,Uttar Pradesh,06-Aug-2023,XXXX2950,Live,-1341.62
mch9472,Sankaran-Om,5699,Apparel,private_limited,delhi,Delhi,06-03-2023,OYDX9439754020828,INACTIVE,4710.1
5955,Lad-K0nda,MCC-5411,Grocery,sole_proprietor,JPR,Rajasthan,26-Jul-2023,NA,A,"1,069.21"
MCH4288,KASHYAP-PUROHIT,5699,Fashion,private_limited,JPR,Rajasthan,2025/10/08,,A,262.02
MCH8579,OM LLC,5311,Department Stores,SOLE-PROPRIETOR,BLR,Karnataka,05-10-2024,IKJV1180612753786,A,"₹3,034.67"
MCH7685,"Badal, Khurana and Bansal",5311.0,Department Stores,INDIVIDUAL,Jalandhar,Punjab,1746490768,XXXX6889,Disabled,-3304.25
MCH5217,"Kapur, Sabharwal and Chaudhuri",5311,Retail,Sole Proprietor,lucknow,Uttar Pradesh,1678222937,OZSL0162567761883,INACTIVE,INR 499.03
MCH4754,"Chhabra, Setty and Srinivasan",5699,CLOTHS,PRIVATE-LIMITED,HYDERABAD,Telangana,04/12/2023,LSCG0121828291549,I,"INR 2,016.37"
mch3778,"Bhagat, Sama and Murthy",,phone service,individual,amritsar,Punjab,2026/01/18,ETOX8271252256292,I,"2,790.66"
MCH-4544,"Som, Deshmukh and Narang",5411,kirana,Partnership,Bangalore,Karnataka,28/04/2023,,Live,"₹4,619.33"
MCH-4642,Jaggi Ltd,5411,GROCERY_STORE,PARTNERSHIP,delhi,Delhi,04-16-2024,XXXX5243,Suspended,1180.53
MCH5409,Buch Inc,5699,Apparel,SOLE-PROPRIETOR,Amritsar,Punjab,04/03/2023 12:10 AM,VIYX5305249313484,Enabled,Rs. 922
mch2681,  Mahajan and Sons  ,5699,Fashion,Sole Proprietor,Bengaluru,Karnataka,2023/03/17,XXXX6222,ACTIVE,₹721.36
MCH6099,Yadav LLC,04814,TELECOM,PARTNERSHIP,Bengaluru,Karnataka,16/06/2025,7606007756,Active,"₹4,726.00"
MCH5843,Wason and Sons,4814,Mobile Recharge,INDIVIDUAL,HYDERABAD,Telangana,2023/05/30,,I,"₹1,023.46"
MCH2816,Behl Group,05812,Food,sole_proprietor,amritsar,Punjab,02-17-2023,UHYF4970596803050,Closed,"₹5,297.33"
MCH5961,Batra Ltd,5812,Restaurant,Individual,jalandhar,Punjab,05-24-2024,CHMJ2049480871128,Live,Rs. 608
MCH 2797,Sandhu-Singh,07011,HOTEL_LODGING,Partnership,Bengaluru,Karnataka,27-May-2025,XXXX2336,Active,"1,083.54"
MCH-7621,Iyer-Mangal,5411,kirana,SOLE-PROPRIETOR,Jalandar,Punjab,2023-09-14 09:28:09,9620926226,ACTIVE,1096.69
MCH 2574,Bala and Sons,5699,Fashion,individual,DELHI,Delhi,,HZFE1194010260924,SUSPENDED,197.23
MCH1894,Shenoy-Venkatesh,05699,CLOTHS,INDIVIDUAL,Dilli,Delhi,16/09/2024 09:00 AM,CBAO3449497595676,Active,666.26
3265,Rau PLC,5311,Department Stores,partnership,Poona,Maharashtra,01/07/2023,,A,INR 843.84
MCH8967,"KAKAR, MANDAL AND SEHGAL",4814,TELECOM,private_limited,DELHI,Delhi,26/01/2024,XXXX8902,Active,-3964.67
MCH9769,Setty-Mistry,MCC-5311,Retail,PARTNERSHIP,Mumbay,Maharashtra,2023/10/31,NA,ACTIVE,301.79
MCH6445,Shere and Sons,5912,Medical,individual,Ludhiana,Punjab,2025/01/28,,A,Rs. 766
MCH8591,Dutta and Sons,MCC-5999,Misc Retail,Individual,Kolkata,West Bengal,2025/02/02,XXXX4892,Live,2731.17
MCH5851,Sani Ltd,5999,Retail Other,Partnership,Jaipur,Rajasthan,06-Feb-2023,5213441540,A,"₹1,306.04"
MCH8769,Dara-Keer,5912,Pharmacies,Private Limited,JPR,Rajasthan,29/12/2024 11:46 AM,NA,A,637.83
MCH8437,"  Kurian, Yadav and Sidhu  ",5812,eating place,partnership,ASR,Punjab,09-Sep-2024,,Enabled,1382.63
MCH8654,Bal-Rastogi,5942.0,Books,INDIVIDUAL,Lucknow,Uttar Pradesh,,OIHN1833579743530,Closed,INR 619.20
MCH5829,Mall LLC,5699,Apparel,SOLE_PROPRIETOR,Madras,Tamil Nadu,12-Jul-2023,NA,A,-940.71
MCH3321,Barad-Trivedi,,transprt,Sole Proprietor,amritsar,Punjab,19/09/2025 04:50 AM,,A,"2,096.60"
MCH8091,"TRIVEDI, VOHRA AND DASH",5812,FOOD_SERVICES,SOLE-PROPRIETOR,LDH,Punjab,03-26-2023,XXXX3774,A,1507.11
MCH6944,Amb1e-Duga1,4131,Bus/Taxi,INDIVIDUAL,Bombay,Maharashtra,2023/02/22,YQIS3275286791151,ACTIVE,"INR 1,017.42"
MCH3328,Singh-Comar,5912,MEDICAL_STORE,sole_proprietor,pune,Maharashtra,12-14-2025,XXXX6840,Active,-3993.96
MCH7272,Kulkarni-Subramanian,4131,TRAVEL,Sole Proprietor,bengaluru,Karnataka,1703149275,XXXX7890,Closed,376.69
mch9743,Sahota-Krish,5942,Stationery,private_limited,LDH,Punjab,22/05/2023,,Live,873.78
MCH3601,Deshpande-Nigam,4131,Transport,Partnership,Bengaluru,Karnataka,06/12/2024 06:21 AM,7464108463,ACTIVE,2765.11
MCH7795,"Samra, Venkataraman and Bhatti",4131,TRAVEL,PRIVATE-LIMITED,Amritsar,Punjab,08/03/2024 04:15 AM,XXXX1904,ACTIVE,723.93
MCH9456,Anne Group,5999,Misc Retail,Sole Proprietor,chennai,Tamil Nadu,2024/05/16,,Live,896.81
MCH4385,Bera-S0m,UNKNOWN,groceries,private_limited,Jalandar,Punjab,08-May-2023,XXXX8868,Active,"INR 2,548.67"
MCH2604,Sharaf-Kaur,4131,Transportation,Private Limited,Lucknow,Uttar Pradesh,30-Oct-2023,CYOT7406673710255,Enabled,"₹1,813.01"
3936,Bath Inc,5411,GROCERY_STORE,INDIVIDUAL,Lucknow,Uttar Pradesh,13-Jun-2023,,ACTIVE,879.38
MCH 5861,MANNE-CHATTERJEE,05812,Food,SOLE_PROPRIETOR,DELHI,Delhi,2024/10/28,NA,Active,₹174.45
MCH5293,Palla-Dhar,MCC-4131,TRAVEL,Private Limited,bengaluru,Karnataka,12-07-2024,DZXI0061252359392,SUSPENDED,"1,936.57"
MCH5809,Buch PLC,4131,Bus/Taxi,INDIVIDUAL,BLR,Karnataka,22/01/2025,,Live,INR 461.99
MCH9120,sood ltd,07011,Hotel,SOLE-PROPRIETOR,Mumbay,Maharashtra,24/09/2025 09:17 PM,,A,680.9
MCH7326,"Mandal, Behl and Bhattacharyya",7011,Hospitality,sole_proprietor,Chennai,Tamil Nadu,1729926471,NA,A,"1,119.05"
MCH4042,ROUT-MAHARAJ,05999,Miscellaneous,PARTNERSHIP,amritsar,Punjab,01/12/2024 06:50 AM,LYKH2325135629245,ACTIVE,696.23
MCH1216,"Agarwal, Dave and Vala",7011,hotels,SOLE-PROPRIETOR,chennai,Tamil Nadu,10-18-2024,NA,Active,2228.42
mch3384,BALA-DHALIWAL,5942,Book Store,INDIVIDUAL,Mumbai,Maharashtra,,NA,Active,635.55
mch4567,  Bhatti Inc  ,7011,Hotels,partnership,HYDERABAD,Telangana,29/03/2023,XXXX2555,Live,"INR 1,514.65"
MCH9092,Deshmukh Inc,7011,HOTEL_LODGING,Individual,jalandhar,Punjab,11-Feb-2024,PJZZ8412701337348,Closed,859.52
MCH8622,choudhry-krishna,7011,HOTEL_LODGING,Partnership,Pune,Maharashtra,2025/03/18,NA,ACTIVE,196.86
MCH5618,Mital-Sandhu,5411,Grocery Stores,PARTNERSHIP,Poona,Maharashtra,,4978324715,Live,Rs. 862
MCH 8945,"Sankar, Swamy and Char",05411,groceries,sole_proprietor,kolkata,West Bengal,26/02/2026,XXXX4564,Enabled,"Rs. 1,329"
9662,Basu-Korpal,4814,TELECOM,private_limited,Poona,Maharashtra,1694618918,WZTV1265477628451,Active,"Rs. 1,152"
MCH9229,  Anne-Parikh  ,NA,BOOKS_STATIONERY,Private Limited,jaipur,Rajasthan,10-23-2025,NA,Disabled,173.81
MCH8013,Thakkar-Vohra,5942,Books,Sole Proprietor,Bengaluru,Karnataka,06/08/2024,8058369632,Live,
MCH2418,Dasgupta-Dhingra,04131,Transport,individual,Mumbay,Maharashtra,26/01/2023,YNNK7976103050442,I,665.99
MCH2093,Ghosh-Gaba,,Misc Retail,SOLE-PROPRIETOR,Ludhiana,Punjab,05/02/2024,IJYU8161082317804,Active,"Rs. 2,389"
mch8053,CHHABRA INC,04814,telecom,individual,Hyderabad,Telangana,2023-03-29 01:53:59,XXXX7777,Enabled,"INR 1,235.44"
MCH1555,Raj LLC,5942,Stationery,individual,Pune,Maharashtra,23/04/2023,NA,A,Rs. 602
7581,"Deshpande, Butala and Jain",5699,Clothing,Private Limited,Lucknow,Uttar Pradesh,13-Aug-2024,5640516477,Active,
7930,"  Bhatt, Ganguly and Dhingra  ",5311,Department Stores,sole_proprietor,Dilli,Delhi,16/12/2025,,Blocked,"₹1,892.15"
mch2248,  Mutti-Manne  ,5812,Restaurant,PARTNERSHIP,Ludhiana,Punjab,22-Nov-2023,NA,INACTIVE,"Rs. 1,021"
MCH1840,Chahal and Sons,5942,Stationery,SOLE-PROPRIETOR,Ludhiana,Punjab,02-06-2026,XXXX9616,Live,Rs. 764
mch4495,"Nadig, Gade and Jha",5942,Book Store,partnership,Hyd,Telangana,10/05/2024 06:24 AM,NA,Live,"INR 1,329.61"
MCH1405,chandra inc,5311,Department Store,PARTNERSHIP,ludhiana,Punjab,10/02/2026,4121935460,I,"Rs. 1,248"
MCH2033,"Munshi, Sundaram and Bhasin",05699,garments,PRIVATE-LIMITED,Poona,Maharashtra,30/09/2025,XXXX3680,Active,294.83
MCH4529,Wali LLC,5999,Other,SOLE-PROPRIETOR,DELHI,Delhi,13-Feb-2023,XXXX0169,Hold,₹468.55
MCH 3233,"Dada, Pingle and Date",5699,Fashion,INDIVIDUAL,Poona,Maharashtra,23/11/2025,,Disabled,"5,434.84"
mch1573,"Tailor, Som and Soni",04814,phone service,PARTNERSHIP,jalandhar,Punjab,2023/12/11,NA,ACTIVE,540.20
MCH-8795,basak-bhavsar,5942,BOOKS_STATIONERY,SOLE_PROPRIETOR,Jaipur,Rajasthan,03-15-2024,XXXX0185,Disabled,243.16
MCH3272,Gera Group,5699.0,CLOTHS,sole_proprietor,chennai,Tamil Nadu,04/03/2023 12:44 PM,EMXM6349169987807,Enabled,"2,272.01"
MCH2223,  Dhaliwal LLC  ,4814,Mobile Recharge,individual,mumbai,Maharashtra,2024-07-14 16:20:52,XXXX3669,Live,543.88
MCH8644,M0re-L0ke,4131,Transportation,individual,ludhiana,Punjab,20/07/2025,,ACTIVE,"1,294.91"
MCH7796,"Kari, Sridhar and J0ha1",5411.0,kirana,Partnership,Poona,Maharashtra,09/12/2024,5623137802,Active,489.31
6666,"atwal, sahni and baral",5311,Retail,PRIVATE_LIMITED,mumbai,Maharashtra,03/03/2025,NA,Hold,2735.37
MCH-2188,"Sundaram, Prakash and Sheth",5699,Fashion,sole_proprietor,HYDERABAD,Telangana,02/11/2025 08:29 PM,,Active,-778.36
MCH1732,"BAL, LOKE AND CHADHA",5411,GROCERY_STORE,PRIVATE-LIMITED,Delhi,Delhi,10-24-2024,9581945425,Live,"INR 3,477.98"
MCH8492,Narayan Gr0up,4814,TELECOM,Individual,Calcutta,West Bengal,,XXXX3928,Disabled,
MCH 7991,Rastogi PLC,5942,Book Store,PARTNERSHIP,Mumbay,Maharashtra,,NA,Enabled,1076.7
MCH1816,Modi-Sinha,misc,Grocery Stores,INDIVIDUAL,HYDERABAD,Telangana,24-Nov-2023,XXXX5140,Live,
MCH1956,Sodhi PLC,MCC-5912,pharmacy,INDIVIDUAL,amritsar,Punjab,2025-09-28 15:41:51,TLKU2109519549509,Active,1459.74
MCH1343,NARASIMHAN-SHETTY,5999.0,Miscellaneous,INDIVIDUAL,kolkata,West Bengal,2023/08/18,LWCS5510064722287,Active,3443.8
MCH 8674,"Mani, Dutta and Issac",5812,Food,PRIVATE_LIMITED,chennai,Tamil Nadu,2023-05-05 15:05:33,1748773482,Live,
MCH4637,Mitter-Pandya,5411,Grocery Stores,Individual,Chennai,Tamil Nadu,09/05/2023 08:41 PM,XXXX4099,Live,2198.28
MCH7833,"Chopra, Baral and Hayre",5942,Books,sole_proprietor,HYDERABAD,Telangana,1676015614,,SUSPENDED,Rs. 648
MCH 4767,Prasad Inc,,phone service,PRIVATE-LIMITED,pune,Maharashtra,2023/06/20,NA,Disabled,789.87
MCH9298,Jain Ltd,5942,Books,SOLE_PROPRIETOR,Bangalore,Karnataka,2024-02-03 12:58:21,XXXX4996,Enabled,"INR 8,519.11"
MCH 5268,Nagy-Ravel,5999,Misc Retail,sole_proprietor,kolkata,West Bengal,10-23-2025,AMOJ0905717120034,Blocked,"₹4,125.60"
MCH-2786,"MAJUMDAR, RAMACHANDRAN AND BAVA",5699,Clothing,Private Limited,Ludhiana,Punjab,12-17-2023,,ACTIVE,"INR 1,259.46"
2020,"Gole, Bera and Patla",5912,Medical,Sole Proprietor,bengaluru,Karnataka,31/03/2024,,Live,-4119.49
mch6814,Gara-Seth,4814,TELECOM,PRIVATE_LIMITED,Jaipur,Rajasthan,07-02-2024,2121833537,ACTIVE,-1223.19
MCH6143,BARAL PLC,5411,kirana,PARTNERSHIP,Calcutta,West Bengal,2024-12-05 02:07:44,7112045329,Enabled,1054.97
MCH1336,Contractor-Dube,5912,Pharmacies,Partnership,Jalandhar,Punjab,26/05/2025,,Enabled,Rs. 885
MCH9188,Randhawa PLC,4814,Mobile Recharge,PARTNERSHIP,Jalandhar,Punjab,11/09/2024,XXXX7941,Enabled,
mch9474,"dutta, ramesh and buch",7011,Hospitality,SOLE_PROPRIETOR,Hyderabad,Telangana,13/10/2024,NA,Blocked,290.21
MCH4692,"Bhargava, Rajagopal and Karan",7011,Hotel,PRIVATE-LIMITED,New Delhi,Delhi,06/08/2024,6021368633,Active,
MCH1756,"Borah, Sura and Kunda",5411,groceries,PRIVATE-LIMITED,Jaipur,Rajasthan,21/10/2025,NA,ACTIVE,1371.78
MCH2201,"Chandra, Sen and Ray",5812,eating place,PRIVATE-LIMITED,BLR,Karnataka,2025/11/17,XXXX8373,Live,-384.1
MCH3391,Dass Inc,4131,transprt,PARTNERSHIP,Lucknow,Uttar Pradesh,,XXXX1148,A,"Rs. 1,298"
MCH1100,swamy inc,5311,retail,Partnership,Ludhiana,Punjab,17-Aug-2024,9084083237,Inactive,"2,008.22"
MCH5445,Ganesan Ltd,5311,Retail,PARTNERSHIP,Dilli,Delhi,2025/10/19,BVDS4788304098373,A,"Rs. 2,186"
MCH9276,TRIVEDI-KUNDA,5699,cloths,INDIVIDUAL,Delhi,Delhi,31/12/2025 04:58 AM,XXXX9182,Inactive,2310.01
MCH3925,Buch-Zachariah,5999,Other,partnership,amritsar,Punjab,01/03/2025 08:26 PM,BUKN1515786567969,ACTIVE,-2071.12
MCH5037,Chadha LLC,5311,DEPT_STORE,Private Limited,JPR,Rajasthan,03/05/2025,5877889834,Live,-5536.23
MCH2960,Malhotra-Buch,4131,Bus/Taxi,PRIVATE_LIMITED,chennai,Tamil Nadu,01-06-2023,XXXX6660,A,"INR 2,348.07"
mch4497,Padmanabhan Group,5812,Restaurant,Individual,MUMBAI,Maharashtra,,NA,A,"INR 2,142.62"
MCH8844,Bains PLC,,eating place,individual,delhi,Delhi,2023-08-25 11:37:14,NA,A,"INR 1,442.98"
MCH6225,"LOYAL, MANDER AND AGRAWAL",5411,Grocery,SOLE-PROPRIETOR,Kolkata,West Bengal,2023/12/17,,Enabled,INR 859.91
MCH2806,"Raman, Aggarwal and Salvi",5999.0,Retail Other,PARTNERSHIP,Hyderabad,Telangana,16/10/2024,NA,Live,"₹2,271.51"
MCH2655,"Brahmbhatt, Desai and Sangha",4814,telecom,Sole Proprietor,amritsar,Punjab,2026/01/04,4532869649,Inactive,"Rs. 3,102"
MCH8953,Sibal Group,5699,CLOTHS,PARTNERSHIP,Calcutta,West Bengal,2023/02/28,ZSUM7213589595095,Suspended,1723.81
MCH3618,"Narang, Atwal and Merchant",UNKNOWN,medical,SOLE_PROPRIETOR,Mumbai,Maharashtra,25-Jul-2023,LZII0053942814377,Active,"₹1,728.22"
mch2896,Jayaraman-Nazareth,5912,MEDICAL_STORE,PRIVATE-LIMITED,Calcutta,West Bengal,1753877442,,Enabled,1312.79
MCH2510,sathe plc,5912,chemist,Partnership,Madras,Tamil Nadu,2024-02-02 01:49:36,XXXX9018,Live,596.36
MCH 8259,Lall Group,5942.0,Stationery,sole_proprietor,Jalandhar,Punjab,13/04/2023,NA,Enabled,2667.52
MCH1364,kumar llc,5942,Stationery,partnership,Jalandar,Punjab,04-15-2023,UUOX3735339322838,ACTIVE,"INR 1,017.95"
MCH1568,Chandran Ltd,7011,HOTEL_LODGING,SOLE_PROPRIETOR,lucknow,Uttar Pradesh,04-Sep-2024,NA,Active,3618.31
MCH6950,"Bal, Swaminathan and Desai",5912,Pharmacy,PARTNERSHIP,jaipur,Rajasthan,10/04/2025 12:08 AM,XXXX4795,ACTIVE,1101.05
MCH2153,"Dara, Vala and Venkatesh",5699,CLOTHS,partnership,Madras,Tamil Nadu,2023/06/21,,Live,-1608.19
MCH4225,Karnik LLC,5699.0,CLOTHS,INDIVIDUAL,LDH,Punjab,2025-02-05 13:25:31,5426893917,Live,537.99
MCH3119,CHANA-DESHMUKH,05311,Department Stores,PRIVATE_LIMITED,Hyderabad,Telangana,02/12/2024,NA,Live,"Rs. 4,993"
MCH 9481,"Seshadri, Hora and Magar",,Mobile Recharge,sole_proprietor,Jalandhar,Punjab,09/02/2024,,A,927.01
MCH6738,  Bhavsar LLC  ,05699,Apparel,Individual,Lucknow,Uttar Pradesh,05-29-2024,NA,Active,
MCH1397,Memon LLC,,Stationery,private_limited,BLR,Karnataka,18/04/2025,XXXX0515,Live,1062.38
MCH9059,Shroff Ltd,MCC-5311,Department Store,PRIVATE_LIMITED,Jalandhar,Punjab,18/07/2023,NA,Enabled,₹399.71
MCH8329,"Halder, Panchal and Pandit",,Retail Other,INDIVIDUAL,LKO,Uttar Pradesh,10/07/2025,XXXX8898,Active,Rs. 422
MCH4086,"Kannan, Varghese and Lalla",5311,retail,private_limited,mumbai,Maharashtra,12-08-2024,0493830742,Enabled,"₹1,459.96"
MCH 4958,Dara Inc,4814,phone service,PARTNERSHIP,Pune,Maharashtra,30-Mar-2025,XXXX0462,ACTIVE,
MCH4582,Pai-Shenoy,misc,phone service,INDIVIDUAL,Poona,Maharashtra,18-Mar-2025,XXXX2537,A,"Rs. 1,857"
MCH1939,"Lal,SahniandChopra",MCC-7011,Hotels,PRIVATE_LIMITED,Ludhiana,Punjab,05/02/2026,XXXX8735,A,Rs. 509
MCH 2799,KADAKIA-NAYAK,5812,eating place,Sole Proprietor,delhi,Delhi,2025-05-04 23:51:09,LDOE2045126421896,Enabled,-249.35
MCH9353,Ray-Gaba,5812,Restaurants,Private Limited,pune,Maharashtra,21-Sep-2023,4567108215,Active,1357.72
MCH3818,Gopal-Khalsa,4814,TELECOM,PARTNERSHIP,ASR,Punjab,,NA,A,200.35
MCH1245,"Kumer, Varghese and Dhawan",NA,chemist,PARTNERSHIP,Poona,Maharashtra,23-Aug-2023,NA,A,INR 725.32
MCH4649,"Mand,DattaandSanghvi",7011,Hotels,Partnership,Ludhiana,Punjab,16/10/2024,,A,666.80
MCH6662,Din-Gour,5999,Misc Retail,INDIVIDUAL,Poona,Maharashtra,2024/02/26,XXXX2767,ACTIVE,"3,959.93"
MCH9369,Kara Group,7011,Hospitality,sole_proprietor,Calcutta,West Bengal,1720298257,NA,Live,"Rs. 2,036"
MCH3178,GanesanGroup,5699,Clothing,Individual,New Delhi,Delhi,01-Dec-2025,NA,A,Rs. 136
mch4157,Minhas-Saran,4814,Telecom,PARTNERSHIP,Bombay,Maharashtra,02-Nov-2025,,A,-2413.97
4458,"  Gola, Dixit and Banik  ",5411,GROCERY_STORE,SOLE-PROPRIETOR,Amritsar,Punjab,25-Aug-2023,XXXX8441,Enabled,991.85
MCH-8314,Chawla-Mander,MCC-4131,Transportation,partnership,Kolkata,West Bengal,07-Sep-2024,PBDO0323494203428,Active,93.33
MCH8472,Guha-Sandhu,4814.0,phone service,partnership,amritsar,Punjab,,NA,ACTIVE,"INR 1,828.57"
MCH6575,"Nagarajan, Rout and Suri",,Hospitality,individual,bengaluru,Karnataka,09-Jan-2025,NA,ACTIVE,-1355.19
MCH5929,"Natt, Iyengar and Desai",5699,Apparel,sole_proprietor,delhi,Delhi,21/02/2024,VDBK0710307689723,A,"INR 1,050.02"
MCH9434,Srinivasan-Savant,5812,Food,partnership,chennai,Tamil Nadu,2023-05-01 21:28:13,XXXX0171,Active,
MCH6582,SAGAR GROUP,05912,Pharmacies,Partnership,Calcutta,West Bengal,2023/06/09,NA,ACTIVE,"Rs. 1,999"
MCH 5015,"Pall, Mand and Balakrishnan",5812,eating place,Sole Proprietor,Lucknow,Uttar Pradesh,2024-12-23 20:34:32,9471379053,Active,2215.59
MCH6144,Ravi-Dhingra,5912,chemist,PRIVATE-LIMITED,Hyderabad,Telangana,2023/04/28,NA,Active,"Rs. 2,686"
MCH1706,"Vala, Nagarajan and Saxena",5311.0,DEPT_STORE,partnership,MUMBAI,Maharashtra,27-Aug-2023,XXXX3189,Disabled,INR 513.27
MCH4296,Varty-Varma,5999,Misc Retail,private_limited,amritsar,Punjab,24-Feb-2026,NA,ACTIVE,
MCH-7105,Saini PLC,5812,Food,partnership,kolkata,West Bengal,2023/09/17,NA,Active,₹717.73
mch7105,Mann-Oommen,04814,Telecom,Private Limited,chennai,Tamil Nadu,2025-11-09 10:45:31,,Active,461.62
MCH3069,MAGAR INC,5699,Fashion,Individual,Mumbay,Maharashtra,10-18-2024,NA,Enabled,"5,346.85"
MCH 1815,Saha-Varghese,4131,Bus/Taxi,PRIVATE_LIMITED,DELHI,Delhi,2024-04-22 07:33:36,XXXX3927,Active,846.74
8165,"Sandhu, Saran and Dhar",5999,Retail Other,Sole Proprietor,chennai,Tamil Nadu,2023/04/09,XXXX2851,INACTIVE,1269.15
MCH6598,"Banik, Halder and Sabharwal",7011,hotel_lodging,individual,mumbai,Maharashtra,02-Jun-2025,XXXX2729,Suspended,230.53
mch5044,Mahajan-Narasimhan,NA,Book Store,INDIVIDUAL,Chennai,Tamil Nadu,04/09/2025,NA,ACTIVE,"Rs. 1,148"
MCH-1941,Bath-Sunder,4814,TELECOM,Sole Proprietor,Jaipur,Rajasthan,2024/05/22,,S,
mch9012,"Bada1, Saxena and Banik",5912,Medical,SOLE_PROPRIETOR,Madras,Tamil Nadu,06-Apr-2023,BQEZ6789281493194,ACTIVE,275.88
MCH9565,Subramanian-Bakshi,4814,Mobile Recharge,PRIVATE_LIMITED,Hyderabad,Telangana,06-26-2025,XXXX4080,Closed,"1,964.93"
MCH8135,Bhakta PLC,5999,Miscellaneous,Private Limited,ASR,Punjab,09/04/2024,,A,Rs. 857
MCH5399,Agate-Wali,5999.0,Other,private_limited,Chennai,Tamil Nadu,26/12/2025,,Live,"₹1,379.64"
MCH9877,"Garde, Sabharwal and Prashad",5942,Stationery,PRIVATE-LIMITED,Hyd,Telangana,02-Mar-2024,9136330532,Live,1246.91
MCH5292,Shankar-Dhawan,5411,kirana,INDIVIDUAL,DELHI,Delhi,,XXXX7847,Active,
MCH2139,"Bali, Mahajan and Oza",05942,Stationery,sole_proprietor,Bengaluru,Karnataka,2023/02/12,XXXX2161,ACTIVE,₹512.11
mch1032,Manda-Hayer,7011,hotels,PARTNERSHIP,amritsar,Punjab,20/04/2025,XXXX4099,Inactive,INR 674.56
MCH2224,Nadig-Varma,5812,FOOD_SERVICES,PRIVATE-LIMITED,Chennai,Tamil Nadu,10-29-2025,,Active,"Rs. 2,261"
MCH7879,SAWHNEY-GODA,4814,Telecom,Individual,Jalandhar,Punjab,2023-12-30 23:35:00,NA,Active,"1,760.85"
MCH8835,"Natarajan, Hegde and Varughese",5999,Retail Other,sole_proprietor,Mumbai,Maharashtra,08/04/2025 03:21 PM,FGCL8739381455039,Enabled,523.96
MCH9356,WagleLLC,5411,groceries,partnership,Delhi,Delhi,15/09/2025,XXXX8552,Enabled,Rs. 862
MCH 9502,VYAS-HAYRE,MCC-5942,Book Store,SOLE_PROPRIETOR,mumbai,Maharashtra,03-25-2023,,A,₹777.19
MCH-4009,Batra Inc,5912,Pharmacy,Individual,Bengaluru,Karnataka,02-01-2023,XXXX5230,INACTIVE,"Rs. 1,109"
9082,"dutt, behl and sant",5311.0,DEPT_STORE,INDIVIDUAL,Hyd,Telangana,,6486570374,Active,621.31
MCH-1447,Uppal Ltd,5912,Medical,Partnership,lucknow,Uttar Pradesh,20/02/2026,NA,A,236.04
MCH3736,Goyal-Thakur,5411,kirana,Individual,Bangalore,Karnataka,08-Dec-2023,,Active,1865.39
MCH3520,"Kannan, Bail and Sundaram",5699.0,CLOTHS,sole_proprietor,LDH,Punjab,16/09/2024 08:13 AM,XXXX2156,Active,-383.3
MCH4249,Jhaveri Ltd,05812,FOOD_SERVICES,SOLE_PROPRIETOR,bengaluru,Karnataka,04/01/2024 01:29 AM,,ACTIVE,"₹6,385.99"
MCH4752,"  Chaudhuri, Sampath and Wali  ",5311,Department Store,INDIVIDUAL,Bengaluru,Karnataka,10-Jan-2024,0013923003,A,INR 399.30
MCH1779,Char-Karnik,5699,garments,PRIVATE_LIMITED,Jaipur,Rajasthan,,2529504175,ACTIVE,"6,097.01"
MCH-1314,"Pant, Mammen and Doctor",5699,Clothing,Individual,Jaipur,Rajasthan,1699807632,,Live,"₹1,045.43"
MCH 6025,korpal-mutti,5812,Restaurants,private_limited,Delhi,Delhi,16-Feb-2024,NA,INACTIVE,"₹3,367.31"
mch1683,"Sampath, Anne and Madan",5812,FOOD_SERVICES,PARTNERSHIP,Madras,Tamil Nadu,2026/02/14,XXXX9435,Live,"₹2,458.98"
mch3446,Ganesan-Contractor,5411.0,GROCERY_STORE,SOLE-PROPRIETOR,Lucknow,Uttar Pradesh,2026-01-24 03:27:14,7922786735,INACTIVE,INR 348.14
MCH 3614,Morar-Sundaram,5812,Food,Individual,Mumbai,Maharashtra,2023/08/09,XXXX5060,ACTIVE,"₹1,484.85"
MCH5222,"Char, Warrior and Cherian",5699,Apparel,Partnership,Madras,Tamil Nadu,19/03/2024 06:57 PM,XXXX0689,I,352.83
MCH 8975,"shanker, kothari and balasubramanian",4814,TELECOM,INDIVIDUAL,Bombay,Maharashtra,2025-10-24 08:14:24,NA,ACTIVE,-1231.77
MCH-6023,DATTA PLC,5411,kirana,Partnership,LDH,Punjab,01-27-2026,6184043041,ACTIVE,2183.74
MCH7325,Chatterjee-Manda,misc,Misc Retail,Individual,kolkata,West Bengal,2023-01-04 13:43:25,8809607607,A,"Rs. 1,420"
MCH-1375,Doctor-Srinivasan,5912,chemist,private_limited,Madras,Tamil Nadu,,,A,Rs. 300
MCH 3387,Boase Ltd,04814,Mobile Recharge,Sole Proprietor,Chennai,Tamil Nadu,20/10/2024,,A,4926.8
MCH-2766,Lalla Group,MCC-4131,Transportation,PRIVATE_LIMITED,jaipur,Rajasthan,2025/02/06,9008298856,Live,"₹2,585.61"
MCH6824,"  Talwar, Ramesh and Hora  ",NA,BOOKS_STATIONERY,SOLE-PROPRIETOR,Bangalore,Karnataka,09-10-2023,XXXX8796,ACTIVE,"INR 3,249.65"
MCH9226,"Sandhu, Jha and Randhawa",5699,Clothing,individual,pune,Maharashtra,03-Dec-2024,SCBS7759924913955,ACTIVE,"5,451.11"
MCH8247,"Pandya, Muni and Hora",4814.0,phone service,Partnership,Lucknow,Uttar Pradesh,24/10/2024 08:45 AM,ODLV2829878275215,Enabled,"1,396.47"
mch9428,"  Dyal, Varma and Sachdeva  ",5999,Other,PRIVATE-LIMITED,LKO,Uttar Pradesh,,,Enabled,"1,955.23"
MCH3677,Toor and Sons,5912,MEDICAL_STORE,SOLE_PROPRIETOR,amritsar,Punjab,2025-03-03 06:28:03,XXXX6857,Active,"₹4,703.03"
mch3452,"Tandon, Oza and Sharma",5411,Grocery Stores,SOLE-PROPRIETOR,Poona,Maharashtra,04-08-2025,,Closed,-186.45
MCH9994,"Barad, Lall and Shetty",5942.0,Stationery,partnership,delhi,Delhi,2026/01/13,5940602579,Active,1588.48
MCH2839,"brar, varughese and cherian",5411,kirana,Partnership,Poona,Maharashtra,1745207983,NA,A,614.31
mch5196,Sagar-Kohli,MCC-4131,TRAVEL,Partnership,New Delhi,Delhi,14-Feb-2024,9496058139,Active,"Rs. 3,536"
MCH3415,Keer Inc,5812,Restaurant,SOLE_PROPRIETOR,Chennai,Tamil Nadu,2025-06-05 05:53:37,XXXX8129,ACTIVE,-184.25
MCH7609,"Nagy, Bhat and Chaudhuri",4131,transprt,individual,delhi,Delhi,1704923231,XXXX5106,Live,"INR 3,649.36"
MCH6360,Sur Ltd,4814,TELECOM,Partnership,pune,Maharashtra,01-13-2024,,Enabled,2499.76
MCH1593,Wali-Murthy,5999,Miscellaneous,sole_proprietor,BLR,Karnataka,1771848866,XXXX7216,Live,"₹15,388.22"
mch3270,"CHOKSHI, DASH AND SRIVASTAVA",4131,Transport,PARTNERSHIP,Chennai,Tamil Nadu,2024/10/07,NA,Active,"₹1,910.46"
7868,Chander-Ramakrishnan,5311,Department Stores,individual,pune,Maharashtra,21/09/2025 01:36 AM,XXXX9717,A,₹563.96
mch2142,"Banerjee, Ghose and Parekh",05942,BOOKS_STATIONERY,SOLE_PROPRIETOR,Delhi,Delhi,23-Aug-2024,VSPN0134800422309,A,-3367.02
MCH4245,Dua Group,4131,transprt,Partnership,Ludhiana,Punjab,2024-07-25 18:42:24,0504410036,Enabled,323.1
MCH3002,"Dey, Chopra and Vig",5699.0,Clothing,INDIVIDUAL,Ludhiana,Punjab,27-Oct-2024,7833308029,Live,761.12
MCH5052,Pillay-Bora,,Retail Other,Partnership,Hyderabad,Telangana,2024/01/04,XXXX9697,Live,"Rs. 1,127"
MCH 1134,"Shenoy, Gokhale and Soman",05411,Grocery,Individual,DELHI,Delhi,11/12/2024,KZYJ5215017385369,Live,₹284.86
MCH2258,Walia Group,5311,DEPT_STORE,SOLE_PROPRIETOR,Jalandhar,Punjab,2025/10/14,XXXX1416,ACTIVE,"INR 1,902.49"
MCH1308,SUBRAMANIAM-SHANKAR,5912,Pharmacy,PARTNERSHIP,Bengaluru,Karnataka,28-Dec-2024,RSHZ2134290298030,INACTIVE,"₹2,112.78"
MCH1770,Prabhu Inc,5411,Grocery Stores,PARTNERSHIP,kolkata,West Bengal,2026/02/19,STER3056508036813,ACTIVE,"₹1,130.22"
MCH9683,Pillai Inc,5411,Grocery,PARTNERSHIP,bengaluru,Karnataka,28-Nov-2024,NA,Suspended,1862.68
MCH 3260,Rana and Sons,5311,Retail,INDIVIDUAL,ASR,Punjab,2023/09/23,,Enabled,4589.68
MCH1953,"Banerjee, Maharaj and Rege",7011,Hotel,sole_proprietor,Jalandhar,Punjab,12-14-2025,QMMB6426177933216,Enabled,1226.94
MCH5707,De01 Gr0up,5411,kirana,Partnership,Hyderabad,Telangana,2023/09/19,NRWL7844875974966,Active,666.58
MCH3630,Chacko Ltd,5812,Restaurant,PARTNERSHIP,Mumbai,Maharashtra,11-Jun-2023,,INACTIVE,"₹2,433.39"
MCH9471,"bajaj, sandal and barad",5912,Pharmacies,Sole Proprietor,Mumbai,Maharashtra,05-23-2025,XXXX5365,ACTIVE,-457.15
MCH6570,Venkataraman Ltd,05912,Medical,PRIVATE-LIMITED,New Delhi,Delhi,2024/01/23,NA,A,332.15
mch4284,Tand0n Inc,5999,Other,partnership,Calcutta,West Bengal,2024-09-16 00:58:24,,S,-429.03
MCH2593,Gour Inc,MCC-5999,Miscellaneous,SOLE-PROPRIETOR,jalandhar,Punjab,2025/10/20,4362658883,Active,1307.82
MCH6028,"Devan, Saha and Nagar",7011,Hospitality,partnership,jalandhar,Punjab,2023-05-02 08:52:59,XXXX4040,Active,2112.02
MCH9638,"Dara, Badami and Sen",5699,garments,SOLE-PROPRIETOR,LKO,Uttar Pradesh,22-Jan-2026,,Enabled,3649.35
MCH9802,Contractor-Keer,5699,garments,INDIVIDUAL,Dilli,Delhi,2024/04/08,6197117381,Enabled,1430.48
MCH4503,"  Varghese, Hora and Narayanan  ",7011,HOTEL_LODGING,SOLE_PROPRIETOR,LDH,Punjab,,,Live,"Rs. 1,258"
MCH3842,"Walia, Khatri and Dey",4131,Transport,Individual,Ludhiana,Punjab,2023-05-20 20:08:15,NA,I,
MCH-8615,Anand Inc,05699,Apparel,partnership,chennai,Tamil Nadu,2024/11/02,NYLA3280465068444,Disabled,"Rs. 1,493"
MCH-2744,"DIVAN, NARANG AND JHAVERI",5912.0,MEDICAL_STORE,PARTNERSHIP,lucknow,Uttar Pradesh,2025-11-04 23:49:11,2199444279,Suspended,734.64
MCH7096,  Saxena-Kara  ,5942,books,partnership,Jaipur,Rajasthan,25/01/2025 02:10 AM,NA,Active,1167.73
MCH4209,GARG-GOEL,05812,Restaurants,PARTNERSHIP,Amritsar,Punjab,2025-08-02 09:42:09,VSHI3966663578716,ACTIVE,1244.58
MCH3107,KAPOOR INC,,Medical,partnership,pune,Maharashtra,10-28-2023,7807494643,Live,-1009.16
MCH-5384,  Sibal Inc  ,5411,groceries,PRIVATE_LIMITED,jaipur,Rajasthan,,,Enabled,951.53
MCH6372,"MEMON, MASTER AND OAK",5311,DEPT_STORE,PARTNERSHIP,Amritsar,Punjab,2024-02-16 01:17:00,NA,Active,-2524.29
MCH9609,  Bhatti Inc  ,5411,GROCERY_STORE,INDIVIDUAL,Hyderabad,Telangana,29/01/2026,BTIY5631851884644,SUSPENDED,1792.34
MCH8628,"char, sastry and sane",4131,Bus/Taxi,individual,pune,Maharashtra,2023-08-18 01:53:50,KLDA6853429090498,Enabled,"INR 1,108.74"
mch2598,"Dutta, Ramanathan and Date",NA,Hospitality,sole_proprietor,DELHI,Delhi,04-02-2024,XXXX9756,Enabled,INR 168.75
MCH 7448,mittal inc,04814,phone service,PRIVATE-LIMITED,Hyderabad,Telangana,07/12/2024,9231182109,Closed,760.79
MCH 6391,"SAXENA, SARMA AND MENON",5411,kirana,Individual,Hyderabad,Telangana,2023-05-31 16:32:17,,ACTIVE,Rs. 337
MCH3686,Prasad Inc,5812,Restaurants,SOLE-PROPRIETOR,mumbai,Maharashtra,04/09/2024 03:46 AM,GHWB3739951927219,Active,"1,179.14"
MCH1926,bhattacharyya-om,5311,DEPT_STORE,INDIVIDUAL,Mumbay,Maharashtra,06-16-2025,3013938494,A,"INR 2,425.42"
MCH5416,Yadav LLC,4131,transprt,Private Limited,Jalandhar,Punjab,,,Enabled,898.37
MCH8417,Bhalla-Batta,5311,Department Store,PARTNERSHIP,bengaluru,Karnataka,07/07/2025 04:05 PM,NA,Live,544.37
MCH2994,Ratta Group,4131,Transport,PARTNERSHIP,LDH,Punjab,11-14-2023,GYYN8574685496959,Live,"₹2,132.38"
MCH2344,"Purohit, Rege and Patil",,CLOTHS,private_limited,Jaipur,Rajasthan,,NA,Live,
MCH9623,Subramanian LLC,5912.0,Medical,individual,Hyd,Telangana,06-07-2025,XXXX2659,Active,1226.76
mch7804,Choudhry and Sons,5942.0,Books,sole_proprietor,LDH,Punjab,04/02/2024 08:13 PM,XXXX6038,Active,Rs. 586
3935,Natarajan-Karnik,4814,Telecom,SOLE-PROPRIETOR,delhi,Delhi,1745367810,NA,Live,₹461.40
mch1353,Lata LLC,MCC-5999,Misc Retail,INDIVIDUAL,Calcutta,West Bengal,,NA,Suspended,"₹1,213.36"
MCH6514,Lalla-Palan,5812,Restaurants,individual,Kolkata,West Bengal,2025-03-26 09:22:56,XXXX0164,Active,
MCH6379,CHANA-MAHAJAN,5942,BOOKS_STATIONERY,PRIVATE_LIMITED,BLR,Karnataka,08/08/2025 05:00 PM,XXXX7525,Live,2923.98
MCH9587,Krishnamurthy-Contractor,4814,Mobile Recharge,sole_proprietor,Calcutta,West Bengal,09-Dec-2024,XXXX7878,Enabled,211.86
MCH5133,sawhney group,misc,GROCERY_STORE,Individual,Hyderabad,Telangana,10-Dec-2024,0959364769,Enabled,"₹1,388.77"
mch5038,"din, som and bahl",,Pharmacies,PARTNERSHIP,Lucknow,Uttar Pradesh,2024/10/20,DJBJ3245727756471,ACTIVE,1056.12
4158,SASTRY INC,UNKNOWN,BOOKS_STATIONERY,PARTNERSHIP,DELHI,Delhi,08-15-2024,DAYK8556309990572,Disabled,480.93
MCH7885,Sura LLC,MCC-5699,garments,PARTNERSHIP,Lucknow,Uttar Pradesh,15/04/2025 09:52 AM,XXXX8127,Enabled,"INR 2,999.12"
MCH8475,"Karpe, Iyer and Gole",5942,Stationery,PRIVATE-LIMITED,bengaluru,Karnataka,20/04/2025,,Active,2426.04
MCH7297,Kala-Sibal,5311,Department Store,PARTNERSHIP,Chennai,Tamil Nadu,02/09/2024,UMLP7890709268939,A,2004.49
MCH6731,Wagle-Pau,5812,eating place,Private Limited,amritsar,Punjab,1758927717,,Active,"₹2,980.89"
mch6131,"Dhar, Dada and Bakshi",NA,cloths,Partnership,Bangalore,Karnataka,2024-03-10 19:58:24,4600930161,Inactive,"Rs. 1,921"
MCH5226,Tiwari-Pau,MCC-5999,Other,INDIVIDUAL,Lucknow,Uttar Pradesh,24/12/2023 02:18 AM,6912933947,Active,₹271.33
MCH2074,"  Kaur, Minhas and Ramakrishnan  ",5411,Grocery,SOLE-PROPRIETOR,HYDERABAD,Telangana,08/02/2023,4592290564,A,"Rs. 5,123"
mch8767,Golla Group,5699,garments,Sole Proprietor,Hyderabad,Telangana,05-Nov-2023,,Live,397.99
MCH2510,Kakar Group,5411,kirana,SOLE_PROPRIETOR,Hyderabad,Telangana,2024-03-29 12:22:51,XXXX3606,ACTIVE,744.85
MCH8565,"MAMMEN, MODI AND SANKAR",5812,Restaurants,sole_proprietor,JPR,Rajasthan,27/07/2024 09:42 PM,NA,Enabled,609.89
MCH8003,  Tank Ltd  ,5311,DEPT_STORE,SOLE-PROPRIETOR,HYDERABAD,Telangana,12-14-2023,RVNR6882512785280,Live,614.4
MCH5629,Dixit LLC,5311.0,Retail,PRIVATE-LIMITED,ASR,Punjab,2023-09-16 02:35:10,OIIO2318495567735,Active,1084.28
mch7379,tella-mahal,5699,CLOTHS,PARTNERSHIP,jaipur,Rajasthan,2024/03/06,OFAG5218783703549,Enabled,
MCH6861,Venkataraman Ltd,5999,Other,PRIVATE-LIMITED,MUMBAI,Maharashtra,24/07/2023 05:35 PM,2685186379,Enabled,Rs. 810
MCH 1202,KOSHY-BORDE,5311,Retail,PARTNERSHIP,Ludhiana,Punjab,2023-04-27 14:11:10,QMOB6262370066772,Live,1998.99
mch9110,Barad LLC,7011,Hospitality,individual,Lucknow,Uttar Pradesh,2024-08-01 13:01:22,XXXX8331,I,"1,477.89"
MCH6593,"Bajaj, Kha1sa and Wab1e",MCC-5699,Clothing,partnership,mumbai,Maharashtra,1730035529,XXXX6331,Active,-842.7
MCH 7156,"Sathe, Patla and Tailor",misc,DEPT_STORE,INDIVIDUAL,jaipur,Rajasthan,07-Apr-2023,3942092126,Live,2168.89
MCH6585,Bansal Ltd,5411,kirana,PRIVATE_LIMITED,mumbai,Maharashtra,25/01/2025 10:52 AM,WOEP4190245385925,Inactive,729.86
MCH4073,Gopal PLC,05812,Restaurants,individual,Jaipur,Rajasthan,1735332736,XXXX0031,Enabled,
MCH4112,Sodhi-Desai,misc,Department Store,SOLE-PROPRIETOR,Hyd,Telangana,06-Jun-2023,NA,I,"Rs. 3,193"
mch7932,Kaur-De,,kirana,SOLE-PROPRIETOR,Delhi,Delhi,20/06/2024 12:33 PM,EEPU7483825861961,Active,Rs. 883
MCH6889,Vala PLC,5311,Department Stores,SOLE_PROPRIETOR,Ludhiana,Punjab,03-Jul-2024,XXXX2033,Live,"₹2,028.13"
mch3254,Maharaj-Sharaf,5942,Stationery,PARTNERSHIP,amritsar,Punjab,03-12-2024,7494346991,Live,₹958.41
MCH4859,VASA-RAJU,5812,restaurant,SOLE_PROPRIETOR,Hyd,Telangana,1742180385,XXXX9523,Suspended,Rs. 214
MCH6935,"Sagar,BadalandJha",MCC-5912,Pharmacy,private_limited,Delhi,Delhi,2025/11/06,NA,Live,₹319.70
MCH1829,Ramaswamy Group,4131,Transport,SOLE-PROPRIETOR,Calcutta,West Bengal,15/03/2024,NA,Live,2351.23
MCH2725,"Sridhar, Jayaraman and Rajagopalan",UNKNOWN,HOTEL_LODGING,private_limited,LKO,Uttar Pradesh,,5996031822,SUSPENDED,"1,550.81"
MCH-3285,"Prasad, Luthra and Suri",5311.0,Retail,partnership,Bangalore,Karnataka,22-Feb-2023,3068852550,Live,₹669.58
MCH5009,arora-wagle,5699,garments,INDIVIDUAL,HYDERABAD,Telangana,1730911300,XXXX1307,INACTIVE,1125.91
MCH1033,Virk PLC,07011,Hospitality,INDIVIDUAL,amritsar,Punjab,08/07/2023,XXXX6158,Closed,-1825.13
MCH1128,Srinivasan Group,,GROCERY_STORE,PRIVATE-LIMITED,Madras,Tamil Nadu,2024/04/19,NA,A,-749.84
mch1587,Srivastava-Saha,5912,Pharmacies,PRIVATE-LIMITED,kolkata,West Bengal,,XXXX9260,Enabled,"Rs. 1,502"
MCH9914,"Parmar, Sekhon and Kakar",4131.0,Bus/Taxi,PRIVATE_LIMITED,amritsar,Punjab,1765769438,1204552607,ACTIVE,"INR 1,356.48"
MCH9548,Sur PLC,5912,Pharmacies,SOLE_PROPRIETOR,Bengaluru,Karnataka,08-14-2024,,A,
MCH7146,Bali PLC,4814,phone service,PRIVATE_LIMITED,HYDERABAD,Telangana,02-14-2025,6264736894,Live,8255.11
MCH6338,Dutta PLC,05311,DEPT_STORE,INDIVIDUAL,Kolkata,West Bengal,29-Jun-2024,NA,Enabled,"₹1,835.50"
MCH3780,"DASS, BATH AND HALDER",5311,Department Stores,SOLE_PROPRIETOR,Madras,Tamil Nadu,11-Feb-2024,,A,"₹2,876.39"
MCH1965,chawla-sawhney,4814,phone service,INDIVIDUAL,BLR,Karnataka,2025/08/21,,A,"4,592.95"
MCH9955,NORI-NAZARETH,5699,Fashion,SOLE_PROPRIETOR,Delhi,Delhi,2024-05-22 02:32:54,NA,Hold,₹673.27
MCH 1200,  Vora and Sons  ,,CLOTHS,private_limited,pune,Maharashtra,08-Feb-2023,MQRX2052089170910,A,"Rs. 1,072"
MCH6543,Goswami-Ray,5699,CLOTHS,PARTNERSHIP,Madras,Tamil Nadu,04-Apr-2025,XXXX9238,Enabled,"₹2,501.19"
mch1115,Nadkarni LLC,4131,transprt,Partnership,Jalandhar,Punjab,,NA,Active,"Rs. 6,943"
MCH9853,Dhar-Raval,5912,Pharmacies,Sole Proprietor,kolkata,West Bengal,,,Live,795.17
MCH9942,Choudhry-Shenoy,4814,TELECOM,partnership,ASR,Punjab,08/09/2024 09:43 AM,JYCX6599095859245,Active,1359.79
MCH4353,"Sha, Thaman and Bhasin",5699,Apparel,partnership,Lucknow,Uttar Pradesh,02/05/2024,XXXX4052,Closed,-391.43
MCH3675,Soman LLC,5999,Miscellaneous,individual,Hyderabad,Telangana,13/02/2026,,Disabled,Rs. 223
MCH8054,"Kant, Gara and Grewal",04131,Transportation,SOLE-PROPRIETOR,chennai,Tamil Nadu,12/12/2024,RGWT7200559316561,ACTIVE,
MCH9757,Venkataraman-Vig,5311,DEPT_STORE,sole_proprietor,ASR,Punjab,2025-03-26 02:02:24,,Active,-1622.73
MCH-7919,MAJUMDAR-CHANDRAN,4131,Transportation,partnership,jaipur,Rajasthan,09/12/2025 01:54 AM,ZYZN0297509951145,A,"4,626.02"
MCH9145,"  Naik, Bhargava and Cherian  ",5912,chemist,PARTNERSHIP,LKO,Uttar Pradesh,2024-06-13 09:31:54,EJTD8248302454682,Active,"INR 1,754.60"
mch3111,Cherian-G0swami,,Telecom,PRIVATE_LIMITED,Bengaluru,Karnataka,,,Live,1311.29
MCH1973,Pau-H0ra,5311,Department Stores,individual,amritsar,Punjab,23/02/2023,NA,Live,1264.21
MCH-9755,ANAND INC,5311,Department Store,PRIVATE-LIMITED,lucknow,Uttar Pradesh,09/10/2024 04:48 PM,EWFI4945547358021,A,"2,048.19"
MCH 9050,"Oza, Shukla and Chandra",7011,Hotels,INDIVIDUAL,jalandhar,Punjab,2024/05/12,XXXX1789,Active,2974.94
MCH3563,  Shan Inc  ,05912,chemist,SOLE-PROPRIETOR,bengaluru,Karnataka,2024-04-01 06:07:35,XXXX8095,A,335.55
2392,Shetty and Sons,,Grocery Stores,INDIVIDUAL,amritsar,Punjab,2025/12/18,XXXX1862,Enabled,655.01
MCH9565,"Dhar, Shukla and Chaudhary",5942,Books,individual,Chennai,Tamil Nadu,22/08/2025 01:59 PM,6503799014,ACTIVE,2205.09
MCH1153,"Johal, Suri and Rama",5999,Miscellaneous,SOLE-PROPRIETOR,kolkata,West Bengal,08-May-2023,XXXX9937,ACTIVE,₹153.84
MCH9483,"Yohannan, Ghose and Pal",5699,Clothing,PARTNERSHIP,Hyd,Telangana,2023-03-21 23:53:34,NA,Live,4425.5
MCH5665,"Parikh, Ray and Lall",5942,Stationery,PARTNERSHIP,jaipur,Rajasthan,12-Sep-2023,XXXX1393,Live,"Rs. 1,428"
MCH1233,"Upadhyay, Lall and Kala",5942,Books,private_limited,Pune,Maharashtra,2024/07/19,NA,ACTIVE,-1465.98
MCH4331,"Wali, Buch and Nagi",5699,garments,SOLE_PROPRIETOR,amritsar,Punjab,31/07/2025 08:39 PM,5107486763,INACTIVE,1154.33
mch3061,Krishnamurthy-Tandon,4131,Transportation,Partnership,pune,Maharashtra,26-Jul-2024,,ACTIVE,431.86
MCH9935,Sahni-Barad,5999,Miscellaneous,PARTNERSHIP,delhi,Delhi,12/06/2023,,Live,"Rs. 1,444"
MCH4342,S0m PLC,4814,Mobile Recharge,PRIVATE_LIMITED,jaipur,Rajasthan,08-Nov-2025,NA,Inactive,337.31
MCH1786,"Tank, Nadkarni and Srinivasan",4131.0,TRAVEL,PRIVATE-LIMITED,amritsar,Punjab,03-15-2024,DQUX6492697797570,A,353.77
MCH4115,"Bandi, Rau and Hayre",4131,Transportation,SOLE_PROPRIETOR,Jaipur,Rajasthan,05-03-2025,YBME5428003718558,S,748.37
MCH8864,Lala-Ben,5912,Pharmacies,INDIVIDUAL,Ludhiana,Punjab,28/12/2025 05:23 AM,,Live,869.20
MCH8007,hans group,4131,Bus/Taxi,SOLE-PROPRIETOR,Madras,Tamil Nadu,09/11/2023,2894393423,SUSPENDED,"₹2,825.02"
MCH1480,  Bala-Magar  ,05999,Misc Retail,INDIVIDUAL,HYDERABAD,Telangana,,,Active,
MCH2674,Rajagopalan Inc,MCC-5912,Pharmacies,partnership,amritsar,Punjab,2023/03/08,NA,Live,"Rs. 1,499"
MCH9094,"YADAV, ZACHARIA AND DUTT",05912,Pharmacy,SOLE-PROPRIETOR,ludhiana,Punjab,2023/09/24,2133770313,S,"₹1,081.32"
MCH9423,apte group,7011,Hotels,sole_proprietor,Madras,Tamil Nadu,24-Oct-2025,HHBU3998361677128,ACTIVE,3132.43
MCH9165,Batta PLC,misc,Bus/Taxi,PRIVATE-LIMITED,Madras,Tamil Nadu,06/11/2023 11:40 AM,8743490607,S,
MCH6930,Dave and Sons,,garments,PRIVATE-LIMITED,Delhi,Delhi,2025/01/17,3789755588,Live,
MCH 8616,RATTI-JHA,05699,Apparel,sole_proprietor,Pune,Maharashtra,30-May-2025,,Active,
MCH2470,Mutti-Bawa,,chemist,INDIVIDUAL,Jalandar,Punjab,12-13-2025,XXXX5194,SUSPENDED,INR 444.91
MCH2710,"Sami, Sibal and Sabharwal",4814,TELECOM,Sole Proprietor,Ludhiana,Punjab,2024/02/08,AKLL1339623695675,Active,1319.1
MCH3722,jhaveri ltd,5912,Pharmacies,PRIVATE_LIMITED,ludhiana,Punjab,29/06/2024,6603889131,A,"Rs. 4,309"
mch4382,modi-sengupta,5912.0,Pharmacies,individual,MUMBAI,Maharashtra,2025/02/15,9182714411,Enabled,650.10
MCH7191,Bhargava Ltd,05942,BOOKS_STATIONERY,Sole Proprietor,Hyd,Telangana,07-26-2023,XXXX5061,Closed,528.97
MCH6101,DORA-BAJWA,5912.0,Medical,Private Limited,Pune,Maharashtra,28/07/2025,2854493333,ACTIVE,"INR 3,328.35"
MCH 6511,"Doctor, Sur and Badal",5411,kirana,SOLE_PROPRIETOR,Pune,Maharashtra,2024-07-27 20:57:52,XXXX9778,Enabled,INR 778.51
MCH2903,Swamy-Parsa,05699,Fashion,Individual,Bombay,Maharashtra,2023/04/14,NA,Closed,"1,218.16"
MCH1443,Swamy PLC,5999.0,Misc Retail,PRIVATE-LIMITED,lucknow,Uttar Pradesh,10/06/2023,NA,Closed,₹209.63
mch8703,MODY GROUP,misc,Other,partnership,HYDERABAD,Telangana,1681011379,XXXX1194,SUSPENDED,"2,908.51"
MCH8574,vohra group,5912,MEDICAL_STORE,Individual,jaipur,Rajasthan,02-04-2026,NSHE9263060444640,Closed,-746.57
MCH4096,  Raman Inc  ,,Apparel,PRIVATE-LIMITED,Chennai,Tamil Nadu,,6736501272,Enabled,"Rs. 2,014"
MCH2060,Grover-Dugar,NA,Hotel,Individual,chennai,Tamil Nadu,2025-10-02 05:31:26,DZGT5983407724510,A,Rs. 540
MCH-9190,"Dugar, Babu and Ba1a",5812.0,Restaurant,INDIVIDUAL,Chennai,Tamil Nadu,24-Jan-2025,,A,471.43
MCH5441,Sur Group,5411,Grocery Stores,PRIVATE_LIMITED,LDH,Punjab,2023/02/08,UQUC6317470493069,Enabled,1094.34
mch8119,SubramanianandSons,,Bus/Taxi,Sole Proprietor,amritsar,Punjab,14-Jun-2023,NA,Active,1285.93
MCH1144,Morar-Rattan,5699,CLOTHS,SOLE-PROPRIETOR,jaipur,Rajasthan,2025/01/20,NA,Live,1182.28
MCH4428,Raja-Kapadia,5942,BOOKS_STATIONERY,Private Limited,Poona,Maharashtra,21-Jan-2023,4361145093,Enabled,"Rs. 3,396"
MCH8209,"Cheema, Bansal and Comar",MCC-5699,Fashion,sole_proprietor,ludhiana,Punjab,12-27-2023,WBQV3675439647595,Live,"Rs. 6,788"
MCH6555,Tata-Bajwa,MCC-5311,Retail,PARTNERSHIP,LKO,Uttar Pradesh,2023/12/24,NA,Hold,"Rs. 3,890"
MCH8456,Srinivasan and Sons,5411,kirana,Individual,Jalandar,Punjab,04/03/2023 01:45 PM,XXXX9275,Live,"Rs. 3,454"
MCH4656,Purohit-Sinha,04131,transprt,SOLE_PROPRIETOR,Lucknow,Uttar Pradesh,,9508093837,ACTIVE,1533.86
MCH7236,bhasin llc,MCC-5699,Fashion,Partnership,jalandhar,Punjab,31/01/2025,XXXX8980,Live,"Rs. 1,228"
MCH6554,vora llc,7011,Hospitality,Individual,Bengaluru,Karnataka,2024-10-06 15:25:00,NA,Inactive,"INR 3,625.66"
MCH 9032,Johal-Vaidya,5311,DEPT_STORE,PARTNERSHIP,MUMBAI,Maharashtra,07/06/2023 06:53 AM,NA,ACTIVE,₹821.89
mch2671,Mohanty-Chakrabarti,5999,Retail Other,PARTNERSHIP,Jalandhar,Punjab,1683568920,,Live,1187.55
MCH6331,"varughese, sandhu and issac",,BOOKS_STATIONERY,Individual,Hyd,Telangana,09-01-2025,NA,A,Rs. 868
MCH2126,Golla and Sons,5311,Department Store,partnership,Hyderabad,Telangana,15/04/2024,VOOP9800619907319,Enabled,Rs. 342
1391,"Kale, Shroff and Barad",7011,Hotels,Individual,Kolkata,West Bengal,31/10/2025 06:57 AM,,Blocked,"Rs. 2,757"
MCH4303,"Dhingra, Khurana and Zachariah",4814.0,Mobile Recharge,partnership,Bombay,Maharashtra,25/08/2023 03:02 AM,NA,Active,"Rs. 2,476"
MCH9881,Kalla-Tara,5411.0,Grocery,private_limited,delhi,Delhi,10/04/2025,NA,Enabled,"INR 1,174.86"
MCH7384,Ahuja Group,,DEPT_STORE,INDIVIDUAL,Dilli,Delhi,2023-05-18 02:59:53,XXXX3860,Enabled,"Rs. 1,058"
MCH4593,dube-ravel,7011,Hospitality,PARTNERSHIP,HYDERABAD,Telangana,2025/08/30,,Enabled,"Rs. 1,285"
MCH5656,Narayanan Group,4814,Mobile Recharge,Partnership,LKO,Uttar Pradesh,12/11/2023 08:59 AM,SICD4237260629825,Live,509.12
MCH-2297,Mutti and Sons,5942,BOOKS_STATIONERY,partnership,LDH,Punjab,2026-01-15 05:18:27,NA,ACTIVE,"₹1,134.74"
MCH9319,Cherian and Sons,5699,Fashion,INDIVIDUAL,jaipur,Rajasthan,03-07-2025,XXXX4972,Enabled,"INR 1,697.03"
9442,issac-batra,7011,Hospitality,PARTNERSHIP,Dilli,Delhi,2025/08/12,,Live,"1,049.17"
MCH5622,"Biswas, Shetty and Nazareth",5912.0,Pharmacy,partnership,lucknow,Uttar Pradesh,13/11/2025,NA,Enabled,"1,250.67"
MCH2037,"Kaul, Peri and Viswanathan",05311,Department Stores,Private Limited,Kolkata,West Bengal,23/09/2023 04:17 PM,,Enabled,1457.35
MCH1878,Narula Group,7011,HOTEL_LODGING,PRIVATE-LIMITED,DELHI,Delhi,2025/02/26,XXXX5015,Active,
MCH2588,"Kala, Mahajan and Kumar",5912,Pharmacy,individual,jalandhar,Punjab,2023/08/15,NA,Enabled,INR 641.02
MCH6397,  Tella-Lad  ,05912,Pharmacies,private_limited,Lucknow,Uttar Pradesh,2025/10/10,NA,Enabled,Rs. 872
MCH-7001,Das LLC,4814.0,Telecom,PRIVATE-LIMITED,kolkata,West Bengal,02/09/2025,NA,Enabled,"INR 3,255.38"
MCH4263,Kari and Sons,4814.0,Mobile Recharge,PRIVATE_LIMITED,Kolkata,West Bengal,11-27-2023,NA,Active,-616.52
MCH-1089,RANDHAWA-BARAD,05942,BOOKS_STATIONERY,INDIVIDUAL,Jalandhar,Punjab,12/06/2025,NA,Active,8714.78
MCH6167,"Chawla, Andra and Varty",4814,Telecom,PARTNERSHIP,Hyderabad,Telangana,2023/05/08,6258351219,ACTIVE,2407.62
mch7192,Nanda and Sons,,HOTEL_LODGING,Private Limited,Bangalore,Karnataka,01/02/2025 12:51 AM,4205108918,A,650.92
MCH6422,Dayal-Kapur,7011,Hotel,INDIVIDUAL,lucknow,Uttar Pradesh,17-Nov-2023,XXXX3524,I,Rs. 869
mch2279,Sarma Inc,5912,Pharmacies,private_limited,mumbai,Maharashtra,29/07/2024,CIPY5229888115398,Live,2197.82
mch3911,Bera-Pingle,05912,Pharmacy,private_limited,Hyderabad,Telangana,2023-09-13 22:36:02,NA,Closed,"₹1,548.45"
MCH2107,"wali, srinivas and vyas",5912,Pharmacies,PRIVATE-LIMITED,Madras,Tamil Nadu,29/08/2023,KNZL1450578164711,Active,₹679.27
MCH8445,CHAND INC,5999,Miscellaneous,PARTNERSHIP,JPR,Rajasthan,27/12/2025 10:31 AM,,Enabled,"₹2,873.41"
MCH3094,Bali Inc,4814,Mobile Recharge,sole_proprietor,Jalandhar,Punjab,,REUR1699185299963,Enabled,
MCH9117,"KALE, KOHLI AND CHHABRA",5942.0,Book Store,Sole Proprietor,Jalandar,Punjab,,NA,Hold,206.51
MCH7343,Dixit Ltd,5912,Pharmacy,PARTNERSHIP,JPR,Rajasthan,,XXXX6255,ACTIVE,"Rs. 3,142"
MCH6377,BalasubramanianLLC,5912,MEDICAL_STORE,Individual,Mumbai,Maharashtra,06/12/2025,LULW1753905866525,A,"1,259.93"
MCH9580,"murthy, virk and lad",,DEPT_STORE,partnership,ludhiana,Punjab,09-20-2025,,Active,1520.62
MCH5205,"Yogi, Minhas and Goda",5311,Department Store,PARTNERSHIP,ludhiana,Punjab,06-01-2025,,INACTIVE,Rs. 455
MCH8416,Kha1sa-Prashad,5411,Grocery,PRIVATE_LIMITED,New Delhi,Delhi,02/12/2023,8760894033,Active,INR 478.64
mch5245,Aggarwal Inc,5411.0,kirana,SOLE-PROPRIETOR,kolkata,West Bengal,15/07/2024,NA,A,
MCH6451,Cheema Ltd,4814,Telecom,Partnership,MUMBAI,Maharashtra,,NA,A,
MCH5611,Walia-Lad,7011,Hospitality,PARTNERSHIP,Lucknow,Uttar Pradesh,01/07/2025 06:56 AM,XXXX6019,Live,269.25
MCH9627,Randhawa Gr0up,7011,Hotel,private_limited,Madras,Tamil Nadu,1693461075,,ACTIVE,-714.24
MCH9246,"Krishna, Wable and Kanda",4814,Mobile Recharge,SOLE_PROPRIETOR,pune,Maharashtra,03-01-2023,XXXX5813,Enabled,INR 859.77
MCH 2398,"Nagarajan, Radhakrishnan and Amble",5311,Department Store,Individual,Calcutta,West Bengal,10/08/2023,UTUF0431950842048,ACTIVE,"₹3,317.39"
MCH8036,"Sarma, Madan and Pandey",5912,MEDICAL_STORE,PARTNERSHIP,mumbai,Maharashtra,2025-07-12 21:56:39,,ACTIVE,2055.77
MCH 5678,Bhat-Borra,5912,MEDICAL_STORE,Private Limited,ASR,Punjab,08/06/2024,5991796313,Live,INR 677.93
MCH 3607,Va1a-D0ra,5812,eating place,individual,LDH,Punjab,09-Nov-2024,,A,1953.09
MCH3232,Shroff-Bobal,5812.0,Restaurants,PARTNERSHIP,Kolkata,West Bengal,26/04/2024,,Enabled,613.79
MCH5835,"  Kanda, Saraf and Prashad  ",5699,Fashion,sole_proprietor,jalandhar,Punjab,2023/03/06,,A,622.64
MCH7810,  Bora-Chawla  ,,Stationery,individual,amritsar,Punjab,1681248023,WADW8907156741077,Enabled,631.58
MCH-5204,Gokhale Ltd,5411,Grocery,SOLE-PROPRIETOR,Hyd,Telangana,,IWXN3869048789492,Live,955.33
MCH8941,mutti-sharaf,7011,Hospitality,sole_proprietor,Bangalore,Karnataka,26/01/2025 07:23 PM,,ACTIVE,INR 153.27
MCH4947,"DADA, SHROFF AND LALL",misc,Apparel,INDIVIDUAL,Hyd,Telangana,17/03/2023,,A,1747.23
MCH1944,Srinivas-Singh,misc,Hotels,Individual,Mumbai,Maharashtra,27-Aug-2025,SBWS9188089804745,ACTIVE,"1,161.95"
MCH6866,Shroff PLC,05912,MEDICAL_STORE,PARTNERSHIP,Ludhiana,Punjab,16/01/2023,4290543649,Active,1819.8
MCH2971,"Garg, Merchant and Kuruvilla",05699,Fashion,INDIVIDUAL,Ludhiana,Punjab,28/08/2024,,ACTIVE,-205.16
MCH9263,"Chatterjee, Anand and Mani",5999,Retail Other,PARTNERSHIP,Calcutta,West Bengal,1714869872,,Active,INR 628.47
MCH3061,Bansal Inc,5311,Department Stores,private_limited,Madras,Tamil Nadu,2024/09/02,XXXX4596,Active,2114.75
MCH6524,  Chaudry-Lall  ,7011.0,Hotels,SOLE_PROPRIETOR,delhi,Delhi,2023/12/25,RGKG5701905439053,Disabled,
MCH5001,Prabhakar-Badami,5699,Fashion,Sole Proprietor,Calcutta,West Bengal,12-Mar-2023,GTJY4648425755583,Enabled,4621.27
MCH6530,Yogi-D’Alia,MCC-4131,Transport,private_limited,jaipur,Rajasthan,06-16-2024,,Disabled,INR 828.59
MCH5944,Dave-Bal,04131,transprt,PRIVATE-LIMITED,Mumbai,Maharashtra,18-Dec-2024,ETMK1453170948286,Active,-1778.76
mch3264,"Narayanan, Krishnan and Bail",05411,Grocery Stores,SOLE-PROPRIETOR,JPR,Rajasthan,25-Mar-2025,XXXX4525,Active,"3,885.91"
MCH5966,"Bala, Tandon and Keer",misc,Grocery Stores,INDIVIDUAL,LKO,Uttar Pradesh,02-06-2023,,Live,255.77
MCH7200,Madan PLC,5699,Fashion,INDIVIDUAL,New Delhi,Delhi,03/02/2025,4050915455,ACTIVE,190.57
MCH1249,"Garg, Saha and Rattan",MCC-5999,Other,PARTNERSHIP,jalandhar,Punjab,21-Aug-2023,NA,Active,-854.43
MCH8988,"Ratti, Rattan and Menon",5942,Stationery,PRIVATE_LIMITED,Madras,Tamil Nadu,1771703186,XXXX5339,Active,1897.88
MCH4326,Morar-Jani,7011,Hotels,partnership,LKO,Uttar Pradesh,12-14-2025,NA,Live,9768.01
MCH5567,"Apte, Sanghvi and Varkey",MCC-5812,Restaurants,partnership,Chennai,Tamil Nadu,06-05-2023,XXXX9947,I,"Rs. 2,121"
MCH2605,Swamy Inc,05812,eating place,INDIVIDUAL,Chennai,Tamil Nadu,2026/01/22,NA,I,"1,335.82"
MCH7865,Rout Inc,,Department Store,Individual,Hyderabad,Telangana,1699883824,XXXX3299,Enabled,"INR 2,187.26"
MCH1340,"Dash, Saxena and Kara",4131,Transport,private_limited,HYDERABAD,Telangana,04-03-2024,NA,INACTIVE,"INR 4,203.63"
